mtllib SM_BB_GeneratorFlywheel.mtl
o SM_BB_GeneratorFlywheel
v -5.5000 -45.0000 0.0000
v -5.5000 -44.7833 4.4108
v 5.5000 -44.7833 4.4108
v 5.5000 -45.0000 0.0000
v -5.5000 -35.8267 3.5286
v -5.5000 -36.0000 0.0000
v 5.5000 -36.0000 0.0000
v 5.5000 -35.8267 3.5286
v 5.5000 -36.0000 0.0000
v 5.5000 -45.0000 0.0000
v 5.5000 -44.7833 4.4108
v 5.5000 -35.8267 3.5286
v -5.5000 -35.8267 3.5286
v -5.5000 -44.7833 4.4108
v -5.5000 -45.0000 0.0000
v -5.5000 -36.0000 0.0000
v -5.5000 -44.7833 4.4108
v -5.5000 -44.1353 8.7791
v 5.5000 -44.1353 8.7791
v 5.5000 -44.7833 4.4108
v -5.5000 -35.3083 7.0233
v -5.5000 -35.8267 3.5286
v 5.5000 -35.8267 3.5286
v 5.5000 -35.3083 7.0233
v 5.5000 -35.8267 3.5286
v 5.5000 -44.7833 4.4108
v 5.5000 -44.1353 8.7791
v 5.5000 -35.3083 7.0233
v -5.5000 -35.3083 7.0233
v -5.5000 -44.1353 8.7791
v -5.5000 -44.7833 4.4108
v -5.5000 -35.8267 3.5286
v -5.5000 -44.1353 8.7791
v -5.5000 -43.0623 13.0628
v 5.5000 -43.0623 13.0628
v 5.5000 -44.1353 8.7791
v -5.5000 -34.4499 10.4502
v -5.5000 -35.3083 7.0233
v 5.5000 -35.3083 7.0233
v 5.5000 -34.4499 10.4502
v 5.5000 -35.3083 7.0233
v 5.5000 -44.1353 8.7791
v 5.5000 -43.0623 13.0628
v 5.5000 -34.4499 10.4502
v -5.5000 -34.4499 10.4502
v -5.5000 -43.0623 13.0628
v -5.5000 -44.1353 8.7791
v -5.5000 -35.3083 7.0233
v -5.5000 -43.0623 13.0628
v -5.5000 -41.5746 17.2208
v 5.5000 -41.5746 17.2208
v 5.5000 -43.0623 13.0628
v -5.5000 -33.2597 13.7766
v -5.5000 -34.4499 10.4502
v 5.5000 -34.4499 10.4502
v 5.5000 -33.2597 13.7766
v 5.5000 -34.4499 10.4502
v 5.5000 -43.0623 13.0628
v 5.5000 -41.5746 17.2208
v 5.5000 -33.2597 13.7766
v -5.5000 -33.2597 13.7766
v -5.5000 -41.5746 17.2208
v -5.5000 -43.0623 13.0628
v -5.5000 -34.4499 10.4502
v -5.5000 -41.5746 17.2208
v -5.5000 -39.6865 21.2129
v 5.5000 -39.6865 21.2129
v 5.5000 -41.5746 17.2208
v -5.5000 -31.7492 16.9703
v -5.5000 -33.2597 13.7766
v 5.5000 -33.2597 13.7766
v 5.5000 -31.7492 16.9703
v 5.5000 -33.2597 13.7766
v 5.5000 -41.5746 17.2208
v 5.5000 -39.6865 21.2129
v 5.5000 -31.7492 16.9703
v -5.5000 -31.7492 16.9703
v -5.5000 -39.6865 21.2129
v -5.5000 -41.5746 17.2208
v -5.5000 -33.2597 13.7766
v -5.5000 -39.6865 21.2129
v -5.5000 -37.4161 25.0007
v 5.5000 -37.4161 25.0007
v 5.5000 -39.6865 21.2129
v -5.5000 -29.9329 20.0005
v -5.5000 -31.7492 16.9703
v 5.5000 -31.7492 16.9703
v 5.5000 -29.9329 20.0005
v 5.5000 -31.7492 16.9703
v 5.5000 -39.6865 21.2129
v 5.5000 -37.4161 25.0007
v 5.5000 -29.9329 20.0005
v -5.5000 -29.9329 20.0005
v -5.5000 -37.4161 25.0007
v -5.5000 -39.6865 21.2129
v -5.5000 -31.7492 16.9703
v -5.5000 -37.4161 25.0007
v -5.5000 -34.7855 28.5477
v 5.5000 -34.7855 28.5477
v 5.5000 -37.4161 25.0007
v -5.5000 -27.8284 22.8382
v -5.5000 -29.9329 20.0005
v 5.5000 -29.9329 20.0005
v 5.5000 -27.8284 22.8382
v 5.5000 -29.9329 20.0005
v 5.5000 -37.4161 25.0007
v 5.5000 -34.7855 28.5477
v 5.5000 -27.8284 22.8382
v -5.5000 -27.8284 22.8382
v -5.5000 -34.7855 28.5477
v -5.5000 -37.4161 25.0007
v -5.5000 -29.9329 20.0005
v -5.5000 -34.7855 28.5477
v -5.5000 -31.8198 31.8198
v 5.5000 -31.8198 31.8198
v 5.5000 -34.7855 28.5477
v -5.5000 -25.4558 25.4558
v -5.5000 -27.8284 22.8382
v 5.5000 -27.8284 22.8382
v 5.5000 -25.4558 25.4558
v 5.5000 -27.8284 22.8382
v 5.5000 -34.7855 28.5477
v 5.5000 -31.8198 31.8198
v 5.5000 -25.4558 25.4558
v -5.5000 -25.4558 25.4558
v -5.5000 -31.8198 31.8198
v -5.5000 -34.7855 28.5477
v -5.5000 -27.8284 22.8382
v -5.5000 -31.8198 31.8198
v -5.5000 -28.5477 34.7855
v 5.5000 -28.5477 34.7855
v 5.5000 -31.8198 31.8198
v -5.5000 -22.8382 27.8284
v -5.5000 -25.4558 25.4558
v 5.5000 -25.4558 25.4558
v 5.5000 -22.8382 27.8284
v 5.5000 -25.4558 25.4558
v 5.5000 -31.8198 31.8198
v 5.5000 -28.5477 34.7855
v 5.5000 -22.8382 27.8284
v -5.5000 -22.8382 27.8284
v -5.5000 -28.5477 34.7855
v -5.5000 -31.8198 31.8198
v -5.5000 -25.4558 25.4558
v -5.5000 -28.5477 34.7855
v -5.5000 -25.0007 37.4161
v 5.5000 -25.0007 37.4161
v 5.5000 -28.5477 34.7855
v -5.5000 -20.0005 29.9329
v -5.5000 -22.8382 27.8284
v 5.5000 -22.8382 27.8284
v 5.5000 -20.0005 29.9329
v 5.5000 -22.8382 27.8284
v 5.5000 -28.5477 34.7855
v 5.5000 -25.0007 37.4161
v 5.5000 -20.0005 29.9329
v -5.5000 -20.0005 29.9329
v -5.5000 -25.0007 37.4161
v -5.5000 -28.5477 34.7855
v -5.5000 -22.8382 27.8284
v -5.5000 -25.0007 37.4161
v -5.5000 -21.2129 39.6865
v 5.5000 -21.2129 39.6865
v 5.5000 -25.0007 37.4161
v -5.5000 -16.9703 31.7492
v -5.5000 -20.0005 29.9329
v 5.5000 -20.0005 29.9329
v 5.5000 -16.9703 31.7492
v 5.5000 -20.0005 29.9329
v 5.5000 -25.0007 37.4161
v 5.5000 -21.2129 39.6865
v 5.5000 -16.9703 31.7492
v -5.5000 -16.9703 31.7492
v -5.5000 -21.2129 39.6865
v -5.5000 -25.0007 37.4161
v -5.5000 -20.0005 29.9329
v -5.5000 -21.2129 39.6865
v -5.5000 -17.2208 41.5746
v 5.5000 -17.2208 41.5746
v 5.5000 -21.2129 39.6865
v -5.5000 -13.7766 33.2597
v -5.5000 -16.9703 31.7492
v 5.5000 -16.9703 31.7492
v 5.5000 -13.7766 33.2597
v 5.5000 -16.9703 31.7492
v 5.5000 -21.2129 39.6865
v 5.5000 -17.2208 41.5746
v 5.5000 -13.7766 33.2597
v -5.5000 -13.7766 33.2597
v -5.5000 -17.2208 41.5746
v -5.5000 -21.2129 39.6865
v -5.5000 -16.9703 31.7492
v -5.5000 -17.2208 41.5746
v -5.5000 -13.0628 43.0623
v 5.5000 -13.0628 43.0623
v 5.5000 -17.2208 41.5746
v -5.5000 -10.4502 34.4499
v -5.5000 -13.7766 33.2597
v 5.5000 -13.7766 33.2597
v 5.5000 -10.4502 34.4499
v 5.5000 -13.7766 33.2597
v 5.5000 -17.2208 41.5746
v 5.5000 -13.0628 43.0623
v 5.5000 -10.4502 34.4499
v -5.5000 -10.4502 34.4499
v -5.5000 -13.0628 43.0623
v -5.5000 -17.2208 41.5746
v -5.5000 -13.7766 33.2597
v -5.5000 -13.0628 43.0623
v -5.5000 -8.7791 44.1353
v 5.5000 -8.7791 44.1353
v 5.5000 -13.0628 43.0623
v -5.5000 -7.0233 35.3083
v -5.5000 -10.4502 34.4499
v 5.5000 -10.4502 34.4499
v 5.5000 -7.0233 35.3083
v 5.5000 -10.4502 34.4499
v 5.5000 -13.0628 43.0623
v 5.5000 -8.7791 44.1353
v 5.5000 -7.0233 35.3083
v -5.5000 -7.0233 35.3083
v -5.5000 -8.7791 44.1353
v -5.5000 -13.0628 43.0623
v -5.5000 -10.4502 34.4499
v -5.5000 -8.7791 44.1353
v -5.5000 -4.4108 44.7833
v 5.5000 -4.4108 44.7833
v 5.5000 -8.7791 44.1353
v -5.5000 -3.5286 35.8267
v -5.5000 -7.0233 35.3083
v 5.5000 -7.0233 35.3083
v 5.5000 -3.5286 35.8267
v 5.5000 -7.0233 35.3083
v 5.5000 -8.7791 44.1353
v 5.5000 -4.4108 44.7833
v 5.5000 -3.5286 35.8267
v -5.5000 -3.5286 35.8267
v -5.5000 -4.4108 44.7833
v -5.5000 -8.7791 44.1353
v -5.5000 -7.0233 35.3083
v -5.5000 -4.4108 44.7833
v -5.5000 -0.0000 45.0000
v 5.5000 -0.0000 45.0000
v 5.5000 -4.4108 44.7833
v -5.5000 -0.0000 36.0000
v -5.5000 -3.5286 35.8267
v 5.5000 -3.5286 35.8267
v 5.5000 -0.0000 36.0000
v 5.5000 -3.5286 35.8267
v 5.5000 -4.4108 44.7833
v 5.5000 -0.0000 45.0000
v 5.5000 -0.0000 36.0000
v -5.5000 -0.0000 36.0000
v -5.5000 -0.0000 45.0000
v -5.5000 -4.4108 44.7833
v -5.5000 -3.5286 35.8267
v -5.5000 -0.0000 45.0000
v -5.5000 4.4108 44.7833
v 5.5000 4.4108 44.7833
v 5.5000 -0.0000 45.0000
v -5.5000 3.5286 35.8267
v -5.5000 -0.0000 36.0000
v 5.5000 -0.0000 36.0000
v 5.5000 3.5286 35.8267
v 5.5000 -0.0000 36.0000
v 5.5000 -0.0000 45.0000
v 5.5000 4.4108 44.7833
v 5.5000 3.5286 35.8267
v -5.5000 3.5286 35.8267
v -5.5000 4.4108 44.7833
v -5.5000 -0.0000 45.0000
v -5.5000 -0.0000 36.0000
v -5.5000 4.4108 44.7833
v -5.5000 8.7791 44.1353
v 5.5000 8.7791 44.1353
v 5.5000 4.4108 44.7833
v -5.5000 7.0233 35.3083
v -5.5000 3.5286 35.8267
v 5.5000 3.5286 35.8267
v 5.5000 7.0233 35.3083
v 5.5000 3.5286 35.8267
v 5.5000 4.4108 44.7833
v 5.5000 8.7791 44.1353
v 5.5000 7.0233 35.3083
v -5.5000 7.0233 35.3083
v -5.5000 8.7791 44.1353
v -5.5000 4.4108 44.7833
v -5.5000 3.5286 35.8267
v -5.5000 8.7791 44.1353
v -5.5000 13.0628 43.0623
v 5.5000 13.0628 43.0623
v 5.5000 8.7791 44.1353
v -5.5000 10.4502 34.4499
v -5.5000 7.0233 35.3083
v 5.5000 7.0233 35.3083
v 5.5000 10.4502 34.4499
v 5.5000 7.0233 35.3083
v 5.5000 8.7791 44.1353
v 5.5000 13.0628 43.0623
v 5.5000 10.4502 34.4499
v -5.5000 10.4502 34.4499
v -5.5000 13.0628 43.0623
v -5.5000 8.7791 44.1353
v -5.5000 7.0233 35.3083
v -5.5000 13.0628 43.0623
v -5.5000 17.2208 41.5746
v 5.5000 17.2208 41.5746
v 5.5000 13.0628 43.0623
v -5.5000 13.7766 33.2597
v -5.5000 10.4502 34.4499
v 5.5000 10.4502 34.4499
v 5.5000 13.7766 33.2597
v 5.5000 10.4502 34.4499
v 5.5000 13.0628 43.0623
v 5.5000 17.2208 41.5746
v 5.5000 13.7766 33.2597
v -5.5000 13.7766 33.2597
v -5.5000 17.2208 41.5746
v -5.5000 13.0628 43.0623
v -5.5000 10.4502 34.4499
v -5.5000 17.2208 41.5746
v -5.5000 21.2129 39.6865
v 5.5000 21.2129 39.6865
v 5.5000 17.2208 41.5746
v -5.5000 16.9703 31.7492
v -5.5000 13.7766 33.2597
v 5.5000 13.7766 33.2597
v 5.5000 16.9703 31.7492
v 5.5000 13.7766 33.2597
v 5.5000 17.2208 41.5746
v 5.5000 21.2129 39.6865
v 5.5000 16.9703 31.7492
v -5.5000 16.9703 31.7492
v -5.5000 21.2129 39.6865
v -5.5000 17.2208 41.5746
v -5.5000 13.7766 33.2597
v -5.5000 21.2129 39.6865
v -5.5000 25.0007 37.4161
v 5.5000 25.0007 37.4161
v 5.5000 21.2129 39.6865
v -5.5000 20.0005 29.9329
v -5.5000 16.9703 31.7492
v 5.5000 16.9703 31.7492
v 5.5000 20.0005 29.9329
v 5.5000 16.9703 31.7492
v 5.5000 21.2129 39.6865
v 5.5000 25.0007 37.4161
v 5.5000 20.0005 29.9329
v -5.5000 20.0005 29.9329
v -5.5000 25.0007 37.4161
v -5.5000 21.2129 39.6865
v -5.5000 16.9703 31.7492
v -5.5000 25.0007 37.4161
v -5.5000 28.5477 34.7855
v 5.5000 28.5477 34.7855
v 5.5000 25.0007 37.4161
v -5.5000 22.8382 27.8284
v -5.5000 20.0005 29.9329
v 5.5000 20.0005 29.9329
v 5.5000 22.8382 27.8284
v 5.5000 20.0005 29.9329
v 5.5000 25.0007 37.4161
v 5.5000 28.5477 34.7855
v 5.5000 22.8382 27.8284
v -5.5000 22.8382 27.8284
v -5.5000 28.5477 34.7855
v -5.5000 25.0007 37.4161
v -5.5000 20.0005 29.9329
v -5.5000 28.5477 34.7855
v -5.5000 31.8198 31.8198
v 5.5000 31.8198 31.8198
v 5.5000 28.5477 34.7855
v -5.5000 25.4558 25.4558
v -5.5000 22.8382 27.8284
v 5.5000 22.8382 27.8284
v 5.5000 25.4558 25.4558
v 5.5000 22.8382 27.8284
v 5.5000 28.5477 34.7855
v 5.5000 31.8198 31.8198
v 5.5000 25.4558 25.4558
v -5.5000 25.4558 25.4558
v -5.5000 31.8198 31.8198
v -5.5000 28.5477 34.7855
v -5.5000 22.8382 27.8284
v -5.5000 31.8198 31.8198
v -5.5000 34.7855 28.5477
v 5.5000 34.7855 28.5477
v 5.5000 31.8198 31.8198
v -5.5000 27.8284 22.8382
v -5.5000 25.4558 25.4558
v 5.5000 25.4558 25.4558
v 5.5000 27.8284 22.8382
v 5.5000 25.4558 25.4558
v 5.5000 31.8198 31.8198
v 5.5000 34.7855 28.5477
v 5.5000 27.8284 22.8382
v -5.5000 27.8284 22.8382
v -5.5000 34.7855 28.5477
v -5.5000 31.8198 31.8198
v -5.5000 25.4558 25.4558
v -5.5000 34.7855 28.5477
v -5.5000 37.4161 25.0007
v 5.5000 37.4161 25.0007
v 5.5000 34.7855 28.5477
v -5.5000 29.9329 20.0005
v -5.5000 27.8284 22.8382
v 5.5000 27.8284 22.8382
v 5.5000 29.9329 20.0005
v 5.5000 27.8284 22.8382
v 5.5000 34.7855 28.5477
v 5.5000 37.4161 25.0007
v 5.5000 29.9329 20.0005
v -5.5000 29.9329 20.0005
v -5.5000 37.4161 25.0007
v -5.5000 34.7855 28.5477
v -5.5000 27.8284 22.8382
v -5.5000 37.4161 25.0007
v -5.5000 39.6865 21.2129
v 5.5000 39.6865 21.2129
v 5.5000 37.4161 25.0007
v -5.5000 31.7492 16.9703
v -5.5000 29.9329 20.0005
v 5.5000 29.9329 20.0005
v 5.5000 31.7492 16.9703
v 5.5000 29.9329 20.0005
v 5.5000 37.4161 25.0007
v 5.5000 39.6865 21.2129
v 5.5000 31.7492 16.9703
v -5.5000 31.7492 16.9703
v -5.5000 39.6865 21.2129
v -5.5000 37.4161 25.0007
v -5.5000 29.9329 20.0005
v -5.5000 39.6865 21.2129
v -5.5000 41.5746 17.2208
v 5.5000 41.5746 17.2208
v 5.5000 39.6865 21.2129
v -5.5000 33.2597 13.7766
v -5.5000 31.7492 16.9703
v 5.5000 31.7492 16.9703
v 5.5000 33.2597 13.7766
v 5.5000 31.7492 16.9703
v 5.5000 39.6865 21.2129
v 5.5000 41.5746 17.2208
v 5.5000 33.2597 13.7766
v -5.5000 33.2597 13.7766
v -5.5000 41.5746 17.2208
v -5.5000 39.6865 21.2129
v -5.5000 31.7492 16.9703
v -5.5000 41.5746 17.2208
v -5.5000 43.0623 13.0628
v 5.5000 43.0623 13.0628
v 5.5000 41.5746 17.2208
v -5.5000 34.4499 10.4502
v -5.5000 33.2597 13.7766
v 5.5000 33.2597 13.7766
v 5.5000 34.4499 10.4502
v 5.5000 33.2597 13.7766
v 5.5000 41.5746 17.2208
v 5.5000 43.0623 13.0628
v 5.5000 34.4499 10.4502
v -5.5000 34.4499 10.4502
v -5.5000 43.0623 13.0628
v -5.5000 41.5746 17.2208
v -5.5000 33.2597 13.7766
v -5.5000 43.0623 13.0628
v -5.5000 44.1353 8.7791
v 5.5000 44.1353 8.7791
v 5.5000 43.0623 13.0628
v -5.5000 35.3083 7.0233
v -5.5000 34.4499 10.4502
v 5.5000 34.4499 10.4502
v 5.5000 35.3083 7.0233
v 5.5000 34.4499 10.4502
v 5.5000 43.0623 13.0628
v 5.5000 44.1353 8.7791
v 5.5000 35.3083 7.0233
v -5.5000 35.3083 7.0233
v -5.5000 44.1353 8.7791
v -5.5000 43.0623 13.0628
v -5.5000 34.4499 10.4502
v -5.5000 44.1353 8.7791
v -5.5000 44.7833 4.4108
v 5.5000 44.7833 4.4108
v 5.5000 44.1353 8.7791
v -5.5000 35.8267 3.5286
v -5.5000 35.3083 7.0233
v 5.5000 35.3083 7.0233
v 5.5000 35.8267 3.5286
v 5.5000 35.3083 7.0233
v 5.5000 44.1353 8.7791
v 5.5000 44.7833 4.4108
v 5.5000 35.8267 3.5286
v -5.5000 35.8267 3.5286
v -5.5000 44.7833 4.4108
v -5.5000 44.1353 8.7791
v -5.5000 35.3083 7.0233
v -5.5000 44.7833 4.4108
v -5.5000 45.0000 0.0000
v 5.5000 45.0000 0.0000
v 5.5000 44.7833 4.4108
v -5.5000 36.0000 0.0000
v -5.5000 35.8267 3.5286
v 5.5000 35.8267 3.5286
v 5.5000 36.0000 0.0000
v 5.5000 35.8267 3.5286
v 5.5000 44.7833 4.4108
v 5.5000 45.0000 0.0000
v 5.5000 36.0000 0.0000
v -5.5000 36.0000 0.0000
v -5.5000 45.0000 0.0000
v -5.5000 44.7833 4.4108
v -5.5000 35.8267 3.5286
v -5.5000 45.0000 0.0000
v -5.5000 44.7833 -4.4108
v 5.5000 44.7833 -4.4108
v 5.5000 45.0000 0.0000
v -5.5000 35.8267 -3.5286
v -5.5000 36.0000 0.0000
v 5.5000 36.0000 0.0000
v 5.5000 35.8267 -3.5286
v 5.5000 36.0000 0.0000
v 5.5000 45.0000 0.0000
v 5.5000 44.7833 -4.4108
v 5.5000 35.8267 -3.5286
v -5.5000 35.8267 -3.5286
v -5.5000 44.7833 -4.4108
v -5.5000 45.0000 0.0000
v -5.5000 36.0000 0.0000
v -5.5000 44.7833 -4.4108
v -5.5000 44.1353 -8.7791
v 5.5000 44.1353 -8.7791
v 5.5000 44.7833 -4.4108
v -5.5000 35.3083 -7.0233
v -5.5000 35.8267 -3.5286
v 5.5000 35.8267 -3.5286
v 5.5000 35.3083 -7.0233
v 5.5000 35.8267 -3.5286
v 5.5000 44.7833 -4.4108
v 5.5000 44.1353 -8.7791
v 5.5000 35.3083 -7.0233
v -5.5000 35.3083 -7.0233
v -5.5000 44.1353 -8.7791
v -5.5000 44.7833 -4.4108
v -5.5000 35.8267 -3.5286
v -5.5000 44.1353 -8.7791
v -5.5000 43.0623 -13.0628
v 5.5000 43.0623 -13.0628
v 5.5000 44.1353 -8.7791
v -5.5000 34.4499 -10.4502
v -5.5000 35.3083 -7.0233
v 5.5000 35.3083 -7.0233
v 5.5000 34.4499 -10.4502
v 5.5000 35.3083 -7.0233
v 5.5000 44.1353 -8.7791
v 5.5000 43.0623 -13.0628
v 5.5000 34.4499 -10.4502
v -5.5000 34.4499 -10.4502
v -5.5000 43.0623 -13.0628
v -5.5000 44.1353 -8.7791
v -5.5000 35.3083 -7.0233
v -5.5000 43.0623 -13.0628
v -5.5000 41.5746 -17.2208
v 5.5000 41.5746 -17.2208
v 5.5000 43.0623 -13.0628
v -5.5000 33.2597 -13.7766
v -5.5000 34.4499 -10.4502
v 5.5000 34.4499 -10.4502
v 5.5000 33.2597 -13.7766
v 5.5000 34.4499 -10.4502
v 5.5000 43.0623 -13.0628
v 5.5000 41.5746 -17.2208
v 5.5000 33.2597 -13.7766
v -5.5000 33.2597 -13.7766
v -5.5000 41.5746 -17.2208
v -5.5000 43.0623 -13.0628
v -5.5000 34.4499 -10.4502
v -5.5000 41.5746 -17.2208
v -5.5000 39.6865 -21.2129
v 5.5000 39.6865 -21.2129
v 5.5000 41.5746 -17.2208
v -5.5000 31.7492 -16.9703
v -5.5000 33.2597 -13.7766
v 5.5000 33.2597 -13.7766
v 5.5000 31.7492 -16.9703
v 5.5000 33.2597 -13.7766
v 5.5000 41.5746 -17.2208
v 5.5000 39.6865 -21.2129
v 5.5000 31.7492 -16.9703
v -5.5000 31.7492 -16.9703
v -5.5000 39.6865 -21.2129
v -5.5000 41.5746 -17.2208
v -5.5000 33.2597 -13.7766
v -5.5000 39.6865 -21.2129
v -5.5000 37.4161 -25.0007
v 5.5000 37.4161 -25.0007
v 5.5000 39.6865 -21.2129
v -5.5000 29.9329 -20.0005
v -5.5000 31.7492 -16.9703
v 5.5000 31.7492 -16.9703
v 5.5000 29.9329 -20.0005
v 5.5000 31.7492 -16.9703
v 5.5000 39.6865 -21.2129
v 5.5000 37.4161 -25.0007
v 5.5000 29.9329 -20.0005
v -5.5000 29.9329 -20.0005
v -5.5000 37.4161 -25.0007
v -5.5000 39.6865 -21.2129
v -5.5000 31.7492 -16.9703
v -5.5000 37.4161 -25.0007
v -5.5000 34.7855 -28.5477
v 5.5000 34.7855 -28.5477
v 5.5000 37.4161 -25.0007
v -5.5000 27.8284 -22.8382
v -5.5000 29.9329 -20.0005
v 5.5000 29.9329 -20.0005
v 5.5000 27.8284 -22.8382
v 5.5000 29.9329 -20.0005
v 5.5000 37.4161 -25.0007
v 5.5000 34.7855 -28.5477
v 5.5000 27.8284 -22.8382
v -5.5000 27.8284 -22.8382
v -5.5000 34.7855 -28.5477
v -5.5000 37.4161 -25.0007
v -5.5000 29.9329 -20.0005
v -5.5000 34.7855 -28.5477
v -5.5000 31.8198 -31.8198
v 5.5000 31.8198 -31.8198
v 5.5000 34.7855 -28.5477
v -5.5000 25.4558 -25.4558
v -5.5000 27.8284 -22.8382
v 5.5000 27.8284 -22.8382
v 5.5000 25.4558 -25.4558
v 5.5000 27.8284 -22.8382
v 5.5000 34.7855 -28.5477
v 5.5000 31.8198 -31.8198
v 5.5000 25.4558 -25.4558
v -5.5000 25.4558 -25.4558
v -5.5000 31.8198 -31.8198
v -5.5000 34.7855 -28.5477
v -5.5000 27.8284 -22.8382
v -5.5000 31.8198 -31.8198
v -5.5000 28.5477 -34.7855
v 5.5000 28.5477 -34.7855
v 5.5000 31.8198 -31.8198
v -5.5000 22.8382 -27.8284
v -5.5000 25.4558 -25.4558
v 5.5000 25.4558 -25.4558
v 5.5000 22.8382 -27.8284
v 5.5000 25.4558 -25.4558
v 5.5000 31.8198 -31.8198
v 5.5000 28.5477 -34.7855
v 5.5000 22.8382 -27.8284
v -5.5000 22.8382 -27.8284
v -5.5000 28.5477 -34.7855
v -5.5000 31.8198 -31.8198
v -5.5000 25.4558 -25.4558
v -5.5000 28.5477 -34.7855
v -5.5000 25.0007 -37.4161
v 5.5000 25.0007 -37.4161
v 5.5000 28.5477 -34.7855
v -5.5000 20.0005 -29.9329
v -5.5000 22.8382 -27.8284
v 5.5000 22.8382 -27.8284
v 5.5000 20.0005 -29.9329
v 5.5000 22.8382 -27.8284
v 5.5000 28.5477 -34.7855
v 5.5000 25.0007 -37.4161
v 5.5000 20.0005 -29.9329
v -5.5000 20.0005 -29.9329
v -5.5000 25.0007 -37.4161
v -5.5000 28.5477 -34.7855
v -5.5000 22.8382 -27.8284
v -5.5000 25.0007 -37.4161
v -5.5000 21.2129 -39.6865
v 5.5000 21.2129 -39.6865
v 5.5000 25.0007 -37.4161
v -5.5000 16.9703 -31.7492
v -5.5000 20.0005 -29.9329
v 5.5000 20.0005 -29.9329
v 5.5000 16.9703 -31.7492
v 5.5000 20.0005 -29.9329
v 5.5000 25.0007 -37.4161
v 5.5000 21.2129 -39.6865
v 5.5000 16.9703 -31.7492
v -5.5000 16.9703 -31.7492
v -5.5000 21.2129 -39.6865
v -5.5000 25.0007 -37.4161
v -5.5000 20.0005 -29.9329
v -5.5000 21.2129 -39.6865
v -5.5000 17.2208 -41.5746
v 5.5000 17.2208 -41.5746
v 5.5000 21.2129 -39.6865
v -5.5000 13.7766 -33.2597
v -5.5000 16.9703 -31.7492
v 5.5000 16.9703 -31.7492
v 5.5000 13.7766 -33.2597
v 5.5000 16.9703 -31.7492
v 5.5000 21.2129 -39.6865
v 5.5000 17.2208 -41.5746
v 5.5000 13.7766 -33.2597
v -5.5000 13.7766 -33.2597
v -5.5000 17.2208 -41.5746
v -5.5000 21.2129 -39.6865
v -5.5000 16.9703 -31.7492
v -5.5000 17.2208 -41.5746
v -5.5000 13.0628 -43.0623
v 5.5000 13.0628 -43.0623
v 5.5000 17.2208 -41.5746
v -5.5000 10.4502 -34.4499
v -5.5000 13.7766 -33.2597
v 5.5000 13.7766 -33.2597
v 5.5000 10.4502 -34.4499
v 5.5000 13.7766 -33.2597
v 5.5000 17.2208 -41.5746
v 5.5000 13.0628 -43.0623
v 5.5000 10.4502 -34.4499
v -5.5000 10.4502 -34.4499
v -5.5000 13.0628 -43.0623
v -5.5000 17.2208 -41.5746
v -5.5000 13.7766 -33.2597
v -5.5000 13.0628 -43.0623
v -5.5000 8.7791 -44.1353
v 5.5000 8.7791 -44.1353
v 5.5000 13.0628 -43.0623
v -5.5000 7.0233 -35.3083
v -5.5000 10.4502 -34.4499
v 5.5000 10.4502 -34.4499
v 5.5000 7.0233 -35.3083
v 5.5000 10.4502 -34.4499
v 5.5000 13.0628 -43.0623
v 5.5000 8.7791 -44.1353
v 5.5000 7.0233 -35.3083
v -5.5000 7.0233 -35.3083
v -5.5000 8.7791 -44.1353
v -5.5000 13.0628 -43.0623
v -5.5000 10.4502 -34.4499
v -5.5000 8.7791 -44.1353
v -5.5000 4.4108 -44.7833
v 5.5000 4.4108 -44.7833
v 5.5000 8.7791 -44.1353
v -5.5000 3.5286 -35.8267
v -5.5000 7.0233 -35.3083
v 5.5000 7.0233 -35.3083
v 5.5000 3.5286 -35.8267
v 5.5000 7.0233 -35.3083
v 5.5000 8.7791 -44.1353
v 5.5000 4.4108 -44.7833
v 5.5000 3.5286 -35.8267
v -5.5000 3.5286 -35.8267
v -5.5000 4.4108 -44.7833
v -5.5000 8.7791 -44.1353
v -5.5000 7.0233 -35.3083
v -5.5000 4.4108 -44.7833
v -5.5000 0.0000 -45.0000
v 5.5000 0.0000 -45.0000
v 5.5000 4.4108 -44.7833
v -5.5000 0.0000 -36.0000
v -5.5000 3.5286 -35.8267
v 5.5000 3.5286 -35.8267
v 5.5000 0.0000 -36.0000
v 5.5000 3.5286 -35.8267
v 5.5000 4.4108 -44.7833
v 5.5000 0.0000 -45.0000
v 5.5000 0.0000 -36.0000
v -5.5000 0.0000 -36.0000
v -5.5000 0.0000 -45.0000
v -5.5000 4.4108 -44.7833
v -5.5000 3.5286 -35.8267
v -5.5000 0.0000 -45.0000
v -5.5000 -4.4108 -44.7833
v 5.5000 -4.4108 -44.7833
v 5.5000 0.0000 -45.0000
v -5.5000 -3.5286 -35.8267
v -5.5000 0.0000 -36.0000
v 5.5000 0.0000 -36.0000
v 5.5000 -3.5286 -35.8267
v 5.5000 0.0000 -36.0000
v 5.5000 0.0000 -45.0000
v 5.5000 -4.4108 -44.7833
v 5.5000 -3.5286 -35.8267
v -5.5000 -3.5286 -35.8267
v -5.5000 -4.4108 -44.7833
v -5.5000 0.0000 -45.0000
v -5.5000 0.0000 -36.0000
v -5.5000 -4.4108 -44.7833
v -5.5000 -8.7791 -44.1353
v 5.5000 -8.7791 -44.1353
v 5.5000 -4.4108 -44.7833
v -5.5000 -7.0233 -35.3083
v -5.5000 -3.5286 -35.8267
v 5.5000 -3.5286 -35.8267
v 5.5000 -7.0233 -35.3083
v 5.5000 -3.5286 -35.8267
v 5.5000 -4.4108 -44.7833
v 5.5000 -8.7791 -44.1353
v 5.5000 -7.0233 -35.3083
v -5.5000 -7.0233 -35.3083
v -5.5000 -8.7791 -44.1353
v -5.5000 -4.4108 -44.7833
v -5.5000 -3.5286 -35.8267
v -5.5000 -8.7791 -44.1353
v -5.5000 -13.0628 -43.0623
v 5.5000 -13.0628 -43.0623
v 5.5000 -8.7791 -44.1353
v -5.5000 -10.4502 -34.4499
v -5.5000 -7.0233 -35.3083
v 5.5000 -7.0233 -35.3083
v 5.5000 -10.4502 -34.4499
v 5.5000 -7.0233 -35.3083
v 5.5000 -8.7791 -44.1353
v 5.5000 -13.0628 -43.0623
v 5.5000 -10.4502 -34.4499
v -5.5000 -10.4502 -34.4499
v -5.5000 -13.0628 -43.0623
v -5.5000 -8.7791 -44.1353
v -5.5000 -7.0233 -35.3083
v -5.5000 -13.0628 -43.0623
v -5.5000 -17.2208 -41.5746
v 5.5000 -17.2208 -41.5746
v 5.5000 -13.0628 -43.0623
v -5.5000 -13.7766 -33.2597
v -5.5000 -10.4502 -34.4499
v 5.5000 -10.4502 -34.4499
v 5.5000 -13.7766 -33.2597
v 5.5000 -10.4502 -34.4499
v 5.5000 -13.0628 -43.0623
v 5.5000 -17.2208 -41.5746
v 5.5000 -13.7766 -33.2597
v -5.5000 -13.7766 -33.2597
v -5.5000 -17.2208 -41.5746
v -5.5000 -13.0628 -43.0623
v -5.5000 -10.4502 -34.4499
v -5.5000 -17.2208 -41.5746
v -5.5000 -21.2129 -39.6865
v 5.5000 -21.2129 -39.6865
v 5.5000 -17.2208 -41.5746
v -5.5000 -16.9703 -31.7492
v -5.5000 -13.7766 -33.2597
v 5.5000 -13.7766 -33.2597
v 5.5000 -16.9703 -31.7492
v 5.5000 -13.7766 -33.2597
v 5.5000 -17.2208 -41.5746
v 5.5000 -21.2129 -39.6865
v 5.5000 -16.9703 -31.7492
v -5.5000 -16.9703 -31.7492
v -5.5000 -21.2129 -39.6865
v -5.5000 -17.2208 -41.5746
v -5.5000 -13.7766 -33.2597
v -5.5000 -21.2129 -39.6865
v -5.5000 -25.0007 -37.4161
v 5.5000 -25.0007 -37.4161
v 5.5000 -21.2129 -39.6865
v -5.5000 -20.0005 -29.9329
v -5.5000 -16.9703 -31.7492
v 5.5000 -16.9703 -31.7492
v 5.5000 -20.0005 -29.9329
v 5.5000 -16.9703 -31.7492
v 5.5000 -21.2129 -39.6865
v 5.5000 -25.0007 -37.4161
v 5.5000 -20.0005 -29.9329
v -5.5000 -20.0005 -29.9329
v -5.5000 -25.0007 -37.4161
v -5.5000 -21.2129 -39.6865
v -5.5000 -16.9703 -31.7492
v -5.5000 -25.0007 -37.4161
v -5.5000 -28.5477 -34.7855
v 5.5000 -28.5477 -34.7855
v 5.5000 -25.0007 -37.4161
v -5.5000 -22.8382 -27.8284
v -5.5000 -20.0005 -29.9329
v 5.5000 -20.0005 -29.9329
v 5.5000 -22.8382 -27.8284
v 5.5000 -20.0005 -29.9329
v 5.5000 -25.0007 -37.4161
v 5.5000 -28.5477 -34.7855
v 5.5000 -22.8382 -27.8284
v -5.5000 -22.8382 -27.8284
v -5.5000 -28.5477 -34.7855
v -5.5000 -25.0007 -37.4161
v -5.5000 -20.0005 -29.9329
v -5.5000 -28.5477 -34.7855
v -5.5000 -31.8198 -31.8198
v 5.5000 -31.8198 -31.8198
v 5.5000 -28.5477 -34.7855
v -5.5000 -25.4558 -25.4558
v -5.5000 -22.8382 -27.8284
v 5.5000 -22.8382 -27.8284
v 5.5000 -25.4558 -25.4558
v 5.5000 -22.8382 -27.8284
v 5.5000 -28.5477 -34.7855
v 5.5000 -31.8198 -31.8198
v 5.5000 -25.4558 -25.4558
v -5.5000 -25.4558 -25.4558
v -5.5000 -31.8198 -31.8198
v -5.5000 -28.5477 -34.7855
v -5.5000 -22.8382 -27.8284
v -5.5000 -31.8198 -31.8198
v -5.5000 -34.7855 -28.5477
v 5.5000 -34.7855 -28.5477
v 5.5000 -31.8198 -31.8198
v -5.5000 -27.8284 -22.8382
v -5.5000 -25.4558 -25.4558
v 5.5000 -25.4558 -25.4558
v 5.5000 -27.8284 -22.8382
v 5.5000 -25.4558 -25.4558
v 5.5000 -31.8198 -31.8198
v 5.5000 -34.7855 -28.5477
v 5.5000 -27.8284 -22.8382
v -5.5000 -27.8284 -22.8382
v -5.5000 -34.7855 -28.5477
v -5.5000 -31.8198 -31.8198
v -5.5000 -25.4558 -25.4558
v -5.5000 -34.7855 -28.5477
v -5.5000 -37.4161 -25.0007
v 5.5000 -37.4161 -25.0007
v 5.5000 -34.7855 -28.5477
v -5.5000 -29.9329 -20.0005
v -5.5000 -27.8284 -22.8382
v 5.5000 -27.8284 -22.8382
v 5.5000 -29.9329 -20.0005
v 5.5000 -27.8284 -22.8382
v 5.5000 -34.7855 -28.5477
v 5.5000 -37.4161 -25.0007
v 5.5000 -29.9329 -20.0005
v -5.5000 -29.9329 -20.0005
v -5.5000 -37.4161 -25.0007
v -5.5000 -34.7855 -28.5477
v -5.5000 -27.8284 -22.8382
v -5.5000 -37.4161 -25.0007
v -5.5000 -39.6865 -21.2129
v 5.5000 -39.6865 -21.2129
v 5.5000 -37.4161 -25.0007
v -5.5000 -31.7492 -16.9703
v -5.5000 -29.9329 -20.0005
v 5.5000 -29.9329 -20.0005
v 5.5000 -31.7492 -16.9703
v 5.5000 -29.9329 -20.0005
v 5.5000 -37.4161 -25.0007
v 5.5000 -39.6865 -21.2129
v 5.5000 -31.7492 -16.9703
v -5.5000 -31.7492 -16.9703
v -5.5000 -39.6865 -21.2129
v -5.5000 -37.4161 -25.0007
v -5.5000 -29.9329 -20.0005
v -5.5000 -39.6865 -21.2129
v -5.5000 -41.5746 -17.2208
v 5.5000 -41.5746 -17.2208
v 5.5000 -39.6865 -21.2129
v -5.5000 -33.2597 -13.7766
v -5.5000 -31.7492 -16.9703
v 5.5000 -31.7492 -16.9703
v 5.5000 -33.2597 -13.7766
v 5.5000 -31.7492 -16.9703
v 5.5000 -39.6865 -21.2129
v 5.5000 -41.5746 -17.2208
v 5.5000 -33.2597 -13.7766
v -5.5000 -33.2597 -13.7766
v -5.5000 -41.5746 -17.2208
v -5.5000 -39.6865 -21.2129
v -5.5000 -31.7492 -16.9703
v -5.5000 -41.5746 -17.2208
v -5.5000 -43.0623 -13.0628
v 5.5000 -43.0623 -13.0628
v 5.5000 -41.5746 -17.2208
v -5.5000 -34.4499 -10.4502
v -5.5000 -33.2597 -13.7766
v 5.5000 -33.2597 -13.7766
v 5.5000 -34.4499 -10.4502
v 5.5000 -33.2597 -13.7766
v 5.5000 -41.5746 -17.2208
v 5.5000 -43.0623 -13.0628
v 5.5000 -34.4499 -10.4502
v -5.5000 -34.4499 -10.4502
v -5.5000 -43.0623 -13.0628
v -5.5000 -41.5746 -17.2208
v -5.5000 -33.2597 -13.7766
v -5.5000 -43.0623 -13.0628
v -5.5000 -44.1353 -8.7791
v 5.5000 -44.1353 -8.7791
v 5.5000 -43.0623 -13.0628
v -5.5000 -35.3083 -7.0233
v -5.5000 -34.4499 -10.4502
v 5.5000 -34.4499 -10.4502
v 5.5000 -35.3083 -7.0233
v 5.5000 -34.4499 -10.4502
v 5.5000 -43.0623 -13.0628
v 5.5000 -44.1353 -8.7791
v 5.5000 -35.3083 -7.0233
v -5.5000 -35.3083 -7.0233
v -5.5000 -44.1353 -8.7791
v -5.5000 -43.0623 -13.0628
v -5.5000 -34.4499 -10.4502
v -5.5000 -44.1353 -8.7791
v -5.5000 -44.7833 -4.4108
v 5.5000 -44.7833 -4.4108
v 5.5000 -44.1353 -8.7791
v -5.5000 -35.8267 -3.5286
v -5.5000 -35.3083 -7.0233
v 5.5000 -35.3083 -7.0233
v 5.5000 -35.8267 -3.5286
v 5.5000 -35.3083 -7.0233
v 5.5000 -44.1353 -8.7791
v 5.5000 -44.7833 -4.4108
v 5.5000 -35.8267 -3.5286
v -5.5000 -35.8267 -3.5286
v -5.5000 -44.7833 -4.4108
v -5.5000 -44.1353 -8.7791
v -5.5000 -35.3083 -7.0233
v -5.5000 -44.7833 -4.4108
v -5.5000 -45.0000 -0.0000
v 5.5000 -45.0000 -0.0000
v 5.5000 -44.7833 -4.4108
v -5.5000 -36.0000 -0.0000
v -5.5000 -35.8267 -3.5286
v 5.5000 -35.8267 -3.5286
v 5.5000 -36.0000 -0.0000
v 5.5000 -35.8267 -3.5286
v 5.5000 -44.7833 -4.4108
v 5.5000 -45.0000 -0.0000
v 5.5000 -36.0000 -0.0000
v -5.5000 -36.0000 -0.0000
v -5.5000 -45.0000 -0.0000
v -5.5000 -44.7833 -4.4108
v -5.5000 -35.8267 -3.5286
v -7.5000 -44.0000 0.0000
v -7.5000 -43.7881 4.3128
v -4.5000 -43.7881 4.3128
v -4.5000 -44.0000 0.0000
v -7.5000 -39.8074 3.9207
v -7.5000 -40.0000 0.0000
v -4.5000 -40.0000 0.0000
v -4.5000 -39.8074 3.9207
v -4.5000 -40.0000 0.0000
v -4.5000 -44.0000 0.0000
v -4.5000 -43.7881 4.3128
v -4.5000 -39.8074 3.9207
v -7.5000 -39.8074 3.9207
v -7.5000 -43.7881 4.3128
v -7.5000 -44.0000 0.0000
v -7.5000 -40.0000 0.0000
v -7.5000 -43.7881 4.3128
v -7.5000 -43.1546 8.5840
v -4.5000 -43.1546 8.5840
v -4.5000 -43.7881 4.3128
v -7.5000 -39.2314 7.8036
v -7.5000 -39.8074 3.9207
v -4.5000 -39.8074 3.9207
v -4.5000 -39.2314 7.8036
v -4.5000 -39.8074 3.9207
v -4.5000 -43.7881 4.3128
v -4.5000 -43.1546 8.5840
v -4.5000 -39.2314 7.8036
v -7.5000 -39.2314 7.8036
v -7.5000 -43.1546 8.5840
v -7.5000 -43.7881 4.3128
v -7.5000 -39.8074 3.9207
v -7.5000 -43.1546 8.5840
v -7.5000 -42.1054 12.7725
v -4.5000 -42.1054 12.7725
v -4.5000 -43.1546 8.5840
v -7.5000 -38.2776 11.6114
v -7.5000 -39.2314 7.8036
v -4.5000 -39.2314 7.8036
v -4.5000 -38.2776 11.6114
v -4.5000 -39.2314 7.8036
v -4.5000 -43.1546 8.5840
v -4.5000 -42.1054 12.7725
v -4.5000 -38.2776 11.6114
v -7.5000 -38.2776 11.6114
v -7.5000 -42.1054 12.7725
v -7.5000 -43.1546 8.5840
v -7.5000 -39.2314 7.8036
v -7.5000 -42.1054 12.7725
v -7.5000 -40.6507 16.8381
v -4.5000 -40.6507 16.8381
v -4.5000 -42.1054 12.7725
v -7.5000 -36.9552 15.3073
v -7.5000 -38.2776 11.6114
v -4.5000 -38.2776 11.6114
v -4.5000 -36.9552 15.3073
v -4.5000 -38.2776 11.6114
v -4.5000 -42.1054 12.7725
v -4.5000 -40.6507 16.8381
v -4.5000 -36.9552 15.3073
v -7.5000 -36.9552 15.3073
v -7.5000 -40.6507 16.8381
v -7.5000 -42.1054 12.7725
v -7.5000 -38.2776 11.6114
v -7.5000 -40.6507 16.8381
v -7.5000 -38.8045 20.7415
v -4.5000 -38.8045 20.7415
v -4.5000 -40.6507 16.8381
v -7.5000 -35.2769 18.8559
v -7.5000 -36.9552 15.3073
v -4.5000 -36.9552 15.3073
v -4.5000 -35.2769 18.8559
v -4.5000 -36.9552 15.3073
v -4.5000 -40.6507 16.8381
v -4.5000 -38.8045 20.7415
v -4.5000 -35.2769 18.8559
v -7.5000 -35.2769 18.8559
v -7.5000 -38.8045 20.7415
v -7.5000 -40.6507 16.8381
v -7.5000 -36.9552 15.3073
v -7.5000 -38.8045 20.7415
v -7.5000 -36.5847 24.4451
v -4.5000 -36.5847 24.4451
v -4.5000 -38.8045 20.7415
v -7.5000 -33.2588 22.2228
v -7.5000 -35.2769 18.8559
v -4.5000 -35.2769 18.8559
v -4.5000 -33.2588 22.2228
v -4.5000 -35.2769 18.8559
v -4.5000 -38.8045 20.7415
v -4.5000 -36.5847 24.4451
v -4.5000 -33.2588 22.2228
v -7.5000 -33.2588 22.2228
v -7.5000 -36.5847 24.4451
v -7.5000 -38.8045 20.7415
v -7.5000 -35.2769 18.8559
v -7.5000 -36.5847 24.4451
v -7.5000 -34.0125 27.9133
v -4.5000 -34.0125 27.9133
v -4.5000 -36.5847 24.4451
v -7.5000 -30.9204 25.3757
v -7.5000 -33.2588 22.2228
v -4.5000 -33.2588 22.2228
v -4.5000 -30.9204 25.3757
v -4.5000 -33.2588 22.2228
v -4.5000 -36.5847 24.4451
v -4.5000 -34.0125 27.9133
v -4.5000 -30.9204 25.3757
v -7.5000 -30.9204 25.3757
v -7.5000 -34.0125 27.9133
v -7.5000 -36.5847 24.4451
v -7.5000 -33.2588 22.2228
v -7.5000 -34.0125 27.9133
v -7.5000 -31.1127 31.1127
v -4.5000 -31.1127 31.1127
v -4.5000 -34.0125 27.9133
v -7.5000 -28.2843 28.2843
v -7.5000 -30.9204 25.3757
v -4.5000 -30.9204 25.3757
v -4.5000 -28.2843 28.2843
v -4.5000 -30.9204 25.3757
v -4.5000 -34.0125 27.9133
v -4.5000 -31.1127 31.1127
v -4.5000 -28.2843 28.2843
v -7.5000 -28.2843 28.2843
v -7.5000 -31.1127 31.1127
v -7.5000 -34.0125 27.9133
v -7.5000 -30.9204 25.3757
v -7.5000 -31.1127 31.1127
v -7.5000 -27.9133 34.0125
v -4.5000 -27.9133 34.0125
v -4.5000 -31.1127 31.1127
v -7.5000 -25.3757 30.9204
v -7.5000 -28.2843 28.2843
v -4.5000 -28.2843 28.2843
v -4.5000 -25.3757 30.9204
v -4.5000 -28.2843 28.2843
v -4.5000 -31.1127 31.1127
v -4.5000 -27.9133 34.0125
v -4.5000 -25.3757 30.9204
v -7.5000 -25.3757 30.9204
v -7.5000 -27.9133 34.0125
v -7.5000 -31.1127 31.1127
v -7.5000 -28.2843 28.2843
v -7.5000 -27.9133 34.0125
v -7.5000 -24.4451 36.5847
v -4.5000 -24.4451 36.5847
v -4.5000 -27.9133 34.0125
v -7.5000 -22.2228 33.2588
v -7.5000 -25.3757 30.9204
v -4.5000 -25.3757 30.9204
v -4.5000 -22.2228 33.2588
v -4.5000 -25.3757 30.9204
v -4.5000 -27.9133 34.0125
v -4.5000 -24.4451 36.5847
v -4.5000 -22.2228 33.2588
v -7.5000 -22.2228 33.2588
v -7.5000 -24.4451 36.5847
v -7.5000 -27.9133 34.0125
v -7.5000 -25.3757 30.9204
v -7.5000 -24.4451 36.5847
v -7.5000 -20.7415 38.8045
v -4.5000 -20.7415 38.8045
v -4.5000 -24.4451 36.5847
v -7.5000 -18.8559 35.2769
v -7.5000 -22.2228 33.2588
v -4.5000 -22.2228 33.2588
v -4.5000 -18.8559 35.2769
v -4.5000 -22.2228 33.2588
v -4.5000 -24.4451 36.5847
v -4.5000 -20.7415 38.8045
v -4.5000 -18.8559 35.2769
v -7.5000 -18.8559 35.2769
v -7.5000 -20.7415 38.8045
v -7.5000 -24.4451 36.5847
v -7.5000 -22.2228 33.2588
v -7.5000 -20.7415 38.8045
v -7.5000 -16.8381 40.6507
v -4.5000 -16.8381 40.6507
v -4.5000 -20.7415 38.8045
v -7.5000 -15.3073 36.9552
v -7.5000 -18.8559 35.2769
v -4.5000 -18.8559 35.2769
v -4.5000 -15.3073 36.9552
v -4.5000 -18.8559 35.2769
v -4.5000 -20.7415 38.8045
v -4.5000 -16.8381 40.6507
v -4.5000 -15.3073 36.9552
v -7.5000 -15.3073 36.9552
v -7.5000 -16.8381 40.6507
v -7.5000 -20.7415 38.8045
v -7.5000 -18.8559 35.2769
v -7.5000 -16.8381 40.6507
v -7.5000 -12.7725 42.1054
v -4.5000 -12.7725 42.1054
v -4.5000 -16.8381 40.6507
v -7.5000 -11.6114 38.2776
v -7.5000 -15.3073 36.9552
v -4.5000 -15.3073 36.9552
v -4.5000 -11.6114 38.2776
v -4.5000 -15.3073 36.9552
v -4.5000 -16.8381 40.6507
v -4.5000 -12.7725 42.1054
v -4.5000 -11.6114 38.2776
v -7.5000 -11.6114 38.2776
v -7.5000 -12.7725 42.1054
v -7.5000 -16.8381 40.6507
v -7.5000 -15.3073 36.9552
v -7.5000 -12.7725 42.1054
v -7.5000 -8.5840 43.1546
v -4.5000 -8.5840 43.1546
v -4.5000 -12.7725 42.1054
v -7.5000 -7.8036 39.2314
v -7.5000 -11.6114 38.2776
v -4.5000 -11.6114 38.2776
v -4.5000 -7.8036 39.2314
v -4.5000 -11.6114 38.2776
v -4.5000 -12.7725 42.1054
v -4.5000 -8.5840 43.1546
v -4.5000 -7.8036 39.2314
v -7.5000 -7.8036 39.2314
v -7.5000 -8.5840 43.1546
v -7.5000 -12.7725 42.1054
v -7.5000 -11.6114 38.2776
v -7.5000 -8.5840 43.1546
v -7.5000 -4.3128 43.7881
v -4.5000 -4.3128 43.7881
v -4.5000 -8.5840 43.1546
v -7.5000 -3.9207 39.8074
v -7.5000 -7.8036 39.2314
v -4.5000 -7.8036 39.2314
v -4.5000 -3.9207 39.8074
v -4.5000 -7.8036 39.2314
v -4.5000 -8.5840 43.1546
v -4.5000 -4.3128 43.7881
v -4.5000 -3.9207 39.8074
v -7.5000 -3.9207 39.8074
v -7.5000 -4.3128 43.7881
v -7.5000 -8.5840 43.1546
v -7.5000 -7.8036 39.2314
v -7.5000 -4.3128 43.7881
v -7.5000 -0.0000 44.0000
v -4.5000 -0.0000 44.0000
v -4.5000 -4.3128 43.7881
v -7.5000 -0.0000 40.0000
v -7.5000 -3.9207 39.8074
v -4.5000 -3.9207 39.8074
v -4.5000 -0.0000 40.0000
v -4.5000 -3.9207 39.8074
v -4.5000 -4.3128 43.7881
v -4.5000 -0.0000 44.0000
v -4.5000 -0.0000 40.0000
v -7.5000 -0.0000 40.0000
v -7.5000 -0.0000 44.0000
v -7.5000 -4.3128 43.7881
v -7.5000 -3.9207 39.8074
v -7.5000 -0.0000 44.0000
v -7.5000 4.3128 43.7881
v -4.5000 4.3128 43.7881
v -4.5000 -0.0000 44.0000
v -7.5000 3.9207 39.8074
v -7.5000 -0.0000 40.0000
v -4.5000 -0.0000 40.0000
v -4.5000 3.9207 39.8074
v -4.5000 -0.0000 40.0000
v -4.5000 -0.0000 44.0000
v -4.5000 4.3128 43.7881
v -4.5000 3.9207 39.8074
v -7.5000 3.9207 39.8074
v -7.5000 4.3128 43.7881
v -7.5000 -0.0000 44.0000
v -7.5000 -0.0000 40.0000
v -7.5000 4.3128 43.7881
v -7.5000 8.5840 43.1546
v -4.5000 8.5840 43.1546
v -4.5000 4.3128 43.7881
v -7.5000 7.8036 39.2314
v -7.5000 3.9207 39.8074
v -4.5000 3.9207 39.8074
v -4.5000 7.8036 39.2314
v -4.5000 3.9207 39.8074
v -4.5000 4.3128 43.7881
v -4.5000 8.5840 43.1546
v -4.5000 7.8036 39.2314
v -7.5000 7.8036 39.2314
v -7.5000 8.5840 43.1546
v -7.5000 4.3128 43.7881
v -7.5000 3.9207 39.8074
v -7.5000 8.5840 43.1546
v -7.5000 12.7725 42.1054
v -4.5000 12.7725 42.1054
v -4.5000 8.5840 43.1546
v -7.5000 11.6114 38.2776
v -7.5000 7.8036 39.2314
v -4.5000 7.8036 39.2314
v -4.5000 11.6114 38.2776
v -4.5000 7.8036 39.2314
v -4.5000 8.5840 43.1546
v -4.5000 12.7725 42.1054
v -4.5000 11.6114 38.2776
v -7.5000 11.6114 38.2776
v -7.5000 12.7725 42.1054
v -7.5000 8.5840 43.1546
v -7.5000 7.8036 39.2314
v -7.5000 12.7725 42.1054
v -7.5000 16.8381 40.6507
v -4.5000 16.8381 40.6507
v -4.5000 12.7725 42.1054
v -7.5000 15.3073 36.9552
v -7.5000 11.6114 38.2776
v -4.5000 11.6114 38.2776
v -4.5000 15.3073 36.9552
v -4.5000 11.6114 38.2776
v -4.5000 12.7725 42.1054
v -4.5000 16.8381 40.6507
v -4.5000 15.3073 36.9552
v -7.5000 15.3073 36.9552
v -7.5000 16.8381 40.6507
v -7.5000 12.7725 42.1054
v -7.5000 11.6114 38.2776
v -7.5000 16.8381 40.6507
v -7.5000 20.7415 38.8045
v -4.5000 20.7415 38.8045
v -4.5000 16.8381 40.6507
v -7.5000 18.8559 35.2769
v -7.5000 15.3073 36.9552
v -4.5000 15.3073 36.9552
v -4.5000 18.8559 35.2769
v -4.5000 15.3073 36.9552
v -4.5000 16.8381 40.6507
v -4.5000 20.7415 38.8045
v -4.5000 18.8559 35.2769
v -7.5000 18.8559 35.2769
v -7.5000 20.7415 38.8045
v -7.5000 16.8381 40.6507
v -7.5000 15.3073 36.9552
v -7.5000 20.7415 38.8045
v -7.5000 24.4451 36.5847
v -4.5000 24.4451 36.5847
v -4.5000 20.7415 38.8045
v -7.5000 22.2228 33.2588
v -7.5000 18.8559 35.2769
v -4.5000 18.8559 35.2769
v -4.5000 22.2228 33.2588
v -4.5000 18.8559 35.2769
v -4.5000 20.7415 38.8045
v -4.5000 24.4451 36.5847
v -4.5000 22.2228 33.2588
v -7.5000 22.2228 33.2588
v -7.5000 24.4451 36.5847
v -7.5000 20.7415 38.8045
v -7.5000 18.8559 35.2769
v -7.5000 24.4451 36.5847
v -7.5000 27.9133 34.0125
v -4.5000 27.9133 34.0125
v -4.5000 24.4451 36.5847
v -7.5000 25.3757 30.9204
v -7.5000 22.2228 33.2588
v -4.5000 22.2228 33.2588
v -4.5000 25.3757 30.9204
v -4.5000 22.2228 33.2588
v -4.5000 24.4451 36.5847
v -4.5000 27.9133 34.0125
v -4.5000 25.3757 30.9204
v -7.5000 25.3757 30.9204
v -7.5000 27.9133 34.0125
v -7.5000 24.4451 36.5847
v -7.5000 22.2228 33.2588
v -7.5000 27.9133 34.0125
v -7.5000 31.1127 31.1127
v -4.5000 31.1127 31.1127
v -4.5000 27.9133 34.0125
v -7.5000 28.2843 28.2843
v -7.5000 25.3757 30.9204
v -4.5000 25.3757 30.9204
v -4.5000 28.2843 28.2843
v -4.5000 25.3757 30.9204
v -4.5000 27.9133 34.0125
v -4.5000 31.1127 31.1127
v -4.5000 28.2843 28.2843
v -7.5000 28.2843 28.2843
v -7.5000 31.1127 31.1127
v -7.5000 27.9133 34.0125
v -7.5000 25.3757 30.9204
v -7.5000 31.1127 31.1127
v -7.5000 34.0125 27.9133
v -4.5000 34.0125 27.9133
v -4.5000 31.1127 31.1127
v -7.5000 30.9204 25.3757
v -7.5000 28.2843 28.2843
v -4.5000 28.2843 28.2843
v -4.5000 30.9204 25.3757
v -4.5000 28.2843 28.2843
v -4.5000 31.1127 31.1127
v -4.5000 34.0125 27.9133
v -4.5000 30.9204 25.3757
v -7.5000 30.9204 25.3757
v -7.5000 34.0125 27.9133
v -7.5000 31.1127 31.1127
v -7.5000 28.2843 28.2843
v -7.5000 34.0125 27.9133
v -7.5000 36.5847 24.4451
v -4.5000 36.5847 24.4451
v -4.5000 34.0125 27.9133
v -7.5000 33.2588 22.2228
v -7.5000 30.9204 25.3757
v -4.5000 30.9204 25.3757
v -4.5000 33.2588 22.2228
v -4.5000 30.9204 25.3757
v -4.5000 34.0125 27.9133
v -4.5000 36.5847 24.4451
v -4.5000 33.2588 22.2228
v -7.5000 33.2588 22.2228
v -7.5000 36.5847 24.4451
v -7.5000 34.0125 27.9133
v -7.5000 30.9204 25.3757
v -7.5000 36.5847 24.4451
v -7.5000 38.8045 20.7415
v -4.5000 38.8045 20.7415
v -4.5000 36.5847 24.4451
v -7.5000 35.2769 18.8559
v -7.5000 33.2588 22.2228
v -4.5000 33.2588 22.2228
v -4.5000 35.2769 18.8559
v -4.5000 33.2588 22.2228
v -4.5000 36.5847 24.4451
v -4.5000 38.8045 20.7415
v -4.5000 35.2769 18.8559
v -7.5000 35.2769 18.8559
v -7.5000 38.8045 20.7415
v -7.5000 36.5847 24.4451
v -7.5000 33.2588 22.2228
v -7.5000 38.8045 20.7415
v -7.5000 40.6507 16.8381
v -4.5000 40.6507 16.8381
v -4.5000 38.8045 20.7415
v -7.5000 36.9552 15.3073
v -7.5000 35.2769 18.8559
v -4.5000 35.2769 18.8559
v -4.5000 36.9552 15.3073
v -4.5000 35.2769 18.8559
v -4.5000 38.8045 20.7415
v -4.5000 40.6507 16.8381
v -4.5000 36.9552 15.3073
v -7.5000 36.9552 15.3073
v -7.5000 40.6507 16.8381
v -7.5000 38.8045 20.7415
v -7.5000 35.2769 18.8559
v -7.5000 40.6507 16.8381
v -7.5000 42.1054 12.7725
v -4.5000 42.1054 12.7725
v -4.5000 40.6507 16.8381
v -7.5000 38.2776 11.6114
v -7.5000 36.9552 15.3073
v -4.5000 36.9552 15.3073
v -4.5000 38.2776 11.6114
v -4.5000 36.9552 15.3073
v -4.5000 40.6507 16.8381
v -4.5000 42.1054 12.7725
v -4.5000 38.2776 11.6114
v -7.5000 38.2776 11.6114
v -7.5000 42.1054 12.7725
v -7.5000 40.6507 16.8381
v -7.5000 36.9552 15.3073
v -7.5000 42.1054 12.7725
v -7.5000 43.1546 8.5840
v -4.5000 43.1546 8.5840
v -4.5000 42.1054 12.7725
v -7.5000 39.2314 7.8036
v -7.5000 38.2776 11.6114
v -4.5000 38.2776 11.6114
v -4.5000 39.2314 7.8036
v -4.5000 38.2776 11.6114
v -4.5000 42.1054 12.7725
v -4.5000 43.1546 8.5840
v -4.5000 39.2314 7.8036
v -7.5000 39.2314 7.8036
v -7.5000 43.1546 8.5840
v -7.5000 42.1054 12.7725
v -7.5000 38.2776 11.6114
v -7.5000 43.1546 8.5840
v -7.5000 43.7881 4.3128
v -4.5000 43.7881 4.3128
v -4.5000 43.1546 8.5840
v -7.5000 39.8074 3.9207
v -7.5000 39.2314 7.8036
v -4.5000 39.2314 7.8036
v -4.5000 39.8074 3.9207
v -4.5000 39.2314 7.8036
v -4.5000 43.1546 8.5840
v -4.5000 43.7881 4.3128
v -4.5000 39.8074 3.9207
v -7.5000 39.8074 3.9207
v -7.5000 43.7881 4.3128
v -7.5000 43.1546 8.5840
v -7.5000 39.2314 7.8036
v -7.5000 43.7881 4.3128
v -7.5000 44.0000 0.0000
v -4.5000 44.0000 0.0000
v -4.5000 43.7881 4.3128
v -7.5000 40.0000 0.0000
v -7.5000 39.8074 3.9207
v -4.5000 39.8074 3.9207
v -4.5000 40.0000 0.0000
v -4.5000 39.8074 3.9207
v -4.5000 43.7881 4.3128
v -4.5000 44.0000 0.0000
v -4.5000 40.0000 0.0000
v -7.5000 40.0000 0.0000
v -7.5000 44.0000 0.0000
v -7.5000 43.7881 4.3128
v -7.5000 39.8074 3.9207
v -7.5000 44.0000 0.0000
v -7.5000 43.7881 -4.3128
v -4.5000 43.7881 -4.3128
v -4.5000 44.0000 0.0000
v -7.5000 39.8074 -3.9207
v -7.5000 40.0000 0.0000
v -4.5000 40.0000 0.0000
v -4.5000 39.8074 -3.9207
v -4.5000 40.0000 0.0000
v -4.5000 44.0000 0.0000
v -4.5000 43.7881 -4.3128
v -4.5000 39.8074 -3.9207
v -7.5000 39.8074 -3.9207
v -7.5000 43.7881 -4.3128
v -7.5000 44.0000 0.0000
v -7.5000 40.0000 0.0000
v -7.5000 43.7881 -4.3128
v -7.5000 43.1546 -8.5840
v -4.5000 43.1546 -8.5840
v -4.5000 43.7881 -4.3128
v -7.5000 39.2314 -7.8036
v -7.5000 39.8074 -3.9207
v -4.5000 39.8074 -3.9207
v -4.5000 39.2314 -7.8036
v -4.5000 39.8074 -3.9207
v -4.5000 43.7881 -4.3128
v -4.5000 43.1546 -8.5840
v -4.5000 39.2314 -7.8036
v -7.5000 39.2314 -7.8036
v -7.5000 43.1546 -8.5840
v -7.5000 43.7881 -4.3128
v -7.5000 39.8074 -3.9207
v -7.5000 43.1546 -8.5840
v -7.5000 42.1054 -12.7725
v -4.5000 42.1054 -12.7725
v -4.5000 43.1546 -8.5840
v -7.5000 38.2776 -11.6114
v -7.5000 39.2314 -7.8036
v -4.5000 39.2314 -7.8036
v -4.5000 38.2776 -11.6114
v -4.5000 39.2314 -7.8036
v -4.5000 43.1546 -8.5840
v -4.5000 42.1054 -12.7725
v -4.5000 38.2776 -11.6114
v -7.5000 38.2776 -11.6114
v -7.5000 42.1054 -12.7725
v -7.5000 43.1546 -8.5840
v -7.5000 39.2314 -7.8036
v -7.5000 42.1054 -12.7725
v -7.5000 40.6507 -16.8381
v -4.5000 40.6507 -16.8381
v -4.5000 42.1054 -12.7725
v -7.5000 36.9552 -15.3073
v -7.5000 38.2776 -11.6114
v -4.5000 38.2776 -11.6114
v -4.5000 36.9552 -15.3073
v -4.5000 38.2776 -11.6114
v -4.5000 42.1054 -12.7725
v -4.5000 40.6507 -16.8381
v -4.5000 36.9552 -15.3073
v -7.5000 36.9552 -15.3073
v -7.5000 40.6507 -16.8381
v -7.5000 42.1054 -12.7725
v -7.5000 38.2776 -11.6114
v -7.5000 40.6507 -16.8381
v -7.5000 38.8045 -20.7415
v -4.5000 38.8045 -20.7415
v -4.5000 40.6507 -16.8381
v -7.5000 35.2769 -18.8559
v -7.5000 36.9552 -15.3073
v -4.5000 36.9552 -15.3073
v -4.5000 35.2769 -18.8559
v -4.5000 36.9552 -15.3073
v -4.5000 40.6507 -16.8381
v -4.5000 38.8045 -20.7415
v -4.5000 35.2769 -18.8559
v -7.5000 35.2769 -18.8559
v -7.5000 38.8045 -20.7415
v -7.5000 40.6507 -16.8381
v -7.5000 36.9552 -15.3073
v -7.5000 38.8045 -20.7415
v -7.5000 36.5847 -24.4451
v -4.5000 36.5847 -24.4451
v -4.5000 38.8045 -20.7415
v -7.5000 33.2588 -22.2228
v -7.5000 35.2769 -18.8559
v -4.5000 35.2769 -18.8559
v -4.5000 33.2588 -22.2228
v -4.5000 35.2769 -18.8559
v -4.5000 38.8045 -20.7415
v -4.5000 36.5847 -24.4451
v -4.5000 33.2588 -22.2228
v -7.5000 33.2588 -22.2228
v -7.5000 36.5847 -24.4451
v -7.5000 38.8045 -20.7415
v -7.5000 35.2769 -18.8559
v -7.5000 36.5847 -24.4451
v -7.5000 34.0125 -27.9133
v -4.5000 34.0125 -27.9133
v -4.5000 36.5847 -24.4451
v -7.5000 30.9204 -25.3757
v -7.5000 33.2588 -22.2228
v -4.5000 33.2588 -22.2228
v -4.5000 30.9204 -25.3757
v -4.5000 33.2588 -22.2228
v -4.5000 36.5847 -24.4451
v -4.5000 34.0125 -27.9133
v -4.5000 30.9204 -25.3757
v -7.5000 30.9204 -25.3757
v -7.5000 34.0125 -27.9133
v -7.5000 36.5847 -24.4451
v -7.5000 33.2588 -22.2228
v -7.5000 34.0125 -27.9133
v -7.5000 31.1127 -31.1127
v -4.5000 31.1127 -31.1127
v -4.5000 34.0125 -27.9133
v -7.5000 28.2843 -28.2843
v -7.5000 30.9204 -25.3757
v -4.5000 30.9204 -25.3757
v -4.5000 28.2843 -28.2843
v -4.5000 30.9204 -25.3757
v -4.5000 34.0125 -27.9133
v -4.5000 31.1127 -31.1127
v -4.5000 28.2843 -28.2843
v -7.5000 28.2843 -28.2843
v -7.5000 31.1127 -31.1127
v -7.5000 34.0125 -27.9133
v -7.5000 30.9204 -25.3757
v -7.5000 31.1127 -31.1127
v -7.5000 27.9133 -34.0125
v -4.5000 27.9133 -34.0125
v -4.5000 31.1127 -31.1127
v -7.5000 25.3757 -30.9204
v -7.5000 28.2843 -28.2843
v -4.5000 28.2843 -28.2843
v -4.5000 25.3757 -30.9204
v -4.5000 28.2843 -28.2843
v -4.5000 31.1127 -31.1127
v -4.5000 27.9133 -34.0125
v -4.5000 25.3757 -30.9204
v -7.5000 25.3757 -30.9204
v -7.5000 27.9133 -34.0125
v -7.5000 31.1127 -31.1127
v -7.5000 28.2843 -28.2843
v -7.5000 27.9133 -34.0125
v -7.5000 24.4451 -36.5847
v -4.5000 24.4451 -36.5847
v -4.5000 27.9133 -34.0125
v -7.5000 22.2228 -33.2588
v -7.5000 25.3757 -30.9204
v -4.5000 25.3757 -30.9204
v -4.5000 22.2228 -33.2588
v -4.5000 25.3757 -30.9204
v -4.5000 27.9133 -34.0125
v -4.5000 24.4451 -36.5847
v -4.5000 22.2228 -33.2588
v -7.5000 22.2228 -33.2588
v -7.5000 24.4451 -36.5847
v -7.5000 27.9133 -34.0125
v -7.5000 25.3757 -30.9204
v -7.5000 24.4451 -36.5847
v -7.5000 20.7415 -38.8045
v -4.5000 20.7415 -38.8045
v -4.5000 24.4451 -36.5847
v -7.5000 18.8559 -35.2769
v -7.5000 22.2228 -33.2588
v -4.5000 22.2228 -33.2588
v -4.5000 18.8559 -35.2769
v -4.5000 22.2228 -33.2588
v -4.5000 24.4451 -36.5847
v -4.5000 20.7415 -38.8045
v -4.5000 18.8559 -35.2769
v -7.5000 18.8559 -35.2769
v -7.5000 20.7415 -38.8045
v -7.5000 24.4451 -36.5847
v -7.5000 22.2228 -33.2588
v -7.5000 20.7415 -38.8045
v -7.5000 16.8381 -40.6507
v -4.5000 16.8381 -40.6507
v -4.5000 20.7415 -38.8045
v -7.5000 15.3073 -36.9552
v -7.5000 18.8559 -35.2769
v -4.5000 18.8559 -35.2769
v -4.5000 15.3073 -36.9552
v -4.5000 18.8559 -35.2769
v -4.5000 20.7415 -38.8045
v -4.5000 16.8381 -40.6507
v -4.5000 15.3073 -36.9552
v -7.5000 15.3073 -36.9552
v -7.5000 16.8381 -40.6507
v -7.5000 20.7415 -38.8045
v -7.5000 18.8559 -35.2769
v -7.5000 16.8381 -40.6507
v -7.5000 12.7725 -42.1054
v -4.5000 12.7725 -42.1054
v -4.5000 16.8381 -40.6507
v -7.5000 11.6114 -38.2776
v -7.5000 15.3073 -36.9552
v -4.5000 15.3073 -36.9552
v -4.5000 11.6114 -38.2776
v -4.5000 15.3073 -36.9552
v -4.5000 16.8381 -40.6507
v -4.5000 12.7725 -42.1054
v -4.5000 11.6114 -38.2776
v -7.5000 11.6114 -38.2776
v -7.5000 12.7725 -42.1054
v -7.5000 16.8381 -40.6507
v -7.5000 15.3073 -36.9552
v -7.5000 12.7725 -42.1054
v -7.5000 8.5840 -43.1546
v -4.5000 8.5840 -43.1546
v -4.5000 12.7725 -42.1054
v -7.5000 7.8036 -39.2314
v -7.5000 11.6114 -38.2776
v -4.5000 11.6114 -38.2776
v -4.5000 7.8036 -39.2314
v -4.5000 11.6114 -38.2776
v -4.5000 12.7725 -42.1054
v -4.5000 8.5840 -43.1546
v -4.5000 7.8036 -39.2314
v -7.5000 7.8036 -39.2314
v -7.5000 8.5840 -43.1546
v -7.5000 12.7725 -42.1054
v -7.5000 11.6114 -38.2776
v -7.5000 8.5840 -43.1546
v -7.5000 4.3128 -43.7881
v -4.5000 4.3128 -43.7881
v -4.5000 8.5840 -43.1546
v -7.5000 3.9207 -39.8074
v -7.5000 7.8036 -39.2314
v -4.5000 7.8036 -39.2314
v -4.5000 3.9207 -39.8074
v -4.5000 7.8036 -39.2314
v -4.5000 8.5840 -43.1546
v -4.5000 4.3128 -43.7881
v -4.5000 3.9207 -39.8074
v -7.5000 3.9207 -39.8074
v -7.5000 4.3128 -43.7881
v -7.5000 8.5840 -43.1546
v -7.5000 7.8036 -39.2314
v -7.5000 4.3128 -43.7881
v -7.5000 0.0000 -44.0000
v -4.5000 0.0000 -44.0000
v -4.5000 4.3128 -43.7881
v -7.5000 0.0000 -40.0000
v -7.5000 3.9207 -39.8074
v -4.5000 3.9207 -39.8074
v -4.5000 0.0000 -40.0000
v -4.5000 3.9207 -39.8074
v -4.5000 4.3128 -43.7881
v -4.5000 0.0000 -44.0000
v -4.5000 0.0000 -40.0000
v -7.5000 0.0000 -40.0000
v -7.5000 0.0000 -44.0000
v -7.5000 4.3128 -43.7881
v -7.5000 3.9207 -39.8074
v -7.5000 0.0000 -44.0000
v -7.5000 -4.3128 -43.7881
v -4.5000 -4.3128 -43.7881
v -4.5000 0.0000 -44.0000
v -7.5000 -3.9207 -39.8074
v -7.5000 0.0000 -40.0000
v -4.5000 0.0000 -40.0000
v -4.5000 -3.9207 -39.8074
v -4.5000 0.0000 -40.0000
v -4.5000 0.0000 -44.0000
v -4.5000 -4.3128 -43.7881
v -4.5000 -3.9207 -39.8074
v -7.5000 -3.9207 -39.8074
v -7.5000 -4.3128 -43.7881
v -7.5000 0.0000 -44.0000
v -7.5000 0.0000 -40.0000
v -7.5000 -4.3128 -43.7881
v -7.5000 -8.5840 -43.1546
v -4.5000 -8.5840 -43.1546
v -4.5000 -4.3128 -43.7881
v -7.5000 -7.8036 -39.2314
v -7.5000 -3.9207 -39.8074
v -4.5000 -3.9207 -39.8074
v -4.5000 -7.8036 -39.2314
v -4.5000 -3.9207 -39.8074
v -4.5000 -4.3128 -43.7881
v -4.5000 -8.5840 -43.1546
v -4.5000 -7.8036 -39.2314
v -7.5000 -7.8036 -39.2314
v -7.5000 -8.5840 -43.1546
v -7.5000 -4.3128 -43.7881
v -7.5000 -3.9207 -39.8074
v -7.5000 -8.5840 -43.1546
v -7.5000 -12.7725 -42.1054
v -4.5000 -12.7725 -42.1054
v -4.5000 -8.5840 -43.1546
v -7.5000 -11.6114 -38.2776
v -7.5000 -7.8036 -39.2314
v -4.5000 -7.8036 -39.2314
v -4.5000 -11.6114 -38.2776
v -4.5000 -7.8036 -39.2314
v -4.5000 -8.5840 -43.1546
v -4.5000 -12.7725 -42.1054
v -4.5000 -11.6114 -38.2776
v -7.5000 -11.6114 -38.2776
v -7.5000 -12.7725 -42.1054
v -7.5000 -8.5840 -43.1546
v -7.5000 -7.8036 -39.2314
v -7.5000 -12.7725 -42.1054
v -7.5000 -16.8381 -40.6507
v -4.5000 -16.8381 -40.6507
v -4.5000 -12.7725 -42.1054
v -7.5000 -15.3073 -36.9552
v -7.5000 -11.6114 -38.2776
v -4.5000 -11.6114 -38.2776
v -4.5000 -15.3073 -36.9552
v -4.5000 -11.6114 -38.2776
v -4.5000 -12.7725 -42.1054
v -4.5000 -16.8381 -40.6507
v -4.5000 -15.3073 -36.9552
v -7.5000 -15.3073 -36.9552
v -7.5000 -16.8381 -40.6507
v -7.5000 -12.7725 -42.1054
v -7.5000 -11.6114 -38.2776
v -7.5000 -16.8381 -40.6507
v -7.5000 -20.7415 -38.8045
v -4.5000 -20.7415 -38.8045
v -4.5000 -16.8381 -40.6507
v -7.5000 -18.8559 -35.2769
v -7.5000 -15.3073 -36.9552
v -4.5000 -15.3073 -36.9552
v -4.5000 -18.8559 -35.2769
v -4.5000 -15.3073 -36.9552
v -4.5000 -16.8381 -40.6507
v -4.5000 -20.7415 -38.8045
v -4.5000 -18.8559 -35.2769
v -7.5000 -18.8559 -35.2769
v -7.5000 -20.7415 -38.8045
v -7.5000 -16.8381 -40.6507
v -7.5000 -15.3073 -36.9552
v -7.5000 -20.7415 -38.8045
v -7.5000 -24.4451 -36.5847
v -4.5000 -24.4451 -36.5847
v -4.5000 -20.7415 -38.8045
v -7.5000 -22.2228 -33.2588
v -7.5000 -18.8559 -35.2769
v -4.5000 -18.8559 -35.2769
v -4.5000 -22.2228 -33.2588
v -4.5000 -18.8559 -35.2769
v -4.5000 -20.7415 -38.8045
v -4.5000 -24.4451 -36.5847
v -4.5000 -22.2228 -33.2588
v -7.5000 -22.2228 -33.2588
v -7.5000 -24.4451 -36.5847
v -7.5000 -20.7415 -38.8045
v -7.5000 -18.8559 -35.2769
v -7.5000 -24.4451 -36.5847
v -7.5000 -27.9133 -34.0125
v -4.5000 -27.9133 -34.0125
v -4.5000 -24.4451 -36.5847
v -7.5000 -25.3757 -30.9204
v -7.5000 -22.2228 -33.2588
v -4.5000 -22.2228 -33.2588
v -4.5000 -25.3757 -30.9204
v -4.5000 -22.2228 -33.2588
v -4.5000 -24.4451 -36.5847
v -4.5000 -27.9133 -34.0125
v -4.5000 -25.3757 -30.9204
v -7.5000 -25.3757 -30.9204
v -7.5000 -27.9133 -34.0125
v -7.5000 -24.4451 -36.5847
v -7.5000 -22.2228 -33.2588
v -7.5000 -27.9133 -34.0125
v -7.5000 -31.1127 -31.1127
v -4.5000 -31.1127 -31.1127
v -4.5000 -27.9133 -34.0125
v -7.5000 -28.2843 -28.2843
v -7.5000 -25.3757 -30.9204
v -4.5000 -25.3757 -30.9204
v -4.5000 -28.2843 -28.2843
v -4.5000 -25.3757 -30.9204
v -4.5000 -27.9133 -34.0125
v -4.5000 -31.1127 -31.1127
v -4.5000 -28.2843 -28.2843
v -7.5000 -28.2843 -28.2843
v -7.5000 -31.1127 -31.1127
v -7.5000 -27.9133 -34.0125
v -7.5000 -25.3757 -30.9204
v -7.5000 -31.1127 -31.1127
v -7.5000 -34.0125 -27.9133
v -4.5000 -34.0125 -27.9133
v -4.5000 -31.1127 -31.1127
v -7.5000 -30.9204 -25.3757
v -7.5000 -28.2843 -28.2843
v -4.5000 -28.2843 -28.2843
v -4.5000 -30.9204 -25.3757
v -4.5000 -28.2843 -28.2843
v -4.5000 -31.1127 -31.1127
v -4.5000 -34.0125 -27.9133
v -4.5000 -30.9204 -25.3757
v -7.5000 -30.9204 -25.3757
v -7.5000 -34.0125 -27.9133
v -7.5000 -31.1127 -31.1127
v -7.5000 -28.2843 -28.2843
v -7.5000 -34.0125 -27.9133
v -7.5000 -36.5847 -24.4451
v -4.5000 -36.5847 -24.4451
v -4.5000 -34.0125 -27.9133
v -7.5000 -33.2588 -22.2228
v -7.5000 -30.9204 -25.3757
v -4.5000 -30.9204 -25.3757
v -4.5000 -33.2588 -22.2228
v -4.5000 -30.9204 -25.3757
v -4.5000 -34.0125 -27.9133
v -4.5000 -36.5847 -24.4451
v -4.5000 -33.2588 -22.2228
v -7.5000 -33.2588 -22.2228
v -7.5000 -36.5847 -24.4451
v -7.5000 -34.0125 -27.9133
v -7.5000 -30.9204 -25.3757
v -7.5000 -36.5847 -24.4451
v -7.5000 -38.8045 -20.7415
v -4.5000 -38.8045 -20.7415
v -4.5000 -36.5847 -24.4451
v -7.5000 -35.2769 -18.8559
v -7.5000 -33.2588 -22.2228
v -4.5000 -33.2588 -22.2228
v -4.5000 -35.2769 -18.8559
v -4.5000 -33.2588 -22.2228
v -4.5000 -36.5847 -24.4451
v -4.5000 -38.8045 -20.7415
v -4.5000 -35.2769 -18.8559
v -7.5000 -35.2769 -18.8559
v -7.5000 -38.8045 -20.7415
v -7.5000 -36.5847 -24.4451
v -7.5000 -33.2588 -22.2228
v -7.5000 -38.8045 -20.7415
v -7.5000 -40.6507 -16.8381
v -4.5000 -40.6507 -16.8381
v -4.5000 -38.8045 -20.7415
v -7.5000 -36.9552 -15.3073
v -7.5000 -35.2769 -18.8559
v -4.5000 -35.2769 -18.8559
v -4.5000 -36.9552 -15.3073
v -4.5000 -35.2769 -18.8559
v -4.5000 -38.8045 -20.7415
v -4.5000 -40.6507 -16.8381
v -4.5000 -36.9552 -15.3073
v -7.5000 -36.9552 -15.3073
v -7.5000 -40.6507 -16.8381
v -7.5000 -38.8045 -20.7415
v -7.5000 -35.2769 -18.8559
v -7.5000 -40.6507 -16.8381
v -7.5000 -42.1054 -12.7725
v -4.5000 -42.1054 -12.7725
v -4.5000 -40.6507 -16.8381
v -7.5000 -38.2776 -11.6114
v -7.5000 -36.9552 -15.3073
v -4.5000 -36.9552 -15.3073
v -4.5000 -38.2776 -11.6114
v -4.5000 -36.9552 -15.3073
v -4.5000 -40.6507 -16.8381
v -4.5000 -42.1054 -12.7725
v -4.5000 -38.2776 -11.6114
v -7.5000 -38.2776 -11.6114
v -7.5000 -42.1054 -12.7725
v -7.5000 -40.6507 -16.8381
v -7.5000 -36.9552 -15.3073
v -7.5000 -42.1054 -12.7725
v -7.5000 -43.1546 -8.5840
v -4.5000 -43.1546 -8.5840
v -4.5000 -42.1054 -12.7725
v -7.5000 -39.2314 -7.8036
v -7.5000 -38.2776 -11.6114
v -4.5000 -38.2776 -11.6114
v -4.5000 -39.2314 -7.8036
v -4.5000 -38.2776 -11.6114
v -4.5000 -42.1054 -12.7725
v -4.5000 -43.1546 -8.5840
v -4.5000 -39.2314 -7.8036
v -7.5000 -39.2314 -7.8036
v -7.5000 -43.1546 -8.5840
v -7.5000 -42.1054 -12.7725
v -7.5000 -38.2776 -11.6114
v -7.5000 -43.1546 -8.5840
v -7.5000 -43.7881 -4.3128
v -4.5000 -43.7881 -4.3128
v -4.5000 -43.1546 -8.5840
v -7.5000 -39.8074 -3.9207
v -7.5000 -39.2314 -7.8036
v -4.5000 -39.2314 -7.8036
v -4.5000 -39.8074 -3.9207
v -4.5000 -39.2314 -7.8036
v -4.5000 -43.1546 -8.5840
v -4.5000 -43.7881 -4.3128
v -4.5000 -39.8074 -3.9207
v -7.5000 -39.8074 -3.9207
v -7.5000 -43.7881 -4.3128
v -7.5000 -43.1546 -8.5840
v -7.5000 -39.2314 -7.8036
v -7.5000 -43.7881 -4.3128
v -7.5000 -44.0000 -0.0000
v -4.5000 -44.0000 -0.0000
v -4.5000 -43.7881 -4.3128
v -7.5000 -40.0000 -0.0000
v -7.5000 -39.8074 -3.9207
v -4.5000 -39.8074 -3.9207
v -4.5000 -40.0000 -0.0000
v -4.5000 -39.8074 -3.9207
v -4.5000 -43.7881 -4.3128
v -4.5000 -44.0000 -0.0000
v -4.5000 -40.0000 -0.0000
v -7.5000 -40.0000 -0.0000
v -7.5000 -44.0000 -0.0000
v -7.5000 -43.7881 -4.3128
v -7.5000 -39.8074 -3.9207
v -11.0000 9.0000 0.0000
v -11.0000 8.6933 -2.3294
v 12.0000 8.6933 -2.3294
v 12.0000 9.0000 0.0000
v -11.0000 8.6933 -2.3294
v -11.0000 7.7942 -4.5000
v 12.0000 7.7942 -4.5000
v 12.0000 8.6933 -2.3294
v -11.0000 7.7942 -4.5000
v -11.0000 6.3640 -6.3640
v 12.0000 6.3640 -6.3640
v 12.0000 7.7942 -4.5000
v -11.0000 6.3640 -6.3640
v -11.0000 4.5000 -7.7942
v 12.0000 4.5000 -7.7942
v 12.0000 6.3640 -6.3640
v -11.0000 4.5000 -7.7942
v -11.0000 2.3294 -8.6933
v 12.0000 2.3294 -8.6933
v 12.0000 4.5000 -7.7942
v -11.0000 2.3294 -8.6933
v -11.0000 0.0000 -9.0000
v 12.0000 0.0000 -9.0000
v 12.0000 2.3294 -8.6933
v -11.0000 0.0000 -9.0000
v -11.0000 -2.3294 -8.6933
v 12.0000 -2.3294 -8.6933
v 12.0000 0.0000 -9.0000
v -11.0000 -2.3294 -8.6933
v -11.0000 -4.5000 -7.7942
v 12.0000 -4.5000 -7.7942
v 12.0000 -2.3294 -8.6933
v -11.0000 -4.5000 -7.7942
v -11.0000 -6.3640 -6.3640
v 12.0000 -6.3640 -6.3640
v 12.0000 -4.5000 -7.7942
v -11.0000 -6.3640 -6.3640
v -11.0000 -7.7942 -4.5000
v 12.0000 -7.7942 -4.5000
v 12.0000 -6.3640 -6.3640
v -11.0000 -7.7942 -4.5000
v -11.0000 -8.6933 -2.3294
v 12.0000 -8.6933 -2.3294
v 12.0000 -7.7942 -4.5000
v -11.0000 -8.6933 -2.3294
v -11.0000 -9.0000 -0.0000
v 12.0000 -9.0000 -0.0000
v 12.0000 -8.6933 -2.3294
v -11.0000 -9.0000 -0.0000
v -11.0000 -8.6933 2.3294
v 12.0000 -8.6933 2.3294
v 12.0000 -9.0000 -0.0000
v -11.0000 -8.6933 2.3294
v -11.0000 -7.7942 4.5000
v 12.0000 -7.7942 4.5000
v 12.0000 -8.6933 2.3294
v -11.0000 -7.7942 4.5000
v -11.0000 -6.3640 6.3640
v 12.0000 -6.3640 6.3640
v 12.0000 -7.7942 4.5000
v -11.0000 -6.3640 6.3640
v -11.0000 -4.5000 7.7942
v 12.0000 -4.5000 7.7942
v 12.0000 -6.3640 6.3640
v -11.0000 -4.5000 7.7942
v -11.0000 -2.3294 8.6933
v 12.0000 -2.3294 8.6933
v 12.0000 -4.5000 7.7942
v -11.0000 -2.3294 8.6933
v -11.0000 -0.0000 9.0000
v 12.0000 -0.0000 9.0000
v 12.0000 -2.3294 8.6933
v -11.0000 -0.0000 9.0000
v -11.0000 2.3294 8.6933
v 12.0000 2.3294 8.6933
v 12.0000 -0.0000 9.0000
v -11.0000 2.3294 8.6933
v -11.0000 4.5000 7.7942
v 12.0000 4.5000 7.7942
v 12.0000 2.3294 8.6933
v -11.0000 4.5000 7.7942
v -11.0000 6.3640 6.3640
v 12.0000 6.3640 6.3640
v 12.0000 4.5000 7.7942
v -11.0000 6.3640 6.3640
v -11.0000 7.7942 4.5000
v 12.0000 7.7942 4.5000
v 12.0000 6.3640 6.3640
v -11.0000 7.7942 4.5000
v -11.0000 8.6933 2.3294
v 12.0000 8.6933 2.3294
v 12.0000 7.7942 4.5000
v -11.0000 8.6933 2.3294
v -11.0000 9.0000 0.0000
v 12.0000 9.0000 0.0000
v 12.0000 8.6933 2.3294
v -11.0000 8.6933 2.3294
v -11.0000 7.7942 4.5000
v -11.0000 6.3640 6.3640
v -11.0000 4.5000 7.7942
v -11.0000 2.3294 8.6933
v -11.0000 -0.0000 9.0000
v -11.0000 -2.3294 8.6933
v -11.0000 -4.5000 7.7942
v -11.0000 -6.3640 6.3640
v -11.0000 -7.7942 4.5000
v -11.0000 -8.6933 2.3294
v -11.0000 -9.0000 -0.0000
v -11.0000 -8.6933 -2.3294
v -11.0000 -7.7942 -4.5000
v -11.0000 -6.3640 -6.3640
v -11.0000 -4.5000 -7.7942
v -11.0000 -2.3294 -8.6933
v -11.0000 0.0000 -9.0000
v -11.0000 2.3294 -8.6933
v -11.0000 4.5000 -7.7942
v -11.0000 6.3640 -6.3640
v -11.0000 7.7942 -4.5000
v -11.0000 8.6933 -2.3294
v -11.0000 9.0000 0.0000
v 12.0000 9.0000 0.0000
v 12.0000 8.6933 -2.3294
v 12.0000 7.7942 -4.5000
v 12.0000 6.3640 -6.3640
v 12.0000 4.5000 -7.7942
v 12.0000 2.3294 -8.6933
v 12.0000 0.0000 -9.0000
v 12.0000 -2.3294 -8.6933
v 12.0000 -4.5000 -7.7942
v 12.0000 -6.3640 -6.3640
v 12.0000 -7.7942 -4.5000
v 12.0000 -8.6933 -2.3294
v 12.0000 -9.0000 -0.0000
v 12.0000 -8.6933 2.3294
v 12.0000 -7.7942 4.5000
v 12.0000 -6.3640 6.3640
v 12.0000 -4.5000 7.7942
v 12.0000 -2.3294 8.6933
v 12.0000 -0.0000 9.0000
v 12.0000 2.3294 8.6933
v 12.0000 4.5000 7.7942
v 12.0000 6.3640 6.3640
v 12.0000 7.7942 4.5000
v 12.0000 8.6933 2.3294
v 3.2000 -7.0000 0.0000
v 2.2627 -7.3314 -2.2383
v 2.2627 -38.0581 2.3107
v 3.2000 -37.7267 4.5491
v 2.2627 -7.3314 -2.2383
v 0.0000 -7.4686 -3.1655
v 0.0000 -38.1954 1.3836
v 2.2627 -38.0581 2.3107
v 0.0000 -7.4686 -3.1655
v -2.2627 -7.3314 -2.2383
v -2.2627 -38.0581 2.3107
v 0.0000 -38.1954 1.3836
v -2.2627 -7.3314 -2.2383
v -3.2000 -7.0000 -0.0000
v -3.2000 -37.7267 4.5491
v -2.2627 -38.0581 2.3107
v -3.2000 -7.0000 -0.0000
v -2.2627 -6.6686 2.2383
v -2.2627 -37.3953 6.7874
v -3.2000 -37.7267 4.5491
v -2.2627 -6.6686 2.2383
v -0.0000 -6.5314 3.1655
v -0.0000 -37.2581 7.7146
v -2.2627 -37.3953 6.7874
v -0.0000 -6.5314 3.1655
v 2.2627 -6.6686 2.2383
v 2.2627 -37.3953 6.7874
v -0.0000 -37.2581 7.7146
v 2.2627 -6.6686 2.2383
v 3.2000 -7.0000 0.0000
v 3.2000 -37.7267 4.5491
v 2.2627 -37.3953 6.7874
v 2.2627 -6.6686 2.2383
v -0.0000 -6.5314 3.1655
v -2.2627 -6.6686 2.2383
v -3.2000 -7.0000 -0.0000
v -2.2627 -7.3314 -2.2383
v 0.0000 -7.4686 -3.1655
v 2.2627 -7.3314 -2.2383
v 3.2000 -7.0000 0.0000
v 3.2000 -37.7267 4.5491
v 2.2627 -38.0581 2.3107
v 0.0000 -38.1954 1.3836
v -2.2627 -38.0581 2.3107
v -3.2000 -37.7267 4.5491
v -2.2627 -37.3953 6.7874
v -0.0000 -37.2581 7.7146
v 2.2627 -37.3953 6.7874
v 3.2000 -4.9497 4.9497
v 2.2627 -6.7668 3.6013
v 2.2627 -25.2772 28.5451
v 3.2000 -23.4602 29.8935
v 2.2627 -6.7668 3.6013
v 0.0000 -7.5195 3.0428
v 0.0000 -26.0299 27.9865
v 2.2627 -25.2772 28.5451
v 0.0000 -7.5195 3.0428
v -2.2627 -6.7668 3.6013
v -2.2627 -25.2772 28.5451
v 0.0000 -26.0299 27.9865
v -2.2627 -6.7668 3.6013
v -3.2000 -4.9497 4.9497
v -3.2000 -23.4602 29.8935
v -2.2627 -25.2772 28.5451
v -3.2000 -4.9497 4.9497
v -2.2627 -3.1327 6.2982
v -2.2627 -21.6431 31.2419
v -3.2000 -23.4602 29.8935
v -2.2627 -3.1327 6.2982
v -0.0000 -2.3800 6.8567
v -0.0000 -20.8904 31.8005
v -2.2627 -21.6431 31.2419
v -0.0000 -2.3800 6.8567
v 2.2627 -3.1327 6.2982
v 2.2627 -21.6431 31.2419
v -0.0000 -20.8904 31.8005
v 2.2627 -3.1327 6.2982
v 3.2000 -4.9497 4.9497
v 3.2000 -23.4602 29.8935
v 2.2627 -21.6431 31.2419
v 2.2627 -3.1327 6.2982
v -0.0000 -2.3800 6.8567
v -2.2627 -3.1327 6.2982
v -3.2000 -4.9497 4.9497
v -2.2627 -6.7668 3.6013
v 0.0000 -7.5195 3.0428
v 2.2627 -6.7668 3.6013
v 3.2000 -4.9497 4.9497
v 3.2000 -23.4602 29.8935
v 2.2627 -25.2772 28.5451
v 0.0000 -26.0299 27.9865
v -2.2627 -25.2772 28.5451
v -3.2000 -23.4602 29.8935
v -2.2627 -21.6431 31.2419
v -0.0000 -20.8904 31.8005
v 2.2627 -21.6431 31.2419
v -3.2000 -0.0000 7.0000
v -2.2627 2.2383 6.6686
v -2.2627 6.7874 37.3953
v -3.2000 4.5491 37.7267
v -2.2627 2.2383 6.6686
v -0.0000 3.1655 6.5314
v -0.0000 7.7146 37.2581
v -2.2627 6.7874 37.3953
v -0.0000 3.1655 6.5314
v 2.2627 2.2383 6.6686
v 2.2627 6.7874 37.3953
v -0.0000 7.7146 37.2581
v 2.2627 2.2383 6.6686
v 3.2000 -0.0000 7.0000
v 3.2000 4.5491 37.7267
v 2.2627 6.7874 37.3953
v 3.2000 -0.0000 7.0000
v 2.2627 -2.2383 7.3314
v 2.2627 2.3107 38.0581
v 3.2000 4.5491 37.7267
v 2.2627 -2.2383 7.3314
v 0.0000 -3.1655 7.4686
v 0.0000 1.3836 38.1954
v 2.2627 2.3107 38.0581
v 0.0000 -3.1655 7.4686
v -2.2627 -2.2383 7.3314
v -2.2627 2.3107 38.0581
v 0.0000 1.3836 38.1954
v -2.2627 -2.2383 7.3314
v -3.2000 -0.0000 7.0000
v -3.2000 4.5491 37.7267
v -2.2627 2.3107 38.0581
v -2.2627 -2.2383 7.3314
v 0.0000 -3.1655 7.4686
v 2.2627 -2.2383 7.3314
v 3.2000 -0.0000 7.0000
v 2.2627 2.2383 6.6686
v -0.0000 3.1655 6.5314
v -2.2627 2.2383 6.6686
v -3.2000 -0.0000 7.0000
v -3.2000 4.5491 37.7267
v -2.2627 6.7874 37.3953
v -0.0000 7.7146 37.2581
v 2.2627 6.7874 37.3953
v 3.2000 4.5491 37.7267
v 2.2627 2.3107 38.0581
v 0.0000 1.3836 38.1954
v -2.2627 2.3107 38.0581
v -3.2000 4.9497 4.9497
v -2.2627 6.2982 3.1327
v -2.2627 31.2419 21.6431
v -3.2000 29.8935 23.4602
v -2.2627 6.2982 3.1327
v -0.0000 6.8567 2.3800
v -0.0000 31.8005 20.8904
v -2.2627 31.2419 21.6431
v -0.0000 6.8567 2.3800
v 2.2627 6.2982 3.1327
v 2.2627 31.2419 21.6431
v -0.0000 31.8005 20.8904
v 2.2627 6.2982 3.1327
v 3.2000 4.9497 4.9497
v 3.2000 29.8935 23.4602
v 2.2627 31.2419 21.6431
v 3.2000 4.9497 4.9497
v 2.2627 3.6013 6.7668
v 2.2627 28.5451 25.2772
v 3.2000 29.8935 23.4602
v 2.2627 3.6013 6.7668
v 0.0000 3.0428 7.5195
v 0.0000 27.9865 26.0299
v 2.2627 28.5451 25.2772
v 0.0000 3.0428 7.5195
v -2.2627 3.6013 6.7668
v -2.2627 28.5451 25.2772
v 0.0000 27.9865 26.0299
v -2.2627 3.6013 6.7668
v -3.2000 4.9497 4.9497
v -3.2000 29.8935 23.4602
v -2.2627 28.5451 25.2772
v -2.2627 3.6013 6.7668
v 0.0000 3.0428 7.5195
v 2.2627 3.6013 6.7668
v 3.2000 4.9497 4.9497
v 2.2627 6.2982 3.1327
v -0.0000 6.8567 2.3800
v -2.2627 6.2982 3.1327
v -3.2000 4.9497 4.9497
v -3.2000 29.8935 23.4602
v -2.2627 31.2419 21.6431
v -0.0000 31.8005 20.8904
v 2.2627 31.2419 21.6431
v 3.2000 29.8935 23.4602
v 2.2627 28.5451 25.2772
v 0.0000 27.9865 26.0299
v -2.2627 28.5451 25.2772
v -3.2000 7.0000 0.0000
v -2.2627 6.6686 -2.2383
v -2.2627 37.3953 -6.7874
v -3.2000 37.7267 -4.5491
v -2.2627 6.6686 -2.2383
v -0.0000 6.5314 -3.1655
v -0.0000 37.2581 -7.7146
v -2.2627 37.3953 -6.7874
v -0.0000 6.5314 -3.1655
v 2.2627 6.6686 -2.2383
v 2.2627 37.3953 -6.7874
v -0.0000 37.2581 -7.7146
v 2.2627 6.6686 -2.2383
v 3.2000 7.0000 0.0000
v 3.2000 37.7267 -4.5491
v 2.2627 37.3953 -6.7874
v 3.2000 7.0000 0.0000
v 2.2627 7.3314 2.2383
v 2.2627 38.0581 -2.3107
v 3.2000 37.7267 -4.5491
v 2.2627 7.3314 2.2383
v 0.0000 7.4686 3.1655
v 0.0000 38.1954 -1.3836
v 2.2627 38.0581 -2.3107
v 0.0000 7.4686 3.1655
v -2.2627 7.3314 2.2383
v -2.2627 38.0581 -2.3107
v 0.0000 38.1954 -1.3836
v -2.2627 7.3314 2.2383
v -3.2000 7.0000 0.0000
v -3.2000 37.7267 -4.5491
v -2.2627 38.0581 -2.3107
v -2.2627 7.3314 2.2383
v 0.0000 7.4686 3.1655
v 2.2627 7.3314 2.2383
v 3.2000 7.0000 0.0000
v 2.2627 6.6686 -2.2383
v -0.0000 6.5314 -3.1655
v -2.2627 6.6686 -2.2383
v -3.2000 7.0000 0.0000
v -3.2000 37.7267 -4.5491
v -2.2627 37.3953 -6.7874
v -0.0000 37.2581 -7.7146
v 2.2627 37.3953 -6.7874
v 3.2000 37.7267 -4.5491
v 2.2627 38.0581 -2.3107
v 0.0000 38.1954 -1.3836
v -2.2627 38.0581 -2.3107
v -3.2000 4.9497 -4.9497
v -2.2627 3.1327 -6.2982
v -2.2627 21.6431 -31.2419
v -3.2000 23.4602 -29.8935
v -2.2627 3.1327 -6.2982
v -0.0000 2.3800 -6.8567
v -0.0000 20.8904 -31.8005
v -2.2627 21.6431 -31.2419
v -0.0000 2.3800 -6.8567
v 2.2627 3.1327 -6.2982
v 2.2627 21.6431 -31.2419
v -0.0000 20.8904 -31.8005
v 2.2627 3.1327 -6.2982
v 3.2000 4.9497 -4.9497
v 3.2000 23.4602 -29.8935
v 2.2627 21.6431 -31.2419
v 3.2000 4.9497 -4.9497
v 2.2627 6.7668 -3.6013
v 2.2627 25.2772 -28.5451
v 3.2000 23.4602 -29.8935
v 2.2627 6.7668 -3.6013
v 0.0000 7.5195 -3.0428
v 0.0000 26.0299 -27.9865
v 2.2627 25.2772 -28.5451
v 0.0000 7.5195 -3.0428
v -2.2627 6.7668 -3.6013
v -2.2627 25.2772 -28.5451
v 0.0000 26.0299 -27.9865
v -2.2627 6.7668 -3.6013
v -3.2000 4.9497 -4.9497
v -3.2000 23.4602 -29.8935
v -2.2627 25.2772 -28.5451
v -2.2627 6.7668 -3.6013
v 0.0000 7.5195 -3.0428
v 2.2627 6.7668 -3.6013
v 3.2000 4.9497 -4.9497
v 2.2627 3.1327 -6.2982
v -0.0000 2.3800 -6.8567
v -2.2627 3.1327 -6.2982
v -3.2000 4.9497 -4.9497
v -3.2000 23.4602 -29.8935
v -2.2627 21.6431 -31.2419
v -0.0000 20.8904 -31.8005
v 2.2627 21.6431 -31.2419
v 3.2000 23.4602 -29.8935
v 2.2627 25.2772 -28.5451
v 0.0000 26.0299 -27.9865
v -2.2627 25.2772 -28.5451
v 3.2000 0.0000 -7.0000
v 2.2627 2.2383 -7.3314
v 2.2627 -2.3107 -38.0581
v 3.2000 -4.5491 -37.7267
v 2.2627 2.2383 -7.3314
v 0.0000 3.1655 -7.4686
v 0.0000 -1.3836 -38.1954
v 2.2627 -2.3107 -38.0581
v 0.0000 3.1655 -7.4686
v -2.2627 2.2383 -7.3314
v -2.2627 -2.3107 -38.0581
v 0.0000 -1.3836 -38.1954
v -2.2627 2.2383 -7.3314
v -3.2000 0.0000 -7.0000
v -3.2000 -4.5491 -37.7267
v -2.2627 -2.3107 -38.0581
v -3.2000 0.0000 -7.0000
v -2.2627 -2.2383 -6.6686
v -2.2627 -6.7874 -37.3953
v -3.2000 -4.5491 -37.7267
v -2.2627 -2.2383 -6.6686
v -0.0000 -3.1655 -6.5314
v -0.0000 -7.7146 -37.2581
v -2.2627 -6.7874 -37.3953
v -0.0000 -3.1655 -6.5314
v 2.2627 -2.2383 -6.6686
v 2.2627 -6.7874 -37.3953
v -0.0000 -7.7146 -37.2581
v 2.2627 -2.2383 -6.6686
v 3.2000 0.0000 -7.0000
v 3.2000 -4.5491 -37.7267
v 2.2627 -6.7874 -37.3953
v 2.2627 -2.2383 -6.6686
v -0.0000 -3.1655 -6.5314
v -2.2627 -2.2383 -6.6686
v -3.2000 0.0000 -7.0000
v -2.2627 2.2383 -7.3314
v 0.0000 3.1655 -7.4686
v 2.2627 2.2383 -7.3314
v 3.2000 0.0000 -7.0000
v 3.2000 -4.5491 -37.7267
v 2.2627 -2.3107 -38.0581
v 0.0000 -1.3836 -38.1954
v -2.2627 -2.3107 -38.0581
v -3.2000 -4.5491 -37.7267
v -2.2627 -6.7874 -37.3953
v -0.0000 -7.7146 -37.2581
v 2.2627 -6.7874 -37.3953
v 3.2000 -4.9497 -4.9497
v 2.2627 -3.6013 -6.7668
v 2.2627 -28.5451 -25.2772
v 3.2000 -29.8935 -23.4602
v 2.2627 -3.6013 -6.7668
v 0.0000 -3.0428 -7.5195
v 0.0000 -27.9865 -26.0299
v 2.2627 -28.5451 -25.2772
v 0.0000 -3.0428 -7.5195
v -2.2627 -3.6013 -6.7668
v -2.2627 -28.5451 -25.2772
v 0.0000 -27.9865 -26.0299
v -2.2627 -3.6013 -6.7668
v -3.2000 -4.9497 -4.9497
v -3.2000 -29.8935 -23.4602
v -2.2627 -28.5451 -25.2772
v -3.2000 -4.9497 -4.9497
v -2.2627 -6.2982 -3.1327
v -2.2627 -31.2419 -21.6431
v -3.2000 -29.8935 -23.4602
v -2.2627 -6.2982 -3.1327
v -0.0000 -6.8567 -2.3800
v -0.0000 -31.8005 -20.8904
v -2.2627 -31.2419 -21.6431
v -0.0000 -6.8567 -2.3800
v 2.2627 -6.2982 -3.1327
v 2.2627 -31.2419 -21.6431
v -0.0000 -31.8005 -20.8904
v 2.2627 -6.2982 -3.1327
v 3.2000 -4.9497 -4.9497
v 3.2000 -29.8935 -23.4602
v 2.2627 -31.2419 -21.6431
v 2.2627 -6.2982 -3.1327
v -0.0000 -6.8567 -2.3800
v -2.2627 -6.2982 -3.1327
v -3.2000 -4.9497 -4.9497
v -2.2627 -3.6013 -6.7668
v 0.0000 -3.0428 -7.5195
v 2.2627 -3.6013 -6.7668
v 3.2000 -4.9497 -4.9497
v 3.2000 -29.8935 -23.4602
v 2.2627 -28.5451 -25.2772
v 0.0000 -27.9865 -26.0299
v -2.2627 -28.5451 -25.2772
v -3.2000 -29.8935 -23.4602
v -2.2627 -31.2419 -21.6431
v -0.0000 -31.8005 -20.8904
v 2.2627 -31.2419 -21.6431
vt 0.000000 -0.034375
vt 0.027567 -0.034375
vt 0.027567 0.034375
vt 0.000000 0.034375
vt 0.022054 -0.034375
vt 0.000000 -0.034375
vt 0.000000 0.034375
vt 0.022054 0.034375
vt 0.225000 0.000000
vt 0.281250 0.000000
vt 0.279896 0.027567
vt 0.223917 0.022054
vt 0.223917 0.022054
vt 0.279896 0.027567
vt 0.281250 0.000000
vt 0.225000 0.000000
vt 0.027567 -0.034375
vt 0.054869 -0.034375
vt 0.054869 0.034375
vt 0.027567 0.034375
vt 0.043895 -0.034375
vt 0.022054 -0.034375
vt 0.022054 0.034375
vt 0.043895 0.034375
vt 0.223917 0.022054
vt 0.279896 0.027567
vt 0.275846 0.054869
vt 0.220677 0.043895
vt 0.220677 0.043895
vt 0.275846 0.054869
vt 0.279896 0.027567
vt 0.223917 0.022054
vt 0.054869 -0.034375
vt 0.081643 -0.034375
vt 0.081643 0.034375
vt 0.054869 0.034375
vt 0.065314 -0.034375
vt 0.043895 -0.034375
vt 0.043895 0.034375
vt 0.065314 0.034375
vt 0.220677 0.043895
vt 0.275846 0.054869
vt 0.269139 0.081643
vt 0.215312 0.065314
vt 0.215312 0.065314
vt 0.269139 0.081643
vt 0.275846 0.054869
vt 0.220677 0.043895
vt 0.081643 -0.034375
vt 0.107630 -0.034375
vt 0.107630 0.034375
vt 0.081643 0.034375
vt 0.086104 -0.034375
vt 0.065314 -0.034375
vt 0.065314 0.034375
vt 0.086104 0.034375
vt 0.215312 0.065314
vt 0.269139 0.081643
vt 0.259841 0.107630
vt 0.207873 0.086104
vt 0.207873 0.086104
vt 0.259841 0.107630
vt 0.269139 0.081643
vt 0.215312 0.065314
vt 0.107630 -0.034375
vt 0.132580 -0.034375
vt 0.132580 0.034375
vt 0.107630 0.034375
vt 0.106064 -0.034375
vt 0.086104 -0.034375
vt 0.086104 0.034375
vt 0.106064 0.034375
vt 0.207873 0.086104
vt 0.259841 0.107630
vt 0.248040 0.132580
vt 0.198432 0.106064
vt 0.198432 0.106064
vt 0.248040 0.132580
vt 0.259841 0.107630
vt 0.207873 0.086104
vt 0.132580 -0.034375
vt 0.156254 -0.034375
vt 0.156254 0.034375
vt 0.132580 0.034375
vt 0.125003 -0.034375
vt 0.106064 -0.034375
vt 0.106064 0.034375
vt 0.125003 0.034375
vt 0.198432 0.106064
vt 0.248040 0.132580
vt 0.233851 0.156254
vt 0.187081 0.125003
vt 0.187081 0.125003
vt 0.233851 0.156254
vt 0.248040 0.132580
vt 0.198432 0.106064
vt 0.156254 -0.034375
vt 0.178423 -0.034375
vt 0.178423 0.034375
vt 0.156254 0.034375
vt 0.142738 -0.034375
vt 0.125003 -0.034375
vt 0.125003 0.034375
vt 0.142738 0.034375
vt 0.187081 0.125003
vt 0.233851 0.156254
vt 0.217409 0.178423
vt 0.173927 0.142738
vt 0.173927 0.142738
vt 0.217409 0.178423
vt 0.233851 0.156254
vt 0.187081 0.125003
vt 0.178423 -0.034375
vt 0.198874 -0.034375
vt 0.198874 0.034375
vt 0.178423 0.034375
vt 0.159099 -0.034375
vt 0.142738 -0.034375
vt 0.142738 0.034375
vt 0.159099 0.034375
vt 0.173927 0.142738
vt 0.217409 0.178423
vt 0.198874 0.198874
vt 0.159099 0.159099
vt 0.159099 0.159099
vt 0.198874 0.198874
vt 0.217409 0.178423
vt 0.173927 0.142738
vt 0.198874 -0.034375
vt 0.178423 -0.034375
vt 0.178423 0.034375
vt 0.198874 0.034375
vt 0.142738 -0.034375
vt 0.159099 -0.034375
vt 0.159099 0.034375
vt 0.142738 0.034375
vt 0.159099 0.159099
vt 0.198874 0.198874
vt 0.178423 0.217409
vt 0.142738 0.173927
vt 0.142738 0.173927
vt 0.178423 0.217409
vt 0.198874 0.198874
vt 0.159099 0.159099
vt 0.178423 -0.034375
vt 0.156254 -0.034375
vt 0.156254 0.034375
vt 0.178423 0.034375
vt 0.125003 -0.034375
vt 0.142738 -0.034375
vt 0.142738 0.034375
vt 0.125003 0.034375
vt 0.142738 0.173927
vt 0.178423 0.217409
vt 0.156254 0.233851
vt 0.125003 0.187081
vt 0.125003 0.187081
vt 0.156254 0.233851
vt 0.178423 0.217409
vt 0.142738 0.173927
vt 0.156254 -0.034375
vt 0.132580 -0.034375
vt 0.132580 0.034375
vt 0.156254 0.034375
vt 0.106064 -0.034375
vt 0.125003 -0.034375
vt 0.125003 0.034375
vt 0.106064 0.034375
vt 0.125003 0.187081
vt 0.156254 0.233851
vt 0.132580 0.248040
vt 0.106064 0.198432
vt 0.106064 0.198432
vt 0.132580 0.248040
vt 0.156254 0.233851
vt 0.125003 0.187081
vt 0.132580 -0.034375
vt 0.107630 -0.034375
vt 0.107630 0.034375
vt 0.132580 0.034375
vt 0.086104 -0.034375
vt 0.106064 -0.034375
vt 0.106064 0.034375
vt 0.086104 0.034375
vt 0.106064 0.198432
vt 0.132580 0.248040
vt 0.107630 0.259841
vt 0.086104 0.207873
vt 0.086104 0.207873
vt 0.107630 0.259841
vt 0.132580 0.248040
vt 0.106064 0.198432
vt 0.107630 -0.034375
vt 0.081643 -0.034375
vt 0.081643 0.034375
vt 0.107630 0.034375
vt 0.065314 -0.034375
vt 0.086104 -0.034375
vt 0.086104 0.034375
vt 0.065314 0.034375
vt 0.086104 0.207873
vt 0.107630 0.259841
vt 0.081643 0.269139
vt 0.065314 0.215312
vt 0.065314 0.215312
vt 0.081643 0.269139
vt 0.107630 0.259841
vt 0.086104 0.207873
vt 0.081643 -0.034375
vt 0.054869 -0.034375
vt 0.054869 0.034375
vt 0.081643 0.034375
vt 0.043895 -0.034375
vt 0.065314 -0.034375
vt 0.065314 0.034375
vt 0.043895 0.034375
vt 0.065314 0.215312
vt 0.081643 0.269139
vt 0.054869 0.275846
vt 0.043895 0.220677
vt 0.043895 0.220677
vt 0.054869 0.275846
vt 0.081643 0.269139
vt 0.065314 0.215312
vt 0.054869 -0.034375
vt 0.027567 -0.034375
vt 0.027567 0.034375
vt 0.054869 0.034375
vt 0.022054 -0.034375
vt 0.043895 -0.034375
vt 0.043895 0.034375
vt 0.022054 0.034375
vt 0.043895 0.220677
vt 0.054869 0.275846
vt 0.027567 0.279896
vt 0.022054 0.223917
vt 0.022054 0.223917
vt 0.027567 0.279896
vt 0.054869 0.275846
vt 0.043895 0.220677
vt 0.027567 -0.034375
vt 0.000000 -0.034375
vt 0.000000 0.034375
vt 0.027567 0.034375
vt 0.000000 -0.034375
vt 0.022054 -0.034375
vt 0.022054 0.034375
vt 0.000000 0.034375
vt 0.022054 0.223917
vt 0.027567 0.279896
vt 0.000000 0.281250
vt 0.000000 0.225000
vt 0.000000 0.225000
vt 0.000000 0.281250
vt 0.027567 0.279896
vt 0.022054 0.223917
vt 0.000000 -0.034375
vt -0.027567 -0.034375
vt -0.027567 0.034375
vt 0.000000 0.034375
vt -0.022054 -0.034375
vt 0.000000 -0.034375
vt 0.000000 0.034375
vt -0.022054 0.034375
vt 0.000000 0.225000
vt 0.000000 0.281250
vt -0.027567 0.279896
vt -0.022054 0.223917
vt -0.022054 0.223917
vt -0.027567 0.279896
vt 0.000000 0.281250
vt 0.000000 0.225000
vt -0.027567 -0.034375
vt -0.054869 -0.034375
vt -0.054869 0.034375
vt -0.027567 0.034375
vt -0.043895 -0.034375
vt -0.022054 -0.034375
vt -0.022054 0.034375
vt -0.043895 0.034375
vt -0.022054 0.223917
vt -0.027567 0.279896
vt -0.054869 0.275846
vt -0.043895 0.220677
vt -0.043895 0.220677
vt -0.054869 0.275846
vt -0.027567 0.279896
vt -0.022054 0.223917
vt -0.054869 -0.034375
vt -0.081643 -0.034375
vt -0.081643 0.034375
vt -0.054869 0.034375
vt -0.065314 -0.034375
vt -0.043895 -0.034375
vt -0.043895 0.034375
vt -0.065314 0.034375
vt -0.043895 0.220677
vt -0.054869 0.275846
vt -0.081643 0.269139
vt -0.065314 0.215312
vt -0.065314 0.215312
vt -0.081643 0.269139
vt -0.054869 0.275846
vt -0.043895 0.220677
vt -0.081643 -0.034375
vt -0.107630 -0.034375
vt -0.107630 0.034375
vt -0.081643 0.034375
vt -0.086104 -0.034375
vt -0.065314 -0.034375
vt -0.065314 0.034375
vt -0.086104 0.034375
vt -0.065314 0.215312
vt -0.081643 0.269139
vt -0.107630 0.259841
vt -0.086104 0.207873
vt -0.086104 0.207873
vt -0.107630 0.259841
vt -0.081643 0.269139
vt -0.065314 0.215312
vt -0.107630 -0.034375
vt -0.132580 -0.034375
vt -0.132580 0.034375
vt -0.107630 0.034375
vt -0.106064 -0.034375
vt -0.086104 -0.034375
vt -0.086104 0.034375
vt -0.106064 0.034375
vt -0.086104 0.207873
vt -0.107630 0.259841
vt -0.132580 0.248040
vt -0.106064 0.198432
vt -0.106064 0.198432
vt -0.132580 0.248040
vt -0.107630 0.259841
vt -0.086104 0.207873
vt -0.132580 -0.034375
vt -0.156254 -0.034375
vt -0.156254 0.034375
vt -0.132580 0.034375
vt -0.125003 -0.034375
vt -0.106064 -0.034375
vt -0.106064 0.034375
vt -0.125003 0.034375
vt -0.106064 0.198432
vt -0.132580 0.248040
vt -0.156254 0.233851
vt -0.125003 0.187081
vt -0.125003 0.187081
vt -0.156254 0.233851
vt -0.132580 0.248040
vt -0.106064 0.198432
vt -0.156254 -0.034375
vt -0.178423 -0.034375
vt -0.178423 0.034375
vt -0.156254 0.034375
vt -0.142738 -0.034375
vt -0.125003 -0.034375
vt -0.125003 0.034375
vt -0.142738 0.034375
vt -0.125003 0.187081
vt -0.156254 0.233851
vt -0.178423 0.217409
vt -0.142738 0.173927
vt -0.142738 0.173927
vt -0.178423 0.217409
vt -0.156254 0.233851
vt -0.125003 0.187081
vt -0.178423 -0.034375
vt -0.198874 -0.034375
vt -0.198874 0.034375
vt -0.178423 0.034375
vt -0.159099 -0.034375
vt -0.142738 -0.034375
vt -0.142738 0.034375
vt -0.159099 0.034375
vt -0.142738 0.173927
vt -0.178423 0.217409
vt -0.198874 0.198874
vt -0.159099 0.159099
vt -0.159099 0.159099
vt -0.198874 0.198874
vt -0.178423 0.217409
vt -0.142738 0.173927
vt 0.198874 -0.034375
vt 0.178423 -0.034375
vt 0.178423 0.034375
vt 0.198874 0.034375
vt 0.142738 -0.034375
vt 0.159099 -0.034375
vt 0.159099 0.034375
vt 0.142738 0.034375
vt -0.159099 0.159099
vt -0.198874 0.198874
vt -0.217409 0.178423
vt -0.173927 0.142738
vt -0.173927 0.142738
vt -0.217409 0.178423
vt -0.198874 0.198874
vt -0.159099 0.159099
vt 0.178423 -0.034375
vt 0.156254 -0.034375
vt 0.156254 0.034375
vt 0.178423 0.034375
vt 0.125003 -0.034375
vt 0.142738 -0.034375
vt 0.142738 0.034375
vt 0.125003 0.034375
vt -0.173927 0.142738
vt -0.217409 0.178423
vt -0.233851 0.156254
vt -0.187081 0.125003
vt -0.187081 0.125003
vt -0.233851 0.156254
vt -0.217409 0.178423
vt -0.173927 0.142738
vt 0.156254 -0.034375
vt 0.132580 -0.034375
vt 0.132580 0.034375
vt 0.156254 0.034375
vt 0.106064 -0.034375
vt 0.125003 -0.034375
vt 0.125003 0.034375
vt 0.106064 0.034375
vt -0.187081 0.125003
vt -0.233851 0.156254
vt -0.248040 0.132580
vt -0.198432 0.106064
vt -0.198432 0.106064
vt -0.248040 0.132580
vt -0.233851 0.156254
vt -0.187081 0.125003
vt 0.132580 -0.034375
vt 0.107630 -0.034375
vt 0.107630 0.034375
vt 0.132580 0.034375
vt 0.086104 -0.034375
vt 0.106064 -0.034375
vt 0.106064 0.034375
vt 0.086104 0.034375
vt -0.198432 0.106064
vt -0.248040 0.132580
vt -0.259841 0.107630
vt -0.207873 0.086104
vt -0.207873 0.086104
vt -0.259841 0.107630
vt -0.248040 0.132580
vt -0.198432 0.106064
vt 0.107630 -0.034375
vt 0.081643 -0.034375
vt 0.081643 0.034375
vt 0.107630 0.034375
vt 0.065314 -0.034375
vt 0.086104 -0.034375
vt 0.086104 0.034375
vt 0.065314 0.034375
vt -0.207873 0.086104
vt -0.259841 0.107630
vt -0.269139 0.081643
vt -0.215312 0.065314
vt -0.215312 0.065314
vt -0.269139 0.081643
vt -0.259841 0.107630
vt -0.207873 0.086104
vt 0.081643 -0.034375
vt 0.054869 -0.034375
vt 0.054869 0.034375
vt 0.081643 0.034375
vt 0.043895 -0.034375
vt 0.065314 -0.034375
vt 0.065314 0.034375
vt 0.043895 0.034375
vt -0.215312 0.065314
vt -0.269139 0.081643
vt -0.275846 0.054869
vt -0.220677 0.043895
vt -0.220677 0.043895
vt -0.275846 0.054869
vt -0.269139 0.081643
vt -0.215312 0.065314
vt 0.054869 -0.034375
vt 0.027567 -0.034375
vt 0.027567 0.034375
vt 0.054869 0.034375
vt 0.022054 -0.034375
vt 0.043895 -0.034375
vt 0.043895 0.034375
vt 0.022054 0.034375
vt -0.220677 0.043895
vt -0.275846 0.054869
vt -0.279896 0.027567
vt -0.223917 0.022054
vt -0.223917 0.022054
vt -0.279896 0.027567
vt -0.275846 0.054869
vt -0.220677 0.043895
vt 0.027567 -0.034375
vt 0.000000 -0.034375
vt 0.000000 0.034375
vt 0.027567 0.034375
vt 0.000000 -0.034375
vt 0.022054 -0.034375
vt 0.022054 0.034375
vt 0.000000 0.034375
vt -0.223917 0.022054
vt -0.279896 0.027567
vt -0.281250 0.000000
vt -0.225000 0.000000
vt -0.225000 0.000000
vt -0.281250 0.000000
vt -0.279896 0.027567
vt -0.223917 0.022054
vt 0.000000 -0.034375
vt -0.027567 -0.034375
vt -0.027567 0.034375
vt 0.000000 0.034375
vt -0.022054 -0.034375
vt 0.000000 -0.034375
vt 0.000000 0.034375
vt -0.022054 0.034375
vt -0.225000 0.000000
vt -0.281250 0.000000
vt -0.279896 -0.027567
vt -0.223917 -0.022054
vt -0.223917 -0.022054
vt -0.279896 -0.027567
vt -0.281250 0.000000
vt -0.225000 0.000000
vt -0.027567 -0.034375
vt -0.054869 -0.034375
vt -0.054869 0.034375
vt -0.027567 0.034375
vt -0.043895 -0.034375
vt -0.022054 -0.034375
vt -0.022054 0.034375
vt -0.043895 0.034375
vt -0.223917 -0.022054
vt -0.279896 -0.027567
vt -0.275846 -0.054869
vt -0.220677 -0.043895
vt -0.220677 -0.043895
vt -0.275846 -0.054869
vt -0.279896 -0.027567
vt -0.223917 -0.022054
vt -0.054869 -0.034375
vt -0.081643 -0.034375
vt -0.081643 0.034375
vt -0.054869 0.034375
vt -0.065314 -0.034375
vt -0.043895 -0.034375
vt -0.043895 0.034375
vt -0.065314 0.034375
vt -0.220677 -0.043895
vt -0.275846 -0.054869
vt -0.269139 -0.081643
vt -0.215312 -0.065314
vt -0.215312 -0.065314
vt -0.269139 -0.081643
vt -0.275846 -0.054869
vt -0.220677 -0.043895
vt -0.081643 -0.034375
vt -0.107630 -0.034375
vt -0.107630 0.034375
vt -0.081643 0.034375
vt -0.086104 -0.034375
vt -0.065314 -0.034375
vt -0.065314 0.034375
vt -0.086104 0.034375
vt -0.215312 -0.065314
vt -0.269139 -0.081643
vt -0.259841 -0.107630
vt -0.207873 -0.086104
vt -0.207873 -0.086104
vt -0.259841 -0.107630
vt -0.269139 -0.081643
vt -0.215312 -0.065314
vt -0.107630 -0.034375
vt -0.132580 -0.034375
vt -0.132580 0.034375
vt -0.107630 0.034375
vt -0.106064 -0.034375
vt -0.086104 -0.034375
vt -0.086104 0.034375
vt -0.106064 0.034375
vt -0.207873 -0.086104
vt -0.259841 -0.107630
vt -0.248040 -0.132580
vt -0.198432 -0.106064
vt -0.198432 -0.106064
vt -0.248040 -0.132580
vt -0.259841 -0.107630
vt -0.207873 -0.086104
vt -0.132580 -0.034375
vt -0.156254 -0.034375
vt -0.156254 0.034375
vt -0.132580 0.034375
vt -0.125003 -0.034375
vt -0.106064 -0.034375
vt -0.106064 0.034375
vt -0.125003 0.034375
vt -0.198432 -0.106064
vt -0.248040 -0.132580
vt -0.233851 -0.156254
vt -0.187081 -0.125003
vt -0.187081 -0.125003
vt -0.233851 -0.156254
vt -0.248040 -0.132580
vt -0.198432 -0.106064
vt -0.156254 -0.034375
vt -0.178423 -0.034375
vt -0.178423 0.034375
vt -0.156254 0.034375
vt -0.142738 -0.034375
vt -0.125003 -0.034375
vt -0.125003 0.034375
vt -0.142738 0.034375
vt -0.187081 -0.125003
vt -0.233851 -0.156254
vt -0.217409 -0.178423
vt -0.173927 -0.142738
vt -0.173927 -0.142738
vt -0.217409 -0.178423
vt -0.233851 -0.156254
vt -0.187081 -0.125003
vt -0.178423 -0.034375
vt -0.198874 -0.034375
vt -0.198874 0.034375
vt -0.178423 0.034375
vt -0.159099 -0.034375
vt -0.142738 -0.034375
vt -0.142738 0.034375
vt -0.159099 0.034375
vt -0.173927 -0.142738
vt -0.217409 -0.178423
vt -0.198874 -0.198874
vt -0.159099 -0.159099
vt -0.159099 -0.159099
vt -0.198874 -0.198874
vt -0.217409 -0.178423
vt -0.173927 -0.142738
vt -0.198874 -0.034375
vt -0.178423 -0.034375
vt -0.178423 0.034375
vt -0.198874 0.034375
vt -0.142738 -0.034375
vt -0.159099 -0.034375
vt -0.159099 0.034375
vt -0.142738 0.034375
vt -0.159099 -0.159099
vt -0.198874 -0.198874
vt -0.178423 -0.217409
vt -0.142738 -0.173927
vt -0.142738 -0.173927
vt -0.178423 -0.217409
vt -0.198874 -0.198874
vt -0.159099 -0.159099
vt -0.178423 -0.034375
vt -0.156254 -0.034375
vt -0.156254 0.034375
vt -0.178423 0.034375
vt -0.125003 -0.034375
vt -0.142738 -0.034375
vt -0.142738 0.034375
vt -0.125003 0.034375
vt -0.142738 -0.173927
vt -0.178423 -0.217409
vt -0.156254 -0.233851
vt -0.125003 -0.187081
vt -0.125003 -0.187081
vt -0.156254 -0.233851
vt -0.178423 -0.217409
vt -0.142738 -0.173927
vt -0.156254 -0.034375
vt -0.132580 -0.034375
vt -0.132580 0.034375
vt -0.156254 0.034375
vt -0.106064 -0.034375
vt -0.125003 -0.034375
vt -0.125003 0.034375
vt -0.106064 0.034375
vt -0.125003 -0.187081
vt -0.156254 -0.233851
vt -0.132580 -0.248040
vt -0.106064 -0.198432
vt -0.106064 -0.198432
vt -0.132580 -0.248040
vt -0.156254 -0.233851
vt -0.125003 -0.187081
vt -0.132580 -0.034375
vt -0.107630 -0.034375
vt -0.107630 0.034375
vt -0.132580 0.034375
vt -0.086104 -0.034375
vt -0.106064 -0.034375
vt -0.106064 0.034375
vt -0.086104 0.034375
vt -0.106064 -0.198432
vt -0.132580 -0.248040
vt -0.107630 -0.259841
vt -0.086104 -0.207873
vt -0.086104 -0.207873
vt -0.107630 -0.259841
vt -0.132580 -0.248040
vt -0.106064 -0.198432
vt -0.107630 -0.034375
vt -0.081643 -0.034375
vt -0.081643 0.034375
vt -0.107630 0.034375
vt -0.065314 -0.034375
vt -0.086104 -0.034375
vt -0.086104 0.034375
vt -0.065314 0.034375
vt -0.086104 -0.207873
vt -0.107630 -0.259841
vt -0.081643 -0.269139
vt -0.065314 -0.215312
vt -0.065314 -0.215312
vt -0.081643 -0.269139
vt -0.107630 -0.259841
vt -0.086104 -0.207873
vt -0.081643 -0.034375
vt -0.054869 -0.034375
vt -0.054869 0.034375
vt -0.081643 0.034375
vt -0.043895 -0.034375
vt -0.065314 -0.034375
vt -0.065314 0.034375
vt -0.043895 0.034375
vt -0.065314 -0.215312
vt -0.081643 -0.269139
vt -0.054869 -0.275846
vt -0.043895 -0.220677
vt -0.043895 -0.220677
vt -0.054869 -0.275846
vt -0.081643 -0.269139
vt -0.065314 -0.215312
vt -0.054869 -0.034375
vt -0.027567 -0.034375
vt -0.027567 0.034375
vt -0.054869 0.034375
vt -0.022054 -0.034375
vt -0.043895 -0.034375
vt -0.043895 0.034375
vt -0.022054 0.034375
vt -0.043895 -0.220677
vt -0.054869 -0.275846
vt -0.027567 -0.279896
vt -0.022054 -0.223917
vt -0.022054 -0.223917
vt -0.027567 -0.279896
vt -0.054869 -0.275846
vt -0.043895 -0.220677
vt -0.027567 -0.034375
vt -0.000000 -0.034375
vt -0.000000 0.034375
vt -0.027567 0.034375
vt -0.000000 -0.034375
vt -0.022054 -0.034375
vt -0.022054 0.034375
vt -0.000000 0.034375
vt -0.022054 -0.223917
vt -0.027567 -0.279896
vt -0.000000 -0.281250
vt -0.000000 -0.225000
vt -0.000000 -0.225000
vt -0.000000 -0.281250
vt -0.027567 -0.279896
vt -0.022054 -0.223917
vt -0.000000 -0.034375
vt 0.027567 -0.034375
vt 0.027567 0.034375
vt -0.000000 0.034375
vt 0.022054 -0.034375
vt -0.000000 -0.034375
vt -0.000000 0.034375
vt 0.022054 0.034375
vt -0.000000 -0.225000
vt -0.000000 -0.281250
vt 0.027567 -0.279896
vt 0.022054 -0.223917
vt 0.022054 -0.223917
vt 0.027567 -0.279896
vt -0.000000 -0.281250
vt -0.000000 -0.225000
vt 0.027567 -0.034375
vt 0.054869 -0.034375
vt 0.054869 0.034375
vt 0.027567 0.034375
vt 0.043895 -0.034375
vt 0.022054 -0.034375
vt 0.022054 0.034375
vt 0.043895 0.034375
vt 0.022054 -0.223917
vt 0.027567 -0.279896
vt 0.054869 -0.275846
vt 0.043895 -0.220677
vt 0.043895 -0.220677
vt 0.054869 -0.275846
vt 0.027567 -0.279896
vt 0.022054 -0.223917
vt 0.054869 -0.034375
vt 0.081643 -0.034375
vt 0.081643 0.034375
vt 0.054869 0.034375
vt 0.065314 -0.034375
vt 0.043895 -0.034375
vt 0.043895 0.034375
vt 0.065314 0.034375
vt 0.043895 -0.220677
vt 0.054869 -0.275846
vt 0.081643 -0.269139
vt 0.065314 -0.215312
vt 0.065314 -0.215312
vt 0.081643 -0.269139
vt 0.054869 -0.275846
vt 0.043895 -0.220677
vt 0.081643 -0.034375
vt 0.107630 -0.034375
vt 0.107630 0.034375
vt 0.081643 0.034375
vt 0.086104 -0.034375
vt 0.065314 -0.034375
vt 0.065314 0.034375
vt 0.086104 0.034375
vt 0.065314 -0.215312
vt 0.081643 -0.269139
vt 0.107630 -0.259841
vt 0.086104 -0.207873
vt 0.086104 -0.207873
vt 0.107630 -0.259841
vt 0.081643 -0.269139
vt 0.065314 -0.215312
vt 0.107630 -0.034375
vt 0.132580 -0.034375
vt 0.132580 0.034375
vt 0.107630 0.034375
vt 0.106064 -0.034375
vt 0.086104 -0.034375
vt 0.086104 0.034375
vt 0.106064 0.034375
vt 0.086104 -0.207873
vt 0.107630 -0.259841
vt 0.132580 -0.248040
vt 0.106064 -0.198432
vt 0.106064 -0.198432
vt 0.132580 -0.248040
vt 0.107630 -0.259841
vt 0.086104 -0.207873
vt 0.132580 -0.034375
vt 0.156254 -0.034375
vt 0.156254 0.034375
vt 0.132580 0.034375
vt 0.125003 -0.034375
vt 0.106064 -0.034375
vt 0.106064 0.034375
vt 0.125003 0.034375
vt 0.106064 -0.198432
vt 0.132580 -0.248040
vt 0.156254 -0.233851
vt 0.125003 -0.187081
vt 0.125003 -0.187081
vt 0.156254 -0.233851
vt 0.132580 -0.248040
vt 0.106064 -0.198432
vt 0.156254 -0.034375
vt 0.178423 -0.034375
vt 0.178423 0.034375
vt 0.156254 0.034375
vt 0.142738 -0.034375
vt 0.125003 -0.034375
vt 0.125003 0.034375
vt 0.142738 0.034375
vt 0.125003 -0.187081
vt 0.156254 -0.233851
vt 0.178423 -0.217409
vt 0.142738 -0.173927
vt 0.142738 -0.173927
vt 0.178423 -0.217409
vt 0.156254 -0.233851
vt 0.125003 -0.187081
vt 0.178423 -0.034375
vt 0.198874 -0.034375
vt 0.198874 0.034375
vt 0.178423 0.034375
vt 0.159099 -0.034375
vt 0.142738 -0.034375
vt 0.142738 0.034375
vt 0.159099 0.034375
vt 0.142738 -0.173927
vt 0.178423 -0.217409
vt 0.198874 -0.198874
vt 0.159099 -0.159099
vt 0.159099 -0.159099
vt 0.198874 -0.198874
vt 0.178423 -0.217409
vt 0.142738 -0.173927
vt -0.198874 -0.034375
vt -0.178423 -0.034375
vt -0.178423 0.034375
vt -0.198874 0.034375
vt -0.142738 -0.034375
vt -0.159099 -0.034375
vt -0.159099 0.034375
vt -0.142738 0.034375
vt 0.159099 -0.159099
vt 0.198874 -0.198874
vt 0.217409 -0.178423
vt 0.173927 -0.142738
vt 0.173927 -0.142738
vt 0.217409 -0.178423
vt 0.198874 -0.198874
vt 0.159099 -0.159099
vt -0.178423 -0.034375
vt -0.156254 -0.034375
vt -0.156254 0.034375
vt -0.178423 0.034375
vt -0.125003 -0.034375
vt -0.142738 -0.034375
vt -0.142738 0.034375
vt -0.125003 0.034375
vt 0.173927 -0.142738
vt 0.217409 -0.178423
vt 0.233851 -0.156254
vt 0.187081 -0.125003
vt 0.187081 -0.125003
vt 0.233851 -0.156254
vt 0.217409 -0.178423
vt 0.173927 -0.142738
vt -0.156254 -0.034375
vt -0.132580 -0.034375
vt -0.132580 0.034375
vt -0.156254 0.034375
vt -0.106064 -0.034375
vt -0.125003 -0.034375
vt -0.125003 0.034375
vt -0.106064 0.034375
vt 0.187081 -0.125003
vt 0.233851 -0.156254
vt 0.248040 -0.132580
vt 0.198432 -0.106064
vt 0.198432 -0.106064
vt 0.248040 -0.132580
vt 0.233851 -0.156254
vt 0.187081 -0.125003
vt -0.132580 -0.034375
vt -0.107630 -0.034375
vt -0.107630 0.034375
vt -0.132580 0.034375
vt -0.086104 -0.034375
vt -0.106064 -0.034375
vt -0.106064 0.034375
vt -0.086104 0.034375
vt 0.198432 -0.106064
vt 0.248040 -0.132580
vt 0.259841 -0.107630
vt 0.207873 -0.086104
vt 0.207873 -0.086104
vt 0.259841 -0.107630
vt 0.248040 -0.132580
vt 0.198432 -0.106064
vt -0.107630 -0.034375
vt -0.081643 -0.034375
vt -0.081643 0.034375
vt -0.107630 0.034375
vt -0.065314 -0.034375
vt -0.086104 -0.034375
vt -0.086104 0.034375
vt -0.065314 0.034375
vt 0.207873 -0.086104
vt 0.259841 -0.107630
vt 0.269139 -0.081643
vt 0.215312 -0.065314
vt 0.215312 -0.065314
vt 0.269139 -0.081643
vt 0.259841 -0.107630
vt 0.207873 -0.086104
vt -0.081643 -0.034375
vt -0.054869 -0.034375
vt -0.054869 0.034375
vt -0.081643 0.034375
vt -0.043895 -0.034375
vt -0.065314 -0.034375
vt -0.065314 0.034375
vt -0.043895 0.034375
vt 0.215312 -0.065314
vt 0.269139 -0.081643
vt 0.275846 -0.054869
vt 0.220677 -0.043895
vt 0.220677 -0.043895
vt 0.275846 -0.054869
vt 0.269139 -0.081643
vt 0.215312 -0.065314
vt -0.054869 -0.034375
vt -0.027567 -0.034375
vt -0.027567 0.034375
vt -0.054869 0.034375
vt -0.022054 -0.034375
vt -0.043895 -0.034375
vt -0.043895 0.034375
vt -0.022054 0.034375
vt 0.220677 -0.043895
vt 0.275846 -0.054869
vt 0.279896 -0.027567
vt 0.223917 -0.022054
vt 0.223917 -0.022054
vt 0.279896 -0.027567
vt 0.275846 -0.054869
vt 0.220677 -0.043895
vt -0.027567 -0.034375
vt -0.000000 -0.034375
vt -0.000000 0.034375
vt -0.027567 0.034375
vt -0.000000 -0.034375
vt -0.022054 -0.034375
vt -0.022054 0.034375
vt -0.000000 0.034375
vt 0.223917 -0.022054
vt 0.279896 -0.027567
vt 0.281250 -0.000000
vt 0.225000 -0.000000
vt 0.225000 -0.000000
vt 0.281250 -0.000000
vt 0.279896 -0.027567
vt 0.223917 -0.022054
vt 0.000000 -0.009375
vt 0.026955 -0.009375
vt 0.026955 0.009375
vt 0.000000 0.009375
vt 0.024504 -0.009375
vt 0.000000 -0.009375
vt 0.000000 0.009375
vt 0.024504 0.009375
vt 0.250000 0.000000
vt 0.275000 0.000000
vt 0.273676 0.026955
vt 0.248796 0.024504
vt 0.248796 0.024504
vt 0.273676 0.026955
vt 0.275000 0.000000
vt 0.250000 0.000000
vt 0.026955 -0.009375
vt 0.053650 -0.009375
vt 0.053650 0.009375
vt 0.026955 0.009375
vt 0.048773 -0.009375
vt 0.024504 -0.009375
vt 0.024504 0.009375
vt 0.048773 0.009375
vt 0.248796 0.024504
vt 0.273676 0.026955
vt 0.269716 0.053650
vt 0.245196 0.048773
vt 0.245196 0.048773
vt 0.269716 0.053650
vt 0.273676 0.026955
vt 0.248796 0.024504
vt 0.053650 -0.009375
vt 0.079828 -0.009375
vt 0.079828 0.009375
vt 0.053650 0.009375
vt 0.072571 -0.009375
vt 0.048773 -0.009375
vt 0.048773 0.009375
vt 0.072571 0.009375
vt 0.245196 0.048773
vt 0.269716 0.053650
vt 0.263159 0.079828
vt 0.239235 0.072571
vt 0.239235 0.072571
vt 0.263159 0.079828
vt 0.269716 0.053650
vt 0.245196 0.048773
vt 0.079828 -0.009375
vt 0.105238 -0.009375
vt 0.105238 0.009375
vt 0.079828 0.009375
vt 0.095671 -0.009375
vt 0.072571 -0.009375
vt 0.072571 0.009375
vt 0.095671 0.009375
vt 0.239235 0.072571
vt 0.263159 0.079828
vt 0.254067 0.105238
vt 0.230970 0.095671
vt 0.230970 0.095671
vt 0.254067 0.105238
vt 0.263159 0.079828
vt 0.239235 0.072571
vt 0.105238 -0.009375
vt 0.129634 -0.009375
vt 0.129634 0.009375
vt 0.105238 0.009375
vt 0.117849 -0.009375
vt 0.095671 -0.009375
vt 0.095671 0.009375
vt 0.117849 0.009375
vt 0.230970 0.095671
vt 0.254067 0.105238
vt 0.242528 0.129634
vt 0.220480 0.117849
vt 0.220480 0.117849
vt 0.242528 0.129634
vt 0.254067 0.105238
vt 0.230970 0.095671
vt 0.129634 -0.009375
vt 0.152782 -0.009375
vt 0.152782 0.009375
vt 0.129634 0.009375
vt 0.138893 -0.009375
vt 0.117849 -0.009375
vt 0.117849 0.009375
vt 0.138893 0.009375
vt 0.220480 0.117849
vt 0.242528 0.129634
vt 0.228654 0.152782
vt 0.207867 0.138893
vt 0.207867 0.138893
vt 0.228654 0.152782
vt 0.242528 0.129634
vt 0.220480 0.117849
vt 0.152782 -0.009375
vt 0.174458 -0.009375
vt 0.174458 0.009375
vt 0.152782 0.009375
vt 0.158598 -0.009375
vt 0.138893 -0.009375
vt 0.138893 0.009375
vt 0.158598 0.009375
vt 0.207867 0.138893
vt 0.228654 0.152782
vt 0.212578 0.174458
vt 0.193253 0.158598
vt 0.193253 0.158598
vt 0.212578 0.174458
vt 0.228654 0.152782
vt 0.207867 0.138893
vt 0.174458 -0.009375
vt 0.194454 -0.009375
vt 0.194454 0.009375
vt 0.174458 0.009375
vt 0.176777 -0.009375
vt 0.158598 -0.009375
vt 0.158598 0.009375
vt 0.176777 0.009375
vt 0.193253 0.158598
vt 0.212578 0.174458
vt 0.194454 0.194454
vt 0.176777 0.176777
vt 0.176777 0.176777
vt 0.194454 0.194454
vt 0.212578 0.174458
vt 0.193253 0.158598
vt 0.194454 -0.009375
vt 0.174458 -0.009375
vt 0.174458 0.009375
vt 0.194454 0.009375
vt 0.158598 -0.009375
vt 0.176777 -0.009375
vt 0.176777 0.009375
vt 0.158598 0.009375
vt 0.176777 0.176777
vt 0.194454 0.194454
vt 0.174458 0.212578
vt 0.158598 0.193253
vt 0.158598 0.193253
vt 0.174458 0.212578
vt 0.194454 0.194454
vt 0.176777 0.176777
vt 0.174458 -0.009375
vt 0.152782 -0.009375
vt 0.152782 0.009375
vt 0.174458 0.009375
vt 0.138893 -0.009375
vt 0.158598 -0.009375
vt 0.158598 0.009375
vt 0.138893 0.009375
vt 0.158598 0.193253
vt 0.174458 0.212578
vt 0.152782 0.228654
vt 0.138893 0.207867
vt 0.138893 0.207867
vt 0.152782 0.228654
vt 0.174458 0.212578
vt 0.158598 0.193253
vt 0.152782 -0.009375
vt 0.129634 -0.009375
vt 0.129634 0.009375
vt 0.152782 0.009375
vt 0.117849 -0.009375
vt 0.138893 -0.009375
vt 0.138893 0.009375
vt 0.117849 0.009375
vt 0.138893 0.207867
vt 0.152782 0.228654
vt 0.129634 0.242528
vt 0.117849 0.220480
vt 0.117849 0.220480
vt 0.129634 0.242528
vt 0.152782 0.228654
vt 0.138893 0.207867
vt 0.129634 -0.009375
vt 0.105238 -0.009375
vt 0.105238 0.009375
vt 0.129634 0.009375
vt 0.095671 -0.009375
vt 0.117849 -0.009375
vt 0.117849 0.009375
vt 0.095671 0.009375
vt 0.117849 0.220480
vt 0.129634 0.242528
vt 0.105238 0.254067
vt 0.095671 0.230970
vt 0.095671 0.230970
vt 0.105238 0.254067
vt 0.129634 0.242528
vt 0.117849 0.220480
vt 0.105238 -0.009375
vt 0.079828 -0.009375
vt 0.079828 0.009375
vt 0.105238 0.009375
vt 0.072571 -0.009375
vt 0.095671 -0.009375
vt 0.095671 0.009375
vt 0.072571 0.009375
vt 0.095671 0.230970
vt 0.105238 0.254067
vt 0.079828 0.263159
vt 0.072571 0.239235
vt 0.072571 0.239235
vt 0.079828 0.263159
vt 0.105238 0.254067
vt 0.095671 0.230970
vt 0.079828 -0.009375
vt 0.053650 -0.009375
vt 0.053650 0.009375
vt 0.079828 0.009375
vt 0.048773 -0.009375
vt 0.072571 -0.009375
vt 0.072571 0.009375
vt 0.048773 0.009375
vt 0.072571 0.239235
vt 0.079828 0.263159
vt 0.053650 0.269716
vt 0.048773 0.245196
vt 0.048773 0.245196
vt 0.053650 0.269716
vt 0.079828 0.263159
vt 0.072571 0.239235
vt 0.053650 -0.009375
vt 0.026955 -0.009375
vt 0.026955 0.009375
vt 0.053650 0.009375
vt 0.024504 -0.009375
vt 0.048773 -0.009375
vt 0.048773 0.009375
vt 0.024504 0.009375
vt 0.048773 0.245196
vt 0.053650 0.269716
vt 0.026955 0.273676
vt 0.024504 0.248796
vt 0.024504 0.248796
vt 0.026955 0.273676
vt 0.053650 0.269716
vt 0.048773 0.245196
vt 0.026955 -0.009375
vt 0.000000 -0.009375
vt 0.000000 0.009375
vt 0.026955 0.009375
vt 0.000000 -0.009375
vt 0.024504 -0.009375
vt 0.024504 0.009375
vt 0.000000 0.009375
vt 0.024504 0.248796
vt 0.026955 0.273676
vt 0.000000 0.275000
vt 0.000000 0.250000
vt 0.000000 0.250000
vt 0.000000 0.275000
vt 0.026955 0.273676
vt 0.024504 0.248796
vt 0.000000 -0.009375
vt -0.026955 -0.009375
vt -0.026955 0.009375
vt 0.000000 0.009375
vt -0.024504 -0.009375
vt 0.000000 -0.009375
vt 0.000000 0.009375
vt -0.024504 0.009375
vt 0.000000 0.250000
vt 0.000000 0.275000
vt -0.026955 0.273676
vt -0.024504 0.248796
vt -0.024504 0.248796
vt -0.026955 0.273676
vt 0.000000 0.275000
vt 0.000000 0.250000
vt -0.026955 -0.009375
vt -0.053650 -0.009375
vt -0.053650 0.009375
vt -0.026955 0.009375
vt -0.048773 -0.009375
vt -0.024504 -0.009375
vt -0.024504 0.009375
vt -0.048773 0.009375
vt -0.024504 0.248796
vt -0.026955 0.273676
vt -0.053650 0.269716
vt -0.048773 0.245196
vt -0.048773 0.245196
vt -0.053650 0.269716
vt -0.026955 0.273676
vt -0.024504 0.248796
vt -0.053650 -0.009375
vt -0.079828 -0.009375
vt -0.079828 0.009375
vt -0.053650 0.009375
vt -0.072571 -0.009375
vt -0.048773 -0.009375
vt -0.048773 0.009375
vt -0.072571 0.009375
vt -0.048773 0.245196
vt -0.053650 0.269716
vt -0.079828 0.263159
vt -0.072571 0.239235
vt -0.072571 0.239235
vt -0.079828 0.263159
vt -0.053650 0.269716
vt -0.048773 0.245196
vt -0.079828 -0.009375
vt -0.105238 -0.009375
vt -0.105238 0.009375
vt -0.079828 0.009375
vt -0.095671 -0.009375
vt -0.072571 -0.009375
vt -0.072571 0.009375
vt -0.095671 0.009375
vt -0.072571 0.239235
vt -0.079828 0.263159
vt -0.105238 0.254067
vt -0.095671 0.230970
vt -0.095671 0.230970
vt -0.105238 0.254067
vt -0.079828 0.263159
vt -0.072571 0.239235
vt -0.105238 -0.009375
vt -0.129634 -0.009375
vt -0.129634 0.009375
vt -0.105238 0.009375
vt -0.117849 -0.009375
vt -0.095671 -0.009375
vt -0.095671 0.009375
vt -0.117849 0.009375
vt -0.095671 0.230970
vt -0.105238 0.254067
vt -0.129634 0.242528
vt -0.117849 0.220480
vt -0.117849 0.220480
vt -0.129634 0.242528
vt -0.105238 0.254067
vt -0.095671 0.230970
vt -0.129634 -0.009375
vt -0.152782 -0.009375
vt -0.152782 0.009375
vt -0.129634 0.009375
vt -0.138893 -0.009375
vt -0.117849 -0.009375
vt -0.117849 0.009375
vt -0.138893 0.009375
vt -0.117849 0.220480
vt -0.129634 0.242528
vt -0.152782 0.228654
vt -0.138893 0.207867
vt -0.138893 0.207867
vt -0.152782 0.228654
vt -0.129634 0.242528
vt -0.117849 0.220480
vt -0.152782 -0.009375
vt -0.174458 -0.009375
vt -0.174458 0.009375
vt -0.152782 0.009375
vt -0.158598 -0.009375
vt -0.138893 -0.009375
vt -0.138893 0.009375
vt -0.158598 0.009375
vt -0.138893 0.207867
vt -0.152782 0.228654
vt -0.174458 0.212578
vt -0.158598 0.193253
vt -0.158598 0.193253
vt -0.174458 0.212578
vt -0.152782 0.228654
vt -0.138893 0.207867
vt -0.174458 -0.009375
vt -0.194454 -0.009375
vt -0.194454 0.009375
vt -0.174458 0.009375
vt -0.176777 -0.009375
vt -0.158598 -0.009375
vt -0.158598 0.009375
vt -0.176777 0.009375
vt -0.158598 0.193253
vt -0.174458 0.212578
vt -0.194454 0.194454
vt -0.176777 0.176777
vt -0.176777 0.176777
vt -0.194454 0.194454
vt -0.174458 0.212578
vt -0.158598 0.193253
vt 0.194454 -0.009375
vt 0.174458 -0.009375
vt 0.174458 0.009375
vt 0.194454 0.009375
vt 0.158598 -0.009375
vt 0.176777 -0.009375
vt 0.176777 0.009375
vt 0.158598 0.009375
vt -0.176777 0.176777
vt -0.194454 0.194454
vt -0.212578 0.174458
vt -0.193253 0.158598
vt -0.193253 0.158598
vt -0.212578 0.174458
vt -0.194454 0.194454
vt -0.176777 0.176777
vt 0.174458 -0.009375
vt 0.152782 -0.009375
vt 0.152782 0.009375
vt 0.174458 0.009375
vt 0.138893 -0.009375
vt 0.158598 -0.009375
vt 0.158598 0.009375
vt 0.138893 0.009375
vt -0.193253 0.158598
vt -0.212578 0.174458
vt -0.228654 0.152782
vt -0.207867 0.138893
vt -0.207867 0.138893
vt -0.228654 0.152782
vt -0.212578 0.174458
vt -0.193253 0.158598
vt 0.152782 -0.009375
vt 0.129634 -0.009375
vt 0.129634 0.009375
vt 0.152782 0.009375
vt 0.117849 -0.009375
vt 0.138893 -0.009375
vt 0.138893 0.009375
vt 0.117849 0.009375
vt -0.207867 0.138893
vt -0.228654 0.152782
vt -0.242528 0.129634
vt -0.220480 0.117849
vt -0.220480 0.117849
vt -0.242528 0.129634
vt -0.228654 0.152782
vt -0.207867 0.138893
vt 0.129634 -0.009375
vt 0.105238 -0.009375
vt 0.105238 0.009375
vt 0.129634 0.009375
vt 0.095671 -0.009375
vt 0.117849 -0.009375
vt 0.117849 0.009375
vt 0.095671 0.009375
vt -0.220480 0.117849
vt -0.242528 0.129634
vt -0.254067 0.105238
vt -0.230970 0.095671
vt -0.230970 0.095671
vt -0.254067 0.105238
vt -0.242528 0.129634
vt -0.220480 0.117849
vt 0.105238 -0.009375
vt 0.079828 -0.009375
vt 0.079828 0.009375
vt 0.105238 0.009375
vt 0.072571 -0.009375
vt 0.095671 -0.009375
vt 0.095671 0.009375
vt 0.072571 0.009375
vt -0.230970 0.095671
vt -0.254067 0.105238
vt -0.263159 0.079828
vt -0.239235 0.072571
vt -0.239235 0.072571
vt -0.263159 0.079828
vt -0.254067 0.105238
vt -0.230970 0.095671
vt 0.079828 -0.009375
vt 0.053650 -0.009375
vt 0.053650 0.009375
vt 0.079828 0.009375
vt 0.048773 -0.009375
vt 0.072571 -0.009375
vt 0.072571 0.009375
vt 0.048773 0.009375
vt -0.239235 0.072571
vt -0.263159 0.079828
vt -0.269716 0.053650
vt -0.245196 0.048773
vt -0.245196 0.048773
vt -0.269716 0.053650
vt -0.263159 0.079828
vt -0.239235 0.072571
vt 0.053650 -0.009375
vt 0.026955 -0.009375
vt 0.026955 0.009375
vt 0.053650 0.009375
vt 0.024504 -0.009375
vt 0.048773 -0.009375
vt 0.048773 0.009375
vt 0.024504 0.009375
vt -0.245196 0.048773
vt -0.269716 0.053650
vt -0.273676 0.026955
vt -0.248796 0.024504
vt -0.248796 0.024504
vt -0.273676 0.026955
vt -0.269716 0.053650
vt -0.245196 0.048773
vt 0.026955 -0.009375
vt 0.000000 -0.009375
vt 0.000000 0.009375
vt 0.026955 0.009375
vt 0.000000 -0.009375
vt 0.024504 -0.009375
vt 0.024504 0.009375
vt 0.000000 0.009375
vt -0.248796 0.024504
vt -0.273676 0.026955
vt -0.275000 0.000000
vt -0.250000 0.000000
vt -0.250000 0.000000
vt -0.275000 0.000000
vt -0.273676 0.026955
vt -0.248796 0.024504
vt 0.000000 -0.009375
vt -0.026955 -0.009375
vt -0.026955 0.009375
vt 0.000000 0.009375
vt -0.024504 -0.009375
vt 0.000000 -0.009375
vt 0.000000 0.009375
vt -0.024504 0.009375
vt -0.250000 0.000000
vt -0.275000 0.000000
vt -0.273676 -0.026955
vt -0.248796 -0.024504
vt -0.248796 -0.024504
vt -0.273676 -0.026955
vt -0.275000 0.000000
vt -0.250000 0.000000
vt -0.026955 -0.009375
vt -0.053650 -0.009375
vt -0.053650 0.009375
vt -0.026955 0.009375
vt -0.048773 -0.009375
vt -0.024504 -0.009375
vt -0.024504 0.009375
vt -0.048773 0.009375
vt -0.248796 -0.024504
vt -0.273676 -0.026955
vt -0.269716 -0.053650
vt -0.245196 -0.048773
vt -0.245196 -0.048773
vt -0.269716 -0.053650
vt -0.273676 -0.026955
vt -0.248796 -0.024504
vt -0.053650 -0.009375
vt -0.079828 -0.009375
vt -0.079828 0.009375
vt -0.053650 0.009375
vt -0.072571 -0.009375
vt -0.048773 -0.009375
vt -0.048773 0.009375
vt -0.072571 0.009375
vt -0.245196 -0.048773
vt -0.269716 -0.053650
vt -0.263159 -0.079828
vt -0.239235 -0.072571
vt -0.239235 -0.072571
vt -0.263159 -0.079828
vt -0.269716 -0.053650
vt -0.245196 -0.048773
vt -0.079828 -0.009375
vt -0.105238 -0.009375
vt -0.105238 0.009375
vt -0.079828 0.009375
vt -0.095671 -0.009375
vt -0.072571 -0.009375
vt -0.072571 0.009375
vt -0.095671 0.009375
vt -0.239235 -0.072571
vt -0.263159 -0.079828
vt -0.254067 -0.105238
vt -0.230970 -0.095671
vt -0.230970 -0.095671
vt -0.254067 -0.105238
vt -0.263159 -0.079828
vt -0.239235 -0.072571
vt -0.105238 -0.009375
vt -0.129634 -0.009375
vt -0.129634 0.009375
vt -0.105238 0.009375
vt -0.117849 -0.009375
vt -0.095671 -0.009375
vt -0.095671 0.009375
vt -0.117849 0.009375
vt -0.230970 -0.095671
vt -0.254067 -0.105238
vt -0.242528 -0.129634
vt -0.220480 -0.117849
vt -0.220480 -0.117849
vt -0.242528 -0.129634
vt -0.254067 -0.105238
vt -0.230970 -0.095671
vt -0.129634 -0.009375
vt -0.152782 -0.009375
vt -0.152782 0.009375
vt -0.129634 0.009375
vt -0.138893 -0.009375
vt -0.117849 -0.009375
vt -0.117849 0.009375
vt -0.138893 0.009375
vt -0.220480 -0.117849
vt -0.242528 -0.129634
vt -0.228654 -0.152782
vt -0.207867 -0.138893
vt -0.207867 -0.138893
vt -0.228654 -0.152782
vt -0.242528 -0.129634
vt -0.220480 -0.117849
vt -0.152782 -0.009375
vt -0.174458 -0.009375
vt -0.174458 0.009375
vt -0.152782 0.009375
vt -0.158598 -0.009375
vt -0.138893 -0.009375
vt -0.138893 0.009375
vt -0.158598 0.009375
vt -0.207867 -0.138893
vt -0.228654 -0.152782
vt -0.212578 -0.174458
vt -0.193253 -0.158598
vt -0.193253 -0.158598
vt -0.212578 -0.174458
vt -0.228654 -0.152782
vt -0.207867 -0.138893
vt -0.174458 -0.009375
vt -0.194454 -0.009375
vt -0.194454 0.009375
vt -0.174458 0.009375
vt -0.176777 -0.009375
vt -0.158598 -0.009375
vt -0.158598 0.009375
vt -0.176777 0.009375
vt -0.193253 -0.158598
vt -0.212578 -0.174458
vt -0.194454 -0.194454
vt -0.176777 -0.176777
vt -0.176777 -0.176777
vt -0.194454 -0.194454
vt -0.212578 -0.174458
vt -0.193253 -0.158598
vt -0.194454 -0.009375
vt -0.174458 -0.009375
vt -0.174458 0.009375
vt -0.194454 0.009375
vt -0.158598 -0.009375
vt -0.176777 -0.009375
vt -0.176777 0.009375
vt -0.158598 0.009375
vt -0.176777 -0.176777
vt -0.194454 -0.194454
vt -0.174458 -0.212578
vt -0.158598 -0.193253
vt -0.158598 -0.193253
vt -0.174458 -0.212578
vt -0.194454 -0.194454
vt -0.176777 -0.176777
vt -0.174458 -0.009375
vt -0.152782 -0.009375
vt -0.152782 0.009375
vt -0.174458 0.009375
vt -0.138893 -0.009375
vt -0.158598 -0.009375
vt -0.158598 0.009375
vt -0.138893 0.009375
vt -0.158598 -0.193253
vt -0.174458 -0.212578
vt -0.152782 -0.228654
vt -0.138893 -0.207867
vt -0.138893 -0.207867
vt -0.152782 -0.228654
vt -0.174458 -0.212578
vt -0.158598 -0.193253
vt -0.152782 -0.009375
vt -0.129634 -0.009375
vt -0.129634 0.009375
vt -0.152782 0.009375
vt -0.117849 -0.009375
vt -0.138893 -0.009375
vt -0.138893 0.009375
vt -0.117849 0.009375
vt -0.138893 -0.207867
vt -0.152782 -0.228654
vt -0.129634 -0.242528
vt -0.117849 -0.220480
vt -0.117849 -0.220480
vt -0.129634 -0.242528
vt -0.152782 -0.228654
vt -0.138893 -0.207867
vt -0.129634 -0.009375
vt -0.105238 -0.009375
vt -0.105238 0.009375
vt -0.129634 0.009375
vt -0.095671 -0.009375
vt -0.117849 -0.009375
vt -0.117849 0.009375
vt -0.095671 0.009375
vt -0.117849 -0.220480
vt -0.129634 -0.242528
vt -0.105238 -0.254067
vt -0.095671 -0.230970
vt -0.095671 -0.230970
vt -0.105238 -0.254067
vt -0.129634 -0.242528
vt -0.117849 -0.220480
vt -0.105238 -0.009375
vt -0.079828 -0.009375
vt -0.079828 0.009375
vt -0.105238 0.009375
vt -0.072571 -0.009375
vt -0.095671 -0.009375
vt -0.095671 0.009375
vt -0.072571 0.009375
vt -0.095671 -0.230970
vt -0.105238 -0.254067
vt -0.079828 -0.263159
vt -0.072571 -0.239235
vt -0.072571 -0.239235
vt -0.079828 -0.263159
vt -0.105238 -0.254067
vt -0.095671 -0.230970
vt -0.079828 -0.009375
vt -0.053650 -0.009375
vt -0.053650 0.009375
vt -0.079828 0.009375
vt -0.048773 -0.009375
vt -0.072571 -0.009375
vt -0.072571 0.009375
vt -0.048773 0.009375
vt -0.072571 -0.239235
vt -0.079828 -0.263159
vt -0.053650 -0.269716
vt -0.048773 -0.245196
vt -0.048773 -0.245196
vt -0.053650 -0.269716
vt -0.079828 -0.263159
vt -0.072571 -0.239235
vt -0.053650 -0.009375
vt -0.026955 -0.009375
vt -0.026955 0.009375
vt -0.053650 0.009375
vt -0.024504 -0.009375
vt -0.048773 -0.009375
vt -0.048773 0.009375
vt -0.024504 0.009375
vt -0.048773 -0.245196
vt -0.053650 -0.269716
vt -0.026955 -0.273676
vt -0.024504 -0.248796
vt -0.024504 -0.248796
vt -0.026955 -0.273676
vt -0.053650 -0.269716
vt -0.048773 -0.245196
vt -0.026955 -0.009375
vt -0.000000 -0.009375
vt -0.000000 0.009375
vt -0.026955 0.009375
vt -0.000000 -0.009375
vt -0.024504 -0.009375
vt -0.024504 0.009375
vt -0.000000 0.009375
vt -0.024504 -0.248796
vt -0.026955 -0.273676
vt -0.000000 -0.275000
vt -0.000000 -0.250000
vt -0.000000 -0.250000
vt -0.000000 -0.275000
vt -0.026955 -0.273676
vt -0.024504 -0.248796
vt -0.000000 -0.009375
vt 0.026955 -0.009375
vt 0.026955 0.009375
vt -0.000000 0.009375
vt 0.024504 -0.009375
vt -0.000000 -0.009375
vt -0.000000 0.009375
vt 0.024504 0.009375
vt -0.000000 -0.250000
vt -0.000000 -0.275000
vt 0.026955 -0.273676
vt 0.024504 -0.248796
vt 0.024504 -0.248796
vt 0.026955 -0.273676
vt -0.000000 -0.275000
vt -0.000000 -0.250000
vt 0.026955 -0.009375
vt 0.053650 -0.009375
vt 0.053650 0.009375
vt 0.026955 0.009375
vt 0.048773 -0.009375
vt 0.024504 -0.009375
vt 0.024504 0.009375
vt 0.048773 0.009375
vt 0.024504 -0.248796
vt 0.026955 -0.273676
vt 0.053650 -0.269716
vt 0.048773 -0.245196
vt 0.048773 -0.245196
vt 0.053650 -0.269716
vt 0.026955 -0.273676
vt 0.024504 -0.248796
vt 0.053650 -0.009375
vt 0.079828 -0.009375
vt 0.079828 0.009375
vt 0.053650 0.009375
vt 0.072571 -0.009375
vt 0.048773 -0.009375
vt 0.048773 0.009375
vt 0.072571 0.009375
vt 0.048773 -0.245196
vt 0.053650 -0.269716
vt 0.079828 -0.263159
vt 0.072571 -0.239235
vt 0.072571 -0.239235
vt 0.079828 -0.263159
vt 0.053650 -0.269716
vt 0.048773 -0.245196
vt 0.079828 -0.009375
vt 0.105238 -0.009375
vt 0.105238 0.009375
vt 0.079828 0.009375
vt 0.095671 -0.009375
vt 0.072571 -0.009375
vt 0.072571 0.009375
vt 0.095671 0.009375
vt 0.072571 -0.239235
vt 0.079828 -0.263159
vt 0.105238 -0.254067
vt 0.095671 -0.230970
vt 0.095671 -0.230970
vt 0.105238 -0.254067
vt 0.079828 -0.263159
vt 0.072571 -0.239235
vt 0.105238 -0.009375
vt 0.129634 -0.009375
vt 0.129634 0.009375
vt 0.105238 0.009375
vt 0.117849 -0.009375
vt 0.095671 -0.009375
vt 0.095671 0.009375
vt 0.117849 0.009375
vt 0.095671 -0.230970
vt 0.105238 -0.254067
vt 0.129634 -0.242528
vt 0.117849 -0.220480
vt 0.117849 -0.220480
vt 0.129634 -0.242528
vt 0.105238 -0.254067
vt 0.095671 -0.230970
vt 0.129634 -0.009375
vt 0.152782 -0.009375
vt 0.152782 0.009375
vt 0.129634 0.009375
vt 0.138893 -0.009375
vt 0.117849 -0.009375
vt 0.117849 0.009375
vt 0.138893 0.009375
vt 0.117849 -0.220480
vt 0.129634 -0.242528
vt 0.152782 -0.228654
vt 0.138893 -0.207867
vt 0.138893 -0.207867
vt 0.152782 -0.228654
vt 0.129634 -0.242528
vt 0.117849 -0.220480
vt 0.152782 -0.009375
vt 0.174458 -0.009375
vt 0.174458 0.009375
vt 0.152782 0.009375
vt 0.158598 -0.009375
vt 0.138893 -0.009375
vt 0.138893 0.009375
vt 0.158598 0.009375
vt 0.138893 -0.207867
vt 0.152782 -0.228654
vt 0.174458 -0.212578
vt 0.158598 -0.193253
vt 0.158598 -0.193253
vt 0.174458 -0.212578
vt 0.152782 -0.228654
vt 0.138893 -0.207867
vt 0.174458 -0.009375
vt 0.194454 -0.009375
vt 0.194454 0.009375
vt 0.174458 0.009375
vt 0.176777 -0.009375
vt 0.158598 -0.009375
vt 0.158598 0.009375
vt 0.176777 0.009375
vt 0.158598 -0.193253
vt 0.174458 -0.212578
vt 0.194454 -0.194454
vt 0.176777 -0.176777
vt 0.176777 -0.176777
vt 0.194454 -0.194454
vt 0.174458 -0.212578
vt 0.158598 -0.193253
vt -0.194454 -0.009375
vt -0.174458 -0.009375
vt -0.174458 0.009375
vt -0.194454 0.009375
vt -0.158598 -0.009375
vt -0.176777 -0.009375
vt -0.176777 0.009375
vt -0.158598 0.009375
vt 0.176777 -0.176777
vt 0.194454 -0.194454
vt 0.212578 -0.174458
vt 0.193253 -0.158598
vt 0.193253 -0.158598
vt 0.212578 -0.174458
vt 0.194454 -0.194454
vt 0.176777 -0.176777
vt -0.174458 -0.009375
vt -0.152782 -0.009375
vt -0.152782 0.009375
vt -0.174458 0.009375
vt -0.138893 -0.009375
vt -0.158598 -0.009375
vt -0.158598 0.009375
vt -0.138893 0.009375
vt 0.193253 -0.158598
vt 0.212578 -0.174458
vt 0.228654 -0.152782
vt 0.207867 -0.138893
vt 0.207867 -0.138893
vt 0.228654 -0.152782
vt 0.212578 -0.174458
vt 0.193253 -0.158598
vt -0.152782 -0.009375
vt -0.129634 -0.009375
vt -0.129634 0.009375
vt -0.152782 0.009375
vt -0.117849 -0.009375
vt -0.138893 -0.009375
vt -0.138893 0.009375
vt -0.117849 0.009375
vt 0.207867 -0.138893
vt 0.228654 -0.152782
vt 0.242528 -0.129634
vt 0.220480 -0.117849
vt 0.220480 -0.117849
vt 0.242528 -0.129634
vt 0.228654 -0.152782
vt 0.207867 -0.138893
vt -0.129634 -0.009375
vt -0.105238 -0.009375
vt -0.105238 0.009375
vt -0.129634 0.009375
vt -0.095671 -0.009375
vt -0.117849 -0.009375
vt -0.117849 0.009375
vt -0.095671 0.009375
vt 0.220480 -0.117849
vt 0.242528 -0.129634
vt 0.254067 -0.105238
vt 0.230970 -0.095671
vt 0.230970 -0.095671
vt 0.254067 -0.105238
vt 0.242528 -0.129634
vt 0.220480 -0.117849
vt -0.105238 -0.009375
vt -0.079828 -0.009375
vt -0.079828 0.009375
vt -0.105238 0.009375
vt -0.072571 -0.009375
vt -0.095671 -0.009375
vt -0.095671 0.009375
vt -0.072571 0.009375
vt 0.230970 -0.095671
vt 0.254067 -0.105238
vt 0.263159 -0.079828
vt 0.239235 -0.072571
vt 0.239235 -0.072571
vt 0.263159 -0.079828
vt 0.254067 -0.105238
vt 0.230970 -0.095671
vt -0.079828 -0.009375
vt -0.053650 -0.009375
vt -0.053650 0.009375
vt -0.079828 0.009375
vt -0.048773 -0.009375
vt -0.072571 -0.009375
vt -0.072571 0.009375
vt -0.048773 0.009375
vt 0.239235 -0.072571
vt 0.263159 -0.079828
vt 0.269716 -0.053650
vt 0.245196 -0.048773
vt 0.245196 -0.048773
vt 0.269716 -0.053650
vt 0.263159 -0.079828
vt 0.239235 -0.072571
vt -0.053650 -0.009375
vt -0.026955 -0.009375
vt -0.026955 0.009375
vt -0.053650 0.009375
vt -0.024504 -0.009375
vt -0.048773 -0.009375
vt -0.048773 0.009375
vt -0.024504 0.009375
vt 0.245196 -0.048773
vt 0.269716 -0.053650
vt 0.273676 -0.026955
vt 0.248796 -0.024504
vt 0.248796 -0.024504
vt 0.273676 -0.026955
vt 0.269716 -0.053650
vt 0.245196 -0.048773
vt -0.026955 -0.009375
vt -0.000000 -0.009375
vt -0.000000 0.009375
vt -0.026955 0.009375
vt -0.000000 -0.009375
vt -0.024504 -0.009375
vt -0.024504 0.009375
vt -0.000000 0.009375
vt 0.248796 -0.024504
vt 0.273676 -0.026955
vt 0.275000 -0.000000
vt 0.250000 -0.000000
vt 0.250000 -0.000000
vt 0.275000 -0.000000
vt 0.273676 -0.026955
vt 0.248796 -0.024504
vt -0.068750 0.000000
vt -0.068750 -0.014559
vt 0.075000 -0.014559
vt 0.075000 0.000000
vt -0.068750 -0.014559
vt -0.068750 -0.028125
vt 0.075000 -0.028125
vt 0.075000 -0.014559
vt -0.068750 -0.028125
vt -0.068750 -0.039775
vt 0.075000 -0.039775
vt 0.075000 -0.028125
vt -0.068750 -0.039775
vt -0.068750 -0.028125
vt 0.075000 -0.028125
vt 0.075000 -0.039775
vt -0.068750 -0.028125
vt -0.068750 -0.014559
vt 0.075000 -0.014559
vt 0.075000 -0.028125
vt -0.068750 -0.014559
vt -0.068750 -0.000000
vt 0.075000 -0.000000
vt 0.075000 -0.014559
vt -0.068750 -0.000000
vt -0.068750 0.014559
vt 0.075000 0.014559
vt 0.075000 -0.000000
vt -0.068750 0.014559
vt -0.068750 0.028125
vt 0.075000 0.028125
vt 0.075000 0.014559
vt -0.068750 0.028125
vt -0.068750 0.039775
vt 0.075000 0.039775
vt 0.075000 0.028125
vt -0.068750 -0.039775
vt -0.068750 -0.028125
vt 0.075000 -0.028125
vt 0.075000 -0.039775
vt -0.068750 -0.028125
vt -0.068750 -0.014559
vt 0.075000 -0.014559
vt 0.075000 -0.028125
vt -0.068750 -0.014559
vt -0.068750 -0.000000
vt 0.075000 -0.000000
vt 0.075000 -0.014559
vt -0.068750 -0.000000
vt -0.068750 0.014559
vt 0.075000 0.014559
vt 0.075000 -0.000000
vt -0.068750 0.014559
vt -0.068750 0.028125
vt 0.075000 0.028125
vt 0.075000 0.014559
vt -0.068750 0.028125
vt -0.068750 0.039775
vt 0.075000 0.039775
vt 0.075000 0.028125
vt -0.068750 0.039775
vt -0.068750 0.028125
vt 0.075000 0.028125
vt 0.075000 0.039775
vt -0.068750 0.028125
vt -0.068750 0.014559
vt 0.075000 0.014559
vt 0.075000 0.028125
vt -0.068750 0.014559
vt -0.068750 0.000000
vt 0.075000 0.000000
vt 0.075000 0.014559
vt -0.068750 0.000000
vt -0.068750 -0.014559
vt 0.075000 -0.014559
vt 0.075000 0.000000
vt -0.068750 -0.014559
vt -0.068750 -0.028125
vt 0.075000 -0.028125
vt 0.075000 -0.014559
vt -0.068750 -0.028125
vt -0.068750 -0.039775
vt 0.075000 -0.039775
vt 0.075000 -0.028125
vt -0.068750 0.039775
vt -0.068750 0.028125
vt 0.075000 0.028125
vt 0.075000 0.039775
vt -0.068750 0.028125
vt -0.068750 0.014559
vt 0.075000 0.014559
vt 0.075000 0.028125
vt -0.068750 0.014559
vt -0.068750 0.000000
vt 0.075000 0.000000
vt 0.075000 0.014559
vt -0.054333 0.014559
vt -0.048714 0.028125
vt -0.039775 0.039775
vt -0.028125 0.048714
vt -0.014559 0.054333
vt 0.000000 0.056250
vt 0.014559 0.054333
vt 0.028125 0.048714
vt 0.039775 0.039775
vt 0.048714 0.028125
vt 0.054333 0.014559
vt 0.056250 -0.000000
vt 0.054333 -0.014559
vt 0.048714 -0.028125
vt 0.039775 -0.039775
vt 0.028125 -0.048714
vt 0.014559 -0.054333
vt -0.000000 -0.056250
vt -0.014559 -0.054333
vt -0.028125 -0.048714
vt -0.039775 -0.039775
vt -0.048714 -0.028125
vt -0.054333 -0.014559
vt -0.056250 0.000000
vt -0.056250 0.000000
vt -0.054333 -0.014559
vt -0.048714 -0.028125
vt -0.039775 -0.039775
vt -0.028125 -0.048714
vt -0.014559 -0.054333
vt -0.000000 -0.056250
vt 0.014559 -0.054333
vt 0.028125 -0.048714
vt 0.039775 -0.039775
vt 0.048714 -0.028125
vt 0.054333 -0.014559
vt 0.056250 -0.000000
vt 0.054333 0.014559
vt 0.048714 0.028125
vt 0.039775 0.039775
vt 0.028125 0.048714
vt 0.014559 0.054333
vt 0.000000 0.056250
vt -0.014559 0.054333
vt -0.028125 0.048714
vt -0.039775 0.039775
vt -0.048714 0.028125
vt -0.054333 0.014559
vt 0.043750 0.000000
vt 0.045821 -0.013990
vt 0.237863 0.014442
vt 0.235792 0.028432
vt 0.014142 0.045821
vt 0.000000 0.046679
vt 0.000000 0.238721
vt 0.014142 0.237863
vt 0.000000 0.046679
vt -0.014142 0.045821
vt -0.014142 0.237863
vt 0.000000 0.238721
vt 0.045821 -0.013990
vt 0.043750 -0.000000
vt 0.235792 0.028432
vt 0.237863 0.014442
vt 0.043750 -0.000000
vt 0.041679 0.013990
vt 0.233721 0.042421
vt 0.235792 0.028432
vt -0.014142 0.041679
vt -0.000000 0.040821
vt -0.000000 0.232863
vt -0.014142 0.233721
vt -0.000000 0.040821
vt 0.014142 0.041679
vt 0.014142 0.233721
vt -0.000000 0.232863
vt 0.041679 0.013990
vt 0.043750 0.000000
vt 0.235792 0.028432
vt 0.233721 0.042421
vt 0.014142 0.013990
vt -0.000000 0.019784
vt -0.014142 0.013990
vt -0.020000 -0.000000
vt -0.014142 -0.013990
vt 0.000000 -0.019784
vt 0.014142 -0.013990
vt 0.020000 0.000000
vt 0.020000 0.028432
vt 0.014142 0.014442
vt 0.000000 0.008647
vt -0.014142 0.014442
vt -0.020000 0.028432
vt -0.014142 0.042421
vt -0.000000 0.048216
vt 0.014142 0.042421
vt 0.030936 0.030936
vt 0.042293 0.022508
vt 0.157983 0.178407
vt 0.146626 0.186834
vt 0.014142 0.022508
vt 0.000000 0.019017
vt 0.000000 0.174916
vt 0.014142 0.178407
vt 0.000000 0.019017
vt -0.014142 0.022508
vt -0.014142 0.178407
vt 0.000000 0.174916
vt 0.042293 0.022508
vt 0.030936 0.030936
vt 0.146626 0.186834
vt 0.157983 0.178407
vt 0.030936 0.030936
vt 0.019579 0.039364
vt 0.135269 0.195262
vt 0.146626 0.186834
vt -0.014142 0.039364
vt -0.000000 0.042854
vt -0.000000 0.198753
vt -0.014142 0.195262
vt -0.000000 0.042854
vt 0.014142 0.039364
vt 0.014142 0.195262
vt -0.000000 0.198753
vt 0.019579 0.039364
vt 0.030936 0.030936
vt 0.146626 0.186834
vt 0.135269 0.195262
vt 0.014142 0.019579
vt -0.000000 0.014875
vt -0.014142 0.019579
vt -0.020000 0.030936
vt -0.014142 0.042293
vt 0.000000 0.046997
vt 0.014142 0.042293
vt 0.020000 0.030936
vt 0.020000 0.146626
vt 0.014142 0.157983
vt 0.000000 0.162687
vt -0.014142 0.157983
vt -0.020000 0.146626
vt -0.014142 0.135269
vt -0.000000 0.130565
vt 0.014142 0.135269
vt 0.000000 0.043750
vt -0.013990 0.041679
vt -0.042421 0.233721
vt -0.028432 0.235792
vt -0.014142 0.041679
vt -0.000000 0.040821
vt -0.000000 0.232863
vt -0.014142 0.233721
vt -0.000000 0.040821
vt 0.014142 0.041679
vt 0.014142 0.233721
vt -0.000000 0.232863
vt -0.013990 0.041679
vt 0.000000 0.043750
vt -0.028432 0.235792
vt -0.042421 0.233721
vt 0.000000 0.043750
vt 0.013990 0.045821
vt -0.014442 0.237863
vt -0.028432 0.235792
vt 0.014142 0.045821
vt 0.000000 0.046679
vt 0.000000 0.238721
vt 0.014142 0.237863
vt 0.000000 0.046679
vt -0.014142 0.045821
vt -0.014142 0.237863
vt 0.000000 0.238721
vt 0.013990 0.045821
vt 0.000000 0.043750
vt -0.028432 0.235792
vt -0.014442 0.237863
vt -0.014142 0.013990
vt 0.000000 0.019784
vt 0.014142 0.013990
vt 0.020000 0.000000
vt 0.014142 -0.013990
vt -0.000000 -0.019784
vt -0.014142 -0.013990
vt -0.020000 0.000000
vt -0.020000 -0.028432
vt -0.014142 -0.042421
vt -0.000000 -0.048216
vt 0.014142 -0.042421
vt 0.020000 -0.028432
vt 0.014142 -0.014442
vt 0.000000 -0.008647
vt -0.014142 -0.014442
vt -0.030936 0.030936
vt -0.039364 0.019579
vt -0.195262 0.135269
vt -0.186834 0.146626
vt -0.014142 -0.039364
vt -0.000000 -0.042854
vt -0.000000 -0.198753
vt -0.014142 -0.195262
vt -0.000000 -0.042854
vt 0.014142 -0.039364
vt 0.014142 -0.195262
vt -0.000000 -0.198753
vt -0.039364 0.019579
vt -0.030936 0.030936
vt -0.186834 0.146626
vt -0.195262 0.135269
vt -0.030936 0.030936
vt -0.022508 0.042293
vt -0.178407 0.157983
vt -0.186834 0.146626
vt 0.014142 -0.022508
vt 0.000000 -0.019017
vt 0.000000 -0.174916
vt 0.014142 -0.178407
vt 0.000000 -0.019017
vt -0.014142 -0.022508
vt -0.014142 -0.178407
vt 0.000000 -0.174916
vt -0.022508 0.042293
vt -0.030936 0.030936
vt -0.186834 0.146626
vt -0.178407 0.157983
vt -0.014142 0.042293
vt 0.000000 0.046997
vt 0.014142 0.042293
vt 0.020000 0.030936
vt 0.014142 0.019579
vt -0.000000 0.014875
vt -0.014142 0.019579
vt -0.020000 0.030936
vt -0.020000 0.146626
vt -0.014142 0.135269
vt -0.000000 0.130565
vt 0.014142 0.135269
vt 0.020000 0.146626
vt 0.014142 0.157983
vt 0.000000 0.162687
vt -0.014142 0.157983
vt -0.043750 0.000000
vt -0.041679 -0.013990
vt -0.233721 -0.042421
vt -0.235792 -0.028432
vt -0.014142 -0.041679
vt -0.000000 -0.040821
vt -0.000000 -0.232863
vt -0.014142 -0.233721
vt -0.000000 -0.040821
vt 0.014142 -0.041679
vt 0.014142 -0.233721
vt -0.000000 -0.232863
vt -0.041679 -0.013990
vt -0.043750 0.000000
vt -0.235792 -0.028432
vt -0.233721 -0.042421
vt -0.043750 0.000000
vt -0.045821 0.013990
vt -0.237863 -0.014442
vt -0.235792 -0.028432
vt 0.014142 -0.045821
vt 0.000000 -0.046679
vt 0.000000 -0.238721
vt 0.014142 -0.237863
vt 0.000000 -0.046679
vt -0.014142 -0.045821
vt -0.014142 -0.237863
vt 0.000000 -0.238721
vt -0.045821 0.013990
vt -0.043750 0.000000
vt -0.235792 -0.028432
vt -0.237863 -0.014442
vt -0.014142 0.013990
vt 0.000000 0.019784
vt 0.014142 0.013990
vt 0.020000 0.000000
vt 0.014142 -0.013990
vt -0.000000 -0.019784
vt -0.014142 -0.013990
vt -0.020000 0.000000
vt -0.020000 -0.028432
vt -0.014142 -0.042421
vt -0.000000 -0.048216
vt 0.014142 -0.042421
vt 0.020000 -0.028432
vt 0.014142 -0.014442
vt 0.000000 -0.008647
vt -0.014142 -0.014442
vt -0.030936 -0.030936
vt -0.019579 -0.039364
vt -0.135269 -0.195262
vt -0.146626 -0.186834
vt -0.014142 -0.039364
vt -0.000000 -0.042854
vt -0.000000 -0.198753
vt -0.014142 -0.195262
vt -0.000000 -0.042854
vt 0.014142 -0.039364
vt 0.014142 -0.195262
vt -0.000000 -0.198753
vt -0.019579 -0.039364
vt -0.030936 -0.030936
vt -0.146626 -0.186834
vt -0.135269 -0.195262
vt -0.030936 -0.030936
vt -0.042293 -0.022508
vt -0.157983 -0.178407
vt -0.146626 -0.186834
vt 0.014142 -0.022508
vt 0.000000 -0.019017
vt 0.000000 -0.174916
vt 0.014142 -0.178407
vt 0.000000 -0.019017
vt -0.014142 -0.022508
vt -0.014142 -0.178407
vt 0.000000 -0.174916
vt -0.042293 -0.022508
vt -0.030936 -0.030936
vt -0.146626 -0.186834
vt -0.157983 -0.178407
vt -0.014142 -0.042293
vt 0.000000 -0.046997
vt 0.014142 -0.042293
vt 0.020000 -0.030936
vt 0.014142 -0.019579
vt -0.000000 -0.014875
vt -0.014142 -0.019579
vt -0.020000 -0.030936
vt -0.020000 -0.146626
vt -0.014142 -0.135269
vt -0.000000 -0.130565
vt 0.014142 -0.135269
vt 0.020000 -0.146626
vt 0.014142 -0.157983
vt 0.000000 -0.162687
vt -0.014142 -0.157983
vt -0.000000 -0.043750
vt -0.013990 -0.045821
vt 0.014442 -0.237863
vt 0.028432 -0.235792
vt 0.014142 -0.045821
vt 0.000000 -0.046679
vt 0.000000 -0.238721
vt 0.014142 -0.237863
vt 0.000000 -0.046679
vt -0.014142 -0.045821
vt -0.014142 -0.237863
vt 0.000000 -0.238721
vt -0.013990 -0.045821
vt -0.000000 -0.043750
vt 0.028432 -0.235792
vt 0.014442 -0.237863
vt -0.000000 -0.043750
vt 0.013990 -0.041679
vt 0.042421 -0.233721
vt 0.028432 -0.235792
vt -0.014142 -0.041679
vt -0.000000 -0.040821
vt -0.000000 -0.232863
vt -0.014142 -0.233721
vt -0.000000 -0.040821
vt 0.014142 -0.041679
vt 0.014142 -0.233721
vt -0.000000 -0.232863
vt 0.013990 -0.041679
vt -0.000000 -0.043750
vt 0.028432 -0.235792
vt 0.042421 -0.233721
vt 0.014142 0.013990
vt -0.000000 0.019784
vt -0.014142 0.013990
vt -0.020000 -0.000000
vt -0.014142 -0.013990
vt 0.000000 -0.019784
vt 0.014142 -0.013990
vt 0.020000 -0.000000
vt 0.020000 0.028432
vt 0.014142 0.014442
vt 0.000000 0.008647
vt -0.014142 0.014442
vt -0.020000 0.028432
vt -0.014142 0.042421
vt -0.000000 0.048216
vt 0.014142 0.042421
vt 0.030936 -0.030936
vt 0.022508 -0.042293
vt 0.178407 -0.157983
vt 0.186834 -0.146626
vt 0.014142 0.022508
vt 0.000000 0.019017
vt 0.000000 0.174916
vt 0.014142 0.178407
vt 0.000000 0.019017
vt -0.014142 0.022508
vt -0.014142 0.178407
vt 0.000000 0.174916
vt 0.022508 -0.042293
vt 0.030936 -0.030936
vt 0.186834 -0.146626
vt 0.178407 -0.157983
vt 0.030936 -0.030936
vt 0.039364 -0.019579
vt 0.195262 -0.135269
vt 0.186834 -0.146626
vt -0.014142 0.039364
vt -0.000000 0.042854
vt -0.000000 0.198753
vt -0.014142 0.195262
vt -0.000000 0.042854
vt 0.014142 0.039364
vt 0.014142 0.195262
vt -0.000000 0.198753
vt 0.039364 -0.019579
vt 0.030936 -0.030936
vt 0.186834 -0.146626
vt 0.195262 -0.135269
vt 0.014142 -0.019579
vt -0.000000 -0.014875
vt -0.014142 -0.019579
vt -0.020000 -0.030936
vt -0.014142 -0.042293
vt 0.000000 -0.046997
vt 0.014142 -0.042293
vt 0.020000 -0.030936
vt 0.020000 -0.146626
vt 0.014142 -0.157983
vt 0.000000 -0.162687
vt -0.014142 -0.157983
vt -0.020000 -0.146626
vt -0.014142 -0.135269
vt -0.000000 -0.130565
vt 0.014142 -0.135269
vn 1.0000000 -0.0000000 0.0000000
vn -1.0000000 -0.0000000 0.0000000
vn 0.0000000 -0.9998659 0.0163734
vn 0.0000000 -0.9934464 0.1142986
vn 0.0000000 -0.9966562 0.0817094
vn 0.0000000 -0.9998659 -0.0163734
vn 0.0000000 0.9966562 -0.0817094
vn 0.0000000 0.9998659 0.0163734
vn 0.0000000 0.9998659 -0.0163734
vn 0.0000000 0.9934464 -0.1142986
vn 0.0000000 -0.9774595 0.2111230
vn 0.0000000 -0.9838481 0.1790054
vn 0.0000000 0.9838481 -0.1790054
vn 0.0000000 0.9774595 -0.2111230
vn 0.0000000 -0.9520591 0.3059142
vn 0.0000000 -0.9615650 0.2745774
vn 0.0000000 0.9615650 -0.2745774
vn 0.0000000 0.9520591 -0.3059142
vn 0.0000000 -0.9174898 0.3977592
vn 0.0000000 -0.9300215 0.3675051
vn 0.0000000 0.9300215 -0.3675051
vn 0.0000000 0.9174898 -0.3977592
vn 0.0000000 -0.8740847 0.4857736
vn 0.0000000 -0.8895214 0.4568935
vn 0.0000000 0.8895214 -0.4568935
vn 0.0000000 0.8740847 -0.4857736
vn 0.0000000 -0.8222616 0.5691098
vn 0.0000000 -0.8404547 0.5418818
vn 0.0000000 0.8404547 -0.5418818
vn 0.0000000 0.8222616 -0.5691098
vn 0.0000000 -0.7625196 0.6469651
vn 0.0000000 -0.7832940 0.6216514
vn 0.0000000 0.7832940 -0.6216514
vn 0.0000000 0.7625196 -0.6469651
vn 0.0000000 -0.6954342 0.7185897
vn 0.0000000 -0.7185897 0.6954342
vn 0.0000000 0.7185897 -0.6954342
vn 0.0000000 0.6954342 -0.7185897
vn 0.0000000 -0.6216514 0.7832940
vn 0.0000000 -0.6469651 0.7625196
vn 0.0000000 0.6469651 -0.7625196
vn 0.0000000 0.6216514 -0.7832940
vn 0.0000000 -0.5418818 0.8404547
vn 0.0000000 -0.5691098 0.8222616
vn 0.0000000 0.5691098 -0.8222616
vn 0.0000000 0.5418818 -0.8404547
vn 0.0000000 -0.4568935 0.8895214
vn 0.0000000 -0.4857736 0.8740847
vn 0.0000000 0.4857736 -0.8740847
vn 0.0000000 0.4568935 -0.8895214
vn 0.0000000 -0.3675051 0.9300215
vn 0.0000000 -0.3977592 0.9174898
vn 0.0000000 0.3977592 -0.9174898
vn 0.0000000 0.3675051 -0.9300215
vn 0.0000000 -0.2745774 0.9615650
vn 0.0000000 -0.3059142 0.9520591
vn 0.0000000 0.3059142 -0.9520591
vn 0.0000000 0.2745774 -0.9615650
vn 0.0000000 -0.1790054 0.9838481
vn 0.0000000 -0.2111230 0.9774595
vn 0.0000000 0.2111230 -0.9774595
vn 0.0000000 0.1790054 -0.9838481
vn 0.0000000 -0.0817094 0.9966562
vn 0.0000000 -0.1142986 0.9934464
vn 0.0000000 0.1142986 -0.9934464
vn 0.0000000 0.0817094 -0.9966562
vn 0.0000000 0.0163734 0.9998659
vn 0.0000000 -0.0163734 0.9998659
vn 0.0000000 0.0163734 -0.9998659
vn 0.0000000 -0.0163734 -0.9998659
vn 0.0000000 0.1142986 0.9934464
vn 0.0000000 0.0817094 0.9966562
vn 0.0000000 -0.0817094 -0.9966562
vn 0.0000000 -0.1142986 -0.9934464
vn 0.0000000 0.2111230 0.9774595
vn 0.0000000 0.1790054 0.9838481
vn 0.0000000 -0.1790054 -0.9838481
vn 0.0000000 -0.2111230 -0.9774595
vn 0.0000000 0.3059142 0.9520591
vn 0.0000000 0.2745774 0.9615650
vn 0.0000000 -0.2745774 -0.9615650
vn 0.0000000 -0.3059142 -0.9520591
vn 0.0000000 0.3977592 0.9174898
vn 0.0000000 0.3675051 0.9300215
vn 0.0000000 -0.3675051 -0.9300215
vn 0.0000000 -0.3977592 -0.9174898
vn 0.0000000 0.4857736 0.8740847
vn 0.0000000 0.4568935 0.8895214
vn 0.0000000 -0.4568935 -0.8895214
vn 0.0000000 -0.4857736 -0.8740847
vn 0.0000000 0.5691098 0.8222616
vn 0.0000000 0.5418818 0.8404547
vn 0.0000000 -0.5418818 -0.8404547
vn 0.0000000 -0.5691098 -0.8222616
vn 0.0000000 0.6469651 0.7625196
vn 0.0000000 0.6216514 0.7832940
vn 0.0000000 -0.6216514 -0.7832940
vn 0.0000000 -0.6469651 -0.7625196
vn 0.0000000 0.7185897 0.6954342
vn 0.0000000 0.6954342 0.7185897
vn 0.0000000 -0.6954342 -0.7185897
vn 0.0000000 -0.7185897 -0.6954342
vn 0.0000000 0.7832940 0.6216514
vn 0.0000000 0.7625196 0.6469651
vn 0.0000000 -0.7625196 -0.6469651
vn 0.0000000 -0.7832940 -0.6216514
vn 0.0000000 0.8404547 0.5418818
vn 0.0000000 0.8222616 0.5691098
vn 0.0000000 -0.8222616 -0.5691098
vn 0.0000000 -0.8404547 -0.5418818
vn 0.0000000 0.8895214 0.4568935
vn 0.0000000 0.8740847 0.4857736
vn 0.0000000 -0.8740847 -0.4857736
vn 0.0000000 -0.8895214 -0.4568935
vn 0.0000000 0.9300215 0.3675051
vn 0.0000000 0.9174898 0.3977592
vn 0.0000000 -0.9174898 -0.3977592
vn 0.0000000 -0.9300215 -0.3675051
vn 0.0000000 0.9615650 0.2745774
vn 0.0000000 0.9520591 0.3059142
vn 0.0000000 -0.9520591 -0.3059142
vn 0.0000000 -0.9615650 -0.2745774
vn 0.0000000 0.9838481 0.1790054
vn 0.0000000 0.9774595 0.2111230
vn 0.0000000 -0.9774595 -0.2111230
vn 0.0000000 -0.9838481 -0.1790054
vn 0.0000000 0.9966562 0.0817094
vn 0.0000000 0.9934464 0.1142986
vn 0.0000000 -0.9934464 -0.1142986
vn 0.0000000 -0.9966562 -0.0817094
vn 0.0000000 0.9990385 -0.0438420
vn 0.0000000 0.9536499 -0.3009183
vn 0.0000000 0.9763442 -0.2162221
vn 0.0000000 0.9990385 0.0438420
vn 0.0000000 0.8432717 -0.5374875
vn 0.0000000 0.8871137 -0.4615510
vn 0.0000000 0.6754259 -0.7374278
vn 0.0000000 0.7374278 -0.6754259
vn 0.0000000 0.4615510 -0.8871137
vn 0.0000000 0.5374875 -0.8432717
vn 0.0000000 0.2162221 -0.9763442
vn 0.0000000 0.3009183 -0.9536499
vn 0.0000000 -0.0438420 -0.9990385
vn 0.0000000 0.0438420 -0.9990385
vn 0.0000000 -0.3009183 -0.9536499
vn 0.0000000 -0.2162221 -0.9763442
vn 0.0000000 -0.5374875 -0.8432717
vn 0.0000000 -0.4615510 -0.8871137
vn 0.0000000 -0.7374278 -0.6754259
vn 0.0000000 -0.6754259 -0.7374278
vn 0.0000000 -0.8871137 -0.4615510
vn 0.0000000 -0.8432717 -0.5374875
vn 0.0000000 -0.9763442 -0.2162221
vn 0.0000000 -0.9536499 -0.3009183
vn 0.0000000 -0.9990385 0.0438420
vn 0.0000000 -0.9990385 -0.0438420
vn 0.0000000 -0.9536499 0.3009183
vn 0.0000000 -0.9763442 0.2162221
vn 0.0000000 -0.8432717 0.5374875
vn 0.0000000 -0.8871137 0.4615510
vn 0.0000000 -0.6754259 0.7374278
vn 0.0000000 -0.7374278 0.6754259
vn 0.0000000 -0.4615510 0.8871137
vn 0.0000000 -0.5374875 0.8432717
vn 0.0000000 -0.2162221 0.9763442
vn 0.0000000 -0.3009183 0.9536499
vn 0.0000000 0.0438420 0.9990385
vn 0.0000000 -0.0438420 0.9990385
vn 0.0000000 0.3009183 0.9536499
vn 0.0000000 0.2162221 0.9763442
vn 0.0000000 0.5374875 0.8432717
vn 0.0000000 0.4615510 0.8871137
vn 0.0000000 0.7374278 0.6754259
vn 0.0000000 0.6754259 0.7374278
vn 0.0000000 0.8871137 0.4615510
vn 0.0000000 0.8432717 0.5374875
vn 0.0000000 0.9763442 0.2162221
vn 0.0000000 0.9536499 0.3009183
vn 0.0000000 0.9892177 -0.1464528
vn 0.0000000 -0.9892177 0.1464528
vn 0.0000000 0.5959248 -0.8030403
vn 0.0000000 -0.5959248 0.8030403
vn 0.0000000 -0.1464528 -0.9892177
vn 0.0000000 0.1464528 0.9892177
vn 0.0000000 -0.8030403 -0.5959248
vn 0.0000000 0.8030403 0.5959248
vn 0.9906023 -0.0200309 -0.1352989
vn 0.6037481 -0.1167485 -0.7885798
vn 0.7971752 -0.0884206 -0.5972382
vn 0.9906023 0.0200309 0.1352989
vn -0.1367736 -0.1450765 -0.9799213
vn 0.1367736 -0.1450765 -0.9799213
vn -0.7971752 -0.0884206 -0.5972382
vn -0.6037481 -0.1167485 -0.7885798
vn -0.9906023 0.0200309 0.1352989
vn -0.9906023 -0.0200309 -0.1352989
vn -0.6037481 0.1167485 0.7885798
vn -0.7971752 0.0884206 0.5972382
vn 0.1367736 0.1450765 0.9799213
vn -0.1367736 0.1450765 0.9799213
vn 0.7971752 0.0884206 0.5972382
vn 0.6037481 0.1167485 0.7885798
vn 0.9906023 -0.1098347 -0.0815068
vn 0.6037481 -0.6401638 -0.4750564
vn 0.7971752 -0.4848340 -0.3597884
vn 0.9906023 0.1098347 0.0815068
vn -0.1367736 -0.7954936 -0.5903245
vn 0.1367736 -0.7954936 -0.5903245
vn -0.7971752 -0.4848340 -0.3597884
vn -0.6037481 -0.6401638 -0.4750564
vn -0.9906023 0.1098347 0.0815068
vn -0.9906023 -0.1098347 -0.0815068
vn -0.6037481 0.6401638 0.4750564
vn -0.7971752 0.4848340 0.3597884
vn 0.1367736 0.7954936 0.5903245
vn -0.1367736 0.7954936 0.5903245
vn 0.7971752 0.4848340 0.3597884
vn 0.6037481 0.6401638 0.4750564
vn -0.9906023 0.1352989 -0.0200309
vn -0.6037481 0.7885798 -0.1167485
vn -0.7971752 0.5972382 -0.0884206
vn -0.9906023 -0.1352989 0.0200309
vn 0.1367736 0.9799213 -0.1450765
vn -0.1367736 0.9799213 -0.1450765
vn 0.7971752 0.5972382 -0.0884206
vn 0.6037481 0.7885798 -0.1167485
vn 0.9906023 -0.1352989 0.0200309
vn 0.9906023 0.1352989 -0.0200309
vn 0.6037481 -0.7885798 0.1167485
vn 0.7971752 -0.5972382 0.0884206
vn -0.1367736 -0.9799213 0.1450765
vn 0.1367736 -0.9799213 0.1450765
vn -0.7971752 -0.5972382 0.0884206
vn -0.6037481 -0.7885798 0.1167485
vn -0.9906023 0.0815068 -0.1098347
vn -0.6037481 0.4750564 -0.6401638
vn -0.7971752 0.3597884 -0.4848340
vn -0.9906023 -0.0815068 0.1098347
vn 0.1367736 0.5903245 -0.7954936
vn -0.1367736 0.5903245 -0.7954936
vn 0.7971752 0.3597884 -0.4848340
vn 0.6037481 0.4750564 -0.6401638
vn 0.9906023 -0.0815068 0.1098347
vn 0.9906023 0.0815068 -0.1098347
vn 0.6037481 -0.4750564 0.6401638
vn 0.7971752 -0.3597884 0.4848340
vn -0.1367736 -0.5903245 0.7954936
vn 0.1367736 -0.5903245 0.7954936
vn -0.7971752 -0.3597884 0.4848340
vn -0.6037481 -0.4750564 0.6401638
usemtl DarkIron
f 11/11/1 10/10/1 9/9/1
f 12/12/1 11/11/1 9/9/1
f 15/15/2 14/14/2 13/13/2
f 16/16/2 15/15/2 13/13/2
f 27/27/1 26/26/1 25/25/1
f 28/28/1 27/27/1 25/25/1
f 31/31/2 30/30/2 29/29/2
f 32/32/2 31/31/2 29/29/2
f 43/43/1 42/42/1 41/41/1
f 44/44/1 43/43/1 41/41/1
f 47/47/2 46/46/2 45/45/2
f 48/48/2 47/47/2 45/45/2
f 59/59/1 58/58/1 57/57/1
f 60/60/1 59/59/1 57/57/1
f 63/63/2 62/62/2 61/61/2
f 64/64/2 63/63/2 61/61/2
f 75/75/1 74/74/1 73/73/1
f 76/76/1 75/75/1 73/73/1
f 79/79/2 78/78/2 77/77/2
f 80/80/2 79/79/2 77/77/2
f 91/91/1 90/90/1 89/89/1
f 92/92/1 91/91/1 89/89/1
f 95/95/2 94/94/2 93/93/2
f 96/96/2 95/95/2 93/93/2
f 107/107/1 106/106/1 105/105/1
f 108/108/1 107/107/1 105/105/1
f 111/111/2 110/110/2 109/109/2
f 112/112/2 111/111/2 109/109/2
f 123/123/1 122/122/1 121/121/1
f 124/124/1 123/123/1 121/121/1
f 127/127/2 126/126/2 125/125/2
f 128/128/2 127/127/2 125/125/2
f 139/139/1 138/138/1 137/137/1
f 140/140/1 139/139/1 137/137/1
f 143/143/2 142/142/2 141/141/2
f 144/144/2 143/143/2 141/141/2
f 155/155/1 154/154/1 153/153/1
f 156/156/1 155/155/1 153/153/1
f 159/159/2 158/158/2 157/157/2
f 160/160/2 159/159/2 157/157/2
f 171/171/1 170/170/1 169/169/1
f 172/172/1 171/171/1 169/169/1
f 175/175/2 174/174/2 173/173/2
f 176/176/2 175/175/2 173/173/2
f 187/187/1 186/186/1 185/185/1
f 188/188/1 187/187/1 185/185/1
f 191/191/2 190/190/2 189/189/2
f 192/192/2 191/191/2 189/189/2
f 203/203/1 202/202/1 201/201/1
f 204/204/1 203/203/1 201/201/1
f 207/207/2 206/206/2 205/205/2
f 208/208/2 207/207/2 205/205/2
f 219/219/1 218/218/1 217/217/1
f 220/220/1 219/219/1 217/217/1
f 223/223/2 222/222/2 221/221/2
f 224/224/2 223/223/2 221/221/2
f 235/235/1 234/234/1 233/233/1
f 236/236/1 235/235/1 233/233/1
f 239/239/2 238/238/2 237/237/2
f 240/240/2 239/239/2 237/237/2
f 251/251/1 250/250/1 249/249/1
f 252/252/1 251/251/1 249/249/1
f 255/255/2 254/254/2 253/253/2
f 256/256/2 255/255/2 253/253/2
f 267/267/1 266/266/1 265/265/1
f 268/268/1 267/267/1 265/265/1
f 271/271/2 270/270/2 269/269/2
f 272/272/2 271/271/2 269/269/2
f 283/283/1 282/282/1 281/281/1
f 284/284/1 283/283/1 281/281/1
f 287/287/2 286/286/2 285/285/2
f 288/288/2 287/287/2 285/285/2
f 299/299/1 298/298/1 297/297/1
f 300/300/1 299/299/1 297/297/1
f 303/303/2 302/302/2 301/301/2
f 304/304/2 303/303/2 301/301/2
f 315/315/1 314/314/1 313/313/1
f 316/316/1 315/315/1 313/313/1
f 319/319/2 318/318/2 317/317/2
f 320/320/2 319/319/2 317/317/2
f 331/331/1 330/330/1 329/329/1
f 332/332/1 331/331/1 329/329/1
f 335/335/2 334/334/2 333/333/2
f 336/336/2 335/335/2 333/333/2
f 347/347/1 346/346/1 345/345/1
f 348/348/1 347/347/1 345/345/1
f 351/351/2 350/350/2 349/349/2
f 352/352/2 351/351/2 349/349/2
f 363/363/1 362/362/1 361/361/1
f 364/364/1 363/363/1 361/361/1
f 367/367/2 366/366/2 365/365/2
f 368/368/2 367/367/2 365/365/2
f 379/379/1 378/378/1 377/377/1
f 380/380/1 379/379/1 377/377/1
f 383/383/2 382/382/2 381/381/2
f 384/384/2 383/383/2 381/381/2
f 395/395/1 394/394/1 393/393/1
f 396/396/1 395/395/1 393/393/1
f 399/399/2 398/398/2 397/397/2
f 400/400/2 399/399/2 397/397/2
f 411/411/1 410/410/1 409/409/1
f 412/412/1 411/411/1 409/409/1
f 415/415/2 414/414/2 413/413/2
f 416/416/2 415/415/2 413/413/2
f 427/427/1 426/426/1 425/425/1
f 428/428/1 427/427/1 425/425/1
f 431/431/2 430/430/2 429/429/2
f 432/432/2 431/431/2 429/429/2
f 443/443/1 442/442/1 441/441/1
f 444/444/1 443/443/1 441/441/1
f 447/447/2 446/446/2 445/445/2
f 448/448/2 447/447/2 445/445/2
f 459/459/1 458/458/1 457/457/1
f 460/460/1 459/459/1 457/457/1
f 463/463/2 462/462/2 461/461/2
f 464/464/2 463/463/2 461/461/2
f 475/475/1 474/474/1 473/473/1
f 476/476/1 475/475/1 473/473/1
f 479/479/2 478/478/2 477/477/2
f 480/480/2 479/479/2 477/477/2
f 491/491/1 490/490/1 489/489/1
f 492/492/1 491/491/1 489/489/1
f 495/495/2 494/494/2 493/493/2
f 496/496/2 495/495/2 493/493/2
f 507/507/1 506/506/1 505/505/1
f 508/508/1 507/507/1 505/505/1
f 511/511/2 510/510/2 509/509/2
f 512/512/2 511/511/2 509/509/2
f 523/523/1 522/522/1 521/521/1
f 524/524/1 523/523/1 521/521/1
f 527/527/2 526/526/2 525/525/2
f 528/528/2 527/527/2 525/525/2
f 539/539/1 538/538/1 537/537/1
f 540/540/1 539/539/1 537/537/1
f 543/543/2 542/542/2 541/541/2
f 544/544/2 543/543/2 541/541/2
f 555/555/1 554/554/1 553/553/1
f 556/556/1 555/555/1 553/553/1
f 559/559/2 558/558/2 557/557/2
f 560/560/2 559/559/2 557/557/2
f 571/571/1 570/570/1 569/569/1
f 572/572/1 571/571/1 569/569/1
f 575/575/2 574/574/2 573/573/2
f 576/576/2 575/575/2 573/573/2
f 587/587/1 586/586/1 585/585/1
f 588/588/1 587/587/1 585/585/1
f 591/591/2 590/590/2 589/589/2
f 592/592/2 591/591/2 589/589/2
f 603/603/1 602/602/1 601/601/1
f 604/604/1 603/603/1 601/601/1
f 607/607/2 606/606/2 605/605/2
f 608/608/2 607/607/2 605/605/2
f 619/619/1 618/618/1 617/617/1
f 620/620/1 619/619/1 617/617/1
f 623/623/2 622/622/2 621/621/2
f 624/624/2 623/623/2 621/621/2
f 635/635/1 634/634/1 633/633/1
f 636/636/1 635/635/1 633/633/1
f 639/639/2 638/638/2 637/637/2
f 640/640/2 639/639/2 637/637/2
f 651/651/1 650/650/1 649/649/1
f 652/652/1 651/651/1 649/649/1
f 655/655/2 654/654/2 653/653/2
f 656/656/2 655/655/2 653/653/2
f 667/667/1 666/666/1 665/665/1
f 668/668/1 667/667/1 665/665/1
f 671/671/2 670/670/2 669/669/2
f 672/672/2 671/671/2 669/669/2
f 683/683/1 682/682/1 681/681/1
f 684/684/1 683/683/1 681/681/1
f 687/687/2 686/686/2 685/685/2
f 688/688/2 687/687/2 685/685/2
f 699/699/1 698/698/1 697/697/1
f 700/700/1 699/699/1 697/697/1
f 703/703/2 702/702/2 701/701/2
f 704/704/2 703/703/2 701/701/2
f 715/715/1 714/714/1 713/713/1
f 716/716/1 715/715/1 713/713/1
f 719/719/2 718/718/2 717/717/2
f 720/720/2 719/719/2 717/717/2
f 731/731/1 730/730/1 729/729/1
f 732/732/1 731/731/1 729/729/1
f 735/735/2 734/734/2 733/733/2
f 736/736/2 735/735/2 733/733/2
f 747/747/1 746/746/1 745/745/1
f 748/748/1 747/747/1 745/745/1
f 751/751/2 750/750/2 749/749/2
f 752/752/2 751/751/2 749/749/2
f 763/763/1 762/762/1 761/761/1
f 764/764/1 763/763/1 761/761/1
f 767/767/2 766/766/2 765/765/2
f 768/768/2 767/767/2 765/765/2
f 779/779/1 778/778/1 777/777/1
f 780/780/1 779/779/1 777/777/1
f 783/783/2 782/782/2 781/781/2
f 784/784/2 783/783/2 781/781/2
f 795/795/1 794/794/1 793/793/1
f 796/796/1 795/795/1 793/793/1
f 799/799/2 798/798/2 797/797/2
f 800/800/2 799/799/2 797/797/2
f 811/811/1 810/810/1 809/809/1
f 812/812/1 811/811/1 809/809/1
f 815/815/2 814/814/2 813/813/2
f 816/816/2 815/815/2 813/813/2
f 827/827/1 826/826/1 825/825/1
f 828/828/1 827/827/1 825/825/1
f 831/831/2 830/830/2 829/829/2
f 832/832/2 831/831/2 829/829/2
f 843/843/1 842/842/1 841/841/1
f 844/844/1 843/843/1 841/841/1
f 847/847/2 846/846/2 845/845/2
f 848/848/2 847/847/2 845/845/2
f 859/859/1 858/858/1 857/857/1
f 860/860/1 859/859/1 857/857/1
f 863/863/2 862/862/2 861/861/2
f 864/864/2 863/863/2 861/861/2
f 875/875/1 874/874/1 873/873/1
f 876/876/1 875/875/1 873/873/1
f 879/879/2 878/878/2 877/877/2
f 880/880/2 879/879/2 877/877/2
f 891/891/1 890/890/1 889/889/1
f 892/892/1 891/891/1 889/889/1
f 895/895/2 894/894/2 893/893/2
f 896/896/2 895/895/2 893/893/2
f 907/907/1 906/906/1 905/905/1
f 908/908/1 907/907/1 905/905/1
f 911/911/2 910/910/2 909/909/2
f 912/912/2 911/911/2 909/909/2
f 923/923/1 922/922/1 921/921/1
f 924/924/1 923/923/1 921/921/1
f 927/927/2 926/926/2 925/925/2
f 928/928/2 927/927/2 925/925/2
f 939/939/1 938/938/1 937/937/1
f 940/940/1 939/939/1 937/937/1
f 943/943/2 942/942/2 941/941/2
f 944/944/2 943/943/2 941/941/2
f 955/955/1 954/954/1 953/953/1
f 956/956/1 955/955/1 953/953/1
f 959/959/2 958/958/2 957/957/2
f 960/960/2 959/959/2 957/957/2
f 971/971/1 970/970/1 969/969/1
f 972/972/1 971/971/1 969/969/1
f 975/975/2 974/974/2 973/973/2
f 976/976/2 975/975/2 973/973/2
f 987/987/1 986/986/1 985/985/1
f 988/988/1 987/987/1 985/985/1
f 991/991/2 990/990/2 989/989/2
f 992/992/2 991/991/2 989/989/2
f 1003/1003/1 1002/1002/1 1001/1001/1
f 1004/1004/1 1003/1003/1 1001/1001/1
f 1007/1007/2 1006/1006/2 1005/1005/2
f 1008/1008/2 1007/1007/2 1005/1005/2
f 1019/1019/1 1018/1018/1 1017/1017/1
f 1020/1020/1 1019/1019/1 1017/1017/1
f 1023/1023/2 1022/1022/2 1021/1021/2
f 1024/1024/2 1023/1023/2 1021/1021/2
f 2147/2147/2 2146/2146/2 2145/2145/2
f 2148/2148/2 2147/2147/2 2145/2145/2
f 2149/2149/2 2148/2148/2 2145/2145/2
f 2150/2150/2 2149/2149/2 2145/2145/2
f 2151/2151/2 2150/2150/2 2145/2145/2
f 2152/2152/2 2151/2151/2 2145/2145/2
f 2153/2153/2 2152/2152/2 2145/2145/2
f 2154/2154/2 2153/2153/2 2145/2145/2
f 2155/2155/2 2154/2154/2 2145/2145/2
f 2156/2156/2 2155/2155/2 2145/2145/2
f 2157/2157/2 2156/2156/2 2145/2145/2
f 2158/2158/2 2157/2157/2 2145/2145/2
f 2159/2159/2 2158/2158/2 2145/2145/2
f 2160/2160/2 2159/2159/2 2145/2145/2
f 2161/2161/2 2160/2160/2 2145/2145/2
f 2162/2162/2 2161/2161/2 2145/2145/2
f 2163/2163/2 2162/2162/2 2145/2145/2
f 2164/2164/2 2163/2163/2 2145/2145/2
f 2165/2165/2 2164/2164/2 2145/2145/2
f 2166/2166/2 2165/2165/2 2145/2145/2
f 2167/2167/2 2166/2166/2 2145/2145/2
f 2168/2168/2 2167/2167/2 2145/2145/2
f 2171/2171/1 2170/2170/1 2169/2169/1
f 2172/2172/1 2171/2171/1 2169/2169/1
f 2173/2173/1 2172/2172/1 2169/2169/1
f 2174/2174/1 2173/2173/1 2169/2169/1
f 2175/2175/1 2174/2174/1 2169/2169/1
f 2176/2176/1 2175/2175/1 2169/2169/1
f 2177/2177/1 2176/2176/1 2169/2169/1
f 2178/2178/1 2177/2177/1 2169/2169/1
f 2179/2179/1 2178/2178/1 2169/2169/1
f 2180/2180/1 2179/2179/1 2169/2169/1
f 2181/2181/1 2180/2180/1 2169/2169/1
f 2182/2182/1 2181/2181/1 2169/2169/1
f 2183/2183/1 2182/2182/1 2169/2169/1
f 2184/2184/1 2183/2183/1 2169/2169/1
f 2185/2185/1 2184/2184/1 2169/2169/1
f 2186/2186/1 2185/2185/1 2169/2169/1
f 2187/2187/1 2186/2186/1 2169/2169/1
f 2188/2188/1 2187/2187/1 2169/2169/1
f 2189/2189/1 2188/2188/1 2169/2169/1
f 2190/2190/1 2189/2189/1 2169/2169/1
f 2191/2191/1 2190/2190/1 2169/2169/1
f 2192/2192/1 2191/2191/1 2169/2169/1
f 3/3/5 2/2/4 1/1/3
f 4/4/6 3/3/5 1/1/3
f 7/7/9 6/6/8 5/5/7
f 8/8/10 7/7/9 5/5/7
f 19/19/12 18/18/11 17/17/4
f 20/20/5 19/19/12 17/17/4
f 23/23/10 22/22/7 21/21/13
f 24/24/14 23/23/10 21/21/13
f 35/35/16 34/34/15 33/33/11
f 36/36/12 35/35/16 33/33/11
f 39/39/14 38/38/13 37/37/17
f 40/40/18 39/39/14 37/37/17
f 51/51/20 50/50/19 49/49/15
f 52/52/16 51/51/20 49/49/15
f 55/55/18 54/54/17 53/53/21
f 56/56/22 55/55/18 53/53/21
f 67/67/24 66/66/23 65/65/19
f 68/68/20 67/67/24 65/65/19
f 71/71/22 70/70/21 69/69/25
f 72/72/26 71/71/22 69/69/25
f 83/83/28 82/82/27 81/81/23
f 84/84/24 83/83/28 81/81/23
f 87/87/26 86/86/25 85/85/29
f 88/88/30 87/87/26 85/85/29
f 99/99/32 98/98/31 97/97/27
f 100/100/28 99/99/32 97/97/27
f 103/103/30 102/102/29 101/101/33
f 104/104/34 103/103/30 101/101/33
f 115/115/36 114/114/35 113/113/31
f 116/116/32 115/115/36 113/113/31
f 119/119/34 118/118/33 117/117/37
f 120/120/38 119/119/34 117/117/37
f 131/131/40 130/130/39 129/129/35
f 132/132/36 131/131/40 129/129/35
f 135/135/38 134/134/37 133/133/41
f 136/136/42 135/135/38 133/133/41
f 147/147/44 146/146/43 145/145/39
f 148/148/40 147/147/44 145/145/39
f 151/151/42 150/150/41 149/149/45
f 152/152/46 151/151/42 149/149/45
f 163/163/48 162/162/47 161/161/43
f 164/164/44 163/163/48 161/161/43
f 167/167/46 166/166/45 165/165/49
f 168/168/50 167/167/46 165/165/49
f 179/179/52 178/178/51 177/177/47
f 180/180/48 179/179/52 177/177/47
f 183/183/50 182/182/49 181/181/53
f 184/184/54 183/183/50 181/181/53
f 195/195/56 194/194/55 193/193/51
f 196/196/52 195/195/56 193/193/51
f 199/199/54 198/198/53 197/197/57
f 200/200/58 199/199/54 197/197/57
f 211/211/60 210/210/59 209/209/55
f 212/212/56 211/211/60 209/209/55
f 215/215/58 214/214/57 213/213/61
f 216/216/62 215/215/58 213/213/61
f 227/227/64 226/226/63 225/225/59
f 228/228/60 227/227/64 225/225/59
f 231/231/62 230/230/61 229/229/65
f 232/232/66 231/231/62 229/229/65
f 243/243/68 242/242/67 241/241/63
f 244/244/64 243/243/68 241/241/63
f 247/247/66 246/246/65 245/245/69
f 248/248/70 247/247/66 245/245/69
f 259/259/72 258/258/71 257/257/67
f 260/260/68 259/259/72 257/257/67
f 263/263/70 262/262/69 261/261/73
f 264/264/74 263/263/70 261/261/73
f 275/275/76 274/274/75 273/273/71
f 276/276/72 275/275/76 273/273/71
f 279/279/74 278/278/73 277/277/77
f 280/280/78 279/279/74 277/277/77
f 291/291/80 290/290/79 289/289/75
f 292/292/76 291/291/80 289/289/75
f 295/295/78 294/294/77 293/293/81
f 296/296/82 295/295/78 293/293/81
f 307/307/84 306/306/83 305/305/79
f 308/308/80 307/307/84 305/305/79
f 311/311/82 310/310/81 309/309/85
f 312/312/86 311/311/82 309/309/85
f 323/323/88 322/322/87 321/321/83
f 324/324/84 323/323/88 321/321/83
f 327/327/86 326/326/85 325/325/89
f 328/328/90 327/327/86 325/325/89
f 339/339/92 338/338/91 337/337/87
f 340/340/88 339/339/92 337/337/87
f 343/343/90 342/342/89 341/341/93
f 344/344/94 343/343/90 341/341/93
f 355/355/96 354/354/95 353/353/91
f 356/356/92 355/355/96 353/353/91
f 359/359/94 358/358/93 357/357/97
f 360/360/98 359/359/94 357/357/97
f 371/371/100 370/370/99 369/369/95
f 372/372/96 371/371/100 369/369/95
f 375/375/98 374/374/97 373/373/101
f 376/376/102 375/375/98 373/373/101
f 387/387/104 386/386/103 385/385/99
f 388/388/100 387/387/104 385/385/99
f 391/391/102 390/390/101 389/389/105
f 392/392/106 391/391/102 389/389/105
f 403/403/108 402/402/107 401/401/103
f 404/404/104 403/403/108 401/401/103
f 407/407/106 406/406/105 405/405/109
f 408/408/110 407/407/106 405/405/109
f 419/419/112 418/418/111 417/417/107
f 420/420/108 419/419/112 417/417/107
f 423/423/110 422/422/109 421/421/113
f 424/424/114 423/423/110 421/421/113
f 435/435/116 434/434/115 433/433/111
f 436/436/112 435/435/116 433/433/111
f 439/439/114 438/438/113 437/437/117
f 440/440/118 439/439/114 437/437/117
f 451/451/120 450/450/119 449/449/115
f 452/452/116 451/451/120 449/449/115
f 455/455/118 454/454/117 453/453/121
f 456/456/122 455/455/118 453/453/121
f 467/467/124 466/466/123 465/465/119
f 468/468/120 467/467/124 465/465/119
f 471/471/122 470/470/121 469/469/125
f 472/472/126 471/471/122 469/469/125
f 483/483/128 482/482/127 481/481/123
f 484/484/124 483/483/128 481/481/123
f 487/487/126 486/486/125 485/485/129
f 488/488/130 487/487/126 485/485/129
f 499/499/8 498/498/9 497/497/127
f 500/500/128 499/499/8 497/497/127
f 503/503/130 502/502/129 501/501/6
f 504/504/3 503/503/130 501/501/6
f 515/515/7 514/514/10 513/513/9
f 516/516/8 515/515/7 513/513/9
f 519/519/3 518/518/6 517/517/5
f 520/520/4 519/519/3 517/517/5
f 531/531/13 530/530/14 529/529/10
f 532/532/7 531/531/13 529/529/10
f 535/535/4 534/534/5 533/533/12
f 536/536/11 535/535/4 533/533/12
f 547/547/17 546/546/18 545/545/14
f 548/548/13 547/547/17 545/545/14
f 551/551/11 550/550/12 549/549/16
f 552/552/15 551/551/11 549/549/16
f 563/563/21 562/562/22 561/561/18
f 564/564/17 563/563/21 561/561/18
f 567/567/15 566/566/16 565/565/20
f 568/568/19 567/567/15 565/565/20
f 579/579/25 578/578/26 577/577/22
f 580/580/21 579/579/25 577/577/22
f 583/583/19 582/582/20 581/581/24
f 584/584/23 583/583/19 581/581/24
f 595/595/29 594/594/30 593/593/26
f 596/596/25 595/595/29 593/593/26
f 599/599/23 598/598/24 597/597/28
f 600/600/27 599/599/23 597/597/28
f 611/611/33 610/610/34 609/609/30
f 612/612/29 611/611/33 609/609/30
f 615/615/27 614/614/28 613/613/32
f 616/616/31 615/615/27 613/613/32
f 627/627/37 626/626/38 625/625/34
f 628/628/33 627/627/37 625/625/34
f 631/631/31 630/630/32 629/629/36
f 632/632/35 631/631/31 629/629/36
f 643/643/41 642/642/42 641/641/38
f 644/644/37 643/643/41 641/641/38
f 647/647/35 646/646/36 645/645/40
f 648/648/39 647/647/35 645/645/40
f 659/659/45 658/658/46 657/657/42
f 660/660/41 659/659/45 657/657/42
f 663/663/39 662/662/40 661/661/44
f 664/664/43 663/663/39 661/661/44
f 675/675/49 674/674/50 673/673/46
f 676/676/45 675/675/49 673/673/46
f 679/679/43 678/678/44 677/677/48
f 680/680/47 679/679/43 677/677/48
f 691/691/53 690/690/54 689/689/50
f 692/692/49 691/691/53 689/689/50
f 695/695/47 694/694/48 693/693/52
f 696/696/51 695/695/47 693/693/52
f 707/707/57 706/706/58 705/705/54
f 708/708/53 707/707/57 705/705/54
f 711/711/51 710/710/52 709/709/56
f 712/712/55 711/711/51 709/709/56
f 723/723/61 722/722/62 721/721/58
f 724/724/57 723/723/61 721/721/58
f 727/727/55 726/726/56 725/725/60
f 728/728/59 727/727/55 725/725/60
f 739/739/65 738/738/66 737/737/62
f 740/740/61 739/739/65 737/737/62
f 743/743/59 742/742/60 741/741/64
f 744/744/63 743/743/59 741/741/64
f 755/755/69 754/754/70 753/753/66
f 756/756/65 755/755/69 753/753/66
f 759/759/63 758/758/64 757/757/68
f 760/760/67 759/759/63 757/757/68
f 771/771/73 770/770/74 769/769/70
f 772/772/69 771/771/73 769/769/70
f 775/775/67 774/774/68 773/773/72
f 776/776/71 775/775/67 773/773/72
f 787/787/77 786/786/78 785/785/74
f 788/788/73 787/787/77 785/785/74
f 791/791/71 790/790/72 789/789/76
f 792/792/75 791/791/71 789/789/76
f 803/803/81 802/802/82 801/801/78
f 804/804/77 803/803/81 801/801/78
f 807/807/75 806/806/76 805/805/80
f 808/808/79 807/807/75 805/805/80
f 819/819/85 818/818/86 817/817/82
f 820/820/81 819/819/85 817/817/82
f 823/823/79 822/822/80 821/821/84
f 824/824/83 823/823/79 821/821/84
f 835/835/89 834/834/90 833/833/86
f 836/836/85 835/835/89 833/833/86
f 839/839/83 838/838/84 837/837/88
f 840/840/87 839/839/83 837/837/88
f 851/851/93 850/850/94 849/849/90
f 852/852/89 851/851/93 849/849/90
f 855/855/87 854/854/88 853/853/92
f 856/856/91 855/855/87 853/853/92
f 867/867/97 866/866/98 865/865/94
f 868/868/93 867/867/97 865/865/94
f 871/871/91 870/870/92 869/869/96
f 872/872/95 871/871/91 869/869/96
f 883/883/101 882/882/102 881/881/98
f 884/884/97 883/883/101 881/881/98
f 887/887/95 886/886/96 885/885/100
f 888/888/99 887/887/95 885/885/100
f 899/899/105 898/898/106 897/897/102
f 900/900/101 899/899/105 897/897/102
f 903/903/99 902/902/100 901/901/104
f 904/904/103 903/903/99 901/901/104
f 915/915/109 914/914/110 913/913/106
f 916/916/105 915/915/109 913/913/106
f 919/919/103 918/918/104 917/917/108
f 920/920/107 919/919/103 917/917/108
f 931/931/113 930/930/114 929/929/110
f 932/932/109 931/931/113 929/929/110
f 935/935/107 934/934/108 933/933/112
f 936/936/111 935/935/107 933/933/112
f 947/947/117 946/946/118 945/945/114
f 948/948/113 947/947/117 945/945/114
f 951/951/111 950/950/112 949/949/116
f 952/952/115 951/951/111 949/949/116
f 963/963/121 962/962/122 961/961/118
f 964/964/117 963/963/121 961/961/118
f 967/967/115 966/966/116 965/965/120
f 968/968/119 967/967/115 965/965/120
f 979/979/125 978/978/126 977/977/122
f 980/980/121 979/979/125 977/977/122
f 983/983/119 982/982/120 981/981/124
f 984/984/123 983/983/119 981/981/124
f 995/995/129 994/994/130 993/993/126
f 996/996/125 995/995/129 993/993/126
f 999/999/123 998/998/124 997/997/128
f 1000/1000/127 999/999/123 997/997/128
f 1011/1011/6 1010/1010/3 1009/1009/130
f 1012/1012/129 1011/1011/6 1009/1009/130
f 1015/1015/127 1014/1014/128 1013/1013/8
f 1016/1016/9 1015/1015/127 1013/1013/8
f 2051/2051/133 2050/2050/132 2049/2049/131
f 2052/2052/134 2051/2051/133 2049/2049/131
f 2055/2055/136 2054/2054/135 2053/2053/132
f 2056/2056/133 2055/2055/136 2053/2053/132
f 2059/2059/138 2058/2058/137 2057/2057/135
f 2060/2060/136 2059/2059/138 2057/2057/135
f 2063/2063/140 2062/2062/139 2061/2061/137
f 2064/2064/138 2063/2063/140 2061/2061/137
f 2067/2067/142 2066/2066/141 2065/2065/139
f 2068/2068/140 2067/2067/142 2065/2065/139
f 2071/2071/144 2070/2070/143 2069/2069/141
f 2072/2072/142 2071/2071/144 2069/2069/141
f 2075/2075/146 2074/2074/145 2073/2073/143
f 2076/2076/144 2075/2075/146 2073/2073/143
f 2079/2079/148 2078/2078/147 2077/2077/145
f 2080/2080/146 2079/2079/148 2077/2077/145
f 2083/2083/150 2082/2082/149 2081/2081/147
f 2084/2084/148 2083/2083/150 2081/2081/147
f 2087/2087/152 2086/2086/151 2085/2085/149
f 2088/2088/150 2087/2087/152 2085/2085/149
f 2091/2091/154 2090/2090/153 2089/2089/151
f 2092/2092/152 2091/2091/154 2089/2089/151
f 2095/2095/156 2094/2094/155 2093/2093/153
f 2096/2096/154 2095/2095/156 2093/2093/153
f 2099/2099/158 2098/2098/157 2097/2097/155
f 2100/2100/156 2099/2099/158 2097/2097/155
f 2103/2103/160 2102/2102/159 2101/2101/157
f 2104/2104/158 2103/2103/160 2101/2101/157
f 2107/2107/162 2106/2106/161 2105/2105/159
f 2108/2108/160 2107/2107/162 2105/2105/159
f 2111/2111/164 2110/2110/163 2109/2109/161
f 2112/2112/162 2111/2111/164 2109/2109/161
f 2115/2115/166 2114/2114/165 2113/2113/163
f 2116/2116/164 2115/2115/166 2113/2113/163
f 2119/2119/168 2118/2118/167 2117/2117/165
f 2120/2120/166 2119/2119/168 2117/2117/165
f 2123/2123/170 2122/2122/169 2121/2121/167
f 2124/2124/168 2123/2123/170 2121/2121/167
f 2127/2127/172 2126/2126/171 2125/2125/169
f 2128/2128/170 2127/2127/172 2125/2125/169
f 2131/2131/174 2130/2130/173 2129/2129/171
f 2132/2132/172 2131/2131/174 2129/2129/171
f 2135/2135/176 2134/2134/175 2133/2133/173
f 2136/2136/174 2135/2135/176 2133/2133/173
f 2139/2139/178 2138/2138/177 2137/2137/175
f 2140/2140/176 2139/2139/178 2137/2137/175
f 2143/2143/134 2142/2142/131 2141/2141/177
f 2144/2144/178 2143/2143/134 2141/2141/177
usemtl EngineEnamel
f 2227/2227/179 2226/2226/179 2225/2225/179
f 2228/2228/179 2227/2227/179 2225/2225/179
f 2229/2229/179 2228/2228/179 2225/2225/179
f 2230/2230/179 2229/2229/179 2225/2225/179
f 2231/2231/179 2230/2230/179 2225/2225/179
f 2232/2232/179 2231/2231/179 2225/2225/179
f 2235/2235/180 2234/2234/180 2233/2233/180
f 2236/2236/180 2235/2235/180 2233/2233/180
f 2237/2237/180 2236/2236/180 2233/2233/180
f 2238/2238/180 2237/2237/180 2233/2233/180
f 2239/2239/180 2238/2238/180 2233/2233/180
f 2240/2240/180 2239/2239/180 2233/2233/180
f 2275/2275/181 2274/2274/181 2273/2273/181
f 2276/2276/181 2275/2275/181 2273/2273/181
f 2277/2277/181 2276/2276/181 2273/2273/181
f 2278/2278/181 2277/2277/181 2273/2273/181
f 2279/2279/181 2278/2278/181 2273/2273/181
f 2280/2280/181 2279/2279/181 2273/2273/181
f 2283/2283/182 2282/2282/182 2281/2281/182
f 2284/2284/182 2283/2283/182 2281/2281/182
f 2285/2285/182 2284/2284/182 2281/2281/182
f 2286/2286/182 2285/2285/182 2281/2281/182
f 2287/2287/182 2286/2286/182 2281/2281/182
f 2288/2288/182 2287/2287/182 2281/2281/182
f 2323/2323/183 2322/2322/183 2321/2321/183
f 2324/2324/183 2323/2323/183 2321/2321/183
f 2325/2325/183 2324/2324/183 2321/2321/183
f 2326/2326/183 2325/2325/183 2321/2321/183
f 2327/2327/183 2326/2326/183 2321/2321/183
f 2328/2328/183 2327/2327/183 2321/2321/183
f 2331/2331/184 2330/2330/184 2329/2329/184
f 2332/2332/184 2331/2331/184 2329/2329/184
f 2333/2333/184 2332/2332/184 2329/2329/184
f 2334/2334/184 2333/2333/184 2329/2329/184
f 2335/2335/184 2334/2334/184 2329/2329/184
f 2336/2336/184 2335/2335/184 2329/2329/184
f 2371/2371/185 2370/2370/185 2369/2369/185
f 2372/2372/185 2371/2371/185 2369/2369/185
f 2373/2373/185 2372/2372/185 2369/2369/185
f 2374/2374/185 2373/2373/185 2369/2369/185
f 2375/2375/185 2374/2374/185 2369/2369/185
f 2376/2376/185 2375/2375/185 2369/2369/185
f 2379/2379/186 2378/2378/186 2377/2377/186
f 2380/2380/186 2379/2379/186 2377/2377/186
f 2381/2381/186 2380/2380/186 2377/2377/186
f 2382/2382/186 2381/2381/186 2377/2377/186
f 2383/2383/186 2382/2382/186 2377/2377/186
f 2384/2384/186 2383/2383/186 2377/2377/186
f 2419/2419/180 2418/2418/180 2417/2417/180
f 2420/2420/180 2419/2419/180 2417/2417/180
f 2421/2421/180 2420/2420/180 2417/2417/180
f 2422/2422/180 2421/2421/180 2417/2417/180
f 2423/2423/180 2422/2422/180 2417/2417/180
f 2424/2424/180 2423/2423/180 2417/2417/180
f 2427/2427/179 2426/2426/179 2425/2425/179
f 2428/2428/179 2427/2427/179 2425/2425/179
f 2429/2429/179 2428/2428/179 2425/2425/179
f 2430/2430/179 2429/2429/179 2425/2425/179
f 2431/2431/179 2430/2430/179 2425/2425/179
f 2432/2432/179 2431/2431/179 2425/2425/179
f 2467/2467/182 2466/2466/182 2465/2465/182
f 2468/2468/182 2467/2467/182 2465/2465/182
f 2469/2469/182 2468/2468/182 2465/2465/182
f 2470/2470/182 2469/2469/182 2465/2465/182
f 2471/2471/182 2470/2470/182 2465/2465/182
f 2472/2472/182 2471/2471/182 2465/2465/182
f 2475/2475/181 2474/2474/181 2473/2473/181
f 2476/2476/181 2475/2475/181 2473/2473/181
f 2477/2477/181 2476/2476/181 2473/2473/181
f 2478/2478/181 2477/2477/181 2473/2473/181
f 2479/2479/181 2478/2478/181 2473/2473/181
f 2480/2480/181 2479/2479/181 2473/2473/181
f 2515/2515/184 2514/2514/184 2513/2513/184
f 2516/2516/184 2515/2515/184 2513/2513/184
f 2517/2517/184 2516/2516/184 2513/2513/184
f 2518/2518/184 2517/2517/184 2513/2513/184
f 2519/2519/184 2518/2518/184 2513/2513/184
f 2520/2520/184 2519/2519/184 2513/2513/184
f 2523/2523/183 2522/2522/183 2521/2521/183
f 2524/2524/183 2523/2523/183 2521/2521/183
f 2525/2525/183 2524/2524/183 2521/2521/183
f 2526/2526/183 2525/2525/183 2521/2521/183
f 2527/2527/183 2526/2526/183 2521/2521/183
f 2528/2528/183 2527/2527/183 2521/2521/183
f 2563/2563/186 2562/2562/186 2561/2561/186
f 2564/2564/186 2563/2563/186 2561/2561/186
f 2565/2565/186 2564/2564/186 2561/2561/186
f 2566/2566/186 2565/2565/186 2561/2561/186
f 2567/2567/186 2566/2566/186 2561/2561/186
f 2568/2568/186 2567/2567/186 2561/2561/186
f 2571/2571/185 2570/2570/185 2569/2569/185
f 2572/2572/185 2571/2571/185 2569/2569/185
f 2573/2573/185 2572/2572/185 2569/2569/185
f 2574/2574/185 2573/2573/185 2569/2569/185
f 2575/2575/185 2574/2574/185 2569/2569/185
f 2576/2576/185 2575/2575/185 2569/2569/185
f 2195/2195/189 2194/2194/188 2193/2193/187
f 2196/2196/190 2195/2195/189 2193/2193/187
f 2199/2199/192 2198/2198/191 2197/2197/188
f 2200/2200/189 2199/2199/192 2197/2197/188
f 2203/2203/194 2202/2202/193 2201/2201/191
f 2204/2204/192 2203/2203/194 2201/2201/191
f 2207/2207/196 2206/2206/195 2205/2205/193
f 2208/2208/194 2207/2207/196 2205/2205/193
f 2211/2211/198 2210/2210/197 2209/2209/195
f 2212/2212/196 2211/2211/198 2209/2209/195
f 2215/2215/200 2214/2214/199 2213/2213/197
f 2216/2216/198 2215/2215/200 2213/2213/197
f 2219/2219/202 2218/2218/201 2217/2217/199
f 2220/2220/200 2219/2219/202 2217/2217/199
f 2223/2223/190 2222/2222/187 2221/2221/201
f 2224/2224/202 2223/2223/190 2221/2221/201
f 2243/2243/205 2242/2242/204 2241/2241/203
f 2244/2244/206 2243/2243/205 2241/2241/203
f 2247/2247/208 2246/2246/207 2245/2245/204
f 2248/2248/205 2247/2247/208 2245/2245/204
f 2251/2251/210 2250/2250/209 2249/2249/207
f 2252/2252/208 2251/2251/210 2249/2249/207
f 2255/2255/212 2254/2254/211 2253/2253/209
f 2256/2256/210 2255/2255/212 2253/2253/209
f 2259/2259/214 2258/2258/213 2257/2257/211
f 2260/2260/212 2259/2259/214 2257/2257/211
f 2263/2263/216 2262/2262/215 2261/2261/213
f 2264/2264/214 2263/2263/216 2261/2261/213
f 2267/2267/218 2266/2266/217 2265/2265/215
f 2268/2268/216 2267/2267/218 2265/2265/215
f 2271/2271/206 2270/2270/203 2269/2269/217
f 2272/2272/218 2271/2271/206 2269/2269/217
f 2291/2291/221 2290/2290/220 2289/2289/219
f 2292/2292/222 2291/2291/221 2289/2289/219
f 2295/2295/224 2294/2294/223 2293/2293/220
f 2296/2296/221 2295/2295/224 2293/2293/220
f 2299/2299/226 2298/2298/225 2297/2297/223
f 2300/2300/224 2299/2299/226 2297/2297/223
f 2303/2303/228 2302/2302/227 2301/2301/225
f 2304/2304/226 2303/2303/228 2301/2301/225
f 2307/2307/230 2306/2306/229 2305/2305/227
f 2308/2308/228 2307/2307/230 2305/2305/227
f 2311/2311/232 2310/2310/231 2309/2309/229
f 2312/2312/230 2311/2311/232 2309/2309/229
f 2315/2315/234 2314/2314/233 2313/2313/231
f 2316/2316/232 2315/2315/234 2313/2313/231
f 2319/2319/222 2318/2318/219 2317/2317/233
f 2320/2320/234 2319/2319/222 2317/2317/233
f 2339/2339/237 2338/2338/236 2337/2337/235
f 2340/2340/238 2339/2339/237 2337/2337/235
f 2343/2343/240 2342/2342/239 2341/2341/236
f 2344/2344/237 2343/2343/240 2341/2341/236
f 2347/2347/242 2346/2346/241 2345/2345/239
f 2348/2348/240 2347/2347/242 2345/2345/239
f 2351/2351/244 2350/2350/243 2349/2349/241
f 2352/2352/242 2351/2351/244 2349/2349/241
f 2355/2355/246 2354/2354/245 2353/2353/243
f 2356/2356/244 2355/2355/246 2353/2353/243
f 2359/2359/248 2358/2358/247 2357/2357/245
f 2360/2360/246 2359/2359/248 2357/2357/245
f 2363/2363/250 2362/2362/249 2361/2361/247
f 2364/2364/248 2363/2363/250 2361/2361/247
f 2367/2367/238 2366/2366/235 2365/2365/249
f 2368/2368/250 2367/2367/238 2365/2365/249
f 2387/2387/193 2386/2386/194 2385/2385/196
f 2388/2388/195 2387/2387/193 2385/2385/196
f 2391/2391/191 2390/2390/192 2389/2389/194
f 2392/2392/193 2391/2391/191 2389/2389/194
f 2395/2395/188 2394/2394/189 2393/2393/192
f 2396/2396/191 2395/2395/188 2393/2393/192
f 2399/2399/187 2398/2398/190 2397/2397/189
f 2400/2400/188 2399/2399/187 2397/2397/189
f 2403/2403/201 2402/2402/202 2401/2401/190
f 2404/2404/187 2403/2403/201 2401/2401/190
f 2407/2407/199 2406/2406/200 2405/2405/202
f 2408/2408/201 2407/2407/199 2405/2405/202
f 2411/2411/197 2410/2410/198 2409/2409/200
f 2412/2412/199 2411/2411/197 2409/2409/200
f 2415/2415/195 2414/2414/196 2413/2413/198
f 2416/2416/197 2415/2415/195 2413/2413/198
f 2435/2435/209 2434/2434/210 2433/2433/212
f 2436/2436/211 2435/2435/209 2433/2433/212
f 2439/2439/207 2438/2438/208 2437/2437/210
f 2440/2440/209 2439/2439/207 2437/2437/210
f 2443/2443/204 2442/2442/205 2441/2441/208
f 2444/2444/207 2443/2443/204 2441/2441/208
f 2447/2447/203 2446/2446/206 2445/2445/205
f 2448/2448/204 2447/2447/203 2445/2445/205
f 2451/2451/217 2450/2450/218 2449/2449/206
f 2452/2452/203 2451/2451/217 2449/2449/206
f 2455/2455/215 2454/2454/216 2453/2453/218
f 2456/2456/217 2455/2455/215 2453/2453/218
f 2459/2459/213 2458/2458/214 2457/2457/216
f 2460/2460/215 2459/2459/213 2457/2457/216
f 2463/2463/211 2462/2462/212 2461/2461/214
f 2464/2464/213 2463/2463/211 2461/2461/214
f 2483/2483/225 2482/2482/226 2481/2481/228
f 2484/2484/227 2483/2483/225 2481/2481/228
f 2487/2487/223 2486/2486/224 2485/2485/226
f 2488/2488/225 2487/2487/223 2485/2485/226
f 2491/2491/220 2490/2490/221 2489/2489/224
f 2492/2492/223 2491/2491/220 2489/2489/224
f 2495/2495/219 2494/2494/222 2493/2493/221
f 2496/2496/220 2495/2495/219 2493/2493/221
f 2499/2499/233 2498/2498/234 2497/2497/222
f 2500/2500/219 2499/2499/233 2497/2497/222
f 2503/2503/231 2502/2502/232 2501/2501/234
f 2504/2504/233 2503/2503/231 2501/2501/234
f 2507/2507/229 2506/2506/230 2505/2505/232
f 2508/2508/231 2507/2507/229 2505/2505/232
f 2511/2511/227 2510/2510/228 2509/2509/230
f 2512/2512/229 2511/2511/227 2509/2509/230
f 2531/2531/241 2530/2530/242 2529/2529/244
f 2532/2532/243 2531/2531/241 2529/2529/244
f 2535/2535/239 2534/2534/240 2533/2533/242
f 2536/2536/241 2535/2535/239 2533/2533/242
f 2539/2539/236 2538/2538/237 2537/2537/240
f 2540/2540/239 2539/2539/236 2537/2537/240
f 2543/2543/235 2542/2542/238 2541/2541/237
f 2544/2544/236 2543/2543/235 2541/2541/237
f 2547/2547/249 2546/2546/250 2545/2545/238
f 2548/2548/235 2547/2547/249 2545/2545/238
f 2551/2551/247 2550/2550/248 2549/2549/250
f 2552/2552/249 2551/2551/247 2549/2549/250
f 2555/2555/245 2554/2554/246 2553/2553/248
f 2556/2556/247 2555/2555/245 2553/2553/248
f 2559/2559/243 2558/2558/244 2557/2557/246
f 2560/2560/245 2559/2559/243 2557/2557/246
usemtl WarmBrass
f 1035/1035/1 1034/1034/1 1033/1033/1
f 1036/1036/1 1035/1035/1 1033/1033/1
f 1039/1039/2 1038/1038/2 1037/1037/2
f 1040/1040/2 1039/1039/2 1037/1037/2
f 1051/1051/1 1050/1050/1 1049/1049/1
f 1052/1052/1 1051/1051/1 1049/1049/1
f 1055/1055/2 1054/1054/2 1053/1053/2
f 1056/1056/2 1055/1055/2 1053/1053/2
f 1067/1067/1 1066/1066/1 1065/1065/1
f 1068/1068/1 1067/1067/1 1065/1065/1
f 1071/1071/2 1070/1070/2 1069/1069/2
f 1072/1072/2 1071/1071/2 1069/1069/2
f 1083/1083/1 1082/1082/1 1081/1081/1
f 1084/1084/1 1083/1083/1 1081/1081/1
f 1087/1087/2 1086/1086/2 1085/1085/2
f 1088/1088/2 1087/1087/2 1085/1085/2
f 1099/1099/1 1098/1098/1 1097/1097/1
f 1100/1100/1 1099/1099/1 1097/1097/1
f 1103/1103/2 1102/1102/2 1101/1101/2
f 1104/1104/2 1103/1103/2 1101/1101/2
f 1115/1115/1 1114/1114/1 1113/1113/1
f 1116/1116/1 1115/1115/1 1113/1113/1
f 1119/1119/2 1118/1118/2 1117/1117/2
f 1120/1120/2 1119/1119/2 1117/1117/2
f 1131/1131/1 1130/1130/1 1129/1129/1
f 1132/1132/1 1131/1131/1 1129/1129/1
f 1135/1135/2 1134/1134/2 1133/1133/2
f 1136/1136/2 1135/1135/2 1133/1133/2
f 1147/1147/1 1146/1146/1 1145/1145/1
f 1148/1148/1 1147/1147/1 1145/1145/1
f 1151/1151/2 1150/1150/2 1149/1149/2
f 1152/1152/2 1151/1151/2 1149/1149/2
f 1163/1163/1 1162/1162/1 1161/1161/1
f 1164/1164/1 1163/1163/1 1161/1161/1
f 1167/1167/2 1166/1166/2 1165/1165/2
f 1168/1168/2 1167/1167/2 1165/1165/2
f 1179/1179/1 1178/1178/1 1177/1177/1
f 1180/1180/1 1179/1179/1 1177/1177/1
f 1183/1183/2 1182/1182/2 1181/1181/2
f 1184/1184/2 1183/1183/2 1181/1181/2
f 1195/1195/1 1194/1194/1 1193/1193/1
f 1196/1196/1 1195/1195/1 1193/1193/1
f 1199/1199/2 1198/1198/2 1197/1197/2
f 1200/1200/2 1199/1199/2 1197/1197/2
f 1211/1211/1 1210/1210/1 1209/1209/1
f 1212/1212/1 1211/1211/1 1209/1209/1
f 1215/1215/2 1214/1214/2 1213/1213/2
f 1216/1216/2 1215/1215/2 1213/1213/2
f 1227/1227/1 1226/1226/1 1225/1225/1
f 1228/1228/1 1227/1227/1 1225/1225/1
f 1231/1231/2 1230/1230/2 1229/1229/2
f 1232/1232/2 1231/1231/2 1229/1229/2
f 1243/1243/1 1242/1242/1 1241/1241/1
f 1244/1244/1 1243/1243/1 1241/1241/1
f 1247/1247/2 1246/1246/2 1245/1245/2
f 1248/1248/2 1247/1247/2 1245/1245/2
f 1259/1259/1 1258/1258/1 1257/1257/1
f 1260/1260/1 1259/1259/1 1257/1257/1
f 1263/1263/2 1262/1262/2 1261/1261/2
f 1264/1264/2 1263/1263/2 1261/1261/2
f 1275/1275/1 1274/1274/1 1273/1273/1
f 1276/1276/1 1275/1275/1 1273/1273/1
f 1279/1279/2 1278/1278/2 1277/1277/2
f 1280/1280/2 1279/1279/2 1277/1277/2
f 1291/1291/1 1290/1290/1 1289/1289/1
f 1292/1292/1 1291/1291/1 1289/1289/1
f 1295/1295/2 1294/1294/2 1293/1293/2
f 1296/1296/2 1295/1295/2 1293/1293/2
f 1307/1307/1 1306/1306/1 1305/1305/1
f 1308/1308/1 1307/1307/1 1305/1305/1
f 1311/1311/2 1310/1310/2 1309/1309/2
f 1312/1312/2 1311/1311/2 1309/1309/2
f 1323/1323/1 1322/1322/1 1321/1321/1
f 1324/1324/1 1323/1323/1 1321/1321/1
f 1327/1327/2 1326/1326/2 1325/1325/2
f 1328/1328/2 1327/1327/2 1325/1325/2
f 1339/1339/1 1338/1338/1 1337/1337/1
f 1340/1340/1 1339/1339/1 1337/1337/1
f 1343/1343/2 1342/1342/2 1341/1341/2
f 1344/1344/2 1343/1343/2 1341/1341/2
f 1355/1355/1 1354/1354/1 1353/1353/1
f 1356/1356/1 1355/1355/1 1353/1353/1
f 1359/1359/2 1358/1358/2 1357/1357/2
f 1360/1360/2 1359/1359/2 1357/1357/2
f 1371/1371/1 1370/1370/1 1369/1369/1
f 1372/1372/1 1371/1371/1 1369/1369/1
f 1375/1375/2 1374/1374/2 1373/1373/2
f 1376/1376/2 1375/1375/2 1373/1373/2
f 1387/1387/1 1386/1386/1 1385/1385/1
f 1388/1388/1 1387/1387/1 1385/1385/1
f 1391/1391/2 1390/1390/2 1389/1389/2
f 1392/1392/2 1391/1391/2 1389/1389/2
f 1403/1403/1 1402/1402/1 1401/1401/1
f 1404/1404/1 1403/1403/1 1401/1401/1
f 1407/1407/2 1406/1406/2 1405/1405/2
f 1408/1408/2 1407/1407/2 1405/1405/2
f 1419/1419/1 1418/1418/1 1417/1417/1
f 1420/1420/1 1419/1419/1 1417/1417/1
f 1423/1423/2 1422/1422/2 1421/1421/2
f 1424/1424/2 1423/1423/2 1421/1421/2
f 1435/1435/1 1434/1434/1 1433/1433/1
f 1436/1436/1 1435/1435/1 1433/1433/1
f 1439/1439/2 1438/1438/2 1437/1437/2
f 1440/1440/2 1439/1439/2 1437/1437/2
f 1451/1451/1 1450/1450/1 1449/1449/1
f 1452/1452/1 1451/1451/1 1449/1449/1
f 1455/1455/2 1454/1454/2 1453/1453/2
f 1456/1456/2 1455/1455/2 1453/1453/2
f 1467/1467/1 1466/1466/1 1465/1465/1
f 1468/1468/1 1467/1467/1 1465/1465/1
f 1471/1471/2 1470/1470/2 1469/1469/2
f 1472/1472/2 1471/1471/2 1469/1469/2
f 1483/1483/1 1482/1482/1 1481/1481/1
f 1484/1484/1 1483/1483/1 1481/1481/1
f 1487/1487/2 1486/1486/2 1485/1485/2
f 1488/1488/2 1487/1487/2 1485/1485/2
f 1499/1499/1 1498/1498/1 1497/1497/1
f 1500/1500/1 1499/1499/1 1497/1497/1
f 1503/1503/2 1502/1502/2 1501/1501/2
f 1504/1504/2 1503/1503/2 1501/1501/2
f 1515/1515/1 1514/1514/1 1513/1513/1
f 1516/1516/1 1515/1515/1 1513/1513/1
f 1519/1519/2 1518/1518/2 1517/1517/2
f 1520/1520/2 1519/1519/2 1517/1517/2
f 1531/1531/1 1530/1530/1 1529/1529/1
f 1532/1532/1 1531/1531/1 1529/1529/1
f 1535/1535/2 1534/1534/2 1533/1533/2
f 1536/1536/2 1535/1535/2 1533/1533/2
f 1547/1547/1 1546/1546/1 1545/1545/1
f 1548/1548/1 1547/1547/1 1545/1545/1
f 1551/1551/2 1550/1550/2 1549/1549/2
f 1552/1552/2 1551/1551/2 1549/1549/2
f 1563/1563/1 1562/1562/1 1561/1561/1
f 1564/1564/1 1563/1563/1 1561/1561/1
f 1567/1567/2 1566/1566/2 1565/1565/2
f 1568/1568/2 1567/1567/2 1565/1565/2
f 1579/1579/1 1578/1578/1 1577/1577/1
f 1580/1580/1 1579/1579/1 1577/1577/1
f 1583/1583/2 1582/1582/2 1581/1581/2
f 1584/1584/2 1583/1583/2 1581/1581/2
f 1595/1595/1 1594/1594/1 1593/1593/1
f 1596/1596/1 1595/1595/1 1593/1593/1
f 1599/1599/2 1598/1598/2 1597/1597/2
f 1600/1600/2 1599/1599/2 1597/1597/2
f 1611/1611/1 1610/1610/1 1609/1609/1
f 1612/1612/1 1611/1611/1 1609/1609/1
f 1615/1615/2 1614/1614/2 1613/1613/2
f 1616/1616/2 1615/1615/2 1613/1613/2
f 1627/1627/1 1626/1626/1 1625/1625/1
f 1628/1628/1 1627/1627/1 1625/1625/1
f 1631/1631/2 1630/1630/2 1629/1629/2
f 1632/1632/2 1631/1631/2 1629/1629/2
f 1643/1643/1 1642/1642/1 1641/1641/1
f 1644/1644/1 1643/1643/1 1641/1641/1
f 1647/1647/2 1646/1646/2 1645/1645/2
f 1648/1648/2 1647/1647/2 1645/1645/2
f 1659/1659/1 1658/1658/1 1657/1657/1
f 1660/1660/1 1659/1659/1 1657/1657/1
f 1663/1663/2 1662/1662/2 1661/1661/2
f 1664/1664/2 1663/1663/2 1661/1661/2
f 1675/1675/1 1674/1674/1 1673/1673/1
f 1676/1676/1 1675/1675/1 1673/1673/1
f 1679/1679/2 1678/1678/2 1677/1677/2
f 1680/1680/2 1679/1679/2 1677/1677/2
f 1691/1691/1 1690/1690/1 1689/1689/1
f 1692/1692/1 1691/1691/1 1689/1689/1
f 1695/1695/2 1694/1694/2 1693/1693/2
f 1696/1696/2 1695/1695/2 1693/1693/2
f 1707/1707/1 1706/1706/1 1705/1705/1
f 1708/1708/1 1707/1707/1 1705/1705/1
f 1711/1711/2 1710/1710/2 1709/1709/2
f 1712/1712/2 1711/1711/2 1709/1709/2
f 1723/1723/1 1722/1722/1 1721/1721/1
f 1724/1724/1 1723/1723/1 1721/1721/1
f 1727/1727/2 1726/1726/2 1725/1725/2
f 1728/1728/2 1727/1727/2 1725/1725/2
f 1739/1739/1 1738/1738/1 1737/1737/1
f 1740/1740/1 1739/1739/1 1737/1737/1
f 1743/1743/2 1742/1742/2 1741/1741/2
f 1744/1744/2 1743/1743/2 1741/1741/2
f 1755/1755/1 1754/1754/1 1753/1753/1
f 1756/1756/1 1755/1755/1 1753/1753/1
f 1759/1759/2 1758/1758/2 1757/1757/2
f 1760/1760/2 1759/1759/2 1757/1757/2
f 1771/1771/1 1770/1770/1 1769/1769/1
f 1772/1772/1 1771/1771/1 1769/1769/1
f 1775/1775/2 1774/1774/2 1773/1773/2
f 1776/1776/2 1775/1775/2 1773/1773/2
f 1787/1787/1 1786/1786/1 1785/1785/1
f 1788/1788/1 1787/1787/1 1785/1785/1
f 1791/1791/2 1790/1790/2 1789/1789/2
f 1792/1792/2 1791/1791/2 1789/1789/2
f 1803/1803/1 1802/1802/1 1801/1801/1
f 1804/1804/1 1803/1803/1 1801/1801/1
f 1807/1807/2 1806/1806/2 1805/1805/2
f 1808/1808/2 1807/1807/2 1805/1805/2
f 1819/1819/1 1818/1818/1 1817/1817/1
f 1820/1820/1 1819/1819/1 1817/1817/1
f 1823/1823/2 1822/1822/2 1821/1821/2
f 1824/1824/2 1823/1823/2 1821/1821/2
f 1835/1835/1 1834/1834/1 1833/1833/1
f 1836/1836/1 1835/1835/1 1833/1833/1
f 1839/1839/2 1838/1838/2 1837/1837/2
f 1840/1840/2 1839/1839/2 1837/1837/2
f 1851/1851/1 1850/1850/1 1849/1849/1
f 1852/1852/1 1851/1851/1 1849/1849/1
f 1855/1855/2 1854/1854/2 1853/1853/2
f 1856/1856/2 1855/1855/2 1853/1853/2
f 1867/1867/1 1866/1866/1 1865/1865/1
f 1868/1868/1 1867/1867/1 1865/1865/1
f 1871/1871/2 1870/1870/2 1869/1869/2
f 1872/1872/2 1871/1871/2 1869/1869/2
f 1883/1883/1 1882/1882/1 1881/1881/1
f 1884/1884/1 1883/1883/1 1881/1881/1
f 1887/1887/2 1886/1886/2 1885/1885/2
f 1888/1888/2 1887/1887/2 1885/1885/2
f 1899/1899/1 1898/1898/1 1897/1897/1
f 1900/1900/1 1899/1899/1 1897/1897/1
f 1903/1903/2 1902/1902/2 1901/1901/2
f 1904/1904/2 1903/1903/2 1901/1901/2
f 1915/1915/1 1914/1914/1 1913/1913/1
f 1916/1916/1 1915/1915/1 1913/1913/1
f 1919/1919/2 1918/1918/2 1917/1917/2
f 1920/1920/2 1919/1919/2 1917/1917/2
f 1931/1931/1 1930/1930/1 1929/1929/1
f 1932/1932/1 1931/1931/1 1929/1929/1
f 1935/1935/2 1934/1934/2 1933/1933/2
f 1936/1936/2 1935/1935/2 1933/1933/2
f 1947/1947/1 1946/1946/1 1945/1945/1
f 1948/1948/1 1947/1947/1 1945/1945/1
f 1951/1951/2 1950/1950/2 1949/1949/2
f 1952/1952/2 1951/1951/2 1949/1949/2
f 1963/1963/1 1962/1962/1 1961/1961/1
f 1964/1964/1 1963/1963/1 1961/1961/1
f 1967/1967/2 1966/1966/2 1965/1965/2
f 1968/1968/2 1967/1967/2 1965/1965/2
f 1979/1979/1 1978/1978/1 1977/1977/1
f 1980/1980/1 1979/1979/1 1977/1977/1
f 1983/1983/2 1982/1982/2 1981/1981/2
f 1984/1984/2 1983/1983/2 1981/1981/2
f 1995/1995/1 1994/1994/1 1993/1993/1
f 1996/1996/1 1995/1995/1 1993/1993/1
f 1999/1999/2 1998/1998/2 1997/1997/2
f 2000/2000/2 1999/1999/2 1997/1997/2
f 2011/2011/1 2010/2010/1 2009/2009/1
f 2012/2012/1 2011/2011/1 2009/2009/1
f 2015/2015/2 2014/2014/2 2013/2013/2
f 2016/2016/2 2015/2015/2 2013/2013/2
f 2027/2027/1 2026/2026/1 2025/2025/1
f 2028/2028/1 2027/2027/1 2025/2025/1
f 2031/2031/2 2030/2030/2 2029/2029/2
f 2032/2032/2 2031/2031/2 2029/2029/2
f 2043/2043/1 2042/2042/1 2041/2041/1
f 2044/2044/1 2043/2043/1 2041/2041/1
f 2047/2047/2 2046/2046/2 2045/2045/2
f 2048/2048/2 2047/2047/2 2045/2045/2
f 1027/1027/5 1026/1026/4 1025/1025/3
f 1028/1028/6 1027/1027/5 1025/1025/3
f 1031/1031/9 1030/1030/8 1029/1029/7
f 1032/1032/10 1031/1031/9 1029/1029/7
f 1043/1043/12 1042/1042/11 1041/1041/4
f 1044/1044/5 1043/1043/12 1041/1041/4
f 1047/1047/10 1046/1046/7 1045/1045/13
f 1048/1048/14 1047/1047/10 1045/1045/13
f 1059/1059/16 1058/1058/15 1057/1057/11
f 1060/1060/12 1059/1059/16 1057/1057/11
f 1063/1063/14 1062/1062/13 1061/1061/17
f 1064/1064/18 1063/1063/14 1061/1061/17
f 1075/1075/20 1074/1074/19 1073/1073/15
f 1076/1076/16 1075/1075/20 1073/1073/15
f 1079/1079/18 1078/1078/17 1077/1077/21
f 1080/1080/22 1079/1079/18 1077/1077/21
f 1091/1091/24 1090/1090/23 1089/1089/19
f 1092/1092/20 1091/1091/24 1089/1089/19
f 1095/1095/22 1094/1094/21 1093/1093/25
f 1096/1096/26 1095/1095/22 1093/1093/25
f 1107/1107/28 1106/1106/27 1105/1105/23
f 1108/1108/24 1107/1107/28 1105/1105/23
f 1111/1111/26 1110/1110/25 1109/1109/29
f 1112/1112/30 1111/1111/26 1109/1109/29
f 1123/1123/32 1122/1122/31 1121/1121/27
f 1124/1124/28 1123/1123/32 1121/1121/27
f 1127/1127/30 1126/1126/29 1125/1125/33
f 1128/1128/34 1127/1127/30 1125/1125/33
f 1139/1139/36 1138/1138/35 1137/1137/31
f 1140/1140/32 1139/1139/36 1137/1137/31
f 1143/1143/34 1142/1142/33 1141/1141/37
f 1144/1144/38 1143/1143/34 1141/1141/37
f 1155/1155/40 1154/1154/39 1153/1153/35
f 1156/1156/36 1155/1155/40 1153/1153/35
f 1159/1159/38 1158/1158/37 1157/1157/41
f 1160/1160/42 1159/1159/38 1157/1157/41
f 1171/1171/44 1170/1170/43 1169/1169/39
f 1172/1172/40 1171/1171/44 1169/1169/39
f 1175/1175/42 1174/1174/41 1173/1173/45
f 1176/1176/46 1175/1175/42 1173/1173/45
f 1187/1187/48 1186/1186/47 1185/1185/43
f 1188/1188/44 1187/1187/48 1185/1185/43
f 1191/1191/46 1190/1190/45 1189/1189/49
f 1192/1192/50 1191/1191/46 1189/1189/49
f 1203/1203/52 1202/1202/51 1201/1201/47
f 1204/1204/48 1203/1203/52 1201/1201/47
f 1207/1207/50 1206/1206/49 1205/1205/53
f 1208/1208/54 1207/1207/50 1205/1205/53
f 1219/1219/56 1218/1218/55 1217/1217/51
f 1220/1220/52 1219/1219/56 1217/1217/51
f 1223/1223/54 1222/1222/53 1221/1221/57
f 1224/1224/58 1223/1223/54 1221/1221/57
f 1235/1235/60 1234/1234/59 1233/1233/55
f 1236/1236/56 1235/1235/60 1233/1233/55
f 1239/1239/58 1238/1238/57 1237/1237/61
f 1240/1240/62 1239/1239/58 1237/1237/61
f 1251/1251/64 1250/1250/63 1249/1249/59
f 1252/1252/60 1251/1251/64 1249/1249/59
f 1255/1255/62 1254/1254/61 1253/1253/65
f 1256/1256/66 1255/1255/62 1253/1253/65
f 1267/1267/68 1266/1266/67 1265/1265/63
f 1268/1268/64 1267/1267/68 1265/1265/63
f 1271/1271/66 1270/1270/65 1269/1269/69
f 1272/1272/70 1271/1271/66 1269/1269/69
f 1283/1283/72 1282/1282/71 1281/1281/67
f 1284/1284/68 1283/1283/72 1281/1281/67
f 1287/1287/70 1286/1286/69 1285/1285/73
f 1288/1288/74 1287/1287/70 1285/1285/73
f 1299/1299/76 1298/1298/75 1297/1297/71
f 1300/1300/72 1299/1299/76 1297/1297/71
f 1303/1303/74 1302/1302/73 1301/1301/77
f 1304/1304/78 1303/1303/74 1301/1301/77
f 1315/1315/80 1314/1314/79 1313/1313/75
f 1316/1316/76 1315/1315/80 1313/1313/75
f 1319/1319/78 1318/1318/77 1317/1317/81
f 1320/1320/82 1319/1319/78 1317/1317/81
f 1331/1331/84 1330/1330/83 1329/1329/79
f 1332/1332/80 1331/1331/84 1329/1329/79
f 1335/1335/82 1334/1334/81 1333/1333/85
f 1336/1336/86 1335/1335/82 1333/1333/85
f 1347/1347/88 1346/1346/87 1345/1345/83
f 1348/1348/84 1347/1347/88 1345/1345/83
f 1351/1351/86 1350/1350/85 1349/1349/89
f 1352/1352/90 1351/1351/86 1349/1349/89
f 1363/1363/92 1362/1362/91 1361/1361/87
f 1364/1364/88 1363/1363/92 1361/1361/87
f 1367/1367/90 1366/1366/89 1365/1365/93
f 1368/1368/94 1367/1367/90 1365/1365/93
f 1379/1379/96 1378/1378/95 1377/1377/91
f 1380/1380/92 1379/1379/96 1377/1377/91
f 1383/1383/94 1382/1382/93 1381/1381/97
f 1384/1384/98 1383/1383/94 1381/1381/97
f 1395/1395/100 1394/1394/99 1393/1393/95
f 1396/1396/96 1395/1395/100 1393/1393/95
f 1399/1399/98 1398/1398/97 1397/1397/101
f 1400/1400/102 1399/1399/98 1397/1397/101
f 1411/1411/104 1410/1410/103 1409/1409/99
f 1412/1412/100 1411/1411/104 1409/1409/99
f 1415/1415/102 1414/1414/101 1413/1413/105
f 1416/1416/106 1415/1415/102 1413/1413/105
f 1427/1427/108 1426/1426/107 1425/1425/103
f 1428/1428/104 1427/1427/108 1425/1425/103
f 1431/1431/106 1430/1430/105 1429/1429/109
f 1432/1432/110 1431/1431/106 1429/1429/109
f 1443/1443/112 1442/1442/111 1441/1441/107
f 1444/1444/108 1443/1443/112 1441/1441/107
f 1447/1447/110 1446/1446/109 1445/1445/113
f 1448/1448/114 1447/1447/110 1445/1445/113
f 1459/1459/116 1458/1458/115 1457/1457/111
f 1460/1460/112 1459/1459/116 1457/1457/111
f 1463/1463/114 1462/1462/113 1461/1461/117
f 1464/1464/118 1463/1463/114 1461/1461/117
f 1475/1475/120 1474/1474/119 1473/1473/115
f 1476/1476/116 1475/1475/120 1473/1473/115
f 1479/1479/118 1478/1478/117 1477/1477/121
f 1480/1480/122 1479/1479/118 1477/1477/121
f 1491/1491/124 1490/1490/123 1489/1489/119
f 1492/1492/120 1491/1491/124 1489/1489/119
f 1495/1495/122 1494/1494/121 1493/1493/125
f 1496/1496/126 1495/1495/122 1493/1493/125
f 1507/1507/128 1506/1506/127 1505/1505/123
f 1508/1508/124 1507/1507/128 1505/1505/123
f 1511/1511/126 1510/1510/125 1509/1509/129
f 1512/1512/130 1511/1511/126 1509/1509/129
f 1523/1523/8 1522/1522/9 1521/1521/127
f 1524/1524/128 1523/1523/8 1521/1521/127
f 1527/1527/130 1526/1526/129 1525/1525/6
f 1528/1528/3 1527/1527/130 1525/1525/6
f 1539/1539/7 1538/1538/10 1537/1537/9
f 1540/1540/8 1539/1539/7 1537/1537/9
f 1543/1543/3 1542/1542/6 1541/1541/5
f 1544/1544/4 1543/1543/3 1541/1541/5
f 1555/1555/13 1554/1554/14 1553/1553/10
f 1556/1556/7 1555/1555/13 1553/1553/10
f 1559/1559/4 1558/1558/5 1557/1557/12
f 1560/1560/11 1559/1559/4 1557/1557/12
f 1571/1571/17 1570/1570/18 1569/1569/14
f 1572/1572/13 1571/1571/17 1569/1569/14
f 1575/1575/11 1574/1574/12 1573/1573/16
f 1576/1576/15 1575/1575/11 1573/1573/16
f 1587/1587/21 1586/1586/22 1585/1585/18
f 1588/1588/17 1587/1587/21 1585/1585/18
f 1591/1591/15 1590/1590/16 1589/1589/20
f 1592/1592/19 1591/1591/15 1589/1589/20
f 1603/1603/25 1602/1602/26 1601/1601/22
f 1604/1604/21 1603/1603/25 1601/1601/22
f 1607/1607/19 1606/1606/20 1605/1605/24
f 1608/1608/23 1607/1607/19 1605/1605/24
f 1619/1619/29 1618/1618/30 1617/1617/26
f 1620/1620/25 1619/1619/29 1617/1617/26
f 1623/1623/23 1622/1622/24 1621/1621/28
f 1624/1624/27 1623/1623/23 1621/1621/28
f 1635/1635/33 1634/1634/34 1633/1633/30
f 1636/1636/29 1635/1635/33 1633/1633/30
f 1639/1639/27 1638/1638/28 1637/1637/32
f 1640/1640/31 1639/1639/27 1637/1637/32
f 1651/1651/37 1650/1650/38 1649/1649/34
f 1652/1652/33 1651/1651/37 1649/1649/34
f 1655/1655/31 1654/1654/32 1653/1653/36
f 1656/1656/35 1655/1655/31 1653/1653/36
f 1667/1667/41 1666/1666/42 1665/1665/38
f 1668/1668/37 1667/1667/41 1665/1665/38
f 1671/1671/35 1670/1670/36 1669/1669/40
f 1672/1672/39 1671/1671/35 1669/1669/40
f 1683/1683/45 1682/1682/46 1681/1681/42
f 1684/1684/41 1683/1683/45 1681/1681/42
f 1687/1687/39 1686/1686/40 1685/1685/44
f 1688/1688/43 1687/1687/39 1685/1685/44
f 1699/1699/49 1698/1698/50 1697/1697/46
f 1700/1700/45 1699/1699/49 1697/1697/46
f 1703/1703/43 1702/1702/44 1701/1701/48
f 1704/1704/47 1703/1703/43 1701/1701/48
f 1715/1715/53 1714/1714/54 1713/1713/50
f 1716/1716/49 1715/1715/53 1713/1713/50
f 1719/1719/47 1718/1718/48 1717/1717/52
f 1720/1720/51 1719/1719/47 1717/1717/52
f 1731/1731/57 1730/1730/58 1729/1729/54
f 1732/1732/53 1731/1731/57 1729/1729/54
f 1735/1735/51 1734/1734/52 1733/1733/56
f 1736/1736/55 1735/1735/51 1733/1733/56
f 1747/1747/61 1746/1746/62 1745/1745/58
f 1748/1748/57 1747/1747/61 1745/1745/58
f 1751/1751/55 1750/1750/56 1749/1749/60
f 1752/1752/59 1751/1751/55 1749/1749/60
f 1763/1763/65 1762/1762/66 1761/1761/62
f 1764/1764/61 1763/1763/65 1761/1761/62
f 1767/1767/59 1766/1766/60 1765/1765/64
f 1768/1768/63 1767/1767/59 1765/1765/64
f 1779/1779/69 1778/1778/70 1777/1777/66
f 1780/1780/65 1779/1779/69 1777/1777/66
f 1783/1783/63 1782/1782/64 1781/1781/68
f 1784/1784/67 1783/1783/63 1781/1781/68
f 1795/1795/73 1794/1794/74 1793/1793/70
f 1796/1796/69 1795/1795/73 1793/1793/70
f 1799/1799/67 1798/1798/68 1797/1797/72
f 1800/1800/71 1799/1799/67 1797/1797/72
f 1811/1811/77 1810/1810/78 1809/1809/74
f 1812/1812/73 1811/1811/77 1809/1809/74
f 1815/1815/71 1814/1814/72 1813/1813/76
f 1816/1816/75 1815/1815/71 1813/1813/76
f 1827/1827/81 1826/1826/82 1825/1825/78
f 1828/1828/77 1827/1827/81 1825/1825/78
f 1831/1831/75 1830/1830/76 1829/1829/80
f 1832/1832/79 1831/1831/75 1829/1829/80
f 1843/1843/85 1842/1842/86 1841/1841/82
f 1844/1844/81 1843/1843/85 1841/1841/82
f 1847/1847/79 1846/1846/80 1845/1845/84
f 1848/1848/83 1847/1847/79 1845/1845/84
f 1859/1859/89 1858/1858/90 1857/1857/86
f 1860/1860/85 1859/1859/89 1857/1857/86
f 1863/1863/83 1862/1862/84 1861/1861/88
f 1864/1864/87 1863/1863/83 1861/1861/88
f 1875/1875/93 1874/1874/94 1873/1873/90
f 1876/1876/89 1875/1875/93 1873/1873/90
f 1879/1879/87 1878/1878/88 1877/1877/92
f 1880/1880/91 1879/1879/87 1877/1877/92
f 1891/1891/97 1890/1890/98 1889/1889/94
f 1892/1892/93 1891/1891/97 1889/1889/94
f 1895/1895/91 1894/1894/92 1893/1893/96
f 1896/1896/95 1895/1895/91 1893/1893/96
f 1907/1907/101 1906/1906/102 1905/1905/98
f 1908/1908/97 1907/1907/101 1905/1905/98
f 1911/1911/95 1910/1910/96 1909/1909/100
f 1912/1912/99 1911/1911/95 1909/1909/100
f 1923/1923/105 1922/1922/106 1921/1921/102
f 1924/1924/101 1923/1923/105 1921/1921/102
f 1927/1927/99 1926/1926/100 1925/1925/104
f 1928/1928/103 1927/1927/99 1925/1925/104
f 1939/1939/109 1938/1938/110 1937/1937/106
f 1940/1940/105 1939/1939/109 1937/1937/106
f 1943/1943/103 1942/1942/104 1941/1941/108
f 1944/1944/107 1943/1943/103 1941/1941/108
f 1955/1955/113 1954/1954/114 1953/1953/110
f 1956/1956/109 1955/1955/113 1953/1953/110
f 1959/1959/107 1958/1958/108 1957/1957/112
f 1960/1960/111 1959/1959/107 1957/1957/112
f 1971/1971/117 1970/1970/118 1969/1969/114
f 1972/1972/113 1971/1971/117 1969/1969/114
f 1975/1975/111 1974/1974/112 1973/1973/116
f 1976/1976/115 1975/1975/111 1973/1973/116
f 1987/1987/121 1986/1986/122 1985/1985/118
f 1988/1988/117 1987/1987/121 1985/1985/118
f 1991/1991/115 1990/1990/116 1989/1989/120
f 1992/1992/119 1991/1991/115 1989/1989/120
f 2003/2003/125 2002/2002/126 2001/2001/122
f 2004/2004/121 2003/2003/125 2001/2001/122
f 2007/2007/119 2006/2006/120 2005/2005/124
f 2008/2008/123 2007/2007/119 2005/2005/124
f 2019/2019/129 2018/2018/130 2017/2017/126
f 2020/2020/125 2019/2019/129 2017/2017/126
f 2023/2023/123 2022/2022/124 2021/2021/128
f 2024/2024/127 2023/2023/123 2021/2021/128
f 2035/2035/6 2034/2034/3 2033/2033/130
f 2036/2036/129 2035/2035/6 2033/2033/130
f 2039/2039/127 2038/2038/128 2037/2037/8
f 2040/2040/9 2039/2039/127 2037/2037/8
