mtllib SM_BB_LH_RockPlinth.mtl
o SM_BB_LH_RockPlinth
v 630.6171 5.3979 -172.3118
v 630.6171 5.3979 -163.0588
v 630.6171 5.3979 -139.9213
v 630.6171 5.3979 -165.5473
v 630.6171 5.3979 -159.6643
v 630.6171 5.3979 -157.9655
v 630.6171 5.3979 -163.1007
v 630.6171 5.3979 -149.3812
v 630.6171 5.3979 -145.0716
v 696.3375 5.3979 -146.8965
v 677.4563 29.1854 -140.0103
v 640.4456 39.1338 -133.1718
v 600.1136 37.3749 -139.8040
v 572.2904 18.2466 -141.4034
v 570.4631 -7.8533 -144.3297
v 600.5709 -26.0997 -138.4277
v 641.7918 -32.9587 -144.8377
v 669.4153 -14.3059 -124.2146
v 723.2232 5.3979 -80.8971
v 715.1004 48.3031 -87.1773
v 645.7086 57.1989 -78.8730
v 578.3002 60.2419 -85.1698
v 526.7030 28.2890 -87.2832
v 550.0376 -12.3528 -78.4619
v 589.6364 -37.5623 -77.1158
v 649.2499 -58.5584 -86.1175
v 696.9551 -28.2921 -78.7628
v 711.5101 5.3979 -19.2638
v 709.2211 45.3173 -11.5491
v 645.9494 58.0253 -16.6345
v 577.4034 61.1820 -10.1930
v 549.3081 23.3094 -17.2623
v 543.6982 -13.7493 -15.1416
v 578.2713 -49.4763 -10.8097
v 646.7820 -50.0875 -14.9311
v 714.4088 -37.1561 -9.1434
v 684.6647 5.3979 33.3313
v 674.2238 27.5438 37.6604
v 639.9824 37.5440 33.1581
v 605.9654 31.2404 26.1924
v 568.1169 19.1660 52.0868
v 578.9230 -5.9897 34.7821
v 604.5466 -21.9319 30.4624
v 642.3979 -35.0391 54.0898
v 674.7485 -17.0144 38.6911
v 630.6171 5.3979 58.0883
v 630.6171 5.3979 69.6993
v 630.6171 5.3979 54.5880
v 630.6171 5.3979 52.0476
v 630.6171 5.3979 46.4238
v 630.6171 5.3979 67.8026
v 630.6171 5.3979 75.8595
v 630.6171 5.3979 46.2615
v 630.6171 5.3979 79.9872
v 560.3348 108.1510 -139.2639
v 560.3348 108.1510 -166.6213
v 560.3348 108.1510 -148.2085
v 560.3348 108.1510 -158.8729
v 560.3348 108.1510 -162.8597
v 560.3348 108.1510 -153.6994
v 560.3348 108.1510 -142.5147
v 560.3348 108.1510 -140.4404
v 560.3348 108.1510 -164.9648
v 653.2128 108.1510 -138.1856
v 633.4110 160.7147 -140.6289
v 576.9123 188.7441 -140.6990
v 512.9225 178.5469 -140.0757
v 488.4852 130.5684 -122.2442
v 473.7891 81.1483 -137.4301
v 520.6331 49.2036 -125.1015
v 576.1865 31.0863 -136.6406
v 629.0971 58.6904 -135.1607
v 699.3082 108.1510 -79.8561
v 677.1714 192.1915 -82.9612
v 582.2582 214.7334 -76.9401
v 482.2996 224.0145 -83.7752
v 435.1889 147.1972 -78.5276
v 436.9747 69.6621 -78.0919
v 484.9347 -3.8000 -82.5671
v 581.2442 6.4981 -75.6016
v 683.6207 19.4716 -84.8911
v 688.8478 108.1510 -18.5416
v 663.0578 182.0396 -17.2620
v 584.9754 227.9436 -15.4730
v 502.7993 193.5774 -21.6229
v 408.8992 155.3997 -11.0594
v 420.2076 64.4306 -13.8180
v 492.9202 8.0565 -17.0938
v 582.6779 -0.4720 -18.5058
v 652.3450 41.9682 -20.4676
v 657.2248 108.1510 46.0813
v 634.8904 161.7788 46.5042
v 572.9815 169.6341 22.7184
v 516.3433 173.4679 37.4325
v 469.9040 136.3659 45.4447
v 468.0115 79.3457 47.4003
v 517.9191 45.1739 34.3722
v 576.4626 29.7443 42.1842
v 618.1330 66.5768 25.2631
v 560.3348 108.1510 59.6107
v 560.3348 108.1510 39.3967
v 560.3348 108.1510 72.9081
v 560.3348 108.1510 57.4818
v 560.3348 108.1510 51.4236
v 560.3348 108.1510 63.3339
v 560.3348 108.1510 63.3859
v 560.3348 108.1510 47.2426
v 560.3348 108.1510 56.7509
v 573.5484 190.7557 -208.3147
v 573.5484 190.7557 -205.7818
v 573.5484 190.7557 -203.4604
v 573.5484 190.7557 -216.5179
v 573.5484 190.7557 -195.4806
v 573.5484 190.7557 -206.5145
v 573.5484 190.7557 -209.5750
v 573.5484 190.7557 -198.3391
v 573.5484 190.7557 -190.3283
v 673.8009 190.7557 -187.0614
v 635.1997 230.7378 -159.6349
v 587.1606 250.4206 -156.7350
v 531.2876 247.3284 -165.2407
v 505.1220 210.0043 -149.0063
v 490.1128 167.2850 -171.1619
v 537.3120 142.2476 -148.5277
v 586.1277 135.6181 -148.4843
v 628.8600 154.8851 -148.1553
v 730.4678 190.7557 -99.3836
v 665.1076 250.1336 -87.1378
v 599.5006 304.5094 -96.9388
v 504.4552 283.2479 -93.2495
v 451.7819 225.0091 -90.4317
v 423.4397 148.5297 -100.3080
v 503.2301 96.6236 -94.0518
v 596.4761 90.2592 -91.2353
v 661.7652 133.5455 -85.7090
v 699.7461 190.7557 -6.6763
v 666.9091 251.3019 -8.0922
v 599.0840 302.6834 0.1532
v 508.4800 277.8601 -5.3864
v 449.2681 225.7162 -4.6924
v 429.2686 150.1693 2.2768
v 506.8507 101.4704 -4.3194
v 593.5691 103.0011 -10.2465
v 670.4082 127.9403 -6.5964
v 649.6424 190.7557 57.5508
v 637.0911 231.9644 67.0596
v 590.7590 266.1932 89.4795
v 523.5143 257.7342 90.8055
v 479.6333 217.1744 90.6311
v 490.9766 167.5280 73.8869
v 530.1689 132.6854 72.3443
v 589.5376 120.6718 79.7230
v 646.0245 143.7536 83.2358
v 573.5484 190.7557 86.2052
v 573.5484 190.7557 92.0163
v 573.5484 190.7557 104.2966
v 573.5484 190.7557 95.1072
v 573.5484 190.7557 121.6497
v 573.5484 190.7557 105.9786
v 573.5484 190.7557 124.2370
v 573.5484 190.7557 116.6079
v 573.5484 190.7557 81.2869
v 399.1448 216.5077 -119.8140
v 399.1448 216.5077 -103.7567
v 399.1448 216.5077 -120.8762
v 399.1448 216.5077 -114.1252
v 399.1448 216.5077 -104.6573
v 399.1448 216.5077 -100.4034
v 399.1448 216.5077 -114.8807
v 399.1448 216.5077 -106.4690
v 399.1448 216.5077 -109.2870
v 437.6185 216.5077 -91.8765
v 438.1090 262.6389 -106.0070
v 406.8433 278.1106 -98.5596
v 378.1790 267.7451 -95.8201
v 362.8375 235.1533 -92.0633
v 362.3525 197.6131 -92.6519
v 380.5348 171.0275 -90.4469
v 407.5763 149.0394 -103.3736
v 431.5843 178.1014 -96.2935
v 472.2976 216.5077 -67.6941
v 445.2088 271.0446 -64.1887
v 410.0882 304.0764 -64.9663
v 359.5196 313.3460 -69.3357
v 326.6134 253.7561 -68.7800
v 326.8969 179.4050 -68.6988
v 357.6987 115.2194 -70.3162
v 411.2747 119.4449 -66.8058
v 457.3350 147.6143 -68.4504
v 463.1345 216.5077 -30.7728
v 453.7437 281.1493 -28.8118
v 409.5274 299.5889 -31.9031
v 360.9138 309.9387 -27.4150
v 331.0446 251.4804 -28.4895
v 343.6438 188.0053 -32.0991
v 360.6021 122.3149 -27.2471
v 413.6074 100.7790 -25.5777
v 451.4546 154.5763 -29.6162
v 437.9514 216.5077 -3.7439
v 427.9716 250.6369 -5.0848
v 407.4566 283.0179 6.5871
v 377.2858 269.9281 1.8574
v 357.0993 238.1001 3.0273
v 362.7965 197.8412 -3.8870
v 375.0597 157.6472 6.9348
v 407.7848 147.3711 8.7428
v 435.7132 173.2131 6.4403
v 399.1448 216.5077 9.3618
v 399.1448 216.5077 17.4188
v 399.1448 216.5077 5.1321
v 399.1448 216.5077 10.7943
v 399.1448 216.5077 20.4963
v 399.1448 216.5077 18.7300
v 399.1448 216.5077 24.1039
v 399.1448 216.5077 17.7831
v 399.1448 216.5077 4.5328
v 319.7444 218.2517 -166.3957
v 319.7444 218.2517 -192.7477
v 319.7444 218.2517 -195.2872
v 319.7444 218.2517 -197.8975
v 319.7444 218.2517 -186.0882
v 319.7444 218.2517 -194.3316
v 319.7444 218.2517 -197.4081
v 319.7444 218.2517 -198.5148
v 319.7444 218.2517 -163.1039
v 391.1284 218.2517 -170.9144
v 371.1268 252.3046 -163.4948
v 330.1277 264.7614 -150.9597
v 288.2387 261.3516 -156.4979
v 269.7373 232.6272 -139.6323
v 265.0560 202.5304 -148.2101
v 287.6644 174.3660 -158.4759
v 330.4696 170.2108 -154.3494
v 361.9371 190.2891 -142.8386
v 409.2612 218.2517 -84.3868
v 409.4159 277.6802 -95.5816
v 336.0702 291.3792 -86.2157
v 264.6538 293.6159 -92.7865
v 241.2693 240.8109 -81.9458
v 209.4892 186.5566 -95.6928
v 264.1795 142.2385 -93.1721
v 338.0034 136.4645 -90.7411
v 386.7896 173.8184 -83.5757
v 435.5947 218.2517 -0.9092
v 398.3298 270.3330 -6.3009
v 338.4169 301.8911 -4.2909
v 262.4306 296.6573 -1.4061
v 224.5259 245.6242 -6.8116
v 224.4072 190.8451 -6.7603
v 276.7321 159.4106 -13.0327
v 335.7394 146.6059 -10.5587
v 395.2745 168.1952 -7.9221
v 387.9479 218.2517 69.4380
v 370.0760 251.6082 65.1328
v 330.9363 268.3832 62.9775
v 285.7478 264.7593 69.0762
v 254.5760 236.9857 71.4135
v 256.7628 200.1464 67.4064
v 287.0342 173.5039 64.6461
v 329.7103 173.6119 50.8202
v 373.9419 182.3331 73.8224
v 319.7444 218.2517 91.0187
v 319.7444 218.2517 88.5001
v 319.7444 218.2517 70.6520
v 319.7444 218.2517 87.9921
v 319.7444 218.2517 65.1877
v 319.7444 218.2517 91.2365
v 319.7444 218.2517 103.7257
v 319.7444 218.2517 85.5539
v 319.7444 218.2517 75.6842
v 384.0492 388.7664 -101.5219
v 384.0492 388.7664 -103.7735
v 384.0492 388.7664 -105.4835
v 384.0492 388.7664 -110.3759
v 384.0492 388.7664 -113.3804
v 384.0492 388.7664 -99.9207
v 384.0492 388.7664 -102.2784
v 384.0492 388.7664 -115.1416
v 384.0492 388.7664 -101.7651
v 444.1083 388.7664 -90.6972
v 448.0054 445.4635 -107.3540
v 396.7665 464.9639 -100.0650
v 350.8209 449.5706 -95.2454
v 313.0139 416.0816 -101.7415
v 323.5450 365.5007 -93.7742
v 353.3336 332.5602 -91.6727
v 395.4049 320.7269 -94.4906
v 439.9855 339.1789 -99.9111
v 479.6767 388.7664 -64.0487
v 460.8479 456.8484 -64.8251
v 403.7474 506.7908 -67.0377
v 336.1624 476.3941 -64.0733
v 288.4993 425.5082 -65.0649
v 268.5018 344.3349 -68.6363
v 332.3559 294.1732 -65.3509
v 402.9025 275.8042 -66.2211
v 470.8541 311.8139 -67.0173
v 508.4666 388.7664 -27.1196
v 478.8053 472.7675 -27.2408
v 401.5077 493.3713 -31.1269
v 332.6933 482.7422 -30.7623
v 266.9886 433.7798 -27.0934
v 291.2961 353.1000 -31.4346
v 328.8303 287.7217 -29.4657
v 405.5459 259.9658 -27.2241
v 458.3604 322.8896 -31.7199
v 454.2729 388.7664 1.9235
v 441.9129 440.0625 5.6999
v 397.7232 470.6963 7.9818
v 353.2842 445.0630 -4.2571
v 308.5767 417.7878 9.0984
v 314.8560 362.1595 4.3479
v 354.4127 334.5347 -5.8616
v 397.8714 305.9487 8.5884
v 446.0305 333.8200 9.5212
v 384.0492 388.7664 24.7491
v 384.0492 388.7664 21.7341
v 384.0492 388.7664 11.7838
v 384.0492 388.7664 25.3822
v 384.0492 388.7664 13.0880
v 384.0492 388.7664 9.4170
v 384.0492 388.7664 10.9494
v 384.0492 388.7664 15.0395
v 384.0492 388.7664 12.8412
v 256.1759 378.5663 -154.7465
v 256.1759 378.5663 -134.2928
v 256.1759 378.5663 -163.8896
v 256.1759 378.5663 -144.5923
v 256.1759 378.5663 -153.5406
v 256.1759 378.5663 -154.5818
v 256.1759 378.5663 -163.3188
v 256.1759 378.5663 -139.8485
v 256.1759 378.5663 -129.6635
v 328.7243 378.5663 -142.3173
v 299.4671 422.0420 -121.4699
v 265.8813 444.4423 -120.6618
v 227.1923 438.6486 -123.3609
v 194.0175 405.6432 -133.9958
v 201.0110 354.5358 -124.3204
v 221.4273 306.5332 -138.3507
v 265.4421 315.6712 -117.3738
v 308.6976 325.8208 -137.1350
v 356.9473 378.5663 -78.9270
v 328.0425 450.7392 -76.7921
v 273.0727 493.2545 -77.8631
v 202.8522 489.1050 -80.7304
v 153.5974 423.2507 -81.5020
v 151.1813 332.8295 -82.2911
v 205.6851 273.9002 -78.9915
v 272.8110 265.6544 -77.4006
v 333.7611 300.6505 -79.0832
v 357.2541 378.5663 -16.9788
v 339.5568 462.3026 -14.5949
v 272.6845 490.6194 -18.8231
v 205.1041 484.4368 -16.6519
v 155.3331 422.4946 -15.0649
v 156.9386 335.3374 -15.5892
v 206.3304 275.2379 -17.4046
v 273.4690 261.1884 -17.4366
v 320.7651 313.7019 -22.1235
v 310.0837 378.5663 22.0834
v 305.5095 428.1102 35.7245
v 266.3993 447.9584 28.5400
v 222.9704 447.4005 38.3384
v 198.5849 403.6536 31.6769
v 205.7513 356.6008 21.7622
v 225.4969 314.9696 31.7690
v 267.9672 298.5322 40.2783
v 305.9682 328.5618 36.5029
v 256.1759 378.5663 63.6255
v 256.1759 378.5663 59.6920
v 256.1759 378.5663 67.3460
v 256.1759 378.5663 47.5155
v 256.1759 378.5663 48.9055
v 256.1759 378.5663 52.9469
v 256.1759 378.5663 62.1720
v 256.1759 378.5663 50.0519
v 256.1759 378.5663 47.3054
v 301.1107 566.9314 -135.5669
v 301.1107 566.9314 -133.4468
v 301.1107 566.9314 -139.8679
v 301.1107 566.9314 -134.1836
v 301.1107 566.9314 -138.9541
v 301.1107 566.9314 -126.5208
v 301.1107 566.9314 -123.5424
v 301.1107 566.9314 -120.3632
v 301.1107 566.9314 -139.0409
v 355.7869 566.9314 -106.6211
v 351.3402 610.3910 -118.3009
v 313.1814 637.5184 -122.5274
v 265.5369 630.4651 -124.2809
v 250.2334 586.0257 -106.0490
v 237.6499 543.1145 -120.4063
v 264.9382 502.3284 -125.5648
v 310.8363 510.0577 -108.0485
v 343.4964 530.2584 -107.3228
v 394.2303 566.9314 -71.5686
v 368.6681 625.3834 -70.3209
v 320.3171 679.2470 -75.9942
v 254.0233 651.0281 -71.8357
v 200.0914 604.8440 -75.2089
v 213.0869 533.8960 -71.7087
v 252.1245 479.4436 -72.7969
v 320.2481 455.0195 -75.8936
v 392.5344 487.8297 -78.2063
v 406.5802 566.9314 -21.3056
v 382.8714 637.6724 -20.9863
v 320.3350 679.3517 -19.9797
v 253.3095 652.3029 -23.8030
v 185.6378 610.2684 -16.8981
v 199.5623 528.8202 -20.6485
v 243.0877 463.3041 -18.6287
v 320.2905 454.7713 -20.0445
v 391.2488 488.9421 -18.2184
v 376.1605 566.9314 32.4647
v 349.5674 608.8571 19.8197
v 313.6333 640.1614 29.3180
v 269.2708 623.7965 20.2744
v 244.3877 588.2196 16.7187
v 240.5482 544.2022 21.0994
v 274.1133 518.7148 9.8906
v 311.8491 504.1351 18.3017
v 356.8478 518.7065 30.0093
v 301.1107 566.9314 24.9866
v 301.1107 566.9314 36.5263
v 301.1107 566.9314 31.2065
v 301.1107 566.9314 26.0265
v 301.1107 566.9314 26.0755
v 301.1107 566.9314 25.3254
v 301.1107 566.9314 48.3058
v 301.1107 566.9314 39.5370
v 301.1107 566.9314 28.3777
v 149.9084 476.8770 -116.5139
v 149.9084 476.8770 -122.5574
v 149.9084 476.8770 -122.0987
v 149.9084 476.8770 -111.6370
v 149.9084 476.8770 -106.4735
v 149.9084 476.8770 -105.2196
v 149.9084 476.8770 -128.2742
v 149.9084 476.8770 -113.8120
v 149.9084 476.8770 -125.3413
v 204.1866 476.8770 -108.9251
v 181.5468 500.3989 -94.3587
v 156.9859 512.4404 -93.7487
v 123.1647 517.9188 -108.0374
v 109.5914 489.8786 -96.1584
v 95.5681 459.3530 -112.9092
v 128.1366 443.4652 -96.8759
v 157.8656 436.8930 -99.4352
v 191.6514 445.8427 -109.1646
v 226.0183 476.8770 -68.1673
v 200.4704 514.4678 -65.4895
v 163.4296 544.8195 -68.6326
v 112.3632 534.4951 -67.8972
v 85.8278 497.5420 -66.0696
v 75.7377 452.9580 -68.9148
v 107.0271 411.0699 -70.7251
v 165.7198 397.4267 -72.1272
v 201.3498 438.6323 -65.7937
v 230.2709 476.8770 -26.7058
v 202.0206 515.6203 -29.9743
v 163.4093 544.7176 -27.3984
v 115.0839 530.3199 -29.5446
v 80.5451 499.2456 -28.4408
v 71.1337 451.4733 -25.7869
v 103.8687 406.2228 -23.6011
v 164.7320 402.3902 -25.3801
v 209.5218 432.5567 -27.3796
v 197.7393 476.8770 5.6882
v 186.5901 504.1484 5.7485
v 158.1496 518.2880 5.2710
v 126.4463 512.8828 4.6706
v 98.9412 493.3131 12.8801
v 106.3249 462.8219 4.0603
v 124.6063 438.0475 8.8010
v 159.1804 430.2862 11.9342
v 188.4435 448.2276 8.4642
v 149.9084 476.8770 31.3567
v 149.9084 476.8770 19.3825
v 149.9084 476.8770 29.5950
v 149.9084 476.8770 8.3162
v 149.9084 476.8770 29.7942
v 149.9084 476.8770 24.7924
v 149.9084 476.8770 31.1235
v 149.9084 476.8770 10.8383
v 149.9084 476.8770 20.0216
v 89.2035 472.7833 -148.3386
v 89.2035 472.7833 -126.5753
v 89.2035 472.7833 -122.1527
v 89.2035 472.7833 -135.7639
v 89.2035 472.7833 -140.1123
v 89.2035 472.7833 -144.7871
v 89.2035 472.7833 -141.6597
v 89.2035 472.7833 -131.4607
v 89.2035 472.7833 -121.8067
v 136.8743 472.7833 -131.9850
v 116.0662 494.0241 -109.7796
v 96.2214 510.2891 -119.2014
v 65.9519 510.7341 -129.9280
v 49.5544 486.3823 -122.3356
v 45.5688 457.8172 -129.8080
v 71.6190 444.0821 -109.9599
v 97.0848 430.6634 -127.9607
v 115.2101 452.2194 -107.8107
v 166.0981 472.7833 -79.9803
v 140.0401 512.9806 -75.6000
v 99.9365 530.1432 -73.7061
v 51.0693 535.0252 -79.7198
v 32.4092 492.2628 -73.1365
v 37.5923 455.0814 -70.8426
v 57.8485 421.6061 -74.0810
v 102.4800 401.8297 -79.7981
v 133.1638 438.0230 -71.8668
v 152.5125 472.7833 -21.6699
v 135.4778 509.3732 -22.8769
v 99.6342 528.5278 -23.0179
v 52.8419 532.1320 -17.7546
v 28.6194 493.5626 -21.1862
v 24.7936 450.6917 -19.4929
v 50.1662 409.0672 -15.5289
v 99.6711 416.8418 -22.9296
v 143.4374 429.8995 -18.5555
v 134.2338 472.7833 31.3331
v 124.4339 500.6405 33.0238
v 96.2633 510.5127 23.6260
v 65.2647 511.8557 36.3493
v 44.1244 488.2447 36.5159
v 47.8204 458.5895 29.5865
v 70.1595 441.7000 19.1023
v 95.7973 437.5441 18.8983
v 124.3308 445.0074 32.7869
v 89.2035 472.7833 49.3882
v 89.2035 472.7833 56.6083
v 89.2035 472.7833 28.0861
v 89.2035 472.7833 49.6187
v 89.2035 472.7833 30.4146
v 89.2035 472.7833 57.5353
v 89.2035 472.7833 26.6047
v 89.2035 472.7833 30.7907
v 89.2035 472.7833 45.0329
v 1.6118 446.9275 -105.4040
v 1.6118 446.9275 -122.7128
v 1.6118 446.9275 -120.0326
v 1.6118 446.9275 -109.5281
v 1.6118 446.9275 -105.4969
v 1.6118 446.9275 -118.0816
v 1.6118 446.9275 -120.1343
v 1.6118 446.9275 -103.6803
v 1.6118 446.9275 -125.3756
v 80.2447 446.9275 -108.5800
v 47.5137 469.3359 -94.1638
v 15.8640 493.9529 -111.2322
v -31.5896 480.3842 -99.1576
v -67.1885 461.4963 -104.4065
v -69.9332 431.7775 -106.6568
v -39.1816 405.8203 -110.8556
v 13.3813 408.0939 -100.2171
v 53.7370 421.4809 -100.4226
v 101.1134 446.9275 -66.0964
v 95.1395 492.5859 -70.2049
v 18.4587 502.5140 -65.6446
v -61.3900 510.4139 -70.9163
v -115.4178 471.7090 -70.6502
v -108.5690 423.5961 -69.3246
v -56.2001 388.6709 -69.0285
v 20.8638 383.4053 -68.1636
v 74.0530 411.5630 -65.1986
v 137.5245 446.9275 -23.2815
v 87.7529 488.9799 -27.5488
v 21.7785 513.4676 -26.8784
v -48.8833 497.8110 -29.6329
v -124.5072 473.6338 -23.5906
v -107.4099 423.8416 -26.8997
v -61.6863 383.1424 -24.9759
v 22.1967 379.0075 -26.4404
v 81.5334 407.9112 -29.0254
v 78.6623 446.9275 11.3609
v 62.7651 476.7814 13.5022
v 15.3493 492.2545 12.9485
v -31.8428 480.6394 3.5478
v -53.4760 458.5926 -2.8358
v -73.9635 430.9240 13.9610
v -33.6571 411.3873 6.3433
v 14.2746 405.1464 8.1804
v 57.0643 419.8566 7.7689
v 1.6118 446.9275 23.1891
v 1.6118 446.9275 20.9759
v 1.6118 446.9275 16.6204
v 1.6118 446.9275 27.7813
v 1.6118 446.9275 18.2478
v 1.6118 446.9275 9.0995
v 1.6118 446.9275 19.7533
v 1.6118 446.9275 19.0722
v 1.6118 446.9275 30.6118
v -87.7995 494.4201 -175.1904
v -87.7995 494.4201 -174.8864
v -87.7995 494.4201 -188.6526
v -87.7995 494.4201 -189.2206
v -87.7995 494.4201 -205.2900
v -87.7995 494.4201 -199.8651
v -87.7995 494.4201 -191.5231
v -87.7995 494.4201 -199.6172
v -87.7995 494.4201 -191.0630
v -43.7165 494.4201 -140.8142
v -50.7237 534.2993 -149.9012
v -77.7017 567.8299 -170.4341
v -109.7591 543.1761 -140.4692
v -137.2567 517.4949 -158.8120
v -137.7447 471.1176 -159.9052
v -116.9669 429.6609 -170.8204
v -78.0457 423.5114 -166.2626
v -44.9227 448.3011 -165.8452
v -1.0235 494.4201 -91.1300
v -27.0862 559.7243 -87.3922
v -71.7488 611.1065 -93.9415
v -129.5177 587.0454 -89.4702
v -156.8732 526.6472 -84.5348
v -164.5398 458.6160 -88.5898
v -129.1996 402.5012 -89.1539
v -72.8041 385.4057 -90.9209
v -21.9886 423.6328 -90.6996
v -2.8307 494.4201 -5.7682
v -33.2469 553.0977 -12.6050
v -71.9878 609.3689 -2.7426
v -131.7136 591.9208 -4.3470
v -177.6014 536.3182 -0.5016
v -167.6256 457.1763 -5.7780
v -124.3158 413.3446 -11.7009
v -70.2535 366.8632 2.2214
v -23.2081 424.9446 -6.0916
v -27.3680 494.4201 79.2349
v -42.6285 543.0067 76.1507
v -79.5326 554.5190 52.2340
v -116.2607 557.6113 71.8466
v -142.8242 520.0925 75.2863
v -144.1751 468.1174 78.3130
v -112.8643 438.7697 57.5448
v -78.6392 427.8263 63.0662
v -41.0348 444.1192 80.5309
v -87.7995 494.4201 95.8162
v -87.7995 494.4201 92.6521
v -87.7995 494.4201 75.9473
v -87.7995 494.4201 114.2228
v -87.7995 494.4201 114.3750
v -87.7995 494.4201 115.2331
v -87.7995 494.4201 76.3481
v -87.7995 494.4201 67.9565
v -87.7995 494.4201 67.2671
v -168.5247 554.4614 -141.8728
v -168.5247 554.4614 -146.7421
v -168.5247 554.4614 -164.9538
v -168.5247 554.4614 -160.6731
v -168.5247 554.4614 -178.6158
v -168.5247 554.4614 -142.6572
v -168.5247 554.4614 -161.0789
v -168.5247 554.4614 -168.5158
v -168.5247 554.4614 -154.8546
v -107.2883 554.4614 -147.3211
v -130.0122 573.7738 -129.5416
v -159.6860 584.4180 -130.5567
v -192.7798 579.5678 -126.6801
v -223.6212 566.4456 -143.0976
v -217.3094 543.8500 -132.2033
v -195.6201 526.4150 -135.8933
v -157.0555 515.5893 -155.1263
v -126.3091 533.2920 -137.3822
v -84.9956 554.4614 -79.9821
v -105.9991 585.8154 -79.2516
v -152.2652 609.5688 -83.8514
v -216.5849 604.2084 -84.8030
v -259.3245 574.2116 -84.9971
v -259.1343 534.7525 -84.9196
v -208.0488 513.5500 -78.2664
v -152.2619 499.3426 -83.8588
v -97.5948 518.8929 -83.4523
v -67.0231 554.4614 -9.1365
v -97.4570 590.0988 -12.4789
v -155.5078 598.5789 -19.2983
v -215.1452 602.7182 -12.2994
v -265.7594 575.6113 -8.3809
v -244.8125 537.8677 -16.9160
v -211.5649 509.9105 -15.0411
v -150.7274 494.1419 -8.7578
v -106.0518 523.1338 -16.7747
v -108.7185 554.4614 49.0014
v -121.3558 578.1146 51.8697
v -158.2664 589.2292 47.8158
v -193.2147 580.0179 32.0908
v -214.2187 564.4004 30.8687
v -225.2217 542.1290 49.8600
v -192.0282 530.1329 28.2420
v -159.6168 524.2702 35.2029
v -122.8792 531.5720 48.6442
v -168.5247 554.4614 77.9002
v -168.5247 554.4614 61.3006
v -168.5247 554.4614 73.2067
v -168.5247 554.4614 44.5203
v -168.5247 554.4614 70.8206
v -168.5247 554.4614 62.8441
v -168.5247 554.4614 76.7224
v -168.5247 554.4614 75.8098
v -168.5247 554.4614 81.1338
v -217.6407 422.4925 -158.2232
v -217.6407 422.4925 -163.6985
v -217.6407 422.4925 -156.1279
v -217.6407 422.4925 -173.7635
v -217.6407 422.4925 -178.4468
v -217.6407 422.4925 -144.4419
v -217.6407 422.4925 -147.5329
v -217.6407 422.4925 -180.1679
v -217.6407 422.4925 -164.8464
v -140.8423 422.4925 -143.0011
v -159.8501 464.9474 -141.3210
v -204.5814 487.3351 -141.0312
v -251.2963 473.5283 -131.2652
v -291.8824 446.1501 -145.7322
v -285.2143 400.9598 -136.9544
v -256.5547 363.4830 -144.2745
v -205.6000 362.7079 -133.7744
v -169.0190 386.7735 -126.5150
v -99.2125 422.4925 -82.5835
v -121.1335 493.3899 -84.7891
v -193.8205 540.7652 -88.0580
v -285.7463 525.7686 -87.7764
v -325.7677 456.9479 -81.6017
v -320.1489 389.8277 -79.8556
v -277.8250 331.2285 -83.1500
v -197.6623 323.2955 -81.5973
v -132.5378 359.9731 -80.4417
v -115.4488 422.4925 -18.1579
v -115.8247 497.2899 -9.1871
v -199.2432 513.8400 -17.0613
v -282.3481 520.6155 -10.2083
v -324.5116 456.5476 -14.7886
v -331.9260 386.0748 -12.4845
v -288.4114 315.1751 -6.6670
v -198.4956 327.4326 -15.8039
v -119.8713 350.6680 -10.7298
v -140.5326 422.4925 47.3842
v -148.9973 472.9203 62.8464
v -203.2737 493.8280 54.3467
v -253.9967 477.6232 41.9461
v -293.8280 446.7701 52.2934
v -298.7040 396.6612 58.7123
v -257.5183 362.0218 50.6585
v -206.7242 368.2895 29.7664
v -165.0011 383.8217 37.0033
v -217.6407 422.4925 64.2068
v -217.6407 422.4925 85.5348
v -217.6407 422.4925 71.6885
v -217.6407 422.4925 73.6180
v -217.6407 422.4925 76.6387
v -217.6407 422.4925 86.4006
v -217.6407 422.4925 65.7962
v -217.6407 422.4925 86.9203
v -217.6407 422.4925 83.1093
v -289.3129 418.2226 -184.4407
v -289.3129 418.2226 -155.0920
v -289.3129 418.2226 -169.2418
v -289.3129 418.2226 -161.2542
v -289.3129 418.2226 -173.3846
v -289.3129 418.2226 -160.1302
v -289.3129 418.2226 -180.4621
v -289.3129 418.2226 -199.4649
v -289.3129 418.2226 -189.0103
v -249.6262 418.2226 -143.2582
v -252.1689 442.0388 -164.3837
v -282.3953 448.2012 -143.6194
v -310.2361 445.9149 -148.4420
v -323.6875 427.7830 -135.8030
v -328.6016 407.2955 -148.3552
v -313.6528 386.0082 -164.8440
v -281.2498 383.2801 -159.4523
v -260.4135 399.6927 -138.5508
v -225.2421 418.2226 -84.3041
v -231.9467 455.0050 -90.4323
v -275.7387 477.0481 -92.2933
v -330.8186 473.1563 -95.0362
v -358.5417 437.4767 -89.7442
v -349.8065 401.3980 -84.4769
v -323.2160 373.3511 -86.4206
v -279.2392 374.5667 -80.8712
v -231.8528 381.3800 -90.5018
v -216.0027 418.2226 -6.4607
v -229.2666 456.7235 -3.5852
v -278.4771 465.1810 -12.6422
v -318.1877 456.4390 -15.2778
v -344.5726 433.5916 -14.6791
v -362.0036 398.0057 -4.1684
v -329.4388 365.1151 -2.5275
v -278.8319 372.8017 -13.7998
v -238.8518 385.8676 -10.6752
v -245.4873 418.2226 57.1926
v -255.6643 439.7976 57.4315
v -282.1685 449.1838 50.7537
v -307.9688 442.9141 41.5577
v -326.7407 428.6321 47.6018
v -328.2854 407.3835 51.5473
v -307.9153 393.6019 41.3010
v -281.1077 382.6641 65.4170
v -260.1549 399.5269 43.3613
v -289.3129 418.2226 97.5298
v -289.3129 418.2226 62.5220
v -289.3129 418.2226 75.9054
v -289.3129 418.2226 90.5013
v -289.3129 418.2226 100.7174
v -289.3129 418.2226 99.8389
v -289.3129 418.2226 60.4289
v -289.3129 418.2226 99.6187
v -289.3129 418.2226 57.9048
v -302.1340 293.1221 -171.7075
v -302.1340 293.1221 -164.9841
v -302.1340 293.1221 -180.6718
v -302.1340 293.1221 -166.4936
v -302.1340 293.1221 -164.9893
v -302.1340 293.1221 -170.6619
v -302.1340 293.1221 -162.0550
v -302.1340 293.1221 -153.3499
v -302.1340 293.1221 -190.7616
v -235.6569 293.1221 -161.8766
v -258.2732 320.7301 -146.0810
v -291.2407 339.4653 -155.4612
v -326.7206 325.0673 -132.2349
v -356.6811 308.0151 -147.4371
v -350.5235 279.9103 -136.2121
v -335.6661 249.5542 -162.8824
v -291.6705 248.6077 -151.2207
v -253.2689 262.3642 -157.2716
v -220.1831 293.1221 -81.1401
v -225.7194 341.2210 -88.3387
v -286.5014 359.6274 -84.4049
v -351.8718 357.7460 -88.2269
v -379.3331 314.1998 -81.2220
v -380.4437 271.7412 -81.7000
v -349.1516 232.0327 -86.0268
v -284.0573 216.2190 -90.0966
v -240.0121 254.0198 -80.7937
v -215.5888 293.1221 -13.0021
v -239.5006 332.5464 -14.9363
v -283.7061 371.5195 -5.0854
v -342.9580 346.1644 -14.9824
v -403.4324 320.7797 -4.4070
v -388.8003 269.4596 -10.7038
v -354.2593 225.3962 -5.8421
v -283.2294 212.6967 -3.9753
v -241.3959 254.8908 -15.9368
v -252.3282 293.1221 37.3183
v -262.4610 318.0941 40.7162
v -291.3468 339.0138 58.4142
v -326.7313 325.0812 36.2715
v -348.1080 305.6744 35.8087
v -361.0797 277.0282 59.4556
v -330.9444 255.6891 50.7057
v -293.9343 258.2384 32.8889
v -252.5619 261.9192 62.8525
v -302.1340 293.1221 64.3730
v -302.1340 293.1221 60.1850
v -302.1340 293.1221 65.9844
v -302.1340 293.1221 65.3991
v -302.1340 293.1221 56.4610
v -302.1340 293.1221 83.8538
v -302.1340 293.1221 89.4623
v -302.1340 293.1221 69.6414
v -302.1340 293.1221 55.2431
v -474.1571 355.2268 -130.1592
v -474.1571 355.2268 -114.3048
v -474.1571 355.2268 -114.3278
v -474.1571 355.2268 -120.9190
v -474.1571 355.2268 -115.5367
v -474.1571 355.2268 -127.6973
v -474.1571 355.2268 -121.3691
v -474.1571 355.2268 -109.9975
v -474.1571 355.2268 -122.9629
v -413.7137 355.2268 -100.6981
v -414.1365 386.5542 -116.3114
v -461.1128 401.2433 -113.4935
v -510.3865 394.2599 -111.1740
v -529.5618 367.7704 -99.4053
v -534.9164 341.4709 -104.3734
v -510.1760 316.4205 -110.8070
v -462.6102 314.4926 -105.9754
v -415.1085 324.4067 -115.2051
v -341.9082 355.2268 -75.2192
v -376.6388 406.1259 -74.2009
v -457.9710 412.3266 -67.1848
v -540.1711 426.3494 -75.1738
v -564.4832 375.6766 -67.7839
v -569.6363 333.6103 -68.9125
v -528.9762 296.1654 -70.5656
v -457.8746 297.7872 -67.2989
v -373.2478 302.5577 -75.1120
v -341.2634 355.2268 -20.6481
v -392.2682 397.9682 -25.9984
v -451.0756 436.6513 -20.6425
v -525.9292 411.0053 -26.6887
v -565.6828 375.9482 -27.9534
v -579.7707 331.3159 -24.8677
v -523.9248 301.6078 -27.5138
v -455.8714 290.7203 -26.3267
v -398.6724 315.8280 -27.7190
v -411.4079 355.2268 6.7085
v -417.6169 384.7376 16.3503
v -462.8092 395.2588 8.9760
v -513.6919 397.8210 20.9376
v -545.5514 371.3905 18.2407
v -544.8065 339.2318 17.5495
v -504.9235 322.0796 5.6479
v -462.9414 315.6610 8.3125
v -427.0006 330.6137 5.6703
v -474.1571 355.2268 30.6535
v -474.1571 355.2268 23.3340
v -474.1571 355.2268 20.7100
v -474.1571 355.2268 16.8452
v -474.1571 355.2268 29.9242
v -474.1571 355.2268 39.1898
v -474.1571 355.2268 26.9113
v -474.1571 355.2268 31.1536
v -474.1571 355.2268 18.1979
v -463.4608 219.7306 -127.7428
v -463.4608 219.7306 -111.5303
v -463.4608 219.7306 -129.5912
v -463.4608 219.7306 -116.4112
v -463.4608 219.7306 -108.7872
v -463.4608 219.7306 -123.6747
v -463.4608 219.7306 -119.4043
v -463.4608 219.7306 -116.4400
v -463.4608 219.7306 -109.1823
v -379.6823 219.7306 -107.7587
v -403.1582 247.6421 -104.1501
v -447.8171 268.6697 -112.2598
v -502.0758 256.6241 -103.0876
v -548.5510 236.8141 -112.5895
v -526.0305 207.1684 -95.4948
v -496.3187 188.3375 -94.8745
v -450.4947 179.1679 -101.2610
v -413.4088 196.5636 -94.6053
v -345.8176 219.7306 -67.8094
v -371.8478 262.1344 -68.1376
v -439.1066 295.9189 -71.6161
v -530.8359 284.1021 -70.6900
v -568.4091 240.8011 -66.8059
v -602.2831 191.8592 -72.8759
v -530.9629 155.2377 -70.7328
v -440.3261 147.3572 -70.4336
v -370.7003 176.7956 -68.3899
v -338.6362 219.7306 -26.9813
v -349.5668 272.4473 -22.9647
v -441.8485 287.3414 -27.0427
v -527.1441 280.5749 -26.5533
v -584.4929 244.0302 -26.3120
v -569.8252 198.3757 -28.9403
v -518.2598 167.3745 -29.5453
v -444.4767 160.3416 -29.5912
v -373.3694 178.0310 -28.1968
v -385.3975 219.7306 7.6821
v -404.8185 246.8736 6.6041
v -449.8024 262.4589 8.1046
v -497.5201 252.2714 0.5885
v -537.7901 234.6537 8.4212
v -542.8891 203.7837 12.2917
v -507.6602 177.5016 15.0542
v -451.6003 182.6267 0.7194
v -411.3795 195.6243 0.4949
v -463.4608 219.7306 31.9307
v -463.4608 219.7306 23.1948
v -463.4608 219.7306 11.5657
v -463.4608 219.7306 28.1531
v -463.4608 219.7306 29.4139
v -463.4608 219.7306 10.9103
v -463.4608 219.7306 16.8126
v -463.4608 219.7306 23.1726
v -463.4608 219.7306 29.1154
v -559.2596 170.7493 -189.7346
v -559.2596 170.7493 -196.2912
v -559.2596 170.7493 -173.7149
v -559.2596 170.7493 -190.8333
v -559.2596 170.7493 -157.4057
v -559.2596 170.7493 -172.2886
v -559.2596 170.7493 -187.8475
v -559.2596 170.7493 -163.8721
v -559.2596 170.7493 -198.5399
v -511.3102 170.7493 -144.3501
v -515.5418 200.2963 -162.6762
v -551.4997 206.1965 -137.7962
v -589.6592 213.1594 -170.1703
v -600.1188 182.7276 -135.3719
v -599.8439 158.8515 -134.7841
v -581.2433 140.0801 -136.3483
v -550.0356 128.6143 -154.7377
v -520.6652 144.6649 -149.2370
v -487.9253 170.7493 -81.8379
v -501.5526 209.7510 -83.7339
v -544.1624 239.7129 -89.2413
v -596.2133 222.3029 -83.0585
v -630.8723 191.7434 -84.1501
v -649.4746 144.3017 -93.5406
v -599.9605 113.9679 -86.6135
v -546.3591 111.8199 -83.2407
v -487.4246 122.1990 -92.4824
v -477.2363 170.7493 -9.0916
v -491.1694 216.7686 -5.8365
v -546.7964 227.6807 -13.9541
v -607.1593 237.5737 -2.5569
v -627.7753 190.8355 -13.4132
v -634.4388 148.7096 -10.0495
v -598.7694 115.6296 -10.5165
v -543.0727 96.8077 -3.7818
v -484.5980 120.2886 -1.7673
v -511.8347 170.7493 47.2961
v -524.7152 194.0964 42.6136
v -549.6160 214.8011 63.5936
v -589.7363 213.2670 74.4803
v -605.2161 184.2220 50.2719
v -599.9142 158.8309 38.9346
v -584.9090 134.9661 55.0800
v -549.9074 128.0287 60.2212
v -526.2395 148.4324 38.6151
v -559.2596 170.7493 58.6181
v -559.2596 170.7493 79.0124
v -559.2596 170.7493 63.9247
v -559.2596 170.7493 84.5270
v -559.2596 170.7493 78.9452
v -559.2596 170.7493 80.1788
v -559.2596 170.7493 75.7640
v -559.2596 170.7493 89.4536
v -559.2596 170.7493 90.5442
v -478.6308 80.2644 -177.5450
v -478.6308 80.2644 -168.1119
v -478.6308 80.2644 -148.5078
v -478.6308 80.2644 -174.4143
v -478.6308 80.2644 -176.7593
v -478.6308 80.2644 -144.4958
v -478.6308 80.2644 -169.6660
v -478.6308 80.2644 -155.0171
v -478.6308 80.2644 -162.6003
v -415.1793 80.2644 -133.8788
v -419.8705 120.7059 -151.8183
v -468.6057 126.8980 -126.1378
v -509.6396 124.3174 -131.9381
v -543.3070 99.5725 -141.1541
v -544.1420 60.7070 -142.3568
v -515.5156 27.8635 -147.8438
v -466.1154 22.0466 -145.5479
v -428.0486 45.4514 -137.3690
v -375.0290 80.2644 -81.1015
v -391.0519 140.5401 -84.5280
v -459.0945 171.1413 -83.9462
v -540.6894 168.4287 -87.6564
v -590.3490 113.6162 -85.9856
v -600.2062 43.9698 -89.3372
v -534.9048 0.3180 -83.9599
v -459.7370 -7.6239 -82.7641
v -399.4188 25.7470 -81.0383
v -382.5293 80.2644 -17.2949
v -392.5704 139.4951 -12.1053
v -455.9797 185.6304 -6.3227
v -528.0578 150.4834 -16.4154
v -597.3252 115.6989 -7.6424
v -601.9359 43.4534 -6.0747
v -530.1613 7.0570 -15.0713
v -459.8785 -6.9654 -13.4964
v -399.0751 25.5105 -14.8184
v -399.6292 80.2644 58.9251
v -429.9381 113.7769 38.0307
v -467.9727 129.8424 35.0714
v -519.5267 138.3636 62.7016
v -544.7970 100.0173 47.3003
v -539.5343 62.0825 39.7203
v -509.4174 36.5270 35.3365
v -465.5101 19.2307 54.2661
v -425.4834 43.6859 45.9013
v -478.6308 80.2644 81.1772
v -478.6308 80.2644 53.7200
v -478.6308 80.2644 61.2690
v -478.6308 80.2644 62.5600
v -478.6308 80.2644 57.7929
v -478.6308 80.2644 72.7691
v -478.6308 80.2644 79.4293
v -478.6308 80.2644 68.2751
v -478.6308 80.2644 82.0907
v -462.6430 -1.1044 -142.3286
v -462.6430 -1.1044 -138.4071
v -462.6430 -1.1044 -144.5305
v -462.6430 -1.1044 -138.1452
v -462.6430 -1.1044 -120.9572
v -462.6430 -1.1044 -133.1619
v -462.6430 -1.1044 -145.9043
v -462.6430 -1.1044 -145.7582
v -462.6430 -1.1044 -137.9622
v -397.3345 -1.1044 -106.8105
v -400.0150 25.7101 -121.6206
v -449.2840 37.5538 -117.2766
v -503.4896 34.9954 -121.5650
v -527.4904 10.9389 -110.1430
v -538.9756 -15.2808 -121.1492
v -505.0162 -38.5534 -124.3144
v -451.1134 -34.4687 -107.7898
v -400.5116 -27.7063 -121.0368
v -333.4270 -1.1044 -75.4687
v -371.6994 37.8336 -73.2371
v -444.4970 51.4066 -70.2143
v -522.6098 51.8937 -73.4955
v -573.0684 19.4036 -72.9808
v -600.3751 -26.6838 -79.1582
v -531.6439 -62.0868 -77.3364
v -439.7093 -67.4700 -76.0754
v -378.1626 -37.2752 -71.4436
v -346.5518 -1.1044 -23.3213
v -350.8189 46.7737 -16.9684
v -440.3057 63.5354 -20.6547
v -528.4681 57.0712 -20.0138
v -594.4099 23.3671 -18.1913
v -575.9301 -22.1439 -22.3719
v -534.9368 -64.9970 -17.2635
v -438.4839 -71.0161 -18.4245
v -352.7771 -48.1441 -17.5119
v -378.4701 -1.1044 27.7979
v -400.0133 25.7108 25.6226
v -447.2103 43.5547 32.0305
v -503.0545 34.6109 24.7815
v -534.2363 12.1918 20.6075
v -524.7448 -12.6379 11.5119
v -506.4172 -39.7917 30.8377
v -447.3458 -45.3715 31.3279
v -413.8932 -21.9769 9.3065
v -462.6430 -1.1044 23.3180
v -462.6430 -1.1044 48.1523
v -462.6430 -1.1044 38.5920
v -462.6430 -1.1044 28.2217
v -462.6430 -1.1044 46.1535
v -462.6430 -1.1044 28.0888
v -462.6430 -1.1044 39.8205
v -462.6430 -1.1044 30.7890
v -462.6430 -1.1044 37.9335
v -528.5213 -76.0654 -168.0605
v -528.5213 -76.0654 -180.7056
v -528.5213 -76.0654 -196.9848
v -528.5213 -76.0654 -191.2955
v -528.5213 -76.0654 -189.0924
v -528.5213 -76.0654 -157.4084
v -528.5213 -76.0654 -194.0455
v -528.5213 -76.0654 -187.2858
v -528.5213 -76.0654 -164.4581
v -474.1824 -76.0654 -165.5622
v -493.0580 -36.5062 -148.1572
v -519.5118 -8.1396 -160.2498
v -552.6998 -20.3925 -152.6201
v -578.5344 -51.8660 -163.1476
v -580.9587 -101.4378 -168.7292
v -550.9249 -127.6515 -144.9404
v -518.5090 -151.5521 -172.7445
v -488.5500 -120.6532 -160.8890
v -435.2573 -76.0654 -95.6330
v -473.8979 -15.1332 -84.4182
v -516.9002 11.5506 -82.1800
v -565.7452 9.6458 -86.0230
v -600.6067 -41.1861 -87.1792
v -601.2793 -111.2701 -87.5447
v -567.0725 -164.8326 -87.3787
v -516.6442 -165.6115 -82.9329
v -464.4851 -147.4975 -90.6939
v -458.8247 -76.0654 -12.4036
v -459.9930 0.3777 -2.3112
v -514.2738 31.3520 -6.0953
v -563.0894 3.5305 -12.6899
v -611.5075 -35.9116 -2.8961
v -608.4026 -114.7168 -4.5837
v -572.2269 -176.7010 -3.3563
v -512.7347 -195.0868 -1.5685
v -460.9880 -151.3985 -2.9745
v -480.4847 -76.0654 55.9272
v -495.1334 -38.8213 46.2957
v -520.3227 -14.2531 54.1470
v -557.6801 -8.9248 78.1702
v -582.9490 -49.7300 77.3115
v -570.4565 -96.3562 48.5495
v -555.5937 -138.4018 69.1422
v -521.1981 -131.2778 43.2404
v -491.5476 -117.3094 56.4230
v -528.5213 -76.0654 104.8742
v -528.5213 -76.0654 79.4028
v -528.5213 -76.0654 86.2893
v -528.5213 -76.0654 61.3449
v -528.5213 -76.0654 88.5431
v -528.5213 -76.0654 100.8314
v -528.5213 -76.0654 91.0214
v -528.5213 -76.0654 81.1903
v -528.5213 -76.0654 107.4382
v -388.9265 -126.7027 -127.0818
v -388.9265 -126.7027 -130.6433
v -388.9265 -126.7027 -134.8859
v -388.9265 -126.7027 -128.3343
v -388.9265 -126.7027 -142.2036
v -388.9265 -126.7027 -151.7396
v -388.9265 -126.7027 -149.5233
v -388.9265 -126.7027 -152.0529
v -388.9265 -126.7027 -146.9404
v -327.5075 -126.7027 -115.9638
v -344.3711 -105.6771 -112.3606
v -379.3485 -96.1540 -109.0351
v -419.5568 -96.8663 -115.7884
v -440.8571 -116.0729 -109.1522
v -453.5418 -139.9290 -124.0893
v -424.5899 -161.4419 -126.9273
v -376.6850 -165.7464 -126.0079
v -342.7865 -148.4761 -114.6497
v -282.7087 -126.7027 -75.7465
v -318.4269 -93.4340 -72.0405
v -372.2134 -73.3971 -73.1419
v -450.3368 -66.8841 -80.0835
v -486.0979 -106.8125 -75.0124
v -475.2886 -144.3804 -72.0076
v -443.7636 -180.1186 -76.6494
v -369.1028 -189.9297 -77.8213
v -296.3430 -170.3928 -79.5712
v -264.3213 -126.7027 -15.4503
v -298.6514 -84.1020 -17.2160
v -372.9377 -75.7069 -23.9476
v -440.9375 -76.0397 -20.8271
v -489.3865 -106.1394 -20.0734
v -471.7740 -143.6609 -24.9694
v -449.2817 -185.4937 -16.4677
v -370.6109 -185.1197 -20.4473
v -298.5621 -169.3456 -17.1855
v -333.8563 -126.7027 12.9384
v -336.3852 -101.9085 27.8964
v -378.6905 -94.0555 17.2279
v -421.1651 -95.2997 23.3477
v -443.0676 -115.6205 15.7551
v -446.0265 -138.3906 19.2394
v -426.4087 -163.2135 34.9525
v -375.7136 -168.8448 36.1983
v -337.5707 -150.9375 26.1840
v -388.9265 -126.7027 43.6543
v -388.9265 -126.7027 57.7179
v -388.9265 -126.7027 27.7295
v -388.9265 -126.7027 33.9201
v -388.9265 -126.7027 41.6379
v -388.9265 -126.7027 39.5769
v -388.9265 -126.7027 31.1836
v -388.9265 -126.7027 51.6596
v -388.9265 -126.7027 31.7313
v -504.3949 -247.6625 -219.5109
v -504.3949 -247.6625 -178.8959
v -504.3949 -247.6625 -184.8620
v -504.3949 -247.6625 -193.7888
v -504.3949 -247.6625 -195.5396
v -504.3949 -247.6625 -183.5308
v -504.3949 -247.6625 -203.0101
v -504.3949 -247.6625 -184.2915
v -504.3949 -247.6625 -198.7173
v -446.0414 -247.6625 -156.9565
v -462.2805 -224.0119 -150.6508
v -495.3144 -213.1965 -145.6398
v -534.6641 -212.5744 -161.0359
v -564.8526 -232.9355 -168.1301
v -557.3531 -260.5627 -153.2284
v -537.1986 -285.6887 -170.5008
v -494.4192 -285.5264 -155.2656
v -455.5422 -275.0973 -167.0750
v -415.0854 -247.6625 -87.3659
v -428.6541 -205.1280 -91.5812
v -487.4396 -183.3070 -91.0386
v -553.3489 -190.9149 -91.1560
v -599.2407 -224.5588 -92.4893
v -592.2693 -269.0681 -89.2192
v -550.9913 -301.6772 -89.0776
v -486.0449 -317.3115 -94.5787
v -423.4521 -293.1184 -94.5744
v -385.2939 -247.6625 4.4974
v -415.6141 -197.8049 3.0844
v -487.1579 -182.2380 -4.2464
v -551.5016 -193.0564 -6.4725
v -596.5845 -225.2058 -4.7567
v -613.0596 -274.1324 2.9713
v -547.2867 -297.3827 -10.1882
v -488.0020 -309.8834 -6.3889
v -432.0328 -288.2997 -6.3629
v -434.9365 -247.6625 81.6912
v -452.8539 -218.7181 77.6275
v -495.1226 -212.4685 51.7022
v -535.0141 -212.1686 66.3432
v -555.2294 -235.2796 53.0086
v -572.4565 -264.2418 87.2391
v -536.2324 -284.5686 70.8925
v -492.9823 -290.9801 74.7157
v -455.7321 -274.9906 70.6121
v -504.3949 -247.6625 72.7166
v -504.3949 -247.6625 102.4099
v -504.3949 -247.6625 102.8674
v -504.3949 -247.6625 83.5378
v -504.3949 -247.6625 103.3646
v -504.3949 -247.6625 105.9129
v -504.3949 -247.6625 78.3144
v -504.3949 -247.6625 90.3323
v -504.3949 -247.6625 87.7366
v -496.9263 -377.7703 -139.8014
v -496.9263 -377.7703 -157.3880
v -496.9263 -377.7703 -134.7580
v -496.9263 -377.7703 -144.3772
v -496.9263 -377.7703 -158.2988
v -496.9263 -377.7703 -150.5878
v -496.9263 -377.7703 -159.8498
v -496.9263 -377.7703 -137.6147
v -496.9263 -377.7703 -128.3746
v -434.5663 -377.7703 -136.1622
v -449.2951 -351.8570 -135.9051
v -488.5459 -346.9550 -116.2297
v -523.8262 -347.5618 -124.0601
v -541.2549 -367.3095 -114.6921
v -542.0656 -388.4225 -115.9118
v -523.0386 -407.0944 -121.8331
v -488.3190 -409.4200 -118.0770
v -453.5747 -401.3554 -128.0069
v -421.9293 -377.7703 -73.0298
v -436.6345 -344.9691 -74.2675
v -481.4693 -320.9343 -77.7076
v -543.2308 -325.7705 -78.9077
v -578.8914 -358.4278 -77.1110
v -576.0952 -396.4530 -76.1179
v -541.1011 -427.3786 -77.4862
v -480.2427 -439.1167 -80.0651
v -435.5809 -411.1448 -74.7265
v -396.5208 -377.7703 -14.4903
v -418.3224 -335.0066 -13.7545
v -482.6175 -325.1561 -20.4991
v -543.3979 -325.5829 -16.9808
v -576.3098 -359.0370 -19.8059
v -574.6615 -396.1147 -20.3913
v -547.5594 -434.6312 -14.2030
v -479.2686 -442.6985 -14.0627
v -434.2167 -411.8870 -20.6792
v -446.6654 -377.7703 23.0570
v -448.7345 -351.5520 40.9397
v -487.2172 -342.0695 31.0470
v -521.8330 -349.8002 22.4243
v -545.0217 -366.4206 24.3592
v -540.4861 -388.0498 17.5354
v -523.3339 -407.4260 26.6682
v -485.9093 -418.2805 41.6956
v -456.0992 -399.9820 27.3478
v -496.9263 -377.7703 37.8593
v -496.9263 -377.7703 49.4183
v -496.9263 -377.7703 40.4609
v -496.9263 -377.7703 57.8077
v -496.9263 -377.7703 55.1407
v -496.9263 -377.7703 67.0181
v -496.9263 -377.7703 38.5031
v -496.9263 -377.7703 60.3151
v -496.9263 -377.7703 56.2263
v -369.5179 -346.8185 -174.2567
v -369.5179 -346.8185 -156.5369
v -369.5179 -346.8185 -149.5579
v -369.5179 -346.8185 -166.2878
v -369.5179 -346.8185 -182.2813
v -369.5179 -346.8185 -170.5194
v -369.5179 -346.8185 -178.2724
v -369.5179 -346.8185 -173.9741
v -369.5179 -346.8185 -160.2064
v -313.1059 -346.8185 -133.6077
v -319.4241 -314.6214 -147.2365
v -359.7208 -304.2591 -133.6184
v -401.6884 -304.1372 -145.6405
v -423.5938 -331.7424 -135.3293
v -421.7349 -361.3763 -132.3273
v -400.2987 -387.6560 -141.4226
v -358.3900 -395.1588 -145.2482
v -320.1508 -378.5484 -145.7968
v -276.8561 -346.8185 -81.1955
v -301.8791 -303.3446 -79.6316
v -350.9797 -266.2871 -86.2450
v -423.5116 -275.1839 -86.6859
v -479.6892 -316.1033 -90.0012
v -463.7836 -373.0992 -83.9374
v -425.1078 -420.5707 -87.8295
v -348.7178 -437.1762 -90.9115
v -301.2557 -390.6929 -79.9231
v -260.2358 -346.8185 -8.8504
v -283.8317 -291.7450 -7.9285
v -349.8006 -261.1649 -7.3225
v -424.0295 -274.4969 -8.9431
v -480.2749 -315.9400 -5.7755
v -455.3460 -370.7469 -15.2793
v -427.4850 -423.7246 -6.4672
v -349.4579 -433.9608 -6.6155
v -275.6751 -407.1345 -4.1140
v -295.3706 -346.8185 64.5218
v -312.6160 -310.2457 64.7234
v -359.7459 -304.3683 37.3988
v -399.1441 -307.5128 41.9183
v -433.9576 -328.8530 56.0662
v -432.8359 -364.4712 54.2547
v -401.8791 -389.7527 50.2192
v -360.0334 -388.0199 34.8865
v -328.4804 -373.1947 33.2958
v -369.5179 -346.8185 80.9069
v -369.5179 -346.8185 67.3967
v -369.5179 -346.8185 62.5807
v -369.5179 -346.8185 78.8767
v -369.5179 -346.8185 94.0266
v -369.5179 -346.8185 85.6665
v -369.5179 -346.8185 66.6892
v -369.5179 -346.8185 79.9851
v -369.5179 -346.8185 92.1859
v -364.7445 -485.9233 -142.3560
v -364.7445 -485.9233 -140.8340
v -364.7445 -485.9233 -125.5325
v -364.7445 -485.9233 -122.0688
v -364.7445 -485.9233 -139.3240
v -364.7445 -485.9233 -136.0329
v -364.7445 -485.9233 -127.9959
v -364.7445 -485.9233 -120.1757
v -364.7445 -485.9233 -150.1938
v -323.2021 -485.9233 -116.1700
v -326.6909 -449.1264 -129.5159
v -357.2151 -436.7145 -119.1524
v -387.1243 -441.2528 -121.4495
v -404.6251 -469.1958 -117.6432
v -406.8868 -503.5994 -121.5926
v -386.0262 -528.4019 -117.8454
v -356.8075 -537.7961 -123.0043
v -330.1508 -519.3746 -122.1044
v -293.4262 -485.9233 -75.6274
v -321.1163 -443.7359 -70.0623
v -350.7947 -394.7534 -79.1197
v -405.3598 -404.8545 -79.4673
v -421.3131 -462.1962 -71.3200
v -431.8379 -514.0649 -75.6588
v -405.0766 -566.4269 -79.2479
v -352.1240 -568.4053 -76.1542
v -304.7239 -543.9618 -78.3518
v -289.8721 -485.9233 -18.9958
v -318.4279 -441.1362 -24.5781
v -354.5670 -419.4077 -25.2957
v -398.6822 -418.1830 -21.7063
v -421.2109 -462.2391 -24.7221
v -435.4675 -515.5873 -18.8449
v -393.7123 -543.7436 -25.5568
v -351.3129 -573.7063 -18.0364
v -316.6312 -532.4478 -23.6696
v -324.4264 -485.9233 18.1609
v -329.7272 -452.0624 27.0118
v -357.7290 -440.0735 18.2956
v -385.3462 -444.8019 19.6140
v -397.7600 -472.0753 9.6546
v -411.0453 -505.3437 32.8546
v -386.8356 -530.0176 24.5020
v -357.6340 -532.3941 19.1935
v -329.2430 -520.2525 28.0491
v -364.7445 -485.9233 35.8501
v -364.7445 -485.9233 50.7182
v -364.7445 -485.9233 30.2803
v -364.7445 -485.9233 49.3007
v -364.7445 -485.9233 33.9665
v -364.7445 -485.9233 30.6690
v -364.7445 -485.9233 39.5013
v -364.7445 -485.9233 24.9150
v -364.7445 -485.9233 32.0166
v -261.1105 -535.1793 -127.4659
v -261.1105 -535.1793 -133.8899
v -261.1105 -535.1793 -121.6822
v -261.1105 -535.1793 -140.2561
v -261.1105 -535.1793 -122.6490
v -261.1105 -535.1793 -138.7059
v -261.1105 -535.1793 -128.9654
v -261.1105 -535.1793 -135.2673
v -261.1105 -535.1793 -133.5133
v -191.1599 -535.1793 -123.2877
v -202.6120 -501.3866 -130.1908
v -249.5906 -490.2018 -119.4023
v -292.4232 -497.8418 -115.4036
v -323.6489 -519.5090 -119.6297
v -317.5157 -549.3128 -112.6049
v -290.1154 -569.7649 -110.4358
v -248.6010 -584.0202 -125.5356
v -217.2617 -560.5093 -109.6079
v -144.5359 -535.1793 -77.6192
v -181.2904 -489.0699 -74.4745
v -243.3223 -465.7284 -74.0275
v -310.9625 -475.7355 -73.3327
v -369.9398 -507.9099 -77.4259
v -373.1010 -563.2408 -78.2806
v -310.0758 -593.5658 -72.8821
v -241.5095 -611.7078 -76.6799
v -179.3099 -582.4328 -75.1314
v -162.3063 -535.1793 -22.8959
v -186.7232 -492.2082 -23.3274
v -244.8444 -471.6712 -24.1996
v -322.8384 -461.5746 -16.6325
v -372.6003 -507.2433 -17.8548
v -373.7866 -563.4126 -17.5340
v -305.7809 -588.4445 -25.3004
v -242.1143 -609.3466 -20.2050
v -166.8406 -589.6359 -16.7328
v -197.6245 -535.1793 20.3298
v -204.9472 -502.7356 30.9099
v -248.1238 -484.4749 32.4939
v -291.6558 -498.7569 17.7516
v -313.7616 -521.9865 12.3051
v -324.4370 -551.0470 24.5323
v -291.0285 -570.8537 16.4013
v -247.9506 -586.5598 33.5671
v -202.5901 -568.9846 34.2216
v -261.1105 -535.1793 35.1479
v -261.1105 -535.1793 49.7038
v -261.1105 -535.1793 49.9754
v -261.1105 -535.1793 29.4788
v -261.1105 -535.1793 40.5387
v -261.1105 -535.1793 36.8817
v -261.1105 -535.1793 48.9889
v -261.1105 -535.1793 54.1972
v -261.1105 -535.1793 34.9949
v -174.6999 -601.9861 -167.0801
v -174.6999 -601.9861 -185.7966
v -174.6999 -601.9861 -201.9819
v -174.6999 -601.9861 -159.3990
v -174.6999 -601.9861 -196.2701
v -174.6999 -601.9861 -159.7183
v -174.6999 -601.9861 -186.0911
v -174.6999 -601.9861 -173.6537
v -174.6999 -601.9861 -169.6816
v -107.5312 -601.9861 -148.5395
v -124.7107 -580.3324 -145.6769
v -162.4735 -566.1910 -153.3896
v -211.6925 -568.9096 -158.7427
v -233.1520 -591.0034 -141.1075
v -249.3614 -616.0145 -166.9272
v -207.7683 -631.5539 -146.9952
v -160.2540 -644.2792 -172.5213
v -129.3176 -621.6444 -136.6753
v -55.7044 -601.9861 -90.0473
v -82.2567 -561.9426 -90.6411
v -154.3619 -542.4428 -89.3851
v -224.4046 -557.5432 -83.1265
v -301.9665 -578.0736 -95.8560
v -294.2612 -624.4508 -92.9585
v -224.7997 -646.7823 -83.4057
v -153.6304 -663.6711 -90.8737
v -89.8956 -638.7208 -87.1175
v -43.9637 -601.9861 -1.8042
v -87.2615 -564.1105 -7.6675
v -151.8828 -535.1846 -1.5701
v -235.8729 -547.2890 -4.7688
v -282.4656 -581.7377 -7.4770
v -297.4085 -625.0422 -1.8580
v -240.5534 -660.8683 -1.4611
v -158.0503 -650.7310 -14.1202
v -84.5372 -641.0419 -6.4109
v -105.9195 -601.9861 54.9520
v -117.0635 -577.0198 64.6192
v -162.2886 -565.6497 58.9833
v -210.1931 -570.2503 58.2540
v -245.1845 -588.7426 64.2738
v -235.3941 -613.3902 48.6790
v -212.9816 -636.2153 66.6019
v -163.6305 -634.3939 47.4164
v -122.9915 -624.3846 53.0362
v -174.6999 -601.9861 107.3943
v -174.6999 -601.9861 81.8396
v -174.6999 -601.9861 77.4960
v -174.6999 -601.9861 86.6756
v -174.6999 -601.9861 77.7240
v -174.6999 -601.9861 69.2175
v -174.6999 -601.9861 69.6099
v -174.6999 -601.9861 95.7265
v -174.6999 -601.9861 89.4942
v -79.9546 -625.4994 -197.6526
v -79.9546 -625.4994 -181.5854
v -79.9546 -625.4994 -196.5222
v -79.9546 -625.4994 -188.1335
v -79.9546 -625.4994 -179.7493
v -79.9546 -625.4994 -177.0176
v -79.9546 -625.4994 -168.0471
v -79.9546 -625.4994 -172.6371
v -79.9546 -625.4994 -165.8472
v -15.5075 -625.4994 -159.4466
v -39.4624 -605.5233 -139.4074
v -68.9619 -588.8463 -157.4702
v -109.2079 -595.7100 -149.1738
v -140.5298 -612.5370 -159.4738
v -140.2348 -638.3988 -158.9310
v -112.7993 -658.9462 -161.5951
v -67.1757 -668.1084 -175.2582
v -34.2835 -648.0305 -151.0982
v 29.8956 -625.4994 -92.8437
v -10.5569 -591.2632 -84.9821
v -59.5663 -557.5182 -95.9304
v -136.2081 -568.2149 -93.9283
v -179.1802 -604.2662 -91.1061
v -169.3933 -644.6384 -86.8544
v -127.5487 -673.9659 -86.8583
v -62.3296 -684.2670 -89.4343
v -3.1629 -663.3834 -88.9224
v 28.4149 -625.4994 -3.7608
v -6.8667 -589.4427 -9.0513
v -61.8640 -565.1795 -5.4712
v -140.1187 -564.2325 1.1212
v -172.7582 -605.6404 -7.6838
v -171.7490 -645.1425 -8.1222
v -139.7299 -686.3704 0.8037
v -64.4781 -677.1031 -11.6167
v -15.0653 -657.5115 -13.4204
v -20.2313 -625.4994 55.2779
v -22.5753 -597.1923 81.5284
v -68.5332 -587.4168 65.7396
v -112.1439 -592.7201 63.3283
v -144.2276 -611.7457 70.2788
v -142.4399 -638.8707 66.9889
v -112.2436 -658.3803 63.6731
v -68.6570 -663.1694 64.5072
v -26.1336 -652.0512 73.4958
v -79.9546 -625.4994 102.8799
v -79.9546 -625.4994 71.9384
v -79.9546 -625.4994 66.6225
v -79.9546 -625.4994 70.8250
v -79.9546 -625.4994 98.4061
v -79.9546 -625.4994 104.2396
v -79.9546 -625.4994 109.8106
v -79.9546 -625.4994 112.6629
v -79.9546 -625.4994 92.7458
v -3.4232 -440.1483 -136.0377
v -3.4232 -440.1483 -126.0773
v -3.4232 -440.1483 -145.7555
v -3.4232 -440.1483 -131.7644
v -3.4232 -440.1483 -142.7396
v -3.4232 -440.1483 -142.8638
v -3.4232 -440.1483 -141.7327
v -3.4232 -440.1483 -129.6849
v -3.4232 -440.1483 -148.1202
v 91.8945 -440.1483 -128.2797
v 54.3952 -408.5572 -111.5689
v 13.9074 -376.1484 -132.0572
v -45.0984 -393.1456 -118.2004
v -86.3384 -420.4973 -122.3157
v -94.4953 -461.7325 -129.6266
v -45.6450 -487.7674 -119.1211
v 14.3093 -505.6324 -134.0066
v 64.2114 -477.1028 -122.3613
v 156.7370 -440.1483 -79.8437
v 91.0964 -388.5042 -72.5323
v 17.9167 -361.3424 -72.4338
v -79.7234 -354.0943 -78.3406
v -123.2676 -411.7450 -73.3572
v -146.7619 -474.1197 -78.3282
v -84.2790 -531.3402 -80.1522
v 21.4957 -532.1711 -76.5318
v 116.5075 -505.6765 -79.1276
v 159.1409 -440.1483 -15.6783
v 95.1514 -386.2886 -22.4153
v 17.9553 -361.1998 -23.5220
v -71.7211 -363.1196 -20.8415
v -128.8422 -410.4238 -21.4633
v -143.3280 -473.3059 -18.3983
v -84.6182 -531.7227 -15.7130
v 24.1061 -541.8110 -16.4794
v 103.1683 -498.3882 -20.3345
v 80.8107 -440.1483 22.9446
v 53.0917 -409.2694 14.1357
v 13.6050 -377.2651 34.5906
v -39.6058 -399.3403 12.9484
v -90.6168 -419.4833 30.1504
v -89.8245 -460.6255 29.4402
v -53.0114 -496.0755 35.5296
v 11.2587 -494.3670 23.2108
v 55.2198 -472.1899 16.4755
v -3.4232 -440.1483 36.6196
v -3.4232 -440.1483 42.6683
v -3.4232 -440.1483 58.8268
v -3.4232 -440.1483 38.5356
v -3.4232 -440.1483 57.4333
v -3.4232 -440.1483 38.3820
v -3.4232 -440.1483 50.3323
v -3.4232 -440.1483 31.1105
v -3.4232 -440.1483 35.4441
v 120.6103 -651.7668 -142.4629
v 120.6103 -651.7668 -132.8394
v 120.6103 -651.7668 -140.6376
v 120.6103 -651.7668 -132.1733
v 120.6103 -651.7668 -117.0435
v 120.6103 -651.7668 -125.1372
v 120.6103 -651.7668 -119.8018
v 120.6103 -651.7668 -124.7674
v 120.6103 -651.7668 -127.8777
v 190.3929 -651.7668 -118.9304
v 167.9028 -621.3521 -110.7515
v 130.4047 -609.1934 -105.3316
v 84.6051 -603.9695 -121.1948
v 53.3446 -633.0023 -120.7601
v 50.3293 -671.3725 -124.0217
v 84.9624 -699.0898 -120.4686
v 130.3615 -694.1525 -105.0788
v 167.3444 -681.8224 -110.0106
v 207.3147 -651.7668 -68.8048
v 211.4869 -593.3222 -76.4656
v 141.7246 -559.9892 -77.1763
v 71.5285 -586.6101 -71.5544
v 31.1952 -626.8234 -70.8322
v 5.5051 -683.8767 -77.3922
v 65.8840 -724.4166 -74.2632
v 137.6813 -725.9695 -71.5892
v 195.1916 -699.7315 -71.3614
v 205.9683 -651.7668 -27.5183
v 200.1858 -600.5902 -23.0743
v 138.4038 -574.4239 -23.4125
v 60.4446 -571.8961 -19.1264
v 15.5946 -622.4715 -21.1842
v 38.2569 -674.7402 -26.9710
v 74.9595 -712.3688 -26.0921
v 138.5525 -729.7561 -23.2070
v 187.4801 -694.7720 -27.0541
v 179.8754 -651.7668 12.2399
v 175.1108 -616.7165 24.3156
v 133.4710 -595.8652 27.2801
v 85.4481 -605.0885 23.4811
v 49.4870 -631.9261 28.9328
v 66.5214 -666.8555 10.5070
v 90.2558 -692.0628 13.7076
v 133.4524 -707.5876 27.1713
v 175.2690 -686.9189 24.5255
v 120.6103 -651.7668 39.5326
v 120.6103 -651.7668 33.1185
v 120.6103 -651.7668 40.7130
v 120.6103 -651.7668 40.8528
v 120.6103 -651.7668 34.6921
v 120.6103 -651.7668 35.8391
v 120.6103 -651.7668 18.4472
v 120.6103 -651.7668 28.8351
v 120.6103 -651.7668 40.3818
v 121.7194 -390.1542 -114.7093
v 121.7194 -390.1542 -124.1081
v 121.7194 -390.1542 -129.3748
v 121.7194 -390.1542 -127.8587
v 121.7194 -390.1542 -130.7739
v 121.7194 -390.1542 -126.5350
v 121.7194 -390.1542 -115.4330
v 121.7194 -390.1542 -132.5176
v 121.7194 -390.1542 -114.2405
v 166.5638 -390.1542 -111.5517
v 160.8303 -335.9856 -120.3540
v 130.2320 -310.4686 -117.4722
v 100.1379 -328.4550 -109.1690
v 86.0814 -368.7442 -101.7461
v 82.1615 -413.9191 -107.6577
v 103.1712 -443.1816 -100.5717
v 129.6558 -464.4454 -112.7692
v 157.9025 -440.2679 -114.9377
v 189.8246 -390.1542 -70.7843
v 179.4544 -310.1912 -73.2140
v 132.6872 -287.4857 -69.1303
v 88.8564 -296.2025 -69.9884
v 58.6939 -352.2909 -70.4381
v 64.5504 -424.4992 -68.3531
v 87.3736 -488.3451 -70.9805
v 134.8950 -513.4891 -73.3836
v 178.4028 -468.6608 -72.7547
v 195.4926 -390.1542 -23.3195
v 173.3241 -318.6817 -25.4633
v 136.1942 -254.6573 -20.1133
v 86.9308 -290.6973 -24.7232
v 58.7596 -352.3303 -25.5852
v 51.1687 -432.5384 -22.8828
v 88.0533 -486.4020 -25.4742
v 133.0972 -496.6602 -26.0799
v 185.5801 -478.6013 -20.1108
v 167.4001 -390.1542 16.7368
v 154.1408 -345.2505 11.9786
v 128.9892 -322.1026 11.3293
v 95.7746 -315.9807 25.5360
v 82.0159 -366.3018 11.8774
v 85.2795 -412.0459 6.9554
v 100.3242 -451.3209 12.6411
v 128.6443 -454.9769 8.5143
v 156.4436 -438.2471 16.2386
v 121.7194 -390.1542 42.3970
v 121.7194 -390.1542 31.2965
v 121.7194 -390.1542 37.7554
v 121.7194 -390.1542 33.9692
v 121.7194 -390.1542 32.4173
v 121.7194 -390.1542 37.9546
v 121.7194 -390.1542 29.5542
v 121.7194 -390.1542 31.0062
v 121.7194 -390.1542 15.3531
v 194.4880 -351.8113 -124.3061
v 194.4880 -351.8113 -132.4639
v 194.4880 -351.8113 -131.0533
v 194.4880 -351.8113 -131.1433
v 194.4880 -351.8113 -111.4400
v 194.4880 -351.8113 -129.1949
v 194.4880 -351.8113 -112.3209
v 194.4880 -351.8113 -130.9484
v 194.4880 -351.8113 -112.0643
v 288.8669 -351.8113 -111.5012
v 268.4178 -302.3521 -112.9341
v 210.2176 -280.6877 -108.9474
v 158.4056 -301.9836 -96.5549
v 107.2503 -326.4959 -110.4634
v 122.6761 -372.6503 -99.4183
v 156.4179 -404.3839 -99.2297
v 208.1639 -413.6487 -100.9899
v 250.1112 -389.0233 -96.8550
v 360.4923 -351.8113 -74.3672
v 301.9070 -279.9477 -70.2726
v 221.4579 -229.8633 -72.6691
v 128.8946 -261.2307 -68.8370
v 38.0445 -306.4132 -74.4433
v 53.5217 -392.7181 -71.8273
v 118.9543 -456.1188 -71.9947
v 216.4963 -451.3245 -68.1307
v 319.6288 -435.5308 -73.9471
v 333.1956 -351.8113 -25.9685
v 311.9360 -273.2383 -23.6479
v 215.1087 -258.5723 -29.1385
v 117.0587 -244.8860 -23.4031
v 83.3730 -319.5670 -29.2184
v 40.5344 -396.4868 -21.9775
v 115.3059 -461.1571 -22.8463
v 218.2201 -459.1193 -26.2925
v 313.3109 -431.3041 -23.3628
v 296.7893 -351.8113 20.8317
v 266.1979 -303.8372 14.9843
v 212.0310 -272.4884 19.9736
v 152.5984 -293.9643 8.3694
v 105.6095 -326.0198 15.6383
v 104.4968 -377.9257 16.4350
v 153.0651 -409.0138 7.7414
v 206.9869 -408.3266 0.4292
v 252.5754 -390.6719 3.0194
v 194.4880 -351.8113 21.8720
v 194.4880 -351.8113 22.9515
v 194.4880 -351.8113 32.3123
v 194.4880 -351.8113 13.1443
v 194.4880 -351.8113 12.5067
v 194.4880 -351.8113 20.2925
v 194.4880 -351.8113 32.0926
v 194.4880 -351.8113 36.2442
v 194.4880 -351.8113 33.2547
v 225.5642 -327.5145 -160.1634
v 225.5642 -327.5145 -145.3788
v 225.5642 -327.5145 -137.0862
v 225.5642 -327.5145 -136.2903
v 225.5642 -327.5145 -157.4301
v 225.5642 -327.5145 -161.7299
v 225.5642 -327.5145 -156.2527
v 225.5642 -327.5145 -154.6366
v 225.5642 -327.5145 -164.3093
v 292.9235 -327.5145 -117.3730
v 285.1605 -285.9936 -128.1231
v 239.8579 -260.2076 -132.7748
v 182.3008 -265.2967 -137.1134
v 152.3747 -305.3964 -128.2150
v 152.2608 -349.6670 -128.3398
v 187.6345 -382.0617 -126.1270
v 237.7119 -384.7163 -120.0472
v 289.3963 -371.9865 -133.8179
v 375.6291 -327.5145 -84.4845
v 342.1652 -246.2783 -85.0065
v 250.7015 -209.1467 -83.1948
v 171.0279 -249.0849 -74.5183
v 87.4785 -285.7845 -83.7267
v 96.7575 -366.4403 -81.3259
v 157.0597 -426.0320 -81.3103
v 250.8383 -446.5266 -83.3863
v 322.6696 -395.1680 -78.8190
v 334.1825 -327.5145 -21.5922
v 330.2466 -254.5820 -14.7762
v 251.3008 -206.3244 -11.9661
v 160.9921 -234.6523 -16.6018
v 121.4359 -296.0465 -21.0591
v 83.2735 -370.5152 -11.1854
v 156.9054 -426.2538 -14.6147
v 246.4128 -425.6875 -18.8098
v 319.4266 -392.9086 -18.2102
v 296.8426 -327.5145 25.4092
v 286.2530 -285.2324 33.5920
v 241.4324 -252.7935 46.1131
v 192.2620 -279.6221 20.5954
v 138.4888 -301.2000 47.4338
v 151.6902 -349.8394 32.9651
v 183.4573 -388.0691 38.7313
v 241.4825 -402.4716 46.4105
v 281.1677 -366.2535 26.7551
v 225.5642 -327.5145 60.4479
v 225.5642 -327.5145 54.5417
v 225.5642 -327.5145 69.1007
v 225.5642 -327.5145 38.1523
v 225.5642 -327.5145 46.7074
v 225.5642 -327.5145 41.2294
v 225.5642 -327.5145 72.0879
v 225.5642 -327.5145 48.1481
v 225.5642 -327.5145 47.3802
v 467.5546 -437.7388 -159.0693
v 467.5546 -437.7388 -140.2689
v 467.5546 -437.7388 -157.2405
v 467.5546 -437.7388 -163.5781
v 467.5546 -437.7388 -174.0760
v 467.5546 -437.7388 -168.2335
v 467.5546 -437.7388 -156.2637
v 467.5546 -437.7388 -146.3262
v 467.5546 -437.7388 -146.4647
v 537.7098 -437.7388 -139.6260
v 518.5746 -395.7973 -134.9851
v 478.7053 -375.7843 -131.8668
v 435.7592 -383.7857 -131.0527
v 393.8194 -411.4463 -150.4821
v 408.1156 -458.9336 -130.6124
v 438.1023 -487.7159 -124.9322
v 481.5217 -515.3415 -153.0493
v 514.5064 -476.3361 -128.0492
v 596.1647 -437.7388 -87.6525
v 562.5586 -359.6397 -86.2370
v 487.6718 -325.9653 -83.7185
v 411.4541 -342.5429 -82.5934
v 354.7386 -397.5109 -85.0153
v 352.4562 -478.7806 -85.7642
v 404.7056 -544.3863 -86.7548
v 484.9964 -534.6473 -78.9681
v 538.4647 -496.0313 -76.5397
v 568.0242 -437.7388 -17.0236
v 565.8428 -356.9399 -8.4412
v 487.0288 -329.5377 -13.4231
v 402.9308 -328.0798 -8.1509
v 372.2699 -403.7622 -16.7368
v 374.3789 -470.9634 -17.4288
v 413.6077 -529.2804 -14.7346
v 489.9086 -561.9402 -8.3101
v 554.9832 -509.6106 -12.8119
v 527.4887 -437.7388 30.2768
v 520.2191 -394.4454 41.7890
v 480.5833 -365.3501 49.9913
v 435.9233 -384.0642 34.6241
v 409.0220 -416.8673 33.3526
v 402.8843 -460.7990 41.8832
v 427.3393 -505.9795 57.0463
v 479.7670 -505.5925 43.8522
v 516.3374 -477.8413 35.1710
v 467.5546 -437.7388 44.6667
v 467.5546 -437.7388 57.0089
v 467.5546 -437.7388 48.8559
v 467.5546 -437.7388 79.6819
v 467.5546 -437.7388 76.2970
v 467.5546 -437.7388 60.1734
v 467.5546 -437.7388 57.1992
v 467.5546 -437.7388 70.8458
v 467.5546 -437.7388 69.1765
v 536.3232 -411.6606 -122.1997
v 536.3232 -411.6606 -123.1989
v 536.3232 -411.6606 -114.1604
v 536.3232 -411.6606 -117.9712
v 536.3232 -411.6606 -128.8625
v 536.3232 -411.6606 -125.9600
v 536.3232 -411.6606 -111.2460
v 536.3232 -411.6606 -114.9198
v 536.3232 -411.6606 -114.9550
v 623.2764 -411.6606 -108.5190
v 598.6981 -390.9128 -104.6711
v 550.8583 -378.9830 -106.2579
v 498.2645 -385.5291 -100.9773
v 474.2743 -402.7080 -93.9572
v 469.5691 -421.2921 -97.4422
v 494.5062 -440.3726 -106.2087
v 549.7717 -441.8954 -101.9027
v 605.7886 -434.7670 -111.1133
v 643.5351 -411.6606 -65.6151
v 645.5400 -375.3316 -71.4249
v 558.1614 -362.5643 -68.6629
v 466.2004 -363.5135 -71.0426
v 394.6681 -391.2222 -72.7679
v 405.2071 -430.5785 -70.9252
v 472.7140 -455.3354 -68.9022
v 557.2047 -458.6061 -67.7577
v 648.9548 -449.1255 -72.1574
v 664.5305 -411.6606 -26.9353
v 641.1067 -376.8063 -25.5259
v 561.4086 -355.2639 -24.2647
v 478.5869 -372.0183 -29.0276
v 421.0770 -395.0325 -27.8496
v 423.7748 -427.8995 -28.3213
v 460.4451 -463.7593 -23.0662
v 557.2394 -458.6841 -28.2095
v 643.3912 -447.2748 -25.0359
v 619.5685 -411.6606 9.9383
v 591.2557 -393.3883 1.9093
v 547.7838 -385.8949 -2.0647
v 498.6777 -385.8129 4.4020
v 465.4736 -401.4382 4.4756
v 452.8825 -423.6997 13.8013
v 494.6668 -440.2624 9.9852
v 547.9690 -437.8425 -1.3228
v 600.3897 -432.9712 10.2081
v 536.3232 -411.6606 20.8476
v 536.3232 -411.6606 30.9385
v 536.3232 -411.6606 27.4098
v 536.3232 -411.6606 32.6550
v 536.3232 -411.6606 28.3263
v 536.3232 -411.6606 17.8061
v 536.3232 -411.6606 13.1775
v 536.3232 -411.6606 15.6621
v 536.3232 -411.6606 31.6142
v 529.4599 -251.6125 -156.2390
v 529.4599 -251.6125 -164.8719
v 529.4599 -251.6125 -176.7694
v 529.4599 -251.6125 -187.0697
v 529.4599 -251.6125 -173.0247
v 529.4599 -251.6125 -176.4482
v 529.4599 -251.6125 -186.6663
v 529.4599 -251.6125 -177.1951
v 529.4599 -251.6125 -151.0535
v 580.8083 -251.6125 -133.3936
v 568.9372 -228.6592 -133.7023
v 538.2584 -217.0362 -132.2638
v 504.2289 -221.3309 -131.9193
v 472.1015 -237.1466 -149.5100
v 470.6647 -266.4409 -152.0528
v 495.3257 -292.5796 -161.5318
v 540.0672 -293.2969 -149.5865
v 569.9264 -275.1410 -135.8496
v 639.4758 -251.6125 -91.1907
v 604.5799 -207.9355 -86.4979
v 548.4926 -176.8186 -91.0294
v 489.1029 -203.1771 -79.6872
v 422.6636 -224.6782 -92.6175
v 423.7824 -278.2647 -92.1501
v 478.8594 -312.3420 -87.7301
v 545.5106 -314.6882 -84.2878
v 615.7839 -301.8040 -92.2398
v 615.6468 -251.6125 -14.1642
v 592.5778 -214.9138 -15.6530
v 547.1106 -182.2494 -8.0949
v 482.7821 -195.5911 -11.3499
v 452.3232 -232.1585 -15.7737
v 441.4088 -273.8193 -11.2139
v 484.6543 -305.3871 -12.8199
v 543.5128 -306.8370 -16.2290
v 594.5689 -289.4689 -14.6326
v 582.7088 -251.6125 40.5542
v 582.9957 -220.4852 68.2222
v 538.6862 -215.3551 40.3608
v 502.9979 -219.8535 40.0137
v 472.4157 -237.2258 52.9540
v 471.7439 -266.1687 54.1429
v 499.8129 -287.1941 50.6072
v 539.3815 -290.6023 47.0196
v 571.9852 -276.3381 44.3193
v 529.4599 -251.6125 80.7190
v 529.4599 -251.6125 86.3551
v 529.4599 -251.6125 71.1672
v 529.4599 -251.6125 91.7010
v 529.4599 -251.6125 84.2832
v 529.4599 -251.6125 54.4187
v 529.4599 -251.6125 84.2637
v 529.4599 -251.6125 59.5186
v 529.4599 -251.6125 64.7089
v 589.2771 -191.6511 -169.5897
v 589.2771 -191.6511 -215.9937
v 589.2771 -191.6511 -171.0205
v 589.2771 -191.6511 -185.9734
v 589.2771 -191.6511 -188.2327
v 589.2771 -191.6511 -176.3864
v 589.2771 -191.6511 -195.1210
v 589.2771 -191.6511 -212.2396
v 589.2771 -191.6511 -201.5532
v 680.5335 -191.6511 -178.5235
v 648.4944 -172.7639 -158.5656
v 601.2461 -165.8495 -146.5857
v 542.0054 -160.5291 -183.2249
v 497.9634 -179.0180 -186.9875
v 516.9327 -201.6598 -158.1146
v 540.5796 -223.7118 -187.3036
v 602.4385 -220.0231 -156.4072
v 646.4801 -209.8959 -154.8048
v 743.7186 -191.6511 -100.1467
v 693.3560 -158.4554 -93.8745
v 610.8405 -145.1670 -89.9285
v 516.6582 -143.8414 -97.0391
v 461.0804 -173.9154 -94.0632
v 457.6164 -209.8660 -95.3079
v 523.7610 -234.7846 -92.2426
v 613.5802 -244.0412 -95.2557
v 679.6712 -220.4821 -87.8427
v 729.3318 -191.6511 -0.7110
v 681.7650 -162.1523 -7.2344
v 611.7113 -143.2898 -4.3783
v 525.2049 -149.4682 -4.7324
v 442.9831 -171.4116 4.5658
v 479.8435 -206.7910 -8.6787
v 511.8699 -242.6133 4.2727
v 609.9974 -236.3176 -7.7109
v 702.1450 -227.6500 1.7484
v 678.4772 -191.6511 79.5824
v 658.1263 -169.6918 80.5496
v 602.6415 -162.8415 62.0790
v 543.9906 -161.8361 81.5461
v 498.1157 -179.0391 90.7557
v 520.2395 -201.2023 57.0813
v 545.4618 -220.4975 77.3377
v 604.8900 -225.3078 80.5996
v 646.5534 -209.9192 58.9416
v 589.2771 -191.6511 99.6223
v 589.2771 -191.6511 101.2511
v 589.2771 -191.6511 107.8237
v 589.2771 -191.6511 79.4067
v 589.2771 -191.6511 89.6666
v 589.2771 -191.6511 77.4734
v 589.2771 -191.6511 72.2767
v 589.2771 -191.6511 75.9745
v 589.2771 -191.6511 112.8614
v 618.9949 -83.4266 -120.7403
v 618.9949 -83.4266 -119.9922
v 618.9949 -83.4266 -104.6615
v 618.9949 -83.4266 -109.9227
v 618.9949 -83.4266 -109.9853
v 618.9949 -83.4266 -107.2937
v 618.9949 -83.4266 -121.1089
v 618.9949 -83.4266 -108.2431
v 618.9949 -83.4266 -107.5369
v 706.9108 -83.4266 -100.7131
v 680.3878 -42.2111 -96.0524
v 635.3675 -9.1370 -104.5326
v 577.4220 -25.8165 -97.8529
v 534.4992 -58.8213 -101.9138
v 548.6643 -103.9070 -92.8755
v 576.2809 -142.6180 -99.2213
v 631.9903 -142.3922 -92.8715
v 684.0337 -127.0897 -98.9061
v 750.3817 -83.4266 -66.5969
v 743.0819 -0.1221 -70.9277
v 642.3480 22.5368 -67.0355
v 542.3574 22.7748 -69.6950
v 467.1155 -39.1990 -70.8771
v 491.3378 -120.6006 -67.2286
v 553.0222 -174.8490 -66.6759
v 641.5335 -185.6938 -66.3715
v 728.9545 -157.2468 -68.3174
v 747.4547 -83.4266 -29.8174
v 720.6581 -15.1761 -29.2156
v 646.0190 39.1934 -25.9723
v 541.3609 24.1557 -26.0229
v 470.1003 -40.0682 -25.5725
v 489.7396 -121.0660 -28.5307
v 556.5267 -169.9927 -30.3162
v 642.7676 -191.2936 -28.6225
v 718.6206 -150.3092 -29.5920
v 719.4130 -83.4266 12.2092
v 693.3321 -33.5211 10.1840
v 633.7159 -16.6310 2.8299
v 574.8792 -22.2927 4.9022
v 542.5142 -61.1553 0.7997
v 526.8131 -110.2701 10.8180
v 582.4067 -134.1291 -4.1246
v 635.0252 -156.1633 7.3509
v 683.0536 -126.4317 2.1389
v 618.9949 -83.4266 15.5907
v 618.9949 -83.4266 23.3734
v 618.9949 -83.4266 13.6151
v 618.9949 -83.4266 25.7480
v 618.9949 -83.4266 4.7960
v 618.9949 -83.4266 4.9243
v 618.9949 -83.4266 21.7589
v 618.9949 -83.4266 23.6936
v 618.9949 -83.4266 26.9040
vt 0.630617 -0.172312
vt 0.630617 -0.163059
vt 0.630617 -0.139921
vt 0.630617 -0.165547
vt 0.630617 -0.159664
vt 0.630617 -0.157965
vt 0.630617 -0.163101
vt 0.630617 -0.149381
vt 0.630617 -0.145072
vt 0.696337 -0.146896
vt 0.677456 -0.140010
vt 0.640446 -0.133172
vt 0.600114 -0.139804
vt 0.572290 -0.141403
vt 0.570463 -0.144330
vt 0.600571 -0.138428
vt 0.641792 -0.144838
vt 0.669415 -0.124215
vt 0.723223 -0.080897
vt 0.715100 -0.087177
vt 0.645709 -0.078873
vt 0.578300 -0.085170
vt 0.526703 -0.087283
vt 0.550038 -0.078462
vt 0.589636 -0.077116
vt 0.649250 -0.086117
vt 0.696955 -0.078763
vt 0.711510 -0.019264
vt 0.709221 -0.011549
vt 0.645949 -0.016634
vt 0.577403 -0.010193
vt 0.549308 -0.017262
vt 0.543698 -0.015142
vt 0.578271 -0.010810
vt 0.646782 -0.014931
vt 0.714409 -0.009143
vt 0.684665 0.033331
vt 0.674224 0.037660
vt 0.639982 0.033158
vt 0.605965 0.026192
vt 0.568117 0.052087
vt 0.578923 0.034782
vt 0.604547 0.030462
vt 0.642398 0.054090
vt 0.674749 0.038691
vt 0.630617 0.058088
vt 0.630617 0.069699
vt 0.630617 0.054588
vt 0.630617 0.052048
vt 0.630617 0.046424
vt 0.630617 0.067803
vt 0.630617 0.075860
vt 0.630617 0.046261
vt 0.630617 0.079987
vt 0.560335 -0.139264
vt 0.560335 -0.166621
vt 0.560335 -0.148209
vt 0.560335 -0.158873
vt 0.560335 -0.162860
vt 0.560335 -0.153699
vt 0.560335 -0.142515
vt 0.560335 -0.140440
vt 0.560335 -0.164965
vt 0.653213 -0.138186
vt 0.633411 -0.140629
vt 0.576912 -0.140699
vt 0.512922 -0.140076
vt 0.488485 -0.122244
vt 0.473789 -0.137430
vt 0.520633 -0.125102
vt 0.576187 -0.136641
vt 0.629097 -0.135161
vt 0.699308 -0.079856
vt 0.677171 -0.082961
vt 0.582258 -0.076940
vt 0.482300 -0.083775
vt 0.435189 -0.078528
vt 0.436975 -0.078092
vt 0.484935 -0.082567
vt 0.581244 -0.075602
vt 0.683621 -0.084891
vt 0.688848 -0.018542
vt 0.663058 -0.017262
vt 0.584975 -0.015473
vt 0.502799 -0.021623
vt 0.408899 -0.011059
vt 0.420208 -0.013818
vt 0.492920 -0.017094
vt 0.582678 -0.018506
vt 0.652345 -0.020468
vt 0.657225 0.046081
vt 0.634890 0.046504
vt 0.572981 0.022718
vt 0.516343 0.037432
vt 0.469904 0.045445
vt 0.468011 0.047400
vt 0.517919 0.034372
vt 0.576463 0.042184
vt 0.618133 0.025263
vt 0.560335 0.059611
vt 0.560335 0.039397
vt 0.560335 0.072908
vt 0.560335 0.057482
vt 0.560335 0.051424
vt 0.560335 0.063334
vt 0.560335 0.063386
vt 0.560335 0.047243
vt 0.560335 0.056751
vt 0.573548 -0.208315
vt 0.573548 -0.205782
vt 0.573548 -0.203460
vt 0.573548 -0.216518
vt 0.573548 -0.195481
vt 0.573548 -0.206514
vt 0.573548 -0.209575
vt 0.573548 -0.198339
vt 0.573548 -0.190328
vt 0.673801 -0.187061
vt 0.635200 -0.159635
vt 0.587161 -0.156735
vt 0.531288 -0.165241
vt 0.505122 -0.149006
vt 0.490113 -0.171162
vt 0.537312 -0.148528
vt 0.586128 -0.148484
vt 0.628860 -0.148155
vt 0.730468 -0.099384
vt 0.665108 -0.087138
vt 0.599501 -0.096939
vt 0.504455 -0.093249
vt 0.451782 -0.090432
vt 0.423440 -0.100308
vt 0.503230 -0.094052
vt 0.596476 -0.091235
vt 0.661765 -0.085709
vt 0.699746 -0.006676
vt 0.666909 -0.008092
vt 0.599084 0.000153
vt 0.508480 -0.005386
vt 0.449268 -0.004692
vt 0.429269 0.002277
vt 0.506851 -0.004319
vt 0.593569 -0.010246
vt 0.670408 -0.006596
vt 0.649642 0.057551
vt 0.637091 0.067060
vt 0.590759 0.089479
vt 0.523514 0.090805
vt 0.479633 0.090631
vt 0.490977 0.073887
vt 0.530169 0.072344
vt 0.589538 0.079723
vt 0.646025 0.083236
vt 0.573548 0.086205
vt 0.573548 0.092016
vt 0.573548 0.104297
vt 0.573548 0.095107
vt 0.573548 0.121650
vt 0.573548 0.105979
vt 0.573548 0.124237
vt 0.573548 0.116608
vt 0.573548 0.081287
vt 0.399145 -0.119814
vt 0.399145 -0.103757
vt 0.399145 -0.120876
vt 0.399145 -0.114125
vt 0.399145 -0.104657
vt 0.399145 -0.100403
vt 0.399145 -0.114881
vt 0.399145 -0.106469
vt 0.399145 -0.109287
vt 0.437618 -0.091876
vt 0.438109 -0.106007
vt 0.406843 -0.098560
vt 0.378179 -0.095820
vt 0.362837 -0.092063
vt 0.362352 -0.092652
vt 0.380535 -0.090447
vt 0.407576 -0.103374
vt 0.431584 -0.096294
vt 0.472298 -0.067694
vt 0.445209 -0.064189
vt 0.410088 -0.064966
vt 0.359520 -0.069336
vt 0.326613 -0.068780
vt 0.326897 -0.068699
vt 0.357699 -0.070316
vt 0.411275 -0.066806
vt 0.457335 -0.068450
vt 0.463135 -0.030773
vt 0.453744 -0.028812
vt 0.409527 -0.031903
vt 0.360914 -0.027415
vt 0.331045 -0.028489
vt 0.343644 -0.032099
vt 0.360602 -0.027247
vt 0.413607 -0.025578
vt 0.451455 -0.029616
vt 0.437951 -0.003744
vt 0.427972 -0.005085
vt 0.407457 0.006587
vt 0.377286 0.001857
vt 0.357099 0.003027
vt 0.362797 -0.003887
vt 0.375060 0.006935
vt 0.407785 0.008743
vt 0.435713 0.006440
vt 0.399145 0.009362
vt 0.399145 0.017419
vt 0.399145 0.005132
vt 0.399145 0.010794
vt 0.399145 0.020496
vt 0.399145 0.018730
vt 0.399145 0.024104
vt 0.399145 0.017783
vt 0.399145 0.004533
vt 0.319744 -0.166396
vt 0.319744 -0.192748
vt 0.319744 -0.195287
vt 0.319744 -0.197898
vt 0.319744 -0.186088
vt 0.319744 -0.194332
vt 0.319744 -0.197408
vt 0.319744 -0.198515
vt 0.319744 -0.163104
vt 0.391128 -0.170914
vt 0.371127 -0.163495
vt 0.330128 -0.150960
vt 0.288239 -0.156498
vt 0.269737 -0.139632
vt 0.265056 -0.148210
vt 0.287664 -0.158476
vt 0.330470 -0.154349
vt 0.361937 -0.142839
vt 0.409261 -0.084387
vt 0.409416 -0.095582
vt 0.336070 -0.086216
vt 0.264654 -0.092786
vt 0.241269 -0.081946
vt 0.209489 -0.095693
vt 0.264179 -0.093172
vt 0.338003 -0.090741
vt 0.386790 -0.083576
vt 0.435595 -0.000909
vt 0.398330 -0.006301
vt 0.338417 -0.004291
vt 0.262431 -0.001406
vt 0.224526 -0.006812
vt 0.224407 -0.006760
vt 0.276732 -0.013033
vt 0.335739 -0.010559
vt 0.395275 -0.007922
vt 0.387948 0.069438
vt 0.370076 0.065133
vt 0.330936 0.062978
vt 0.285748 0.069076
vt 0.254576 0.071414
vt 0.256763 0.067406
vt 0.287034 0.064646
vt 0.329710 0.050820
vt 0.373942 0.073822
vt 0.319744 0.091019
vt 0.319744 0.088500
vt 0.319744 0.070652
vt 0.319744 0.087992
vt 0.319744 0.065188
vt 0.319744 0.091236
vt 0.319744 0.103726
vt 0.319744 0.085554
vt 0.319744 0.075684
vt 0.384049 -0.101522
vt 0.384049 -0.103773
vt 0.384049 -0.105484
vt 0.384049 -0.110376
vt 0.384049 -0.113380
vt 0.384049 -0.099921
vt 0.384049 -0.102278
vt 0.384049 -0.115142
vt 0.384049 -0.101765
vt 0.444108 -0.090697
vt 0.448005 -0.107354
vt 0.396767 -0.100065
vt 0.350821 -0.095245
vt 0.313014 -0.101741
vt 0.323545 -0.093774
vt 0.353334 -0.091673
vt 0.395405 -0.094491
vt 0.439985 -0.099911
vt 0.479677 -0.064049
vt 0.460848 -0.064825
vt 0.403747 -0.067038
vt 0.336162 -0.064073
vt 0.288499 -0.065065
vt 0.268502 -0.068636
vt 0.332356 -0.065351
vt 0.402902 -0.066221
vt 0.470854 -0.067017
vt 0.508467 -0.027120
vt 0.478805 -0.027241
vt 0.401508 -0.031127
vt 0.332693 -0.030762
vt 0.266989 -0.027093
vt 0.291296 -0.031435
vt 0.328830 -0.029466
vt 0.405546 -0.027224
vt 0.458360 -0.031720
vt 0.454273 0.001923
vt 0.441913 0.005700
vt 0.397723 0.007982
vt 0.353284 -0.004257
vt 0.308577 0.009098
vt 0.314856 0.004348
vt 0.354413 -0.005862
vt 0.397871 0.008588
vt 0.446031 0.009521
vt 0.384049 0.024749
vt 0.384049 0.021734
vt 0.384049 0.011784
vt 0.384049 0.025382
vt 0.384049 0.013088
vt 0.384049 0.009417
vt 0.384049 0.010949
vt 0.384049 0.015040
vt 0.384049 0.012841
vt 0.256176 -0.154746
vt 0.256176 -0.134293
vt 0.256176 -0.163890
vt 0.256176 -0.144592
vt 0.256176 -0.153541
vt 0.256176 -0.154582
vt 0.256176 -0.163319
vt 0.256176 -0.139848
vt 0.256176 -0.129663
vt 0.328724 -0.142317
vt 0.299467 -0.121470
vt 0.265881 -0.120662
vt 0.227192 -0.123361
vt 0.194018 -0.133996
vt 0.201011 -0.124320
vt 0.221427 -0.138351
vt 0.265442 -0.117374
vt 0.308698 -0.137135
vt 0.356947 -0.078927
vt 0.328042 -0.076792
vt 0.273073 -0.077863
vt 0.202852 -0.080730
vt 0.153597 -0.081502
vt 0.151181 -0.082291
vt 0.205685 -0.078991
vt 0.272811 -0.077401
vt 0.333761 -0.079083
vt 0.357254 -0.016979
vt 0.339557 -0.014595
vt 0.272684 -0.018823
vt 0.205104 -0.016652
vt 0.155333 -0.015065
vt 0.156939 -0.015589
vt 0.206330 -0.017405
vt 0.273469 -0.017437
vt 0.320765 -0.022123
vt 0.310084 0.022083
vt 0.305510 0.035725
vt 0.266399 0.028540
vt 0.222970 0.038338
vt 0.198585 0.031677
vt 0.205751 0.021762
vt 0.225497 0.031769
vt 0.267967 0.040278
vt 0.305968 0.036503
vt 0.256176 0.063626
vt 0.256176 0.059692
vt 0.256176 0.067346
vt 0.256176 0.047516
vt 0.256176 0.048906
vt 0.256176 0.052947
vt 0.256176 0.062172
vt 0.256176 0.050052
vt 0.256176 0.047305
vt 0.301111 -0.135567
vt 0.301111 -0.133447
vt 0.301111 -0.139868
vt 0.301111 -0.134184
vt 0.301111 -0.138954
vt 0.301111 -0.126521
vt 0.301111 -0.123542
vt 0.301111 -0.120363
vt 0.301111 -0.139041
vt 0.355787 -0.106621
vt 0.351340 -0.118301
vt 0.313181 -0.122527
vt 0.265537 -0.124281
vt 0.250233 -0.106049
vt 0.237650 -0.120406
vt 0.264938 -0.125565
vt 0.310836 -0.108049
vt 0.343496 -0.107323
vt 0.394230 -0.071569
vt 0.368668 -0.070321
vt 0.320317 -0.075994
vt 0.254023 -0.071836
vt 0.200091 -0.075209
vt 0.213087 -0.071709
vt 0.252125 -0.072797
vt 0.320248 -0.075894
vt 0.392534 -0.078206
vt 0.406580 -0.021306
vt 0.382871 -0.020986
vt 0.320335 -0.019980
vt 0.253309 -0.023803
vt 0.185638 -0.016898
vt 0.199562 -0.020649
vt 0.243088 -0.018629
vt 0.320291 -0.020045
vt 0.391249 -0.018218
vt 0.376160 0.032465
vt 0.349567 0.019820
vt 0.313633 0.029318
vt 0.269271 0.020274
vt 0.244388 0.016719
vt 0.240548 0.021099
vt 0.274113 0.009891
vt 0.311849 0.018302
vt 0.356848 0.030009
vt 0.301111 0.024987
vt 0.301111 0.036526
vt 0.301111 0.031206
vt 0.301111 0.026027
vt 0.301111 0.026075
vt 0.301111 0.025325
vt 0.301111 0.048306
vt 0.301111 0.039537
vt 0.301111 0.028378
vt 0.149908 -0.116514
vt 0.149908 -0.122557
vt 0.149908 -0.122099
vt 0.149908 -0.111637
vt 0.149908 -0.106473
vt 0.149908 -0.105220
vt 0.149908 -0.128274
vt 0.149908 -0.113812
vt 0.149908 -0.125341
vt 0.204187 -0.108925
vt 0.181547 -0.094359
vt 0.156986 -0.093749
vt 0.123165 -0.108037
vt 0.109591 -0.096158
vt 0.095568 -0.112909
vt 0.128137 -0.096876
vt 0.157866 -0.099435
vt 0.191651 -0.109165
vt 0.226018 -0.068167
vt 0.200470 -0.065490
vt 0.163430 -0.068633
vt 0.112363 -0.067897
vt 0.085828 -0.066070
vt 0.075738 -0.068915
vt 0.107027 -0.070725
vt 0.165720 -0.072127
vt 0.201350 -0.065794
vt 0.230271 -0.026706
vt 0.202021 -0.029974
vt 0.163409 -0.027398
vt 0.115084 -0.029545
vt 0.080545 -0.028441
vt 0.071134 -0.025787
vt 0.103869 -0.023601
vt 0.164732 -0.025380
vt 0.209522 -0.027380
vt 0.197739 0.005688
vt 0.186590 0.005748
vt 0.158150 0.005271
vt 0.126446 0.004671
vt 0.098941 0.012880
vt 0.106325 0.004060
vt 0.124606 0.008801
vt 0.159180 0.011934
vt 0.188444 0.008464
vt 0.149908 0.031357
vt 0.149908 0.019383
vt 0.149908 0.029595
vt 0.149908 0.008316
vt 0.149908 0.029794
vt 0.149908 0.024792
vt 0.149908 0.031123
vt 0.149908 0.010838
vt 0.149908 0.020022
vt 0.089204 -0.148339
vt 0.089204 -0.126575
vt 0.089204 -0.122153
vt 0.089204 -0.135764
vt 0.089204 -0.140112
vt 0.089204 -0.144787
vt 0.089204 -0.141660
vt 0.089204 -0.131461
vt 0.089204 -0.121807
vt 0.136874 -0.131985
vt 0.116066 -0.109780
vt 0.096221 -0.119201
vt 0.065952 -0.129928
vt 0.049554 -0.122336
vt 0.045569 -0.129808
vt 0.071619 -0.109960
vt 0.097085 -0.127961
vt 0.115210 -0.107811
vt 0.166098 -0.079980
vt 0.140040 -0.075600
vt 0.099936 -0.073706
vt 0.051069 -0.079720
vt 0.032409 -0.073137
vt 0.037592 -0.070843
vt 0.057848 -0.074081
vt 0.102480 -0.079798
vt 0.133164 -0.071867
vt 0.152512 -0.021670
vt 0.135478 -0.022877
vt 0.099634 -0.023018
vt 0.052842 -0.017755
vt 0.028619 -0.021186
vt 0.024794 -0.019493
vt 0.050166 -0.015529
vt 0.099671 -0.022930
vt 0.143437 -0.018556
vt 0.134234 0.031333
vt 0.124434 0.033024
vt 0.096263 0.023626
vt 0.065265 0.036349
vt 0.044124 0.036516
vt 0.047820 0.029587
vt 0.070160 0.019102
vt 0.095797 0.018898
vt 0.124331 0.032787
vt 0.089204 0.049388
vt 0.089204 0.056608
vt 0.089204 0.028086
vt 0.089204 0.049619
vt 0.089204 0.030415
vt 0.089204 0.057535
vt 0.089204 0.026605
vt 0.089204 0.030791
vt 0.089204 0.045033
vt 0.001612 -0.105404
vt 0.001612 -0.122713
vt 0.001612 -0.120033
vt 0.001612 -0.109528
vt 0.001612 -0.105497
vt 0.001612 -0.118082
vt 0.001612 -0.120134
vt 0.001612 -0.103680
vt 0.001612 -0.125376
vt 0.080245 -0.108580
vt 0.047514 -0.094164
vt 0.015864 -0.111232
vt -0.031590 -0.099158
vt -0.067189 -0.104407
vt -0.069933 -0.106657
vt -0.039182 -0.110856
vt 0.013381 -0.100217
vt 0.053737 -0.100423
vt 0.101113 -0.066096
vt 0.095140 -0.070205
vt 0.018459 -0.065645
vt -0.061390 -0.070916
vt -0.115418 -0.070650
vt -0.108569 -0.069325
vt -0.056200 -0.069029
vt 0.020864 -0.068164
vt 0.074053 -0.065199
vt 0.137524 -0.023282
vt 0.087753 -0.027549
vt 0.021778 -0.026878
vt -0.048883 -0.029633
vt -0.124507 -0.023591
vt -0.107410 -0.026900
vt -0.061686 -0.024976
vt 0.022197 -0.026440
vt 0.081533 -0.029025
vt 0.078662 0.011361
vt 0.062765 0.013502
vt 0.015349 0.012948
vt -0.031843 0.003548
vt -0.053476 -0.002836
vt -0.073964 0.013961
vt -0.033657 0.006343
vt 0.014275 0.008180
vt 0.057064 0.007769
vt 0.001612 0.023189
vt 0.001612 0.020976
vt 0.001612 0.016620
vt 0.001612 0.027781
vt 0.001612 0.018248
vt 0.001612 0.009099
vt 0.001612 0.019753
vt 0.001612 0.019072
vt 0.001612 0.030612
vt -0.087800 -0.175190
vt -0.087800 -0.174886
vt -0.087800 -0.188653
vt -0.087800 -0.189221
vt -0.087800 -0.205290
vt -0.087800 -0.199865
vt -0.087800 -0.191523
vt -0.087800 -0.199617
vt -0.087800 -0.191063
vt -0.043716 -0.140814
vt -0.050724 -0.149901
vt -0.077702 -0.170434
vt -0.109759 -0.140469
vt -0.137257 -0.158812
vt -0.137745 -0.159905
vt -0.116967 -0.170820
vt -0.078046 -0.166263
vt -0.044923 -0.165845
vt -0.001024 -0.091130
vt -0.027086 -0.087392
vt -0.071749 -0.093942
vt -0.129518 -0.089470
vt -0.156873 -0.084535
vt -0.164540 -0.088590
vt -0.129200 -0.089154
vt -0.072804 -0.090921
vt -0.021989 -0.090700
vt -0.002831 -0.005768
vt -0.033247 -0.012605
vt -0.071988 -0.002743
vt -0.131714 -0.004347
vt -0.177601 -0.000502
vt -0.167626 -0.005778
vt -0.124316 -0.011701
vt -0.070253 0.002221
vt -0.023208 -0.006092
vt -0.027368 0.079235
vt -0.042628 0.076151
vt -0.079533 0.052234
vt -0.116261 0.071847
vt -0.142824 0.075286
vt -0.144175 0.078313
vt -0.112864 0.057545
vt -0.078639 0.063066
vt -0.041035 0.080531
vt -0.087800 0.095816
vt -0.087800 0.092652
vt -0.087800 0.075947
vt -0.087800 0.114223
vt -0.087800 0.114375
vt -0.087800 0.115233
vt -0.087800 0.076348
vt -0.087800 0.067957
vt -0.087800 0.067267
vt -0.168525 -0.141873
vt -0.168525 -0.146742
vt -0.168525 -0.164954
vt -0.168525 -0.160673
vt -0.168525 -0.178616
vt -0.168525 -0.142657
vt -0.168525 -0.161079
vt -0.168525 -0.168516
vt -0.168525 -0.154855
vt -0.107288 -0.147321
vt -0.130012 -0.129542
vt -0.159686 -0.130557
vt -0.192780 -0.126680
vt -0.223621 -0.143098
vt -0.217309 -0.132203
vt -0.195620 -0.135893
vt -0.157055 -0.155126
vt -0.126309 -0.137382
vt -0.084996 -0.079982
vt -0.105999 -0.079252
vt -0.152265 -0.083851
vt -0.216585 -0.084803
vt -0.259324 -0.084997
vt -0.259134 -0.084920
vt -0.208049 -0.078266
vt -0.152262 -0.083859
vt -0.097595 -0.083452
vt -0.067023 -0.009137
vt -0.097457 -0.012479
vt -0.155508 -0.019298
vt -0.215145 -0.012299
vt -0.265759 -0.008381
vt -0.244812 -0.016916
vt -0.211565 -0.015041
vt -0.150727 -0.008758
vt -0.106052 -0.016775
vt -0.108718 0.049001
vt -0.121356 0.051870
vt -0.158266 0.047816
vt -0.193215 0.032091
vt -0.214219 0.030869
vt -0.225222 0.049860
vt -0.192028 0.028242
vt -0.159617 0.035203
vt -0.122879 0.048644
vt -0.168525 0.077900
vt -0.168525 0.061301
vt -0.168525 0.073207
vt -0.168525 0.044520
vt -0.168525 0.070821
vt -0.168525 0.062844
vt -0.168525 0.076722
vt -0.168525 0.075810
vt -0.168525 0.081134
vt -0.217641 -0.158223
vt -0.217641 -0.163699
vt -0.217641 -0.156128
vt -0.217641 -0.173763
vt -0.217641 -0.178447
vt -0.217641 -0.144442
vt -0.217641 -0.147533
vt -0.217641 -0.180168
vt -0.217641 -0.164846
vt -0.140842 -0.143001
vt -0.159850 -0.141321
vt -0.204581 -0.141031
vt -0.251296 -0.131265
vt -0.291882 -0.145732
vt -0.285214 -0.136954
vt -0.256555 -0.144275
vt -0.205600 -0.133774
vt -0.169019 -0.126515
vt -0.099212 -0.082583
vt -0.121134 -0.084789
vt -0.193820 -0.088058
vt -0.285746 -0.087776
vt -0.325768 -0.081602
vt -0.320149 -0.079856
vt -0.277825 -0.083150
vt -0.197662 -0.081597
vt -0.132538 -0.080442
vt -0.115449 -0.018158
vt -0.115825 -0.009187
vt -0.199243 -0.017061
vt -0.282348 -0.010208
vt -0.324512 -0.014789
vt -0.331926 -0.012485
vt -0.288411 -0.006667
vt -0.198496 -0.015804
vt -0.119871 -0.010730
vt -0.140533 0.047384
vt -0.148997 0.062846
vt -0.203274 0.054347
vt -0.253997 0.041946
vt -0.293828 0.052293
vt -0.298704 0.058712
vt -0.257518 0.050658
vt -0.206724 0.029766
vt -0.165001 0.037003
vt -0.217641 0.064207
vt -0.217641 0.085535
vt -0.217641 0.071688
vt -0.217641 0.073618
vt -0.217641 0.076639
vt -0.217641 0.086401
vt -0.217641 0.065796
vt -0.217641 0.086920
vt -0.217641 0.083109
vt -0.289313 -0.184441
vt -0.289313 -0.155092
vt -0.289313 -0.169242
vt -0.289313 -0.161254
vt -0.289313 -0.173385
vt -0.289313 -0.160130
vt -0.289313 -0.180462
vt -0.289313 -0.199465
vt -0.289313 -0.189010
vt -0.249626 -0.143258
vt -0.252169 -0.164384
vt -0.282395 -0.143619
vt -0.310236 -0.148442
vt -0.323688 -0.135803
vt -0.328602 -0.148355
vt -0.313653 -0.164844
vt -0.281250 -0.159452
vt -0.260414 -0.138551
vt -0.225242 -0.084304
vt -0.231947 -0.090432
vt -0.275739 -0.092293
vt -0.330819 -0.095036
vt -0.358542 -0.089744
vt -0.349807 -0.084477
vt -0.323216 -0.086421
vt -0.279239 -0.080871
vt -0.231853 -0.090502
vt -0.216003 -0.006461
vt -0.229267 -0.003585
vt -0.278477 -0.012642
vt -0.318188 -0.015278
vt -0.344573 -0.014679
vt -0.362004 -0.004168
vt -0.329439 -0.002528
vt -0.278832 -0.013800
vt -0.238852 -0.010675
vt -0.245487 0.057193
vt -0.255664 0.057432
vt -0.282169 0.050754
vt -0.307969 0.041558
vt -0.326741 0.047602
vt -0.328285 0.051547
vt -0.307915 0.041301
vt -0.281108 0.065417
vt -0.260155 0.043361
vt -0.289313 0.097530
vt -0.289313 0.062522
vt -0.289313 0.075905
vt -0.289313 0.090501
vt -0.289313 0.100717
vt -0.289313 0.099839
vt -0.289313 0.060429
vt -0.289313 0.099619
vt -0.289313 0.057905
vt -0.302134 -0.171707
vt -0.302134 -0.164984
vt -0.302134 -0.180672
vt -0.302134 -0.166494
vt -0.302134 -0.164989
vt -0.302134 -0.170662
vt -0.302134 -0.162055
vt -0.302134 -0.153350
vt -0.302134 -0.190762
vt -0.235657 -0.161877
vt -0.258273 -0.146081
vt -0.291241 -0.155461
vt -0.326721 -0.132235
vt -0.356681 -0.147437
vt -0.350524 -0.136212
vt -0.335666 -0.162882
vt -0.291671 -0.151221
vt -0.253269 -0.157272
vt -0.220183 -0.081140
vt -0.225719 -0.088339
vt -0.286501 -0.084405
vt -0.351872 -0.088227
vt -0.379333 -0.081222
vt -0.380444 -0.081700
vt -0.349152 -0.086027
vt -0.284057 -0.090097
vt -0.240012 -0.080794
vt -0.215589 -0.013002
vt -0.239501 -0.014936
vt -0.283706 -0.005085
vt -0.342958 -0.014982
vt -0.403432 -0.004407
vt -0.388800 -0.010704
vt -0.354259 -0.005842
vt -0.283229 -0.003975
vt -0.241396 -0.015937
vt -0.252328 0.037318
vt -0.262461 0.040716
vt -0.291347 0.058414
vt -0.326731 0.036271
vt -0.348108 0.035809
vt -0.361080 0.059456
vt -0.330944 0.050706
vt -0.293934 0.032889
vt -0.252562 0.062852
vt -0.302134 0.064373
vt -0.302134 0.060185
vt -0.302134 0.065984
vt -0.302134 0.065399
vt -0.302134 0.056461
vt -0.302134 0.083854
vt -0.302134 0.089462
vt -0.302134 0.069641
vt -0.302134 0.055243
vt -0.474157 -0.130159
vt -0.474157 -0.114305
vt -0.474157 -0.114328
vt -0.474157 -0.120919
vt -0.474157 -0.115537
vt -0.474157 -0.127697
vt -0.474157 -0.121369
vt -0.474157 -0.109997
vt -0.474157 -0.122963
vt -0.413714 -0.100698
vt -0.414137 -0.116311
vt -0.461113 -0.113493
vt -0.510387 -0.111174
vt -0.529562 -0.099405
vt -0.534916 -0.104373
vt -0.510176 -0.110807
vt -0.462610 -0.105975
vt -0.415109 -0.115205
vt -0.341908 -0.075219
vt -0.376639 -0.074201
vt -0.457971 -0.067185
vt -0.540171 -0.075174
vt -0.564483 -0.067784
vt -0.569636 -0.068913
vt -0.528976 -0.070566
vt -0.457875 -0.067299
vt -0.373248 -0.075112
vt -0.341263 -0.020648
vt -0.392268 -0.025998
vt -0.451076 -0.020642
vt -0.525929 -0.026689
vt -0.565683 -0.027953
vt -0.579771 -0.024868
vt -0.523925 -0.027514
vt -0.455871 -0.026327
vt -0.398672 -0.027719
vt -0.411408 0.006708
vt -0.417617 0.016350
vt -0.462809 0.008976
vt -0.513692 0.020938
vt -0.545551 0.018241
vt -0.544806 0.017549
vt -0.504923 0.005648
vt -0.462941 0.008312
vt -0.427001 0.005670
vt -0.474157 0.030654
vt -0.474157 0.023334
vt -0.474157 0.020710
vt -0.474157 0.016845
vt -0.474157 0.029924
vt -0.474157 0.039190
vt -0.474157 0.026911
vt -0.474157 0.031154
vt -0.474157 0.018198
vt -0.463461 -0.127743
vt -0.463461 -0.111530
vt -0.463461 -0.129591
vt -0.463461 -0.116411
vt -0.463461 -0.108787
vt -0.463461 -0.123675
vt -0.463461 -0.119404
vt -0.463461 -0.116440
vt -0.463461 -0.109182
vt -0.379682 -0.107759
vt -0.403158 -0.104150
vt -0.447817 -0.112260
vt -0.502076 -0.103088
vt -0.548551 -0.112589
vt -0.526031 -0.095495
vt -0.496319 -0.094875
vt -0.450495 -0.101261
vt -0.413409 -0.094605
vt -0.345818 -0.067809
vt -0.371848 -0.068138
vt -0.439107 -0.071616
vt -0.530836 -0.070690
vt -0.568409 -0.066806
vt -0.602283 -0.072876
vt -0.530963 -0.070733
vt -0.440326 -0.070434
vt -0.370700 -0.068390
vt -0.338636 -0.026981
vt -0.349567 -0.022965
vt -0.441849 -0.027043
vt -0.527144 -0.026553
vt -0.584493 -0.026312
vt -0.569825 -0.028940
vt -0.518260 -0.029545
vt -0.444477 -0.029591
vt -0.373369 -0.028197
vt -0.385398 0.007682
vt -0.404818 0.006604
vt -0.449802 0.008105
vt -0.497520 0.000588
vt -0.537790 0.008421
vt -0.542889 0.012292
vt -0.507660 0.015054
vt -0.451600 0.000719
vt -0.411379 0.000495
vt -0.463461 0.031931
vt -0.463461 0.023195
vt -0.463461 0.011566
vt -0.463461 0.028153
vt -0.463461 0.029414
vt -0.463461 0.010910
vt -0.463461 0.016813
vt -0.463461 0.023173
vt -0.463461 0.029115
vt -0.559260 -0.189735
vt -0.559260 -0.196291
vt -0.559260 -0.173715
vt -0.559260 -0.190833
vt -0.559260 -0.157406
vt -0.559260 -0.172289
vt -0.559260 -0.187848
vt -0.559260 -0.163872
vt -0.559260 -0.198540
vt -0.511310 -0.144350
vt -0.515542 -0.162676
vt -0.551500 -0.137796
vt -0.589659 -0.170170
vt -0.600119 -0.135372
vt -0.599844 -0.134784
vt -0.581243 -0.136348
vt -0.550036 -0.154738
vt -0.520665 -0.149237
vt -0.487925 -0.081838
vt -0.501553 -0.083734
vt -0.544162 -0.089241
vt -0.596213 -0.083058
vt -0.630872 -0.084150
vt -0.649475 -0.093541
vt -0.599960 -0.086614
vt -0.546359 -0.083241
vt -0.487425 -0.092482
vt -0.477236 -0.009092
vt -0.491169 -0.005837
vt -0.546796 -0.013954
vt -0.607159 -0.002557
vt -0.627775 -0.013413
vt -0.634439 -0.010050
vt -0.598769 -0.010517
vt -0.543073 -0.003782
vt -0.484598 -0.001767
vt -0.511835 0.047296
vt -0.524715 0.042614
vt -0.549616 0.063594
vt -0.589736 0.074480
vt -0.605216 0.050272
vt -0.599914 0.038935
vt -0.584909 0.055080
vt -0.549907 0.060221
vt -0.526240 0.038615
vt -0.559260 0.058618
vt -0.559260 0.079012
vt -0.559260 0.063925
vt -0.559260 0.084527
vt -0.559260 0.078945
vt -0.559260 0.080179
vt -0.559260 0.075764
vt -0.559260 0.089454
vt -0.559260 0.090544
vt -0.478631 -0.177545
vt -0.478631 -0.168112
vt -0.478631 -0.148508
vt -0.478631 -0.174414
vt -0.478631 -0.176759
vt -0.478631 -0.144496
vt -0.478631 -0.169666
vt -0.478631 -0.155017
vt -0.478631 -0.162600
vt -0.415179 -0.133879
vt -0.419870 -0.151818
vt -0.468606 -0.126138
vt -0.509640 -0.131938
vt -0.543307 -0.141154
vt -0.544142 -0.142357
vt -0.515516 -0.147844
vt -0.466115 -0.145548
vt -0.428049 -0.137369
vt -0.375029 -0.081102
vt -0.391052 -0.084528
vt -0.459094 -0.083946
vt -0.540689 -0.087656
vt -0.590349 -0.085986
vt -0.600206 -0.089337
vt -0.534905 -0.083960
vt -0.459737 -0.082764
vt -0.399419 -0.081038
vt -0.382529 -0.017295
vt -0.392570 -0.012105
vt -0.455980 -0.006323
vt -0.528058 -0.016415
vt -0.597325 -0.007642
vt -0.601936 -0.006075
vt -0.530161 -0.015071
vt -0.459879 -0.013496
vt -0.399075 -0.014818
vt -0.399629 0.058925
vt -0.429938 0.038031
vt -0.467973 0.035071
vt -0.519527 0.062702
vt -0.544797 0.047300
vt -0.539534 0.039720
vt -0.509417 0.035337
vt -0.465510 0.054266
vt -0.425483 0.045901
vt -0.478631 0.081177
vt -0.478631 0.053720
vt -0.478631 0.061269
vt -0.478631 0.062560
vt -0.478631 0.057793
vt -0.478631 0.072769
vt -0.478631 0.079429
vt -0.478631 0.068275
vt -0.478631 0.082091
vt -0.462643 -0.142329
vt -0.462643 -0.138407
vt -0.462643 -0.144531
vt -0.462643 -0.138145
vt -0.462643 -0.120957
vt -0.462643 -0.133162
vt -0.462643 -0.145904
vt -0.462643 -0.145758
vt -0.462643 -0.137962
vt -0.397334 -0.106810
vt -0.400015 -0.121621
vt -0.449284 -0.117277
vt -0.503490 -0.121565
vt -0.527490 -0.110143
vt -0.538976 -0.121149
vt -0.505016 -0.124314
vt -0.451113 -0.107790
vt -0.400512 -0.121037
vt -0.333427 -0.075469
vt -0.371699 -0.073237
vt -0.444497 -0.070214
vt -0.522610 -0.073495
vt -0.573068 -0.072981
vt -0.600375 -0.079158
vt -0.531644 -0.077336
vt -0.439709 -0.076075
vt -0.378163 -0.071444
vt -0.346552 -0.023321
vt -0.350819 -0.016968
vt -0.440306 -0.020655
vt -0.528468 -0.020014
vt -0.594410 -0.018191
vt -0.575930 -0.022372
vt -0.534937 -0.017264
vt -0.438484 -0.018425
vt -0.352777 -0.017512
vt -0.378470 0.027798
vt -0.400013 0.025623
vt -0.447210 0.032030
vt -0.503055 0.024781
vt -0.534236 0.020608
vt -0.524745 0.011512
vt -0.506417 0.030838
vt -0.447346 0.031328
vt -0.413893 0.009307
vt -0.462643 0.023318
vt -0.462643 0.048152
vt -0.462643 0.038592
vt -0.462643 0.028222
vt -0.462643 0.046154
vt -0.462643 0.028089
vt -0.462643 0.039821
vt -0.462643 0.030789
vt -0.462643 0.037934
vt -0.528521 -0.168060
vt -0.528521 -0.180706
vt -0.528521 -0.196985
vt -0.528521 -0.191295
vt -0.528521 -0.189092
vt -0.528521 -0.157408
vt -0.528521 -0.194046
vt -0.528521 -0.187286
vt -0.528521 -0.164458
vt -0.474182 -0.165562
vt -0.493058 -0.148157
vt -0.519512 -0.160250
vt -0.552700 -0.152620
vt -0.578534 -0.163148
vt -0.580959 -0.168729
vt -0.550925 -0.144940
vt -0.518509 -0.172744
vt -0.488550 -0.160889
vt -0.435257 -0.095633
vt -0.473898 -0.084418
vt -0.516900 -0.082180
vt -0.565745 -0.086023
vt -0.600607 -0.087179
vt -0.601279 -0.087545
vt -0.567072 -0.087379
vt -0.516644 -0.082933
vt -0.464485 -0.090694
vt -0.458825 -0.012404
vt -0.459993 -0.002311
vt -0.514274 -0.006095
vt -0.563089 -0.012690
vt -0.611508 -0.002896
vt -0.608403 -0.004584
vt -0.572227 -0.003356
vt -0.512735 -0.001568
vt -0.460988 -0.002975
vt -0.480485 0.055927
vt -0.495133 0.046296
vt -0.520323 0.054147
vt -0.557680 0.078170
vt -0.582949 0.077312
vt -0.570457 0.048550
vt -0.555594 0.069142
vt -0.521198 0.043240
vt -0.491548 0.056423
vt -0.528521 0.104874
vt -0.528521 0.079403
vt -0.528521 0.086289
vt -0.528521 0.061345
vt -0.528521 0.088543
vt -0.528521 0.100831
vt -0.528521 0.091021
vt -0.528521 0.081190
vt -0.528521 0.107438
vt -0.388927 -0.127082
vt -0.388927 -0.130643
vt -0.388927 -0.134886
vt -0.388927 -0.128334
vt -0.388927 -0.142204
vt -0.388927 -0.151740
vt -0.388927 -0.149523
vt -0.388927 -0.152053
vt -0.388927 -0.146940
vt -0.327507 -0.115964
vt -0.344371 -0.112361
vt -0.379348 -0.109035
vt -0.419557 -0.115788
vt -0.440857 -0.109152
vt -0.453542 -0.124089
vt -0.424590 -0.126927
vt -0.376685 -0.126008
vt -0.342787 -0.114650
vt -0.282709 -0.075747
vt -0.318427 -0.072041
vt -0.372213 -0.073142
vt -0.450337 -0.080084
vt -0.486098 -0.075012
vt -0.475289 -0.072008
vt -0.443764 -0.076649
vt -0.369103 -0.077821
vt -0.296343 -0.079571
vt -0.264321 -0.015450
vt -0.298651 -0.017216
vt -0.372938 -0.023948
vt -0.440938 -0.020827
vt -0.489386 -0.020073
vt -0.471774 -0.024969
vt -0.449282 -0.016468
vt -0.370611 -0.020447
vt -0.298562 -0.017186
vt -0.333856 0.012938
vt -0.336385 0.027896
vt -0.378691 0.017228
vt -0.421165 0.023348
vt -0.443068 0.015755
vt -0.446026 0.019239
vt -0.426409 0.034952
vt -0.375714 0.036198
vt -0.337571 0.026184
vt -0.388927 0.043654
vt -0.388927 0.057718
vt -0.388927 0.027730
vt -0.388927 0.033920
vt -0.388927 0.041638
vt -0.388927 0.039577
vt -0.388927 0.031184
vt -0.388927 0.051660
vt -0.388927 0.031731
vt -0.504395 -0.219511
vt -0.504395 -0.178896
vt -0.504395 -0.184862
vt -0.504395 -0.193789
vt -0.504395 -0.195540
vt -0.504395 -0.183531
vt -0.504395 -0.203010
vt -0.504395 -0.184291
vt -0.504395 -0.198717
vt -0.446041 -0.156956
vt -0.462281 -0.150651
vt -0.495314 -0.145640
vt -0.534664 -0.161036
vt -0.564853 -0.168130
vt -0.557353 -0.153228
vt -0.537199 -0.170501
vt -0.494419 -0.155266
vt -0.455542 -0.167075
vt -0.415085 -0.087366
vt -0.428654 -0.091581
vt -0.487440 -0.091039
vt -0.553349 -0.091156
vt -0.599241 -0.092489
vt -0.592269 -0.089219
vt -0.550991 -0.089078
vt -0.486045 -0.094579
vt -0.423452 -0.094574
vt -0.385294 0.004497
vt -0.415614 0.003084
vt -0.487158 -0.004246
vt -0.551502 -0.006473
vt -0.596584 -0.004757
vt -0.613060 0.002971
vt -0.547287 -0.010188
vt -0.488002 -0.006389
vt -0.432033 -0.006363
vt -0.434937 0.081691
vt -0.452854 0.077627
vt -0.495123 0.051702
vt -0.535014 0.066343
vt -0.555229 0.053009
vt -0.572457 0.087239
vt -0.536232 0.070893
vt -0.492982 0.074716
vt -0.455732 0.070612
vt -0.504395 0.072717
vt -0.504395 0.102410
vt -0.504395 0.102867
vt -0.504395 0.083538
vt -0.504395 0.103365
vt -0.504395 0.105913
vt -0.504395 0.078314
vt -0.504395 0.090332
vt -0.504395 0.087737
vt -0.496926 -0.139801
vt -0.496926 -0.157388
vt -0.496926 -0.134758
vt -0.496926 -0.144377
vt -0.496926 -0.158299
vt -0.496926 -0.150588
vt -0.496926 -0.159850
vt -0.496926 -0.137615
vt -0.496926 -0.128375
vt -0.434566 -0.136162
vt -0.449295 -0.135905
vt -0.488546 -0.116230
vt -0.523826 -0.124060
vt -0.541255 -0.114692
vt -0.542066 -0.115912
vt -0.523039 -0.121833
vt -0.488319 -0.118077
vt -0.453575 -0.128007
vt -0.421929 -0.073030
vt -0.436634 -0.074267
vt -0.481469 -0.077708
vt -0.543231 -0.078908
vt -0.578891 -0.077111
vt -0.576095 -0.076118
vt -0.541101 -0.077486
vt -0.480243 -0.080065
vt -0.435581 -0.074726
vt -0.396521 -0.014490
vt -0.418322 -0.013754
vt -0.482617 -0.020499
vt -0.543398 -0.016981
vt -0.576310 -0.019806
vt -0.574662 -0.020391
vt -0.547559 -0.014203
vt -0.479269 -0.014063
vt -0.434217 -0.020679
vt -0.446665 0.023057
vt -0.448734 0.040940
vt -0.487217 0.031047
vt -0.521833 0.022424
vt -0.545022 0.024359
vt -0.540486 0.017535
vt -0.523334 0.026668
vt -0.485909 0.041696
vt -0.456099 0.027348
vt -0.496926 0.037859
vt -0.496926 0.049418
vt -0.496926 0.040461
vt -0.496926 0.057808
vt -0.496926 0.055141
vt -0.496926 0.067018
vt -0.496926 0.038503
vt -0.496926 0.060315
vt -0.496926 0.056226
vt -0.369518 -0.174257
vt -0.369518 -0.156537
vt -0.369518 -0.149558
vt -0.369518 -0.166288
vt -0.369518 -0.182281
vt -0.369518 -0.170519
vt -0.369518 -0.178272
vt -0.369518 -0.173974
vt -0.369518 -0.160206
vt -0.313106 -0.133608
vt -0.319424 -0.147237
vt -0.359721 -0.133618
vt -0.401688 -0.145641
vt -0.423594 -0.135329
vt -0.421735 -0.132327
vt -0.400299 -0.141423
vt -0.358390 -0.145248
vt -0.320151 -0.145797
vt -0.276856 -0.081196
vt -0.301879 -0.079632
vt -0.350980 -0.086245
vt -0.423512 -0.086686
vt -0.479689 -0.090001
vt -0.463784 -0.083937
vt -0.425108 -0.087830
vt -0.348718 -0.090912
vt -0.301256 -0.079923
vt -0.260236 -0.008850
vt -0.283832 -0.007929
vt -0.349801 -0.007323
vt -0.424029 -0.008943
vt -0.480275 -0.005776
vt -0.455346 -0.015279
vt -0.427485 -0.006467
vt -0.349458 -0.006615
vt -0.275675 -0.004114
vt -0.295371 0.064522
vt -0.312616 0.064723
vt -0.359746 0.037399
vt -0.399144 0.041918
vt -0.433958 0.056066
vt -0.432836 0.054255
vt -0.401879 0.050219
vt -0.360033 0.034886
vt -0.328480 0.033296
vt -0.369518 0.080907
vt -0.369518 0.067397
vt -0.369518 0.062581
vt -0.369518 0.078877
vt -0.369518 0.094027
vt -0.369518 0.085666
vt -0.369518 0.066689
vt -0.369518 0.079985
vt -0.369518 0.092186
vt -0.364744 -0.142356
vt -0.364744 -0.140834
vt -0.364744 -0.125533
vt -0.364744 -0.122069
vt -0.364744 -0.139324
vt -0.364744 -0.136033
vt -0.364744 -0.127996
vt -0.364744 -0.120176
vt -0.364744 -0.150194
vt -0.323202 -0.116170
vt -0.326691 -0.129516
vt -0.357215 -0.119152
vt -0.387124 -0.121450
vt -0.404625 -0.117643
vt -0.406887 -0.121593
vt -0.386026 -0.117845
vt -0.356807 -0.123004
vt -0.330151 -0.122104
vt -0.293426 -0.075627
vt -0.321116 -0.070062
vt -0.350795 -0.079120
vt -0.405360 -0.079467
vt -0.421313 -0.071320
vt -0.431838 -0.075659
vt -0.405077 -0.079248
vt -0.352124 -0.076154
vt -0.304724 -0.078352
vt -0.289872 -0.018996
vt -0.318428 -0.024578
vt -0.354567 -0.025296
vt -0.398682 -0.021706
vt -0.421211 -0.024722
vt -0.435468 -0.018845
vt -0.393712 -0.025557
vt -0.351313 -0.018036
vt -0.316631 -0.023670
vt -0.324426 0.018161
vt -0.329727 0.027012
vt -0.357729 0.018296
vt -0.385346 0.019614
vt -0.397760 0.009655
vt -0.411045 0.032855
vt -0.386836 0.024502
vt -0.357634 0.019194
vt -0.329243 0.028049
vt -0.364744 0.035850
vt -0.364744 0.050718
vt -0.364744 0.030280
vt -0.364744 0.049301
vt -0.364744 0.033966
vt -0.364744 0.030669
vt -0.364744 0.039501
vt -0.364744 0.024915
vt -0.364744 0.032017
vt -0.261111 -0.127466
vt -0.261111 -0.133890
vt -0.261111 -0.121682
vt -0.261111 -0.140256
vt -0.261111 -0.122649
vt -0.261111 -0.138706
vt -0.261111 -0.128965
vt -0.261111 -0.135267
vt -0.261111 -0.133513
vt -0.191160 -0.123288
vt -0.202612 -0.130191
vt -0.249591 -0.119402
vt -0.292423 -0.115404
vt -0.323649 -0.119630
vt -0.317516 -0.112605
vt -0.290115 -0.110436
vt -0.248601 -0.125536
vt -0.217262 -0.109608
vt -0.144536 -0.077619
vt -0.181290 -0.074475
vt -0.243322 -0.074027
vt -0.310962 -0.073333
vt -0.369940 -0.077426
vt -0.373101 -0.078281
vt -0.310076 -0.072882
vt -0.241510 -0.076680
vt -0.179310 -0.075131
vt -0.162306 -0.022896
vt -0.186723 -0.023327
vt -0.244844 -0.024200
vt -0.322838 -0.016632
vt -0.372600 -0.017855
vt -0.373787 -0.017534
vt -0.305781 -0.025300
vt -0.242114 -0.020205
vt -0.166841 -0.016733
vt -0.197625 0.020330
vt -0.204947 0.030910
vt -0.248124 0.032494
vt -0.291656 0.017752
vt -0.313762 0.012305
vt -0.324437 0.024532
vt -0.291029 0.016401
vt -0.247951 0.033567
vt -0.202590 0.034222
vt -0.261111 0.035148
vt -0.261111 0.049704
vt -0.261111 0.049975
vt -0.261111 0.029479
vt -0.261111 0.040539
vt -0.261111 0.036882
vt -0.261111 0.048989
vt -0.261111 0.054197
vt -0.261111 0.034995
vt -0.174700 -0.167080
vt -0.174700 -0.185797
vt -0.174700 -0.201982
vt -0.174700 -0.159399
vt -0.174700 -0.196270
vt -0.174700 -0.159718
vt -0.174700 -0.186091
vt -0.174700 -0.173654
vt -0.174700 -0.169682
vt -0.107531 -0.148539
vt -0.124711 -0.145677
vt -0.162473 -0.153390
vt -0.211692 -0.158743
vt -0.233152 -0.141107
vt -0.249361 -0.166927
vt -0.207768 -0.146995
vt -0.160254 -0.172521
vt -0.129318 -0.136675
vt -0.055704 -0.090047
vt -0.082257 -0.090641
vt -0.154362 -0.089385
vt -0.224405 -0.083126
vt -0.301967 -0.095856
vt -0.294261 -0.092959
vt -0.224800 -0.083406
vt -0.153630 -0.090874
vt -0.089896 -0.087118
vt -0.043964 -0.001804
vt -0.087262 -0.007667
vt -0.151883 -0.001570
vt -0.235873 -0.004769
vt -0.282466 -0.007477
vt -0.297408 -0.001858
vt -0.240553 -0.001461
vt -0.158050 -0.014120
vt -0.084537 -0.006411
vt -0.105919 0.054952
vt -0.117064 0.064619
vt -0.162289 0.058983
vt -0.210193 0.058254
vt -0.245184 0.064274
vt -0.235394 0.048679
vt -0.212982 0.066602
vt -0.163630 0.047416
vt -0.122992 0.053036
vt -0.174700 0.107394
vt -0.174700 0.081840
vt -0.174700 0.077496
vt -0.174700 0.086676
vt -0.174700 0.077724
vt -0.174700 0.069217
vt -0.174700 0.069610
vt -0.174700 0.095727
vt -0.174700 0.089494
vt -0.079955 -0.197653
vt -0.079955 -0.181585
vt -0.079955 -0.196522
vt -0.079955 -0.188133
vt -0.079955 -0.179749
vt -0.079955 -0.177018
vt -0.079955 -0.168047
vt -0.079955 -0.172637
vt -0.079955 -0.165847
vt -0.015508 -0.159447
vt -0.039462 -0.139407
vt -0.068962 -0.157470
vt -0.109208 -0.149174
vt -0.140530 -0.159474
vt -0.140235 -0.158931
vt -0.112799 -0.161595
vt -0.067176 -0.175258
vt -0.034283 -0.151098
vt 0.029896 -0.092844
vt -0.010557 -0.084982
vt -0.059566 -0.095930
vt -0.136208 -0.093928
vt -0.179180 -0.091106
vt -0.169393 -0.086854
vt -0.127549 -0.086858
vt -0.062330 -0.089434
vt -0.003163 -0.088922
vt 0.028415 -0.003761
vt -0.006867 -0.009051
vt -0.061864 -0.005471
vt -0.140119 0.001121
vt -0.172758 -0.007684
vt -0.171749 -0.008122
vt -0.139730 0.000804
vt -0.064478 -0.011617
vt -0.015065 -0.013420
vt -0.020231 0.055278
vt -0.022575 0.081528
vt -0.068533 0.065740
vt -0.112144 0.063328
vt -0.144228 0.070279
vt -0.142440 0.066989
vt -0.112244 0.063673
vt -0.068657 0.064507
vt -0.026134 0.073496
vt -0.079955 0.102880
vt -0.079955 0.071938
vt -0.079955 0.066622
vt -0.079955 0.070825
vt -0.079955 0.098406
vt -0.079955 0.104240
vt -0.079955 0.109811
vt -0.079955 0.112663
vt -0.079955 0.092746
vt -0.003423 -0.136038
vt -0.003423 -0.126077
vt -0.003423 -0.145755
vt -0.003423 -0.131764
vt -0.003423 -0.142740
vt -0.003423 -0.142864
vt -0.003423 -0.141733
vt -0.003423 -0.129685
vt -0.003423 -0.148120
vt 0.091895 -0.128280
vt 0.054395 -0.111569
vt 0.013907 -0.132057
vt -0.045098 -0.118200
vt -0.086338 -0.122316
vt -0.094495 -0.129627
vt -0.045645 -0.119121
vt 0.014309 -0.134007
vt 0.064211 -0.122361
vt 0.156737 -0.079844
vt 0.091096 -0.072532
vt 0.017917 -0.072434
vt -0.079723 -0.078341
vt -0.123268 -0.073357
vt -0.146762 -0.078328
vt -0.084279 -0.080152
vt 0.021496 -0.076532
vt 0.116507 -0.079128
vt 0.159141 -0.015678
vt 0.095151 -0.022415
vt 0.017955 -0.023522
vt -0.071721 -0.020841
vt -0.128842 -0.021463
vt -0.143328 -0.018398
vt -0.084618 -0.015713
vt 0.024106 -0.016479
vt 0.103168 -0.020335
vt 0.080811 0.022945
vt 0.053092 0.014136
vt 0.013605 0.034591
vt -0.039606 0.012948
vt -0.090617 0.030150
vt -0.089825 0.029440
vt -0.053011 0.035530
vt 0.011259 0.023211
vt 0.055220 0.016475
vt -0.003423 0.036620
vt -0.003423 0.042668
vt -0.003423 0.058827
vt -0.003423 0.038536
vt -0.003423 0.057433
vt -0.003423 0.038382
vt -0.003423 0.050332
vt -0.003423 0.031110
vt -0.003423 0.035444
vt 0.120610 -0.142463
vt 0.120610 -0.132839
vt 0.120610 -0.140638
vt 0.120610 -0.132173
vt 0.120610 -0.117043
vt 0.120610 -0.125137
vt 0.120610 -0.119802
vt 0.120610 -0.124767
vt 0.120610 -0.127878
vt 0.190393 -0.118930
vt 0.167903 -0.110751
vt 0.130405 -0.105332
vt 0.084605 -0.121195
vt 0.053345 -0.120760
vt 0.050329 -0.124022
vt 0.084962 -0.120469
vt 0.130362 -0.105079
vt 0.167344 -0.110011
vt 0.207315 -0.068805
vt 0.211487 -0.076466
vt 0.141725 -0.077176
vt 0.071529 -0.071554
vt 0.031195 -0.070832
vt 0.005505 -0.077392
vt 0.065884 -0.074263
vt 0.137681 -0.071589
vt 0.195192 -0.071361
vt 0.205968 -0.027518
vt 0.200186 -0.023074
vt 0.138404 -0.023413
vt 0.060445 -0.019126
vt 0.015595 -0.021184
vt 0.038257 -0.026971
vt 0.074960 -0.026092
vt 0.138552 -0.023207
vt 0.187480 -0.027054
vt 0.179875 0.012240
vt 0.175111 0.024316
vt 0.133471 0.027280
vt 0.085448 0.023481
vt 0.049487 0.028933
vt 0.066521 0.010507
vt 0.090256 0.013708
vt 0.133452 0.027171
vt 0.175269 0.024526
vt 0.120610 0.039533
vt 0.120610 0.033118
vt 0.120610 0.040713
vt 0.120610 0.040853
vt 0.120610 0.034692
vt 0.120610 0.035839
vt 0.120610 0.018447
vt 0.120610 0.028835
vt 0.120610 0.040382
vt 0.121719 -0.114709
vt 0.121719 -0.124108
vt 0.121719 -0.129375
vt 0.121719 -0.127859
vt 0.121719 -0.130774
vt 0.121719 -0.126535
vt 0.121719 -0.115433
vt 0.121719 -0.132518
vt 0.121719 -0.114241
vt 0.166564 -0.111552
vt 0.160830 -0.120354
vt 0.130232 -0.117472
vt 0.100138 -0.109169
vt 0.086081 -0.101746
vt 0.082162 -0.107658
vt 0.103171 -0.100572
vt 0.129656 -0.112769
vt 0.157903 -0.114938
vt 0.189825 -0.070784
vt 0.179454 -0.073214
vt 0.132687 -0.069130
vt 0.088856 -0.069988
vt 0.058694 -0.070438
vt 0.064550 -0.068353
vt 0.087374 -0.070981
vt 0.134895 -0.073384
vt 0.178403 -0.072755
vt 0.195493 -0.023319
vt 0.173324 -0.025463
vt 0.136194 -0.020113
vt 0.086931 -0.024723
vt 0.058760 -0.025585
vt 0.051169 -0.022883
vt 0.088053 -0.025474
vt 0.133097 -0.026080
vt 0.185580 -0.020111
vt 0.167400 0.016737
vt 0.154141 0.011979
vt 0.128989 0.011329
vt 0.095775 0.025536
vt 0.082016 0.011877
vt 0.085280 0.006955
vt 0.100324 0.012641
vt 0.128644 0.008514
vt 0.156444 0.016239
vt 0.121719 0.042397
vt 0.121719 0.031296
vt 0.121719 0.037755
vt 0.121719 0.033969
vt 0.121719 0.032417
vt 0.121719 0.037955
vt 0.121719 0.029554
vt 0.121719 0.031006
vt 0.121719 0.015353
vt 0.194488 -0.124306
vt 0.194488 -0.132464
vt 0.194488 -0.131053
vt 0.194488 -0.131143
vt 0.194488 -0.111440
vt 0.194488 -0.129195
vt 0.194488 -0.112321
vt 0.194488 -0.130948
vt 0.194488 -0.112064
vt 0.288867 -0.111501
vt 0.268418 -0.112934
vt 0.210218 -0.108947
vt 0.158406 -0.096555
vt 0.107250 -0.110463
vt 0.122676 -0.099418
vt 0.156418 -0.099230
vt 0.208164 -0.100990
vt 0.250111 -0.096855
vt 0.360492 -0.074367
vt 0.301907 -0.070273
vt 0.221458 -0.072669
vt 0.128895 -0.068837
vt 0.038044 -0.074443
vt 0.053522 -0.071827
vt 0.118954 -0.071995
vt 0.216496 -0.068131
vt 0.319629 -0.073947
vt 0.333196 -0.025968
vt 0.311936 -0.023648
vt 0.215109 -0.029138
vt 0.117059 -0.023403
vt 0.083373 -0.029218
vt 0.040534 -0.021978
vt 0.115306 -0.022846
vt 0.218220 -0.026292
vt 0.313311 -0.023363
vt 0.296789 0.020832
vt 0.266198 0.014984
vt 0.212031 0.019974
vt 0.152598 0.008369
vt 0.105610 0.015638
vt 0.104497 0.016435
vt 0.153065 0.007741
vt 0.206987 0.000429
vt 0.252575 0.003019
vt 0.194488 0.021872
vt 0.194488 0.022952
vt 0.194488 0.032312
vt 0.194488 0.013144
vt 0.194488 0.012507
vt 0.194488 0.020293
vt 0.194488 0.032093
vt 0.194488 0.036244
vt 0.194488 0.033255
vt 0.225564 -0.160163
vt 0.225564 -0.145379
vt 0.225564 -0.137086
vt 0.225564 -0.136290
vt 0.225564 -0.157430
vt 0.225564 -0.161730
vt 0.225564 -0.156253
vt 0.225564 -0.154637
vt 0.225564 -0.164309
vt 0.292924 -0.117373
vt 0.285160 -0.128123
vt 0.239858 -0.132775
vt 0.182301 -0.137113
vt 0.152375 -0.128215
vt 0.152261 -0.128340
vt 0.187635 -0.126127
vt 0.237712 -0.120047
vt 0.289396 -0.133818
vt 0.375629 -0.084485
vt 0.342165 -0.085007
vt 0.250701 -0.083195
vt 0.171028 -0.074518
vt 0.087479 -0.083727
vt 0.096757 -0.081326
vt 0.157060 -0.081310
vt 0.250838 -0.083386
vt 0.322670 -0.078819
vt 0.334182 -0.021592
vt 0.330247 -0.014776
vt 0.251301 -0.011966
vt 0.160992 -0.016602
vt 0.121436 -0.021059
vt 0.083273 -0.011185
vt 0.156905 -0.014615
vt 0.246413 -0.018810
vt 0.319427 -0.018210
vt 0.296843 0.025409
vt 0.286253 0.033592
vt 0.241432 0.046113
vt 0.192262 0.020595
vt 0.138489 0.047434
vt 0.151690 0.032965
vt 0.183457 0.038731
vt 0.241483 0.046411
vt 0.281168 0.026755
vt 0.225564 0.060448
vt 0.225564 0.054542
vt 0.225564 0.069101
vt 0.225564 0.038152
vt 0.225564 0.046707
vt 0.225564 0.041229
vt 0.225564 0.072088
vt 0.225564 0.048148
vt 0.225564 0.047380
vt 0.467555 -0.159069
vt 0.467555 -0.140269
vt 0.467555 -0.157241
vt 0.467555 -0.163578
vt 0.467555 -0.174076
vt 0.467555 -0.168234
vt 0.467555 -0.156264
vt 0.467555 -0.146326
vt 0.467555 -0.146465
vt 0.537710 -0.139626
vt 0.518575 -0.134985
vt 0.478705 -0.131867
vt 0.435759 -0.131053
vt 0.393819 -0.150482
vt 0.408116 -0.130612
vt 0.438102 -0.124932
vt 0.481522 -0.153049
vt 0.514506 -0.128049
vt 0.596165 -0.087653
vt 0.562559 -0.086237
vt 0.487672 -0.083718
vt 0.411454 -0.082593
vt 0.354739 -0.085015
vt 0.352456 -0.085764
vt 0.404706 -0.086755
vt 0.484996 -0.078968
vt 0.538465 -0.076540
vt 0.568024 -0.017024
vt 0.565843 -0.008441
vt 0.487029 -0.013423
vt 0.402931 -0.008151
vt 0.372270 -0.016737
vt 0.374379 -0.017429
vt 0.413608 -0.014735
vt 0.489909 -0.008310
vt 0.554983 -0.012812
vt 0.527489 0.030277
vt 0.520219 0.041789
vt 0.480583 0.049991
vt 0.435923 0.034624
vt 0.409022 0.033353
vt 0.402884 0.041883
vt 0.427339 0.057046
vt 0.479767 0.043852
vt 0.516337 0.035171
vt 0.467555 0.044667
vt 0.467555 0.057009
vt 0.467555 0.048856
vt 0.467555 0.079682
vt 0.467555 0.076297
vt 0.467555 0.060173
vt 0.467555 0.057199
vt 0.467555 0.070846
vt 0.467555 0.069177
vt 0.536323 -0.122200
vt 0.536323 -0.123199
vt 0.536323 -0.114160
vt 0.536323 -0.117971
vt 0.536323 -0.128862
vt 0.536323 -0.125960
vt 0.536323 -0.111246
vt 0.536323 -0.114920
vt 0.536323 -0.114955
vt 0.623276 -0.108519
vt 0.598698 -0.104671
vt 0.550858 -0.106258
vt 0.498264 -0.100977
vt 0.474274 -0.093957
vt 0.469569 -0.097442
vt 0.494506 -0.106209
vt 0.549772 -0.101903
vt 0.605789 -0.111113
vt 0.643535 -0.065615
vt 0.645540 -0.071425
vt 0.558161 -0.068663
vt 0.466200 -0.071043
vt 0.394668 -0.072768
vt 0.405207 -0.070925
vt 0.472714 -0.068902
vt 0.557205 -0.067758
vt 0.648955 -0.072157
vt 0.664531 -0.026935
vt 0.641107 -0.025526
vt 0.561409 -0.024265
vt 0.478587 -0.029028
vt 0.421077 -0.027850
vt 0.423775 -0.028321
vt 0.460445 -0.023066
vt 0.557239 -0.028210
vt 0.643391 -0.025036
vt 0.619569 0.009938
vt 0.591256 0.001909
vt 0.547784 -0.002065
vt 0.498678 0.004402
vt 0.465474 0.004476
vt 0.452882 0.013801
vt 0.494667 0.009985
vt 0.547969 -0.001323
vt 0.600390 0.010208
vt 0.536323 0.020848
vt 0.536323 0.030938
vt 0.536323 0.027410
vt 0.536323 0.032655
vt 0.536323 0.028326
vt 0.536323 0.017806
vt 0.536323 0.013178
vt 0.536323 0.015662
vt 0.536323 0.031614
vt 0.529460 -0.156239
vt 0.529460 -0.164872
vt 0.529460 -0.176769
vt 0.529460 -0.187070
vt 0.529460 -0.173025
vt 0.529460 -0.176448
vt 0.529460 -0.186666
vt 0.529460 -0.177195
vt 0.529460 -0.151053
vt 0.580808 -0.133394
vt 0.568937 -0.133702
vt 0.538258 -0.132264
vt 0.504229 -0.131919
vt 0.472101 -0.149510
vt 0.470665 -0.152053
vt 0.495326 -0.161532
vt 0.540067 -0.149586
vt 0.569926 -0.135850
vt 0.639476 -0.091191
vt 0.604580 -0.086498
vt 0.548493 -0.091029
vt 0.489103 -0.079687
vt 0.422664 -0.092618
vt 0.423782 -0.092150
vt 0.478859 -0.087730
vt 0.545511 -0.084288
vt 0.615784 -0.092240
vt 0.615647 -0.014164
vt 0.592578 -0.015653
vt 0.547111 -0.008095
vt 0.482782 -0.011350
vt 0.452323 -0.015774
vt 0.441409 -0.011214
vt 0.484654 -0.012820
vt 0.543513 -0.016229
vt 0.594569 -0.014633
vt 0.582709 0.040554
vt 0.582996 0.068222
vt 0.538686 0.040361
vt 0.502998 0.040014
vt 0.472416 0.052954
vt 0.471744 0.054143
vt 0.499813 0.050607
vt 0.539382 0.047020
vt 0.571985 0.044319
vt 0.529460 0.080719
vt 0.529460 0.086355
vt 0.529460 0.071167
vt 0.529460 0.091701
vt 0.529460 0.084283
vt 0.529460 0.054419
vt 0.529460 0.084264
vt 0.529460 0.059519
vt 0.529460 0.064709
vt 0.589277 -0.169590
vt 0.589277 -0.215994
vt 0.589277 -0.171021
vt 0.589277 -0.185973
vt 0.589277 -0.188233
vt 0.589277 -0.176386
vt 0.589277 -0.195121
vt 0.589277 -0.212240
vt 0.589277 -0.201553
vt 0.680533 -0.178524
vt 0.648494 -0.158566
vt 0.601246 -0.146586
vt 0.542005 -0.183225
vt 0.497963 -0.186988
vt 0.516933 -0.158115
vt 0.540580 -0.187304
vt 0.602439 -0.156407
vt 0.646480 -0.154805
vt 0.743719 -0.100147
vt 0.693356 -0.093875
vt 0.610840 -0.089928
vt 0.516658 -0.097039
vt 0.461080 -0.094063
vt 0.457616 -0.095308
vt 0.523761 -0.092243
vt 0.613580 -0.095256
vt 0.679671 -0.087843
vt 0.729332 -0.000711
vt 0.681765 -0.007234
vt 0.611711 -0.004378
vt 0.525205 -0.004732
vt 0.442983 0.004566
vt 0.479843 -0.008679
vt 0.511870 0.004273
vt 0.609997 -0.007711
vt 0.702145 0.001748
vt 0.678477 0.079582
vt 0.658126 0.080550
vt 0.602642 0.062079
vt 0.543991 0.081546
vt 0.498116 0.090756
vt 0.520240 0.057081
vt 0.545462 0.077338
vt 0.604890 0.080600
vt 0.646553 0.058942
vt 0.589277 0.099622
vt 0.589277 0.101251
vt 0.589277 0.107824
vt 0.589277 0.079407
vt 0.589277 0.089667
vt 0.589277 0.077473
vt 0.589277 0.072277
vt 0.589277 0.075975
vt 0.589277 0.112861
vt 0.618995 -0.120740
vt 0.618995 -0.119992
vt 0.618995 -0.104662
vt 0.618995 -0.109923
vt 0.618995 -0.109985
vt 0.618995 -0.107294
vt 0.618995 -0.121109
vt 0.618995 -0.108243
vt 0.618995 -0.107537
vt 0.706911 -0.100713
vt 0.680388 -0.096052
vt 0.635367 -0.104533
vt 0.577422 -0.097853
vt 0.534499 -0.101914
vt 0.548664 -0.092875
vt 0.576281 -0.099221
vt 0.631990 -0.092871
vt 0.684034 -0.098906
vt 0.750382 -0.066597
vt 0.743082 -0.070928
vt 0.642348 -0.067035
vt 0.542357 -0.069695
vt 0.467115 -0.070877
vt 0.491338 -0.067229
vt 0.553022 -0.066676
vt 0.641533 -0.066372
vt 0.728955 -0.068317
vt 0.747455 -0.029817
vt 0.720658 -0.029216
vt 0.646019 -0.025972
vt 0.541361 -0.026023
vt 0.470100 -0.025572
vt 0.489740 -0.028531
vt 0.556527 -0.030316
vt 0.642768 -0.028623
vt 0.718621 -0.029592
vt 0.719413 0.012209
vt 0.693332 0.010184
vt 0.633716 0.002830
vt 0.574879 0.004902
vt 0.542514 0.000800
vt 0.526813 0.010818
vt 0.582407 -0.004125
vt 0.635025 0.007351
vt 0.683054 0.002139
vt 0.618995 0.015591
vt 0.618995 0.023373
vt 0.618995 0.013615
vt 0.618995 0.025748
vt 0.618995 0.004796
vt 0.618995 0.004924
vt 0.618995 0.021759
vt 0.618995 0.023694
vt 0.618995 0.026904
usemtl WetRock
f 1/1 2/2 11/11
f 1/1 11/11 10/10
f 2/2 3/3 12/12
f 2/2 12/12 11/11
f 3/3 4/4 13/13
f 3/3 13/13 12/12
f 4/4 5/5 14/14
f 4/4 14/14 13/13
f 5/5 6/6 15/15
f 5/5 15/15 14/14
f 6/6 7/7 16/16
f 6/6 16/16 15/15
f 7/7 8/8 17/17
f 7/7 17/17 16/16
f 8/8 9/9 18/18
f 8/8 18/18 17/17
f 9/9 1/1 10/10
f 9/9 10/10 18/18
f 10/10 11/11 20/20
f 10/10 20/20 19/19
f 11/11 12/12 21/21
f 11/11 21/21 20/20
f 12/12 13/13 22/22
f 12/12 22/22 21/21
f 13/13 14/14 23/23
f 13/13 23/23 22/22
f 14/14 15/15 24/24
f 14/14 24/24 23/23
f 15/15 16/16 25/25
f 15/15 25/25 24/24
f 16/16 17/17 26/26
f 16/16 26/26 25/25
f 17/17 18/18 27/27
f 17/17 27/27 26/26
f 18/18 10/10 19/19
f 18/18 19/19 27/27
f 19/19 20/20 29/29
f 19/19 29/29 28/28
f 20/20 21/21 30/30
f 20/20 30/30 29/29
f 21/21 22/22 31/31
f 21/21 31/31 30/30
f 22/22 23/23 32/32
f 22/22 32/32 31/31
f 23/23 24/24 33/33
f 23/23 33/33 32/32
f 24/24 25/25 34/34
f 24/24 34/34 33/33
f 25/25 26/26 35/35
f 25/25 35/35 34/34
f 26/26 27/27 36/36
f 26/26 36/36 35/35
f 27/27 19/19 28/28
f 27/27 28/28 36/36
f 28/28 29/29 38/38
f 28/28 38/38 37/37
f 29/29 30/30 39/39
f 29/29 39/39 38/38
f 30/30 31/31 40/40
f 30/30 40/40 39/39
f 31/31 32/32 41/41
f 31/31 41/41 40/40
f 32/32 33/33 42/42
f 32/32 42/42 41/41
f 33/33 34/34 43/43
f 33/33 43/43 42/42
f 34/34 35/35 44/44
f 34/34 44/44 43/43
f 35/35 36/36 45/45
f 35/35 45/45 44/44
f 36/36 28/28 37/37
f 36/36 37/37 45/45
f 37/37 38/38 47/47
f 37/37 47/47 46/46
f 38/38 39/39 48/48
f 38/38 48/48 47/47
f 39/39 40/40 49/49
f 39/39 49/49 48/48
f 40/40 41/41 50/50
f 40/40 50/50 49/49
f 41/41 42/42 51/51
f 41/41 51/51 50/50
f 42/42 43/43 52/52
f 42/42 52/52 51/51
f 43/43 44/44 53/53
f 43/43 53/53 52/52
f 44/44 45/45 54/54
f 44/44 54/54 53/53
f 45/45 37/37 46/46
f 45/45 46/46 54/54
f 55/55 56/56 65/65
f 55/55 65/65 64/64
f 56/56 57/57 66/66
f 56/56 66/66 65/65
f 57/57 58/58 67/67
f 57/57 67/67 66/66
f 58/58 59/59 68/68
f 58/58 68/68 67/67
f 59/59 60/60 69/69
f 59/59 69/69 68/68
f 60/60 61/61 70/70
f 60/60 70/70 69/69
f 61/61 62/62 71/71
f 61/61 71/71 70/70
f 62/62 63/63 72/72
f 62/62 72/72 71/71
f 63/63 55/55 64/64
f 63/63 64/64 72/72
f 64/64 65/65 74/74
f 64/64 74/74 73/73
f 65/65 66/66 75/75
f 65/65 75/75 74/74
f 66/66 67/67 76/76
f 66/66 76/76 75/75
f 67/67 68/68 77/77
f 67/67 77/77 76/76
f 68/68 69/69 78/78
f 68/68 78/78 77/77
f 69/69 70/70 79/79
f 69/69 79/79 78/78
f 70/70 71/71 80/80
f 70/70 80/80 79/79
f 71/71 72/72 81/81
f 71/71 81/81 80/80
f 72/72 64/64 73/73
f 72/72 73/73 81/81
f 73/73 74/74 83/83
f 73/73 83/83 82/82
f 74/74 75/75 84/84
f 74/74 84/84 83/83
f 75/75 76/76 85/85
f 75/75 85/85 84/84
f 76/76 77/77 86/86
f 76/76 86/86 85/85
f 77/77 78/78 87/87
f 77/77 87/87 86/86
f 78/78 79/79 88/88
f 78/78 88/88 87/87
f 79/79 80/80 89/89
f 79/79 89/89 88/88
f 80/80 81/81 90/90
f 80/80 90/90 89/89
f 81/81 73/73 82/82
f 81/81 82/82 90/90
f 82/82 83/83 92/92
f 82/82 92/92 91/91
f 83/83 84/84 93/93
f 83/83 93/93 92/92
f 84/84 85/85 94/94
f 84/84 94/94 93/93
f 85/85 86/86 95/95
f 85/85 95/95 94/94
f 86/86 87/87 96/96
f 86/86 96/96 95/95
f 87/87 88/88 97/97
f 87/87 97/97 96/96
f 88/88 89/89 98/98
f 88/88 98/98 97/97
f 89/89 90/90 99/99
f 89/89 99/99 98/98
f 90/90 82/82 91/91
f 90/90 91/91 99/99
f 91/91 92/92 101/101
f 91/91 101/101 100/100
f 92/92 93/93 102/102
f 92/92 102/102 101/101
f 93/93 94/94 103/103
f 93/93 103/103 102/102
f 94/94 95/95 104/104
f 94/94 104/104 103/103
f 95/95 96/96 105/105
f 95/95 105/105 104/104
f 96/96 97/97 106/106
f 96/96 106/106 105/105
f 97/97 98/98 107/107
f 97/97 107/107 106/106
f 98/98 99/99 108/108
f 98/98 108/108 107/107
f 99/99 91/91 100/100
f 99/99 100/100 108/108
f 109/109 110/110 119/119
f 109/109 119/119 118/118
f 110/110 111/111 120/120
f 110/110 120/120 119/119
f 111/111 112/112 121/121
f 111/111 121/121 120/120
f 112/112 113/113 122/122
f 112/112 122/122 121/121
f 113/113 114/114 123/123
f 113/113 123/123 122/122
f 114/114 115/115 124/124
f 114/114 124/124 123/123
f 115/115 116/116 125/125
f 115/115 125/125 124/124
f 116/116 117/117 126/126
f 116/116 126/126 125/125
f 117/117 109/109 118/118
f 117/117 118/118 126/126
f 118/118 119/119 128/128
f 118/118 128/128 127/127
f 119/119 120/120 129/129
f 119/119 129/129 128/128
f 120/120 121/121 130/130
f 120/120 130/130 129/129
f 121/121 122/122 131/131
f 121/121 131/131 130/130
f 122/122 123/123 132/132
f 122/122 132/132 131/131
f 123/123 124/124 133/133
f 123/123 133/133 132/132
f 124/124 125/125 134/134
f 124/124 134/134 133/133
f 125/125 126/126 135/135
f 125/125 135/135 134/134
f 126/126 118/118 127/127
f 126/126 127/127 135/135
f 127/127 128/128 137/137
f 127/127 137/137 136/136
f 128/128 129/129 138/138
f 128/128 138/138 137/137
f 129/129 130/130 139/139
f 129/129 139/139 138/138
f 130/130 131/131 140/140
f 130/130 140/140 139/139
f 131/131 132/132 141/141
f 131/131 141/141 140/140
f 132/132 133/133 142/142
f 132/132 142/142 141/141
f 133/133 134/134 143/143
f 133/133 143/143 142/142
f 134/134 135/135 144/144
f 134/134 144/144 143/143
f 135/135 127/127 136/136
f 135/135 136/136 144/144
f 136/136 137/137 146/146
f 136/136 146/146 145/145
f 137/137 138/138 147/147
f 137/137 147/147 146/146
f 138/138 139/139 148/148
f 138/138 148/148 147/147
f 139/139 140/140 149/149
f 139/139 149/149 148/148
f 140/140 141/141 150/150
f 140/140 150/150 149/149
f 141/141 142/142 151/151
f 141/141 151/151 150/150
f 142/142 143/143 152/152
f 142/142 152/152 151/151
f 143/143 144/144 153/153
f 143/143 153/153 152/152
f 144/144 136/136 145/145
f 144/144 145/145 153/153
f 145/145 146/146 155/155
f 145/145 155/155 154/154
f 146/146 147/147 156/156
f 146/146 156/156 155/155
f 147/147 148/148 157/157
f 147/147 157/157 156/156
f 148/148 149/149 158/158
f 148/148 158/158 157/157
f 149/149 150/150 159/159
f 149/149 159/159 158/158
f 150/150 151/151 160/160
f 150/150 160/160 159/159
f 151/151 152/152 161/161
f 151/151 161/161 160/160
f 152/152 153/153 162/162
f 152/152 162/162 161/161
f 153/153 145/145 154/154
f 153/153 154/154 162/162
f 163/163 164/164 173/173
f 163/163 173/173 172/172
f 164/164 165/165 174/174
f 164/164 174/174 173/173
f 165/165 166/166 175/175
f 165/165 175/175 174/174
f 166/166 167/167 176/176
f 166/166 176/176 175/175
f 167/167 168/168 177/177
f 167/167 177/177 176/176
f 168/168 169/169 178/178
f 168/168 178/178 177/177
f 169/169 170/170 179/179
f 169/169 179/179 178/178
f 170/170 171/171 180/180
f 170/170 180/180 179/179
f 171/171 163/163 172/172
f 171/171 172/172 180/180
f 172/172 173/173 182/182
f 172/172 182/182 181/181
f 173/173 174/174 183/183
f 173/173 183/183 182/182
f 174/174 175/175 184/184
f 174/174 184/184 183/183
f 175/175 176/176 185/185
f 175/175 185/185 184/184
f 176/176 177/177 186/186
f 176/176 186/186 185/185
f 177/177 178/178 187/187
f 177/177 187/187 186/186
f 178/178 179/179 188/188
f 178/178 188/188 187/187
f 179/179 180/180 189/189
f 179/179 189/189 188/188
f 180/180 172/172 181/181
f 180/180 181/181 189/189
f 181/181 182/182 191/191
f 181/181 191/191 190/190
f 182/182 183/183 192/192
f 182/182 192/192 191/191
f 183/183 184/184 193/193
f 183/183 193/193 192/192
f 184/184 185/185 194/194
f 184/184 194/194 193/193
f 185/185 186/186 195/195
f 185/185 195/195 194/194
f 186/186 187/187 196/196
f 186/186 196/196 195/195
f 187/187 188/188 197/197
f 187/187 197/197 196/196
f 188/188 189/189 198/198
f 188/188 198/198 197/197
f 189/189 181/181 190/190
f 189/189 190/190 198/198
f 190/190 191/191 200/200
f 190/190 200/200 199/199
f 191/191 192/192 201/201
f 191/191 201/201 200/200
f 192/192 193/193 202/202
f 192/192 202/202 201/201
f 193/193 194/194 203/203
f 193/193 203/203 202/202
f 194/194 195/195 204/204
f 194/194 204/204 203/203
f 195/195 196/196 205/205
f 195/195 205/205 204/204
f 196/196 197/197 206/206
f 196/196 206/206 205/205
f 197/197 198/198 207/207
f 197/197 207/207 206/206
f 198/198 190/190 199/199
f 198/198 199/199 207/207
f 199/199 200/200 209/209
f 199/199 209/209 208/208
f 200/200 201/201 210/210
f 200/200 210/210 209/209
f 201/201 202/202 211/211
f 201/201 211/211 210/210
f 202/202 203/203 212/212
f 202/202 212/212 211/211
f 203/203 204/204 213/213
f 203/203 213/213 212/212
f 204/204 205/205 214/214
f 204/204 214/214 213/213
f 205/205 206/206 215/215
f 205/205 215/215 214/214
f 206/206 207/207 216/216
f 206/206 216/216 215/215
f 207/207 199/199 208/208
f 207/207 208/208 216/216
f 217/217 218/218 227/227
f 217/217 227/227 226/226
f 218/218 219/219 228/228
f 218/218 228/228 227/227
f 219/219 220/220 229/229
f 219/219 229/229 228/228
f 220/220 221/221 230/230
f 220/220 230/230 229/229
f 221/221 222/222 231/231
f 221/221 231/231 230/230
f 222/222 223/223 232/232
f 222/222 232/232 231/231
f 223/223 224/224 233/233
f 223/223 233/233 232/232
f 224/224 225/225 234/234
f 224/224 234/234 233/233
f 225/225 217/217 226/226
f 225/225 226/226 234/234
f 226/226 227/227 236/236
f 226/226 236/236 235/235
f 227/227 228/228 237/237
f 227/227 237/237 236/236
f 228/228 229/229 238/238
f 228/228 238/238 237/237
f 229/229 230/230 239/239
f 229/229 239/239 238/238
f 230/230 231/231 240/240
f 230/230 240/240 239/239
f 231/231 232/232 241/241
f 231/231 241/241 240/240
f 232/232 233/233 242/242
f 232/232 242/242 241/241
f 233/233 234/234 243/243
f 233/233 243/243 242/242
f 234/234 226/226 235/235
f 234/234 235/235 243/243
f 235/235 236/236 245/245
f 235/235 245/245 244/244
f 236/236 237/237 246/246
f 236/236 246/246 245/245
f 237/237 238/238 247/247
f 237/237 247/247 246/246
f 238/238 239/239 248/248
f 238/238 248/248 247/247
f 239/239 240/240 249/249
f 239/239 249/249 248/248
f 240/240 241/241 250/250
f 240/240 250/250 249/249
f 241/241 242/242 251/251
f 241/241 251/251 250/250
f 242/242 243/243 252/252
f 242/242 252/252 251/251
f 243/243 235/235 244/244
f 243/243 244/244 252/252
f 244/244 245/245 254/254
f 244/244 254/254 253/253
f 245/245 246/246 255/255
f 245/245 255/255 254/254
f 246/246 247/247 256/256
f 246/246 256/256 255/255
f 247/247 248/248 257/257
f 247/247 257/257 256/256
f 248/248 249/249 258/258
f 248/248 258/258 257/257
f 249/249 250/250 259/259
f 249/249 259/259 258/258
f 250/250 251/251 260/260
f 250/250 260/260 259/259
f 251/251 252/252 261/261
f 251/251 261/261 260/260
f 252/252 244/244 253/253
f 252/252 253/253 261/261
f 253/253 254/254 263/263
f 253/253 263/263 262/262
f 254/254 255/255 264/264
f 254/254 264/264 263/263
f 255/255 256/256 265/265
f 255/255 265/265 264/264
f 256/256 257/257 266/266
f 256/256 266/266 265/265
f 257/257 258/258 267/267
f 257/257 267/267 266/266
f 258/258 259/259 268/268
f 258/258 268/268 267/267
f 259/259 260/260 269/269
f 259/259 269/269 268/268
f 260/260 261/261 270/270
f 260/260 270/270 269/269
f 261/261 253/253 262/262
f 261/261 262/262 270/270
f 271/271 272/272 281/281
f 271/271 281/281 280/280
f 272/272 273/273 282/282
f 272/272 282/282 281/281
f 273/273 274/274 283/283
f 273/273 283/283 282/282
f 274/274 275/275 284/284
f 274/274 284/284 283/283
f 275/275 276/276 285/285
f 275/275 285/285 284/284
f 276/276 277/277 286/286
f 276/276 286/286 285/285
f 277/277 278/278 287/287
f 277/277 287/287 286/286
f 278/278 279/279 288/288
f 278/278 288/288 287/287
f 279/279 271/271 280/280
f 279/279 280/280 288/288
f 280/280 281/281 290/290
f 280/280 290/290 289/289
f 281/281 282/282 291/291
f 281/281 291/291 290/290
f 282/282 283/283 292/292
f 282/282 292/292 291/291
f 283/283 284/284 293/293
f 283/283 293/293 292/292
f 284/284 285/285 294/294
f 284/284 294/294 293/293
f 285/285 286/286 295/295
f 285/285 295/295 294/294
f 286/286 287/287 296/296
f 286/286 296/296 295/295
f 287/287 288/288 297/297
f 287/287 297/297 296/296
f 288/288 280/280 289/289
f 288/288 289/289 297/297
f 289/289 290/290 299/299
f 289/289 299/299 298/298
f 290/290 291/291 300/300
f 290/290 300/300 299/299
f 291/291 292/292 301/301
f 291/291 301/301 300/300
f 292/292 293/293 302/302
f 292/292 302/302 301/301
f 293/293 294/294 303/303
f 293/293 303/303 302/302
f 294/294 295/295 304/304
f 294/294 304/304 303/303
f 295/295 296/296 305/305
f 295/295 305/305 304/304
f 296/296 297/297 306/306
f 296/296 306/306 305/305
f 297/297 289/289 298/298
f 297/297 298/298 306/306
f 298/298 299/299 308/308
f 298/298 308/308 307/307
f 299/299 300/300 309/309
f 299/299 309/309 308/308
f 300/300 301/301 310/310
f 300/300 310/310 309/309
f 301/301 302/302 311/311
f 301/301 311/311 310/310
f 302/302 303/303 312/312
f 302/302 312/312 311/311
f 303/303 304/304 313/313
f 303/303 313/313 312/312
f 304/304 305/305 314/314
f 304/304 314/314 313/313
f 305/305 306/306 315/315
f 305/305 315/315 314/314
f 306/306 298/298 307/307
f 306/306 307/307 315/315
f 307/307 308/308 317/317
f 307/307 317/317 316/316
f 308/308 309/309 318/318
f 308/308 318/318 317/317
f 309/309 310/310 319/319
f 309/309 319/319 318/318
f 310/310 311/311 320/320
f 310/310 320/320 319/319
f 311/311 312/312 321/321
f 311/311 321/321 320/320
f 312/312 313/313 322/322
f 312/312 322/322 321/321
f 313/313 314/314 323/323
f 313/313 323/323 322/322
f 314/314 315/315 324/324
f 314/314 324/324 323/323
f 315/315 307/307 316/316
f 315/315 316/316 324/324
f 325/325 326/326 335/335
f 325/325 335/335 334/334
f 326/326 327/327 336/336
f 326/326 336/336 335/335
f 327/327 328/328 337/337
f 327/327 337/337 336/336
f 328/328 329/329 338/338
f 328/328 338/338 337/337
f 329/329 330/330 339/339
f 329/329 339/339 338/338
f 330/330 331/331 340/340
f 330/330 340/340 339/339
f 331/331 332/332 341/341
f 331/331 341/341 340/340
f 332/332 333/333 342/342
f 332/332 342/342 341/341
f 333/333 325/325 334/334
f 333/333 334/334 342/342
f 334/334 335/335 344/344
f 334/334 344/344 343/343
f 335/335 336/336 345/345
f 335/335 345/345 344/344
f 336/336 337/337 346/346
f 336/336 346/346 345/345
f 337/337 338/338 347/347
f 337/337 347/347 346/346
f 338/338 339/339 348/348
f 338/338 348/348 347/347
f 339/339 340/340 349/349
f 339/339 349/349 348/348
f 340/340 341/341 350/350
f 340/340 350/350 349/349
f 341/341 342/342 351/351
f 341/341 351/351 350/350
f 342/342 334/334 343/343
f 342/342 343/343 351/351
f 343/343 344/344 353/353
f 343/343 353/353 352/352
f 344/344 345/345 354/354
f 344/344 354/354 353/353
f 345/345 346/346 355/355
f 345/345 355/355 354/354
f 346/346 347/347 356/356
f 346/346 356/356 355/355
f 347/347 348/348 357/357
f 347/347 357/357 356/356
f 348/348 349/349 358/358
f 348/348 358/358 357/357
f 349/349 350/350 359/359
f 349/349 359/359 358/358
f 350/350 351/351 360/360
f 350/350 360/360 359/359
f 351/351 343/343 352/352
f 351/351 352/352 360/360
f 352/352 353/353 362/362
f 352/352 362/362 361/361
f 353/353 354/354 363/363
f 353/353 363/363 362/362
f 354/354 355/355 364/364
f 354/354 364/364 363/363
f 355/355 356/356 365/365
f 355/355 365/365 364/364
f 356/356 357/357 366/366
f 356/356 366/366 365/365
f 357/357 358/358 367/367
f 357/357 367/367 366/366
f 358/358 359/359 368/368
f 358/358 368/368 367/367
f 359/359 360/360 369/369
f 359/359 369/369 368/368
f 360/360 352/352 361/361
f 360/360 361/361 369/369
f 361/361 362/362 371/371
f 361/361 371/371 370/370
f 362/362 363/363 372/372
f 362/362 372/372 371/371
f 363/363 364/364 373/373
f 363/363 373/373 372/372
f 364/364 365/365 374/374
f 364/364 374/374 373/373
f 365/365 366/366 375/375
f 365/365 375/375 374/374
f 366/366 367/367 376/376
f 366/366 376/376 375/375
f 367/367 368/368 377/377
f 367/367 377/377 376/376
f 368/368 369/369 378/378
f 368/368 378/378 377/377
f 369/369 361/361 370/370
f 369/369 370/370 378/378
f 379/379 380/380 389/389
f 379/379 389/389 388/388
f 380/380 381/381 390/390
f 380/380 390/390 389/389
f 381/381 382/382 391/391
f 381/381 391/391 390/390
f 382/382 383/383 392/392
f 382/382 392/392 391/391
f 383/383 384/384 393/393
f 383/383 393/393 392/392
f 384/384 385/385 394/394
f 384/384 394/394 393/393
f 385/385 386/386 395/395
f 385/385 395/395 394/394
f 386/386 387/387 396/396
f 386/386 396/396 395/395
f 387/387 379/379 388/388
f 387/387 388/388 396/396
f 388/388 389/389 398/398
f 388/388 398/398 397/397
f 389/389 390/390 399/399
f 389/389 399/399 398/398
f 390/390 391/391 400/400
f 390/390 400/400 399/399
f 391/391 392/392 401/401
f 391/391 401/401 400/400
f 392/392 393/393 402/402
f 392/392 402/402 401/401
f 393/393 394/394 403/403
f 393/393 403/403 402/402
f 394/394 395/395 404/404
f 394/394 404/404 403/403
f 395/395 396/396 405/405
f 395/395 405/405 404/404
f 396/396 388/388 397/397
f 396/396 397/397 405/405
f 397/397 398/398 407/407
f 397/397 407/407 406/406
f 398/398 399/399 408/408
f 398/398 408/408 407/407
f 399/399 400/400 409/409
f 399/399 409/409 408/408
f 400/400 401/401 410/410
f 400/400 410/410 409/409
f 401/401 402/402 411/411
f 401/401 411/411 410/410
f 402/402 403/403 412/412
f 402/402 412/412 411/411
f 403/403 404/404 413/413
f 403/403 413/413 412/412
f 404/404 405/405 414/414
f 404/404 414/414 413/413
f 405/405 397/397 406/406
f 405/405 406/406 414/414
f 406/406 407/407 416/416
f 406/406 416/416 415/415
f 407/407 408/408 417/417
f 407/407 417/417 416/416
f 408/408 409/409 418/418
f 408/408 418/418 417/417
f 409/409 410/410 419/419
f 409/409 419/419 418/418
f 410/410 411/411 420/420
f 410/410 420/420 419/419
f 411/411 412/412 421/421
f 411/411 421/421 420/420
f 412/412 413/413 422/422
f 412/412 422/422 421/421
f 413/413 414/414 423/423
f 413/413 423/423 422/422
f 414/414 406/406 415/415
f 414/414 415/415 423/423
f 415/415 416/416 425/425
f 415/415 425/425 424/424
f 416/416 417/417 426/426
f 416/416 426/426 425/425
f 417/417 418/418 427/427
f 417/417 427/427 426/426
f 418/418 419/419 428/428
f 418/418 428/428 427/427
f 419/419 420/420 429/429
f 419/419 429/429 428/428
f 420/420 421/421 430/430
f 420/420 430/430 429/429
f 421/421 422/422 431/431
f 421/421 431/431 430/430
f 422/422 423/423 432/432
f 422/422 432/432 431/431
f 423/423 415/415 424/424
f 423/423 424/424 432/432
f 433/433 434/434 443/443
f 433/433 443/443 442/442
f 434/434 435/435 444/444
f 434/434 444/444 443/443
f 435/435 436/436 445/445
f 435/435 445/445 444/444
f 436/436 437/437 446/446
f 436/436 446/446 445/445
f 437/437 438/438 447/447
f 437/437 447/447 446/446
f 438/438 439/439 448/448
f 438/438 448/448 447/447
f 439/439 440/440 449/449
f 439/439 449/449 448/448
f 440/440 441/441 450/450
f 440/440 450/450 449/449
f 441/441 433/433 442/442
f 441/441 442/442 450/450
f 442/442 443/443 452/452
f 442/442 452/452 451/451
f 443/443 444/444 453/453
f 443/443 453/453 452/452
f 444/444 445/445 454/454
f 444/444 454/454 453/453
f 445/445 446/446 455/455
f 445/445 455/455 454/454
f 446/446 447/447 456/456
f 446/446 456/456 455/455
f 447/447 448/448 457/457
f 447/447 457/457 456/456
f 448/448 449/449 458/458
f 448/448 458/458 457/457
f 449/449 450/450 459/459
f 449/449 459/459 458/458
f 450/450 442/442 451/451
f 450/450 451/451 459/459
f 451/451 452/452 461/461
f 451/451 461/461 460/460
f 452/452 453/453 462/462
f 452/452 462/462 461/461
f 453/453 454/454 463/463
f 453/453 463/463 462/462
f 454/454 455/455 464/464
f 454/454 464/464 463/463
f 455/455 456/456 465/465
f 455/455 465/465 464/464
f 456/456 457/457 466/466
f 456/456 466/466 465/465
f 457/457 458/458 467/467
f 457/457 467/467 466/466
f 458/458 459/459 468/468
f 458/458 468/468 467/467
f 459/459 451/451 460/460
f 459/459 460/460 468/468
f 460/460 461/461 470/470
f 460/460 470/470 469/469
f 461/461 462/462 471/471
f 461/461 471/471 470/470
f 462/462 463/463 472/472
f 462/462 472/472 471/471
f 463/463 464/464 473/473
f 463/463 473/473 472/472
f 464/464 465/465 474/474
f 464/464 474/474 473/473
f 465/465 466/466 475/475
f 465/465 475/475 474/474
f 466/466 467/467 476/476
f 466/466 476/476 475/475
f 467/467 468/468 477/477
f 467/467 477/477 476/476
f 468/468 460/460 469/469
f 468/468 469/469 477/477
f 469/469 470/470 479/479
f 469/469 479/479 478/478
f 470/470 471/471 480/480
f 470/470 480/480 479/479
f 471/471 472/472 481/481
f 471/471 481/481 480/480
f 472/472 473/473 482/482
f 472/472 482/482 481/481
f 473/473 474/474 483/483
f 473/473 483/483 482/482
f 474/474 475/475 484/484
f 474/474 484/484 483/483
f 475/475 476/476 485/485
f 475/475 485/485 484/484
f 476/476 477/477 486/486
f 476/476 486/486 485/485
f 477/477 469/469 478/478
f 477/477 478/478 486/486
f 487/487 488/488 497/497
f 487/487 497/497 496/496
f 488/488 489/489 498/498
f 488/488 498/498 497/497
f 489/489 490/490 499/499
f 489/489 499/499 498/498
f 490/490 491/491 500/500
f 490/490 500/500 499/499
f 491/491 492/492 501/501
f 491/491 501/501 500/500
f 492/492 493/493 502/502
f 492/492 502/502 501/501
f 493/493 494/494 503/503
f 493/493 503/503 502/502
f 494/494 495/495 504/504
f 494/494 504/504 503/503
f 495/495 487/487 496/496
f 495/495 496/496 504/504
f 496/496 497/497 506/506
f 496/496 506/506 505/505
f 497/497 498/498 507/507
f 497/497 507/507 506/506
f 498/498 499/499 508/508
f 498/498 508/508 507/507
f 499/499 500/500 509/509
f 499/499 509/509 508/508
f 500/500 501/501 510/510
f 500/500 510/510 509/509
f 501/501 502/502 511/511
f 501/501 511/511 510/510
f 502/502 503/503 512/512
f 502/502 512/512 511/511
f 503/503 504/504 513/513
f 503/503 513/513 512/512
f 504/504 496/496 505/505
f 504/504 505/505 513/513
f 505/505 506/506 515/515
f 505/505 515/515 514/514
f 506/506 507/507 516/516
f 506/506 516/516 515/515
f 507/507 508/508 517/517
f 507/507 517/517 516/516
f 508/508 509/509 518/518
f 508/508 518/518 517/517
f 509/509 510/510 519/519
f 509/509 519/519 518/518
f 510/510 511/511 520/520
f 510/510 520/520 519/519
f 511/511 512/512 521/521
f 511/511 521/521 520/520
f 512/512 513/513 522/522
f 512/512 522/522 521/521
f 513/513 505/505 514/514
f 513/513 514/514 522/522
f 514/514 515/515 524/524
f 514/514 524/524 523/523
f 515/515 516/516 525/525
f 515/515 525/525 524/524
f 516/516 517/517 526/526
f 516/516 526/526 525/525
f 517/517 518/518 527/527
f 517/517 527/527 526/526
f 518/518 519/519 528/528
f 518/518 528/528 527/527
f 519/519 520/520 529/529
f 519/519 529/529 528/528
f 520/520 521/521 530/530
f 520/520 530/530 529/529
f 521/521 522/522 531/531
f 521/521 531/531 530/530
f 522/522 514/514 523/523
f 522/522 523/523 531/531
f 523/523 524/524 533/533
f 523/523 533/533 532/532
f 524/524 525/525 534/534
f 524/524 534/534 533/533
f 525/525 526/526 535/535
f 525/525 535/535 534/534
f 526/526 527/527 536/536
f 526/526 536/536 535/535
f 527/527 528/528 537/537
f 527/527 537/537 536/536
f 528/528 529/529 538/538
f 528/528 538/538 537/537
f 529/529 530/530 539/539
f 529/529 539/539 538/538
f 530/530 531/531 540/540
f 530/530 540/540 539/539
f 531/531 523/523 532/532
f 531/531 532/532 540/540
f 541/541 542/542 551/551
f 541/541 551/551 550/550
f 542/542 543/543 552/552
f 542/542 552/552 551/551
f 543/543 544/544 553/553
f 543/543 553/553 552/552
f 544/544 545/545 554/554
f 544/544 554/554 553/553
f 545/545 546/546 555/555
f 545/545 555/555 554/554
f 546/546 547/547 556/556
f 546/546 556/556 555/555
f 547/547 548/548 557/557
f 547/547 557/557 556/556
f 548/548 549/549 558/558
f 548/548 558/558 557/557
f 549/549 541/541 550/550
f 549/549 550/550 558/558
f 550/550 551/551 560/560
f 550/550 560/560 559/559
f 551/551 552/552 561/561
f 551/551 561/561 560/560
f 552/552 553/553 562/562
f 552/552 562/562 561/561
f 553/553 554/554 563/563
f 553/553 563/563 562/562
f 554/554 555/555 564/564
f 554/554 564/564 563/563
f 555/555 556/556 565/565
f 555/555 565/565 564/564
f 556/556 557/557 566/566
f 556/556 566/566 565/565
f 557/557 558/558 567/567
f 557/557 567/567 566/566
f 558/558 550/550 559/559
f 558/558 559/559 567/567
f 559/559 560/560 569/569
f 559/559 569/569 568/568
f 560/560 561/561 570/570
f 560/560 570/570 569/569
f 561/561 562/562 571/571
f 561/561 571/571 570/570
f 562/562 563/563 572/572
f 562/562 572/572 571/571
f 563/563 564/564 573/573
f 563/563 573/573 572/572
f 564/564 565/565 574/574
f 564/564 574/574 573/573
f 565/565 566/566 575/575
f 565/565 575/575 574/574
f 566/566 567/567 576/576
f 566/566 576/576 575/575
f 567/567 559/559 568/568
f 567/567 568/568 576/576
f 568/568 569/569 578/578
f 568/568 578/578 577/577
f 569/569 570/570 579/579
f 569/569 579/579 578/578
f 570/570 571/571 580/580
f 570/570 580/580 579/579
f 571/571 572/572 581/581
f 571/571 581/581 580/580
f 572/572 573/573 582/582
f 572/572 582/582 581/581
f 573/573 574/574 583/583
f 573/573 583/583 582/582
f 574/574 575/575 584/584
f 574/574 584/584 583/583
f 575/575 576/576 585/585
f 575/575 585/585 584/584
f 576/576 568/568 577/577
f 576/576 577/577 585/585
f 577/577 578/578 587/587
f 577/577 587/587 586/586
f 578/578 579/579 588/588
f 578/578 588/588 587/587
f 579/579 580/580 589/589
f 579/579 589/589 588/588
f 580/580 581/581 590/590
f 580/580 590/590 589/589
f 581/581 582/582 591/591
f 581/581 591/591 590/590
f 582/582 583/583 592/592
f 582/582 592/592 591/591
f 583/583 584/584 593/593
f 583/583 593/593 592/592
f 584/584 585/585 594/594
f 584/584 594/594 593/593
f 585/585 577/577 586/586
f 585/585 586/586 594/594
f 595/595 596/596 605/605
f 595/595 605/605 604/604
f 596/596 597/597 606/606
f 596/596 606/606 605/605
f 597/597 598/598 607/607
f 597/597 607/607 606/606
f 598/598 599/599 608/608
f 598/598 608/608 607/607
f 599/599 600/600 609/609
f 599/599 609/609 608/608
f 600/600 601/601 610/610
f 600/600 610/610 609/609
f 601/601 602/602 611/611
f 601/601 611/611 610/610
f 602/602 603/603 612/612
f 602/602 612/612 611/611
f 603/603 595/595 604/604
f 603/603 604/604 612/612
f 604/604 605/605 614/614
f 604/604 614/614 613/613
f 605/605 606/606 615/615
f 605/605 615/615 614/614
f 606/606 607/607 616/616
f 606/606 616/616 615/615
f 607/607 608/608 617/617
f 607/607 617/617 616/616
f 608/608 609/609 618/618
f 608/608 618/618 617/617
f 609/609 610/610 619/619
f 609/609 619/619 618/618
f 610/610 611/611 620/620
f 610/610 620/620 619/619
f 611/611 612/612 621/621
f 611/611 621/621 620/620
f 612/612 604/604 613/613
f 612/612 613/613 621/621
f 613/613 614/614 623/623
f 613/613 623/623 622/622
f 614/614 615/615 624/624
f 614/614 624/624 623/623
f 615/615 616/616 625/625
f 615/615 625/625 624/624
f 616/616 617/617 626/626
f 616/616 626/626 625/625
f 617/617 618/618 627/627
f 617/617 627/627 626/626
f 618/618 619/619 628/628
f 618/618 628/628 627/627
f 619/619 620/620 629/629
f 619/619 629/629 628/628
f 620/620 621/621 630/630
f 620/620 630/630 629/629
f 621/621 613/613 622/622
f 621/621 622/622 630/630
f 622/622 623/623 632/632
f 622/622 632/632 631/631
f 623/623 624/624 633/633
f 623/623 633/633 632/632
f 624/624 625/625 634/634
f 624/624 634/634 633/633
f 625/625 626/626 635/635
f 625/625 635/635 634/634
f 626/626 627/627 636/636
f 626/626 636/636 635/635
f 627/627 628/628 637/637
f 627/627 637/637 636/636
f 628/628 629/629 638/638
f 628/628 638/638 637/637
f 629/629 630/630 639/639
f 629/629 639/639 638/638
f 630/630 622/622 631/631
f 630/630 631/631 639/639
f 631/631 632/632 641/641
f 631/631 641/641 640/640
f 632/632 633/633 642/642
f 632/632 642/642 641/641
f 633/633 634/634 643/643
f 633/633 643/643 642/642
f 634/634 635/635 644/644
f 634/634 644/644 643/643
f 635/635 636/636 645/645
f 635/635 645/645 644/644
f 636/636 637/637 646/646
f 636/636 646/646 645/645
f 637/637 638/638 647/647
f 637/637 647/647 646/646
f 638/638 639/639 648/648
f 638/638 648/648 647/647
f 639/639 631/631 640/640
f 639/639 640/640 648/648
f 649/649 650/650 659/659
f 649/649 659/659 658/658
f 650/650 651/651 660/660
f 650/650 660/660 659/659
f 651/651 652/652 661/661
f 651/651 661/661 660/660
f 652/652 653/653 662/662
f 652/652 662/662 661/661
f 653/653 654/654 663/663
f 653/653 663/663 662/662
f 654/654 655/655 664/664
f 654/654 664/664 663/663
f 655/655 656/656 665/665
f 655/655 665/665 664/664
f 656/656 657/657 666/666
f 656/656 666/666 665/665
f 657/657 649/649 658/658
f 657/657 658/658 666/666
f 658/658 659/659 668/668
f 658/658 668/668 667/667
f 659/659 660/660 669/669
f 659/659 669/669 668/668
f 660/660 661/661 670/670
f 660/660 670/670 669/669
f 661/661 662/662 671/671
f 661/661 671/671 670/670
f 662/662 663/663 672/672
f 662/662 672/672 671/671
f 663/663 664/664 673/673
f 663/663 673/673 672/672
f 664/664 665/665 674/674
f 664/664 674/674 673/673
f 665/665 666/666 675/675
f 665/665 675/675 674/674
f 666/666 658/658 667/667
f 666/666 667/667 675/675
f 667/667 668/668 677/677
f 667/667 677/677 676/676
f 668/668 669/669 678/678
f 668/668 678/678 677/677
f 669/669 670/670 679/679
f 669/669 679/679 678/678
f 670/670 671/671 680/680
f 670/670 680/680 679/679
f 671/671 672/672 681/681
f 671/671 681/681 680/680
f 672/672 673/673 682/682
f 672/672 682/682 681/681
f 673/673 674/674 683/683
f 673/673 683/683 682/682
f 674/674 675/675 684/684
f 674/674 684/684 683/683
f 675/675 667/667 676/676
f 675/675 676/676 684/684
f 676/676 677/677 686/686
f 676/676 686/686 685/685
f 677/677 678/678 687/687
f 677/677 687/687 686/686
f 678/678 679/679 688/688
f 678/678 688/688 687/687
f 679/679 680/680 689/689
f 679/679 689/689 688/688
f 680/680 681/681 690/690
f 680/680 690/690 689/689
f 681/681 682/682 691/691
f 681/681 691/691 690/690
f 682/682 683/683 692/692
f 682/682 692/692 691/691
f 683/683 684/684 693/693
f 683/683 693/693 692/692
f 684/684 676/676 685/685
f 684/684 685/685 693/693
f 685/685 686/686 695/695
f 685/685 695/695 694/694
f 686/686 687/687 696/696
f 686/686 696/696 695/695
f 687/687 688/688 697/697
f 687/687 697/697 696/696
f 688/688 689/689 698/698
f 688/688 698/698 697/697
f 689/689 690/690 699/699
f 689/689 699/699 698/698
f 690/690 691/691 700/700
f 690/690 700/700 699/699
f 691/691 692/692 701/701
f 691/691 701/701 700/700
f 692/692 693/693 702/702
f 692/692 702/702 701/701
f 693/693 685/685 694/694
f 693/693 694/694 702/702
f 703/703 704/704 713/713
f 703/703 713/713 712/712
f 704/704 705/705 714/714
f 704/704 714/714 713/713
f 705/705 706/706 715/715
f 705/705 715/715 714/714
f 706/706 707/707 716/716
f 706/706 716/716 715/715
f 707/707 708/708 717/717
f 707/707 717/717 716/716
f 708/708 709/709 718/718
f 708/708 718/718 717/717
f 709/709 710/710 719/719
f 709/709 719/719 718/718
f 710/710 711/711 720/720
f 710/710 720/720 719/719
f 711/711 703/703 712/712
f 711/711 712/712 720/720
f 712/712 713/713 722/722
f 712/712 722/722 721/721
f 713/713 714/714 723/723
f 713/713 723/723 722/722
f 714/714 715/715 724/724
f 714/714 724/724 723/723
f 715/715 716/716 725/725
f 715/715 725/725 724/724
f 716/716 717/717 726/726
f 716/716 726/726 725/725
f 717/717 718/718 727/727
f 717/717 727/727 726/726
f 718/718 719/719 728/728
f 718/718 728/728 727/727
f 719/719 720/720 729/729
f 719/719 729/729 728/728
f 720/720 712/712 721/721
f 720/720 721/721 729/729
f 721/721 722/722 731/731
f 721/721 731/731 730/730
f 722/722 723/723 732/732
f 722/722 732/732 731/731
f 723/723 724/724 733/733
f 723/723 733/733 732/732
f 724/724 725/725 734/734
f 724/724 734/734 733/733
f 725/725 726/726 735/735
f 725/725 735/735 734/734
f 726/726 727/727 736/736
f 726/726 736/736 735/735
f 727/727 728/728 737/737
f 727/727 737/737 736/736
f 728/728 729/729 738/738
f 728/728 738/738 737/737
f 729/729 721/721 730/730
f 729/729 730/730 738/738
f 730/730 731/731 740/740
f 730/730 740/740 739/739
f 731/731 732/732 741/741
f 731/731 741/741 740/740
f 732/732 733/733 742/742
f 732/732 742/742 741/741
f 733/733 734/734 743/743
f 733/733 743/743 742/742
f 734/734 735/735 744/744
f 734/734 744/744 743/743
f 735/735 736/736 745/745
f 735/735 745/745 744/744
f 736/736 737/737 746/746
f 736/736 746/746 745/745
f 737/737 738/738 747/747
f 737/737 747/747 746/746
f 738/738 730/730 739/739
f 738/738 739/739 747/747
f 739/739 740/740 749/749
f 739/739 749/749 748/748
f 740/740 741/741 750/750
f 740/740 750/750 749/749
f 741/741 742/742 751/751
f 741/741 751/751 750/750
f 742/742 743/743 752/752
f 742/742 752/752 751/751
f 743/743 744/744 753/753
f 743/743 753/753 752/752
f 744/744 745/745 754/754
f 744/744 754/754 753/753
f 745/745 746/746 755/755
f 745/745 755/755 754/754
f 746/746 747/747 756/756
f 746/746 756/756 755/755
f 747/747 739/739 748/748
f 747/747 748/748 756/756
f 757/757 758/758 767/767
f 757/757 767/767 766/766
f 758/758 759/759 768/768
f 758/758 768/768 767/767
f 759/759 760/760 769/769
f 759/759 769/769 768/768
f 760/760 761/761 770/770
f 760/760 770/770 769/769
f 761/761 762/762 771/771
f 761/761 771/771 770/770
f 762/762 763/763 772/772
f 762/762 772/772 771/771
f 763/763 764/764 773/773
f 763/763 773/773 772/772
f 764/764 765/765 774/774
f 764/764 774/774 773/773
f 765/765 757/757 766/766
f 765/765 766/766 774/774
f 766/766 767/767 776/776
f 766/766 776/776 775/775
f 767/767 768/768 777/777
f 767/767 777/777 776/776
f 768/768 769/769 778/778
f 768/768 778/778 777/777
f 769/769 770/770 779/779
f 769/769 779/779 778/778
f 770/770 771/771 780/780
f 770/770 780/780 779/779
f 771/771 772/772 781/781
f 771/771 781/781 780/780
f 772/772 773/773 782/782
f 772/772 782/782 781/781
f 773/773 774/774 783/783
f 773/773 783/783 782/782
f 774/774 766/766 775/775
f 774/774 775/775 783/783
f 775/775 776/776 785/785
f 775/775 785/785 784/784
f 776/776 777/777 786/786
f 776/776 786/786 785/785
f 777/777 778/778 787/787
f 777/777 787/787 786/786
f 778/778 779/779 788/788
f 778/778 788/788 787/787
f 779/779 780/780 789/789
f 779/779 789/789 788/788
f 780/780 781/781 790/790
f 780/780 790/790 789/789
f 781/781 782/782 791/791
f 781/781 791/791 790/790
f 782/782 783/783 792/792
f 782/782 792/792 791/791
f 783/783 775/775 784/784
f 783/783 784/784 792/792
f 784/784 785/785 794/794
f 784/784 794/794 793/793
f 785/785 786/786 795/795
f 785/785 795/795 794/794
f 786/786 787/787 796/796
f 786/786 796/796 795/795
f 787/787 788/788 797/797
f 787/787 797/797 796/796
f 788/788 789/789 798/798
f 788/788 798/798 797/797
f 789/789 790/790 799/799
f 789/789 799/799 798/798
f 790/790 791/791 800/800
f 790/790 800/800 799/799
f 791/791 792/792 801/801
f 791/791 801/801 800/800
f 792/792 784/784 793/793
f 792/792 793/793 801/801
f 793/793 794/794 803/803
f 793/793 803/803 802/802
f 794/794 795/795 804/804
f 794/794 804/804 803/803
f 795/795 796/796 805/805
f 795/795 805/805 804/804
f 796/796 797/797 806/806
f 796/796 806/806 805/805
f 797/797 798/798 807/807
f 797/797 807/807 806/806
f 798/798 799/799 808/808
f 798/798 808/808 807/807
f 799/799 800/800 809/809
f 799/799 809/809 808/808
f 800/800 801/801 810/810
f 800/800 810/810 809/809
f 801/801 793/793 802/802
f 801/801 802/802 810/810
f 811/811 812/812 821/821
f 811/811 821/821 820/820
f 812/812 813/813 822/822
f 812/812 822/822 821/821
f 813/813 814/814 823/823
f 813/813 823/823 822/822
f 814/814 815/815 824/824
f 814/814 824/824 823/823
f 815/815 816/816 825/825
f 815/815 825/825 824/824
f 816/816 817/817 826/826
f 816/816 826/826 825/825
f 817/817 818/818 827/827
f 817/817 827/827 826/826
f 818/818 819/819 828/828
f 818/818 828/828 827/827
f 819/819 811/811 820/820
f 819/819 820/820 828/828
f 820/820 821/821 830/830
f 820/820 830/830 829/829
f 821/821 822/822 831/831
f 821/821 831/831 830/830
f 822/822 823/823 832/832
f 822/822 832/832 831/831
f 823/823 824/824 833/833
f 823/823 833/833 832/832
f 824/824 825/825 834/834
f 824/824 834/834 833/833
f 825/825 826/826 835/835
f 825/825 835/835 834/834
f 826/826 827/827 836/836
f 826/826 836/836 835/835
f 827/827 828/828 837/837
f 827/827 837/837 836/836
f 828/828 820/820 829/829
f 828/828 829/829 837/837
f 829/829 830/830 839/839
f 829/829 839/839 838/838
f 830/830 831/831 840/840
f 830/830 840/840 839/839
f 831/831 832/832 841/841
f 831/831 841/841 840/840
f 832/832 833/833 842/842
f 832/832 842/842 841/841
f 833/833 834/834 843/843
f 833/833 843/843 842/842
f 834/834 835/835 844/844
f 834/834 844/844 843/843
f 835/835 836/836 845/845
f 835/835 845/845 844/844
f 836/836 837/837 846/846
f 836/836 846/846 845/845
f 837/837 829/829 838/838
f 837/837 838/838 846/846
f 838/838 839/839 848/848
f 838/838 848/848 847/847
f 839/839 840/840 849/849
f 839/839 849/849 848/848
f 840/840 841/841 850/850
f 840/840 850/850 849/849
f 841/841 842/842 851/851
f 841/841 851/851 850/850
f 842/842 843/843 852/852
f 842/842 852/852 851/851
f 843/843 844/844 853/853
f 843/843 853/853 852/852
f 844/844 845/845 854/854
f 844/844 854/854 853/853
f 845/845 846/846 855/855
f 845/845 855/855 854/854
f 846/846 838/838 847/847
f 846/846 847/847 855/855
f 847/847 848/848 857/857
f 847/847 857/857 856/856
f 848/848 849/849 858/858
f 848/848 858/858 857/857
f 849/849 850/850 859/859
f 849/849 859/859 858/858
f 850/850 851/851 860/860
f 850/850 860/860 859/859
f 851/851 852/852 861/861
f 851/851 861/861 860/860
f 852/852 853/853 862/862
f 852/852 862/862 861/861
f 853/853 854/854 863/863
f 853/853 863/863 862/862
f 854/854 855/855 864/864
f 854/854 864/864 863/863
f 855/855 847/847 856/856
f 855/855 856/856 864/864
f 865/865 866/866 875/875
f 865/865 875/875 874/874
f 866/866 867/867 876/876
f 866/866 876/876 875/875
f 867/867 868/868 877/877
f 867/867 877/877 876/876
f 868/868 869/869 878/878
f 868/868 878/878 877/877
f 869/869 870/870 879/879
f 869/869 879/879 878/878
f 870/870 871/871 880/880
f 870/870 880/880 879/879
f 871/871 872/872 881/881
f 871/871 881/881 880/880
f 872/872 873/873 882/882
f 872/872 882/882 881/881
f 873/873 865/865 874/874
f 873/873 874/874 882/882
f 874/874 875/875 884/884
f 874/874 884/884 883/883
f 875/875 876/876 885/885
f 875/875 885/885 884/884
f 876/876 877/877 886/886
f 876/876 886/886 885/885
f 877/877 878/878 887/887
f 877/877 887/887 886/886
f 878/878 879/879 888/888
f 878/878 888/888 887/887
f 879/879 880/880 889/889
f 879/879 889/889 888/888
f 880/880 881/881 890/890
f 880/880 890/890 889/889
f 881/881 882/882 891/891
f 881/881 891/891 890/890
f 882/882 874/874 883/883
f 882/882 883/883 891/891
f 883/883 884/884 893/893
f 883/883 893/893 892/892
f 884/884 885/885 894/894
f 884/884 894/894 893/893
f 885/885 886/886 895/895
f 885/885 895/895 894/894
f 886/886 887/887 896/896
f 886/886 896/896 895/895
f 887/887 888/888 897/897
f 887/887 897/897 896/896
f 888/888 889/889 898/898
f 888/888 898/898 897/897
f 889/889 890/890 899/899
f 889/889 899/899 898/898
f 890/890 891/891 900/900
f 890/890 900/900 899/899
f 891/891 883/883 892/892
f 891/891 892/892 900/900
f 892/892 893/893 902/902
f 892/892 902/902 901/901
f 893/893 894/894 903/903
f 893/893 903/903 902/902
f 894/894 895/895 904/904
f 894/894 904/904 903/903
f 895/895 896/896 905/905
f 895/895 905/905 904/904
f 896/896 897/897 906/906
f 896/896 906/906 905/905
f 897/897 898/898 907/907
f 897/897 907/907 906/906
f 898/898 899/899 908/908
f 898/898 908/908 907/907
f 899/899 900/900 909/909
f 899/899 909/909 908/908
f 900/900 892/892 901/901
f 900/900 901/901 909/909
f 901/901 902/902 911/911
f 901/901 911/911 910/910
f 902/902 903/903 912/912
f 902/902 912/912 911/911
f 903/903 904/904 913/913
f 903/903 913/913 912/912
f 904/904 905/905 914/914
f 904/904 914/914 913/913
f 905/905 906/906 915/915
f 905/905 915/915 914/914
f 906/906 907/907 916/916
f 906/906 916/916 915/915
f 907/907 908/908 917/917
f 907/907 917/917 916/916
f 908/908 909/909 918/918
f 908/908 918/918 917/917
f 909/909 901/901 910/910
f 909/909 910/910 918/918
f 919/919 920/920 929/929
f 919/919 929/929 928/928
f 920/920 921/921 930/930
f 920/920 930/930 929/929
f 921/921 922/922 931/931
f 921/921 931/931 930/930
f 922/922 923/923 932/932
f 922/922 932/932 931/931
f 923/923 924/924 933/933
f 923/923 933/933 932/932
f 924/924 925/925 934/934
f 924/924 934/934 933/933
f 925/925 926/926 935/935
f 925/925 935/935 934/934
f 926/926 927/927 936/936
f 926/926 936/936 935/935
f 927/927 919/919 928/928
f 927/927 928/928 936/936
f 928/928 929/929 938/938
f 928/928 938/938 937/937
f 929/929 930/930 939/939
f 929/929 939/939 938/938
f 930/930 931/931 940/940
f 930/930 940/940 939/939
f 931/931 932/932 941/941
f 931/931 941/941 940/940
f 932/932 933/933 942/942
f 932/932 942/942 941/941
f 933/933 934/934 943/943
f 933/933 943/943 942/942
f 934/934 935/935 944/944
f 934/934 944/944 943/943
f 935/935 936/936 945/945
f 935/935 945/945 944/944
f 936/936 928/928 937/937
f 936/936 937/937 945/945
f 937/937 938/938 947/947
f 937/937 947/947 946/946
f 938/938 939/939 948/948
f 938/938 948/948 947/947
f 939/939 940/940 949/949
f 939/939 949/949 948/948
f 940/940 941/941 950/950
f 940/940 950/950 949/949
f 941/941 942/942 951/951
f 941/941 951/951 950/950
f 942/942 943/943 952/952
f 942/942 952/952 951/951
f 943/943 944/944 953/953
f 943/943 953/953 952/952
f 944/944 945/945 954/954
f 944/944 954/954 953/953
f 945/945 937/937 946/946
f 945/945 946/946 954/954
f 946/946 947/947 956/956
f 946/946 956/956 955/955
f 947/947 948/948 957/957
f 947/947 957/957 956/956
f 948/948 949/949 958/958
f 948/948 958/958 957/957
f 949/949 950/950 959/959
f 949/949 959/959 958/958
f 950/950 951/951 960/960
f 950/950 960/960 959/959
f 951/951 952/952 961/961
f 951/951 961/961 960/960
f 952/952 953/953 962/962
f 952/952 962/962 961/961
f 953/953 954/954 963/963
f 953/953 963/963 962/962
f 954/954 946/946 955/955
f 954/954 955/955 963/963
f 955/955 956/956 965/965
f 955/955 965/965 964/964
f 956/956 957/957 966/966
f 956/956 966/966 965/965
f 957/957 958/958 967/967
f 957/957 967/967 966/966
f 958/958 959/959 968/968
f 958/958 968/968 967/967
f 959/959 960/960 969/969
f 959/959 969/969 968/968
f 960/960 961/961 970/970
f 960/960 970/970 969/969
f 961/961 962/962 971/971
f 961/961 971/971 970/970
f 962/962 963/963 972/972
f 962/962 972/972 971/971
f 963/963 955/955 964/964
f 963/963 964/964 972/972
f 973/973 974/974 983/983
f 973/973 983/983 982/982
f 974/974 975/975 984/984
f 974/974 984/984 983/983
f 975/975 976/976 985/985
f 975/975 985/985 984/984
f 976/976 977/977 986/986
f 976/976 986/986 985/985
f 977/977 978/978 987/987
f 977/977 987/987 986/986
f 978/978 979/979 988/988
f 978/978 988/988 987/987
f 979/979 980/980 989/989
f 979/979 989/989 988/988
f 980/980 981/981 990/990
f 980/980 990/990 989/989
f 981/981 973/973 982/982
f 981/981 982/982 990/990
f 982/982 983/983 992/992
f 982/982 992/992 991/991
f 983/983 984/984 993/993
f 983/983 993/993 992/992
f 984/984 985/985 994/994
f 984/984 994/994 993/993
f 985/985 986/986 995/995
f 985/985 995/995 994/994
f 986/986 987/987 996/996
f 986/986 996/996 995/995
f 987/987 988/988 997/997
f 987/987 997/997 996/996
f 988/988 989/989 998/998
f 988/988 998/998 997/997
f 989/989 990/990 999/999
f 989/989 999/999 998/998
f 990/990 982/982 991/991
f 990/990 991/991 999/999
f 991/991 992/992 1001/1001
f 991/991 1001/1001 1000/1000
f 992/992 993/993 1002/1002
f 992/992 1002/1002 1001/1001
f 993/993 994/994 1003/1003
f 993/993 1003/1003 1002/1002
f 994/994 995/995 1004/1004
f 994/994 1004/1004 1003/1003
f 995/995 996/996 1005/1005
f 995/995 1005/1005 1004/1004
f 996/996 997/997 1006/1006
f 996/996 1006/1006 1005/1005
f 997/997 998/998 1007/1007
f 997/997 1007/1007 1006/1006
f 998/998 999/999 1008/1008
f 998/998 1008/1008 1007/1007
f 999/999 991/991 1000/1000
f 999/999 1000/1000 1008/1008
f 1000/1000 1001/1001 1010/1010
f 1000/1000 1010/1010 1009/1009
f 1001/1001 1002/1002 1011/1011
f 1001/1001 1011/1011 1010/1010
f 1002/1002 1003/1003 1012/1012
f 1002/1002 1012/1012 1011/1011
f 1003/1003 1004/1004 1013/1013
f 1003/1003 1013/1013 1012/1012
f 1004/1004 1005/1005 1014/1014
f 1004/1004 1014/1014 1013/1013
f 1005/1005 1006/1006 1015/1015
f 1005/1005 1015/1015 1014/1014
f 1006/1006 1007/1007 1016/1016
f 1006/1006 1016/1016 1015/1015
f 1007/1007 1008/1008 1017/1017
f 1007/1007 1017/1017 1016/1016
f 1008/1008 1000/1000 1009/1009
f 1008/1008 1009/1009 1017/1017
f 1009/1009 1010/1010 1019/1019
f 1009/1009 1019/1019 1018/1018
f 1010/1010 1011/1011 1020/1020
f 1010/1010 1020/1020 1019/1019
f 1011/1011 1012/1012 1021/1021
f 1011/1011 1021/1021 1020/1020
f 1012/1012 1013/1013 1022/1022
f 1012/1012 1022/1022 1021/1021
f 1013/1013 1014/1014 1023/1023
f 1013/1013 1023/1023 1022/1022
f 1014/1014 1015/1015 1024/1024
f 1014/1014 1024/1024 1023/1023
f 1015/1015 1016/1016 1025/1025
f 1015/1015 1025/1025 1024/1024
f 1016/1016 1017/1017 1026/1026
f 1016/1016 1026/1026 1025/1025
f 1017/1017 1009/1009 1018/1018
f 1017/1017 1018/1018 1026/1026
f 1027/1027 1028/1028 1037/1037
f 1027/1027 1037/1037 1036/1036
f 1028/1028 1029/1029 1038/1038
f 1028/1028 1038/1038 1037/1037
f 1029/1029 1030/1030 1039/1039
f 1029/1029 1039/1039 1038/1038
f 1030/1030 1031/1031 1040/1040
f 1030/1030 1040/1040 1039/1039
f 1031/1031 1032/1032 1041/1041
f 1031/1031 1041/1041 1040/1040
f 1032/1032 1033/1033 1042/1042
f 1032/1032 1042/1042 1041/1041
f 1033/1033 1034/1034 1043/1043
f 1033/1033 1043/1043 1042/1042
f 1034/1034 1035/1035 1044/1044
f 1034/1034 1044/1044 1043/1043
f 1035/1035 1027/1027 1036/1036
f 1035/1035 1036/1036 1044/1044
f 1036/1036 1037/1037 1046/1046
f 1036/1036 1046/1046 1045/1045
f 1037/1037 1038/1038 1047/1047
f 1037/1037 1047/1047 1046/1046
f 1038/1038 1039/1039 1048/1048
f 1038/1038 1048/1048 1047/1047
f 1039/1039 1040/1040 1049/1049
f 1039/1039 1049/1049 1048/1048
f 1040/1040 1041/1041 1050/1050
f 1040/1040 1050/1050 1049/1049
f 1041/1041 1042/1042 1051/1051
f 1041/1041 1051/1051 1050/1050
f 1042/1042 1043/1043 1052/1052
f 1042/1042 1052/1052 1051/1051
f 1043/1043 1044/1044 1053/1053
f 1043/1043 1053/1053 1052/1052
f 1044/1044 1036/1036 1045/1045
f 1044/1044 1045/1045 1053/1053
f 1045/1045 1046/1046 1055/1055
f 1045/1045 1055/1055 1054/1054
f 1046/1046 1047/1047 1056/1056
f 1046/1046 1056/1056 1055/1055
f 1047/1047 1048/1048 1057/1057
f 1047/1047 1057/1057 1056/1056
f 1048/1048 1049/1049 1058/1058
f 1048/1048 1058/1058 1057/1057
f 1049/1049 1050/1050 1059/1059
f 1049/1049 1059/1059 1058/1058
f 1050/1050 1051/1051 1060/1060
f 1050/1050 1060/1060 1059/1059
f 1051/1051 1052/1052 1061/1061
f 1051/1051 1061/1061 1060/1060
f 1052/1052 1053/1053 1062/1062
f 1052/1052 1062/1062 1061/1061
f 1053/1053 1045/1045 1054/1054
f 1053/1053 1054/1054 1062/1062
f 1054/1054 1055/1055 1064/1064
f 1054/1054 1064/1064 1063/1063
f 1055/1055 1056/1056 1065/1065
f 1055/1055 1065/1065 1064/1064
f 1056/1056 1057/1057 1066/1066
f 1056/1056 1066/1066 1065/1065
f 1057/1057 1058/1058 1067/1067
f 1057/1057 1067/1067 1066/1066
f 1058/1058 1059/1059 1068/1068
f 1058/1058 1068/1068 1067/1067
f 1059/1059 1060/1060 1069/1069
f 1059/1059 1069/1069 1068/1068
f 1060/1060 1061/1061 1070/1070
f 1060/1060 1070/1070 1069/1069
f 1061/1061 1062/1062 1071/1071
f 1061/1061 1071/1071 1070/1070
f 1062/1062 1054/1054 1063/1063
f 1062/1062 1063/1063 1071/1071
f 1063/1063 1064/1064 1073/1073
f 1063/1063 1073/1073 1072/1072
f 1064/1064 1065/1065 1074/1074
f 1064/1064 1074/1074 1073/1073
f 1065/1065 1066/1066 1075/1075
f 1065/1065 1075/1075 1074/1074
f 1066/1066 1067/1067 1076/1076
f 1066/1066 1076/1076 1075/1075
f 1067/1067 1068/1068 1077/1077
f 1067/1067 1077/1077 1076/1076
f 1068/1068 1069/1069 1078/1078
f 1068/1068 1078/1078 1077/1077
f 1069/1069 1070/1070 1079/1079
f 1069/1069 1079/1079 1078/1078
f 1070/1070 1071/1071 1080/1080
f 1070/1070 1080/1080 1079/1079
f 1071/1071 1063/1063 1072/1072
f 1071/1071 1072/1072 1080/1080
f 1081/1081 1082/1082 1091/1091
f 1081/1081 1091/1091 1090/1090
f 1082/1082 1083/1083 1092/1092
f 1082/1082 1092/1092 1091/1091
f 1083/1083 1084/1084 1093/1093
f 1083/1083 1093/1093 1092/1092
f 1084/1084 1085/1085 1094/1094
f 1084/1084 1094/1094 1093/1093
f 1085/1085 1086/1086 1095/1095
f 1085/1085 1095/1095 1094/1094
f 1086/1086 1087/1087 1096/1096
f 1086/1086 1096/1096 1095/1095
f 1087/1087 1088/1088 1097/1097
f 1087/1087 1097/1097 1096/1096
f 1088/1088 1089/1089 1098/1098
f 1088/1088 1098/1098 1097/1097
f 1089/1089 1081/1081 1090/1090
f 1089/1089 1090/1090 1098/1098
f 1090/1090 1091/1091 1100/1100
f 1090/1090 1100/1100 1099/1099
f 1091/1091 1092/1092 1101/1101
f 1091/1091 1101/1101 1100/1100
f 1092/1092 1093/1093 1102/1102
f 1092/1092 1102/1102 1101/1101
f 1093/1093 1094/1094 1103/1103
f 1093/1093 1103/1103 1102/1102
f 1094/1094 1095/1095 1104/1104
f 1094/1094 1104/1104 1103/1103
f 1095/1095 1096/1096 1105/1105
f 1095/1095 1105/1105 1104/1104
f 1096/1096 1097/1097 1106/1106
f 1096/1096 1106/1106 1105/1105
f 1097/1097 1098/1098 1107/1107
f 1097/1097 1107/1107 1106/1106
f 1098/1098 1090/1090 1099/1099
f 1098/1098 1099/1099 1107/1107
f 1099/1099 1100/1100 1109/1109
f 1099/1099 1109/1109 1108/1108
f 1100/1100 1101/1101 1110/1110
f 1100/1100 1110/1110 1109/1109
f 1101/1101 1102/1102 1111/1111
f 1101/1101 1111/1111 1110/1110
f 1102/1102 1103/1103 1112/1112
f 1102/1102 1112/1112 1111/1111
f 1103/1103 1104/1104 1113/1113
f 1103/1103 1113/1113 1112/1112
f 1104/1104 1105/1105 1114/1114
f 1104/1104 1114/1114 1113/1113
f 1105/1105 1106/1106 1115/1115
f 1105/1105 1115/1115 1114/1114
f 1106/1106 1107/1107 1116/1116
f 1106/1106 1116/1116 1115/1115
f 1107/1107 1099/1099 1108/1108
f 1107/1107 1108/1108 1116/1116
f 1108/1108 1109/1109 1118/1118
f 1108/1108 1118/1118 1117/1117
f 1109/1109 1110/1110 1119/1119
f 1109/1109 1119/1119 1118/1118
f 1110/1110 1111/1111 1120/1120
f 1110/1110 1120/1120 1119/1119
f 1111/1111 1112/1112 1121/1121
f 1111/1111 1121/1121 1120/1120
f 1112/1112 1113/1113 1122/1122
f 1112/1112 1122/1122 1121/1121
f 1113/1113 1114/1114 1123/1123
f 1113/1113 1123/1123 1122/1122
f 1114/1114 1115/1115 1124/1124
f 1114/1114 1124/1124 1123/1123
f 1115/1115 1116/1116 1125/1125
f 1115/1115 1125/1125 1124/1124
f 1116/1116 1108/1108 1117/1117
f 1116/1116 1117/1117 1125/1125
f 1117/1117 1118/1118 1127/1127
f 1117/1117 1127/1127 1126/1126
f 1118/1118 1119/1119 1128/1128
f 1118/1118 1128/1128 1127/1127
f 1119/1119 1120/1120 1129/1129
f 1119/1119 1129/1129 1128/1128
f 1120/1120 1121/1121 1130/1130
f 1120/1120 1130/1130 1129/1129
f 1121/1121 1122/1122 1131/1131
f 1121/1121 1131/1131 1130/1130
f 1122/1122 1123/1123 1132/1132
f 1122/1122 1132/1132 1131/1131
f 1123/1123 1124/1124 1133/1133
f 1123/1123 1133/1133 1132/1132
f 1124/1124 1125/1125 1134/1134
f 1124/1124 1134/1134 1133/1133
f 1125/1125 1117/1117 1126/1126
f 1125/1125 1126/1126 1134/1134
f 1135/1135 1136/1136 1145/1145
f 1135/1135 1145/1145 1144/1144
f 1136/1136 1137/1137 1146/1146
f 1136/1136 1146/1146 1145/1145
f 1137/1137 1138/1138 1147/1147
f 1137/1137 1147/1147 1146/1146
f 1138/1138 1139/1139 1148/1148
f 1138/1138 1148/1148 1147/1147
f 1139/1139 1140/1140 1149/1149
f 1139/1139 1149/1149 1148/1148
f 1140/1140 1141/1141 1150/1150
f 1140/1140 1150/1150 1149/1149
f 1141/1141 1142/1142 1151/1151
f 1141/1141 1151/1151 1150/1150
f 1142/1142 1143/1143 1152/1152
f 1142/1142 1152/1152 1151/1151
f 1143/1143 1135/1135 1144/1144
f 1143/1143 1144/1144 1152/1152
f 1144/1144 1145/1145 1154/1154
f 1144/1144 1154/1154 1153/1153
f 1145/1145 1146/1146 1155/1155
f 1145/1145 1155/1155 1154/1154
f 1146/1146 1147/1147 1156/1156
f 1146/1146 1156/1156 1155/1155
f 1147/1147 1148/1148 1157/1157
f 1147/1147 1157/1157 1156/1156
f 1148/1148 1149/1149 1158/1158
f 1148/1148 1158/1158 1157/1157
f 1149/1149 1150/1150 1159/1159
f 1149/1149 1159/1159 1158/1158
f 1150/1150 1151/1151 1160/1160
f 1150/1150 1160/1160 1159/1159
f 1151/1151 1152/1152 1161/1161
f 1151/1151 1161/1161 1160/1160
f 1152/1152 1144/1144 1153/1153
f 1152/1152 1153/1153 1161/1161
f 1153/1153 1154/1154 1163/1163
f 1153/1153 1163/1163 1162/1162
f 1154/1154 1155/1155 1164/1164
f 1154/1154 1164/1164 1163/1163
f 1155/1155 1156/1156 1165/1165
f 1155/1155 1165/1165 1164/1164
f 1156/1156 1157/1157 1166/1166
f 1156/1156 1166/1166 1165/1165
f 1157/1157 1158/1158 1167/1167
f 1157/1157 1167/1167 1166/1166
f 1158/1158 1159/1159 1168/1168
f 1158/1158 1168/1168 1167/1167
f 1159/1159 1160/1160 1169/1169
f 1159/1159 1169/1169 1168/1168
f 1160/1160 1161/1161 1170/1170
f 1160/1160 1170/1170 1169/1169
f 1161/1161 1153/1153 1162/1162
f 1161/1161 1162/1162 1170/1170
f 1162/1162 1163/1163 1172/1172
f 1162/1162 1172/1172 1171/1171
f 1163/1163 1164/1164 1173/1173
f 1163/1163 1173/1173 1172/1172
f 1164/1164 1165/1165 1174/1174
f 1164/1164 1174/1174 1173/1173
f 1165/1165 1166/1166 1175/1175
f 1165/1165 1175/1175 1174/1174
f 1166/1166 1167/1167 1176/1176
f 1166/1166 1176/1176 1175/1175
f 1167/1167 1168/1168 1177/1177
f 1167/1167 1177/1177 1176/1176
f 1168/1168 1169/1169 1178/1178
f 1168/1168 1178/1178 1177/1177
f 1169/1169 1170/1170 1179/1179
f 1169/1169 1179/1179 1178/1178
f 1170/1170 1162/1162 1171/1171
f 1170/1170 1171/1171 1179/1179
f 1171/1171 1172/1172 1181/1181
f 1171/1171 1181/1181 1180/1180
f 1172/1172 1173/1173 1182/1182
f 1172/1172 1182/1182 1181/1181
f 1173/1173 1174/1174 1183/1183
f 1173/1173 1183/1183 1182/1182
f 1174/1174 1175/1175 1184/1184
f 1174/1174 1184/1184 1183/1183
f 1175/1175 1176/1176 1185/1185
f 1175/1175 1185/1185 1184/1184
f 1176/1176 1177/1177 1186/1186
f 1176/1176 1186/1186 1185/1185
f 1177/1177 1178/1178 1187/1187
f 1177/1177 1187/1187 1186/1186
f 1178/1178 1179/1179 1188/1188
f 1178/1178 1188/1188 1187/1187
f 1179/1179 1171/1171 1180/1180
f 1179/1179 1180/1180 1188/1188
f 1189/1189 1190/1190 1199/1199
f 1189/1189 1199/1199 1198/1198
f 1190/1190 1191/1191 1200/1200
f 1190/1190 1200/1200 1199/1199
f 1191/1191 1192/1192 1201/1201
f 1191/1191 1201/1201 1200/1200
f 1192/1192 1193/1193 1202/1202
f 1192/1192 1202/1202 1201/1201
f 1193/1193 1194/1194 1203/1203
f 1193/1193 1203/1203 1202/1202
f 1194/1194 1195/1195 1204/1204
f 1194/1194 1204/1204 1203/1203
f 1195/1195 1196/1196 1205/1205
f 1195/1195 1205/1205 1204/1204
f 1196/1196 1197/1197 1206/1206
f 1196/1196 1206/1206 1205/1205
f 1197/1197 1189/1189 1198/1198
f 1197/1197 1198/1198 1206/1206
f 1198/1198 1199/1199 1208/1208
f 1198/1198 1208/1208 1207/1207
f 1199/1199 1200/1200 1209/1209
f 1199/1199 1209/1209 1208/1208
f 1200/1200 1201/1201 1210/1210
f 1200/1200 1210/1210 1209/1209
f 1201/1201 1202/1202 1211/1211
f 1201/1201 1211/1211 1210/1210
f 1202/1202 1203/1203 1212/1212
f 1202/1202 1212/1212 1211/1211
f 1203/1203 1204/1204 1213/1213
f 1203/1203 1213/1213 1212/1212
f 1204/1204 1205/1205 1214/1214
f 1204/1204 1214/1214 1213/1213
f 1205/1205 1206/1206 1215/1215
f 1205/1205 1215/1215 1214/1214
f 1206/1206 1198/1198 1207/1207
f 1206/1206 1207/1207 1215/1215
f 1207/1207 1208/1208 1217/1217
f 1207/1207 1217/1217 1216/1216
f 1208/1208 1209/1209 1218/1218
f 1208/1208 1218/1218 1217/1217
f 1209/1209 1210/1210 1219/1219
f 1209/1209 1219/1219 1218/1218
f 1210/1210 1211/1211 1220/1220
f 1210/1210 1220/1220 1219/1219
f 1211/1211 1212/1212 1221/1221
f 1211/1211 1221/1221 1220/1220
f 1212/1212 1213/1213 1222/1222
f 1212/1212 1222/1222 1221/1221
f 1213/1213 1214/1214 1223/1223
f 1213/1213 1223/1223 1222/1222
f 1214/1214 1215/1215 1224/1224
f 1214/1214 1224/1224 1223/1223
f 1215/1215 1207/1207 1216/1216
f 1215/1215 1216/1216 1224/1224
f 1216/1216 1217/1217 1226/1226
f 1216/1216 1226/1226 1225/1225
f 1217/1217 1218/1218 1227/1227
f 1217/1217 1227/1227 1226/1226
f 1218/1218 1219/1219 1228/1228
f 1218/1218 1228/1228 1227/1227
f 1219/1219 1220/1220 1229/1229
f 1219/1219 1229/1229 1228/1228
f 1220/1220 1221/1221 1230/1230
f 1220/1220 1230/1230 1229/1229
f 1221/1221 1222/1222 1231/1231
f 1221/1221 1231/1231 1230/1230
f 1222/1222 1223/1223 1232/1232
f 1222/1222 1232/1232 1231/1231
f 1223/1223 1224/1224 1233/1233
f 1223/1223 1233/1233 1232/1232
f 1224/1224 1216/1216 1225/1225
f 1224/1224 1225/1225 1233/1233
f 1225/1225 1226/1226 1235/1235
f 1225/1225 1235/1235 1234/1234
f 1226/1226 1227/1227 1236/1236
f 1226/1226 1236/1236 1235/1235
f 1227/1227 1228/1228 1237/1237
f 1227/1227 1237/1237 1236/1236
f 1228/1228 1229/1229 1238/1238
f 1228/1228 1238/1238 1237/1237
f 1229/1229 1230/1230 1239/1239
f 1229/1229 1239/1239 1238/1238
f 1230/1230 1231/1231 1240/1240
f 1230/1230 1240/1240 1239/1239
f 1231/1231 1232/1232 1241/1241
f 1231/1231 1241/1241 1240/1240
f 1232/1232 1233/1233 1242/1242
f 1232/1232 1242/1242 1241/1241
f 1233/1233 1225/1225 1234/1234
f 1233/1233 1234/1234 1242/1242
f 1243/1243 1244/1244 1253/1253
f 1243/1243 1253/1253 1252/1252
f 1244/1244 1245/1245 1254/1254
f 1244/1244 1254/1254 1253/1253
f 1245/1245 1246/1246 1255/1255
f 1245/1245 1255/1255 1254/1254
f 1246/1246 1247/1247 1256/1256
f 1246/1246 1256/1256 1255/1255
f 1247/1247 1248/1248 1257/1257
f 1247/1247 1257/1257 1256/1256
f 1248/1248 1249/1249 1258/1258
f 1248/1248 1258/1258 1257/1257
f 1249/1249 1250/1250 1259/1259
f 1249/1249 1259/1259 1258/1258
f 1250/1250 1251/1251 1260/1260
f 1250/1250 1260/1260 1259/1259
f 1251/1251 1243/1243 1252/1252
f 1251/1251 1252/1252 1260/1260
f 1252/1252 1253/1253 1262/1262
f 1252/1252 1262/1262 1261/1261
f 1253/1253 1254/1254 1263/1263
f 1253/1253 1263/1263 1262/1262
f 1254/1254 1255/1255 1264/1264
f 1254/1254 1264/1264 1263/1263
f 1255/1255 1256/1256 1265/1265
f 1255/1255 1265/1265 1264/1264
f 1256/1256 1257/1257 1266/1266
f 1256/1256 1266/1266 1265/1265
f 1257/1257 1258/1258 1267/1267
f 1257/1257 1267/1267 1266/1266
f 1258/1258 1259/1259 1268/1268
f 1258/1258 1268/1268 1267/1267
f 1259/1259 1260/1260 1269/1269
f 1259/1259 1269/1269 1268/1268
f 1260/1260 1252/1252 1261/1261
f 1260/1260 1261/1261 1269/1269
f 1261/1261 1262/1262 1271/1271
f 1261/1261 1271/1271 1270/1270
f 1262/1262 1263/1263 1272/1272
f 1262/1262 1272/1272 1271/1271
f 1263/1263 1264/1264 1273/1273
f 1263/1263 1273/1273 1272/1272
f 1264/1264 1265/1265 1274/1274
f 1264/1264 1274/1274 1273/1273
f 1265/1265 1266/1266 1275/1275
f 1265/1265 1275/1275 1274/1274
f 1266/1266 1267/1267 1276/1276
f 1266/1266 1276/1276 1275/1275
f 1267/1267 1268/1268 1277/1277
f 1267/1267 1277/1277 1276/1276
f 1268/1268 1269/1269 1278/1278
f 1268/1268 1278/1278 1277/1277
f 1269/1269 1261/1261 1270/1270
f 1269/1269 1270/1270 1278/1278
f 1270/1270 1271/1271 1280/1280
f 1270/1270 1280/1280 1279/1279
f 1271/1271 1272/1272 1281/1281
f 1271/1271 1281/1281 1280/1280
f 1272/1272 1273/1273 1282/1282
f 1272/1272 1282/1282 1281/1281
f 1273/1273 1274/1274 1283/1283
f 1273/1273 1283/1283 1282/1282
f 1274/1274 1275/1275 1284/1284
f 1274/1274 1284/1284 1283/1283
f 1275/1275 1276/1276 1285/1285
f 1275/1275 1285/1285 1284/1284
f 1276/1276 1277/1277 1286/1286
f 1276/1276 1286/1286 1285/1285
f 1277/1277 1278/1278 1287/1287
f 1277/1277 1287/1287 1286/1286
f 1278/1278 1270/1270 1279/1279
f 1278/1278 1279/1279 1287/1287
f 1279/1279 1280/1280 1289/1289
f 1279/1279 1289/1289 1288/1288
f 1280/1280 1281/1281 1290/1290
f 1280/1280 1290/1290 1289/1289
f 1281/1281 1282/1282 1291/1291
f 1281/1281 1291/1291 1290/1290
f 1282/1282 1283/1283 1292/1292
f 1282/1282 1292/1292 1291/1291
f 1283/1283 1284/1284 1293/1293
f 1283/1283 1293/1293 1292/1292
f 1284/1284 1285/1285 1294/1294
f 1284/1284 1294/1294 1293/1293
f 1285/1285 1286/1286 1295/1295
f 1285/1285 1295/1295 1294/1294
f 1286/1286 1287/1287 1296/1296
f 1286/1286 1296/1296 1295/1295
f 1287/1287 1279/1279 1288/1288
f 1287/1287 1288/1288 1296/1296
f 1297/1297 1298/1298 1307/1307
f 1297/1297 1307/1307 1306/1306
f 1298/1298 1299/1299 1308/1308
f 1298/1298 1308/1308 1307/1307
f 1299/1299 1300/1300 1309/1309
f 1299/1299 1309/1309 1308/1308
f 1300/1300 1301/1301 1310/1310
f 1300/1300 1310/1310 1309/1309
f 1301/1301 1302/1302 1311/1311
f 1301/1301 1311/1311 1310/1310
f 1302/1302 1303/1303 1312/1312
f 1302/1302 1312/1312 1311/1311
f 1303/1303 1304/1304 1313/1313
f 1303/1303 1313/1313 1312/1312
f 1304/1304 1305/1305 1314/1314
f 1304/1304 1314/1314 1313/1313
f 1305/1305 1297/1297 1306/1306
f 1305/1305 1306/1306 1314/1314
f 1306/1306 1307/1307 1316/1316
f 1306/1306 1316/1316 1315/1315
f 1307/1307 1308/1308 1317/1317
f 1307/1307 1317/1317 1316/1316
f 1308/1308 1309/1309 1318/1318
f 1308/1308 1318/1318 1317/1317
f 1309/1309 1310/1310 1319/1319
f 1309/1309 1319/1319 1318/1318
f 1310/1310 1311/1311 1320/1320
f 1310/1310 1320/1320 1319/1319
f 1311/1311 1312/1312 1321/1321
f 1311/1311 1321/1321 1320/1320
f 1312/1312 1313/1313 1322/1322
f 1312/1312 1322/1322 1321/1321
f 1313/1313 1314/1314 1323/1323
f 1313/1313 1323/1323 1322/1322
f 1314/1314 1306/1306 1315/1315
f 1314/1314 1315/1315 1323/1323
f 1315/1315 1316/1316 1325/1325
f 1315/1315 1325/1325 1324/1324
f 1316/1316 1317/1317 1326/1326
f 1316/1316 1326/1326 1325/1325
f 1317/1317 1318/1318 1327/1327
f 1317/1317 1327/1327 1326/1326
f 1318/1318 1319/1319 1328/1328
f 1318/1318 1328/1328 1327/1327
f 1319/1319 1320/1320 1329/1329
f 1319/1319 1329/1329 1328/1328
f 1320/1320 1321/1321 1330/1330
f 1320/1320 1330/1330 1329/1329
f 1321/1321 1322/1322 1331/1331
f 1321/1321 1331/1331 1330/1330
f 1322/1322 1323/1323 1332/1332
f 1322/1322 1332/1332 1331/1331
f 1323/1323 1315/1315 1324/1324
f 1323/1323 1324/1324 1332/1332
f 1324/1324 1325/1325 1334/1334
f 1324/1324 1334/1334 1333/1333
f 1325/1325 1326/1326 1335/1335
f 1325/1325 1335/1335 1334/1334
f 1326/1326 1327/1327 1336/1336
f 1326/1326 1336/1336 1335/1335
f 1327/1327 1328/1328 1337/1337
f 1327/1327 1337/1337 1336/1336
f 1328/1328 1329/1329 1338/1338
f 1328/1328 1338/1338 1337/1337
f 1329/1329 1330/1330 1339/1339
f 1329/1329 1339/1339 1338/1338
f 1330/1330 1331/1331 1340/1340
f 1330/1330 1340/1340 1339/1339
f 1331/1331 1332/1332 1341/1341
f 1331/1331 1341/1341 1340/1340
f 1332/1332 1324/1324 1333/1333
f 1332/1332 1333/1333 1341/1341
f 1333/1333 1334/1334 1343/1343
f 1333/1333 1343/1343 1342/1342
f 1334/1334 1335/1335 1344/1344
f 1334/1334 1344/1344 1343/1343
f 1335/1335 1336/1336 1345/1345
f 1335/1335 1345/1345 1344/1344
f 1336/1336 1337/1337 1346/1346
f 1336/1336 1346/1346 1345/1345
f 1337/1337 1338/1338 1347/1347
f 1337/1337 1347/1347 1346/1346
f 1338/1338 1339/1339 1348/1348
f 1338/1338 1348/1348 1347/1347
f 1339/1339 1340/1340 1349/1349
f 1339/1339 1349/1349 1348/1348
f 1340/1340 1341/1341 1350/1350
f 1340/1340 1350/1350 1349/1349
f 1341/1341 1333/1333 1342/1342
f 1341/1341 1342/1342 1350/1350
f 1351/1351 1352/1352 1361/1361
f 1351/1351 1361/1361 1360/1360
f 1352/1352 1353/1353 1362/1362
f 1352/1352 1362/1362 1361/1361
f 1353/1353 1354/1354 1363/1363
f 1353/1353 1363/1363 1362/1362
f 1354/1354 1355/1355 1364/1364
f 1354/1354 1364/1364 1363/1363
f 1355/1355 1356/1356 1365/1365
f 1355/1355 1365/1365 1364/1364
f 1356/1356 1357/1357 1366/1366
f 1356/1356 1366/1366 1365/1365
f 1357/1357 1358/1358 1367/1367
f 1357/1357 1367/1367 1366/1366
f 1358/1358 1359/1359 1368/1368
f 1358/1358 1368/1368 1367/1367
f 1359/1359 1351/1351 1360/1360
f 1359/1359 1360/1360 1368/1368
f 1360/1360 1361/1361 1370/1370
f 1360/1360 1370/1370 1369/1369
f 1361/1361 1362/1362 1371/1371
f 1361/1361 1371/1371 1370/1370
f 1362/1362 1363/1363 1372/1372
f 1362/1362 1372/1372 1371/1371
f 1363/1363 1364/1364 1373/1373
f 1363/1363 1373/1373 1372/1372
f 1364/1364 1365/1365 1374/1374
f 1364/1364 1374/1374 1373/1373
f 1365/1365 1366/1366 1375/1375
f 1365/1365 1375/1375 1374/1374
f 1366/1366 1367/1367 1376/1376
f 1366/1366 1376/1376 1375/1375
f 1367/1367 1368/1368 1377/1377
f 1367/1367 1377/1377 1376/1376
f 1368/1368 1360/1360 1369/1369
f 1368/1368 1369/1369 1377/1377
f 1369/1369 1370/1370 1379/1379
f 1369/1369 1379/1379 1378/1378
f 1370/1370 1371/1371 1380/1380
f 1370/1370 1380/1380 1379/1379
f 1371/1371 1372/1372 1381/1381
f 1371/1371 1381/1381 1380/1380
f 1372/1372 1373/1373 1382/1382
f 1372/1372 1382/1382 1381/1381
f 1373/1373 1374/1374 1383/1383
f 1373/1373 1383/1383 1382/1382
f 1374/1374 1375/1375 1384/1384
f 1374/1374 1384/1384 1383/1383
f 1375/1375 1376/1376 1385/1385
f 1375/1375 1385/1385 1384/1384
f 1376/1376 1377/1377 1386/1386
f 1376/1376 1386/1386 1385/1385
f 1377/1377 1369/1369 1378/1378
f 1377/1377 1378/1378 1386/1386
f 1378/1378 1379/1379 1388/1388
f 1378/1378 1388/1388 1387/1387
f 1379/1379 1380/1380 1389/1389
f 1379/1379 1389/1389 1388/1388
f 1380/1380 1381/1381 1390/1390
f 1380/1380 1390/1390 1389/1389
f 1381/1381 1382/1382 1391/1391
f 1381/1381 1391/1391 1390/1390
f 1382/1382 1383/1383 1392/1392
f 1382/1382 1392/1392 1391/1391
f 1383/1383 1384/1384 1393/1393
f 1383/1383 1393/1393 1392/1392
f 1384/1384 1385/1385 1394/1394
f 1384/1384 1394/1394 1393/1393
f 1385/1385 1386/1386 1395/1395
f 1385/1385 1395/1395 1394/1394
f 1386/1386 1378/1378 1387/1387
f 1386/1386 1387/1387 1395/1395
f 1387/1387 1388/1388 1397/1397
f 1387/1387 1397/1397 1396/1396
f 1388/1388 1389/1389 1398/1398
f 1388/1388 1398/1398 1397/1397
f 1389/1389 1390/1390 1399/1399
f 1389/1389 1399/1399 1398/1398
f 1390/1390 1391/1391 1400/1400
f 1390/1390 1400/1400 1399/1399
f 1391/1391 1392/1392 1401/1401
f 1391/1391 1401/1401 1400/1400
f 1392/1392 1393/1393 1402/1402
f 1392/1392 1402/1402 1401/1401
f 1393/1393 1394/1394 1403/1403
f 1393/1393 1403/1403 1402/1402
f 1394/1394 1395/1395 1404/1404
f 1394/1394 1404/1404 1403/1403
f 1395/1395 1387/1387 1396/1396
f 1395/1395 1396/1396 1404/1404
f 1405/1405 1406/1406 1415/1415
f 1405/1405 1415/1415 1414/1414
f 1406/1406 1407/1407 1416/1416
f 1406/1406 1416/1416 1415/1415
f 1407/1407 1408/1408 1417/1417
f 1407/1407 1417/1417 1416/1416
f 1408/1408 1409/1409 1418/1418
f 1408/1408 1418/1418 1417/1417
f 1409/1409 1410/1410 1419/1419
f 1409/1409 1419/1419 1418/1418
f 1410/1410 1411/1411 1420/1420
f 1410/1410 1420/1420 1419/1419
f 1411/1411 1412/1412 1421/1421
f 1411/1411 1421/1421 1420/1420
f 1412/1412 1413/1413 1422/1422
f 1412/1412 1422/1422 1421/1421
f 1413/1413 1405/1405 1414/1414
f 1413/1413 1414/1414 1422/1422
f 1414/1414 1415/1415 1424/1424
f 1414/1414 1424/1424 1423/1423
f 1415/1415 1416/1416 1425/1425
f 1415/1415 1425/1425 1424/1424
f 1416/1416 1417/1417 1426/1426
f 1416/1416 1426/1426 1425/1425
f 1417/1417 1418/1418 1427/1427
f 1417/1417 1427/1427 1426/1426
f 1418/1418 1419/1419 1428/1428
f 1418/1418 1428/1428 1427/1427
f 1419/1419 1420/1420 1429/1429
f 1419/1419 1429/1429 1428/1428
f 1420/1420 1421/1421 1430/1430
f 1420/1420 1430/1430 1429/1429
f 1421/1421 1422/1422 1431/1431
f 1421/1421 1431/1431 1430/1430
f 1422/1422 1414/1414 1423/1423
f 1422/1422 1423/1423 1431/1431
f 1423/1423 1424/1424 1433/1433
f 1423/1423 1433/1433 1432/1432
f 1424/1424 1425/1425 1434/1434
f 1424/1424 1434/1434 1433/1433
f 1425/1425 1426/1426 1435/1435
f 1425/1425 1435/1435 1434/1434
f 1426/1426 1427/1427 1436/1436
f 1426/1426 1436/1436 1435/1435
f 1427/1427 1428/1428 1437/1437
f 1427/1427 1437/1437 1436/1436
f 1428/1428 1429/1429 1438/1438
f 1428/1428 1438/1438 1437/1437
f 1429/1429 1430/1430 1439/1439
f 1429/1429 1439/1439 1438/1438
f 1430/1430 1431/1431 1440/1440
f 1430/1430 1440/1440 1439/1439
f 1431/1431 1423/1423 1432/1432
f 1431/1431 1432/1432 1440/1440
f 1432/1432 1433/1433 1442/1442
f 1432/1432 1442/1442 1441/1441
f 1433/1433 1434/1434 1443/1443
f 1433/1433 1443/1443 1442/1442
f 1434/1434 1435/1435 1444/1444
f 1434/1434 1444/1444 1443/1443
f 1435/1435 1436/1436 1445/1445
f 1435/1435 1445/1445 1444/1444
f 1436/1436 1437/1437 1446/1446
f 1436/1436 1446/1446 1445/1445
f 1437/1437 1438/1438 1447/1447
f 1437/1437 1447/1447 1446/1446
f 1438/1438 1439/1439 1448/1448
f 1438/1438 1448/1448 1447/1447
f 1439/1439 1440/1440 1449/1449
f 1439/1439 1449/1449 1448/1448
f 1440/1440 1432/1432 1441/1441
f 1440/1440 1441/1441 1449/1449
f 1441/1441 1442/1442 1451/1451
f 1441/1441 1451/1451 1450/1450
f 1442/1442 1443/1443 1452/1452
f 1442/1442 1452/1452 1451/1451
f 1443/1443 1444/1444 1453/1453
f 1443/1443 1453/1453 1452/1452
f 1444/1444 1445/1445 1454/1454
f 1444/1444 1454/1454 1453/1453
f 1445/1445 1446/1446 1455/1455
f 1445/1445 1455/1455 1454/1454
f 1446/1446 1447/1447 1456/1456
f 1446/1446 1456/1456 1455/1455
f 1447/1447 1448/1448 1457/1457
f 1447/1447 1457/1457 1456/1456
f 1448/1448 1449/1449 1458/1458
f 1448/1448 1458/1458 1457/1457
f 1449/1449 1441/1441 1450/1450
f 1449/1449 1450/1450 1458/1458
f 1459/1459 1460/1460 1469/1469
f 1459/1459 1469/1469 1468/1468
f 1460/1460 1461/1461 1470/1470
f 1460/1460 1470/1470 1469/1469
f 1461/1461 1462/1462 1471/1471
f 1461/1461 1471/1471 1470/1470
f 1462/1462 1463/1463 1472/1472
f 1462/1462 1472/1472 1471/1471
f 1463/1463 1464/1464 1473/1473
f 1463/1463 1473/1473 1472/1472
f 1464/1464 1465/1465 1474/1474
f 1464/1464 1474/1474 1473/1473
f 1465/1465 1466/1466 1475/1475
f 1465/1465 1475/1475 1474/1474
f 1466/1466 1467/1467 1476/1476
f 1466/1466 1476/1476 1475/1475
f 1467/1467 1459/1459 1468/1468
f 1467/1467 1468/1468 1476/1476
f 1468/1468 1469/1469 1478/1478
f 1468/1468 1478/1478 1477/1477
f 1469/1469 1470/1470 1479/1479
f 1469/1469 1479/1479 1478/1478
f 1470/1470 1471/1471 1480/1480
f 1470/1470 1480/1480 1479/1479
f 1471/1471 1472/1472 1481/1481
f 1471/1471 1481/1481 1480/1480
f 1472/1472 1473/1473 1482/1482
f 1472/1472 1482/1482 1481/1481
f 1473/1473 1474/1474 1483/1483
f 1473/1473 1483/1483 1482/1482
f 1474/1474 1475/1475 1484/1484
f 1474/1474 1484/1484 1483/1483
f 1475/1475 1476/1476 1485/1485
f 1475/1475 1485/1485 1484/1484
f 1476/1476 1468/1468 1477/1477
f 1476/1476 1477/1477 1485/1485
f 1477/1477 1478/1478 1487/1487
f 1477/1477 1487/1487 1486/1486
f 1478/1478 1479/1479 1488/1488
f 1478/1478 1488/1488 1487/1487
f 1479/1479 1480/1480 1489/1489
f 1479/1479 1489/1489 1488/1488
f 1480/1480 1481/1481 1490/1490
f 1480/1480 1490/1490 1489/1489
f 1481/1481 1482/1482 1491/1491
f 1481/1481 1491/1491 1490/1490
f 1482/1482 1483/1483 1492/1492
f 1482/1482 1492/1492 1491/1491
f 1483/1483 1484/1484 1493/1493
f 1483/1483 1493/1493 1492/1492
f 1484/1484 1485/1485 1494/1494
f 1484/1484 1494/1494 1493/1493
f 1485/1485 1477/1477 1486/1486
f 1485/1485 1486/1486 1494/1494
f 1486/1486 1487/1487 1496/1496
f 1486/1486 1496/1496 1495/1495
f 1487/1487 1488/1488 1497/1497
f 1487/1487 1497/1497 1496/1496
f 1488/1488 1489/1489 1498/1498
f 1488/1488 1498/1498 1497/1497
f 1489/1489 1490/1490 1499/1499
f 1489/1489 1499/1499 1498/1498
f 1490/1490 1491/1491 1500/1500
f 1490/1490 1500/1500 1499/1499
f 1491/1491 1492/1492 1501/1501
f 1491/1491 1501/1501 1500/1500
f 1492/1492 1493/1493 1502/1502
f 1492/1492 1502/1502 1501/1501
f 1493/1493 1494/1494 1503/1503
f 1493/1493 1503/1503 1502/1502
f 1494/1494 1486/1486 1495/1495
f 1494/1494 1495/1495 1503/1503
f 1495/1495 1496/1496 1505/1505
f 1495/1495 1505/1505 1504/1504
f 1496/1496 1497/1497 1506/1506
f 1496/1496 1506/1506 1505/1505
f 1497/1497 1498/1498 1507/1507
f 1497/1497 1507/1507 1506/1506
f 1498/1498 1499/1499 1508/1508
f 1498/1498 1508/1508 1507/1507
f 1499/1499 1500/1500 1509/1509
f 1499/1499 1509/1509 1508/1508
f 1500/1500 1501/1501 1510/1510
f 1500/1500 1510/1510 1509/1509
f 1501/1501 1502/1502 1511/1511
f 1501/1501 1511/1511 1510/1510
f 1502/1502 1503/1503 1512/1512
f 1502/1502 1512/1512 1511/1511
f 1503/1503 1495/1495 1504/1504
f 1503/1503 1504/1504 1512/1512
f 1513/1513 1514/1514 1523/1523
f 1513/1513 1523/1523 1522/1522
f 1514/1514 1515/1515 1524/1524
f 1514/1514 1524/1524 1523/1523
f 1515/1515 1516/1516 1525/1525
f 1515/1515 1525/1525 1524/1524
f 1516/1516 1517/1517 1526/1526
f 1516/1516 1526/1526 1525/1525
f 1517/1517 1518/1518 1527/1527
f 1517/1517 1527/1527 1526/1526
f 1518/1518 1519/1519 1528/1528
f 1518/1518 1528/1528 1527/1527
f 1519/1519 1520/1520 1529/1529
f 1519/1519 1529/1529 1528/1528
f 1520/1520 1521/1521 1530/1530
f 1520/1520 1530/1530 1529/1529
f 1521/1521 1513/1513 1522/1522
f 1521/1521 1522/1522 1530/1530
f 1522/1522 1523/1523 1532/1532
f 1522/1522 1532/1532 1531/1531
f 1523/1523 1524/1524 1533/1533
f 1523/1523 1533/1533 1532/1532
f 1524/1524 1525/1525 1534/1534
f 1524/1524 1534/1534 1533/1533
f 1525/1525 1526/1526 1535/1535
f 1525/1525 1535/1535 1534/1534
f 1526/1526 1527/1527 1536/1536
f 1526/1526 1536/1536 1535/1535
f 1527/1527 1528/1528 1537/1537
f 1527/1527 1537/1537 1536/1536
f 1528/1528 1529/1529 1538/1538
f 1528/1528 1538/1538 1537/1537
f 1529/1529 1530/1530 1539/1539
f 1529/1529 1539/1539 1538/1538
f 1530/1530 1522/1522 1531/1531
f 1530/1530 1531/1531 1539/1539
f 1531/1531 1532/1532 1541/1541
f 1531/1531 1541/1541 1540/1540
f 1532/1532 1533/1533 1542/1542
f 1532/1532 1542/1542 1541/1541
f 1533/1533 1534/1534 1543/1543
f 1533/1533 1543/1543 1542/1542
f 1534/1534 1535/1535 1544/1544
f 1534/1534 1544/1544 1543/1543
f 1535/1535 1536/1536 1545/1545
f 1535/1535 1545/1545 1544/1544
f 1536/1536 1537/1537 1546/1546
f 1536/1536 1546/1546 1545/1545
f 1537/1537 1538/1538 1547/1547
f 1537/1537 1547/1547 1546/1546
f 1538/1538 1539/1539 1548/1548
f 1538/1538 1548/1548 1547/1547
f 1539/1539 1531/1531 1540/1540
f 1539/1539 1540/1540 1548/1548
f 1540/1540 1541/1541 1550/1550
f 1540/1540 1550/1550 1549/1549
f 1541/1541 1542/1542 1551/1551
f 1541/1541 1551/1551 1550/1550
f 1542/1542 1543/1543 1552/1552
f 1542/1542 1552/1552 1551/1551
f 1543/1543 1544/1544 1553/1553
f 1543/1543 1553/1553 1552/1552
f 1544/1544 1545/1545 1554/1554
f 1544/1544 1554/1554 1553/1553
f 1545/1545 1546/1546 1555/1555
f 1545/1545 1555/1555 1554/1554
f 1546/1546 1547/1547 1556/1556
f 1546/1546 1556/1556 1555/1555
f 1547/1547 1548/1548 1557/1557
f 1547/1547 1557/1557 1556/1556
f 1548/1548 1540/1540 1549/1549
f 1548/1548 1549/1549 1557/1557
f 1549/1549 1550/1550 1559/1559
f 1549/1549 1559/1559 1558/1558
f 1550/1550 1551/1551 1560/1560
f 1550/1550 1560/1560 1559/1559
f 1551/1551 1552/1552 1561/1561
f 1551/1551 1561/1561 1560/1560
f 1552/1552 1553/1553 1562/1562
f 1552/1552 1562/1562 1561/1561
f 1553/1553 1554/1554 1563/1563
f 1553/1553 1563/1563 1562/1562
f 1554/1554 1555/1555 1564/1564
f 1554/1554 1564/1564 1563/1563
f 1555/1555 1556/1556 1565/1565
f 1555/1555 1565/1565 1564/1564
f 1556/1556 1557/1557 1566/1566
f 1556/1556 1566/1566 1565/1565
f 1557/1557 1549/1549 1558/1558
f 1557/1557 1558/1558 1566/1566
f 1567/1567 1568/1568 1577/1577
f 1567/1567 1577/1577 1576/1576
f 1568/1568 1569/1569 1578/1578
f 1568/1568 1578/1578 1577/1577
f 1569/1569 1570/1570 1579/1579
f 1569/1569 1579/1579 1578/1578
f 1570/1570 1571/1571 1580/1580
f 1570/1570 1580/1580 1579/1579
f 1571/1571 1572/1572 1581/1581
f 1571/1571 1581/1581 1580/1580
f 1572/1572 1573/1573 1582/1582
f 1572/1572 1582/1582 1581/1581
f 1573/1573 1574/1574 1583/1583
f 1573/1573 1583/1583 1582/1582
f 1574/1574 1575/1575 1584/1584
f 1574/1574 1584/1584 1583/1583
f 1575/1575 1567/1567 1576/1576
f 1575/1575 1576/1576 1584/1584
f 1576/1576 1577/1577 1586/1586
f 1576/1576 1586/1586 1585/1585
f 1577/1577 1578/1578 1587/1587
f 1577/1577 1587/1587 1586/1586
f 1578/1578 1579/1579 1588/1588
f 1578/1578 1588/1588 1587/1587
f 1579/1579 1580/1580 1589/1589
f 1579/1579 1589/1589 1588/1588
f 1580/1580 1581/1581 1590/1590
f 1580/1580 1590/1590 1589/1589
f 1581/1581 1582/1582 1591/1591
f 1581/1581 1591/1591 1590/1590
f 1582/1582 1583/1583 1592/1592
f 1582/1582 1592/1592 1591/1591
f 1583/1583 1584/1584 1593/1593
f 1583/1583 1593/1593 1592/1592
f 1584/1584 1576/1576 1585/1585
f 1584/1584 1585/1585 1593/1593
f 1585/1585 1586/1586 1595/1595
f 1585/1585 1595/1595 1594/1594
f 1586/1586 1587/1587 1596/1596
f 1586/1586 1596/1596 1595/1595
f 1587/1587 1588/1588 1597/1597
f 1587/1587 1597/1597 1596/1596
f 1588/1588 1589/1589 1598/1598
f 1588/1588 1598/1598 1597/1597
f 1589/1589 1590/1590 1599/1599
f 1589/1589 1599/1599 1598/1598
f 1590/1590 1591/1591 1600/1600
f 1590/1590 1600/1600 1599/1599
f 1591/1591 1592/1592 1601/1601
f 1591/1591 1601/1601 1600/1600
f 1592/1592 1593/1593 1602/1602
f 1592/1592 1602/1602 1601/1601
f 1593/1593 1585/1585 1594/1594
f 1593/1593 1594/1594 1602/1602
f 1594/1594 1595/1595 1604/1604
f 1594/1594 1604/1604 1603/1603
f 1595/1595 1596/1596 1605/1605
f 1595/1595 1605/1605 1604/1604
f 1596/1596 1597/1597 1606/1606
f 1596/1596 1606/1606 1605/1605
f 1597/1597 1598/1598 1607/1607
f 1597/1597 1607/1607 1606/1606
f 1598/1598 1599/1599 1608/1608
f 1598/1598 1608/1608 1607/1607
f 1599/1599 1600/1600 1609/1609
f 1599/1599 1609/1609 1608/1608
f 1600/1600 1601/1601 1610/1610
f 1600/1600 1610/1610 1609/1609
f 1601/1601 1602/1602 1611/1611
f 1601/1601 1611/1611 1610/1610
f 1602/1602 1594/1594 1603/1603
f 1602/1602 1603/1603 1611/1611
f 1603/1603 1604/1604 1613/1613
f 1603/1603 1613/1613 1612/1612
f 1604/1604 1605/1605 1614/1614
f 1604/1604 1614/1614 1613/1613
f 1605/1605 1606/1606 1615/1615
f 1605/1605 1615/1615 1614/1614
f 1606/1606 1607/1607 1616/1616
f 1606/1606 1616/1616 1615/1615
f 1607/1607 1608/1608 1617/1617
f 1607/1607 1617/1617 1616/1616
f 1608/1608 1609/1609 1618/1618
f 1608/1608 1618/1618 1617/1617
f 1609/1609 1610/1610 1619/1619
f 1609/1609 1619/1619 1618/1618
f 1610/1610 1611/1611 1620/1620
f 1610/1610 1620/1620 1619/1619
f 1611/1611 1603/1603 1612/1612
f 1611/1611 1612/1612 1620/1620
f 1621/1621 1622/1622 1631/1631
f 1621/1621 1631/1631 1630/1630
f 1622/1622 1623/1623 1632/1632
f 1622/1622 1632/1632 1631/1631
f 1623/1623 1624/1624 1633/1633
f 1623/1623 1633/1633 1632/1632
f 1624/1624 1625/1625 1634/1634
f 1624/1624 1634/1634 1633/1633
f 1625/1625 1626/1626 1635/1635
f 1625/1625 1635/1635 1634/1634
f 1626/1626 1627/1627 1636/1636
f 1626/1626 1636/1636 1635/1635
f 1627/1627 1628/1628 1637/1637
f 1627/1627 1637/1637 1636/1636
f 1628/1628 1629/1629 1638/1638
f 1628/1628 1638/1638 1637/1637
f 1629/1629 1621/1621 1630/1630
f 1629/1629 1630/1630 1638/1638
f 1630/1630 1631/1631 1640/1640
f 1630/1630 1640/1640 1639/1639
f 1631/1631 1632/1632 1641/1641
f 1631/1631 1641/1641 1640/1640
f 1632/1632 1633/1633 1642/1642
f 1632/1632 1642/1642 1641/1641
f 1633/1633 1634/1634 1643/1643
f 1633/1633 1643/1643 1642/1642
f 1634/1634 1635/1635 1644/1644
f 1634/1634 1644/1644 1643/1643
f 1635/1635 1636/1636 1645/1645
f 1635/1635 1645/1645 1644/1644
f 1636/1636 1637/1637 1646/1646
f 1636/1636 1646/1646 1645/1645
f 1637/1637 1638/1638 1647/1647
f 1637/1637 1647/1647 1646/1646
f 1638/1638 1630/1630 1639/1639
f 1638/1638 1639/1639 1647/1647
f 1639/1639 1640/1640 1649/1649
f 1639/1639 1649/1649 1648/1648
f 1640/1640 1641/1641 1650/1650
f 1640/1640 1650/1650 1649/1649
f 1641/1641 1642/1642 1651/1651
f 1641/1641 1651/1651 1650/1650
f 1642/1642 1643/1643 1652/1652
f 1642/1642 1652/1652 1651/1651
f 1643/1643 1644/1644 1653/1653
f 1643/1643 1653/1653 1652/1652
f 1644/1644 1645/1645 1654/1654
f 1644/1644 1654/1654 1653/1653
f 1645/1645 1646/1646 1655/1655
f 1645/1645 1655/1655 1654/1654
f 1646/1646 1647/1647 1656/1656
f 1646/1646 1656/1656 1655/1655
f 1647/1647 1639/1639 1648/1648
f 1647/1647 1648/1648 1656/1656
f 1648/1648 1649/1649 1658/1658
f 1648/1648 1658/1658 1657/1657
f 1649/1649 1650/1650 1659/1659
f 1649/1649 1659/1659 1658/1658
f 1650/1650 1651/1651 1660/1660
f 1650/1650 1660/1660 1659/1659
f 1651/1651 1652/1652 1661/1661
f 1651/1651 1661/1661 1660/1660
f 1652/1652 1653/1653 1662/1662
f 1652/1652 1662/1662 1661/1661
f 1653/1653 1654/1654 1663/1663
f 1653/1653 1663/1663 1662/1662
f 1654/1654 1655/1655 1664/1664
f 1654/1654 1664/1664 1663/1663
f 1655/1655 1656/1656 1665/1665
f 1655/1655 1665/1665 1664/1664
f 1656/1656 1648/1648 1657/1657
f 1656/1656 1657/1657 1665/1665
f 1657/1657 1658/1658 1667/1667
f 1657/1657 1667/1667 1666/1666
f 1658/1658 1659/1659 1668/1668
f 1658/1658 1668/1668 1667/1667
f 1659/1659 1660/1660 1669/1669
f 1659/1659 1669/1669 1668/1668
f 1660/1660 1661/1661 1670/1670
f 1660/1660 1670/1670 1669/1669
f 1661/1661 1662/1662 1671/1671
f 1661/1661 1671/1671 1670/1670
f 1662/1662 1663/1663 1672/1672
f 1662/1662 1672/1672 1671/1671
f 1663/1663 1664/1664 1673/1673
f 1663/1663 1673/1673 1672/1672
f 1664/1664 1665/1665 1674/1674
f 1664/1664 1674/1674 1673/1673
f 1665/1665 1657/1657 1666/1666
f 1665/1665 1666/1666 1674/1674
f 1675/1675 1676/1676 1685/1685
f 1675/1675 1685/1685 1684/1684
f 1676/1676 1677/1677 1686/1686
f 1676/1676 1686/1686 1685/1685
f 1677/1677 1678/1678 1687/1687
f 1677/1677 1687/1687 1686/1686
f 1678/1678 1679/1679 1688/1688
f 1678/1678 1688/1688 1687/1687
f 1679/1679 1680/1680 1689/1689
f 1679/1679 1689/1689 1688/1688
f 1680/1680 1681/1681 1690/1690
f 1680/1680 1690/1690 1689/1689
f 1681/1681 1682/1682 1691/1691
f 1681/1681 1691/1691 1690/1690
f 1682/1682 1683/1683 1692/1692
f 1682/1682 1692/1692 1691/1691
f 1683/1683 1675/1675 1684/1684
f 1683/1683 1684/1684 1692/1692
f 1684/1684 1685/1685 1694/1694
f 1684/1684 1694/1694 1693/1693
f 1685/1685 1686/1686 1695/1695
f 1685/1685 1695/1695 1694/1694
f 1686/1686 1687/1687 1696/1696
f 1686/1686 1696/1696 1695/1695
f 1687/1687 1688/1688 1697/1697
f 1687/1687 1697/1697 1696/1696
f 1688/1688 1689/1689 1698/1698
f 1688/1688 1698/1698 1697/1697
f 1689/1689 1690/1690 1699/1699
f 1689/1689 1699/1699 1698/1698
f 1690/1690 1691/1691 1700/1700
f 1690/1690 1700/1700 1699/1699
f 1691/1691 1692/1692 1701/1701
f 1691/1691 1701/1701 1700/1700
f 1692/1692 1684/1684 1693/1693
f 1692/1692 1693/1693 1701/1701
f 1693/1693 1694/1694 1703/1703
f 1693/1693 1703/1703 1702/1702
f 1694/1694 1695/1695 1704/1704
f 1694/1694 1704/1704 1703/1703
f 1695/1695 1696/1696 1705/1705
f 1695/1695 1705/1705 1704/1704
f 1696/1696 1697/1697 1706/1706
f 1696/1696 1706/1706 1705/1705
f 1697/1697 1698/1698 1707/1707
f 1697/1697 1707/1707 1706/1706
f 1698/1698 1699/1699 1708/1708
f 1698/1698 1708/1708 1707/1707
f 1699/1699 1700/1700 1709/1709
f 1699/1699 1709/1709 1708/1708
f 1700/1700 1701/1701 1710/1710
f 1700/1700 1710/1710 1709/1709
f 1701/1701 1693/1693 1702/1702
f 1701/1701 1702/1702 1710/1710
f 1702/1702 1703/1703 1712/1712
f 1702/1702 1712/1712 1711/1711
f 1703/1703 1704/1704 1713/1713
f 1703/1703 1713/1713 1712/1712
f 1704/1704 1705/1705 1714/1714
f 1704/1704 1714/1714 1713/1713
f 1705/1705 1706/1706 1715/1715
f 1705/1705 1715/1715 1714/1714
f 1706/1706 1707/1707 1716/1716
f 1706/1706 1716/1716 1715/1715
f 1707/1707 1708/1708 1717/1717
f 1707/1707 1717/1717 1716/1716
f 1708/1708 1709/1709 1718/1718
f 1708/1708 1718/1718 1717/1717
f 1709/1709 1710/1710 1719/1719
f 1709/1709 1719/1719 1718/1718
f 1710/1710 1702/1702 1711/1711
f 1710/1710 1711/1711 1719/1719
f 1711/1711 1712/1712 1721/1721
f 1711/1711 1721/1721 1720/1720
f 1712/1712 1713/1713 1722/1722
f 1712/1712 1722/1722 1721/1721
f 1713/1713 1714/1714 1723/1723
f 1713/1713 1723/1723 1722/1722
f 1714/1714 1715/1715 1724/1724
f 1714/1714 1724/1724 1723/1723
f 1715/1715 1716/1716 1725/1725
f 1715/1715 1725/1725 1724/1724
f 1716/1716 1717/1717 1726/1726
f 1716/1716 1726/1726 1725/1725
f 1717/1717 1718/1718 1727/1727
f 1717/1717 1727/1727 1726/1726
f 1718/1718 1719/1719 1728/1728
f 1718/1718 1728/1728 1727/1727
f 1719/1719 1711/1711 1720/1720
f 1719/1719 1720/1720 1728/1728
f 1729/1729 1730/1730 1739/1739
f 1729/1729 1739/1739 1738/1738
f 1730/1730 1731/1731 1740/1740
f 1730/1730 1740/1740 1739/1739
f 1731/1731 1732/1732 1741/1741
f 1731/1731 1741/1741 1740/1740
f 1732/1732 1733/1733 1742/1742
f 1732/1732 1742/1742 1741/1741
f 1733/1733 1734/1734 1743/1743
f 1733/1733 1743/1743 1742/1742
f 1734/1734 1735/1735 1744/1744
f 1734/1734 1744/1744 1743/1743
f 1735/1735 1736/1736 1745/1745
f 1735/1735 1745/1745 1744/1744
f 1736/1736 1737/1737 1746/1746
f 1736/1736 1746/1746 1745/1745
f 1737/1737 1729/1729 1738/1738
f 1737/1737 1738/1738 1746/1746
f 1738/1738 1739/1739 1748/1748
f 1738/1738 1748/1748 1747/1747
f 1739/1739 1740/1740 1749/1749
f 1739/1739 1749/1749 1748/1748
f 1740/1740 1741/1741 1750/1750
f 1740/1740 1750/1750 1749/1749
f 1741/1741 1742/1742 1751/1751
f 1741/1741 1751/1751 1750/1750
f 1742/1742 1743/1743 1752/1752
f 1742/1742 1752/1752 1751/1751
f 1743/1743 1744/1744 1753/1753
f 1743/1743 1753/1753 1752/1752
f 1744/1744 1745/1745 1754/1754
f 1744/1744 1754/1754 1753/1753
f 1745/1745 1746/1746 1755/1755
f 1745/1745 1755/1755 1754/1754
f 1746/1746 1738/1738 1747/1747
f 1746/1746 1747/1747 1755/1755
f 1747/1747 1748/1748 1757/1757
f 1747/1747 1757/1757 1756/1756
f 1748/1748 1749/1749 1758/1758
f 1748/1748 1758/1758 1757/1757
f 1749/1749 1750/1750 1759/1759
f 1749/1749 1759/1759 1758/1758
f 1750/1750 1751/1751 1760/1760
f 1750/1750 1760/1760 1759/1759
f 1751/1751 1752/1752 1761/1761
f 1751/1751 1761/1761 1760/1760
f 1752/1752 1753/1753 1762/1762
f 1752/1752 1762/1762 1761/1761
f 1753/1753 1754/1754 1763/1763
f 1753/1753 1763/1763 1762/1762
f 1754/1754 1755/1755 1764/1764
f 1754/1754 1764/1764 1763/1763
f 1755/1755 1747/1747 1756/1756
f 1755/1755 1756/1756 1764/1764
f 1756/1756 1757/1757 1766/1766
f 1756/1756 1766/1766 1765/1765
f 1757/1757 1758/1758 1767/1767
f 1757/1757 1767/1767 1766/1766
f 1758/1758 1759/1759 1768/1768
f 1758/1758 1768/1768 1767/1767
f 1759/1759 1760/1760 1769/1769
f 1759/1759 1769/1769 1768/1768
f 1760/1760 1761/1761 1770/1770
f 1760/1760 1770/1770 1769/1769
f 1761/1761 1762/1762 1771/1771
f 1761/1761 1771/1771 1770/1770
f 1762/1762 1763/1763 1772/1772
f 1762/1762 1772/1772 1771/1771
f 1763/1763 1764/1764 1773/1773
f 1763/1763 1773/1773 1772/1772
f 1764/1764 1756/1756 1765/1765
f 1764/1764 1765/1765 1773/1773
f 1765/1765 1766/1766 1775/1775
f 1765/1765 1775/1775 1774/1774
f 1766/1766 1767/1767 1776/1776
f 1766/1766 1776/1776 1775/1775
f 1767/1767 1768/1768 1777/1777
f 1767/1767 1777/1777 1776/1776
f 1768/1768 1769/1769 1778/1778
f 1768/1768 1778/1778 1777/1777
f 1769/1769 1770/1770 1779/1779
f 1769/1769 1779/1779 1778/1778
f 1770/1770 1771/1771 1780/1780
f 1770/1770 1780/1780 1779/1779
f 1771/1771 1772/1772 1781/1781
f 1771/1771 1781/1781 1780/1780
f 1772/1772 1773/1773 1782/1782
f 1772/1772 1782/1782 1781/1781
f 1773/1773 1765/1765 1774/1774
f 1773/1773 1774/1774 1782/1782
f 1783/1783 1784/1784 1793/1793
f 1783/1783 1793/1793 1792/1792
f 1784/1784 1785/1785 1794/1794
f 1784/1784 1794/1794 1793/1793
f 1785/1785 1786/1786 1795/1795
f 1785/1785 1795/1795 1794/1794
f 1786/1786 1787/1787 1796/1796
f 1786/1786 1796/1796 1795/1795
f 1787/1787 1788/1788 1797/1797
f 1787/1787 1797/1797 1796/1796
f 1788/1788 1789/1789 1798/1798
f 1788/1788 1798/1798 1797/1797
f 1789/1789 1790/1790 1799/1799
f 1789/1789 1799/1799 1798/1798
f 1790/1790 1791/1791 1800/1800
f 1790/1790 1800/1800 1799/1799
f 1791/1791 1783/1783 1792/1792
f 1791/1791 1792/1792 1800/1800
f 1792/1792 1793/1793 1802/1802
f 1792/1792 1802/1802 1801/1801
f 1793/1793 1794/1794 1803/1803
f 1793/1793 1803/1803 1802/1802
f 1794/1794 1795/1795 1804/1804
f 1794/1794 1804/1804 1803/1803
f 1795/1795 1796/1796 1805/1805
f 1795/1795 1805/1805 1804/1804
f 1796/1796 1797/1797 1806/1806
f 1796/1796 1806/1806 1805/1805
f 1797/1797 1798/1798 1807/1807
f 1797/1797 1807/1807 1806/1806
f 1798/1798 1799/1799 1808/1808
f 1798/1798 1808/1808 1807/1807
f 1799/1799 1800/1800 1809/1809
f 1799/1799 1809/1809 1808/1808
f 1800/1800 1792/1792 1801/1801
f 1800/1800 1801/1801 1809/1809
f 1801/1801 1802/1802 1811/1811
f 1801/1801 1811/1811 1810/1810
f 1802/1802 1803/1803 1812/1812
f 1802/1802 1812/1812 1811/1811
f 1803/1803 1804/1804 1813/1813
f 1803/1803 1813/1813 1812/1812
f 1804/1804 1805/1805 1814/1814
f 1804/1804 1814/1814 1813/1813
f 1805/1805 1806/1806 1815/1815
f 1805/1805 1815/1815 1814/1814
f 1806/1806 1807/1807 1816/1816
f 1806/1806 1816/1816 1815/1815
f 1807/1807 1808/1808 1817/1817
f 1807/1807 1817/1817 1816/1816
f 1808/1808 1809/1809 1818/1818
f 1808/1808 1818/1818 1817/1817
f 1809/1809 1801/1801 1810/1810
f 1809/1809 1810/1810 1818/1818
f 1810/1810 1811/1811 1820/1820
f 1810/1810 1820/1820 1819/1819
f 1811/1811 1812/1812 1821/1821
f 1811/1811 1821/1821 1820/1820
f 1812/1812 1813/1813 1822/1822
f 1812/1812 1822/1822 1821/1821
f 1813/1813 1814/1814 1823/1823
f 1813/1813 1823/1823 1822/1822
f 1814/1814 1815/1815 1824/1824
f 1814/1814 1824/1824 1823/1823
f 1815/1815 1816/1816 1825/1825
f 1815/1815 1825/1825 1824/1824
f 1816/1816 1817/1817 1826/1826
f 1816/1816 1826/1826 1825/1825
f 1817/1817 1818/1818 1827/1827
f 1817/1817 1827/1827 1826/1826
f 1818/1818 1810/1810 1819/1819
f 1818/1818 1819/1819 1827/1827
f 1819/1819 1820/1820 1829/1829
f 1819/1819 1829/1829 1828/1828
f 1820/1820 1821/1821 1830/1830
f 1820/1820 1830/1830 1829/1829
f 1821/1821 1822/1822 1831/1831
f 1821/1821 1831/1831 1830/1830
f 1822/1822 1823/1823 1832/1832
f 1822/1822 1832/1832 1831/1831
f 1823/1823 1824/1824 1833/1833
f 1823/1823 1833/1833 1832/1832
f 1824/1824 1825/1825 1834/1834
f 1824/1824 1834/1834 1833/1833
f 1825/1825 1826/1826 1835/1835
f 1825/1825 1835/1835 1834/1834
f 1826/1826 1827/1827 1836/1836
f 1826/1826 1836/1836 1835/1835
f 1827/1827 1819/1819 1828/1828
f 1827/1827 1828/1828 1836/1836
f 1837/1837 1838/1838 1847/1847
f 1837/1837 1847/1847 1846/1846
f 1838/1838 1839/1839 1848/1848
f 1838/1838 1848/1848 1847/1847
f 1839/1839 1840/1840 1849/1849
f 1839/1839 1849/1849 1848/1848
f 1840/1840 1841/1841 1850/1850
f 1840/1840 1850/1850 1849/1849
f 1841/1841 1842/1842 1851/1851
f 1841/1841 1851/1851 1850/1850
f 1842/1842 1843/1843 1852/1852
f 1842/1842 1852/1852 1851/1851
f 1843/1843 1844/1844 1853/1853
f 1843/1843 1853/1853 1852/1852
f 1844/1844 1845/1845 1854/1854
f 1844/1844 1854/1854 1853/1853
f 1845/1845 1837/1837 1846/1846
f 1845/1845 1846/1846 1854/1854
f 1846/1846 1847/1847 1856/1856
f 1846/1846 1856/1856 1855/1855
f 1847/1847 1848/1848 1857/1857
f 1847/1847 1857/1857 1856/1856
f 1848/1848 1849/1849 1858/1858
f 1848/1848 1858/1858 1857/1857
f 1849/1849 1850/1850 1859/1859
f 1849/1849 1859/1859 1858/1858
f 1850/1850 1851/1851 1860/1860
f 1850/1850 1860/1860 1859/1859
f 1851/1851 1852/1852 1861/1861
f 1851/1851 1861/1861 1860/1860
f 1852/1852 1853/1853 1862/1862
f 1852/1852 1862/1862 1861/1861
f 1853/1853 1854/1854 1863/1863
f 1853/1853 1863/1863 1862/1862
f 1854/1854 1846/1846 1855/1855
f 1854/1854 1855/1855 1863/1863
f 1855/1855 1856/1856 1865/1865
f 1855/1855 1865/1865 1864/1864
f 1856/1856 1857/1857 1866/1866
f 1856/1856 1866/1866 1865/1865
f 1857/1857 1858/1858 1867/1867
f 1857/1857 1867/1867 1866/1866
f 1858/1858 1859/1859 1868/1868
f 1858/1858 1868/1868 1867/1867
f 1859/1859 1860/1860 1869/1869
f 1859/1859 1869/1869 1868/1868
f 1860/1860 1861/1861 1870/1870
f 1860/1860 1870/1870 1869/1869
f 1861/1861 1862/1862 1871/1871
f 1861/1861 1871/1871 1870/1870
f 1862/1862 1863/1863 1872/1872
f 1862/1862 1872/1872 1871/1871
f 1863/1863 1855/1855 1864/1864
f 1863/1863 1864/1864 1872/1872
f 1864/1864 1865/1865 1874/1874
f 1864/1864 1874/1874 1873/1873
f 1865/1865 1866/1866 1875/1875
f 1865/1865 1875/1875 1874/1874
f 1866/1866 1867/1867 1876/1876
f 1866/1866 1876/1876 1875/1875
f 1867/1867 1868/1868 1877/1877
f 1867/1867 1877/1877 1876/1876
f 1868/1868 1869/1869 1878/1878
f 1868/1868 1878/1878 1877/1877
f 1869/1869 1870/1870 1879/1879
f 1869/1869 1879/1879 1878/1878
f 1870/1870 1871/1871 1880/1880
f 1870/1870 1880/1880 1879/1879
f 1871/1871 1872/1872 1881/1881
f 1871/1871 1881/1881 1880/1880
f 1872/1872 1864/1864 1873/1873
f 1872/1872 1873/1873 1881/1881
f 1873/1873 1874/1874 1883/1883
f 1873/1873 1883/1883 1882/1882
f 1874/1874 1875/1875 1884/1884
f 1874/1874 1884/1884 1883/1883
f 1875/1875 1876/1876 1885/1885
f 1875/1875 1885/1885 1884/1884
f 1876/1876 1877/1877 1886/1886
f 1876/1876 1886/1886 1885/1885
f 1877/1877 1878/1878 1887/1887
f 1877/1877 1887/1887 1886/1886
f 1878/1878 1879/1879 1888/1888
f 1878/1878 1888/1888 1887/1887
f 1879/1879 1880/1880 1889/1889
f 1879/1879 1889/1889 1888/1888
f 1880/1880 1881/1881 1890/1890
f 1880/1880 1890/1890 1889/1889
f 1881/1881 1873/1873 1882/1882
f 1881/1881 1882/1882 1890/1890
f 1891/1891 1892/1892 1901/1901
f 1891/1891 1901/1901 1900/1900
f 1892/1892 1893/1893 1902/1902
f 1892/1892 1902/1902 1901/1901
f 1893/1893 1894/1894 1903/1903
f 1893/1893 1903/1903 1902/1902
f 1894/1894 1895/1895 1904/1904
f 1894/1894 1904/1904 1903/1903
f 1895/1895 1896/1896 1905/1905
f 1895/1895 1905/1905 1904/1904
f 1896/1896 1897/1897 1906/1906
f 1896/1896 1906/1906 1905/1905
f 1897/1897 1898/1898 1907/1907
f 1897/1897 1907/1907 1906/1906
f 1898/1898 1899/1899 1908/1908
f 1898/1898 1908/1908 1907/1907
f 1899/1899 1891/1891 1900/1900
f 1899/1899 1900/1900 1908/1908
f 1900/1900 1901/1901 1910/1910
f 1900/1900 1910/1910 1909/1909
f 1901/1901 1902/1902 1911/1911
f 1901/1901 1911/1911 1910/1910
f 1902/1902 1903/1903 1912/1912
f 1902/1902 1912/1912 1911/1911
f 1903/1903 1904/1904 1913/1913
f 1903/1903 1913/1913 1912/1912
f 1904/1904 1905/1905 1914/1914
f 1904/1904 1914/1914 1913/1913
f 1905/1905 1906/1906 1915/1915
f 1905/1905 1915/1915 1914/1914
f 1906/1906 1907/1907 1916/1916
f 1906/1906 1916/1916 1915/1915
f 1907/1907 1908/1908 1917/1917
f 1907/1907 1917/1917 1916/1916
f 1908/1908 1900/1900 1909/1909
f 1908/1908 1909/1909 1917/1917
f 1909/1909 1910/1910 1919/1919
f 1909/1909 1919/1919 1918/1918
f 1910/1910 1911/1911 1920/1920
f 1910/1910 1920/1920 1919/1919
f 1911/1911 1912/1912 1921/1921
f 1911/1911 1921/1921 1920/1920
f 1912/1912 1913/1913 1922/1922
f 1912/1912 1922/1922 1921/1921
f 1913/1913 1914/1914 1923/1923
f 1913/1913 1923/1923 1922/1922
f 1914/1914 1915/1915 1924/1924
f 1914/1914 1924/1924 1923/1923
f 1915/1915 1916/1916 1925/1925
f 1915/1915 1925/1925 1924/1924
f 1916/1916 1917/1917 1926/1926
f 1916/1916 1926/1926 1925/1925
f 1917/1917 1909/1909 1918/1918
f 1917/1917 1918/1918 1926/1926
f 1918/1918 1919/1919 1928/1928
f 1918/1918 1928/1928 1927/1927
f 1919/1919 1920/1920 1929/1929
f 1919/1919 1929/1929 1928/1928
f 1920/1920 1921/1921 1930/1930
f 1920/1920 1930/1930 1929/1929
f 1921/1921 1922/1922 1931/1931
f 1921/1921 1931/1931 1930/1930
f 1922/1922 1923/1923 1932/1932
f 1922/1922 1932/1932 1931/1931
f 1923/1923 1924/1924 1933/1933
f 1923/1923 1933/1933 1932/1932
f 1924/1924 1925/1925 1934/1934
f 1924/1924 1934/1934 1933/1933
f 1925/1925 1926/1926 1935/1935
f 1925/1925 1935/1935 1934/1934
f 1926/1926 1918/1918 1927/1927
f 1926/1926 1927/1927 1935/1935
f 1927/1927 1928/1928 1937/1937
f 1927/1927 1937/1937 1936/1936
f 1928/1928 1929/1929 1938/1938
f 1928/1928 1938/1938 1937/1937
f 1929/1929 1930/1930 1939/1939
f 1929/1929 1939/1939 1938/1938
f 1930/1930 1931/1931 1940/1940
f 1930/1930 1940/1940 1939/1939
f 1931/1931 1932/1932 1941/1941
f 1931/1931 1941/1941 1940/1940
f 1932/1932 1933/1933 1942/1942
f 1932/1932 1942/1942 1941/1941
f 1933/1933 1934/1934 1943/1943
f 1933/1933 1943/1943 1942/1942
f 1934/1934 1935/1935 1944/1944
f 1934/1934 1944/1944 1943/1943
f 1935/1935 1927/1927 1936/1936
f 1935/1935 1936/1936 1944/1944
f 1945/1945 1946/1946 1955/1955
f 1945/1945 1955/1955 1954/1954
f 1946/1946 1947/1947 1956/1956
f 1946/1946 1956/1956 1955/1955
f 1947/1947 1948/1948 1957/1957
f 1947/1947 1957/1957 1956/1956
f 1948/1948 1949/1949 1958/1958
f 1948/1948 1958/1958 1957/1957
f 1949/1949 1950/1950 1959/1959
f 1949/1949 1959/1959 1958/1958
f 1950/1950 1951/1951 1960/1960
f 1950/1950 1960/1960 1959/1959
f 1951/1951 1952/1952 1961/1961
f 1951/1951 1961/1961 1960/1960
f 1952/1952 1953/1953 1962/1962
f 1952/1952 1962/1962 1961/1961
f 1953/1953 1945/1945 1954/1954
f 1953/1953 1954/1954 1962/1962
f 1954/1954 1955/1955 1964/1964
f 1954/1954 1964/1964 1963/1963
f 1955/1955 1956/1956 1965/1965
f 1955/1955 1965/1965 1964/1964
f 1956/1956 1957/1957 1966/1966
f 1956/1956 1966/1966 1965/1965
f 1957/1957 1958/1958 1967/1967
f 1957/1957 1967/1967 1966/1966
f 1958/1958 1959/1959 1968/1968
f 1958/1958 1968/1968 1967/1967
f 1959/1959 1960/1960 1969/1969
f 1959/1959 1969/1969 1968/1968
f 1960/1960 1961/1961 1970/1970
f 1960/1960 1970/1970 1969/1969
f 1961/1961 1962/1962 1971/1971
f 1961/1961 1971/1971 1970/1970
f 1962/1962 1954/1954 1963/1963
f 1962/1962 1963/1963 1971/1971
f 1963/1963 1964/1964 1973/1973
f 1963/1963 1973/1973 1972/1972
f 1964/1964 1965/1965 1974/1974
f 1964/1964 1974/1974 1973/1973
f 1965/1965 1966/1966 1975/1975
f 1965/1965 1975/1975 1974/1974
f 1966/1966 1967/1967 1976/1976
f 1966/1966 1976/1976 1975/1975
f 1967/1967 1968/1968 1977/1977
f 1967/1967 1977/1977 1976/1976
f 1968/1968 1969/1969 1978/1978
f 1968/1968 1978/1978 1977/1977
f 1969/1969 1970/1970 1979/1979
f 1969/1969 1979/1979 1978/1978
f 1970/1970 1971/1971 1980/1980
f 1970/1970 1980/1980 1979/1979
f 1971/1971 1963/1963 1972/1972
f 1971/1971 1972/1972 1980/1980
f 1972/1972 1973/1973 1982/1982
f 1972/1972 1982/1982 1981/1981
f 1973/1973 1974/1974 1983/1983
f 1973/1973 1983/1983 1982/1982
f 1974/1974 1975/1975 1984/1984
f 1974/1974 1984/1984 1983/1983
f 1975/1975 1976/1976 1985/1985
f 1975/1975 1985/1985 1984/1984
f 1976/1976 1977/1977 1986/1986
f 1976/1976 1986/1986 1985/1985
f 1977/1977 1978/1978 1987/1987
f 1977/1977 1987/1987 1986/1986
f 1978/1978 1979/1979 1988/1988
f 1978/1978 1988/1988 1987/1987
f 1979/1979 1980/1980 1989/1989
f 1979/1979 1989/1989 1988/1988
f 1980/1980 1972/1972 1981/1981
f 1980/1980 1981/1981 1989/1989
f 1981/1981 1982/1982 1991/1991
f 1981/1981 1991/1991 1990/1990
f 1982/1982 1983/1983 1992/1992
f 1982/1982 1992/1992 1991/1991
f 1983/1983 1984/1984 1993/1993
f 1983/1983 1993/1993 1992/1992
f 1984/1984 1985/1985 1994/1994
f 1984/1984 1994/1994 1993/1993
f 1985/1985 1986/1986 1995/1995
f 1985/1985 1995/1995 1994/1994
f 1986/1986 1987/1987 1996/1996
f 1986/1986 1996/1996 1995/1995
f 1987/1987 1988/1988 1997/1997
f 1987/1987 1997/1997 1996/1996
f 1988/1988 1989/1989 1998/1998
f 1988/1988 1998/1998 1997/1997
f 1989/1989 1981/1981 1990/1990
f 1989/1989 1990/1990 1998/1998
f 1999/1999 2000/2000 2009/2009
f 1999/1999 2009/2009 2008/2008
f 2000/2000 2001/2001 2010/2010
f 2000/2000 2010/2010 2009/2009
f 2001/2001 2002/2002 2011/2011
f 2001/2001 2011/2011 2010/2010
f 2002/2002 2003/2003 2012/2012
f 2002/2002 2012/2012 2011/2011
f 2003/2003 2004/2004 2013/2013
f 2003/2003 2013/2013 2012/2012
f 2004/2004 2005/2005 2014/2014
f 2004/2004 2014/2014 2013/2013
f 2005/2005 2006/2006 2015/2015
f 2005/2005 2015/2015 2014/2014
f 2006/2006 2007/2007 2016/2016
f 2006/2006 2016/2016 2015/2015
f 2007/2007 1999/1999 2008/2008
f 2007/2007 2008/2008 2016/2016
f 2008/2008 2009/2009 2018/2018
f 2008/2008 2018/2018 2017/2017
f 2009/2009 2010/2010 2019/2019
f 2009/2009 2019/2019 2018/2018
f 2010/2010 2011/2011 2020/2020
f 2010/2010 2020/2020 2019/2019
f 2011/2011 2012/2012 2021/2021
f 2011/2011 2021/2021 2020/2020
f 2012/2012 2013/2013 2022/2022
f 2012/2012 2022/2022 2021/2021
f 2013/2013 2014/2014 2023/2023
f 2013/2013 2023/2023 2022/2022
f 2014/2014 2015/2015 2024/2024
f 2014/2014 2024/2024 2023/2023
f 2015/2015 2016/2016 2025/2025
f 2015/2015 2025/2025 2024/2024
f 2016/2016 2008/2008 2017/2017
f 2016/2016 2017/2017 2025/2025
f 2017/2017 2018/2018 2027/2027
f 2017/2017 2027/2027 2026/2026
f 2018/2018 2019/2019 2028/2028
f 2018/2018 2028/2028 2027/2027
f 2019/2019 2020/2020 2029/2029
f 2019/2019 2029/2029 2028/2028
f 2020/2020 2021/2021 2030/2030
f 2020/2020 2030/2030 2029/2029
f 2021/2021 2022/2022 2031/2031
f 2021/2021 2031/2031 2030/2030
f 2022/2022 2023/2023 2032/2032
f 2022/2022 2032/2032 2031/2031
f 2023/2023 2024/2024 2033/2033
f 2023/2023 2033/2033 2032/2032
f 2024/2024 2025/2025 2034/2034
f 2024/2024 2034/2034 2033/2033
f 2025/2025 2017/2017 2026/2026
f 2025/2025 2026/2026 2034/2034
f 2026/2026 2027/2027 2036/2036
f 2026/2026 2036/2036 2035/2035
f 2027/2027 2028/2028 2037/2037
f 2027/2027 2037/2037 2036/2036
f 2028/2028 2029/2029 2038/2038
f 2028/2028 2038/2038 2037/2037
f 2029/2029 2030/2030 2039/2039
f 2029/2029 2039/2039 2038/2038
f 2030/2030 2031/2031 2040/2040
f 2030/2030 2040/2040 2039/2039
f 2031/2031 2032/2032 2041/2041
f 2031/2031 2041/2041 2040/2040
f 2032/2032 2033/2033 2042/2042
f 2032/2032 2042/2042 2041/2041
f 2033/2033 2034/2034 2043/2043
f 2033/2033 2043/2043 2042/2042
f 2034/2034 2026/2026 2035/2035
f 2034/2034 2035/2035 2043/2043
f 2035/2035 2036/2036 2045/2045
f 2035/2035 2045/2045 2044/2044
f 2036/2036 2037/2037 2046/2046
f 2036/2036 2046/2046 2045/2045
f 2037/2037 2038/2038 2047/2047
f 2037/2037 2047/2047 2046/2046
f 2038/2038 2039/2039 2048/2048
f 2038/2038 2048/2048 2047/2047
f 2039/2039 2040/2040 2049/2049
f 2039/2039 2049/2049 2048/2048
f 2040/2040 2041/2041 2050/2050
f 2040/2040 2050/2050 2049/2049
f 2041/2041 2042/2042 2051/2051
f 2041/2041 2051/2051 2050/2050
f 2042/2042 2043/2043 2052/2052
f 2042/2042 2052/2052 2051/2051
f 2043/2043 2035/2035 2044/2044
f 2043/2043 2044/2044 2052/2052
f 2053/2053 2054/2054 2063/2063
f 2053/2053 2063/2063 2062/2062
f 2054/2054 2055/2055 2064/2064
f 2054/2054 2064/2064 2063/2063
f 2055/2055 2056/2056 2065/2065
f 2055/2055 2065/2065 2064/2064
f 2056/2056 2057/2057 2066/2066
f 2056/2056 2066/2066 2065/2065
f 2057/2057 2058/2058 2067/2067
f 2057/2057 2067/2067 2066/2066
f 2058/2058 2059/2059 2068/2068
f 2058/2058 2068/2068 2067/2067
f 2059/2059 2060/2060 2069/2069
f 2059/2059 2069/2069 2068/2068
f 2060/2060 2061/2061 2070/2070
f 2060/2060 2070/2070 2069/2069
f 2061/2061 2053/2053 2062/2062
f 2061/2061 2062/2062 2070/2070
f 2062/2062 2063/2063 2072/2072
f 2062/2062 2072/2072 2071/2071
f 2063/2063 2064/2064 2073/2073
f 2063/2063 2073/2073 2072/2072
f 2064/2064 2065/2065 2074/2074
f 2064/2064 2074/2074 2073/2073
f 2065/2065 2066/2066 2075/2075
f 2065/2065 2075/2075 2074/2074
f 2066/2066 2067/2067 2076/2076
f 2066/2066 2076/2076 2075/2075
f 2067/2067 2068/2068 2077/2077
f 2067/2067 2077/2077 2076/2076
f 2068/2068 2069/2069 2078/2078
f 2068/2068 2078/2078 2077/2077
f 2069/2069 2070/2070 2079/2079
f 2069/2069 2079/2079 2078/2078
f 2070/2070 2062/2062 2071/2071
f 2070/2070 2071/2071 2079/2079
f 2071/2071 2072/2072 2081/2081
f 2071/2071 2081/2081 2080/2080
f 2072/2072 2073/2073 2082/2082
f 2072/2072 2082/2082 2081/2081
f 2073/2073 2074/2074 2083/2083
f 2073/2073 2083/2083 2082/2082
f 2074/2074 2075/2075 2084/2084
f 2074/2074 2084/2084 2083/2083
f 2075/2075 2076/2076 2085/2085
f 2075/2075 2085/2085 2084/2084
f 2076/2076 2077/2077 2086/2086
f 2076/2076 2086/2086 2085/2085
f 2077/2077 2078/2078 2087/2087
f 2077/2077 2087/2087 2086/2086
f 2078/2078 2079/2079 2088/2088
f 2078/2078 2088/2088 2087/2087
f 2079/2079 2071/2071 2080/2080
f 2079/2079 2080/2080 2088/2088
f 2080/2080 2081/2081 2090/2090
f 2080/2080 2090/2090 2089/2089
f 2081/2081 2082/2082 2091/2091
f 2081/2081 2091/2091 2090/2090
f 2082/2082 2083/2083 2092/2092
f 2082/2082 2092/2092 2091/2091
f 2083/2083 2084/2084 2093/2093
f 2083/2083 2093/2093 2092/2092
f 2084/2084 2085/2085 2094/2094
f 2084/2084 2094/2094 2093/2093
f 2085/2085 2086/2086 2095/2095
f 2085/2085 2095/2095 2094/2094
f 2086/2086 2087/2087 2096/2096
f 2086/2086 2096/2096 2095/2095
f 2087/2087 2088/2088 2097/2097
f 2087/2087 2097/2097 2096/2096
f 2088/2088 2080/2080 2089/2089
f 2088/2088 2089/2089 2097/2097
f 2089/2089 2090/2090 2099/2099
f 2089/2089 2099/2099 2098/2098
f 2090/2090 2091/2091 2100/2100
f 2090/2090 2100/2100 2099/2099
f 2091/2091 2092/2092 2101/2101
f 2091/2091 2101/2101 2100/2100
f 2092/2092 2093/2093 2102/2102
f 2092/2092 2102/2102 2101/2101
f 2093/2093 2094/2094 2103/2103
f 2093/2093 2103/2103 2102/2102
f 2094/2094 2095/2095 2104/2104
f 2094/2094 2104/2104 2103/2103
f 2095/2095 2096/2096 2105/2105
f 2095/2095 2105/2105 2104/2104
f 2096/2096 2097/2097 2106/2106
f 2096/2096 2106/2106 2105/2105
f 2097/2097 2089/2089 2098/2098
f 2097/2097 2098/2098 2106/2106
f 2107/2107 2108/2108 2117/2117
f 2107/2107 2117/2117 2116/2116
f 2108/2108 2109/2109 2118/2118
f 2108/2108 2118/2118 2117/2117
f 2109/2109 2110/2110 2119/2119
f 2109/2109 2119/2119 2118/2118
f 2110/2110 2111/2111 2120/2120
f 2110/2110 2120/2120 2119/2119
f 2111/2111 2112/2112 2121/2121
f 2111/2111 2121/2121 2120/2120
f 2112/2112 2113/2113 2122/2122
f 2112/2112 2122/2122 2121/2121
f 2113/2113 2114/2114 2123/2123
f 2113/2113 2123/2123 2122/2122
f 2114/2114 2115/2115 2124/2124
f 2114/2114 2124/2124 2123/2123
f 2115/2115 2107/2107 2116/2116
f 2115/2115 2116/2116 2124/2124
f 2116/2116 2117/2117 2126/2126
f 2116/2116 2126/2126 2125/2125
f 2117/2117 2118/2118 2127/2127
f 2117/2117 2127/2127 2126/2126
f 2118/2118 2119/2119 2128/2128
f 2118/2118 2128/2128 2127/2127
f 2119/2119 2120/2120 2129/2129
f 2119/2119 2129/2129 2128/2128
f 2120/2120 2121/2121 2130/2130
f 2120/2120 2130/2130 2129/2129
f 2121/2121 2122/2122 2131/2131
f 2121/2121 2131/2131 2130/2130
f 2122/2122 2123/2123 2132/2132
f 2122/2122 2132/2132 2131/2131
f 2123/2123 2124/2124 2133/2133
f 2123/2123 2133/2133 2132/2132
f 2124/2124 2116/2116 2125/2125
f 2124/2124 2125/2125 2133/2133
f 2125/2125 2126/2126 2135/2135
f 2125/2125 2135/2135 2134/2134
f 2126/2126 2127/2127 2136/2136
f 2126/2126 2136/2136 2135/2135
f 2127/2127 2128/2128 2137/2137
f 2127/2127 2137/2137 2136/2136
f 2128/2128 2129/2129 2138/2138
f 2128/2128 2138/2138 2137/2137
f 2129/2129 2130/2130 2139/2139
f 2129/2129 2139/2139 2138/2138
f 2130/2130 2131/2131 2140/2140
f 2130/2130 2140/2140 2139/2139
f 2131/2131 2132/2132 2141/2141
f 2131/2131 2141/2141 2140/2140
f 2132/2132 2133/2133 2142/2142
f 2132/2132 2142/2142 2141/2141
f 2133/2133 2125/2125 2134/2134
f 2133/2133 2134/2134 2142/2142
f 2134/2134 2135/2135 2144/2144
f 2134/2134 2144/2144 2143/2143
f 2135/2135 2136/2136 2145/2145
f 2135/2135 2145/2145 2144/2144
f 2136/2136 2137/2137 2146/2146
f 2136/2136 2146/2146 2145/2145
f 2137/2137 2138/2138 2147/2147
f 2137/2137 2147/2147 2146/2146
f 2138/2138 2139/2139 2148/2148
f 2138/2138 2148/2148 2147/2147
f 2139/2139 2140/2140 2149/2149
f 2139/2139 2149/2149 2148/2148
f 2140/2140 2141/2141 2150/2150
f 2140/2140 2150/2150 2149/2149
f 2141/2141 2142/2142 2151/2151
f 2141/2141 2151/2151 2150/2150
f 2142/2142 2134/2134 2143/2143
f 2142/2142 2143/2143 2151/2151
f 2143/2143 2144/2144 2153/2153
f 2143/2143 2153/2153 2152/2152
f 2144/2144 2145/2145 2154/2154
f 2144/2144 2154/2154 2153/2153
f 2145/2145 2146/2146 2155/2155
f 2145/2145 2155/2155 2154/2154
f 2146/2146 2147/2147 2156/2156
f 2146/2146 2156/2156 2155/2155
f 2147/2147 2148/2148 2157/2157
f 2147/2147 2157/2157 2156/2156
f 2148/2148 2149/2149 2158/2158
f 2148/2148 2158/2158 2157/2157
f 2149/2149 2150/2150 2159/2159
f 2149/2149 2159/2159 2158/2158
f 2150/2150 2151/2151 2160/2160
f 2150/2150 2160/2160 2159/2159
f 2151/2151 2143/2143 2152/2152
f 2151/2151 2152/2152 2160/2160
