mtllib SM_BB_LH_LanternRoom.mtl
o SM_BB_LH_LanternRoom
v 184.0000 0.0000 -153.0000
v 184.0000 0.0000 -111.0000
v 182.4259 24.0168 -153.0000
v 182.4259 24.0168 -111.0000
v 177.7304 47.6227 -153.0000
v 177.7304 47.6227 -111.0000
v 169.9938 70.4138 -153.0000
v 169.9938 70.4138 -111.0000
v 159.3487 92.0000 -153.0000
v 159.3487 92.0000 -111.0000
v 145.9770 112.0121 -153.0000
v 145.9770 112.0121 -111.0000
v 130.1076 130.1076 -153.0000
v 130.1076 130.1076 -111.0000
v 112.0121 145.9770 -153.0000
v 112.0121 145.9770 -111.0000
v 92.0000 159.3487 -153.0000
v 92.0000 159.3487 -111.0000
v 70.4138 169.9938 -153.0000
v 70.4138 169.9938 -111.0000
v 47.6227 177.7304 -153.0000
v 47.6227 177.7304 -111.0000
v 24.0168 182.4259 -153.0000
v 24.0168 182.4259 -111.0000
v 0.0000 184.0000 -153.0000
v 0.0000 184.0000 -111.0000
v -24.0168 182.4259 -153.0000
v -24.0168 182.4259 -111.0000
v -47.6227 177.7304 -153.0000
v -47.6227 177.7304 -111.0000
v -70.4138 169.9938 -153.0000
v -70.4138 169.9938 -111.0000
v -92.0000 159.3487 -153.0000
v -92.0000 159.3487 -111.0000
v -112.0121 145.9770 -153.0000
v -112.0121 145.9770 -111.0000
v -130.1076 130.1076 -153.0000
v -130.1076 130.1076 -111.0000
v -145.9770 112.0121 -153.0000
v -145.9770 112.0121 -111.0000
v -159.3487 92.0000 -153.0000
v -159.3487 92.0000 -111.0000
v -169.9938 70.4138 -153.0000
v -169.9938 70.4138 -111.0000
v -177.7304 47.6227 -153.0000
v -177.7304 47.6227 -111.0000
v -182.4259 24.0168 -153.0000
v -182.4259 24.0168 -111.0000
v -184.0000 0.0000 -153.0000
v -184.0000 0.0000 -111.0000
v -182.4259 -24.0168 -153.0000
v -182.4259 -24.0168 -111.0000
v -177.7304 -47.6227 -153.0000
v -177.7304 -47.6227 -111.0000
v -169.9938 -70.4138 -153.0000
v -169.9938 -70.4138 -111.0000
v -159.3487 -92.0000 -153.0000
v -159.3487 -92.0000 -111.0000
v -145.9770 -112.0121 -153.0000
v -145.9770 -112.0121 -111.0000
v -130.1076 -130.1076 -153.0000
v -130.1076 -130.1076 -111.0000
v -112.0121 -145.9770 -153.0000
v -112.0121 -145.9770 -111.0000
v -92.0000 -159.3487 -153.0000
v -92.0000 -159.3487 -111.0000
v -70.4138 -169.9938 -153.0000
v -70.4138 -169.9938 -111.0000
v -47.6227 -177.7304 -153.0000
v -47.6227 -177.7304 -111.0000
v -24.0168 -182.4259 -153.0000
v -24.0168 -182.4259 -111.0000
v -0.0000 -184.0000 -153.0000
v -0.0000 -184.0000 -111.0000
v 24.0168 -182.4259 -153.0000
v 24.0168 -182.4259 -111.0000
v 47.6227 -177.7304 -153.0000
v 47.6227 -177.7304 -111.0000
v 70.4138 -169.9938 -153.0000
v 70.4138 -169.9938 -111.0000
v 92.0000 -159.3487 -153.0000
v 92.0000 -159.3487 -111.0000
v 112.0121 -145.9770 -153.0000
v 112.0121 -145.9770 -111.0000
v 130.1076 -130.1076 -153.0000
v 130.1076 -130.1076 -111.0000
v 145.9770 -112.0121 -153.0000
v 145.9770 -112.0121 -111.0000
v 159.3487 -92.0000 -153.0000
v 159.3487 -92.0000 -111.0000
v 169.9938 -70.4138 -153.0000
v 169.9938 -70.4138 -111.0000
v 177.7304 -47.6227 -153.0000
v 177.7304 -47.6227 -111.0000
v 182.4259 -24.0168 -153.0000
v 182.4259 -24.0168 -111.0000
v 164.0000 0.0000 -113.0000
v 164.0000 0.0000 -95.0000
v 162.5970 21.4063 -113.0000
v 162.5970 21.4063 -95.0000
v 158.4118 42.4463 -113.0000
v 158.4118 42.4463 -95.0000
v 151.5162 62.7601 -113.0000
v 151.5162 62.7601 -95.0000
v 142.0282 82.0000 -113.0000
v 142.0282 82.0000 -95.0000
v 130.1099 99.8369 -113.0000
v 130.1099 99.8369 -95.0000
v 115.9655 115.9655 -113.0000
v 115.9655 115.9655 -95.0000
v 99.8369 130.1099 -113.0000
v 99.8369 130.1099 -95.0000
v 82.0000 142.0282 -113.0000
v 82.0000 142.0282 -95.0000
v 62.7601 151.5162 -113.0000
v 62.7601 151.5162 -95.0000
v 42.4463 158.4118 -113.0000
v 42.4463 158.4118 -95.0000
v 21.4063 162.5970 -113.0000
v 21.4063 162.5970 -95.0000
v 0.0000 164.0000 -113.0000
v 0.0000 164.0000 -95.0000
v -21.4063 162.5970 -113.0000
v -21.4063 162.5970 -95.0000
v -42.4463 158.4118 -113.0000
v -42.4463 158.4118 -95.0000
v -62.7601 151.5162 -113.0000
v -62.7601 151.5162 -95.0000
v -82.0000 142.0282 -113.0000
v -82.0000 142.0282 -95.0000
v -99.8369 130.1099 -113.0000
v -99.8369 130.1099 -95.0000
v -115.9655 115.9655 -113.0000
v -115.9655 115.9655 -95.0000
v -130.1099 99.8369 -113.0000
v -130.1099 99.8369 -95.0000
v -142.0282 82.0000 -113.0000
v -142.0282 82.0000 -95.0000
v -151.5162 62.7601 -113.0000
v -151.5162 62.7601 -95.0000
v -158.4118 42.4463 -113.0000
v -158.4118 42.4463 -95.0000
v -162.5970 21.4063 -113.0000
v -162.5970 21.4063 -95.0000
v -164.0000 0.0000 -113.0000
v -164.0000 0.0000 -95.0000
v -162.5970 -21.4063 -113.0000
v -162.5970 -21.4063 -95.0000
v -158.4118 -42.4463 -113.0000
v -158.4118 -42.4463 -95.0000
v -151.5162 -62.7601 -113.0000
v -151.5162 -62.7601 -95.0000
v -142.0282 -82.0000 -113.0000
v -142.0282 -82.0000 -95.0000
v -130.1099 -99.8369 -113.0000
v -130.1099 -99.8369 -95.0000
v -115.9655 -115.9655 -113.0000
v -115.9655 -115.9655 -95.0000
v -99.8369 -130.1099 -113.0000
v -99.8369 -130.1099 -95.0000
v -82.0000 -142.0282 -113.0000
v -82.0000 -142.0282 -95.0000
v -62.7601 -151.5162 -113.0000
v -62.7601 -151.5162 -95.0000
v -42.4463 -158.4118 -113.0000
v -42.4463 -158.4118 -95.0000
v -21.4063 -162.5970 -113.0000
v -21.4063 -162.5970 -95.0000
v -0.0000 -164.0000 -113.0000
v -0.0000 -164.0000 -95.0000
v 21.4063 -162.5970 -113.0000
v 21.4063 -162.5970 -95.0000
v 42.4463 -158.4118 -113.0000
v 42.4463 -158.4118 -95.0000
v 62.7601 -151.5162 -113.0000
v 62.7601 -151.5162 -95.0000
v 82.0000 -142.0282 -113.0000
v 82.0000 -142.0282 -95.0000
v 99.8369 -130.1099 -113.0000
v 99.8369 -130.1099 -95.0000
v 115.9655 -115.9655 -113.0000
v 115.9655 -115.9655 -95.0000
v 130.1099 -99.8369 -113.0000
v 130.1099 -99.8369 -95.0000
v 142.0282 -82.0000 -113.0000
v 142.0282 -82.0000 -95.0000
v 151.5162 -62.7601 -113.0000
v 151.5162 -62.7601 -95.0000
v 158.4118 -42.4463 -113.0000
v 158.4118 -42.4463 -95.0000
v 162.5970 -21.4063 -113.0000
v 162.5970 -21.4063 -95.0000
v 167.0000 0.0000 88.0000
v 187.0000 0.0000 122.0000
v 165.5713 21.7979 88.0000
v 185.4002 24.4084 122.0000
v 161.3096 43.2228 88.0000
v 180.6281 48.3992 122.0000
v 154.2879 63.9081 88.0000
v 172.7655 71.5618 122.0000
v 144.6262 83.5000 88.0000
v 161.9468 93.5000 122.0000
v 132.4900 101.6632 88.0000
v 148.3571 113.8384 122.0000
v 118.0868 118.0868 88.0000
v 132.2290 132.2290 122.0000
v 101.6632 132.4900 88.0000
v 113.8384 148.3571 122.0000
v 83.5000 144.6262 88.0000
v 93.5000 161.9468 122.0000
v 63.9081 154.2879 88.0000
v 71.5618 172.7655 122.0000
v 43.2228 161.3096 88.0000
v 48.3992 180.6281 122.0000
v 21.7979 165.5713 88.0000
v 24.4084 185.4002 122.0000
v 0.0000 167.0000 88.0000
v 0.0000 187.0000 122.0000
v -21.7979 165.5713 88.0000
v -24.4084 185.4002 122.0000
v -43.2228 161.3096 88.0000
v -48.3992 180.6281 122.0000
v -63.9081 154.2879 88.0000
v -71.5618 172.7655 122.0000
v -83.5000 144.6262 88.0000
v -93.5000 161.9468 122.0000
v -101.6632 132.4900 88.0000
v -113.8384 148.3571 122.0000
v -118.0868 118.0868 88.0000
v -132.2290 132.2290 122.0000
v -132.4900 101.6632 88.0000
v -148.3571 113.8384 122.0000
v -144.6262 83.5000 88.0000
v -161.9468 93.5000 122.0000
v -154.2879 63.9081 88.0000
v -172.7655 71.5618 122.0000
v -161.3096 43.2228 88.0000
v -180.6281 48.3992 122.0000
v -165.5713 21.7979 88.0000
v -185.4002 24.4084 122.0000
v -167.0000 0.0000 88.0000
v -187.0000 0.0000 122.0000
v -165.5713 -21.7979 88.0000
v -185.4002 -24.4084 122.0000
v -161.3096 -43.2228 88.0000
v -180.6281 -48.3992 122.0000
v -154.2879 -63.9081 88.0000
v -172.7655 -71.5618 122.0000
v -144.6262 -83.5000 88.0000
v -161.9468 -93.5000 122.0000
v -132.4900 -101.6632 88.0000
v -148.3571 -113.8384 122.0000
v -118.0868 -118.0868 88.0000
v -132.2290 -132.2290 122.0000
v -101.6632 -132.4900 88.0000
v -113.8384 -148.3571 122.0000
v -83.5000 -144.6262 88.0000
v -93.5000 -161.9468 122.0000
v -63.9081 -154.2879 88.0000
v -71.5618 -172.7655 122.0000
v -43.2228 -161.3096 88.0000
v -48.3992 -180.6281 122.0000
v -21.7979 -165.5713 88.0000
v -24.4084 -185.4002 122.0000
v -0.0000 -167.0000 88.0000
v -0.0000 -187.0000 122.0000
v 21.7979 -165.5713 88.0000
v 24.4084 -185.4002 122.0000
v 43.2228 -161.3096 88.0000
v 48.3992 -180.6281 122.0000
v 63.9081 -154.2879 88.0000
v 71.5618 -172.7655 122.0000
v 83.5000 -144.6262 88.0000
v 93.5000 -161.9468 122.0000
v 101.6632 -132.4900 88.0000
v 113.8384 -148.3571 122.0000
v 118.0868 -118.0868 88.0000
v 132.2290 -132.2290 122.0000
v 132.4900 -101.6632 88.0000
v 148.3571 -113.8384 122.0000
v 144.6262 -83.5000 88.0000
v 161.9468 -93.5000 122.0000
v 154.2879 -63.9081 88.0000
v 172.7655 -71.5618 122.0000
v 161.3096 -43.2228 88.0000
v 180.6281 -48.3992 122.0000
v 165.5713 -21.7979 88.0000
v 185.4002 -24.4084 122.0000
v 177.0000 0.0000 -82.0000
v 174.3640 0.0000 -75.6360
v 168.0000 0.0000 -73.0000
v 161.6360 0.0000 -75.6360
v 159.0000 0.0000 -82.0000
v 161.6360 0.0000 -88.3640
v 168.0000 0.0000 -91.0000
v 174.3640 0.0000 -88.3640
v 176.1477 17.3490 -82.0000
v 173.5244 17.0907 -75.6360
v 167.1910 16.4669 -73.0000
v 160.8577 15.8431 -75.6360
v 158.2344 15.5847 -82.0000
v 160.8577 15.8431 -88.3640
v 167.1910 16.4669 -91.0000
v 173.5244 17.0907 -88.3640
v 173.5990 34.5310 -82.0000
v 171.0136 34.0167 -75.6360
v 164.7719 32.7752 -73.0000
v 158.5302 31.5336 -75.6360
v 155.9449 31.0194 -82.0000
v 158.5302 31.5336 -88.3640
v 164.7719 32.7752 -91.0000
v 171.0136 34.0167 -88.3640
v 169.3784 51.3804 -82.0000
v 166.8559 50.6152 -75.6360
v 160.7660 48.7678 -73.0000
v 154.6760 46.9205 -75.6360
v 152.1535 46.1553 -82.0000
v 154.6760 46.9205 -88.3640
v 160.7660 48.7678 -91.0000
v 166.8559 50.6152 -88.3640
v 163.5267 67.7350 -82.0000
v 161.0913 66.7262 -75.6360
v 155.2118 64.2908 -73.0000
v 149.3322 61.8554 -75.6360
v 146.8968 60.8467 -82.0000
v 149.3322 61.8554 -88.3640
v 155.2118 64.2908 -91.0000
v 161.0913 66.7262 -88.3640
v 156.1001 83.4372 -82.0000
v 153.7753 82.1946 -75.6360
v 148.1628 79.1947 -73.0000
v 142.5503 76.1947 -75.6360
v 140.2255 74.9521 -82.0000
v 142.5503 76.1947 -88.3640
v 148.1628 79.1947 -91.0000
v 153.7753 82.1946 -88.3640
v 147.1701 98.3359 -82.0000
v 144.9783 96.8714 -75.6360
v 139.6869 93.3358 -73.0000
v 134.3955 89.8002 -75.6360
v 132.2037 88.3357 -82.0000
v 134.3955 89.8002 -88.3640
v 139.6869 93.3358 -91.0000
v 144.9783 96.8714 -88.3640
v 136.8229 112.2876 -82.0000
v 134.7852 110.6153 -75.6360
v 129.8658 106.5781 -73.0000
v 124.9463 102.5408 -75.6360
v 122.9087 100.8685 -82.0000
v 124.9463 102.5408 -88.3640
v 129.8658 106.5781 -91.0000
v 134.7852 110.6153 -88.3640
v 125.1579 125.1579 -82.0000
v 123.2939 123.2939 -75.6360
v 118.7939 118.7939 -73.0000
v 114.2939 114.2939 -75.6360
v 112.4300 112.4300 -82.0000
v 114.2939 114.2939 -88.3640
v 118.7939 118.7939 -91.0000
v 123.2939 123.2939 -88.3640
v 112.2876 136.8229 -82.0000
v 110.6153 134.7852 -75.6360
v 106.5781 129.8658 -73.0000
v 102.5408 124.9463 -75.6360
v 100.8685 122.9087 -82.0000
v 102.5408 124.9463 -88.3640
v 106.5781 129.8658 -91.0000
v 110.6153 134.7852 -88.3640
v 98.3359 147.1701 -82.0000
v 96.8714 144.9783 -75.6360
v 93.3358 139.6869 -73.0000
v 89.8002 134.3955 -75.6360
v 88.3357 132.2037 -82.0000
v 89.8002 134.3955 -88.3640
v 93.3358 139.6869 -91.0000
v 96.8714 144.9783 -88.3640
v 83.4372 156.1001 -82.0000
v 82.1946 153.7753 -75.6360
v 79.1947 148.1628 -73.0000
v 76.1947 142.5503 -75.6360
v 74.9521 140.2255 -82.0000
v 76.1947 142.5503 -88.3640
v 79.1947 148.1628 -91.0000
v 82.1946 153.7753 -88.3640
v 67.7350 163.5267 -82.0000
v 66.7262 161.0913 -75.6360
v 64.2908 155.2118 -73.0000
v 61.8554 149.3322 -75.6360
v 60.8467 146.8968 -82.0000
v 61.8554 149.3322 -88.3640
v 64.2908 155.2118 -91.0000
v 66.7262 161.0913 -88.3640
v 51.3804 169.3784 -82.0000
v 50.6152 166.8559 -75.6360
v 48.7678 160.7660 -73.0000
v 46.9205 154.6760 -75.6360
v 46.1553 152.1535 -82.0000
v 46.9205 154.6760 -88.3640
v 48.7678 160.7660 -91.0000
v 50.6152 166.8559 -88.3640
v 34.5310 173.5990 -82.0000
v 34.0167 171.0136 -75.6360
v 32.7752 164.7719 -73.0000
v 31.5336 158.5302 -75.6360
v 31.0194 155.9449 -82.0000
v 31.5336 158.5302 -88.3640
v 32.7752 164.7719 -91.0000
v 34.0167 171.0136 -88.3640
v 17.3490 176.1477 -82.0000
v 17.0907 173.5244 -75.6360
v 16.4669 167.1910 -73.0000
v 15.8431 160.8577 -75.6360
v 15.5847 158.2344 -82.0000
v 15.8431 160.8577 -88.3640
v 16.4669 167.1910 -91.0000
v 17.0907 173.5244 -88.3640
v 0.0000 177.0000 -82.0000
v 0.0000 174.3640 -75.6360
v 0.0000 168.0000 -73.0000
v 0.0000 161.6360 -75.6360
v 0.0000 159.0000 -82.0000
v 0.0000 161.6360 -88.3640
v 0.0000 168.0000 -91.0000
v 0.0000 174.3640 -88.3640
v -17.3490 176.1477 -82.0000
v -17.0907 173.5244 -75.6360
v -16.4669 167.1910 -73.0000
v -15.8431 160.8577 -75.6360
v -15.5847 158.2344 -82.0000
v -15.8431 160.8577 -88.3640
v -16.4669 167.1910 -91.0000
v -17.0907 173.5244 -88.3640
v -34.5310 173.5990 -82.0000
v -34.0167 171.0136 -75.6360
v -32.7752 164.7719 -73.0000
v -31.5336 158.5302 -75.6360
v -31.0194 155.9449 -82.0000
v -31.5336 158.5302 -88.3640
v -32.7752 164.7719 -91.0000
v -34.0167 171.0136 -88.3640
v -51.3804 169.3784 -82.0000
v -50.6152 166.8559 -75.6360
v -48.7678 160.7660 -73.0000
v -46.9205 154.6760 -75.6360
v -46.1553 152.1535 -82.0000
v -46.9205 154.6760 -88.3640
v -48.7678 160.7660 -91.0000
v -50.6152 166.8559 -88.3640
v -67.7350 163.5267 -82.0000
v -66.7262 161.0913 -75.6360
v -64.2908 155.2118 -73.0000
v -61.8554 149.3322 -75.6360
v -60.8467 146.8968 -82.0000
v -61.8554 149.3322 -88.3640
v -64.2908 155.2118 -91.0000
v -66.7262 161.0913 -88.3640
v -83.4372 156.1001 -82.0000
v -82.1946 153.7753 -75.6360
v -79.1947 148.1628 -73.0000
v -76.1947 142.5503 -75.6360
v -74.9521 140.2255 -82.0000
v -76.1947 142.5503 -88.3640
v -79.1947 148.1628 -91.0000
v -82.1946 153.7753 -88.3640
v -98.3359 147.1701 -82.0000
v -96.8714 144.9783 -75.6360
v -93.3358 139.6869 -73.0000
v -89.8002 134.3955 -75.6360
v -88.3357 132.2037 -82.0000
v -89.8002 134.3955 -88.3640
v -93.3358 139.6869 -91.0000
v -96.8714 144.9783 -88.3640
v -112.2876 136.8229 -82.0000
v -110.6153 134.7852 -75.6360
v -106.5781 129.8658 -73.0000
v -102.5408 124.9463 -75.6360
v -100.8685 122.9087 -82.0000
v -102.5408 124.9463 -88.3640
v -106.5781 129.8658 -91.0000
v -110.6153 134.7852 -88.3640
v -125.1579 125.1579 -82.0000
v -123.2939 123.2939 -75.6360
v -118.7939 118.7939 -73.0000
v -114.2939 114.2939 -75.6360
v -112.4300 112.4300 -82.0000
v -114.2939 114.2939 -88.3640
v -118.7939 118.7939 -91.0000
v -123.2939 123.2939 -88.3640
v -136.8229 112.2876 -82.0000
v -134.7852 110.6153 -75.6360
v -129.8658 106.5781 -73.0000
v -124.9463 102.5408 -75.6360
v -122.9087 100.8685 -82.0000
v -124.9463 102.5408 -88.3640
v -129.8658 106.5781 -91.0000
v -134.7852 110.6153 -88.3640
v -147.1701 98.3359 -82.0000
v -144.9783 96.8714 -75.6360
v -139.6869 93.3358 -73.0000
v -134.3955 89.8002 -75.6360
v -132.2037 88.3357 -82.0000
v -134.3955 89.8002 -88.3640
v -139.6869 93.3358 -91.0000
v -144.9783 96.8714 -88.3640
v -156.1001 83.4372 -82.0000
v -153.7753 82.1946 -75.6360
v -148.1628 79.1947 -73.0000
v -142.5503 76.1947 -75.6360
v -140.2255 74.9521 -82.0000
v -142.5503 76.1947 -88.3640
v -148.1628 79.1947 -91.0000
v -153.7753 82.1946 -88.3640
v -163.5267 67.7350 -82.0000
v -161.0913 66.7262 -75.6360
v -155.2118 64.2908 -73.0000
v -149.3322 61.8554 -75.6360
v -146.8968 60.8467 -82.0000
v -149.3322 61.8554 -88.3640
v -155.2118 64.2908 -91.0000
v -161.0913 66.7262 -88.3640
v -169.3784 51.3804 -82.0000
v -166.8559 50.6152 -75.6360
v -160.7660 48.7678 -73.0000
v -154.6760 46.9205 -75.6360
v -152.1535 46.1553 -82.0000
v -154.6760 46.9205 -88.3640
v -160.7660 48.7678 -91.0000
v -166.8559 50.6152 -88.3640
v -173.5990 34.5310 -82.0000
v -171.0136 34.0167 -75.6360
v -164.7719 32.7752 -73.0000
v -158.5302 31.5336 -75.6360
v -155.9449 31.0194 -82.0000
v -158.5302 31.5336 -88.3640
v -164.7719 32.7752 -91.0000
v -171.0136 34.0167 -88.3640
v -176.1477 17.3490 -82.0000
v -173.5244 17.0907 -75.6360
v -167.1910 16.4669 -73.0000
v -160.8577 15.8431 -75.6360
v -158.2344 15.5847 -82.0000
v -160.8577 15.8431 -88.3640
v -167.1910 16.4669 -91.0000
v -173.5244 17.0907 -88.3640
v -177.0000 0.0000 -82.0000
v -174.3640 0.0000 -75.6360
v -168.0000 0.0000 -73.0000
v -161.6360 0.0000 -75.6360
v -159.0000 0.0000 -82.0000
v -161.6360 0.0000 -88.3640
v -168.0000 0.0000 -91.0000
v -174.3640 0.0000 -88.3640
v -176.1477 -17.3490 -82.0000
v -173.5244 -17.0907 -75.6360
v -167.1910 -16.4669 -73.0000
v -160.8577 -15.8431 -75.6360
v -158.2344 -15.5847 -82.0000
v -160.8577 -15.8431 -88.3640
v -167.1910 -16.4669 -91.0000
v -173.5244 -17.0907 -88.3640
v -173.5990 -34.5310 -82.0000
v -171.0136 -34.0167 -75.6360
v -164.7719 -32.7752 -73.0000
v -158.5302 -31.5336 -75.6360
v -155.9449 -31.0194 -82.0000
v -158.5302 -31.5336 -88.3640
v -164.7719 -32.7752 -91.0000
v -171.0136 -34.0167 -88.3640
v -169.3784 -51.3804 -82.0000
v -166.8559 -50.6152 -75.6360
v -160.7660 -48.7678 -73.0000
v -154.6760 -46.9205 -75.6360
v -152.1535 -46.1553 -82.0000
v -154.6760 -46.9205 -88.3640
v -160.7660 -48.7678 -91.0000
v -166.8559 -50.6152 -88.3640
v -163.5267 -67.7350 -82.0000
v -161.0913 -66.7262 -75.6360
v -155.2118 -64.2908 -73.0000
v -149.3322 -61.8554 -75.6360
v -146.8968 -60.8467 -82.0000
v -149.3322 -61.8554 -88.3640
v -155.2118 -64.2908 -91.0000
v -161.0913 -66.7262 -88.3640
v -156.1001 -83.4372 -82.0000
v -153.7753 -82.1946 -75.6360
v -148.1628 -79.1947 -73.0000
v -142.5503 -76.1947 -75.6360
v -140.2255 -74.9521 -82.0000
v -142.5503 -76.1947 -88.3640
v -148.1628 -79.1947 -91.0000
v -153.7753 -82.1946 -88.3640
v -147.1701 -98.3359 -82.0000
v -144.9783 -96.8714 -75.6360
v -139.6869 -93.3358 -73.0000
v -134.3955 -89.8002 -75.6360
v -132.2037 -88.3357 -82.0000
v -134.3955 -89.8002 -88.3640
v -139.6869 -93.3358 -91.0000
v -144.9783 -96.8714 -88.3640
v -136.8229 -112.2876 -82.0000
v -134.7852 -110.6153 -75.6360
v -129.8658 -106.5781 -73.0000
v -124.9463 -102.5408 -75.6360
v -122.9087 -100.8685 -82.0000
v -124.9463 -102.5408 -88.3640
v -129.8658 -106.5781 -91.0000
v -134.7852 -110.6153 -88.3640
v -125.1579 -125.1579 -82.0000
v -123.2939 -123.2939 -75.6360
v -118.7939 -118.7939 -73.0000
v -114.2939 -114.2939 -75.6360
v -112.4300 -112.4300 -82.0000
v -114.2939 -114.2939 -88.3640
v -118.7939 -118.7939 -91.0000
v -123.2939 -123.2939 -88.3640
v -112.2876 -136.8229 -82.0000
v -110.6153 -134.7852 -75.6360
v -106.5781 -129.8658 -73.0000
v -102.5408 -124.9463 -75.6360
v -100.8685 -122.9087 -82.0000
v -102.5408 -124.9463 -88.3640
v -106.5781 -129.8658 -91.0000
v -110.6153 -134.7852 -88.3640
v -98.3359 -147.1701 -82.0000
v -96.8714 -144.9783 -75.6360
v -93.3358 -139.6869 -73.0000
v -89.8002 -134.3955 -75.6360
v -88.3357 -132.2037 -82.0000
v -89.8002 -134.3955 -88.3640
v -93.3358 -139.6869 -91.0000
v -96.8714 -144.9783 -88.3640
v -83.4372 -156.1001 -82.0000
v -82.1946 -153.7753 -75.6360
v -79.1947 -148.1628 -73.0000
v -76.1947 -142.5503 -75.6360
v -74.9521 -140.2255 -82.0000
v -76.1947 -142.5503 -88.3640
v -79.1947 -148.1628 -91.0000
v -82.1946 -153.7753 -88.3640
v -67.7350 -163.5267 -82.0000
v -66.7262 -161.0913 -75.6360
v -64.2908 -155.2118 -73.0000
v -61.8554 -149.3322 -75.6360
v -60.8467 -146.8968 -82.0000
v -61.8554 -149.3322 -88.3640
v -64.2908 -155.2118 -91.0000
v -66.7262 -161.0913 -88.3640
v -51.3804 -169.3784 -82.0000
v -50.6152 -166.8559 -75.6360
v -48.7678 -160.7660 -73.0000
v -46.9205 -154.6760 -75.6360
v -46.1553 -152.1535 -82.0000
v -46.9205 -154.6760 -88.3640
v -48.7678 -160.7660 -91.0000
v -50.6152 -166.8559 -88.3640
v -34.5310 -173.5990 -82.0000
v -34.0167 -171.0136 -75.6360
v -32.7752 -164.7719 -73.0000
v -31.5336 -158.5302 -75.6360
v -31.0194 -155.9449 -82.0000
v -31.5336 -158.5302 -88.3640
v -32.7752 -164.7719 -91.0000
v -34.0167 -171.0136 -88.3640
v -17.3490 -176.1477 -82.0000
v -17.0907 -173.5244 -75.6360
v -16.4669 -167.1910 -73.0000
v -15.8431 -160.8577 -75.6360
v -15.5847 -158.2344 -82.0000
v -15.8431 -160.8577 -88.3640
v -16.4669 -167.1910 -91.0000
v -17.0907 -173.5244 -88.3640
v -0.0000 -177.0000 -82.0000
v -0.0000 -174.3640 -75.6360
v -0.0000 -168.0000 -73.0000
v -0.0000 -161.6360 -75.6360
v -0.0000 -159.0000 -82.0000
v -0.0000 -161.6360 -88.3640
v -0.0000 -168.0000 -91.0000
v -0.0000 -174.3640 -88.3640
v 17.3490 -176.1477 -82.0000
v 17.0907 -173.5244 -75.6360
v 16.4669 -167.1910 -73.0000
v 15.8431 -160.8577 -75.6360
v 15.5847 -158.2344 -82.0000
v 15.8431 -160.8577 -88.3640
v 16.4669 -167.1910 -91.0000
v 17.0907 -173.5244 -88.3640
v 34.5310 -173.5990 -82.0000
v 34.0167 -171.0136 -75.6360
v 32.7752 -164.7719 -73.0000
v 31.5336 -158.5302 -75.6360
v 31.0194 -155.9449 -82.0000
v 31.5336 -158.5302 -88.3640
v 32.7752 -164.7719 -91.0000
v 34.0167 -171.0136 -88.3640
v 51.3804 -169.3784 -82.0000
v 50.6152 -166.8559 -75.6360
v 48.7678 -160.7660 -73.0000
v 46.9205 -154.6760 -75.6360
v 46.1553 -152.1535 -82.0000
v 46.9205 -154.6760 -88.3640
v 48.7678 -160.7660 -91.0000
v 50.6152 -166.8559 -88.3640
v 67.7350 -163.5267 -82.0000
v 66.7262 -161.0913 -75.6360
v 64.2908 -155.2118 -73.0000
v 61.8554 -149.3322 -75.6360
v 60.8467 -146.8968 -82.0000
v 61.8554 -149.3322 -88.3640
v 64.2908 -155.2118 -91.0000
v 66.7262 -161.0913 -88.3640
v 83.4372 -156.1001 -82.0000
v 82.1946 -153.7753 -75.6360
v 79.1947 -148.1628 -73.0000
v 76.1947 -142.5503 -75.6360
v 74.9521 -140.2255 -82.0000
v 76.1947 -142.5503 -88.3640
v 79.1947 -148.1628 -91.0000
v 82.1946 -153.7753 -88.3640
v 98.3359 -147.1701 -82.0000
v 96.8714 -144.9783 -75.6360
v 93.3358 -139.6869 -73.0000
v 89.8002 -134.3955 -75.6360
v 88.3357 -132.2037 -82.0000
v 89.8002 -134.3955 -88.3640
v 93.3358 -139.6869 -91.0000
v 96.8714 -144.9783 -88.3640
v 112.2876 -136.8229 -82.0000
v 110.6153 -134.7852 -75.6360
v 106.5781 -129.8658 -73.0000
v 102.5408 -124.9463 -75.6360
v 100.8685 -122.9087 -82.0000
v 102.5408 -124.9463 -88.3640
v 106.5781 -129.8658 -91.0000
v 110.6153 -134.7852 -88.3640
v 125.1579 -125.1579 -82.0000
v 123.2939 -123.2939 -75.6360
v 118.7939 -118.7939 -73.0000
v 114.2939 -114.2939 -75.6360
v 112.4300 -112.4300 -82.0000
v 114.2939 -114.2939 -88.3640
v 118.7939 -118.7939 -91.0000
v 123.2939 -123.2939 -88.3640
v 136.8229 -112.2876 -82.0000
v 134.7852 -110.6153 -75.6360
v 129.8658 -106.5781 -73.0000
v 124.9463 -102.5408 -75.6360
v 122.9087 -100.8685 -82.0000
v 124.9463 -102.5408 -88.3640
v 129.8658 -106.5781 -91.0000
v 134.7852 -110.6153 -88.3640
v 147.1701 -98.3359 -82.0000
v 144.9783 -96.8714 -75.6360
v 139.6869 -93.3358 -73.0000
v 134.3955 -89.8002 -75.6360
v 132.2037 -88.3357 -82.0000
v 134.3955 -89.8002 -88.3640
v 139.6869 -93.3358 -91.0000
v 144.9783 -96.8714 -88.3640
v 156.1001 -83.4372 -82.0000
v 153.7753 -82.1946 -75.6360
v 148.1628 -79.1947 -73.0000
v 142.5503 -76.1947 -75.6360
v 140.2255 -74.9521 -82.0000
v 142.5503 -76.1947 -88.3640
v 148.1628 -79.1947 -91.0000
v 153.7753 -82.1946 -88.3640
v 163.5267 -67.7350 -82.0000
v 161.0913 -66.7262 -75.6360
v 155.2118 -64.2908 -73.0000
v 149.3322 -61.8554 -75.6360
v 146.8968 -60.8467 -82.0000
v 149.3322 -61.8554 -88.3640
v 155.2118 -64.2908 -91.0000
v 161.0913 -66.7262 -88.3640
v 169.3784 -51.3804 -82.0000
v 166.8559 -50.6152 -75.6360
v 160.7660 -48.7678 -73.0000
v 154.6760 -46.9205 -75.6360
v 152.1535 -46.1553 -82.0000
v 154.6760 -46.9205 -88.3640
v 160.7660 -48.7678 -91.0000
v 166.8559 -50.6152 -88.3640
v 173.5990 -34.5310 -82.0000
v 171.0136 -34.0167 -75.6360
v 164.7719 -32.7752 -73.0000
v 158.5302 -31.5336 -75.6360
v 155.9449 -31.0194 -82.0000
v 158.5302 -31.5336 -88.3640
v 164.7719 -32.7752 -91.0000
v 171.0136 -34.0167 -88.3640
v 176.1477 -17.3490 -82.0000
v 173.5244 -17.0907 -75.6360
v 167.1910 -16.4669 -73.0000
v 160.8577 -15.8431 -75.6360
v 158.2344 -15.5847 -82.0000
v 160.8577 -15.8431 -88.3640
v 167.1910 -16.4669 -91.0000
v 173.5244 -17.0907 -88.3640
v 186.0000 0.0000 91.0000
v 183.9497 0.0000 95.9497
v 179.0000 0.0000 98.0000
v 174.0503 0.0000 95.9497
v 172.0000 0.0000 91.0000
v 174.0503 0.0000 86.0503
v 179.0000 0.0000 84.0000
v 183.9497 0.0000 86.0503
v 185.1044 18.2312 91.0000
v 183.0640 18.0302 95.9497
v 178.1381 17.5451 98.0000
v 173.2122 17.0599 95.9497
v 171.1718 16.8589 91.0000
v 173.2122 17.0599 86.0503
v 178.1381 17.5451 84.0000
v 183.0640 18.0302 86.0503
v 182.4261 36.2868 91.0000
v 180.4152 35.8868 95.9497
v 175.5606 34.9212 98.0000
v 170.7059 33.9555 95.9497
v 168.6951 33.5555 91.0000
v 170.7059 33.9555 86.0503
v 175.5606 34.9212 84.0000
v 180.4152 35.8868 86.0503
v 177.9909 53.9929 91.0000
v 176.0289 53.3978 95.9497
v 171.2923 51.9610 98.0000
v 166.5557 50.5241 95.9497
v 164.5937 49.9290 91.0000
v 166.5557 50.5241 86.0503
v 171.2923 51.9610 84.0000
v 176.0289 53.3978 86.0503
v 171.8416 71.1791 91.0000
v 169.9474 70.3945 95.9497
v 165.3744 68.5003 98.0000
v 160.8015 66.6061 95.9497
v 158.9073 65.8216 91.0000
v 160.8015 66.6061 86.0503
v 165.3744 68.5003 84.0000
v 169.9474 70.3945 86.0503
v 164.0374 87.6798 91.0000
v 162.2292 86.7133 95.9497
v 157.8639 84.3800 98.0000
v 153.4986 82.0467 95.9497
v 151.6905 81.0802 91.0000
v 153.4986 82.0467 86.0503
v 157.8639 84.3800 84.0000
v 162.2292 86.7133 86.0503
v 154.6533 103.3361 91.0000
v 152.9486 102.1970 95.9497
v 148.8331 99.4471 98.0000
v 144.7175 96.6971 95.9497
v 143.0128 95.5581 91.0000
v 144.7175 96.6971 86.0503
v 148.8331 99.4471 84.0000
v 152.9486 102.1970 86.0503
v 143.7799 117.9972 91.0000
v 142.1951 116.6965 95.9497
v 138.3689 113.5564 98.0000
v 134.5427 110.4163 95.9497
v 132.9578 109.1156 91.0000
v 134.5427 110.4163 86.0503
v 138.3689 113.5564 84.0000
v 142.1951 116.6965 86.0503
v 131.5219 131.5219 91.0000
v 130.0721 130.0721 95.9497
v 126.5721 126.5721 98.0000
v 123.0721 123.0721 95.9497
v 121.6224 121.6224 91.0000
v 123.0721 123.0721 86.0503
v 126.5721 126.5721 84.0000
v 130.0721 130.0721 86.0503
v 117.9972 143.7799 91.0000
v 116.6965 142.1951 95.9497
v 113.5564 138.3689 98.0000
v 110.4163 134.5427 95.9497
v 109.1156 132.9578 91.0000
v 110.4163 134.5427 86.0503
v 113.5564 138.3689 84.0000
v 116.6965 142.1951 86.0503
v 103.3361 154.6533 91.0000
v 102.1970 152.9486 95.9497
v 99.4471 148.8331 98.0000
v 96.6971 144.7175 95.9497
v 95.5581 143.0128 91.0000
v 96.6971 144.7175 86.0503
v 99.4471 148.8331 84.0000
v 102.1970 152.9486 86.0503
v 87.6798 164.0374 91.0000
v 86.7133 162.2292 95.9497
v 84.3800 157.8639 98.0000
v 82.0467 153.4986 95.9497
v 81.0802 151.6905 91.0000
v 82.0467 153.4986 86.0503
v 84.3800 157.8639 84.0000
v 86.7133 162.2292 86.0503
v 71.1791 171.8416 91.0000
v 70.3945 169.9474 95.9497
v 68.5003 165.3744 98.0000
v 66.6061 160.8015 95.9497
v 65.8216 158.9073 91.0000
v 66.6061 160.8015 86.0503
v 68.5003 165.3744 84.0000
v 70.3945 169.9474 86.0503
v 53.9929 177.9909 91.0000
v 53.3978 176.0289 95.9497
v 51.9610 171.2923 98.0000
v 50.5241 166.5557 95.9497
v 49.9290 164.5937 91.0000
v 50.5241 166.5557 86.0503
v 51.9610 171.2923 84.0000
v 53.3978 176.0289 86.0503
v 36.2868 182.4261 91.0000
v 35.8868 180.4152 95.9497
v 34.9212 175.5606 98.0000
v 33.9555 170.7059 95.9497
v 33.5555 168.6951 91.0000
v 33.9555 170.7059 86.0503
v 34.9212 175.5606 84.0000
v 35.8868 180.4152 86.0503
v 18.2312 185.1044 91.0000
v 18.0302 183.0640 95.9497
v 17.5451 178.1381 98.0000
v 17.0599 173.2122 95.9497
v 16.8589 171.1718 91.0000
v 17.0599 173.2122 86.0503
v 17.5451 178.1381 84.0000
v 18.0302 183.0640 86.0503
v 0.0000 186.0000 91.0000
v 0.0000 183.9497 95.9497
v 0.0000 179.0000 98.0000
v 0.0000 174.0503 95.9497
v 0.0000 172.0000 91.0000
v 0.0000 174.0503 86.0503
v 0.0000 179.0000 84.0000
v 0.0000 183.9497 86.0503
v -18.2312 185.1044 91.0000
v -18.0302 183.0640 95.9497
v -17.5451 178.1381 98.0000
v -17.0599 173.2122 95.9497
v -16.8589 171.1718 91.0000
v -17.0599 173.2122 86.0503
v -17.5451 178.1381 84.0000
v -18.0302 183.0640 86.0503
v -36.2868 182.4261 91.0000
v -35.8868 180.4152 95.9497
v -34.9212 175.5606 98.0000
v -33.9555 170.7059 95.9497
v -33.5555 168.6951 91.0000
v -33.9555 170.7059 86.0503
v -34.9212 175.5606 84.0000
v -35.8868 180.4152 86.0503
v -53.9929 177.9909 91.0000
v -53.3978 176.0289 95.9497
v -51.9610 171.2923 98.0000
v -50.5241 166.5557 95.9497
v -49.9290 164.5937 91.0000
v -50.5241 166.5557 86.0503
v -51.9610 171.2923 84.0000
v -53.3978 176.0289 86.0503
v -71.1791 171.8416 91.0000
v -70.3945 169.9474 95.9497
v -68.5003 165.3744 98.0000
v -66.6061 160.8015 95.9497
v -65.8216 158.9073 91.0000
v -66.6061 160.8015 86.0503
v -68.5003 165.3744 84.0000
v -70.3945 169.9474 86.0503
v -87.6798 164.0374 91.0000
v -86.7133 162.2292 95.9497
v -84.3800 157.8639 98.0000
v -82.0467 153.4986 95.9497
v -81.0802 151.6905 91.0000
v -82.0467 153.4986 86.0503
v -84.3800 157.8639 84.0000
v -86.7133 162.2292 86.0503
v -103.3361 154.6533 91.0000
v -102.1970 152.9486 95.9497
v -99.4471 148.8331 98.0000
v -96.6971 144.7175 95.9497
v -95.5581 143.0128 91.0000
v -96.6971 144.7175 86.0503
v -99.4471 148.8331 84.0000
v -102.1970 152.9486 86.0503
v -117.9972 143.7799 91.0000
v -116.6965 142.1951 95.9497
v -113.5564 138.3689 98.0000
v -110.4163 134.5427 95.9497
v -109.1156 132.9578 91.0000
v -110.4163 134.5427 86.0503
v -113.5564 138.3689 84.0000
v -116.6965 142.1951 86.0503
v -131.5219 131.5219 91.0000
v -130.0721 130.0721 95.9497
v -126.5721 126.5721 98.0000
v -123.0721 123.0721 95.9497
v -121.6224 121.6224 91.0000
v -123.0721 123.0721 86.0503
v -126.5721 126.5721 84.0000
v -130.0721 130.0721 86.0503
v -143.7799 117.9972 91.0000
v -142.1951 116.6965 95.9497
v -138.3689 113.5564 98.0000
v -134.5427 110.4163 95.9497
v -132.9578 109.1156 91.0000
v -134.5427 110.4163 86.0503
v -138.3689 113.5564 84.0000
v -142.1951 116.6965 86.0503
v -154.6533 103.3361 91.0000
v -152.9486 102.1970 95.9497
v -148.8331 99.4471 98.0000
v -144.7175 96.6971 95.9497
v -143.0128 95.5581 91.0000
v -144.7175 96.6971 86.0503
v -148.8331 99.4471 84.0000
v -152.9486 102.1970 86.0503
v -164.0374 87.6798 91.0000
v -162.2292 86.7133 95.9497
v -157.8639 84.3800 98.0000
v -153.4986 82.0467 95.9497
v -151.6905 81.0802 91.0000
v -153.4986 82.0467 86.0503
v -157.8639 84.3800 84.0000
v -162.2292 86.7133 86.0503
v -171.8416 71.1791 91.0000
v -169.9474 70.3945 95.9497
v -165.3744 68.5003 98.0000
v -160.8015 66.6061 95.9497
v -158.9073 65.8216 91.0000
v -160.8015 66.6061 86.0503
v -165.3744 68.5003 84.0000
v -169.9474 70.3945 86.0503
v -177.9909 53.9929 91.0000
v -176.0289 53.3978 95.9497
v -171.2923 51.9610 98.0000
v -166.5557 50.5241 95.9497
v -164.5937 49.9290 91.0000
v -166.5557 50.5241 86.0503
v -171.2923 51.9610 84.0000
v -176.0289 53.3978 86.0503
v -182.4261 36.2868 91.0000
v -180.4152 35.8868 95.9497
v -175.5606 34.9212 98.0000
v -170.7059 33.9555 95.9497
v -168.6951 33.5555 91.0000
v -170.7059 33.9555 86.0503
v -175.5606 34.9212 84.0000
v -180.4152 35.8868 86.0503
v -185.1044 18.2312 91.0000
v -183.0640 18.0302 95.9497
v -178.1381 17.5451 98.0000
v -173.2122 17.0599 95.9497
v -171.1718 16.8589 91.0000
v -173.2122 17.0599 86.0503
v -178.1381 17.5451 84.0000
v -183.0640 18.0302 86.0503
v -186.0000 0.0000 91.0000
v -183.9497 0.0000 95.9497
v -179.0000 0.0000 98.0000
v -174.0503 0.0000 95.9497
v -172.0000 0.0000 91.0000
v -174.0503 0.0000 86.0503
v -179.0000 0.0000 84.0000
v -183.9497 0.0000 86.0503
v -185.1044 -18.2312 91.0000
v -183.0640 -18.0302 95.9497
v -178.1381 -17.5451 98.0000
v -173.2122 -17.0599 95.9497
v -171.1718 -16.8589 91.0000
v -173.2122 -17.0599 86.0503
v -178.1381 -17.5451 84.0000
v -183.0640 -18.0302 86.0503
v -182.4261 -36.2868 91.0000
v -180.4152 -35.8868 95.9497
v -175.5606 -34.9212 98.0000
v -170.7059 -33.9555 95.9497
v -168.6951 -33.5555 91.0000
v -170.7059 -33.9555 86.0503
v -175.5606 -34.9212 84.0000
v -180.4152 -35.8868 86.0503
v -177.9909 -53.9929 91.0000
v -176.0289 -53.3978 95.9497
v -171.2923 -51.9610 98.0000
v -166.5557 -50.5241 95.9497
v -164.5937 -49.9290 91.0000
v -166.5557 -50.5241 86.0503
v -171.2923 -51.9610 84.0000
v -176.0289 -53.3978 86.0503
v -171.8416 -71.1791 91.0000
v -169.9474 -70.3945 95.9497
v -165.3744 -68.5003 98.0000
v -160.8015 -66.6061 95.9497
v -158.9073 -65.8216 91.0000
v -160.8015 -66.6061 86.0503
v -165.3744 -68.5003 84.0000
v -169.9474 -70.3945 86.0503
v -164.0374 -87.6798 91.0000
v -162.2292 -86.7133 95.9497
v -157.8639 -84.3800 98.0000
v -153.4986 -82.0467 95.9497
v -151.6905 -81.0802 91.0000
v -153.4986 -82.0467 86.0503
v -157.8639 -84.3800 84.0000
v -162.2292 -86.7133 86.0503
v -154.6533 -103.3361 91.0000
v -152.9486 -102.1970 95.9497
v -148.8331 -99.4471 98.0000
v -144.7175 -96.6971 95.9497
v -143.0128 -95.5581 91.0000
v -144.7175 -96.6971 86.0503
v -148.8331 -99.4471 84.0000
v -152.9486 -102.1970 86.0503
v -143.7799 -117.9972 91.0000
v -142.1951 -116.6965 95.9497
v -138.3689 -113.5564 98.0000
v -134.5427 -110.4163 95.9497
v -132.9578 -109.1156 91.0000
v -134.5427 -110.4163 86.0503
v -138.3689 -113.5564 84.0000
v -142.1951 -116.6965 86.0503
v -131.5219 -131.5219 91.0000
v -130.0721 -130.0721 95.9497
v -126.5721 -126.5721 98.0000
v -123.0721 -123.0721 95.9497
v -121.6224 -121.6224 91.0000
v -123.0721 -123.0721 86.0503
v -126.5721 -126.5721 84.0000
v -130.0721 -130.0721 86.0503
v -117.9972 -143.7799 91.0000
v -116.6965 -142.1951 95.9497
v -113.5564 -138.3689 98.0000
v -110.4163 -134.5427 95.9497
v -109.1156 -132.9578 91.0000
v -110.4163 -134.5427 86.0503
v -113.5564 -138.3689 84.0000
v -116.6965 -142.1951 86.0503
v -103.3361 -154.6533 91.0000
v -102.1970 -152.9486 95.9497
v -99.4471 -148.8331 98.0000
v -96.6971 -144.7175 95.9497
v -95.5581 -143.0128 91.0000
v -96.6971 -144.7175 86.0503
v -99.4471 -148.8331 84.0000
v -102.1970 -152.9486 86.0503
v -87.6798 -164.0374 91.0000
v -86.7133 -162.2292 95.9497
v -84.3800 -157.8639 98.0000
v -82.0467 -153.4986 95.9497
v -81.0802 -151.6905 91.0000
v -82.0467 -153.4986 86.0503
v -84.3800 -157.8639 84.0000
v -86.7133 -162.2292 86.0503
v -71.1791 -171.8416 91.0000
v -70.3945 -169.9474 95.9497
v -68.5003 -165.3744 98.0000
v -66.6061 -160.8015 95.9497
v -65.8216 -158.9073 91.0000
v -66.6061 -160.8015 86.0503
v -68.5003 -165.3744 84.0000
v -70.3945 -169.9474 86.0503
v -53.9929 -177.9909 91.0000
v -53.3978 -176.0289 95.9497
v -51.9610 -171.2923 98.0000
v -50.5241 -166.5557 95.9497
v -49.9290 -164.5937 91.0000
v -50.5241 -166.5557 86.0503
v -51.9610 -171.2923 84.0000
v -53.3978 -176.0289 86.0503
v -36.2868 -182.4261 91.0000
v -35.8868 -180.4152 95.9497
v -34.9212 -175.5606 98.0000
v -33.9555 -170.7059 95.9497
v -33.5555 -168.6951 91.0000
v -33.9555 -170.7059 86.0503
v -34.9212 -175.5606 84.0000
v -35.8868 -180.4152 86.0503
v -18.2312 -185.1044 91.0000
v -18.0302 -183.0640 95.9497
v -17.5451 -178.1381 98.0000
v -17.0599 -173.2122 95.9497
v -16.8589 -171.1718 91.0000
v -17.0599 -173.2122 86.0503
v -17.5451 -178.1381 84.0000
v -18.0302 -183.0640 86.0503
v -0.0000 -186.0000 91.0000
v -0.0000 -183.9497 95.9497
v -0.0000 -179.0000 98.0000
v -0.0000 -174.0503 95.9497
v -0.0000 -172.0000 91.0000
v -0.0000 -174.0503 86.0503
v -0.0000 -179.0000 84.0000
v -0.0000 -183.9497 86.0503
v 18.2312 -185.1044 91.0000
v 18.0302 -183.0640 95.9497
v 17.5451 -178.1381 98.0000
v 17.0599 -173.2122 95.9497
v 16.8589 -171.1718 91.0000
v 17.0599 -173.2122 86.0503
v 17.5451 -178.1381 84.0000
v 18.0302 -183.0640 86.0503
v 36.2868 -182.4261 91.0000
v 35.8868 -180.4152 95.9497
v 34.9212 -175.5606 98.0000
v 33.9555 -170.7059 95.9497
v 33.5555 -168.6951 91.0000
v 33.9555 -170.7059 86.0503
v 34.9212 -175.5606 84.0000
v 35.8868 -180.4152 86.0503
v 53.9929 -177.9909 91.0000
v 53.3978 -176.0289 95.9497
v 51.9610 -171.2923 98.0000
v 50.5241 -166.5557 95.9497
v 49.9290 -164.5937 91.0000
v 50.5241 -166.5557 86.0503
v 51.9610 -171.2923 84.0000
v 53.3978 -176.0289 86.0503
v 71.1791 -171.8416 91.0000
v 70.3945 -169.9474 95.9497
v 68.5003 -165.3744 98.0000
v 66.6061 -160.8015 95.9497
v 65.8216 -158.9073 91.0000
v 66.6061 -160.8015 86.0503
v 68.5003 -165.3744 84.0000
v 70.3945 -169.9474 86.0503
v 87.6798 -164.0374 91.0000
v 86.7133 -162.2292 95.9497
v 84.3800 -157.8639 98.0000
v 82.0467 -153.4986 95.9497
v 81.0802 -151.6905 91.0000
v 82.0467 -153.4986 86.0503
v 84.3800 -157.8639 84.0000
v 86.7133 -162.2292 86.0503
v 103.3361 -154.6533 91.0000
v 102.1970 -152.9486 95.9497
v 99.4471 -148.8331 98.0000
v 96.6971 -144.7175 95.9497
v 95.5581 -143.0128 91.0000
v 96.6971 -144.7175 86.0503
v 99.4471 -148.8331 84.0000
v 102.1970 -152.9486 86.0503
v 117.9972 -143.7799 91.0000
v 116.6965 -142.1951 95.9497
v 113.5564 -138.3689 98.0000
v 110.4163 -134.5427 95.9497
v 109.1156 -132.9578 91.0000
v 110.4163 -134.5427 86.0503
v 113.5564 -138.3689 84.0000
v 116.6965 -142.1951 86.0503
v 131.5219 -131.5219 91.0000
v 130.0721 -130.0721 95.9497
v 126.5721 -126.5721 98.0000
v 123.0721 -123.0721 95.9497
v 121.6224 -121.6224 91.0000
v 123.0721 -123.0721 86.0503
v 126.5721 -126.5721 84.0000
v 130.0721 -130.0721 86.0503
v 143.7799 -117.9972 91.0000
v 142.1951 -116.6965 95.9497
v 138.3689 -113.5564 98.0000
v 134.5427 -110.4163 95.9497
v 132.9578 -109.1156 91.0000
v 134.5427 -110.4163 86.0503
v 138.3689 -113.5564 84.0000
v 142.1951 -116.6965 86.0503
v 154.6533 -103.3361 91.0000
v 152.9486 -102.1970 95.9497
v 148.8331 -99.4471 98.0000
v 144.7175 -96.6971 95.9497
v 143.0128 -95.5581 91.0000
v 144.7175 -96.6971 86.0503
v 148.8331 -99.4471 84.0000
v 152.9486 -102.1970 86.0503
v 164.0374 -87.6798 91.0000
v 162.2292 -86.7133 95.9497
v 157.8639 -84.3800 98.0000
v 153.4986 -82.0467 95.9497
v 151.6905 -81.0802 91.0000
v 153.4986 -82.0467 86.0503
v 157.8639 -84.3800 84.0000
v 162.2292 -86.7133 86.0503
v 171.8416 -71.1791 91.0000
v 169.9474 -70.3945 95.9497
v 165.3744 -68.5003 98.0000
v 160.8015 -66.6061 95.9497
v 158.9073 -65.8216 91.0000
v 160.8015 -66.6061 86.0503
v 165.3744 -68.5003 84.0000
v 169.9474 -70.3945 86.0503
v 177.9909 -53.9929 91.0000
v 176.0289 -53.3978 95.9497
v 171.2923 -51.9610 98.0000
v 166.5557 -50.5241 95.9497
v 164.5937 -49.9290 91.0000
v 166.5557 -50.5241 86.0503
v 171.2923 -51.9610 84.0000
v 176.0289 -53.3978 86.0503
v 182.4261 -36.2868 91.0000
v 180.4152 -35.8868 95.9497
v 175.5606 -34.9212 98.0000
v 170.7059 -33.9555 95.9497
v 168.6951 -33.5555 91.0000
v 170.7059 -33.9555 86.0503
v 175.5606 -34.9212 84.0000
v 180.4152 -35.8868 86.0503
v 185.1044 -18.2312 91.0000
v 183.0640 -18.0302 95.9497
v 178.1381 -17.5451 98.0000
v 173.2122 -17.0599 95.9497
v 171.1718 -16.8589 91.0000
v 173.2122 -17.0599 86.0503
v 178.1381 -17.5451 84.0000
v 183.0640 -18.0302 86.0503
v 158.0000 -8.0000 -89.0000
v 158.0000 8.0000 -89.0000
v 142.0000 8.0000 -89.0000
v 142.0000 -8.0000 -89.0000
v 158.0000 -8.0000 89.0000
v 142.0000 -8.0000 89.0000
v 142.0000 8.0000 89.0000
v 158.0000 8.0000 89.0000
v 158.0000 -8.0000 -89.0000
v 158.0000 -8.0000 89.0000
v 158.0000 8.0000 89.0000
v 158.0000 8.0000 -89.0000
v 142.0000 -8.0000 -89.0000
v 142.0000 8.0000 -89.0000
v 142.0000 8.0000 89.0000
v 142.0000 -8.0000 89.0000
v 158.0000 -8.0000 -89.0000
v 142.0000 -8.0000 -89.0000
v 142.0000 -8.0000 89.0000
v 158.0000 -8.0000 89.0000
v 158.0000 8.0000 -89.0000
v 158.0000 8.0000 89.0000
v 142.0000 8.0000 89.0000
v 142.0000 8.0000 -89.0000
v 62.5000 0.0000 -52.0000
v 60.7500 0.0000 -48.9689
v 57.2500 0.0000 -48.9689
v 55.5000 0.0000 -52.0000
v 57.2500 0.0000 -55.0311
v 60.7500 0.0000 -55.0311
v 61.9653 8.1579 -52.0000
v 60.2303 7.9295 -48.9689
v 56.7602 7.4726 -48.9689
v 55.0252 7.2442 -52.0000
v 56.7602 7.4726 -55.0311
v 60.2303 7.9295 -55.0311
v 60.3704 16.1762 -52.0000
v 58.6800 15.7233 -48.9689
v 55.2993 14.8174 -48.9689
v 53.6089 14.3645 -52.0000
v 55.2993 14.8174 -55.0311
v 58.6800 15.7233 -55.0311
v 57.7425 23.9177 -52.0000
v 56.1257 23.2480 -48.9689
v 52.8921 21.9086 -48.9689
v 51.2753 21.2389 -52.0000
v 52.8921 21.9086 -55.0311
v 56.1257 23.2480 -55.0311
v 54.1266 31.2500 -52.0000
v 52.6110 30.3750 -48.9689
v 49.5800 28.6250 -48.9689
v 48.0644 27.7500 -52.0000
v 49.5800 28.6250 -55.0311
v 52.6110 30.3750 -55.0311
v 49.5846 38.0476 -52.0000
v 48.1962 36.9823 -48.9689
v 45.4195 34.8516 -48.9689
v 44.0311 33.7863 -52.0000
v 45.4195 34.8516 -55.0311
v 48.1962 36.9823 -55.0311
v 44.1942 44.1942 -52.0000
v 42.9567 42.9567 -48.9689
v 40.4819 40.4819 -48.9689
v 39.2444 39.2444 -52.0000
v 40.4819 40.4819 -55.0311
v 42.9567 42.9567 -55.0311
v 38.0476 49.5846 -52.0000
v 36.9823 48.1962 -48.9689
v 34.8516 45.4195 -48.9689
v 33.7863 44.0311 -52.0000
v 34.8516 45.4195 -55.0311
v 36.9823 48.1962 -55.0311
v 31.2500 54.1266 -52.0000
v 30.3750 52.6110 -48.9689
v 28.6250 49.5800 -48.9689
v 27.7500 48.0644 -52.0000
v 28.6250 49.5800 -55.0311
v 30.3750 52.6110 -55.0311
v 23.9177 57.7425 -52.0000
v 23.2480 56.1257 -48.9689
v 21.9086 52.8921 -48.9689
v 21.2389 51.2753 -52.0000
v 21.9086 52.8921 -55.0311
v 23.2480 56.1257 -55.0311
v 16.1762 60.3704 -52.0000
v 15.7233 58.6800 -48.9689
v 14.8174 55.2993 -48.9689
v 14.3645 53.6089 -52.0000
v 14.8174 55.2993 -55.0311
v 15.7233 58.6800 -55.0311
v 8.1579 61.9653 -52.0000
v 7.9295 60.2303 -48.9689
v 7.4726 56.7602 -48.9689
v 7.2442 55.0252 -52.0000
v 7.4726 56.7602 -55.0311
v 7.9295 60.2303 -55.0311
v 0.0000 62.5000 -52.0000
v 0.0000 60.7500 -48.9689
v 0.0000 57.2500 -48.9689
v 0.0000 55.5000 -52.0000
v 0.0000 57.2500 -55.0311
v 0.0000 60.7500 -55.0311
v -8.1579 61.9653 -52.0000
v -7.9295 60.2303 -48.9689
v -7.4726 56.7602 -48.9689
v -7.2442 55.0252 -52.0000
v -7.4726 56.7602 -55.0311
v -7.9295 60.2303 -55.0311
v -16.1762 60.3704 -52.0000
v -15.7233 58.6800 -48.9689
v -14.8174 55.2993 -48.9689
v -14.3645 53.6089 -52.0000
v -14.8174 55.2993 -55.0311
v -15.7233 58.6800 -55.0311
v -23.9177 57.7425 -52.0000
v -23.2480 56.1257 -48.9689
v -21.9086 52.8921 -48.9689
v -21.2389 51.2753 -52.0000
v -21.9086 52.8921 -55.0311
v -23.2480 56.1257 -55.0311
v -31.2500 54.1266 -52.0000
v -30.3750 52.6110 -48.9689
v -28.6250 49.5800 -48.9689
v -27.7500 48.0644 -52.0000
v -28.6250 49.5800 -55.0311
v -30.3750 52.6110 -55.0311
v -38.0476 49.5846 -52.0000
v -36.9823 48.1962 -48.9689
v -34.8516 45.4195 -48.9689
v -33.7863 44.0311 -52.0000
v -34.8516 45.4195 -55.0311
v -36.9823 48.1962 -55.0311
v -44.1942 44.1942 -52.0000
v -42.9567 42.9567 -48.9689
v -40.4819 40.4819 -48.9689
v -39.2444 39.2444 -52.0000
v -40.4819 40.4819 -55.0311
v -42.9567 42.9567 -55.0311
v -49.5846 38.0476 -52.0000
v -48.1962 36.9823 -48.9689
v -45.4195 34.8516 -48.9689
v -44.0311 33.7863 -52.0000
v -45.4195 34.8516 -55.0311
v -48.1962 36.9823 -55.0311
v -54.1266 31.2500 -52.0000
v -52.6110 30.3750 -48.9689
v -49.5800 28.6250 -48.9689
v -48.0644 27.7500 -52.0000
v -49.5800 28.6250 -55.0311
v -52.6110 30.3750 -55.0311
v -57.7425 23.9177 -52.0000
v -56.1257 23.2480 -48.9689
v -52.8921 21.9086 -48.9689
v -51.2753 21.2389 -52.0000
v -52.8921 21.9086 -55.0311
v -56.1257 23.2480 -55.0311
v -60.3704 16.1762 -52.0000
v -58.6800 15.7233 -48.9689
v -55.2993 14.8174 -48.9689
v -53.6089 14.3645 -52.0000
v -55.2993 14.8174 -55.0311
v -58.6800 15.7233 -55.0311
v -61.9653 8.1579 -52.0000
v -60.2303 7.9295 -48.9689
v -56.7602 7.4726 -48.9689
v -55.0252 7.2442 -52.0000
v -56.7602 7.4726 -55.0311
v -60.2303 7.9295 -55.0311
v -62.5000 0.0000 -52.0000
v -60.7500 0.0000 -48.9689
v -57.2500 0.0000 -48.9689
v -55.5000 0.0000 -52.0000
v -57.2500 0.0000 -55.0311
v -60.7500 0.0000 -55.0311
v -61.9653 -8.1579 -52.0000
v -60.2303 -7.9295 -48.9689
v -56.7602 -7.4726 -48.9689
v -55.0252 -7.2442 -52.0000
v -56.7602 -7.4726 -55.0311
v -60.2303 -7.9295 -55.0311
v -60.3704 -16.1762 -52.0000
v -58.6800 -15.7233 -48.9689
v -55.2993 -14.8174 -48.9689
v -53.6089 -14.3645 -52.0000
v -55.2993 -14.8174 -55.0311
v -58.6800 -15.7233 -55.0311
v -57.7425 -23.9177 -52.0000
v -56.1257 -23.2480 -48.9689
v -52.8921 -21.9086 -48.9689
v -51.2753 -21.2389 -52.0000
v -52.8921 -21.9086 -55.0311
v -56.1257 -23.2480 -55.0311
v -54.1266 -31.2500 -52.0000
v -52.6110 -30.3750 -48.9689
v -49.5800 -28.6250 -48.9689
v -48.0644 -27.7500 -52.0000
v -49.5800 -28.6250 -55.0311
v -52.6110 -30.3750 -55.0311
v -49.5846 -38.0476 -52.0000
v -48.1962 -36.9823 -48.9689
v -45.4195 -34.8516 -48.9689
v -44.0311 -33.7863 -52.0000
v -45.4195 -34.8516 -55.0311
v -48.1962 -36.9823 -55.0311
v -44.1942 -44.1942 -52.0000
v -42.9567 -42.9567 -48.9689
v -40.4819 -40.4819 -48.9689
v -39.2444 -39.2444 -52.0000
v -40.4819 -40.4819 -55.0311
v -42.9567 -42.9567 -55.0311
v -38.0476 -49.5846 -52.0000
v -36.9823 -48.1962 -48.9689
v -34.8516 -45.4195 -48.9689
v -33.7863 -44.0311 -52.0000
v -34.8516 -45.4195 -55.0311
v -36.9823 -48.1962 -55.0311
v -31.2500 -54.1266 -52.0000
v -30.3750 -52.6110 -48.9689
v -28.6250 -49.5800 -48.9689
v -27.7500 -48.0644 -52.0000
v -28.6250 -49.5800 -55.0311
v -30.3750 -52.6110 -55.0311
v -23.9177 -57.7425 -52.0000
v -23.2480 -56.1257 -48.9689
v -21.9086 -52.8921 -48.9689
v -21.2389 -51.2753 -52.0000
v -21.9086 -52.8921 -55.0311
v -23.2480 -56.1257 -55.0311
v -16.1762 -60.3704 -52.0000
v -15.7233 -58.6800 -48.9689
v -14.8174 -55.2993 -48.9689
v -14.3645 -53.6089 -52.0000
v -14.8174 -55.2993 -55.0311
v -15.7233 -58.6800 -55.0311
v -8.1579 -61.9653 -52.0000
v -7.9295 -60.2303 -48.9689
v -7.4726 -56.7602 -48.9689
v -7.2442 -55.0252 -52.0000
v -7.4726 -56.7602 -55.0311
v -7.9295 -60.2303 -55.0311
v -0.0000 -62.5000 -52.0000
v -0.0000 -60.7500 -48.9689
v -0.0000 -57.2500 -48.9689
v -0.0000 -55.5000 -52.0000
v -0.0000 -57.2500 -55.0311
v -0.0000 -60.7500 -55.0311
v 8.1579 -61.9653 -52.0000
v 7.9295 -60.2303 -48.9689
v 7.4726 -56.7602 -48.9689
v 7.2442 -55.0252 -52.0000
v 7.4726 -56.7602 -55.0311
v 7.9295 -60.2303 -55.0311
v 16.1762 -60.3704 -52.0000
v 15.7233 -58.6800 -48.9689
v 14.8174 -55.2993 -48.9689
v 14.3645 -53.6089 -52.0000
v 14.8174 -55.2993 -55.0311
v 15.7233 -58.6800 -55.0311
v 23.9177 -57.7425 -52.0000
v 23.2480 -56.1257 -48.9689
v 21.9086 -52.8921 -48.9689
v 21.2389 -51.2753 -52.0000
v 21.9086 -52.8921 -55.0311
v 23.2480 -56.1257 -55.0311
v 31.2500 -54.1266 -52.0000
v 30.3750 -52.6110 -48.9689
v 28.6250 -49.5800 -48.9689
v 27.7500 -48.0644 -52.0000
v 28.6250 -49.5800 -55.0311
v 30.3750 -52.6110 -55.0311
v 38.0476 -49.5846 -52.0000
v 36.9823 -48.1962 -48.9689
v 34.8516 -45.4195 -48.9689
v 33.7863 -44.0311 -52.0000
v 34.8516 -45.4195 -55.0311
v 36.9823 -48.1962 -55.0311
v 44.1942 -44.1942 -52.0000
v 42.9567 -42.9567 -48.9689
v 40.4819 -40.4819 -48.9689
v 39.2444 -39.2444 -52.0000
v 40.4819 -40.4819 -55.0311
v 42.9567 -42.9567 -55.0311
v 49.5846 -38.0476 -52.0000
v 48.1962 -36.9823 -48.9689
v 45.4195 -34.8516 -48.9689
v 44.0311 -33.7863 -52.0000
v 45.4195 -34.8516 -55.0311
v 48.1962 -36.9823 -55.0311
v 54.1266 -31.2500 -52.0000
v 52.6110 -30.3750 -48.9689
v 49.5800 -28.6250 -48.9689
v 48.0644 -27.7500 -52.0000
v 49.5800 -28.6250 -55.0311
v 52.6110 -30.3750 -55.0311
v 57.7425 -23.9177 -52.0000
v 56.1257 -23.2480 -48.9689
v 52.8921 -21.9086 -48.9689
v 51.2753 -21.2389 -52.0000
v 52.8921 -21.9086 -55.0311
v 56.1257 -23.2480 -55.0311
v 60.3704 -16.1762 -52.0000
v 58.6800 -15.7233 -48.9689
v 55.2993 -14.8174 -48.9689
v 53.6089 -14.3645 -52.0000
v 55.2993 -14.8174 -55.0311
v 58.6800 -15.7233 -55.0311
v 61.9653 -8.1579 -52.0000
v 60.2303 -7.9295 -48.9689
v 56.7602 -7.4726 -48.9689
v 55.0252 -7.2442 -52.0000
v 56.7602 -7.4726 -55.0311
v 60.2303 -7.9295 -55.0311
v 117.3797 106.0660 -89.0000
v 106.0660 117.3797 -89.0000
v 94.7523 106.0660 -89.0000
v 106.0660 94.7523 -89.0000
v 117.3797 106.0660 89.0000
v 106.0660 94.7523 89.0000
v 94.7523 106.0660 89.0000
v 106.0660 117.3797 89.0000
v 117.3797 106.0660 -89.0000
v 117.3797 106.0660 89.0000
v 106.0660 117.3797 89.0000
v 106.0660 117.3797 -89.0000
v 106.0660 94.7523 -89.0000
v 94.7523 106.0660 -89.0000
v 94.7523 106.0660 89.0000
v 106.0660 94.7523 89.0000
v 117.3797 106.0660 -89.0000
v 106.0660 94.7523 -89.0000
v 106.0660 94.7523 89.0000
v 117.3797 106.0660 89.0000
v 106.0660 117.3797 -89.0000
v 106.0660 117.3797 89.0000
v 94.7523 106.0660 89.0000
v 94.7523 106.0660 -89.0000
v 63.9000 0.0000 -37.0000
v 62.1500 0.0000 -33.9689
v 58.6500 0.0000 -33.9689
v 56.9000 0.0000 -37.0000
v 58.6500 0.0000 -40.0311
v 62.1500 0.0000 -40.0311
v 63.3533 8.3406 -37.0000
v 61.6183 8.1122 -33.9689
v 58.1482 7.6554 -33.9689
v 56.4132 7.4269 -37.0000
v 58.1482 7.6554 -40.0311
v 61.6183 8.1122 -40.0311
v 61.7227 16.5385 -37.0000
v 60.0323 16.0856 -33.9689
v 56.6515 15.1797 -33.9689
v 54.9612 14.7268 -37.0000
v 56.6515 15.1797 -40.0311
v 60.0323 16.0856 -40.0311
v 59.0359 24.4535 -37.0000
v 57.4191 23.7838 -33.9689
v 54.1855 22.4444 -33.9689
v 52.5687 21.7747 -37.0000
v 54.1855 22.4444 -40.0311
v 57.4191 23.7838 -40.0311
v 55.3390 31.9500 -37.0000
v 53.8235 31.0750 -33.9689
v 50.7924 29.3250 -33.9689
v 49.2768 28.4500 -37.0000
v 50.7924 29.3250 -40.0311
v 53.8235 31.0750 -40.0311
v 50.6953 38.8999 -37.0000
v 49.3069 37.8345 -33.9689
v 46.5302 35.7039 -33.9689
v 45.1418 34.6385 -37.0000
v 46.5302 35.7039 -40.0311
v 49.3069 37.8345 -40.0311
v 45.1841 45.1841 -37.0000
v 43.9467 43.9467 -33.9689
v 41.4718 41.4718 -33.9689
v 40.2344 40.2344 -37.0000
v 41.4718 41.4718 -40.0311
v 43.9467 43.9467 -40.0311
v 38.8999 50.6953 -37.0000
v 37.8345 49.3069 -33.9689
v 35.7039 46.5302 -33.9689
v 34.6385 45.1418 -37.0000
v 35.7039 46.5302 -40.0311
v 37.8345 49.3069 -40.0311
v 31.9500 55.3390 -37.0000
v 31.0750 53.8235 -33.9689
v 29.3250 50.7924 -33.9689
v 28.4500 49.2768 -37.0000
v 29.3250 50.7924 -40.0311
v 31.0750 53.8235 -40.0311
v 24.4535 59.0359 -37.0000
v 23.7838 57.4191 -33.9689
v 22.4444 54.1855 -33.9689
v 21.7747 52.5687 -37.0000
v 22.4444 54.1855 -40.0311
v 23.7838 57.4191 -40.0311
v 16.5385 61.7227 -37.0000
v 16.0856 60.0323 -33.9689
v 15.1797 56.6515 -33.9689
v 14.7268 54.9612 -37.0000
v 15.1797 56.6515 -40.0311
v 16.0856 60.0323 -40.0311
v 8.3406 63.3533 -37.0000
v 8.1122 61.6183 -33.9689
v 7.6554 58.1482 -33.9689
v 7.4269 56.4132 -37.0000
v 7.6554 58.1482 -40.0311
v 8.1122 61.6183 -40.0311
v 0.0000 63.9000 -37.0000
v 0.0000 62.1500 -33.9689
v 0.0000 58.6500 -33.9689
v 0.0000 56.9000 -37.0000
v 0.0000 58.6500 -40.0311
v 0.0000 62.1500 -40.0311
v -8.3406 63.3533 -37.0000
v -8.1122 61.6183 -33.9689
v -7.6554 58.1482 -33.9689
v -7.4269 56.4132 -37.0000
v -7.6554 58.1482 -40.0311
v -8.1122 61.6183 -40.0311
v -16.5385 61.7227 -37.0000
v -16.0856 60.0323 -33.9689
v -15.1797 56.6515 -33.9689
v -14.7268 54.9612 -37.0000
v -15.1797 56.6515 -40.0311
v -16.0856 60.0323 -40.0311
v -24.4535 59.0359 -37.0000
v -23.7838 57.4191 -33.9689
v -22.4444 54.1855 -33.9689
v -21.7747 52.5687 -37.0000
v -22.4444 54.1855 -40.0311
v -23.7838 57.4191 -40.0311
v -31.9500 55.3390 -37.0000
v -31.0750 53.8235 -33.9689
v -29.3250 50.7924 -33.9689
v -28.4500 49.2768 -37.0000
v -29.3250 50.7924 -40.0311
v -31.0750 53.8235 -40.0311
v -38.8999 50.6953 -37.0000
v -37.8345 49.3069 -33.9689
v -35.7039 46.5302 -33.9689
v -34.6385 45.1418 -37.0000
v -35.7039 46.5302 -40.0311
v -37.8345 49.3069 -40.0311
v -45.1841 45.1841 -37.0000
v -43.9467 43.9467 -33.9689
v -41.4718 41.4718 -33.9689
v -40.2344 40.2344 -37.0000
v -41.4718 41.4718 -40.0311
v -43.9467 43.9467 -40.0311
v -50.6953 38.8999 -37.0000
v -49.3069 37.8345 -33.9689
v -46.5302 35.7039 -33.9689
v -45.1418 34.6385 -37.0000
v -46.5302 35.7039 -40.0311
v -49.3069 37.8345 -40.0311
v -55.3390 31.9500 -37.0000
v -53.8235 31.0750 -33.9689
v -50.7924 29.3250 -33.9689
v -49.2768 28.4500 -37.0000
v -50.7924 29.3250 -40.0311
v -53.8235 31.0750 -40.0311
v -59.0359 24.4535 -37.0000
v -57.4191 23.7838 -33.9689
v -54.1855 22.4444 -33.9689
v -52.5687 21.7747 -37.0000
v -54.1855 22.4444 -40.0311
v -57.4191 23.7838 -40.0311
v -61.7227 16.5385 -37.0000
v -60.0323 16.0856 -33.9689
v -56.6515 15.1797 -33.9689
v -54.9612 14.7268 -37.0000
v -56.6515 15.1797 -40.0311
v -60.0323 16.0856 -40.0311
v -63.3533 8.3406 -37.0000
v -61.6183 8.1122 -33.9689
v -58.1482 7.6554 -33.9689
v -56.4132 7.4269 -37.0000
v -58.1482 7.6554 -40.0311
v -61.6183 8.1122 -40.0311
v -63.9000 0.0000 -37.0000
v -62.1500 0.0000 -33.9689
v -58.6500 0.0000 -33.9689
v -56.9000 0.0000 -37.0000
v -58.6500 0.0000 -40.0311
v -62.1500 0.0000 -40.0311
v -63.3533 -8.3406 -37.0000
v -61.6183 -8.1122 -33.9689
v -58.1482 -7.6554 -33.9689
v -56.4132 -7.4269 -37.0000
v -58.1482 -7.6554 -40.0311
v -61.6183 -8.1122 -40.0311
v -61.7227 -16.5385 -37.0000
v -60.0323 -16.0856 -33.9689
v -56.6515 -15.1797 -33.9689
v -54.9612 -14.7268 -37.0000
v -56.6515 -15.1797 -40.0311
v -60.0323 -16.0856 -40.0311
v -59.0359 -24.4535 -37.0000
v -57.4191 -23.7838 -33.9689
v -54.1855 -22.4444 -33.9689
v -52.5687 -21.7747 -37.0000
v -54.1855 -22.4444 -40.0311
v -57.4191 -23.7838 -40.0311
v -55.3390 -31.9500 -37.0000
v -53.8235 -31.0750 -33.9689
v -50.7924 -29.3250 -33.9689
v -49.2768 -28.4500 -37.0000
v -50.7924 -29.3250 -40.0311
v -53.8235 -31.0750 -40.0311
v -50.6953 -38.8999 -37.0000
v -49.3069 -37.8345 -33.9689
v -46.5302 -35.7039 -33.9689
v -45.1418 -34.6385 -37.0000
v -46.5302 -35.7039 -40.0311
v -49.3069 -37.8345 -40.0311
v -45.1841 -45.1841 -37.0000
v -43.9467 -43.9467 -33.9689
v -41.4718 -41.4718 -33.9689
v -40.2344 -40.2344 -37.0000
v -41.4718 -41.4718 -40.0311
v -43.9467 -43.9467 -40.0311
v -38.8999 -50.6953 -37.0000
v -37.8345 -49.3069 -33.9689
v -35.7039 -46.5302 -33.9689
v -34.6385 -45.1418 -37.0000
v -35.7039 -46.5302 -40.0311
v -37.8345 -49.3069 -40.0311
v -31.9500 -55.3390 -37.0000
v -31.0750 -53.8235 -33.9689
v -29.3250 -50.7924 -33.9689
v -28.4500 -49.2768 -37.0000
v -29.3250 -50.7924 -40.0311
v -31.0750 -53.8235 -40.0311
v -24.4535 -59.0359 -37.0000
v -23.7838 -57.4191 -33.9689
v -22.4444 -54.1855 -33.9689
v -21.7747 -52.5687 -37.0000
v -22.4444 -54.1855 -40.0311
v -23.7838 -57.4191 -40.0311
v -16.5385 -61.7227 -37.0000
v -16.0856 -60.0323 -33.9689
v -15.1797 -56.6515 -33.9689
v -14.7268 -54.9612 -37.0000
v -15.1797 -56.6515 -40.0311
v -16.0856 -60.0323 -40.0311
v -8.3406 -63.3533 -37.0000
v -8.1122 -61.6183 -33.9689
v -7.6554 -58.1482 -33.9689
v -7.4269 -56.4132 -37.0000
v -7.6554 -58.1482 -40.0311
v -8.1122 -61.6183 -40.0311
v -0.0000 -63.9000 -37.0000
v -0.0000 -62.1500 -33.9689
v -0.0000 -58.6500 -33.9689
v -0.0000 -56.9000 -37.0000
v -0.0000 -58.6500 -40.0311
v -0.0000 -62.1500 -40.0311
v 8.3406 -63.3533 -37.0000
v 8.1122 -61.6183 -33.9689
v 7.6554 -58.1482 -33.9689
v 7.4269 -56.4132 -37.0000
v 7.6554 -58.1482 -40.0311
v 8.1122 -61.6183 -40.0311
v 16.5385 -61.7227 -37.0000
v 16.0856 -60.0323 -33.9689
v 15.1797 -56.6515 -33.9689
v 14.7268 -54.9612 -37.0000
v 15.1797 -56.6515 -40.0311
v 16.0856 -60.0323 -40.0311
v 24.4535 -59.0359 -37.0000
v 23.7838 -57.4191 -33.9689
v 22.4444 -54.1855 -33.9689
v 21.7747 -52.5687 -37.0000
v 22.4444 -54.1855 -40.0311
v 23.7838 -57.4191 -40.0311
v 31.9500 -55.3390 -37.0000
v 31.0750 -53.8235 -33.9689
v 29.3250 -50.7924 -33.9689
v 28.4500 -49.2768 -37.0000
v 29.3250 -50.7924 -40.0311
v 31.0750 -53.8235 -40.0311
v 38.8999 -50.6953 -37.0000
v 37.8345 -49.3069 -33.9689
v 35.7039 -46.5302 -33.9689
v 34.6385 -45.1418 -37.0000
v 35.7039 -46.5302 -40.0311
v 37.8345 -49.3069 -40.0311
v 45.1841 -45.1841 -37.0000
v 43.9467 -43.9467 -33.9689
v 41.4718 -41.4718 -33.9689
v 40.2344 -40.2344 -37.0000
v 41.4718 -41.4718 -40.0311
v 43.9467 -43.9467 -40.0311
v 50.6953 -38.8999 -37.0000
v 49.3069 -37.8345 -33.9689
v 46.5302 -35.7039 -33.9689
v 45.1418 -34.6385 -37.0000
v 46.5302 -35.7039 -40.0311
v 49.3069 -37.8345 -40.0311
v 55.3390 -31.9500 -37.0000
v 53.8235 -31.0750 -33.9689
v 50.7924 -29.3250 -33.9689
v 49.2768 -28.4500 -37.0000
v 50.7924 -29.3250 -40.0311
v 53.8235 -31.0750 -40.0311
v 59.0359 -24.4535 -37.0000
v 57.4191 -23.7838 -33.9689
v 54.1855 -22.4444 -33.9689
v 52.5687 -21.7747 -37.0000
v 54.1855 -22.4444 -40.0311
v 57.4191 -23.7838 -40.0311
v 61.7227 -16.5385 -37.0000
v 60.0323 -16.0856 -33.9689
v 56.6515 -15.1797 -33.9689
v 54.9612 -14.7268 -37.0000
v 56.6515 -15.1797 -40.0311
v 60.0323 -16.0856 -40.0311
v 63.3533 -8.3406 -37.0000
v 61.6183 -8.1122 -33.9689
v 58.1482 -7.6554 -33.9689
v 56.4132 -7.4269 -37.0000
v 58.1482 -7.6554 -40.0311
v 61.6183 -8.1122 -40.0311
v 8.0000 158.0000 -89.0000
v -8.0000 158.0000 -89.0000
v -8.0000 142.0000 -89.0000
v 8.0000 142.0000 -89.0000
v 8.0000 158.0000 89.0000
v 8.0000 142.0000 89.0000
v -8.0000 142.0000 89.0000
v -8.0000 158.0000 89.0000
v 8.0000 158.0000 -89.0000
v 8.0000 158.0000 89.0000
v -8.0000 158.0000 89.0000
v -8.0000 158.0000 -89.0000
v 8.0000 142.0000 -89.0000
v -8.0000 142.0000 -89.0000
v -8.0000 142.0000 89.0000
v 8.0000 142.0000 89.0000
v 8.0000 158.0000 -89.0000
v 8.0000 142.0000 -89.0000
v 8.0000 142.0000 89.0000
v 8.0000 158.0000 89.0000
v -8.0000 158.0000 -89.0000
v -8.0000 158.0000 89.0000
v -8.0000 142.0000 89.0000
v -8.0000 142.0000 -89.0000
v 65.3000 0.0000 -22.0000
v 63.5500 0.0000 -18.9689
v 60.0500 0.0000 -18.9689
v 58.3000 0.0000 -22.0000
v 60.0500 0.0000 -25.0311
v 63.5500 0.0000 -25.0311
v 64.7413 8.5234 -22.0000
v 63.0063 8.2949 -18.9689
v 59.5363 7.8381 -18.9689
v 57.8012 7.6097 -22.0000
v 59.5363 7.8381 -25.0311
v 63.0063 8.2949 -25.0311
v 63.0750 16.9009 -22.0000
v 61.3846 16.4480 -18.9689
v 58.0038 15.5421 -18.9689
v 56.3135 15.0892 -22.0000
v 58.0038 15.5421 -25.0311
v 61.3846 16.4480 -25.0311
v 60.3293 24.9892 -22.0000
v 58.7125 24.3195 -18.9689
v 55.4790 22.9801 -18.9689
v 53.8622 22.3104 -22.0000
v 55.4790 22.9801 -25.0311
v 58.7125 24.3195 -25.0311
v 56.5515 32.6500 -22.0000
v 55.0359 31.7750 -18.9689
v 52.0048 30.0250 -18.9689
v 50.4893 29.1500 -22.0000
v 52.0048 30.0250 -25.0311
v 55.0359 31.7750 -25.0311
v 51.8060 39.7521 -22.0000
v 50.4176 38.6868 -18.9689
v 47.6409 36.5561 -18.9689
v 46.2525 35.4908 -22.0000
v 47.6409 36.5561 -25.0311
v 50.4176 38.6868 -25.0311
v 46.1741 46.1741 -22.0000
v 44.9366 44.9366 -18.9689
v 42.4618 42.4618 -18.9689
v 41.2243 41.2243 -22.0000
v 42.4618 42.4618 -25.0311
v 44.9366 44.9366 -25.0311
v 39.7521 51.8060 -22.0000
v 38.6868 50.4176 -18.9689
v 36.5561 47.6409 -18.9689
v 35.4908 46.2525 -22.0000
v 36.5561 47.6409 -25.0311
v 38.6868 50.4176 -25.0311
v 32.6500 56.5515 -22.0000
v 31.7750 55.0359 -18.9689
v 30.0250 52.0048 -18.9689
v 29.1500 50.4893 -22.0000
v 30.0250 52.0048 -25.0311
v 31.7750 55.0359 -25.0311
v 24.9892 60.3293 -22.0000
v 24.3195 58.7125 -18.9689
v 22.9801 55.4790 -18.9689
v 22.3104 53.8622 -22.0000
v 22.9801 55.4790 -25.0311
v 24.3195 58.7125 -25.0311
v 16.9009 63.0750 -22.0000
v 16.4480 61.3846 -18.9689
v 15.5421 58.0038 -18.9689
v 15.0892 56.3135 -22.0000
v 15.5421 58.0038 -25.0311
v 16.4480 61.3846 -25.0311
v 8.5234 64.7413 -22.0000
v 8.2949 63.0063 -18.9689
v 7.8381 59.5363 -18.9689
v 7.6097 57.8012 -22.0000
v 7.8381 59.5363 -25.0311
v 8.2949 63.0063 -25.0311
v 0.0000 65.3000 -22.0000
v 0.0000 63.5500 -18.9689
v 0.0000 60.0500 -18.9689
v 0.0000 58.3000 -22.0000
v 0.0000 60.0500 -25.0311
v 0.0000 63.5500 -25.0311
v -8.5234 64.7413 -22.0000
v -8.2949 63.0063 -18.9689
v -7.8381 59.5363 -18.9689
v -7.6097 57.8012 -22.0000
v -7.8381 59.5363 -25.0311
v -8.2949 63.0063 -25.0311
v -16.9009 63.0750 -22.0000
v -16.4480 61.3846 -18.9689
v -15.5421 58.0038 -18.9689
v -15.0892 56.3135 -22.0000
v -15.5421 58.0038 -25.0311
v -16.4480 61.3846 -25.0311
v -24.9892 60.3293 -22.0000
v -24.3195 58.7125 -18.9689
v -22.9801 55.4790 -18.9689
v -22.3104 53.8622 -22.0000
v -22.9801 55.4790 -25.0311
v -24.3195 58.7125 -25.0311
v -32.6500 56.5515 -22.0000
v -31.7750 55.0359 -18.9689
v -30.0250 52.0048 -18.9689
v -29.1500 50.4893 -22.0000
v -30.0250 52.0048 -25.0311
v -31.7750 55.0359 -25.0311
v -39.7521 51.8060 -22.0000
v -38.6868 50.4176 -18.9689
v -36.5561 47.6409 -18.9689
v -35.4908 46.2525 -22.0000
v -36.5561 47.6409 -25.0311
v -38.6868 50.4176 -25.0311
v -46.1741 46.1741 -22.0000
v -44.9366 44.9366 -18.9689
v -42.4618 42.4618 -18.9689
v -41.2243 41.2243 -22.0000
v -42.4618 42.4618 -25.0311
v -44.9366 44.9366 -25.0311
v -51.8060 39.7521 -22.0000
v -50.4176 38.6868 -18.9689
v -47.6409 36.5561 -18.9689
v -46.2525 35.4908 -22.0000
v -47.6409 36.5561 -25.0311
v -50.4176 38.6868 -25.0311
v -56.5515 32.6500 -22.0000
v -55.0359 31.7750 -18.9689
v -52.0048 30.0250 -18.9689
v -50.4893 29.1500 -22.0000
v -52.0048 30.0250 -25.0311
v -55.0359 31.7750 -25.0311
v -60.3293 24.9892 -22.0000
v -58.7125 24.3195 -18.9689
v -55.4790 22.9801 -18.9689
v -53.8622 22.3104 -22.0000
v -55.4790 22.9801 -25.0311
v -58.7125 24.3195 -25.0311
v -63.0750 16.9009 -22.0000
v -61.3846 16.4480 -18.9689
v -58.0038 15.5421 -18.9689
v -56.3135 15.0892 -22.0000
v -58.0038 15.5421 -25.0311
v -61.3846 16.4480 -25.0311
v -64.7413 8.5234 -22.0000
v -63.0063 8.2949 -18.9689
v -59.5363 7.8381 -18.9689
v -57.8012 7.6097 -22.0000
v -59.5363 7.8381 -25.0311
v -63.0063 8.2949 -25.0311
v -65.3000 0.0000 -22.0000
v -63.5500 0.0000 -18.9689
v -60.0500 0.0000 -18.9689
v -58.3000 0.0000 -22.0000
v -60.0500 0.0000 -25.0311
v -63.5500 0.0000 -25.0311
v -64.7413 -8.5234 -22.0000
v -63.0063 -8.2949 -18.9689
v -59.5363 -7.8381 -18.9689
v -57.8012 -7.6097 -22.0000
v -59.5363 -7.8381 -25.0311
v -63.0063 -8.2949 -25.0311
v -63.0750 -16.9009 -22.0000
v -61.3846 -16.4480 -18.9689
v -58.0038 -15.5421 -18.9689
v -56.3135 -15.0892 -22.0000
v -58.0038 -15.5421 -25.0311
v -61.3846 -16.4480 -25.0311
v -60.3293 -24.9892 -22.0000
v -58.7125 -24.3195 -18.9689
v -55.4790 -22.9801 -18.9689
v -53.8622 -22.3104 -22.0000
v -55.4790 -22.9801 -25.0311
v -58.7125 -24.3195 -25.0311
v -56.5515 -32.6500 -22.0000
v -55.0359 -31.7750 -18.9689
v -52.0048 -30.0250 -18.9689
v -50.4893 -29.1500 -22.0000
v -52.0048 -30.0250 -25.0311
v -55.0359 -31.7750 -25.0311
v -51.8060 -39.7521 -22.0000
v -50.4176 -38.6868 -18.9689
v -47.6409 -36.5561 -18.9689
v -46.2525 -35.4908 -22.0000
v -47.6409 -36.5561 -25.0311
v -50.4176 -38.6868 -25.0311
v -46.1741 -46.1741 -22.0000
v -44.9366 -44.9366 -18.9689
v -42.4618 -42.4618 -18.9689
v -41.2243 -41.2243 -22.0000
v -42.4618 -42.4618 -25.0311
v -44.9366 -44.9366 -25.0311
v -39.7521 -51.8060 -22.0000
v -38.6868 -50.4176 -18.9689
v -36.5561 -47.6409 -18.9689
v -35.4908 -46.2525 -22.0000
v -36.5561 -47.6409 -25.0311
v -38.6868 -50.4176 -25.0311
v -32.6500 -56.5515 -22.0000
v -31.7750 -55.0359 -18.9689
v -30.0250 -52.0048 -18.9689
v -29.1500 -50.4893 -22.0000
v -30.0250 -52.0048 -25.0311
v -31.7750 -55.0359 -25.0311
v -24.9892 -60.3293 -22.0000
v -24.3195 -58.7125 -18.9689
v -22.9801 -55.4790 -18.9689
v -22.3104 -53.8622 -22.0000
v -22.9801 -55.4790 -25.0311
v -24.3195 -58.7125 -25.0311
v -16.9009 -63.0750 -22.0000
v -16.4480 -61.3846 -18.9689
v -15.5421 -58.0038 -18.9689
v -15.0892 -56.3135 -22.0000
v -15.5421 -58.0038 -25.0311
v -16.4480 -61.3846 -25.0311
v -8.5234 -64.7413 -22.0000
v -8.2949 -63.0063 -18.9689
v -7.8381 -59.5363 -18.9689
v -7.6097 -57.8012 -22.0000
v -7.8381 -59.5363 -25.0311
v -8.2949 -63.0063 -25.0311
v -0.0000 -65.3000 -22.0000
v -0.0000 -63.5500 -18.9689
v -0.0000 -60.0500 -18.9689
v -0.0000 -58.3000 -22.0000
v -0.0000 -60.0500 -25.0311
v -0.0000 -63.5500 -25.0311
v 8.5234 -64.7413 -22.0000
v 8.2949 -63.0063 -18.9689
v 7.8381 -59.5363 -18.9689
v 7.6097 -57.8012 -22.0000
v 7.8381 -59.5363 -25.0311
v 8.2949 -63.0063 -25.0311
v 16.9009 -63.0750 -22.0000
v 16.4480 -61.3846 -18.9689
v 15.5421 -58.0038 -18.9689
v 15.0892 -56.3135 -22.0000
v 15.5421 -58.0038 -25.0311
v 16.4480 -61.3846 -25.0311
v 24.9892 -60.3293 -22.0000
v 24.3195 -58.7125 -18.9689
v 22.9801 -55.4790 -18.9689
v 22.3104 -53.8622 -22.0000
v 22.9801 -55.4790 -25.0311
v 24.3195 -58.7125 -25.0311
v 32.6500 -56.5515 -22.0000
v 31.7750 -55.0359 -18.9689
v 30.0250 -52.0048 -18.9689
v 29.1500 -50.4893 -22.0000
v 30.0250 -52.0048 -25.0311
v 31.7750 -55.0359 -25.0311
v 39.7521 -51.8060 -22.0000
v 38.6868 -50.4176 -18.9689
v 36.5561 -47.6409 -18.9689
v 35.4908 -46.2525 -22.0000
v 36.5561 -47.6409 -25.0311
v 38.6868 -50.4176 -25.0311
v 46.1741 -46.1741 -22.0000
v 44.9366 -44.9366 -18.9689
v 42.4618 -42.4618 -18.9689
v 41.2243 -41.2243 -22.0000
v 42.4618 -42.4618 -25.0311
v 44.9366 -44.9366 -25.0311
v 51.8060 -39.7521 -22.0000
v 50.4176 -38.6868 -18.9689
v 47.6409 -36.5561 -18.9689
v 46.2525 -35.4908 -22.0000
v 47.6409 -36.5561 -25.0311
v 50.4176 -38.6868 -25.0311
v 56.5515 -32.6500 -22.0000
v 55.0359 -31.7750 -18.9689
v 52.0048 -30.0250 -18.9689
v 50.4893 -29.1500 -22.0000
v 52.0048 -30.0250 -25.0311
v 55.0359 -31.7750 -25.0311
v 60.3293 -24.9892 -22.0000
v 58.7125 -24.3195 -18.9689
v 55.4790 -22.9801 -18.9689
v 53.8622 -22.3104 -22.0000
v 55.4790 -22.9801 -25.0311
v 58.7125 -24.3195 -25.0311
v 63.0750 -16.9009 -22.0000
v 61.3846 -16.4480 -18.9689
v 58.0038 -15.5421 -18.9689
v 56.3135 -15.0892 -22.0000
v 58.0038 -15.5421 -25.0311
v 61.3846 -16.4480 -25.0311
v 64.7413 -8.5234 -22.0000
v 63.0063 -8.2949 -18.9689
v 59.5363 -7.8381 -18.9689
v 57.8012 -7.6097 -22.0000
v 59.5363 -7.8381 -25.0311
v 63.0063 -8.2949 -25.0311
v -106.0660 117.3797 -89.0000
v -117.3797 106.0660 -89.0000
v -106.0660 94.7523 -89.0000
v -94.7523 106.0660 -89.0000
v -106.0660 117.3797 89.0000
v -94.7523 106.0660 89.0000
v -106.0660 94.7523 89.0000
v -117.3797 106.0660 89.0000
v -106.0660 117.3797 -89.0000
v -106.0660 117.3797 89.0000
v -117.3797 106.0660 89.0000
v -117.3797 106.0660 -89.0000
v -94.7523 106.0660 -89.0000
v -106.0660 94.7523 -89.0000
v -106.0660 94.7523 89.0000
v -94.7523 106.0660 89.0000
v -106.0660 117.3797 -89.0000
v -94.7523 106.0660 -89.0000
v -94.7523 106.0660 89.0000
v -106.0660 117.3797 89.0000
v -117.3797 106.0660 -89.0000
v -117.3797 106.0660 89.0000
v -106.0660 94.7523 89.0000
v -106.0660 94.7523 -89.0000
v 66.7000 0.0000 -7.0000
v 64.9500 0.0000 -3.9689
v 61.4500 0.0000 -3.9689
v 59.7000 0.0000 -7.0000
v 61.4500 0.0000 -10.0311
v 64.9500 0.0000 -10.0311
v 66.1294 8.7061 -7.0000
v 64.3943 8.4777 -3.9689
v 60.9243 8.0208 -3.9689
v 59.1893 7.7924 -7.0000
v 60.9243 8.0208 -10.0311
v 64.3943 8.4777 -10.0311
v 64.4273 17.2632 -7.0000
v 62.7369 16.8103 -3.9689
v 59.3561 15.9044 -3.9689
v 57.6658 15.4515 -7.0000
v 59.3561 15.9044 -10.0311
v 62.7369 16.8103 -10.0311
v 61.6228 25.5250 -7.0000
v 60.0060 24.8553 -3.9689
v 56.7724 23.5159 -3.9689
v 55.1556 22.8462 -7.0000
v 56.7724 23.5159 -10.0311
v 60.0060 24.8553 -10.0311
v 57.7639 33.3500 -7.0000
v 56.2483 32.4750 -3.9689
v 53.2173 30.7250 -3.9689
v 51.7017 29.8500 -7.0000
v 53.2173 30.7250 -10.0311
v 56.2483 32.4750 -10.0311
v 52.9167 40.6044 -7.0000
v 51.5283 39.5391 -3.9689
v 48.7516 37.4084 -3.9689
v 47.3632 36.3431 -7.0000
v 48.7516 37.4084 -10.0311
v 51.5283 39.5391 -10.0311
v 47.1640 47.1640 -7.0000
v 45.9266 45.9266 -3.9689
v 43.4517 43.4517 -3.9689
v 42.2143 42.2143 -7.0000
v 43.4517 43.4517 -10.0311
v 45.9266 45.9266 -10.0311
v 40.6044 52.9167 -7.0000
v 39.5391 51.5283 -3.9689
v 37.4084 48.7516 -3.9689
v 36.3431 47.3632 -7.0000
v 37.4084 48.7516 -10.0311
v 39.5391 51.5283 -10.0311
v 33.3500 57.7639 -7.0000
v 32.4750 56.2483 -3.9689
v 30.7250 53.2173 -3.9689
v 29.8500 51.7017 -7.0000
v 30.7250 53.2173 -10.0311
v 32.4750 56.2483 -10.0311
v 25.5250 61.6228 -7.0000
v 24.8553 60.0060 -3.9689
v 23.5159 56.7724 -3.9689
v 22.8462 55.1556 -7.0000
v 23.5159 56.7724 -10.0311
v 24.8553 60.0060 -10.0311
v 17.2632 64.4273 -7.0000
v 16.8103 62.7369 -3.9689
v 15.9044 59.3561 -3.9689
v 15.4515 57.6658 -7.0000
v 15.9044 59.3561 -10.0311
v 16.8103 62.7369 -10.0311
v 8.7061 66.1294 -7.0000
v 8.4777 64.3943 -3.9689
v 8.0208 60.9243 -3.9689
v 7.7924 59.1893 -7.0000
v 8.0208 60.9243 -10.0311
v 8.4777 64.3943 -10.0311
v 0.0000 66.7000 -7.0000
v 0.0000 64.9500 -3.9689
v 0.0000 61.4500 -3.9689
v 0.0000 59.7000 -7.0000
v 0.0000 61.4500 -10.0311
v 0.0000 64.9500 -10.0311
v -8.7061 66.1294 -7.0000
v -8.4777 64.3943 -3.9689
v -8.0208 60.9243 -3.9689
v -7.7924 59.1893 -7.0000
v -8.0208 60.9243 -10.0311
v -8.4777 64.3943 -10.0311
v -17.2632 64.4273 -7.0000
v -16.8103 62.7369 -3.9689
v -15.9044 59.3561 -3.9689
v -15.4515 57.6658 -7.0000
v -15.9044 59.3561 -10.0311
v -16.8103 62.7369 -10.0311
v -25.5250 61.6228 -7.0000
v -24.8553 60.0060 -3.9689
v -23.5159 56.7724 -3.9689
v -22.8462 55.1556 -7.0000
v -23.5159 56.7724 -10.0311
v -24.8553 60.0060 -10.0311
v -33.3500 57.7639 -7.0000
v -32.4750 56.2483 -3.9689
v -30.7250 53.2173 -3.9689
v -29.8500 51.7017 -7.0000
v -30.7250 53.2173 -10.0311
v -32.4750 56.2483 -10.0311
v -40.6044 52.9167 -7.0000
v -39.5391 51.5283 -3.9689
v -37.4084 48.7516 -3.9689
v -36.3431 47.3632 -7.0000
v -37.4084 48.7516 -10.0311
v -39.5391 51.5283 -10.0311
v -47.1640 47.1640 -7.0000
v -45.9266 45.9266 -3.9689
v -43.4517 43.4517 -3.9689
v -42.2143 42.2143 -7.0000
v -43.4517 43.4517 -10.0311
v -45.9266 45.9266 -10.0311
v -52.9167 40.6044 -7.0000
v -51.5283 39.5391 -3.9689
v -48.7516 37.4084 -3.9689
v -47.3632 36.3431 -7.0000
v -48.7516 37.4084 -10.0311
v -51.5283 39.5391 -10.0311
v -57.7639 33.3500 -7.0000
v -56.2483 32.4750 -3.9689
v -53.2173 30.7250 -3.9689
v -51.7017 29.8500 -7.0000
v -53.2173 30.7250 -10.0311
v -56.2483 32.4750 -10.0311
v -61.6228 25.5250 -7.0000
v -60.0060 24.8553 -3.9689
v -56.7724 23.5159 -3.9689
v -55.1556 22.8462 -7.0000
v -56.7724 23.5159 -10.0311
v -60.0060 24.8553 -10.0311
v -64.4273 17.2632 -7.0000
v -62.7369 16.8103 -3.9689
v -59.3561 15.9044 -3.9689
v -57.6658 15.4515 -7.0000
v -59.3561 15.9044 -10.0311
v -62.7369 16.8103 -10.0311
v -66.1294 8.7061 -7.0000
v -64.3943 8.4777 -3.9689
v -60.9243 8.0208 -3.9689
v -59.1893 7.7924 -7.0000
v -60.9243 8.0208 -10.0311
v -64.3943 8.4777 -10.0311
v -66.7000 0.0000 -7.0000
v -64.9500 0.0000 -3.9689
v -61.4500 0.0000 -3.9689
v -59.7000 0.0000 -7.0000
v -61.4500 0.0000 -10.0311
v -64.9500 0.0000 -10.0311
v -66.1294 -8.7061 -7.0000
v -64.3943 -8.4777 -3.9689
v -60.9243 -8.0208 -3.9689
v -59.1893 -7.7924 -7.0000
v -60.9243 -8.0208 -10.0311
v -64.3943 -8.4777 -10.0311
v -64.4273 -17.2632 -7.0000
v -62.7369 -16.8103 -3.9689
v -59.3561 -15.9044 -3.9689
v -57.6658 -15.4515 -7.0000
v -59.3561 -15.9044 -10.0311
v -62.7369 -16.8103 -10.0311
v -61.6228 -25.5250 -7.0000
v -60.0060 -24.8553 -3.9689
v -56.7724 -23.5159 -3.9689
v -55.1556 -22.8462 -7.0000
v -56.7724 -23.5159 -10.0311
v -60.0060 -24.8553 -10.0311
v -57.7639 -33.3500 -7.0000
v -56.2483 -32.4750 -3.9689
v -53.2173 -30.7250 -3.9689
v -51.7017 -29.8500 -7.0000
v -53.2173 -30.7250 -10.0311
v -56.2483 -32.4750 -10.0311
v -52.9167 -40.6044 -7.0000
v -51.5283 -39.5391 -3.9689
v -48.7516 -37.4084 -3.9689
v -47.3632 -36.3431 -7.0000
v -48.7516 -37.4084 -10.0311
v -51.5283 -39.5391 -10.0311
v -47.1640 -47.1640 -7.0000
v -45.9266 -45.9266 -3.9689
v -43.4517 -43.4517 -3.9689
v -42.2143 -42.2143 -7.0000
v -43.4517 -43.4517 -10.0311
v -45.9266 -45.9266 -10.0311
v -40.6044 -52.9167 -7.0000
v -39.5391 -51.5283 -3.9689
v -37.4084 -48.7516 -3.9689
v -36.3431 -47.3632 -7.0000
v -37.4084 -48.7516 -10.0311
v -39.5391 -51.5283 -10.0311
v -33.3500 -57.7639 -7.0000
v -32.4750 -56.2483 -3.9689
v -30.7250 -53.2173 -3.9689
v -29.8500 -51.7017 -7.0000
v -30.7250 -53.2173 -10.0311
v -32.4750 -56.2483 -10.0311
v -25.5250 -61.6228 -7.0000
v -24.8553 -60.0060 -3.9689
v -23.5159 -56.7724 -3.9689
v -22.8462 -55.1556 -7.0000
v -23.5159 -56.7724 -10.0311
v -24.8553 -60.0060 -10.0311
v -17.2632 -64.4273 -7.0000
v -16.8103 -62.7369 -3.9689
v -15.9044 -59.3561 -3.9689
v -15.4515 -57.6658 -7.0000
v -15.9044 -59.3561 -10.0311
v -16.8103 -62.7369 -10.0311
v -8.7061 -66.1294 -7.0000
v -8.4777 -64.3943 -3.9689
v -8.0208 -60.9243 -3.9689
v -7.7924 -59.1893 -7.0000
v -8.0208 -60.9243 -10.0311
v -8.4777 -64.3943 -10.0311
v -0.0000 -66.7000 -7.0000
v -0.0000 -64.9500 -3.9689
v -0.0000 -61.4500 -3.9689
v -0.0000 -59.7000 -7.0000
v -0.0000 -61.4500 -10.0311
v -0.0000 -64.9500 -10.0311
v 8.7061 -66.1294 -7.0000
v 8.4777 -64.3943 -3.9689
v 8.0208 -60.9243 -3.9689
v 7.7924 -59.1893 -7.0000
v 8.0208 -60.9243 -10.0311
v 8.4777 -64.3943 -10.0311
v 17.2632 -64.4273 -7.0000
v 16.8103 -62.7369 -3.9689
v 15.9044 -59.3561 -3.9689
v 15.4515 -57.6658 -7.0000
v 15.9044 -59.3561 -10.0311
v 16.8103 -62.7369 -10.0311
v 25.5250 -61.6228 -7.0000
v 24.8553 -60.0060 -3.9689
v 23.5159 -56.7724 -3.9689
v 22.8462 -55.1556 -7.0000
v 23.5159 -56.7724 -10.0311
v 24.8553 -60.0060 -10.0311
v 33.3500 -57.7639 -7.0000
v 32.4750 -56.2483 -3.9689
v 30.7250 -53.2173 -3.9689
v 29.8500 -51.7017 -7.0000
v 30.7250 -53.2173 -10.0311
v 32.4750 -56.2483 -10.0311
v 40.6044 -52.9167 -7.0000
v 39.5391 -51.5283 -3.9689
v 37.4084 -48.7516 -3.9689
v 36.3431 -47.3632 -7.0000
v 37.4084 -48.7516 -10.0311
v 39.5391 -51.5283 -10.0311
v 47.1640 -47.1640 -7.0000
v 45.9266 -45.9266 -3.9689
v 43.4517 -43.4517 -3.9689
v 42.2143 -42.2143 -7.0000
v 43.4517 -43.4517 -10.0311
v 45.9266 -45.9266 -10.0311
v 52.9167 -40.6044 -7.0000
v 51.5283 -39.5391 -3.9689
v 48.7516 -37.4084 -3.9689
v 47.3632 -36.3431 -7.0000
v 48.7516 -37.4084 -10.0311
v 51.5283 -39.5391 -10.0311
v 57.7639 -33.3500 -7.0000
v 56.2483 -32.4750 -3.9689
v 53.2173 -30.7250 -3.9689
v 51.7017 -29.8500 -7.0000
v 53.2173 -30.7250 -10.0311
v 56.2483 -32.4750 -10.0311
v 61.6228 -25.5250 -7.0000
v 60.0060 -24.8553 -3.9689
v 56.7724 -23.5159 -3.9689
v 55.1556 -22.8462 -7.0000
v 56.7724 -23.5159 -10.0311
v 60.0060 -24.8553 -10.0311
v 64.4273 -17.2632 -7.0000
v 62.7369 -16.8103 -3.9689
v 59.3561 -15.9044 -3.9689
v 57.6658 -15.4515 -7.0000
v 59.3561 -15.9044 -10.0311
v 62.7369 -16.8103 -10.0311
v 66.1294 -8.7061 -7.0000
v 64.3943 -8.4777 -3.9689
v 60.9243 -8.0208 -3.9689
v 59.1893 -7.7924 -7.0000
v 60.9243 -8.0208 -10.0311
v 64.3943 -8.4777 -10.0311
v -158.0000 8.0000 -89.0000
v -158.0000 -8.0000 -89.0000
v -142.0000 -8.0000 -89.0000
v -142.0000 8.0000 -89.0000
v -158.0000 8.0000 89.0000
v -142.0000 8.0000 89.0000
v -142.0000 -8.0000 89.0000
v -158.0000 -8.0000 89.0000
v -158.0000 8.0000 -89.0000
v -158.0000 8.0000 89.0000
v -158.0000 -8.0000 89.0000
v -158.0000 -8.0000 -89.0000
v -142.0000 8.0000 -89.0000
v -142.0000 -8.0000 -89.0000
v -142.0000 -8.0000 89.0000
v -142.0000 8.0000 89.0000
v -158.0000 8.0000 -89.0000
v -142.0000 8.0000 -89.0000
v -142.0000 8.0000 89.0000
v -158.0000 8.0000 89.0000
v -158.0000 -8.0000 -89.0000
v -158.0000 -8.0000 89.0000
v -142.0000 -8.0000 89.0000
v -142.0000 -8.0000 -89.0000
v 68.1000 0.0000 8.0000
v 66.3500 0.0000 11.0311
v 62.8500 0.0000 11.0311
v 61.1000 0.0000 8.0000
v 62.8500 0.0000 4.9689
v 66.3500 0.0000 4.9689
v 67.5174 8.8888 8.0000
v 65.7824 8.6604 11.0311
v 62.3123 8.2036 11.0311
v 60.5773 7.9752 8.0000
v 62.3123 8.2036 4.9689
v 65.7824 8.6604 4.9689
v 65.7795 17.6256 8.0000
v 64.0892 17.1726 11.0311
v 60.7084 16.2668 11.0311
v 59.0181 15.8138 8.0000
v 60.7084 16.2668 4.9689
v 64.0892 17.1726 4.9689
v 62.9162 26.0607 8.0000
v 61.2994 25.3910 11.0311
v 58.0658 24.0517 11.0311
v 56.4490 23.3820 8.0000
v 58.0658 24.0517 4.9689
v 61.2994 25.3910 4.9689
v 58.9763 34.0500 8.0000
v 57.4608 33.1750 11.0311
v 54.4297 31.4250 11.0311
v 52.9142 30.5500 8.0000
v 54.4297 31.4250 4.9689
v 57.4608 33.1750 4.9689
v 54.0274 41.4567 8.0000
v 52.6390 40.3913 11.0311
v 49.8623 38.2607 11.0311
v 48.4739 37.1953 8.0000
v 49.8623 38.2607 4.9689
v 52.6390 40.3913 4.9689
v 48.1540 48.1540 8.0000
v 46.9165 46.9165 11.0311
v 44.4417 44.4417 11.0311
v 43.2042 43.2042 8.0000
v 44.4417 44.4417 4.9689
v 46.9165 46.9165 4.9689
v 41.4567 54.0274 8.0000
v 40.3913 52.6390 11.0311
v 38.2607 49.8623 11.0311
v 37.1953 48.4739 8.0000
v 38.2607 49.8623 4.9689
v 40.3913 52.6390 4.9689
v 34.0500 58.9763 8.0000
v 33.1750 57.4608 11.0311
v 31.4250 54.4297 11.0311
v 30.5500 52.9142 8.0000
v 31.4250 54.4297 4.9689
v 33.1750 57.4608 4.9689
v 26.0607 62.9162 8.0000
v 25.3910 61.2994 11.0311
v 24.0517 58.0658 11.0311
v 23.3820 56.4490 8.0000
v 24.0517 58.0658 4.9689
v 25.3910 61.2994 4.9689
v 17.6256 65.7795 8.0000
v 17.1726 64.0892 11.0311
v 16.2668 60.7084 11.0311
v 15.8138 59.0181 8.0000
v 16.2668 60.7084 4.9689
v 17.1726 64.0892 4.9689
v 8.8888 67.5174 8.0000
v 8.6604 65.7824 11.0311
v 8.2036 62.3123 11.0311
v 7.9752 60.5773 8.0000
v 8.2036 62.3123 4.9689
v 8.6604 65.7824 4.9689
v 0.0000 68.1000 8.0000
v 0.0000 66.3500 11.0311
v 0.0000 62.8500 11.0311
v 0.0000 61.1000 8.0000
v 0.0000 62.8500 4.9689
v 0.0000 66.3500 4.9689
v -8.8888 67.5174 8.0000
v -8.6604 65.7824 11.0311
v -8.2036 62.3123 11.0311
v -7.9752 60.5773 8.0000
v -8.2036 62.3123 4.9689
v -8.6604 65.7824 4.9689
v -17.6256 65.7795 8.0000
v -17.1726 64.0892 11.0311
v -16.2668 60.7084 11.0311
v -15.8138 59.0181 8.0000
v -16.2668 60.7084 4.9689
v -17.1726 64.0892 4.9689
v -26.0607 62.9162 8.0000
v -25.3910 61.2994 11.0311
v -24.0517 58.0658 11.0311
v -23.3820 56.4490 8.0000
v -24.0517 58.0658 4.9689
v -25.3910 61.2994 4.9689
v -34.0500 58.9763 8.0000
v -33.1750 57.4608 11.0311
v -31.4250 54.4297 11.0311
v -30.5500 52.9142 8.0000
v -31.4250 54.4297 4.9689
v -33.1750 57.4608 4.9689
v -41.4567 54.0274 8.0000
v -40.3913 52.6390 11.0311
v -38.2607 49.8623 11.0311
v -37.1953 48.4739 8.0000
v -38.2607 49.8623 4.9689
v -40.3913 52.6390 4.9689
v -48.1540 48.1540 8.0000
v -46.9165 46.9165 11.0311
v -44.4417 44.4417 11.0311
v -43.2042 43.2042 8.0000
v -44.4417 44.4417 4.9689
v -46.9165 46.9165 4.9689
v -54.0274 41.4567 8.0000
v -52.6390 40.3913 11.0311
v -49.8623 38.2607 11.0311
v -48.4739 37.1953 8.0000
v -49.8623 38.2607 4.9689
v -52.6390 40.3913 4.9689
v -58.9763 34.0500 8.0000
v -57.4608 33.1750 11.0311
v -54.4297 31.4250 11.0311
v -52.9142 30.5500 8.0000
v -54.4297 31.4250 4.9689
v -57.4608 33.1750 4.9689
v -62.9162 26.0607 8.0000
v -61.2994 25.3910 11.0311
v -58.0658 24.0517 11.0311
v -56.4490 23.3820 8.0000
v -58.0658 24.0517 4.9689
v -61.2994 25.3910 4.9689
v -65.7795 17.6256 8.0000
v -64.0892 17.1726 11.0311
v -60.7084 16.2668 11.0311
v -59.0181 15.8138 8.0000
v -60.7084 16.2668 4.9689
v -64.0892 17.1726 4.9689
v -67.5174 8.8888 8.0000
v -65.7824 8.6604 11.0311
v -62.3123 8.2036 11.0311
v -60.5773 7.9752 8.0000
v -62.3123 8.2036 4.9689
v -65.7824 8.6604 4.9689
v -68.1000 0.0000 8.0000
v -66.3500 0.0000 11.0311
v -62.8500 0.0000 11.0311
v -61.1000 0.0000 8.0000
v -62.8500 0.0000 4.9689
v -66.3500 0.0000 4.9689
v -67.5174 -8.8888 8.0000
v -65.7824 -8.6604 11.0311
v -62.3123 -8.2036 11.0311
v -60.5773 -7.9752 8.0000
v -62.3123 -8.2036 4.9689
v -65.7824 -8.6604 4.9689
v -65.7795 -17.6256 8.0000
v -64.0892 -17.1726 11.0311
v -60.7084 -16.2668 11.0311
v -59.0181 -15.8138 8.0000
v -60.7084 -16.2668 4.9689
v -64.0892 -17.1726 4.9689
v -62.9162 -26.0607 8.0000
v -61.2994 -25.3910 11.0311
v -58.0658 -24.0517 11.0311
v -56.4490 -23.3820 8.0000
v -58.0658 -24.0517 4.9689
v -61.2994 -25.3910 4.9689
v -58.9763 -34.0500 8.0000
v -57.4608 -33.1750 11.0311
v -54.4297 -31.4250 11.0311
v -52.9142 -30.5500 8.0000
v -54.4297 -31.4250 4.9689
v -57.4608 -33.1750 4.9689
v -54.0274 -41.4567 8.0000
v -52.6390 -40.3913 11.0311
v -49.8623 -38.2607 11.0311
v -48.4739 -37.1953 8.0000
v -49.8623 -38.2607 4.9689
v -52.6390 -40.3913 4.9689
v -48.1540 -48.1540 8.0000
v -46.9165 -46.9165 11.0311
v -44.4417 -44.4417 11.0311
v -43.2042 -43.2042 8.0000
v -44.4417 -44.4417 4.9689
v -46.9165 -46.9165 4.9689
v -41.4567 -54.0274 8.0000
v -40.3913 -52.6390 11.0311
v -38.2607 -49.8623 11.0311
v -37.1953 -48.4739 8.0000
v -38.2607 -49.8623 4.9689
v -40.3913 -52.6390 4.9689
v -34.0500 -58.9763 8.0000
v -33.1750 -57.4608 11.0311
v -31.4250 -54.4297 11.0311
v -30.5500 -52.9142 8.0000
v -31.4250 -54.4297 4.9689
v -33.1750 -57.4608 4.9689
v -26.0607 -62.9162 8.0000
v -25.3910 -61.2994 11.0311
v -24.0517 -58.0658 11.0311
v -23.3820 -56.4490 8.0000
v -24.0517 -58.0658 4.9689
v -25.3910 -61.2994 4.9689
v -17.6256 -65.7795 8.0000
v -17.1726 -64.0892 11.0311
v -16.2668 -60.7084 11.0311
v -15.8138 -59.0181 8.0000
v -16.2668 -60.7084 4.9689
v -17.1726 -64.0892 4.9689
v -8.8888 -67.5174 8.0000
v -8.6604 -65.7824 11.0311
v -8.2036 -62.3123 11.0311
v -7.9752 -60.5773 8.0000
v -8.2036 -62.3123 4.9689
v -8.6604 -65.7824 4.9689
v -0.0000 -68.1000 8.0000
v -0.0000 -66.3500 11.0311
v -0.0000 -62.8500 11.0311
v -0.0000 -61.1000 8.0000
v -0.0000 -62.8500 4.9689
v -0.0000 -66.3500 4.9689
v 8.8888 -67.5174 8.0000
v 8.6604 -65.7824 11.0311
v 8.2036 -62.3123 11.0311
v 7.9752 -60.5773 8.0000
v 8.2036 -62.3123 4.9689
v 8.6604 -65.7824 4.9689
v 17.6256 -65.7795 8.0000
v 17.1726 -64.0892 11.0311
v 16.2668 -60.7084 11.0311
v 15.8138 -59.0181 8.0000
v 16.2668 -60.7084 4.9689
v 17.1726 -64.0892 4.9689
v 26.0607 -62.9162 8.0000
v 25.3910 -61.2994 11.0311
v 24.0517 -58.0658 11.0311
v 23.3820 -56.4490 8.0000
v 24.0517 -58.0658 4.9689
v 25.3910 -61.2994 4.9689
v 34.0500 -58.9763 8.0000
v 33.1750 -57.4608 11.0311
v 31.4250 -54.4297 11.0311
v 30.5500 -52.9142 8.0000
v 31.4250 -54.4297 4.9689
v 33.1750 -57.4608 4.9689
v 41.4567 -54.0274 8.0000
v 40.3913 -52.6390 11.0311
v 38.2607 -49.8623 11.0311
v 37.1953 -48.4739 8.0000
v 38.2607 -49.8623 4.9689
v 40.3913 -52.6390 4.9689
v 48.1540 -48.1540 8.0000
v 46.9165 -46.9165 11.0311
v 44.4417 -44.4417 11.0311
v 43.2042 -43.2042 8.0000
v 44.4417 -44.4417 4.9689
v 46.9165 -46.9165 4.9689
v 54.0274 -41.4567 8.0000
v 52.6390 -40.3913 11.0311
v 49.8623 -38.2607 11.0311
v 48.4739 -37.1953 8.0000
v 49.8623 -38.2607 4.9689
v 52.6390 -40.3913 4.9689
v 58.9763 -34.0500 8.0000
v 57.4608 -33.1750 11.0311
v 54.4297 -31.4250 11.0311
v 52.9142 -30.5500 8.0000
v 54.4297 -31.4250 4.9689
v 57.4608 -33.1750 4.9689
v 62.9162 -26.0607 8.0000
v 61.2994 -25.3910 11.0311
v 58.0658 -24.0517 11.0311
v 56.4490 -23.3820 8.0000
v 58.0658 -24.0517 4.9689
v 61.2994 -25.3910 4.9689
v 65.7795 -17.6256 8.0000
v 64.0892 -17.1726 11.0311
v 60.7084 -16.2668 11.0311
v 59.0181 -15.8138 8.0000
v 60.7084 -16.2668 4.9689
v 64.0892 -17.1726 4.9689
v 67.5174 -8.8888 8.0000
v 65.7824 -8.6604 11.0311
v 62.3123 -8.2036 11.0311
v 60.5773 -7.9752 8.0000
v 62.3123 -8.2036 4.9689
v 65.7824 -8.6604 4.9689
v -117.3797 -106.0660 -89.0000
v -106.0660 -117.3797 -89.0000
v -94.7523 -106.0660 -89.0000
v -106.0660 -94.7523 -89.0000
v -117.3797 -106.0660 89.0000
v -106.0660 -94.7523 89.0000
v -94.7523 -106.0660 89.0000
v -106.0660 -117.3797 89.0000
v -117.3797 -106.0660 -89.0000
v -117.3797 -106.0660 89.0000
v -106.0660 -117.3797 89.0000
v -106.0660 -117.3797 -89.0000
v -106.0660 -94.7523 -89.0000
v -94.7523 -106.0660 -89.0000
v -94.7523 -106.0660 89.0000
v -106.0660 -94.7523 89.0000
v -117.3797 -106.0660 -89.0000
v -106.0660 -94.7523 -89.0000
v -106.0660 -94.7523 89.0000
v -117.3797 -106.0660 89.0000
v -106.0660 -117.3797 -89.0000
v -106.0660 -117.3797 89.0000
v -94.7523 -106.0660 89.0000
v -94.7523 -106.0660 -89.0000
v 69.5000 0.0000 23.0000
v 67.7500 0.0000 26.0311
v 64.2500 0.0000 26.0311
v 62.5000 0.0000 23.0000
v 64.2500 0.0000 19.9689
v 67.7500 0.0000 19.9689
v 68.9054 9.0716 23.0000
v 67.1704 8.8431 26.0311
v 63.7003 8.3863 26.0311
v 61.9653 8.1579 23.0000
v 63.7003 8.3863 19.9689
v 67.1704 8.8431 19.9689
v 67.1318 17.9879 23.0000
v 65.4415 17.5350 26.0311
v 62.0607 16.6291 26.0311
v 60.3704 16.1762 23.0000
v 62.0607 16.6291 19.9689
v 65.4415 17.5350 19.9689
v 64.2096 26.5965 23.0000
v 62.5928 25.9268 26.0311
v 59.3593 24.5874 26.0311
v 57.7425 23.9177 23.0000
v 59.3593 24.5874 19.9689
v 62.5928 25.9268 19.9689
v 60.1888 34.7500 23.0000
v 58.6732 33.8750 26.0311
v 55.6421 32.1250 26.0311
v 54.1266 31.2500 23.0000
v 55.6421 32.1250 19.9689
v 58.6732 33.8750 19.9689
v 55.1381 42.3089 23.0000
v 53.7497 41.2436 26.0311
v 50.9730 39.1129 26.0311
v 49.5846 38.0476 23.0000
v 50.9730 39.1129 19.9689
v 53.7497 41.2436 19.9689
v 49.1439 49.1439 23.0000
v 47.9065 47.9065 26.0311
v 45.4316 45.4316 26.0311
v 44.1942 44.1942 23.0000
v 45.4316 45.4316 19.9689
v 47.9065 47.9065 19.9689
v 42.3089 55.1381 23.0000
v 41.2436 53.7497 26.0311
v 39.1129 50.9730 26.0311
v 38.0476 49.5846 23.0000
v 39.1129 50.9730 19.9689
v 41.2436 53.7497 19.9689
v 34.7500 60.1888 23.0000
v 33.8750 58.6732 26.0311
v 32.1250 55.6421 26.0311
v 31.2500 54.1266 23.0000
v 32.1250 55.6421 19.9689
v 33.8750 58.6732 19.9689
v 26.5965 64.2096 23.0000
v 25.9268 62.5928 26.0311
v 24.5874 59.3593 26.0311
v 23.9177 57.7425 23.0000
v 24.5874 59.3593 19.9689
v 25.9268 62.5928 19.9689
v 17.9879 67.1318 23.0000
v 17.5350 65.4415 26.0311
v 16.6291 62.0607 26.0311
v 16.1762 60.3704 23.0000
v 16.6291 62.0607 19.9689
v 17.5350 65.4415 19.9689
v 9.0716 68.9054 23.0000
v 8.8431 67.1704 26.0311
v 8.3863 63.7003 26.0311
v 8.1579 61.9653 23.0000
v 8.3863 63.7003 19.9689
v 8.8431 67.1704 19.9689
v 0.0000 69.5000 23.0000
v 0.0000 67.7500 26.0311
v 0.0000 64.2500 26.0311
v 0.0000 62.5000 23.0000
v 0.0000 64.2500 19.9689
v 0.0000 67.7500 19.9689
v -9.0716 68.9054 23.0000
v -8.8431 67.1704 26.0311
v -8.3863 63.7003 26.0311
v -8.1579 61.9653 23.0000
v -8.3863 63.7003 19.9689
v -8.8431 67.1704 19.9689
v -17.9879 67.1318 23.0000
v -17.5350 65.4415 26.0311
v -16.6291 62.0607 26.0311
v -16.1762 60.3704 23.0000
v -16.6291 62.0607 19.9689
v -17.5350 65.4415 19.9689
v -26.5965 64.2096 23.0000
v -25.9268 62.5928 26.0311
v -24.5874 59.3593 26.0311
v -23.9177 57.7425 23.0000
v -24.5874 59.3593 19.9689
v -25.9268 62.5928 19.9689
v -34.7500 60.1888 23.0000
v -33.8750 58.6732 26.0311
v -32.1250 55.6421 26.0311
v -31.2500 54.1266 23.0000
v -32.1250 55.6421 19.9689
v -33.8750 58.6732 19.9689
v -42.3089 55.1381 23.0000
v -41.2436 53.7497 26.0311
v -39.1129 50.9730 26.0311
v -38.0476 49.5846 23.0000
v -39.1129 50.9730 19.9689
v -41.2436 53.7497 19.9689
v -49.1439 49.1439 23.0000
v -47.9065 47.9065 26.0311
v -45.4316 45.4316 26.0311
v -44.1942 44.1942 23.0000
v -45.4316 45.4316 19.9689
v -47.9065 47.9065 19.9689
v -55.1381 42.3089 23.0000
v -53.7497 41.2436 26.0311
v -50.9730 39.1129 26.0311
v -49.5846 38.0476 23.0000
v -50.9730 39.1129 19.9689
v -53.7497 41.2436 19.9689
v -60.1888 34.7500 23.0000
v -58.6732 33.8750 26.0311
v -55.6421 32.1250 26.0311
v -54.1266 31.2500 23.0000
v -55.6421 32.1250 19.9689
v -58.6732 33.8750 19.9689
v -64.2096 26.5965 23.0000
v -62.5928 25.9268 26.0311
v -59.3593 24.5874 26.0311
v -57.7425 23.9177 23.0000
v -59.3593 24.5874 19.9689
v -62.5928 25.9268 19.9689
v -67.1318 17.9879 23.0000
v -65.4415 17.5350 26.0311
v -62.0607 16.6291 26.0311
v -60.3704 16.1762 23.0000
v -62.0607 16.6291 19.9689
v -65.4415 17.5350 19.9689
v -68.9054 9.0716 23.0000
v -67.1704 8.8431 26.0311
v -63.7003 8.3863 26.0311
v -61.9653 8.1579 23.0000
v -63.7003 8.3863 19.9689
v -67.1704 8.8431 19.9689
v -69.5000 0.0000 23.0000
v -67.7500 0.0000 26.0311
v -64.2500 0.0000 26.0311
v -62.5000 0.0000 23.0000
v -64.2500 0.0000 19.9689
v -67.7500 0.0000 19.9689
v -68.9054 -9.0716 23.0000
v -67.1704 -8.8431 26.0311
v -63.7003 -8.3863 26.0311
v -61.9653 -8.1579 23.0000
v -63.7003 -8.3863 19.9689
v -67.1704 -8.8431 19.9689
v -67.1318 -17.9879 23.0000
v -65.4415 -17.5350 26.0311
v -62.0607 -16.6291 26.0311
v -60.3704 -16.1762 23.0000
v -62.0607 -16.6291 19.9689
v -65.4415 -17.5350 19.9689
v -64.2096 -26.5965 23.0000
v -62.5928 -25.9268 26.0311
v -59.3593 -24.5874 26.0311
v -57.7425 -23.9177 23.0000
v -59.3593 -24.5874 19.9689
v -62.5928 -25.9268 19.9689
v -60.1888 -34.7500 23.0000
v -58.6732 -33.8750 26.0311
v -55.6421 -32.1250 26.0311
v -54.1266 -31.2500 23.0000
v -55.6421 -32.1250 19.9689
v -58.6732 -33.8750 19.9689
v -55.1381 -42.3089 23.0000
v -53.7497 -41.2436 26.0311
v -50.9730 -39.1129 26.0311
v -49.5846 -38.0476 23.0000
v -50.9730 -39.1129 19.9689
v -53.7497 -41.2436 19.9689
v -49.1439 -49.1439 23.0000
v -47.9065 -47.9065 26.0311
v -45.4316 -45.4316 26.0311
v -44.1942 -44.1942 23.0000
v -45.4316 -45.4316 19.9689
v -47.9065 -47.9065 19.9689
v -42.3089 -55.1381 23.0000
v -41.2436 -53.7497 26.0311
v -39.1129 -50.9730 26.0311
v -38.0476 -49.5846 23.0000
v -39.1129 -50.9730 19.9689
v -41.2436 -53.7497 19.9689
v -34.7500 -60.1888 23.0000
v -33.8750 -58.6732 26.0311
v -32.1250 -55.6421 26.0311
v -31.2500 -54.1266 23.0000
v -32.1250 -55.6421 19.9689
v -33.8750 -58.6732 19.9689
v -26.5965 -64.2096 23.0000
v -25.9268 -62.5928 26.0311
v -24.5874 -59.3593 26.0311
v -23.9177 -57.7425 23.0000
v -24.5874 -59.3593 19.9689
v -25.9268 -62.5928 19.9689
v -17.9879 -67.1318 23.0000
v -17.5350 -65.4415 26.0311
v -16.6291 -62.0607 26.0311
v -16.1762 -60.3704 23.0000
v -16.6291 -62.0607 19.9689
v -17.5350 -65.4415 19.9689
v -9.0716 -68.9054 23.0000
v -8.8431 -67.1704 26.0311
v -8.3863 -63.7003 26.0311
v -8.1579 -61.9653 23.0000
v -8.3863 -63.7003 19.9689
v -8.8431 -67.1704 19.9689
v -0.0000 -69.5000 23.0000
v -0.0000 -67.7500 26.0311
v -0.0000 -64.2500 26.0311
v -0.0000 -62.5000 23.0000
v -0.0000 -64.2500 19.9689
v -0.0000 -67.7500 19.9689
v 9.0716 -68.9054 23.0000
v 8.8431 -67.1704 26.0311
v 8.3863 -63.7003 26.0311
v 8.1579 -61.9653 23.0000
v 8.3863 -63.7003 19.9689
v 8.8431 -67.1704 19.9689
v 17.9879 -67.1318 23.0000
v 17.5350 -65.4415 26.0311
v 16.6291 -62.0607 26.0311
v 16.1762 -60.3704 23.0000
v 16.6291 -62.0607 19.9689
v 17.5350 -65.4415 19.9689
v 26.5965 -64.2096 23.0000
v 25.9268 -62.5928 26.0311
v 24.5874 -59.3593 26.0311
v 23.9177 -57.7425 23.0000
v 24.5874 -59.3593 19.9689
v 25.9268 -62.5928 19.9689
v 34.7500 -60.1888 23.0000
v 33.8750 -58.6732 26.0311
v 32.1250 -55.6421 26.0311
v 31.2500 -54.1266 23.0000
v 32.1250 -55.6421 19.9689
v 33.8750 -58.6732 19.9689
v 42.3089 -55.1381 23.0000
v 41.2436 -53.7497 26.0311
v 39.1129 -50.9730 26.0311
v 38.0476 -49.5846 23.0000
v 39.1129 -50.9730 19.9689
v 41.2436 -53.7497 19.9689
v 49.1439 -49.1439 23.0000
v 47.9065 -47.9065 26.0311
v 45.4316 -45.4316 26.0311
v 44.1942 -44.1942 23.0000
v 45.4316 -45.4316 19.9689
v 47.9065 -47.9065 19.9689
v 55.1381 -42.3089 23.0000
v 53.7497 -41.2436 26.0311
v 50.9730 -39.1129 26.0311
v 49.5846 -38.0476 23.0000
v 50.9730 -39.1129 19.9689
v 53.7497 -41.2436 19.9689
v 60.1888 -34.7500 23.0000
v 58.6732 -33.8750 26.0311
v 55.6421 -32.1250 26.0311
v 54.1266 -31.2500 23.0000
v 55.6421 -32.1250 19.9689
v 58.6732 -33.8750 19.9689
v 64.2096 -26.5965 23.0000
v 62.5928 -25.9268 26.0311
v 59.3593 -24.5874 26.0311
v 57.7425 -23.9177 23.0000
v 59.3593 -24.5874 19.9689
v 62.5928 -25.9268 19.9689
v 67.1318 -17.9879 23.0000
v 65.4415 -17.5350 26.0311
v 62.0607 -16.6291 26.0311
v 60.3704 -16.1762 23.0000
v 62.0607 -16.6291 19.9689
v 65.4415 -17.5350 19.9689
v 68.9054 -9.0716 23.0000
v 67.1704 -8.8431 26.0311
v 63.7003 -8.3863 26.0311
v 61.9653 -8.1579 23.0000
v 63.7003 -8.3863 19.9689
v 67.1704 -8.8431 19.9689
v -8.0000 -158.0000 -89.0000
v 8.0000 -158.0000 -89.0000
v 8.0000 -142.0000 -89.0000
v -8.0000 -142.0000 -89.0000
v -8.0000 -158.0000 89.0000
v -8.0000 -142.0000 89.0000
v 8.0000 -142.0000 89.0000
v 8.0000 -158.0000 89.0000
v -8.0000 -158.0000 -89.0000
v -8.0000 -158.0000 89.0000
v 8.0000 -158.0000 89.0000
v 8.0000 -158.0000 -89.0000
v -8.0000 -142.0000 -89.0000
v 8.0000 -142.0000 -89.0000
v 8.0000 -142.0000 89.0000
v -8.0000 -142.0000 89.0000
v -8.0000 -158.0000 -89.0000
v -8.0000 -142.0000 -89.0000
v -8.0000 -142.0000 89.0000
v -8.0000 -158.0000 89.0000
v 8.0000 -158.0000 -89.0000
v 8.0000 -158.0000 89.0000
v 8.0000 -142.0000 89.0000
v 8.0000 -142.0000 -89.0000
v 70.9000 0.0000 38.0000
v 69.1500 0.0000 41.0311
v 65.6500 0.0000 41.0311
v 63.9000 0.0000 38.0000
v 65.6500 0.0000 34.9689
v 69.1500 0.0000 34.9689
v 70.2934 9.2543 38.0000
v 68.5584 9.0259 41.0311
v 65.0884 8.5690 41.0311
v 63.3533 8.3406 38.0000
v 65.0884 8.5690 34.9689
v 68.5584 9.0259 34.9689
v 68.4841 18.3503 38.0000
v 66.7938 17.8973 41.0311
v 63.4130 16.9915 41.0311
v 61.7227 16.5385 38.0000
v 63.4130 16.9915 34.9689
v 66.7938 17.8973 34.9689
v 65.5031 27.1323 38.0000
v 63.8863 26.4626 41.0311
v 60.6527 25.1232 41.0311
v 59.0359 24.4535 38.0000
v 60.6527 25.1232 34.9689
v 63.8863 26.4626 34.9689
v 61.4012 35.4500 38.0000
v 59.8857 34.5750 41.0311
v 56.8546 32.8250 41.0311
v 55.3390 31.9500 38.0000
v 56.8546 32.8250 34.9689
v 59.8857 34.5750 34.9689
v 56.2488 43.1612 38.0000
v 54.8604 42.0959 41.0311
v 52.0836 39.9652 41.0311
v 50.6953 38.8999 38.0000
v 52.0836 39.9652 34.9689
v 54.8604 42.0959 34.9689
v 50.1339 50.1339 38.0000
v 48.8964 48.8964 41.0311
v 46.4216 46.4216 41.0311
v 45.1841 45.1841 38.0000
v 46.4216 46.4216 34.9689
v 48.8964 48.8964 34.9689
v 43.1612 56.2488 38.0000
v 42.0959 54.8604 41.0311
v 39.9652 52.0836 41.0311
v 38.8999 50.6953 38.0000
v 39.9652 52.0836 34.9689
v 42.0959 54.8604 34.9689
v 35.4500 61.4012 38.0000
v 34.5750 59.8857 41.0311
v 32.8250 56.8546 41.0311
v 31.9500 55.3390 38.0000
v 32.8250 56.8546 34.9689
v 34.5750 59.8857 34.9689
v 27.1323 65.5031 38.0000
v 26.4626 63.8863 41.0311
v 25.1232 60.6527 41.0311
v 24.4535 59.0359 38.0000
v 25.1232 60.6527 34.9689
v 26.4626 63.8863 34.9689
v 18.3503 68.4841 38.0000
v 17.8973 66.7938 41.0311
v 16.9915 63.4130 41.0311
v 16.5385 61.7227 38.0000
v 16.9915 63.4130 34.9689
v 17.8973 66.7938 34.9689
v 9.2543 70.2934 38.0000
v 9.0259 68.5584 41.0311
v 8.5690 65.0884 41.0311
v 8.3406 63.3533 38.0000
v 8.5690 65.0884 34.9689
v 9.0259 68.5584 34.9689
v 0.0000 70.9000 38.0000
v 0.0000 69.1500 41.0311
v 0.0000 65.6500 41.0311
v 0.0000 63.9000 38.0000
v 0.0000 65.6500 34.9689
v 0.0000 69.1500 34.9689
v -9.2543 70.2934 38.0000
v -9.0259 68.5584 41.0311
v -8.5690 65.0884 41.0311
v -8.3406 63.3533 38.0000
v -8.5690 65.0884 34.9689
v -9.0259 68.5584 34.9689
v -18.3503 68.4841 38.0000
v -17.8973 66.7938 41.0311
v -16.9915 63.4130 41.0311
v -16.5385 61.7227 38.0000
v -16.9915 63.4130 34.9689
v -17.8973 66.7938 34.9689
v -27.1323 65.5031 38.0000
v -26.4626 63.8863 41.0311
v -25.1232 60.6527 41.0311
v -24.4535 59.0359 38.0000
v -25.1232 60.6527 34.9689
v -26.4626 63.8863 34.9689
v -35.4500 61.4012 38.0000
v -34.5750 59.8857 41.0311
v -32.8250 56.8546 41.0311
v -31.9500 55.3390 38.0000
v -32.8250 56.8546 34.9689
v -34.5750 59.8857 34.9689
v -43.1612 56.2488 38.0000
v -42.0959 54.8604 41.0311
v -39.9652 52.0836 41.0311
v -38.8999 50.6953 38.0000
v -39.9652 52.0836 34.9689
v -42.0959 54.8604 34.9689
v -50.1339 50.1339 38.0000
v -48.8964 48.8964 41.0311
v -46.4216 46.4216 41.0311
v -45.1841 45.1841 38.0000
v -46.4216 46.4216 34.9689
v -48.8964 48.8964 34.9689
v -56.2488 43.1612 38.0000
v -54.8604 42.0959 41.0311
v -52.0836 39.9652 41.0311
v -50.6953 38.8999 38.0000
v -52.0836 39.9652 34.9689
v -54.8604 42.0959 34.9689
v -61.4012 35.4500 38.0000
v -59.8857 34.5750 41.0311
v -56.8546 32.8250 41.0311
v -55.3390 31.9500 38.0000
v -56.8546 32.8250 34.9689
v -59.8857 34.5750 34.9689
v -65.5031 27.1323 38.0000
v -63.8863 26.4626 41.0311
v -60.6527 25.1232 41.0311
v -59.0359 24.4535 38.0000
v -60.6527 25.1232 34.9689
v -63.8863 26.4626 34.9689
v -68.4841 18.3503 38.0000
v -66.7938 17.8973 41.0311
v -63.4130 16.9915 41.0311
v -61.7227 16.5385 38.0000
v -63.4130 16.9915 34.9689
v -66.7938 17.8973 34.9689
v -70.2934 9.2543 38.0000
v -68.5584 9.0259 41.0311
v -65.0884 8.5690 41.0311
v -63.3533 8.3406 38.0000
v -65.0884 8.5690 34.9689
v -68.5584 9.0259 34.9689
v -70.9000 0.0000 38.0000
v -69.1500 0.0000 41.0311
v -65.6500 0.0000 41.0311
v -63.9000 0.0000 38.0000
v -65.6500 0.0000 34.9689
v -69.1500 0.0000 34.9689
v -70.2934 -9.2543 38.0000
v -68.5584 -9.0259 41.0311
v -65.0884 -8.5690 41.0311
v -63.3533 -8.3406 38.0000
v -65.0884 -8.5690 34.9689
v -68.5584 -9.0259 34.9689
v -68.4841 -18.3503 38.0000
v -66.7938 -17.8973 41.0311
v -63.4130 -16.9915 41.0311
v -61.7227 -16.5385 38.0000
v -63.4130 -16.9915 34.9689
v -66.7938 -17.8973 34.9689
v -65.5031 -27.1323 38.0000
v -63.8863 -26.4626 41.0311
v -60.6527 -25.1232 41.0311
v -59.0359 -24.4535 38.0000
v -60.6527 -25.1232 34.9689
v -63.8863 -26.4626 34.9689
v -61.4012 -35.4500 38.0000
v -59.8857 -34.5750 41.0311
v -56.8546 -32.8250 41.0311
v -55.3390 -31.9500 38.0000
v -56.8546 -32.8250 34.9689
v -59.8857 -34.5750 34.9689
v -56.2488 -43.1612 38.0000
v -54.8604 -42.0959 41.0311
v -52.0836 -39.9652 41.0311
v -50.6953 -38.8999 38.0000
v -52.0836 -39.9652 34.9689
v -54.8604 -42.0959 34.9689
v -50.1339 -50.1339 38.0000
v -48.8964 -48.8964 41.0311
v -46.4216 -46.4216 41.0311
v -45.1841 -45.1841 38.0000
v -46.4216 -46.4216 34.9689
v -48.8964 -48.8964 34.9689
v -43.1612 -56.2488 38.0000
v -42.0959 -54.8604 41.0311
v -39.9652 -52.0836 41.0311
v -38.8999 -50.6953 38.0000
v -39.9652 -52.0836 34.9689
v -42.0959 -54.8604 34.9689
v -35.4500 -61.4012 38.0000
v -34.5750 -59.8857 41.0311
v -32.8250 -56.8546 41.0311
v -31.9500 -55.3390 38.0000
v -32.8250 -56.8546 34.9689
v -34.5750 -59.8857 34.9689
v -27.1323 -65.5031 38.0000
v -26.4626 -63.8863 41.0311
v -25.1232 -60.6527 41.0311
v -24.4535 -59.0359 38.0000
v -25.1232 -60.6527 34.9689
v -26.4626 -63.8863 34.9689
v -18.3503 -68.4841 38.0000
v -17.8973 -66.7938 41.0311
v -16.9915 -63.4130 41.0311
v -16.5385 -61.7227 38.0000
v -16.9915 -63.4130 34.9689
v -17.8973 -66.7938 34.9689
v -9.2543 -70.2934 38.0000
v -9.0259 -68.5584 41.0311
v -8.5690 -65.0884 41.0311
v -8.3406 -63.3533 38.0000
v -8.5690 -65.0884 34.9689
v -9.0259 -68.5584 34.9689
v -0.0000 -70.9000 38.0000
v -0.0000 -69.1500 41.0311
v -0.0000 -65.6500 41.0311
v -0.0000 -63.9000 38.0000
v -0.0000 -65.6500 34.9689
v -0.0000 -69.1500 34.9689
v 9.2543 -70.2934 38.0000
v 9.0259 -68.5584 41.0311
v 8.5690 -65.0884 41.0311
v 8.3406 -63.3533 38.0000
v 8.5690 -65.0884 34.9689
v 9.0259 -68.5584 34.9689
v 18.3503 -68.4841 38.0000
v 17.8973 -66.7938 41.0311
v 16.9915 -63.4130 41.0311
v 16.5385 -61.7227 38.0000
v 16.9915 -63.4130 34.9689
v 17.8973 -66.7938 34.9689
v 27.1323 -65.5031 38.0000
v 26.4626 -63.8863 41.0311
v 25.1232 -60.6527 41.0311
v 24.4535 -59.0359 38.0000
v 25.1232 -60.6527 34.9689
v 26.4626 -63.8863 34.9689
v 35.4500 -61.4012 38.0000
v 34.5750 -59.8857 41.0311
v 32.8250 -56.8546 41.0311
v 31.9500 -55.3390 38.0000
v 32.8250 -56.8546 34.9689
v 34.5750 -59.8857 34.9689
v 43.1612 -56.2488 38.0000
v 42.0959 -54.8604 41.0311
v 39.9652 -52.0836 41.0311
v 38.8999 -50.6953 38.0000
v 39.9652 -52.0836 34.9689
v 42.0959 -54.8604 34.9689
v 50.1339 -50.1339 38.0000
v 48.8964 -48.8964 41.0311
v 46.4216 -46.4216 41.0311
v 45.1841 -45.1841 38.0000
v 46.4216 -46.4216 34.9689
v 48.8964 -48.8964 34.9689
v 56.2488 -43.1612 38.0000
v 54.8604 -42.0959 41.0311
v 52.0836 -39.9652 41.0311
v 50.6953 -38.8999 38.0000
v 52.0836 -39.9652 34.9689
v 54.8604 -42.0959 34.9689
v 61.4012 -35.4500 38.0000
v 59.8857 -34.5750 41.0311
v 56.8546 -32.8250 41.0311
v 55.3390 -31.9500 38.0000
v 56.8546 -32.8250 34.9689
v 59.8857 -34.5750 34.9689
v 65.5031 -27.1323 38.0000
v 63.8863 -26.4626 41.0311
v 60.6527 -25.1232 41.0311
v 59.0359 -24.4535 38.0000
v 60.6527 -25.1232 34.9689
v 63.8863 -26.4626 34.9689
v 68.4841 -18.3503 38.0000
v 66.7938 -17.8973 41.0311
v 63.4130 -16.9915 41.0311
v 61.7227 -16.5385 38.0000
v 63.4130 -16.9915 34.9689
v 66.7938 -17.8973 34.9689
v 70.2934 -9.2543 38.0000
v 68.5584 -9.0259 41.0311
v 65.0884 -8.5690 41.0311
v 63.3533 -8.3406 38.0000
v 65.0884 -8.5690 34.9689
v 68.5584 -9.0259 34.9689
v 106.0660 -117.3797 -89.0000
v 117.3797 -106.0660 -89.0000
v 106.0660 -94.7523 -89.0000
v 94.7523 -106.0660 -89.0000
v 106.0660 -117.3797 89.0000
v 94.7523 -106.0660 89.0000
v 106.0660 -94.7523 89.0000
v 117.3797 -106.0660 89.0000
v 106.0660 -117.3797 -89.0000
v 106.0660 -117.3797 89.0000
v 117.3797 -106.0660 89.0000
v 117.3797 -106.0660 -89.0000
v 94.7523 -106.0660 -89.0000
v 106.0660 -94.7523 -89.0000
v 106.0660 -94.7523 89.0000
v 94.7523 -106.0660 89.0000
v 106.0660 -117.3797 -89.0000
v 94.7523 -106.0660 -89.0000
v 94.7523 -106.0660 89.0000
v 106.0660 -117.3797 89.0000
v 117.3797 -106.0660 -89.0000
v 117.3797 -106.0660 89.0000
v 106.0660 -94.7523 89.0000
v 106.0660 -94.7523 -89.0000
v 72.3000 0.0000 53.0000
v 70.5500 0.0000 56.0311
v 67.0500 0.0000 56.0311
v 65.3000 0.0000 53.0000
v 67.0500 0.0000 49.9689
v 70.5500 0.0000 49.9689
v 71.6815 9.4370 53.0000
v 69.9464 9.2086 56.0311
v 66.4764 8.7518 56.0311
v 64.7413 8.5234 53.0000
v 66.4764 8.7518 49.9689
v 69.9464 9.2086 49.9689
v 69.8364 18.7126 53.0000
v 68.1461 18.2597 56.0311
v 64.7653 17.3538 56.0311
v 63.0750 16.9009 53.0000
v 64.7653 17.3538 49.9689
v 68.1461 18.2597 49.9689
v 66.7965 27.6680 53.0000
v 65.1797 26.9983 56.0311
v 61.9461 25.6589 56.0311
v 60.3293 24.9892 53.0000
v 61.9461 25.6589 49.9689
v 65.1797 26.9983 49.9689
v 62.6136 36.1500 53.0000
v 61.0981 35.2750 56.0311
v 58.0670 33.5250 56.0311
v 56.5515 32.6500 53.0000
v 58.0670 33.5250 49.9689
v 61.0981 35.2750 49.9689
v 57.3594 44.0135 53.0000
v 55.9711 42.9481 56.0311
v 53.1943 40.8175 56.0311
v 51.8060 39.7521 53.0000
v 53.1943 40.8175 49.9689
v 55.9711 42.9481 49.9689
v 51.1238 51.1238 53.0000
v 49.8864 49.8864 56.0311
v 47.4115 47.4115 56.0311
v 46.1741 46.1741 53.0000
v 47.4115 47.4115 49.9689
v 49.8864 49.8864 49.9689
v 44.0135 57.3594 53.0000
v 42.9481 55.9711 56.0311
v 40.8175 53.1943 56.0311
v 39.7521 51.8060 53.0000
v 40.8175 53.1943 49.9689
v 42.9481 55.9711 49.9689
v 36.1500 62.6136 53.0000
v 35.2750 61.0981 56.0311
v 33.5250 58.0670 56.0311
v 32.6500 56.5515 53.0000
v 33.5250 58.0670 49.9689
v 35.2750 61.0981 49.9689
v 27.6680 66.7965 53.0000
v 26.9983 65.1797 56.0311
v 25.6589 61.9461 56.0311
v 24.9892 60.3293 53.0000
v 25.6589 61.9461 49.9689
v 26.9983 65.1797 49.9689
v 18.7126 69.8364 53.0000
v 18.2597 68.1461 56.0311
v 17.3538 64.7653 56.0311
v 16.9009 63.0750 53.0000
v 17.3538 64.7653 49.9689
v 18.2597 68.1461 49.9689
v 9.4370 71.6815 53.0000
v 9.2086 69.9464 56.0311
v 8.7518 66.4764 56.0311
v 8.5234 64.7413 53.0000
v 8.7518 66.4764 49.9689
v 9.2086 69.9464 49.9689
v 0.0000 72.3000 53.0000
v 0.0000 70.5500 56.0311
v 0.0000 67.0500 56.0311
v 0.0000 65.3000 53.0000
v 0.0000 67.0500 49.9689
v 0.0000 70.5500 49.9689
v -9.4370 71.6815 53.0000
v -9.2086 69.9464 56.0311
v -8.7518 66.4764 56.0311
v -8.5234 64.7413 53.0000
v -8.7518 66.4764 49.9689
v -9.2086 69.9464 49.9689
v -18.7126 69.8364 53.0000
v -18.2597 68.1461 56.0311
v -17.3538 64.7653 56.0311
v -16.9009 63.0750 53.0000
v -17.3538 64.7653 49.9689
v -18.2597 68.1461 49.9689
v -27.6680 66.7965 53.0000
v -26.9983 65.1797 56.0311
v -25.6589 61.9461 56.0311
v -24.9892 60.3293 53.0000
v -25.6589 61.9461 49.9689
v -26.9983 65.1797 49.9689
v -36.1500 62.6136 53.0000
v -35.2750 61.0981 56.0311
v -33.5250 58.0670 56.0311
v -32.6500 56.5515 53.0000
v -33.5250 58.0670 49.9689
v -35.2750 61.0981 49.9689
v -44.0135 57.3594 53.0000
v -42.9481 55.9711 56.0311
v -40.8175 53.1943 56.0311
v -39.7521 51.8060 53.0000
v -40.8175 53.1943 49.9689
v -42.9481 55.9711 49.9689
v -51.1238 51.1238 53.0000
v -49.8864 49.8864 56.0311
v -47.4115 47.4115 56.0311
v -46.1741 46.1741 53.0000
v -47.4115 47.4115 49.9689
v -49.8864 49.8864 49.9689
v -57.3594 44.0135 53.0000
v -55.9711 42.9481 56.0311
v -53.1943 40.8175 56.0311
v -51.8060 39.7521 53.0000
v -53.1943 40.8175 49.9689
v -55.9711 42.9481 49.9689
v -62.6136 36.1500 53.0000
v -61.0981 35.2750 56.0311
v -58.0670 33.5250 56.0311
v -56.5515 32.6500 53.0000
v -58.0670 33.5250 49.9689
v -61.0981 35.2750 49.9689
v -66.7965 27.6680 53.0000
v -65.1797 26.9983 56.0311
v -61.9461 25.6589 56.0311
v -60.3293 24.9892 53.0000
v -61.9461 25.6589 49.9689
v -65.1797 26.9983 49.9689
v -69.8364 18.7126 53.0000
v -68.1461 18.2597 56.0311
v -64.7653 17.3538 56.0311
v -63.0750 16.9009 53.0000
v -64.7653 17.3538 49.9689
v -68.1461 18.2597 49.9689
v -71.6815 9.4370 53.0000
v -69.9464 9.2086 56.0311
v -66.4764 8.7518 56.0311
v -64.7413 8.5234 53.0000
v -66.4764 8.7518 49.9689
v -69.9464 9.2086 49.9689
v -72.3000 0.0000 53.0000
v -70.5500 0.0000 56.0311
v -67.0500 0.0000 56.0311
v -65.3000 0.0000 53.0000
v -67.0500 0.0000 49.9689
v -70.5500 0.0000 49.9689
v -71.6815 -9.4370 53.0000
v -69.9464 -9.2086 56.0311
v -66.4764 -8.7518 56.0311
v -64.7413 -8.5234 53.0000
v -66.4764 -8.7518 49.9689
v -69.9464 -9.2086 49.9689
v -69.8364 -18.7126 53.0000
v -68.1461 -18.2597 56.0311
v -64.7653 -17.3538 56.0311
v -63.0750 -16.9009 53.0000
v -64.7653 -17.3538 49.9689
v -68.1461 -18.2597 49.9689
v -66.7965 -27.6680 53.0000
v -65.1797 -26.9983 56.0311
v -61.9461 -25.6589 56.0311
v -60.3293 -24.9892 53.0000
v -61.9461 -25.6589 49.9689
v -65.1797 -26.9983 49.9689
v -62.6136 -36.1500 53.0000
v -61.0981 -35.2750 56.0311
v -58.0670 -33.5250 56.0311
v -56.5515 -32.6500 53.0000
v -58.0670 -33.5250 49.9689
v -61.0981 -35.2750 49.9689
v -57.3594 -44.0135 53.0000
v -55.9711 -42.9481 56.0311
v -53.1943 -40.8175 56.0311
v -51.8060 -39.7521 53.0000
v -53.1943 -40.8175 49.9689
v -55.9711 -42.9481 49.9689
v -51.1238 -51.1238 53.0000
v -49.8864 -49.8864 56.0311
v -47.4115 -47.4115 56.0311
v -46.1741 -46.1741 53.0000
v -47.4115 -47.4115 49.9689
v -49.8864 -49.8864 49.9689
v -44.0135 -57.3594 53.0000
v -42.9481 -55.9711 56.0311
v -40.8175 -53.1943 56.0311
v -39.7521 -51.8060 53.0000
v -40.8175 -53.1943 49.9689
v -42.9481 -55.9711 49.9689
v -36.1500 -62.6136 53.0000
v -35.2750 -61.0981 56.0311
v -33.5250 -58.0670 56.0311
v -32.6500 -56.5515 53.0000
v -33.5250 -58.0670 49.9689
v -35.2750 -61.0981 49.9689
v -27.6680 -66.7965 53.0000
v -26.9983 -65.1797 56.0311
v -25.6589 -61.9461 56.0311
v -24.9892 -60.3293 53.0000
v -25.6589 -61.9461 49.9689
v -26.9983 -65.1797 49.9689
v -18.7126 -69.8364 53.0000
v -18.2597 -68.1461 56.0311
v -17.3538 -64.7653 56.0311
v -16.9009 -63.0750 53.0000
v -17.3538 -64.7653 49.9689
v -18.2597 -68.1461 49.9689
v -9.4370 -71.6815 53.0000
v -9.2086 -69.9464 56.0311
v -8.7518 -66.4764 56.0311
v -8.5234 -64.7413 53.0000
v -8.7518 -66.4764 49.9689
v -9.2086 -69.9464 49.9689
v -0.0000 -72.3000 53.0000
v -0.0000 -70.5500 56.0311
v -0.0000 -67.0500 56.0311
v -0.0000 -65.3000 53.0000
v -0.0000 -67.0500 49.9689
v -0.0000 -70.5500 49.9689
v 9.4370 -71.6815 53.0000
v 9.2086 -69.9464 56.0311
v 8.7518 -66.4764 56.0311
v 8.5234 -64.7413 53.0000
v 8.7518 -66.4764 49.9689
v 9.2086 -69.9464 49.9689
v 18.7126 -69.8364 53.0000
v 18.2597 -68.1461 56.0311
v 17.3538 -64.7653 56.0311
v 16.9009 -63.0750 53.0000
v 17.3538 -64.7653 49.9689
v 18.2597 -68.1461 49.9689
v 27.6680 -66.7965 53.0000
v 26.9983 -65.1797 56.0311
v 25.6589 -61.9461 56.0311
v 24.9892 -60.3293 53.0000
v 25.6589 -61.9461 49.9689
v 26.9983 -65.1797 49.9689
v 36.1500 -62.6136 53.0000
v 35.2750 -61.0981 56.0311
v 33.5250 -58.0670 56.0311
v 32.6500 -56.5515 53.0000
v 33.5250 -58.0670 49.9689
v 35.2750 -61.0981 49.9689
v 44.0135 -57.3594 53.0000
v 42.9481 -55.9711 56.0311
v 40.8175 -53.1943 56.0311
v 39.7521 -51.8060 53.0000
v 40.8175 -53.1943 49.9689
v 42.9481 -55.9711 49.9689
v 51.1238 -51.1238 53.0000
v 49.8864 -49.8864 56.0311
v 47.4115 -47.4115 56.0311
v 46.1741 -46.1741 53.0000
v 47.4115 -47.4115 49.9689
v 49.8864 -49.8864 49.9689
v 57.3594 -44.0135 53.0000
v 55.9711 -42.9481 56.0311
v 53.1943 -40.8175 56.0311
v 51.8060 -39.7521 53.0000
v 53.1943 -40.8175 49.9689
v 55.9711 -42.9481 49.9689
v 62.6136 -36.1500 53.0000
v 61.0981 -35.2750 56.0311
v 58.0670 -33.5250 56.0311
v 56.5515 -32.6500 53.0000
v 58.0670 -33.5250 49.9689
v 61.0981 -35.2750 49.9689
v 66.7965 -27.6680 53.0000
v 65.1797 -26.9983 56.0311
v 61.9461 -25.6589 56.0311
v 60.3293 -24.9892 53.0000
v 61.9461 -25.6589 49.9689
v 65.1797 -26.9983 49.9689
v 69.8364 -18.7126 53.0000
v 68.1461 -18.2597 56.0311
v 64.7653 -17.3538 56.0311
v 63.0750 -16.9009 53.0000
v 64.7653 -17.3538 49.9689
v 68.1461 -18.2597 49.9689
v 71.6815 -9.4370 53.0000
v 69.9464 -9.2086 56.0311
v 66.4764 -8.7518 56.0311
v 64.7413 -8.5234 53.0000
v 66.4764 -8.7518 49.9689
v 69.9464 -9.2086 49.9689
v 127.3256 81.9646 -92.0000
v 125.0295 87.5079 -92.0000
v 115.7907 83.6810 -92.0000
v 118.0868 78.1377 -92.0000
v 127.3256 81.9646 92.0000
v 118.0868 78.1377 92.0000
v 115.7907 83.6810 92.0000
v 125.0295 87.5079 92.0000
v 127.3256 81.9646 -92.0000
v 127.3256 81.9646 92.0000
v 125.0295 87.5079 92.0000
v 125.0295 87.5079 -92.0000
v 118.0868 78.1377 -92.0000
v 115.7907 83.6810 -92.0000
v 115.7907 83.6810 92.0000
v 118.0868 78.1377 92.0000
v 127.3256 81.9646 -92.0000
v 118.0868 78.1377 -92.0000
v 118.0868 78.1377 92.0000
v 127.3256 81.9646 92.0000
v 125.0295 87.5079 -92.0000
v 125.0295 87.5079 92.0000
v 115.7907 83.6810 92.0000
v 115.7907 83.6810 -92.0000
v 150.2866 26.5318 -92.0000
v 147.9905 32.0751 -92.0000
v 138.7517 28.2482 -92.0000
v 141.0478 22.7050 -92.0000
v 150.2866 26.5318 92.0000
v 141.0478 22.7050 92.0000
v 138.7517 28.2482 92.0000
v 147.9905 32.0751 92.0000
v 150.2866 26.5318 -92.0000
v 150.2866 26.5318 92.0000
v 147.9905 32.0751 92.0000
v 147.9905 32.0751 -92.0000
v 141.0478 22.7050 -92.0000
v 138.7517 28.2482 -92.0000
v 138.7517 28.2482 92.0000
v 141.0478 22.7050 92.0000
v 150.2866 26.5318 -92.0000
v 141.0478 22.7050 -92.0000
v 141.0478 22.7050 92.0000
v 150.2866 26.5318 92.0000
v 147.9905 32.0751 -92.0000
v 147.9905 32.0751 92.0000
v 138.7517 28.2482 92.0000
v 138.7517 28.2482 -92.0000
v 32.0751 147.9905 -92.0000
v 26.5318 150.2866 -92.0000
v 22.7050 141.0478 -92.0000
v 28.2482 138.7517 -92.0000
v 32.0751 147.9905 92.0000
v 28.2482 138.7517 92.0000
v 22.7050 141.0478 92.0000
v 26.5318 150.2866 92.0000
v 32.0751 147.9905 -92.0000
v 32.0751 147.9905 92.0000
v 26.5318 150.2866 92.0000
v 26.5318 150.2866 -92.0000
v 28.2482 138.7517 -92.0000
v 22.7050 141.0478 -92.0000
v 22.7050 141.0478 92.0000
v 28.2482 138.7517 92.0000
v 32.0751 147.9905 -92.0000
v 28.2482 138.7517 -92.0000
v 28.2482 138.7517 92.0000
v 32.0751 147.9905 92.0000
v 26.5318 150.2866 -92.0000
v 26.5318 150.2866 92.0000
v 22.7050 141.0478 92.0000
v 22.7050 141.0478 -92.0000
v 87.5079 125.0295 -92.0000
v 81.9646 127.3256 -92.0000
v 78.1377 118.0868 -92.0000
v 83.6810 115.7907 -92.0000
v 87.5079 125.0295 92.0000
v 83.6810 115.7907 92.0000
v 78.1377 118.0868 92.0000
v 81.9646 127.3256 92.0000
v 87.5079 125.0295 -92.0000
v 87.5079 125.0295 92.0000
v 81.9646 127.3256 92.0000
v 81.9646 127.3256 -92.0000
v 83.6810 115.7907 -92.0000
v 78.1377 118.0868 -92.0000
v 78.1377 118.0868 92.0000
v 83.6810 115.7907 92.0000
v 87.5079 125.0295 -92.0000
v 83.6810 115.7907 -92.0000
v 83.6810 115.7907 92.0000
v 87.5079 125.0295 92.0000
v 81.9646 127.3256 -92.0000
v 81.9646 127.3256 92.0000
v 78.1377 118.0868 92.0000
v 78.1377 118.0868 -92.0000
v -81.9646 127.3256 -92.0000
v -87.5079 125.0295 -92.0000
v -83.6810 115.7907 -92.0000
v -78.1377 118.0868 -92.0000
v -81.9646 127.3256 92.0000
v -78.1377 118.0868 92.0000
v -83.6810 115.7907 92.0000
v -87.5079 125.0295 92.0000
v -81.9646 127.3256 -92.0000
v -81.9646 127.3256 92.0000
v -87.5079 125.0295 92.0000
v -87.5079 125.0295 -92.0000
v -78.1377 118.0868 -92.0000
v -83.6810 115.7907 -92.0000
v -83.6810 115.7907 92.0000
v -78.1377 118.0868 92.0000
v -81.9646 127.3256 -92.0000
v -78.1377 118.0868 -92.0000
v -78.1377 118.0868 92.0000
v -81.9646 127.3256 92.0000
v -87.5079 125.0295 -92.0000
v -87.5079 125.0295 92.0000
v -83.6810 115.7907 92.0000
v -83.6810 115.7907 -92.0000
v -26.5318 150.2866 -92.0000
v -32.0751 147.9905 -92.0000
v -28.2482 138.7517 -92.0000
v -22.7050 141.0478 -92.0000
v -26.5318 150.2866 92.0000
v -22.7050 141.0478 92.0000
v -28.2482 138.7517 92.0000
v -32.0751 147.9905 92.0000
v -26.5318 150.2866 -92.0000
v -26.5318 150.2866 92.0000
v -32.0751 147.9905 92.0000
v -32.0751 147.9905 -92.0000
v -22.7050 141.0478 -92.0000
v -28.2482 138.7517 -92.0000
v -28.2482 138.7517 92.0000
v -22.7050 141.0478 92.0000
v -26.5318 150.2866 -92.0000
v -22.7050 141.0478 -92.0000
v -22.7050 141.0478 92.0000
v -26.5318 150.2866 92.0000
v -32.0751 147.9905 -92.0000
v -32.0751 147.9905 92.0000
v -28.2482 138.7517 92.0000
v -28.2482 138.7517 -92.0000
v -147.9905 32.0751 -92.0000
v -150.2866 26.5318 -92.0000
v -141.0478 22.7050 -92.0000
v -138.7517 28.2482 -92.0000
v -147.9905 32.0751 92.0000
v -138.7517 28.2482 92.0000
v -141.0478 22.7050 92.0000
v -150.2866 26.5318 92.0000
v -147.9905 32.0751 -92.0000
v -147.9905 32.0751 92.0000
v -150.2866 26.5318 92.0000
v -150.2866 26.5318 -92.0000
v -138.7517 28.2482 -92.0000
v -141.0478 22.7050 -92.0000
v -141.0478 22.7050 92.0000
v -138.7517 28.2482 92.0000
v -147.9905 32.0751 -92.0000
v -138.7517 28.2482 -92.0000
v -138.7517 28.2482 92.0000
v -147.9905 32.0751 92.0000
v -150.2866 26.5318 -92.0000
v -150.2866 26.5318 92.0000
v -141.0478 22.7050 92.0000
v -141.0478 22.7050 -92.0000
v -125.0295 87.5079 -92.0000
v -127.3256 81.9646 -92.0000
v -118.0868 78.1377 -92.0000
v -115.7907 83.6810 -92.0000
v -125.0295 87.5079 92.0000
v -115.7907 83.6810 92.0000
v -118.0868 78.1377 92.0000
v -127.3256 81.9646 92.0000
v -125.0295 87.5079 -92.0000
v -125.0295 87.5079 92.0000
v -127.3256 81.9646 92.0000
v -127.3256 81.9646 -92.0000
v -115.7907 83.6810 -92.0000
v -118.0868 78.1377 -92.0000
v -118.0868 78.1377 92.0000
v -115.7907 83.6810 92.0000
v -125.0295 87.5079 -92.0000
v -115.7907 83.6810 -92.0000
v -115.7907 83.6810 92.0000
v -125.0295 87.5079 92.0000
v -127.3256 81.9646 -92.0000
v -127.3256 81.9646 92.0000
v -118.0868 78.1377 92.0000
v -118.0868 78.1377 -92.0000
v -127.3256 -81.9646 -92.0000
v -125.0295 -87.5079 -92.0000
v -115.7907 -83.6810 -92.0000
v -118.0868 -78.1377 -92.0000
v -127.3256 -81.9646 92.0000
v -118.0868 -78.1377 92.0000
v -115.7907 -83.6810 92.0000
v -125.0295 -87.5079 92.0000
v -127.3256 -81.9646 -92.0000
v -127.3256 -81.9646 92.0000
v -125.0295 -87.5079 92.0000
v -125.0295 -87.5079 -92.0000
v -118.0868 -78.1377 -92.0000
v -115.7907 -83.6810 -92.0000
v -115.7907 -83.6810 92.0000
v -118.0868 -78.1377 92.0000
v -127.3256 -81.9646 -92.0000
v -118.0868 -78.1377 -92.0000
v -118.0868 -78.1377 92.0000
v -127.3256 -81.9646 92.0000
v -125.0295 -87.5079 -92.0000
v -125.0295 -87.5079 92.0000
v -115.7907 -83.6810 92.0000
v -115.7907 -83.6810 -92.0000
v -150.2866 -26.5318 -92.0000
v -147.9905 -32.0751 -92.0000
v -138.7517 -28.2482 -92.0000
v -141.0478 -22.7050 -92.0000
v -150.2866 -26.5318 92.0000
v -141.0478 -22.7050 92.0000
v -138.7517 -28.2482 92.0000
v -147.9905 -32.0751 92.0000
v -150.2866 -26.5318 -92.0000
v -150.2866 -26.5318 92.0000
v -147.9905 -32.0751 92.0000
v -147.9905 -32.0751 -92.0000
v -141.0478 -22.7050 -92.0000
v -138.7517 -28.2482 -92.0000
v -138.7517 -28.2482 92.0000
v -141.0478 -22.7050 92.0000
v -150.2866 -26.5318 -92.0000
v -141.0478 -22.7050 -92.0000
v -141.0478 -22.7050 92.0000
v -150.2866 -26.5318 92.0000
v -147.9905 -32.0751 -92.0000
v -147.9905 -32.0751 92.0000
v -138.7517 -28.2482 92.0000
v -138.7517 -28.2482 -92.0000
v -32.0751 -147.9905 -92.0000
v -26.5318 -150.2866 -92.0000
v -22.7050 -141.0478 -92.0000
v -28.2482 -138.7517 -92.0000
v -32.0751 -147.9905 92.0000
v -28.2482 -138.7517 92.0000
v -22.7050 -141.0478 92.0000
v -26.5318 -150.2866 92.0000
v -32.0751 -147.9905 -92.0000
v -32.0751 -147.9905 92.0000
v -26.5318 -150.2866 92.0000
v -26.5318 -150.2866 -92.0000
v -28.2482 -138.7517 -92.0000
v -22.7050 -141.0478 -92.0000
v -22.7050 -141.0478 92.0000
v -28.2482 -138.7517 92.0000
v -32.0751 -147.9905 -92.0000
v -28.2482 -138.7517 -92.0000
v -28.2482 -138.7517 92.0000
v -32.0751 -147.9905 92.0000
v -26.5318 -150.2866 -92.0000
v -26.5318 -150.2866 92.0000
v -22.7050 -141.0478 92.0000
v -22.7050 -141.0478 -92.0000
v -87.5079 -125.0295 -92.0000
v -81.9646 -127.3256 -92.0000
v -78.1377 -118.0868 -92.0000
v -83.6810 -115.7907 -92.0000
v -87.5079 -125.0295 92.0000
v -83.6810 -115.7907 92.0000
v -78.1377 -118.0868 92.0000
v -81.9646 -127.3256 92.0000
v -87.5079 -125.0295 -92.0000
v -87.5079 -125.0295 92.0000
v -81.9646 -127.3256 92.0000
v -81.9646 -127.3256 -92.0000
v -83.6810 -115.7907 -92.0000
v -78.1377 -118.0868 -92.0000
v -78.1377 -118.0868 92.0000
v -83.6810 -115.7907 92.0000
v -87.5079 -125.0295 -92.0000
v -83.6810 -115.7907 -92.0000
v -83.6810 -115.7907 92.0000
v -87.5079 -125.0295 92.0000
v -81.9646 -127.3256 -92.0000
v -81.9646 -127.3256 92.0000
v -78.1377 -118.0868 92.0000
v -78.1377 -118.0868 -92.0000
v 81.9646 -127.3256 -92.0000
v 87.5079 -125.0295 -92.0000
v 83.6810 -115.7907 -92.0000
v 78.1377 -118.0868 -92.0000
v 81.9646 -127.3256 92.0000
v 78.1377 -118.0868 92.0000
v 83.6810 -115.7907 92.0000
v 87.5079 -125.0295 92.0000
v 81.9646 -127.3256 -92.0000
v 81.9646 -127.3256 92.0000
v 87.5079 -125.0295 92.0000
v 87.5079 -125.0295 -92.0000
v 78.1377 -118.0868 -92.0000
v 83.6810 -115.7907 -92.0000
v 83.6810 -115.7907 92.0000
v 78.1377 -118.0868 92.0000
v 81.9646 -127.3256 -92.0000
v 78.1377 -118.0868 -92.0000
v 78.1377 -118.0868 92.0000
v 81.9646 -127.3256 92.0000
v 87.5079 -125.0295 -92.0000
v 87.5079 -125.0295 92.0000
v 83.6810 -115.7907 92.0000
v 83.6810 -115.7907 -92.0000
v 26.5318 -150.2866 -92.0000
v 32.0751 -147.9905 -92.0000
v 28.2482 -138.7517 -92.0000
v 22.7050 -141.0478 -92.0000
v 26.5318 -150.2866 92.0000
v 22.7050 -141.0478 92.0000
v 28.2482 -138.7517 92.0000
v 32.0751 -147.9905 92.0000
v 26.5318 -150.2866 -92.0000
v 26.5318 -150.2866 92.0000
v 32.0751 -147.9905 92.0000
v 32.0751 -147.9905 -92.0000
v 22.7050 -141.0478 -92.0000
v 28.2482 -138.7517 -92.0000
v 28.2482 -138.7517 92.0000
v 22.7050 -141.0478 92.0000
v 26.5318 -150.2866 -92.0000
v 22.7050 -141.0478 -92.0000
v 22.7050 -141.0478 92.0000
v 26.5318 -150.2866 92.0000
v 32.0751 -147.9905 -92.0000
v 32.0751 -147.9905 92.0000
v 28.2482 -138.7517 92.0000
v 28.2482 -138.7517 -92.0000
v 147.9905 -32.0751 -92.0000
v 150.2866 -26.5318 -92.0000
v 141.0478 -22.7050 -92.0000
v 138.7517 -28.2482 -92.0000
v 147.9905 -32.0751 92.0000
v 138.7517 -28.2482 92.0000
v 141.0478 -22.7050 92.0000
v 150.2866 -26.5318 92.0000
v 147.9905 -32.0751 -92.0000
v 147.9905 -32.0751 92.0000
v 150.2866 -26.5318 92.0000
v 150.2866 -26.5318 -92.0000
v 138.7517 -28.2482 -92.0000
v 141.0478 -22.7050 -92.0000
v 141.0478 -22.7050 92.0000
v 138.7517 -28.2482 92.0000
v 147.9905 -32.0751 -92.0000
v 138.7517 -28.2482 -92.0000
v 138.7517 -28.2482 92.0000
v 147.9905 -32.0751 92.0000
v 150.2866 -26.5318 -92.0000
v 150.2866 -26.5318 92.0000
v 141.0478 -22.7050 92.0000
v 141.0478 -22.7050 -92.0000
v 125.0295 -87.5079 -92.0000
v 127.3256 -81.9646 -92.0000
v 118.0868 -78.1377 -92.0000
v 115.7907 -83.6810 -92.0000
v 125.0295 -87.5079 92.0000
v 115.7907 -83.6810 92.0000
v 118.0868 -78.1377 92.0000
v 127.3256 -81.9646 92.0000
v 125.0295 -87.5079 -92.0000
v 125.0295 -87.5079 92.0000
v 127.3256 -81.9646 92.0000
v 127.3256 -81.9646 -92.0000
v 115.7907 -83.6810 -92.0000
v 118.0868 -78.1377 -92.0000
v 118.0868 -78.1377 92.0000
v 115.7907 -83.6810 92.0000
v 125.0295 -87.5079 -92.0000
v 115.7907 -83.6810 -92.0000
v 115.7907 -83.6810 92.0000
v 125.0295 -87.5079 92.0000
v 127.3256 -81.9646 -92.0000
v 127.3256 -81.9646 92.0000
v 118.0868 -78.1377 92.0000
v 118.0868 -78.1377 -92.0000
v 195.0000 0.0000 119.0000
v 195.0000 0.0000 143.0000
v 193.3317 25.4526 119.0000
v 193.3317 25.4526 143.0000
v 188.3555 50.4697 119.0000
v 188.3555 50.4697 143.0000
v 180.1565 74.6233 119.0000
v 180.1565 74.6233 143.0000
v 168.8750 97.5000 119.0000
v 168.8750 97.5000 143.0000
v 154.7039 118.7085 119.0000
v 154.7039 118.7085 143.0000
v 137.8858 137.8858 119.0000
v 137.8858 137.8858 143.0000
v 118.7085 154.7039 119.0000
v 118.7085 154.7039 143.0000
v 97.5000 168.8750 119.0000
v 97.5000 168.8750 143.0000
v 74.6233 180.1565 119.0000
v 74.6233 180.1565 143.0000
v 50.4697 188.3555 119.0000
v 50.4697 188.3555 143.0000
v 25.4526 193.3317 119.0000
v 25.4526 193.3317 143.0000
v 0.0000 195.0000 119.0000
v 0.0000 195.0000 143.0000
v -25.4526 193.3317 119.0000
v -25.4526 193.3317 143.0000
v -50.4697 188.3555 119.0000
v -50.4697 188.3555 143.0000
v -74.6233 180.1565 119.0000
v -74.6233 180.1565 143.0000
v -97.5000 168.8750 119.0000
v -97.5000 168.8750 143.0000
v -118.7085 154.7039 119.0000
v -118.7085 154.7039 143.0000
v -137.8858 137.8858 119.0000
v -137.8858 137.8858 143.0000
v -154.7039 118.7085 119.0000
v -154.7039 118.7085 143.0000
v -168.8750 97.5000 119.0000
v -168.8750 97.5000 143.0000
v -180.1565 74.6233 119.0000
v -180.1565 74.6233 143.0000
v -188.3555 50.4697 119.0000
v -188.3555 50.4697 143.0000
v -193.3317 25.4526 119.0000
v -193.3317 25.4526 143.0000
v -195.0000 0.0000 119.0000
v -195.0000 0.0000 143.0000
v -193.3317 -25.4526 119.0000
v -193.3317 -25.4526 143.0000
v -188.3555 -50.4697 119.0000
v -188.3555 -50.4697 143.0000
v -180.1565 -74.6233 119.0000
v -180.1565 -74.6233 143.0000
v -168.8750 -97.5000 119.0000
v -168.8750 -97.5000 143.0000
v -154.7039 -118.7085 119.0000
v -154.7039 -118.7085 143.0000
v -137.8858 -137.8858 119.0000
v -137.8858 -137.8858 143.0000
v -118.7085 -154.7039 119.0000
v -118.7085 -154.7039 143.0000
v -97.5000 -168.8750 119.0000
v -97.5000 -168.8750 143.0000
v -74.6233 -180.1565 119.0000
v -74.6233 -180.1565 143.0000
v -50.4697 -188.3555 119.0000
v -50.4697 -188.3555 143.0000
v -25.4526 -193.3317 119.0000
v -25.4526 -193.3317 143.0000
v -0.0000 -195.0000 119.0000
v -0.0000 -195.0000 143.0000
v 25.4526 -193.3317 119.0000
v 25.4526 -193.3317 143.0000
v 50.4697 -188.3555 119.0000
v 50.4697 -188.3555 143.0000
v 74.6233 -180.1565 119.0000
v 74.6233 -180.1565 143.0000
v 97.5000 -168.8750 119.0000
v 97.5000 -168.8750 143.0000
v 118.7085 -154.7039 119.0000
v 118.7085 -154.7039 143.0000
v 137.8858 -137.8858 119.0000
v 137.8858 -137.8858 143.0000
v 154.7039 -118.7085 119.0000
v 154.7039 -118.7085 143.0000
v 168.8750 -97.5000 119.0000
v 168.8750 -97.5000 143.0000
v 180.1565 -74.6233 119.0000
v 180.1565 -74.6233 143.0000
v 188.3555 -50.4697 119.0000
v 188.3555 -50.4697 143.0000
v 193.3317 -25.4526 119.0000
v 193.3317 -25.4526 143.0000
v 202.0000 0.0000 133.0000
v 164.0000 0.0000 163.0000
v 198.1186 39.4082 133.0000
v 160.8488 31.9948 163.0000
v 186.6237 77.3021 133.0000
v 151.5162 62.7601 163.0000
v 167.9569 112.2252 133.0000
v 136.3610 91.1135 163.0000
v 142.8356 142.8356 133.0000
v 115.9655 115.9655 163.0000
v 112.2252 167.9569 133.0000
v 91.1135 136.3610 163.0000
v 77.3021 186.6237 133.0000
v 62.7601 151.5162 163.0000
v 39.4082 198.1186 133.0000
v 31.9948 160.8488 163.0000
v 0.0000 202.0000 133.0000
v 0.0000 164.0000 163.0000
v -39.4082 198.1186 133.0000
v -31.9948 160.8488 163.0000
v -77.3021 186.6237 133.0000
v -62.7601 151.5162 163.0000
v -112.2252 167.9569 133.0000
v -91.1135 136.3610 163.0000
v -142.8356 142.8356 133.0000
v -115.9655 115.9655 163.0000
v -167.9569 112.2252 133.0000
v -136.3610 91.1135 163.0000
v -186.6237 77.3021 133.0000
v -151.5162 62.7601 163.0000
v -198.1186 39.4082 133.0000
v -160.8488 31.9948 163.0000
v -202.0000 0.0000 133.0000
v -164.0000 0.0000 163.0000
v -198.1186 -39.4082 133.0000
v -160.8488 -31.9948 163.0000
v -186.6237 -77.3021 133.0000
v -151.5162 -62.7601 163.0000
v -167.9569 -112.2252 133.0000
v -136.3610 -91.1135 163.0000
v -142.8356 -142.8356 133.0000
v -115.9655 -115.9655 163.0000
v -112.2252 -167.9569 133.0000
v -91.1135 -136.3610 163.0000
v -77.3021 -186.6237 133.0000
v -62.7601 -151.5162 163.0000
v -39.4082 -198.1186 133.0000
v -31.9948 -160.8488 163.0000
v -0.0000 -202.0000 133.0000
v -0.0000 -164.0000 163.0000
v 39.4082 -198.1186 133.0000
v 31.9948 -160.8488 163.0000
v 77.3021 -186.6237 133.0000
v 62.7601 -151.5162 163.0000
v 112.2252 -167.9569 133.0000
v 91.1135 -136.3610 163.0000
v 142.8356 -142.8356 133.0000
v 115.9655 -115.9655 163.0000
v 167.9569 -112.2252 133.0000
v 136.3610 -91.1135 163.0000
v 186.6237 -77.3021 133.0000
v 151.5162 -62.7601 163.0000
v 198.1186 -39.4082 133.0000
v 160.8488 -31.9948 163.0000
v 186.0000 0.0000 161.0000
v 183.9271 0.0000 163.8532
v 180.5729 0.0000 162.7634
v 180.5729 0.0000 159.2366
v 183.9271 0.0000 158.1468
v 183.7100 29.0968 161.0000
v 181.6626 28.7725 163.8532
v 178.3498 28.2478 162.7634
v 178.3498 28.2478 159.2366
v 181.6626 28.7725 158.1468
v 176.8965 57.4772 161.0000
v 174.9250 56.8366 163.8532
v 171.7351 55.8001 162.7634
v 171.7351 55.8001 159.2366
v 174.9250 56.8366 158.1468
v 165.7272 84.4422 161.0000
v 163.8802 83.5011 163.8532
v 160.8917 81.9784 162.7634
v 160.8917 81.9784 159.2366
v 163.8802 83.5011 158.1468
v 150.4772 109.3281 161.0000
v 148.8001 108.1096 163.8532
v 146.0866 106.1381 162.7634
v 146.0866 106.1381 159.2366
v 148.8001 108.1096 158.1468
v 131.5219 131.5219 161.0000
v 130.0561 130.0561 163.8532
v 127.6844 127.6844 162.7634
v 127.6844 127.6844 159.2366
v 130.0561 130.0561 158.1468
v 109.3281 150.4772 161.0000
v 108.1096 148.8001 163.8532
v 106.1381 146.0866 162.7634
v 106.1381 146.0866 159.2366
v 108.1096 148.8001 158.1468
v 84.4422 165.7272 161.0000
v 83.5011 163.8802 163.8532
v 81.9784 160.8917 162.7634
v 81.9784 160.8917 159.2366
v 83.5011 163.8802 158.1468
v 57.4772 176.8965 161.0000
v 56.8366 174.9250 163.8532
v 55.8001 171.7351 162.7634
v 55.8001 171.7351 159.2366
v 56.8366 174.9250 158.1468
v 29.0968 183.7100 161.0000
v 28.7725 181.6626 163.8532
v 28.2478 178.3498 162.7634
v 28.2478 178.3498 159.2366
v 28.7725 181.6626 158.1468
v 0.0000 186.0000 161.0000
v 0.0000 183.9271 163.8532
v 0.0000 180.5729 162.7634
v 0.0000 180.5729 159.2366
v 0.0000 183.9271 158.1468
v -29.0968 183.7100 161.0000
v -28.7725 181.6626 163.8532
v -28.2478 178.3498 162.7634
v -28.2478 178.3498 159.2366
v -28.7725 181.6626 158.1468
v -57.4772 176.8965 161.0000
v -56.8366 174.9250 163.8532
v -55.8001 171.7351 162.7634
v -55.8001 171.7351 159.2366
v -56.8366 174.9250 158.1468
v -84.4422 165.7272 161.0000
v -83.5011 163.8802 163.8532
v -81.9784 160.8917 162.7634
v -81.9784 160.8917 159.2366
v -83.5011 163.8802 158.1468
v -109.3281 150.4772 161.0000
v -108.1096 148.8001 163.8532
v -106.1381 146.0866 162.7634
v -106.1381 146.0866 159.2366
v -108.1096 148.8001 158.1468
v -131.5219 131.5219 161.0000
v -130.0561 130.0561 163.8532
v -127.6844 127.6844 162.7634
v -127.6844 127.6844 159.2366
v -130.0561 130.0561 158.1468
v -150.4772 109.3281 161.0000
v -148.8001 108.1096 163.8532
v -146.0866 106.1381 162.7634
v -146.0866 106.1381 159.2366
v -148.8001 108.1096 158.1468
v -165.7272 84.4422 161.0000
v -163.8802 83.5011 163.8532
v -160.8917 81.9784 162.7634
v -160.8917 81.9784 159.2366
v -163.8802 83.5011 158.1468
v -176.8965 57.4772 161.0000
v -174.9250 56.8366 163.8532
v -171.7351 55.8001 162.7634
v -171.7351 55.8001 159.2366
v -174.9250 56.8366 158.1468
v -183.7100 29.0968 161.0000
v -181.6626 28.7725 163.8532
v -178.3498 28.2478 162.7634
v -178.3498 28.2478 159.2366
v -181.6626 28.7725 158.1468
v -186.0000 0.0000 161.0000
v -183.9271 0.0000 163.8532
v -180.5729 0.0000 162.7634
v -180.5729 0.0000 159.2366
v -183.9271 0.0000 158.1468
v -183.7100 -29.0968 161.0000
v -181.6626 -28.7725 163.8532
v -178.3498 -28.2478 162.7634
v -178.3498 -28.2478 159.2366
v -181.6626 -28.7725 158.1468
v -176.8965 -57.4772 161.0000
v -174.9250 -56.8366 163.8532
v -171.7351 -55.8001 162.7634
v -171.7351 -55.8001 159.2366
v -174.9250 -56.8366 158.1468
v -165.7272 -84.4422 161.0000
v -163.8802 -83.5011 163.8532
v -160.8917 -81.9784 162.7634
v -160.8917 -81.9784 159.2366
v -163.8802 -83.5011 158.1468
v -150.4772 -109.3281 161.0000
v -148.8001 -108.1096 163.8532
v -146.0866 -106.1381 162.7634
v -146.0866 -106.1381 159.2366
v -148.8001 -108.1096 158.1468
v -131.5219 -131.5219 161.0000
v -130.0561 -130.0561 163.8532
v -127.6844 -127.6844 162.7634
v -127.6844 -127.6844 159.2366
v -130.0561 -130.0561 158.1468
v -109.3281 -150.4772 161.0000
v -108.1096 -148.8001 163.8532
v -106.1381 -146.0866 162.7634
v -106.1381 -146.0866 159.2366
v -108.1096 -148.8001 158.1468
v -84.4422 -165.7272 161.0000
v -83.5011 -163.8802 163.8532
v -81.9784 -160.8917 162.7634
v -81.9784 -160.8917 159.2366
v -83.5011 -163.8802 158.1468
v -57.4772 -176.8965 161.0000
v -56.8366 -174.9250 163.8532
v -55.8001 -171.7351 162.7634
v -55.8001 -171.7351 159.2366
v -56.8366 -174.9250 158.1468
v -29.0968 -183.7100 161.0000
v -28.7725 -181.6626 163.8532
v -28.2478 -178.3498 162.7634
v -28.2478 -178.3498 159.2366
v -28.7725 -181.6626 158.1468
v -0.0000 -186.0000 161.0000
v -0.0000 -183.9271 163.8532
v -0.0000 -180.5729 162.7634
v -0.0000 -180.5729 159.2366
v -0.0000 -183.9271 158.1468
v 29.0968 -183.7100 161.0000
v 28.7725 -181.6626 163.8532
v 28.2478 -178.3498 162.7634
v 28.2478 -178.3498 159.2366
v 28.7725 -181.6626 158.1468
v 57.4772 -176.8965 161.0000
v 56.8366 -174.9250 163.8532
v 55.8001 -171.7351 162.7634
v 55.8001 -171.7351 159.2366
v 56.8366 -174.9250 158.1468
v 84.4422 -165.7272 161.0000
v 83.5011 -163.8802 163.8532
v 81.9784 -160.8917 162.7634
v 81.9784 -160.8917 159.2366
v 83.5011 -163.8802 158.1468
v 109.3281 -150.4772 161.0000
v 108.1096 -148.8001 163.8532
v 106.1381 -146.0866 162.7634
v 106.1381 -146.0866 159.2366
v 108.1096 -148.8001 158.1468
v 131.5219 -131.5219 161.0000
v 130.0561 -130.0561 163.8532
v 127.6844 -127.6844 162.7634
v 127.6844 -127.6844 159.2366
v 130.0561 -130.0561 158.1468
v 150.4772 -109.3281 161.0000
v 148.8001 -108.1096 163.8532
v 146.0866 -106.1381 162.7634
v 146.0866 -106.1381 159.2366
v 148.8001 -108.1096 158.1468
v 165.7272 -84.4422 161.0000
v 163.8802 -83.5011 163.8532
v 160.8917 -81.9784 162.7634
v 160.8917 -81.9784 159.2366
v 163.8802 -83.5011 158.1468
v 176.8965 -57.4772 161.0000
v 174.9250 -56.8366 163.8532
v 171.7351 -55.8001 162.7634
v 171.7351 -55.8001 159.2366
v 174.9250 -56.8366 158.1468
v 183.7100 -29.0968 161.0000
v 181.6626 -28.7725 163.8532
v 178.3498 -28.2478 162.7634
v 178.3498 -28.2478 159.2366
v 181.6626 -28.7725 158.1468
v 182.0000 0.0000 159.0000
v 144.0000 0.0000 189.0000
v 178.5029 35.5064 159.0000
v 141.2331 28.0930 189.0000
v 168.1461 69.6484 159.0000
v 133.0387 55.1064 189.0000
v 151.3275 101.1138 159.0000
v 119.7316 80.0021 189.0000
v 128.6934 128.6934 159.0000
v 101.8234 101.8234 189.0000
v 101.1138 151.3275 159.0000
v 80.0021 119.7316 189.0000
v 69.6484 168.1461 159.0000
v 55.1064 133.0387 189.0000
v 35.5064 178.5029 159.0000
v 28.0930 141.2331 189.0000
v 0.0000 182.0000 159.0000
v 0.0000 144.0000 189.0000
v -35.5064 178.5029 159.0000
v -28.0930 141.2331 189.0000
v -69.6484 168.1461 159.0000
v -55.1064 133.0387 189.0000
v -101.1138 151.3275 159.0000
v -80.0021 119.7316 189.0000
v -128.6934 128.6934 159.0000
v -101.8234 101.8234 189.0000
v -151.3275 101.1138 159.0000
v -119.7316 80.0021 189.0000
v -168.1461 69.6484 159.0000
v -133.0387 55.1064 189.0000
v -178.5029 35.5064 159.0000
v -141.2331 28.0930 189.0000
v -182.0000 0.0000 159.0000
v -144.0000 0.0000 189.0000
v -178.5029 -35.5064 159.0000
v -141.2331 -28.0930 189.0000
v -168.1461 -69.6484 159.0000
v -133.0387 -55.1064 189.0000
v -151.3275 -101.1138 159.0000
v -119.7316 -80.0021 189.0000
v -128.6934 -128.6934 159.0000
v -101.8234 -101.8234 189.0000
v -101.1138 -151.3275 159.0000
v -80.0021 -119.7316 189.0000
v -69.6484 -168.1461 159.0000
v -55.1064 -133.0387 189.0000
v -35.5064 -178.5029 159.0000
v -28.0930 -141.2331 189.0000
v -0.0000 -182.0000 159.0000
v -0.0000 -144.0000 189.0000
v 35.5064 -178.5029 159.0000
v 28.0930 -141.2331 189.0000
v 69.6484 -168.1461 159.0000
v 55.1064 -133.0387 189.0000
v 101.1138 -151.3275 159.0000
v 80.0021 -119.7316 189.0000
v 128.6934 -128.6934 159.0000
v 101.8234 -101.8234 189.0000
v 151.3275 -101.1138 159.0000
v 119.7316 -80.0021 189.0000
v 168.1461 -69.6484 159.0000
v 133.0387 -55.1064 189.0000
v 178.5029 -35.5064 159.0000
v 141.2331 -28.0930 189.0000
v 166.0000 0.0000 187.0000
v 163.9271 0.0000 189.8532
v 160.5729 0.0000 188.7634
v 160.5729 0.0000 185.2366
v 163.9271 0.0000 184.1468
v 163.9563 25.9681 187.0000
v 161.9088 25.6438 189.8532
v 158.5960 25.1191 188.7634
v 158.5960 25.1191 185.2366
v 161.9088 25.6438 184.1468
v 157.8754 51.2968 187.0000
v 155.9039 50.6562 189.8532
v 152.7139 49.6198 188.7634
v 152.7139 49.6198 185.2366
v 155.9039 50.6562 184.1468
v 147.9071 75.3624 187.0000
v 146.0601 74.4213 189.8532
v 143.0715 72.8986 188.7634
v 143.0715 72.8986 185.2366
v 146.0601 74.4213 184.1468
v 134.2968 97.5724 187.0000
v 132.6198 96.3539 189.8532
v 129.9062 94.3824 188.7634
v 129.9062 94.3824 185.2366
v 132.6198 96.3539 184.1468
v 117.3797 117.3797 187.0000
v 115.9139 115.9139 189.8532
v 113.5422 113.5422 188.7634
v 113.5422 113.5422 185.2366
v 115.9139 115.9139 184.1468
v 97.5724 134.2968 187.0000
v 96.3539 132.6198 189.8532
v 94.3824 129.9062 188.7634
v 94.3824 129.9062 185.2366
v 96.3539 132.6198 184.1468
v 75.3624 147.9071 187.0000
v 74.4213 146.0601 189.8532
v 72.8986 143.0715 188.7634
v 72.8986 143.0715 185.2366
v 74.4213 146.0601 184.1468
v 51.2968 157.8754 187.0000
v 50.6562 155.9039 189.8532
v 49.6198 152.7139 188.7634
v 49.6198 152.7139 185.2366
v 50.6562 155.9039 184.1468
v 25.9681 163.9563 187.0000
v 25.6438 161.9088 189.8532
v 25.1191 158.5960 188.7634
v 25.1191 158.5960 185.2366
v 25.6438 161.9088 184.1468
v 0.0000 166.0000 187.0000
v 0.0000 163.9271 189.8532
v 0.0000 160.5729 188.7634
v 0.0000 160.5729 185.2366
v 0.0000 163.9271 184.1468
v -25.9681 163.9563 187.0000
v -25.6438 161.9088 189.8532
v -25.1191 158.5960 188.7634
v -25.1191 158.5960 185.2366
v -25.6438 161.9088 184.1468
v -51.2968 157.8754 187.0000
v -50.6562 155.9039 189.8532
v -49.6198 152.7139 188.7634
v -49.6198 152.7139 185.2366
v -50.6562 155.9039 184.1468
v -75.3624 147.9071 187.0000
v -74.4213 146.0601 189.8532
v -72.8986 143.0715 188.7634
v -72.8986 143.0715 185.2366
v -74.4213 146.0601 184.1468
v -97.5724 134.2968 187.0000
v -96.3539 132.6198 189.8532
v -94.3824 129.9062 188.7634
v -94.3824 129.9062 185.2366
v -96.3539 132.6198 184.1468
v -117.3797 117.3797 187.0000
v -115.9139 115.9139 189.8532
v -113.5422 113.5422 188.7634
v -113.5422 113.5422 185.2366
v -115.9139 115.9139 184.1468
v -134.2968 97.5724 187.0000
v -132.6198 96.3539 189.8532
v -129.9062 94.3824 188.7634
v -129.9062 94.3824 185.2366
v -132.6198 96.3539 184.1468
v -147.9071 75.3624 187.0000
v -146.0601 74.4213 189.8532
v -143.0715 72.8986 188.7634
v -143.0715 72.8986 185.2366
v -146.0601 74.4213 184.1468
v -157.8754 51.2968 187.0000
v -155.9039 50.6562 189.8532
v -152.7139 49.6198 188.7634
v -152.7139 49.6198 185.2366
v -155.9039 50.6562 184.1468
v -163.9563 25.9681 187.0000
v -161.9088 25.6438 189.8532
v -158.5960 25.1191 188.7634
v -158.5960 25.1191 185.2366
v -161.9088 25.6438 184.1468
v -166.0000 0.0000 187.0000
v -163.9271 0.0000 189.8532
v -160.5729 0.0000 188.7634
v -160.5729 0.0000 185.2366
v -163.9271 0.0000 184.1468
v -163.9563 -25.9681 187.0000
v -161.9088 -25.6438 189.8532
v -158.5960 -25.1191 188.7634
v -158.5960 -25.1191 185.2366
v -161.9088 -25.6438 184.1468
v -157.8754 -51.2968 187.0000
v -155.9039 -50.6562 189.8532
v -152.7139 -49.6198 188.7634
v -152.7139 -49.6198 185.2366
v -155.9039 -50.6562 184.1468
v -147.9071 -75.3624 187.0000
v -146.0601 -74.4213 189.8532
v -143.0715 -72.8986 188.7634
v -143.0715 -72.8986 185.2366
v -146.0601 -74.4213 184.1468
v -134.2968 -97.5724 187.0000
v -132.6198 -96.3539 189.8532
v -129.9062 -94.3824 188.7634
v -129.9062 -94.3824 185.2366
v -132.6198 -96.3539 184.1468
v -117.3797 -117.3797 187.0000
v -115.9139 -115.9139 189.8532
v -113.5422 -113.5422 188.7634
v -113.5422 -113.5422 185.2366
v -115.9139 -115.9139 184.1468
v -97.5724 -134.2968 187.0000
v -96.3539 -132.6198 189.8532
v -94.3824 -129.9062 188.7634
v -94.3824 -129.9062 185.2366
v -96.3539 -132.6198 184.1468
v -75.3624 -147.9071 187.0000
v -74.4213 -146.0601 189.8532
v -72.8986 -143.0715 188.7634
v -72.8986 -143.0715 185.2366
v -74.4213 -146.0601 184.1468
v -51.2968 -157.8754 187.0000
v -50.6562 -155.9039 189.8532
v -49.6198 -152.7139 188.7634
v -49.6198 -152.7139 185.2366
v -50.6562 -155.9039 184.1468
v -25.9681 -163.9563 187.0000
v -25.6438 -161.9088 189.8532
v -25.1191 -158.5960 188.7634
v -25.1191 -158.5960 185.2366
v -25.6438 -161.9088 184.1468
v -0.0000 -166.0000 187.0000
v -0.0000 -163.9271 189.8532
v -0.0000 -160.5729 188.7634
v -0.0000 -160.5729 185.2366
v -0.0000 -163.9271 184.1468
v 25.9681 -163.9563 187.0000
v 25.6438 -161.9088 189.8532
v 25.1191 -158.5960 188.7634
v 25.1191 -158.5960 185.2366
v 25.6438 -161.9088 184.1468
v 51.2968 -157.8754 187.0000
v 50.6562 -155.9039 189.8532
v 49.6198 -152.7139 188.7634
v 49.6198 -152.7139 185.2366
v 50.6562 -155.9039 184.1468
v 75.3624 -147.9071 187.0000
v 74.4213 -146.0601 189.8532
v 72.8986 -143.0715 188.7634
v 72.8986 -143.0715 185.2366
v 74.4213 -146.0601 184.1468
v 97.5724 -134.2968 187.0000
v 96.3539 -132.6198 189.8532
v 94.3824 -129.9062 188.7634
v 94.3824 -129.9062 185.2366
v 96.3539 -132.6198 184.1468
v 117.3797 -117.3797 187.0000
v 115.9139 -115.9139 189.8532
v 113.5422 -113.5422 188.7634
v 113.5422 -113.5422 185.2366
v 115.9139 -115.9139 184.1468
v 134.2968 -97.5724 187.0000
v 132.6198 -96.3539 189.8532
v 129.9062 -94.3824 188.7634
v 129.9062 -94.3824 185.2366
v 132.6198 -96.3539 184.1468
v 147.9071 -75.3624 187.0000
v 146.0601 -74.4213 189.8532
v 143.0715 -72.8986 188.7634
v 143.0715 -72.8986 185.2366
v 146.0601 -74.4213 184.1468
v 157.8754 -51.2968 187.0000
v 155.9039 -50.6562 189.8532
v 152.7139 -49.6198 188.7634
v 152.7139 -49.6198 185.2366
v 155.9039 -50.6562 184.1468
v 163.9563 -25.9681 187.0000
v 161.9088 -25.6438 189.8532
v 158.5960 -25.1191 188.7634
v 158.5960 -25.1191 185.2366
v 161.9088 -25.6438 184.1468
v 146.0000 0.0000 183.0000
v 108.0000 0.0000 213.0000
v 143.1947 28.4832 183.0000
v 105.9248 21.0698 213.0000
v 134.8864 55.8718 183.0000
v 99.7790 41.3298 213.0000
v 121.3946 81.1133 183.0000
v 89.7987 60.0016 213.0000
v 103.2376 103.2376 183.0000
v 76.3675 76.3675 213.0000
v 81.1133 121.3946 183.0000
v 60.0016 89.7987 213.0000
v 55.8718 134.8864 183.0000
v 41.3298 99.7790 213.0000
v 28.4832 143.1947 183.0000
v 21.0698 105.9248 213.0000
v 0.0000 146.0000 183.0000
v 0.0000 108.0000 213.0000
v -28.4832 143.1947 183.0000
v -21.0698 105.9248 213.0000
v -55.8718 134.8864 183.0000
v -41.3298 99.7790 213.0000
v -81.1133 121.3946 183.0000
v -60.0016 89.7987 213.0000
v -103.2376 103.2376 183.0000
v -76.3675 76.3675 213.0000
v -121.3946 81.1133 183.0000
v -89.7987 60.0016 213.0000
v -134.8864 55.8718 183.0000
v -99.7790 41.3298 213.0000
v -143.1947 28.4832 183.0000
v -105.9248 21.0698 213.0000
v -146.0000 0.0000 183.0000
v -108.0000 0.0000 213.0000
v -143.1947 -28.4832 183.0000
v -105.9248 -21.0698 213.0000
v -134.8864 -55.8718 183.0000
v -99.7790 -41.3298 213.0000
v -121.3946 -81.1133 183.0000
v -89.7987 -60.0016 213.0000
v -103.2376 -103.2376 183.0000
v -76.3675 -76.3675 213.0000
v -81.1133 -121.3946 183.0000
v -60.0016 -89.7987 213.0000
v -55.8718 -134.8864 183.0000
v -41.3298 -99.7790 213.0000
v -28.4832 -143.1947 183.0000
v -21.0698 -105.9248 213.0000
v -0.0000 -146.0000 183.0000
v -0.0000 -108.0000 213.0000
v 28.4832 -143.1947 183.0000
v 21.0698 -105.9248 213.0000
v 55.8718 -134.8864 183.0000
v 41.3298 -99.7790 213.0000
v 81.1133 -121.3946 183.0000
v 60.0016 -89.7987 213.0000
v 103.2376 -103.2376 183.0000
v 76.3675 -76.3675 213.0000
v 121.3946 -81.1133 183.0000
v 89.7987 -60.0016 213.0000
v 134.8864 -55.8718 183.0000
v 99.7790 -41.3298 213.0000
v 143.1947 -28.4832 183.0000
v 105.9248 -21.0698 213.0000
v 130.0000 0.0000 211.0000
v 127.9271 0.0000 213.8532
v 124.5729 0.0000 212.7634
v 124.5729 0.0000 209.2366
v 127.9271 0.0000 208.1468
v 128.3995 20.3365 211.0000
v 126.3521 20.0122 213.8532
v 123.0392 19.4875 212.7634
v 123.0392 19.4875 209.2366
v 126.3521 20.0122 208.1468
v 123.6373 40.1722 211.0000
v 121.6659 39.5316 213.8532
v 118.4759 38.4952 212.7634
v 118.4759 38.4952 209.2366
v 121.6659 39.5316 208.1468
v 115.8308 59.0188 211.0000
v 113.9838 58.0777 213.8532
v 110.9953 56.5549 212.7634
v 110.9953 56.5549 209.2366
v 113.9838 58.0777 208.1468
v 105.1722 76.4121 211.0000
v 103.4952 75.1936 213.8532
v 100.7816 73.2221 212.7634
v 100.7816 73.2221 209.2366
v 103.4952 75.1936 208.1468
v 91.9239 91.9239 211.0000
v 90.4581 90.4581 213.8532
v 88.0864 88.0864 212.7634
v 88.0864 88.0864 209.2366
v 90.4581 90.4581 208.1468
v 76.4121 105.1722 211.0000
v 75.1936 103.4952 213.8532
v 73.2221 100.7816 212.7634
v 73.2221 100.7816 209.2366
v 75.1936 103.4952 208.1468
v 59.0188 115.8308 211.0000
v 58.0777 113.9838 213.8532
v 56.5549 110.9953 212.7634
v 56.5549 110.9953 209.2366
v 58.0777 113.9838 208.1468
v 40.1722 123.6373 211.0000
v 39.5316 121.6659 213.8532
v 38.4952 118.4759 212.7634
v 38.4952 118.4759 209.2366
v 39.5316 121.6659 208.1468
v 20.3365 128.3995 211.0000
v 20.0122 126.3521 213.8532
v 19.4875 123.0392 212.7634
v 19.4875 123.0392 209.2366
v 20.0122 126.3521 208.1468
v 0.0000 130.0000 211.0000
v 0.0000 127.9271 213.8532
v 0.0000 124.5729 212.7634
v 0.0000 124.5729 209.2366
v 0.0000 127.9271 208.1468
v -20.3365 128.3995 211.0000
v -20.0122 126.3521 213.8532
v -19.4875 123.0392 212.7634
v -19.4875 123.0392 209.2366
v -20.0122 126.3521 208.1468
v -40.1722 123.6373 211.0000
v -39.5316 121.6659 213.8532
v -38.4952 118.4759 212.7634
v -38.4952 118.4759 209.2366
v -39.5316 121.6659 208.1468
v -59.0188 115.8308 211.0000
v -58.0777 113.9838 213.8532
v -56.5549 110.9953 212.7634
v -56.5549 110.9953 209.2366
v -58.0777 113.9838 208.1468
v -76.4121 105.1722 211.0000
v -75.1936 103.4952 213.8532
v -73.2221 100.7816 212.7634
v -73.2221 100.7816 209.2366
v -75.1936 103.4952 208.1468
v -91.9239 91.9239 211.0000
v -90.4581 90.4581 213.8532
v -88.0864 88.0864 212.7634
v -88.0864 88.0864 209.2366
v -90.4581 90.4581 208.1468
v -105.1722 76.4121 211.0000
v -103.4952 75.1936 213.8532
v -100.7816 73.2221 212.7634
v -100.7816 73.2221 209.2366
v -103.4952 75.1936 208.1468
v -115.8308 59.0188 211.0000
v -113.9838 58.0777 213.8532
v -110.9953 56.5549 212.7634
v -110.9953 56.5549 209.2366
v -113.9838 58.0777 208.1468
v -123.6373 40.1722 211.0000
v -121.6659 39.5316 213.8532
v -118.4759 38.4952 212.7634
v -118.4759 38.4952 209.2366
v -121.6659 39.5316 208.1468
v -128.3995 20.3365 211.0000
v -126.3521 20.0122 213.8532
v -123.0392 19.4875 212.7634
v -123.0392 19.4875 209.2366
v -126.3521 20.0122 208.1468
v -130.0000 0.0000 211.0000
v -127.9271 0.0000 213.8532
v -124.5729 0.0000 212.7634
v -124.5729 0.0000 209.2366
v -127.9271 0.0000 208.1468
v -128.3995 -20.3365 211.0000
v -126.3521 -20.0122 213.8532
v -123.0392 -19.4875 212.7634
v -123.0392 -19.4875 209.2366
v -126.3521 -20.0122 208.1468
v -123.6373 -40.1722 211.0000
v -121.6659 -39.5316 213.8532
v -118.4759 -38.4952 212.7634
v -118.4759 -38.4952 209.2366
v -121.6659 -39.5316 208.1468
v -115.8308 -59.0188 211.0000
v -113.9838 -58.0777 213.8532
v -110.9953 -56.5549 212.7634
v -110.9953 -56.5549 209.2366
v -113.9838 -58.0777 208.1468
v -105.1722 -76.4121 211.0000
v -103.4952 -75.1936 213.8532
v -100.7816 -73.2221 212.7634
v -100.7816 -73.2221 209.2366
v -103.4952 -75.1936 208.1468
v -91.9239 -91.9239 211.0000
v -90.4581 -90.4581 213.8532
v -88.0864 -88.0864 212.7634
v -88.0864 -88.0864 209.2366
v -90.4581 -90.4581 208.1468
v -76.4121 -105.1722 211.0000
v -75.1936 -103.4952 213.8532
v -73.2221 -100.7816 212.7634
v -73.2221 -100.7816 209.2366
v -75.1936 -103.4952 208.1468
v -59.0188 -115.8308 211.0000
v -58.0777 -113.9838 213.8532
v -56.5549 -110.9953 212.7634
v -56.5549 -110.9953 209.2366
v -58.0777 -113.9838 208.1468
v -40.1722 -123.6373 211.0000
v -39.5316 -121.6659 213.8532
v -38.4952 -118.4759 212.7634
v -38.4952 -118.4759 209.2366
v -39.5316 -121.6659 208.1468
v -20.3365 -128.3995 211.0000
v -20.0122 -126.3521 213.8532
v -19.4875 -123.0392 212.7634
v -19.4875 -123.0392 209.2366
v -20.0122 -126.3521 208.1468
v -0.0000 -130.0000 211.0000
v -0.0000 -127.9271 213.8532
v -0.0000 -124.5729 212.7634
v -0.0000 -124.5729 209.2366
v -0.0000 -127.9271 208.1468
v 20.3365 -128.3995 211.0000
v 20.0122 -126.3521 213.8532
v 19.4875 -123.0392 212.7634
v 19.4875 -123.0392 209.2366
v 20.0122 -126.3521 208.1468
v 40.1722 -123.6373 211.0000
v 39.5316 -121.6659 213.8532
v 38.4952 -118.4759 212.7634
v 38.4952 -118.4759 209.2366
v 39.5316 -121.6659 208.1468
v 59.0188 -115.8308 211.0000
v 58.0777 -113.9838 213.8532
v 56.5549 -110.9953 212.7634
v 56.5549 -110.9953 209.2366
v 58.0777 -113.9838 208.1468
v 76.4121 -105.1722 211.0000
v 75.1936 -103.4952 213.8532
v 73.2221 -100.7816 212.7634
v 73.2221 -100.7816 209.2366
v 75.1936 -103.4952 208.1468
v 91.9239 -91.9239 211.0000
v 90.4581 -90.4581 213.8532
v 88.0864 -88.0864 212.7634
v 88.0864 -88.0864 209.2366
v 90.4581 -90.4581 208.1468
v 105.1722 -76.4121 211.0000
v 103.4952 -75.1936 213.8532
v 100.7816 -73.2221 212.7634
v 100.7816 -73.2221 209.2366
v 103.4952 -75.1936 208.1468
v 115.8308 -59.0188 211.0000
v 113.9838 -58.0777 213.8532
v 110.9953 -56.5549 212.7634
v 110.9953 -56.5549 209.2366
v 113.9838 -58.0777 208.1468
v 123.6373 -40.1722 211.0000
v 121.6659 -39.5316 213.8532
v 118.4759 -38.4952 212.7634
v 118.4759 -38.4952 209.2366
v 121.6659 -39.5316 208.1468
v 128.3995 -20.3365 211.0000
v 126.3521 -20.0122 213.8532
v 123.0392 -19.4875 212.7634
v 123.0392 -19.4875 209.2366
v 126.3521 -20.0122 208.1468
v 100.0000 0.0000 201.0000
v 62.0000 0.0000 231.0000
v 98.0785 19.5090 201.0000
v 60.8087 12.0956 231.0000
v 92.3880 38.2683 201.0000
v 57.2805 23.7264 231.0000
v 83.1470 55.5570 201.0000
v 51.5511 34.4454 231.0000
v 70.7107 70.7107 201.0000
v 43.8406 43.8406 231.0000
v 55.5570 83.1470 201.0000
v 34.4454 51.5511 231.0000
v 38.2683 92.3880 201.0000
v 23.7264 57.2805 231.0000
v 19.5090 98.0785 201.0000
v 12.0956 60.8087 231.0000
v 0.0000 100.0000 201.0000
v 0.0000 62.0000 231.0000
v -19.5090 98.0785 201.0000
v -12.0956 60.8087 231.0000
v -38.2683 92.3880 201.0000
v -23.7264 57.2805 231.0000
v -55.5570 83.1470 201.0000
v -34.4454 51.5511 231.0000
v -70.7107 70.7107 201.0000
v -43.8406 43.8406 231.0000
v -83.1470 55.5570 201.0000
v -51.5511 34.4454 231.0000
v -92.3880 38.2683 201.0000
v -57.2805 23.7264 231.0000
v -98.0785 19.5090 201.0000
v -60.8087 12.0956 231.0000
v -100.0000 0.0000 201.0000
v -62.0000 0.0000 231.0000
v -98.0785 -19.5090 201.0000
v -60.8087 -12.0956 231.0000
v -92.3880 -38.2683 201.0000
v -57.2805 -23.7264 231.0000
v -83.1470 -55.5570 201.0000
v -51.5511 -34.4454 231.0000
v -70.7107 -70.7107 201.0000
v -43.8406 -43.8406 231.0000
v -55.5570 -83.1470 201.0000
v -34.4454 -51.5511 231.0000
v -38.2683 -92.3880 201.0000
v -23.7264 -57.2805 231.0000
v -19.5090 -98.0785 201.0000
v -12.0956 -60.8087 231.0000
v -0.0000 -100.0000 201.0000
v -0.0000 -62.0000 231.0000
v 19.5090 -98.0785 201.0000
v 12.0956 -60.8087 231.0000
v 38.2683 -92.3880 201.0000
v 23.7264 -57.2805 231.0000
v 55.5570 -83.1470 201.0000
v 34.4454 -51.5511 231.0000
v 70.7107 -70.7107 201.0000
v 43.8406 -43.8406 231.0000
v 83.1470 -55.5570 201.0000
v 51.5511 -34.4454 231.0000
v 92.3880 -38.2683 201.0000
v 57.2805 -23.7264 231.0000
v 98.0785 -19.5090 201.0000
v 60.8087 -12.0956 231.0000
v 84.0000 0.0000 229.0000
v 81.9271 0.0000 231.8532
v 78.5729 0.0000 230.7634
v 78.5729 0.0000 227.2366
v 81.9271 0.0000 226.1468
v 82.9658 13.1405 229.0000
v 80.9184 12.8162 231.8532
v 77.6056 12.2915 230.7634
v 77.6056 12.2915 227.2366
v 80.9184 12.8162 226.1468
v 79.8887 25.9574 229.0000
v 77.9173 25.3169 231.8532
v 74.7273 24.2804 230.7634
v 74.7273 24.2804 227.2366
v 77.9173 25.3169 226.1468
v 74.8445 38.1352 229.0000
v 72.9975 37.1941 231.8532
v 70.0090 35.6714 230.7634
v 70.0090 35.6714 227.2366
v 72.9975 37.1941 226.1468
v 67.9574 49.3740 229.0000
v 66.2804 48.1555 231.8532
v 63.5669 46.1840 230.7634
v 63.5669 46.1840 227.2366
v 66.2804 48.1555 226.1468
v 59.3970 59.3970 229.0000
v 57.9312 57.9312 231.8532
v 55.5595 55.5595 230.7634
v 55.5595 55.5595 227.2366
v 57.9312 57.9312 226.1468
v 49.3740 67.9574 229.0000
v 48.1555 66.2804 231.8532
v 46.1840 63.5669 230.7634
v 46.1840 63.5669 227.2366
v 48.1555 66.2804 226.1468
v 38.1352 74.8445 229.0000
v 37.1941 72.9975 231.8532
v 35.6714 70.0090 230.7634
v 35.6714 70.0090 227.2366
v 37.1941 72.9975 226.1468
v 25.9574 79.8887 229.0000
v 25.3169 77.9173 231.8532
v 24.2804 74.7273 230.7634
v 24.2804 74.7273 227.2366
v 25.3169 77.9173 226.1468
v 13.1405 82.9658 229.0000
v 12.8162 80.9184 231.8532
v 12.2915 77.6056 230.7634
v 12.2915 77.6056 227.2366
v 12.8162 80.9184 226.1468
v 0.0000 84.0000 229.0000
v 0.0000 81.9271 231.8532
v 0.0000 78.5729 230.7634
v 0.0000 78.5729 227.2366
v 0.0000 81.9271 226.1468
v -13.1405 82.9658 229.0000
v -12.8162 80.9184 231.8532
v -12.2915 77.6056 230.7634
v -12.2915 77.6056 227.2366
v -12.8162 80.9184 226.1468
v -25.9574 79.8887 229.0000
v -25.3169 77.9173 231.8532
v -24.2804 74.7273 230.7634
v -24.2804 74.7273 227.2366
v -25.3169 77.9173 226.1468
v -38.1352 74.8445 229.0000
v -37.1941 72.9975 231.8532
v -35.6714 70.0090 230.7634
v -35.6714 70.0090 227.2366
v -37.1941 72.9975 226.1468
v -49.3740 67.9574 229.0000
v -48.1555 66.2804 231.8532
v -46.1840 63.5669 230.7634
v -46.1840 63.5669 227.2366
v -48.1555 66.2804 226.1468
v -59.3970 59.3970 229.0000
v -57.9312 57.9312 231.8532
v -55.5595 55.5595 230.7634
v -55.5595 55.5595 227.2366
v -57.9312 57.9312 226.1468
v -67.9574 49.3740 229.0000
v -66.2804 48.1555 231.8532
v -63.5669 46.1840 230.7634
v -63.5669 46.1840 227.2366
v -66.2804 48.1555 226.1468
v -74.8445 38.1352 229.0000
v -72.9975 37.1941 231.8532
v -70.0090 35.6714 230.7634
v -70.0090 35.6714 227.2366
v -72.9975 37.1941 226.1468
v -79.8887 25.9574 229.0000
v -77.9173 25.3169 231.8532
v -74.7273 24.2804 230.7634
v -74.7273 24.2804 227.2366
v -77.9173 25.3169 226.1468
v -82.9658 13.1405 229.0000
v -80.9184 12.8162 231.8532
v -77.6056 12.2915 230.7634
v -77.6056 12.2915 227.2366
v -80.9184 12.8162 226.1468
v -84.0000 0.0000 229.0000
v -81.9271 0.0000 231.8532
v -78.5729 0.0000 230.7634
v -78.5729 0.0000 227.2366
v -81.9271 0.0000 226.1468
v -82.9658 -13.1405 229.0000
v -80.9184 -12.8162 231.8532
v -77.6056 -12.2915 230.7634
v -77.6056 -12.2915 227.2366
v -80.9184 -12.8162 226.1468
v -79.8887 -25.9574 229.0000
v -77.9173 -25.3169 231.8532
v -74.7273 -24.2804 230.7634
v -74.7273 -24.2804 227.2366
v -77.9173 -25.3169 226.1468
v -74.8445 -38.1352 229.0000
v -72.9975 -37.1941 231.8532
v -70.0090 -35.6714 230.7634
v -70.0090 -35.6714 227.2366
v -72.9975 -37.1941 226.1468
v -67.9574 -49.3740 229.0000
v -66.2804 -48.1555 231.8532
v -63.5669 -46.1840 230.7634
v -63.5669 -46.1840 227.2366
v -66.2804 -48.1555 226.1468
v -59.3970 -59.3970 229.0000
v -57.9312 -57.9312 231.8532
v -55.5595 -55.5595 230.7634
v -55.5595 -55.5595 227.2366
v -57.9312 -57.9312 226.1468
v -49.3740 -67.9574 229.0000
v -48.1555 -66.2804 231.8532
v -46.1840 -63.5669 230.7634
v -46.1840 -63.5669 227.2366
v -48.1555 -66.2804 226.1468
v -38.1352 -74.8445 229.0000
v -37.1941 -72.9975 231.8532
v -35.6714 -70.0090 230.7634
v -35.6714 -70.0090 227.2366
v -37.1941 -72.9975 226.1468
v -25.9574 -79.8887 229.0000
v -25.3169 -77.9173 231.8532
v -24.2804 -74.7273 230.7634
v -24.2804 -74.7273 227.2366
v -25.3169 -77.9173 226.1468
v -13.1405 -82.9658 229.0000
v -12.8162 -80.9184 231.8532
v -12.2915 -77.6056 230.7634
v -12.2915 -77.6056 227.2366
v -12.8162 -80.9184 226.1468
v -0.0000 -84.0000 229.0000
v -0.0000 -81.9271 231.8532
v -0.0000 -78.5729 230.7634
v -0.0000 -78.5729 227.2366
v -0.0000 -81.9271 226.1468
v 13.1405 -82.9658 229.0000
v 12.8162 -80.9184 231.8532
v 12.2915 -77.6056 230.7634
v 12.2915 -77.6056 227.2366
v 12.8162 -80.9184 226.1468
v 25.9574 -79.8887 229.0000
v 25.3169 -77.9173 231.8532
v 24.2804 -74.7273 230.7634
v 24.2804 -74.7273 227.2366
v 25.3169 -77.9173 226.1468
v 38.1352 -74.8445 229.0000
v 37.1941 -72.9975 231.8532
v 35.6714 -70.0090 230.7634
v 35.6714 -70.0090 227.2366
v 37.1941 -72.9975 226.1468
v 49.3740 -67.9574 229.0000
v 48.1555 -66.2804 231.8532
v 46.1840 -63.5669 230.7634
v 46.1840 -63.5669 227.2366
v 48.1555 -66.2804 226.1468
v 59.3970 -59.3970 229.0000
v 57.9312 -57.9312 231.8532
v 55.5595 -55.5595 230.7634
v 55.5595 -55.5595 227.2366
v 57.9312 -57.9312 226.1468
v 67.9574 -49.3740 229.0000
v 66.2804 -48.1555 231.8532
v 63.5669 -46.1840 230.7634
v 63.5669 -46.1840 227.2366
v 66.2804 -48.1555 226.1468
v 74.8445 -38.1352 229.0000
v 72.9975 -37.1941 231.8532
v 70.0090 -35.6714 230.7634
v 70.0090 -35.6714 227.2366
v 72.9975 -37.1941 226.1468
v 79.8887 -25.9574 229.0000
v 77.9173 -25.3169 231.8532
v 74.7273 -24.2804 230.7634
v 74.7273 -24.2804 227.2366
v 77.9173 -25.3169 226.1468
v 82.9658 -13.1405 229.0000
v 80.9184 -12.8162 231.8532
v 77.6056 -12.2915 230.7634
v 77.6056 -12.2915 227.2366
v 80.9184 -12.8162 226.1468
v 56.0000 0.0000 213.0000
v 18.0000 0.0000 243.0000
v 54.9240 10.9251 213.0000
v 17.6541 3.5116 243.0000
v 51.7373 21.4303 213.0000
v 16.6298 6.8883 243.0000
v 46.5623 31.1119 213.0000
v 14.9665 10.0003 243.0000
v 39.5980 39.5980 213.0000
v 12.7279 12.7279 243.0000
v 31.1119 46.5623 213.0000
v 10.0003 14.9665 243.0000
v 21.4303 51.7373 213.0000
v 6.8883 16.6298 243.0000
v 10.9251 54.9240 213.0000
v 3.5116 17.6541 243.0000
v 0.0000 56.0000 213.0000
v 0.0000 18.0000 243.0000
v -10.9251 54.9240 213.0000
v -3.5116 17.6541 243.0000
v -21.4303 51.7373 213.0000
v -6.8883 16.6298 243.0000
v -31.1119 46.5623 213.0000
v -10.0003 14.9665 243.0000
v -39.5980 39.5980 213.0000
v -12.7279 12.7279 243.0000
v -46.5623 31.1119 213.0000
v -14.9665 10.0003 243.0000
v -51.7373 21.4303 213.0000
v -16.6298 6.8883 243.0000
v -54.9240 10.9251 213.0000
v -17.6541 3.5116 243.0000
v -56.0000 0.0000 213.0000
v -18.0000 0.0000 243.0000
v -54.9240 -10.9251 213.0000
v -17.6541 -3.5116 243.0000
v -51.7373 -21.4303 213.0000
v -16.6298 -6.8883 243.0000
v -46.5623 -31.1119 213.0000
v -14.9665 -10.0003 243.0000
v -39.5980 -39.5980 213.0000
v -12.7279 -12.7279 243.0000
v -31.1119 -46.5623 213.0000
v -10.0003 -14.9665 243.0000
v -21.4303 -51.7373 213.0000
v -6.8883 -16.6298 243.0000
v -10.9251 -54.9240 213.0000
v -3.5116 -17.6541 243.0000
v -0.0000 -56.0000 213.0000
v -0.0000 -18.0000 243.0000
v 10.9251 -54.9240 213.0000
v 3.5116 -17.6541 243.0000
v 21.4303 -51.7373 213.0000
v 6.8883 -16.6298 243.0000
v 31.1119 -46.5623 213.0000
v 10.0003 -14.9665 243.0000
v 39.5980 -39.5980 213.0000
v 12.7279 -12.7279 243.0000
v 46.5623 -31.1119 213.0000
v 14.9665 -10.0003 243.0000
v 51.7373 -21.4303 213.0000
v 16.6298 -6.8883 243.0000
v 54.9240 -10.9251 213.0000
v 17.6541 -3.5116 243.0000
v 22.0000 0.0000 238.0000
v 12.0000 0.0000 266.0000
v 20.3253 8.4190 238.0000
v 11.0866 4.5922 266.0000
v 15.5563 15.5563 238.0000
v 8.4853 8.4853 266.0000
v 8.4190 20.3253 238.0000
v 4.5922 11.0866 266.0000
v 0.0000 22.0000 238.0000
v 0.0000 12.0000 266.0000
v -8.4190 20.3253 238.0000
v -4.5922 11.0866 266.0000
v -15.5563 15.5563 238.0000
v -8.4853 8.4853 266.0000
v -20.3253 8.4190 238.0000
v -11.0866 4.5922 266.0000
v -22.0000 0.0000 238.0000
v -12.0000 0.0000 266.0000
v -20.3253 -8.4190 238.0000
v -11.0866 -4.5922 266.0000
v -15.5563 -15.5563 238.0000
v -8.4853 -8.4853 266.0000
v -8.4190 -20.3253 238.0000
v -4.5922 -11.0866 266.0000
v -0.0000 -22.0000 238.0000
v -0.0000 -12.0000 266.0000
v 8.4190 -20.3253 238.0000
v 4.5922 -11.0866 266.0000
v 15.5563 -15.5563 238.0000
v 8.4853 -8.4853 266.0000
v 20.3253 -8.4190 238.0000
v 11.0866 -4.5922 266.0000
v 4.0000 0.0000 261.0000
v 4.0000 0.0000 303.0000
v 3.2361 2.3511 261.0000
v 3.2361 2.3511 303.0000
v 1.2361 3.8042 261.0000
v 1.2361 3.8042 303.0000
v -1.2361 3.8042 261.0000
v -1.2361 3.8042 303.0000
v -3.2361 2.3511 261.0000
v -3.2361 2.3511 303.0000
v -4.0000 0.0000 261.0000
v -4.0000 0.0000 303.0000
v -3.2361 -2.3511 261.0000
v -3.2361 -2.3511 303.0000
v -1.2361 -3.8042 261.0000
v -1.2361 -3.8042 303.0000
v 1.2361 -3.8042 261.0000
v 1.2361 -3.8042 303.0000
v 3.2361 -2.3511 261.0000
v 3.2361 -2.3511 303.0000
vt 0.184000 -0.153000
vt 0.184000 -0.111000
vt 0.182426 -0.153000
vt 0.182426 -0.111000
vt 0.177730 -0.153000
vt 0.177730 -0.111000
vt 0.169994 -0.153000
vt 0.169994 -0.111000
vt 0.159349 -0.153000
vt 0.159349 -0.111000
vt 0.145977 -0.153000
vt 0.145977 -0.111000
vt 0.130108 -0.153000
vt 0.130108 -0.111000
vt 0.112012 -0.153000
vt 0.112012 -0.111000
vt 0.092000 -0.153000
vt 0.092000 -0.111000
vt 0.070414 -0.153000
vt 0.070414 -0.111000
vt 0.047623 -0.153000
vt 0.047623 -0.111000
vt 0.024017 -0.153000
vt 0.024017 -0.111000
vt 0.000000 -0.153000
vt 0.000000 -0.111000
vt -0.024017 -0.153000
vt -0.024017 -0.111000
vt -0.047623 -0.153000
vt -0.047623 -0.111000
vt -0.070414 -0.153000
vt -0.070414 -0.111000
vt -0.092000 -0.153000
vt -0.092000 -0.111000
vt -0.112012 -0.153000
vt -0.112012 -0.111000
vt -0.130108 -0.153000
vt -0.130108 -0.111000
vt -0.145977 -0.153000
vt -0.145977 -0.111000
vt -0.159349 -0.153000
vt -0.159349 -0.111000
vt -0.169994 -0.153000
vt -0.169994 -0.111000
vt -0.177730 -0.153000
vt -0.177730 -0.111000
vt -0.182426 -0.153000
vt -0.182426 -0.111000
vt -0.184000 -0.153000
vt -0.184000 -0.111000
vt -0.182426 -0.153000
vt -0.182426 -0.111000
vt -0.177730 -0.153000
vt -0.177730 -0.111000
vt -0.169994 -0.153000
vt -0.169994 -0.111000
vt -0.159349 -0.153000
vt -0.159349 -0.111000
vt -0.145977 -0.153000
vt -0.145977 -0.111000
vt -0.130108 -0.153000
vt -0.130108 -0.111000
vt -0.112012 -0.153000
vt -0.112012 -0.111000
vt -0.092000 -0.153000
vt -0.092000 -0.111000
vt -0.070414 -0.153000
vt -0.070414 -0.111000
vt -0.047623 -0.153000
vt -0.047623 -0.111000
vt -0.024017 -0.153000
vt -0.024017 -0.111000
vt -0.000000 -0.153000
vt -0.000000 -0.111000
vt 0.024017 -0.153000
vt 0.024017 -0.111000
vt 0.047623 -0.153000
vt 0.047623 -0.111000
vt 0.070414 -0.153000
vt 0.070414 -0.111000
vt 0.092000 -0.153000
vt 0.092000 -0.111000
vt 0.112012 -0.153000
vt 0.112012 -0.111000
vt 0.130108 -0.153000
vt 0.130108 -0.111000
vt 0.145977 -0.153000
vt 0.145977 -0.111000
vt 0.159349 -0.153000
vt 0.159349 -0.111000
vt 0.169994 -0.153000
vt 0.169994 -0.111000
vt 0.177730 -0.153000
vt 0.177730 -0.111000
vt 0.182426 -0.153000
vt 0.182426 -0.111000
vt 0.164000 -0.113000
vt 0.164000 -0.095000
vt 0.162597 -0.113000
vt 0.162597 -0.095000
vt 0.158412 -0.113000
vt 0.158412 -0.095000
vt 0.151516 -0.113000
vt 0.151516 -0.095000
vt 0.142028 -0.113000
vt 0.142028 -0.095000
vt 0.130110 -0.113000
vt 0.130110 -0.095000
vt 0.115966 -0.113000
vt 0.115966 -0.095000
vt 0.099837 -0.113000
vt 0.099837 -0.095000
vt 0.082000 -0.113000
vt 0.082000 -0.095000
vt 0.062760 -0.113000
vt 0.062760 -0.095000
vt 0.042446 -0.113000
vt 0.042446 -0.095000
vt 0.021406 -0.113000
vt 0.021406 -0.095000
vt 0.000000 -0.113000
vt 0.000000 -0.095000
vt -0.021406 -0.113000
vt -0.021406 -0.095000
vt -0.042446 -0.113000
vt -0.042446 -0.095000
vt -0.062760 -0.113000
vt -0.062760 -0.095000
vt -0.082000 -0.113000
vt -0.082000 -0.095000
vt -0.099837 -0.113000
vt -0.099837 -0.095000
vt -0.115966 -0.113000
vt -0.115966 -0.095000
vt -0.130110 -0.113000
vt -0.130110 -0.095000
vt -0.142028 -0.113000
vt -0.142028 -0.095000
vt -0.151516 -0.113000
vt -0.151516 -0.095000
vt -0.158412 -0.113000
vt -0.158412 -0.095000
vt -0.162597 -0.113000
vt -0.162597 -0.095000
vt -0.164000 -0.113000
vt -0.164000 -0.095000
vt -0.162597 -0.113000
vt -0.162597 -0.095000
vt -0.158412 -0.113000
vt -0.158412 -0.095000
vt -0.151516 -0.113000
vt -0.151516 -0.095000
vt -0.142028 -0.113000
vt -0.142028 -0.095000
vt -0.130110 -0.113000
vt -0.130110 -0.095000
vt -0.115966 -0.113000
vt -0.115966 -0.095000
vt -0.099837 -0.113000
vt -0.099837 -0.095000
vt -0.082000 -0.113000
vt -0.082000 -0.095000
vt -0.062760 -0.113000
vt -0.062760 -0.095000
vt -0.042446 -0.113000
vt -0.042446 -0.095000
vt -0.021406 -0.113000
vt -0.021406 -0.095000
vt -0.000000 -0.113000
vt -0.000000 -0.095000
vt 0.021406 -0.113000
vt 0.021406 -0.095000
vt 0.042446 -0.113000
vt 0.042446 -0.095000
vt 0.062760 -0.113000
vt 0.062760 -0.095000
vt 0.082000 -0.113000
vt 0.082000 -0.095000
vt 0.099837 -0.113000
vt 0.099837 -0.095000
vt 0.115966 -0.113000
vt 0.115966 -0.095000
vt 0.130110 -0.113000
vt 0.130110 -0.095000
vt 0.142028 -0.113000
vt 0.142028 -0.095000
vt 0.151516 -0.113000
vt 0.151516 -0.095000
vt 0.158412 -0.113000
vt 0.158412 -0.095000
vt 0.162597 -0.113000
vt 0.162597 -0.095000
vt 0.167000 0.088000
vt 0.187000 0.122000
vt 0.165571 0.088000
vt 0.185400 0.122000
vt 0.161310 0.088000
vt 0.180628 0.122000
vt 0.154288 0.088000
vt 0.172765 0.122000
vt 0.144626 0.088000
vt 0.161947 0.122000
vt 0.132490 0.088000
vt 0.148357 0.122000
vt 0.118087 0.088000
vt 0.132229 0.122000
vt 0.101663 0.088000
vt 0.113838 0.122000
vt 0.083500 0.088000
vt 0.093500 0.122000
vt 0.063908 0.088000
vt 0.071562 0.122000
vt 0.043223 0.088000
vt 0.048399 0.122000
vt 0.021798 0.088000
vt 0.024408 0.122000
vt 0.000000 0.088000
vt 0.000000 0.122000
vt -0.021798 0.088000
vt -0.024408 0.122000
vt -0.043223 0.088000
vt -0.048399 0.122000
vt -0.063908 0.088000
vt -0.071562 0.122000
vt -0.083500 0.088000
vt -0.093500 0.122000
vt -0.101663 0.088000
vt -0.113838 0.122000
vt -0.118087 0.088000
vt -0.132229 0.122000
vt -0.132490 0.088000
vt -0.148357 0.122000
vt -0.144626 0.088000
vt -0.161947 0.122000
vt -0.154288 0.088000
vt -0.172765 0.122000
vt -0.161310 0.088000
vt -0.180628 0.122000
vt -0.165571 0.088000
vt -0.185400 0.122000
vt -0.167000 0.088000
vt -0.187000 0.122000
vt -0.165571 0.088000
vt -0.185400 0.122000
vt -0.161310 0.088000
vt -0.180628 0.122000
vt -0.154288 0.088000
vt -0.172765 0.122000
vt -0.144626 0.088000
vt -0.161947 0.122000
vt -0.132490 0.088000
vt -0.148357 0.122000
vt -0.118087 0.088000
vt -0.132229 0.122000
vt -0.101663 0.088000
vt -0.113838 0.122000
vt -0.083500 0.088000
vt -0.093500 0.122000
vt -0.063908 0.088000
vt -0.071562 0.122000
vt -0.043223 0.088000
vt -0.048399 0.122000
vt -0.021798 0.088000
vt -0.024408 0.122000
vt -0.000000 0.088000
vt -0.000000 0.122000
vt 0.021798 0.088000
vt 0.024408 0.122000
vt 0.043223 0.088000
vt 0.048399 0.122000
vt 0.063908 0.088000
vt 0.071562 0.122000
vt 0.083500 0.088000
vt 0.093500 0.122000
vt 0.101663 0.088000
vt 0.113838 0.122000
vt 0.118087 0.088000
vt 0.132229 0.122000
vt 0.132490 0.088000
vt 0.148357 0.122000
vt 0.144626 0.088000
vt 0.161947 0.122000
vt 0.154288 0.088000
vt 0.172765 0.122000
vt 0.161310 0.088000
vt 0.180628 0.122000
vt 0.165571 0.088000
vt 0.185400 0.122000
vt 0.177000 -0.082000
vt 0.174364 -0.075636
vt 0.168000 -0.073000
vt 0.161636 -0.075636
vt 0.159000 -0.082000
vt 0.161636 -0.088364
vt 0.168000 -0.091000
vt 0.174364 -0.088364
vt 0.176148 -0.082000
vt 0.173524 -0.075636
vt 0.167191 -0.073000
vt 0.160858 -0.075636
vt 0.158234 -0.082000
vt 0.160858 -0.088364
vt 0.167191 -0.091000
vt 0.173524 -0.088364
vt 0.173599 -0.082000
vt 0.171014 -0.075636
vt 0.164772 -0.073000
vt 0.158530 -0.075636
vt 0.155945 -0.082000
vt 0.158530 -0.088364
vt 0.164772 -0.091000
vt 0.171014 -0.088364
vt 0.169378 -0.082000
vt 0.166856 -0.075636
vt 0.160766 -0.073000
vt 0.154676 -0.075636
vt 0.152154 -0.082000
vt 0.154676 -0.088364
vt 0.160766 -0.091000
vt 0.166856 -0.088364
vt 0.163527 -0.082000
vt 0.161091 -0.075636
vt 0.155212 -0.073000
vt 0.149332 -0.075636
vt 0.146897 -0.082000
vt 0.149332 -0.088364
vt 0.155212 -0.091000
vt 0.161091 -0.088364
vt 0.156100 -0.082000
vt 0.153775 -0.075636
vt 0.148163 -0.073000
vt 0.142550 -0.075636
vt 0.140225 -0.082000
vt 0.142550 -0.088364
vt 0.148163 -0.091000
vt 0.153775 -0.088364
vt 0.147170 -0.082000
vt 0.144978 -0.075636
vt 0.139687 -0.073000
vt 0.134395 -0.075636
vt 0.132204 -0.082000
vt 0.134395 -0.088364
vt 0.139687 -0.091000
vt 0.144978 -0.088364
vt 0.136823 -0.082000
vt 0.134785 -0.075636
vt 0.129866 -0.073000
vt 0.124946 -0.075636
vt 0.122909 -0.082000
vt 0.124946 -0.088364
vt 0.129866 -0.091000
vt 0.134785 -0.088364
vt 0.125158 -0.082000
vt 0.123294 -0.075636
vt 0.118794 -0.073000
vt 0.114294 -0.075636
vt 0.112430 -0.082000
vt 0.114294 -0.088364
vt 0.118794 -0.091000
vt 0.123294 -0.088364
vt 0.112288 -0.082000
vt 0.110615 -0.075636
vt 0.106578 -0.073000
vt 0.102541 -0.075636
vt 0.100869 -0.082000
vt 0.102541 -0.088364
vt 0.106578 -0.091000
vt 0.110615 -0.088364
vt 0.098336 -0.082000
vt 0.096871 -0.075636
vt 0.093336 -0.073000
vt 0.089800 -0.075636
vt 0.088336 -0.082000
vt 0.089800 -0.088364
vt 0.093336 -0.091000
vt 0.096871 -0.088364
vt 0.083437 -0.082000
vt 0.082195 -0.075636
vt 0.079195 -0.073000
vt 0.076195 -0.075636
vt 0.074952 -0.082000
vt 0.076195 -0.088364
vt 0.079195 -0.091000
vt 0.082195 -0.088364
vt 0.067735 -0.082000
vt 0.066726 -0.075636
vt 0.064291 -0.073000
vt 0.061855 -0.075636
vt 0.060847 -0.082000
vt 0.061855 -0.088364
vt 0.064291 -0.091000
vt 0.066726 -0.088364
vt 0.051380 -0.082000
vt 0.050615 -0.075636
vt 0.048768 -0.073000
vt 0.046920 -0.075636
vt 0.046155 -0.082000
vt 0.046920 -0.088364
vt 0.048768 -0.091000
vt 0.050615 -0.088364
vt 0.034531 -0.082000
vt 0.034017 -0.075636
vt 0.032775 -0.073000
vt 0.031534 -0.075636
vt 0.031019 -0.082000
vt 0.031534 -0.088364
vt 0.032775 -0.091000
vt 0.034017 -0.088364
vt 0.017349 -0.082000
vt 0.017091 -0.075636
vt 0.016467 -0.073000
vt 0.015843 -0.075636
vt 0.015585 -0.082000
vt 0.015843 -0.088364
vt 0.016467 -0.091000
vt 0.017091 -0.088364
vt 0.000000 -0.082000
vt 0.000000 -0.075636
vt 0.000000 -0.073000
vt 0.000000 -0.075636
vt 0.000000 -0.082000
vt 0.000000 -0.088364
vt 0.000000 -0.091000
vt 0.000000 -0.088364
vt -0.017349 -0.082000
vt -0.017091 -0.075636
vt -0.016467 -0.073000
vt -0.015843 -0.075636
vt -0.015585 -0.082000
vt -0.015843 -0.088364
vt -0.016467 -0.091000
vt -0.017091 -0.088364
vt -0.034531 -0.082000
vt -0.034017 -0.075636
vt -0.032775 -0.073000
vt -0.031534 -0.075636
vt -0.031019 -0.082000
vt -0.031534 -0.088364
vt -0.032775 -0.091000
vt -0.034017 -0.088364
vt -0.051380 -0.082000
vt -0.050615 -0.075636
vt -0.048768 -0.073000
vt -0.046920 -0.075636
vt -0.046155 -0.082000
vt -0.046920 -0.088364
vt -0.048768 -0.091000
vt -0.050615 -0.088364
vt -0.067735 -0.082000
vt -0.066726 -0.075636
vt -0.064291 -0.073000
vt -0.061855 -0.075636
vt -0.060847 -0.082000
vt -0.061855 -0.088364
vt -0.064291 -0.091000
vt -0.066726 -0.088364
vt -0.083437 -0.082000
vt -0.082195 -0.075636
vt -0.079195 -0.073000
vt -0.076195 -0.075636
vt -0.074952 -0.082000
vt -0.076195 -0.088364
vt -0.079195 -0.091000
vt -0.082195 -0.088364
vt -0.098336 -0.082000
vt -0.096871 -0.075636
vt -0.093336 -0.073000
vt -0.089800 -0.075636
vt -0.088336 -0.082000
vt -0.089800 -0.088364
vt -0.093336 -0.091000
vt -0.096871 -0.088364
vt -0.112288 -0.082000
vt -0.110615 -0.075636
vt -0.106578 -0.073000
vt -0.102541 -0.075636
vt -0.100869 -0.082000
vt -0.102541 -0.088364
vt -0.106578 -0.091000
vt -0.110615 -0.088364
vt -0.125158 -0.082000
vt -0.123294 -0.075636
vt -0.118794 -0.073000
vt -0.114294 -0.075636
vt -0.112430 -0.082000
vt -0.114294 -0.088364
vt -0.118794 -0.091000
vt -0.123294 -0.088364
vt -0.136823 -0.082000
vt -0.134785 -0.075636
vt -0.129866 -0.073000
vt -0.124946 -0.075636
vt -0.122909 -0.082000
vt -0.124946 -0.088364
vt -0.129866 -0.091000
vt -0.134785 -0.088364
vt -0.147170 -0.082000
vt -0.144978 -0.075636
vt -0.139687 -0.073000
vt -0.134395 -0.075636
vt -0.132204 -0.082000
vt -0.134395 -0.088364
vt -0.139687 -0.091000
vt -0.144978 -0.088364
vt -0.156100 -0.082000
vt -0.153775 -0.075636
vt -0.148163 -0.073000
vt -0.142550 -0.075636
vt -0.140225 -0.082000
vt -0.142550 -0.088364
vt -0.148163 -0.091000
vt -0.153775 -0.088364
vt -0.163527 -0.082000
vt -0.161091 -0.075636
vt -0.155212 -0.073000
vt -0.149332 -0.075636
vt -0.146897 -0.082000
vt -0.149332 -0.088364
vt -0.155212 -0.091000
vt -0.161091 -0.088364
vt -0.169378 -0.082000
vt -0.166856 -0.075636
vt -0.160766 -0.073000
vt -0.154676 -0.075636
vt -0.152154 -0.082000
vt -0.154676 -0.088364
vt -0.160766 -0.091000
vt -0.166856 -0.088364
vt -0.173599 -0.082000
vt -0.171014 -0.075636
vt -0.164772 -0.073000
vt -0.158530 -0.075636
vt -0.155945 -0.082000
vt -0.158530 -0.088364
vt -0.164772 -0.091000
vt -0.171014 -0.088364
vt -0.176148 -0.082000
vt -0.173524 -0.075636
vt -0.167191 -0.073000
vt -0.160858 -0.075636
vt -0.158234 -0.082000
vt -0.160858 -0.088364
vt -0.167191 -0.091000
vt -0.173524 -0.088364
vt -0.177000 -0.082000
vt -0.174364 -0.075636
vt -0.168000 -0.073000
vt -0.161636 -0.075636
vt -0.159000 -0.082000
vt -0.161636 -0.088364
vt -0.168000 -0.091000
vt -0.174364 -0.088364
vt -0.176148 -0.082000
vt -0.173524 -0.075636
vt -0.167191 -0.073000
vt -0.160858 -0.075636
vt -0.158234 -0.082000
vt -0.160858 -0.088364
vt -0.167191 -0.091000
vt -0.173524 -0.088364
vt -0.173599 -0.082000
vt -0.171014 -0.075636
vt -0.164772 -0.073000
vt -0.158530 -0.075636
vt -0.155945 -0.082000
vt -0.158530 -0.088364
vt -0.164772 -0.091000
vt -0.171014 -0.088364
vt -0.169378 -0.082000
vt -0.166856 -0.075636
vt -0.160766 -0.073000
vt -0.154676 -0.075636
vt -0.152154 -0.082000
vt -0.154676 -0.088364
vt -0.160766 -0.091000
vt -0.166856 -0.088364
vt -0.163527 -0.082000
vt -0.161091 -0.075636
vt -0.155212 -0.073000
vt -0.149332 -0.075636
vt -0.146897 -0.082000
vt -0.149332 -0.088364
vt -0.155212 -0.091000
vt -0.161091 -0.088364
vt -0.156100 -0.082000
vt -0.153775 -0.075636
vt -0.148163 -0.073000
vt -0.142550 -0.075636
vt -0.140225 -0.082000
vt -0.142550 -0.088364
vt -0.148163 -0.091000
vt -0.153775 -0.088364
vt -0.147170 -0.082000
vt -0.144978 -0.075636
vt -0.139687 -0.073000
vt -0.134395 -0.075636
vt -0.132204 -0.082000
vt -0.134395 -0.088364
vt -0.139687 -0.091000
vt -0.144978 -0.088364
vt -0.136823 -0.082000
vt -0.134785 -0.075636
vt -0.129866 -0.073000
vt -0.124946 -0.075636
vt -0.122909 -0.082000
vt -0.124946 -0.088364
vt -0.129866 -0.091000
vt -0.134785 -0.088364
vt -0.125158 -0.082000
vt -0.123294 -0.075636
vt -0.118794 -0.073000
vt -0.114294 -0.075636
vt -0.112430 -0.082000
vt -0.114294 -0.088364
vt -0.118794 -0.091000
vt -0.123294 -0.088364
vt -0.112288 -0.082000
vt -0.110615 -0.075636
vt -0.106578 -0.073000
vt -0.102541 -0.075636
vt -0.100869 -0.082000
vt -0.102541 -0.088364
vt -0.106578 -0.091000
vt -0.110615 -0.088364
vt -0.098336 -0.082000
vt -0.096871 -0.075636
vt -0.093336 -0.073000
vt -0.089800 -0.075636
vt -0.088336 -0.082000
vt -0.089800 -0.088364
vt -0.093336 -0.091000
vt -0.096871 -0.088364
vt -0.083437 -0.082000
vt -0.082195 -0.075636
vt -0.079195 -0.073000
vt -0.076195 -0.075636
vt -0.074952 -0.082000
vt -0.076195 -0.088364
vt -0.079195 -0.091000
vt -0.082195 -0.088364
vt -0.067735 -0.082000
vt -0.066726 -0.075636
vt -0.064291 -0.073000
vt -0.061855 -0.075636
vt -0.060847 -0.082000
vt -0.061855 -0.088364
vt -0.064291 -0.091000
vt -0.066726 -0.088364
vt -0.051380 -0.082000
vt -0.050615 -0.075636
vt -0.048768 -0.073000
vt -0.046920 -0.075636
vt -0.046155 -0.082000
vt -0.046920 -0.088364
vt -0.048768 -0.091000
vt -0.050615 -0.088364
vt -0.034531 -0.082000
vt -0.034017 -0.075636
vt -0.032775 -0.073000
vt -0.031534 -0.075636
vt -0.031019 -0.082000
vt -0.031534 -0.088364
vt -0.032775 -0.091000
vt -0.034017 -0.088364
vt -0.017349 -0.082000
vt -0.017091 -0.075636
vt -0.016467 -0.073000
vt -0.015843 -0.075636
vt -0.015585 -0.082000
vt -0.015843 -0.088364
vt -0.016467 -0.091000
vt -0.017091 -0.088364
vt -0.000000 -0.082000
vt -0.000000 -0.075636
vt -0.000000 -0.073000
vt -0.000000 -0.075636
vt -0.000000 -0.082000
vt -0.000000 -0.088364
vt -0.000000 -0.091000
vt -0.000000 -0.088364
vt 0.017349 -0.082000
vt 0.017091 -0.075636
vt 0.016467 -0.073000
vt 0.015843 -0.075636
vt 0.015585 -0.082000
vt 0.015843 -0.088364
vt 0.016467 -0.091000
vt 0.017091 -0.088364
vt 0.034531 -0.082000
vt 0.034017 -0.075636
vt 0.032775 -0.073000
vt 0.031534 -0.075636
vt 0.031019 -0.082000
vt 0.031534 -0.088364
vt 0.032775 -0.091000
vt 0.034017 -0.088364
vt 0.051380 -0.082000
vt 0.050615 -0.075636
vt 0.048768 -0.073000
vt 0.046920 -0.075636
vt 0.046155 -0.082000
vt 0.046920 -0.088364
vt 0.048768 -0.091000
vt 0.050615 -0.088364
vt 0.067735 -0.082000
vt 0.066726 -0.075636
vt 0.064291 -0.073000
vt 0.061855 -0.075636
vt 0.060847 -0.082000
vt 0.061855 -0.088364
vt 0.064291 -0.091000
vt 0.066726 -0.088364
vt 0.083437 -0.082000
vt 0.082195 -0.075636
vt 0.079195 -0.073000
vt 0.076195 -0.075636
vt 0.074952 -0.082000
vt 0.076195 -0.088364
vt 0.079195 -0.091000
vt 0.082195 -0.088364
vt 0.098336 -0.082000
vt 0.096871 -0.075636
vt 0.093336 -0.073000
vt 0.089800 -0.075636
vt 0.088336 -0.082000
vt 0.089800 -0.088364
vt 0.093336 -0.091000
vt 0.096871 -0.088364
vt 0.112288 -0.082000
vt 0.110615 -0.075636
vt 0.106578 -0.073000
vt 0.102541 -0.075636
vt 0.100869 -0.082000
vt 0.102541 -0.088364
vt 0.106578 -0.091000
vt 0.110615 -0.088364
vt 0.125158 -0.082000
vt 0.123294 -0.075636
vt 0.118794 -0.073000
vt 0.114294 -0.075636
vt 0.112430 -0.082000
vt 0.114294 -0.088364
vt 0.118794 -0.091000
vt 0.123294 -0.088364
vt 0.136823 -0.082000
vt 0.134785 -0.075636
vt 0.129866 -0.073000
vt 0.124946 -0.075636
vt 0.122909 -0.082000
vt 0.124946 -0.088364
vt 0.129866 -0.091000
vt 0.134785 -0.088364
vt 0.147170 -0.082000
vt 0.144978 -0.075636
vt 0.139687 -0.073000
vt 0.134395 -0.075636
vt 0.132204 -0.082000
vt 0.134395 -0.088364
vt 0.139687 -0.091000
vt 0.144978 -0.088364
vt 0.156100 -0.082000
vt 0.153775 -0.075636
vt 0.148163 -0.073000
vt 0.142550 -0.075636
vt 0.140225 -0.082000
vt 0.142550 -0.088364
vt 0.148163 -0.091000
vt 0.153775 -0.088364
vt 0.163527 -0.082000
vt 0.161091 -0.075636
vt 0.155212 -0.073000
vt 0.149332 -0.075636
vt 0.146897 -0.082000
vt 0.149332 -0.088364
vt 0.155212 -0.091000
vt 0.161091 -0.088364
vt 0.169378 -0.082000
vt 0.166856 -0.075636
vt 0.160766 -0.073000
vt 0.154676 -0.075636
vt 0.152154 -0.082000
vt 0.154676 -0.088364
vt 0.160766 -0.091000
vt 0.166856 -0.088364
vt 0.173599 -0.082000
vt 0.171014 -0.075636
vt 0.164772 -0.073000
vt 0.158530 -0.075636
vt 0.155945 -0.082000
vt 0.158530 -0.088364
vt 0.164772 -0.091000
vt 0.171014 -0.088364
vt 0.176148 -0.082000
vt 0.173524 -0.075636
vt 0.167191 -0.073000
vt 0.160858 -0.075636
vt 0.158234 -0.082000
vt 0.160858 -0.088364
vt 0.167191 -0.091000
vt 0.173524 -0.088364
vt 0.186000 0.091000
vt 0.183950 0.095950
vt 0.179000 0.098000
vt 0.174050 0.095950
vt 0.172000 0.091000
vt 0.174050 0.086050
vt 0.179000 0.084000
vt 0.183950 0.086050
vt 0.185104 0.091000
vt 0.183064 0.095950
vt 0.178138 0.098000
vt 0.173212 0.095950
vt 0.171172 0.091000
vt 0.173212 0.086050
vt 0.178138 0.084000
vt 0.183064 0.086050
vt 0.182426 0.091000
vt 0.180415 0.095950
vt 0.175561 0.098000
vt 0.170706 0.095950
vt 0.168695 0.091000
vt 0.170706 0.086050
vt 0.175561 0.084000
vt 0.180415 0.086050
vt 0.177991 0.091000
vt 0.176029 0.095950
vt 0.171292 0.098000
vt 0.166556 0.095950
vt 0.164594 0.091000
vt 0.166556 0.086050
vt 0.171292 0.084000
vt 0.176029 0.086050
vt 0.171842 0.091000
vt 0.169947 0.095950
vt 0.165374 0.098000
vt 0.160801 0.095950
vt 0.158907 0.091000
vt 0.160801 0.086050
vt 0.165374 0.084000
vt 0.169947 0.086050
vt 0.164037 0.091000
vt 0.162229 0.095950
vt 0.157864 0.098000
vt 0.153499 0.095950
vt 0.151690 0.091000
vt 0.153499 0.086050
vt 0.157864 0.084000
vt 0.162229 0.086050
vt 0.154653 0.091000
vt 0.152949 0.095950
vt 0.148833 0.098000
vt 0.144717 0.095950
vt 0.143013 0.091000
vt 0.144717 0.086050
vt 0.148833 0.084000
vt 0.152949 0.086050
vt 0.143780 0.091000
vt 0.142195 0.095950
vt 0.138369 0.098000
vt 0.134543 0.095950
vt 0.132958 0.091000
vt 0.134543 0.086050
vt 0.138369 0.084000
vt 0.142195 0.086050
vt 0.131522 0.091000
vt 0.130072 0.095950
vt 0.126572 0.098000
vt 0.123072 0.095950
vt 0.121622 0.091000
vt 0.123072 0.086050
vt 0.126572 0.084000
vt 0.130072 0.086050
vt 0.117997 0.091000
vt 0.116696 0.095950
vt 0.113556 0.098000
vt 0.110416 0.095950
vt 0.109116 0.091000
vt 0.110416 0.086050
vt 0.113556 0.084000
vt 0.116696 0.086050
vt 0.103336 0.091000
vt 0.102197 0.095950
vt 0.099447 0.098000
vt 0.096697 0.095950
vt 0.095558 0.091000
vt 0.096697 0.086050
vt 0.099447 0.084000
vt 0.102197 0.086050
vt 0.087680 0.091000
vt 0.086713 0.095950
vt 0.084380 0.098000
vt 0.082047 0.095950
vt 0.081080 0.091000
vt 0.082047 0.086050
vt 0.084380 0.084000
vt 0.086713 0.086050
vt 0.071179 0.091000
vt 0.070395 0.095950
vt 0.068500 0.098000
vt 0.066606 0.095950
vt 0.065822 0.091000
vt 0.066606 0.086050
vt 0.068500 0.084000
vt 0.070395 0.086050
vt 0.053993 0.091000
vt 0.053398 0.095950
vt 0.051961 0.098000
vt 0.050524 0.095950
vt 0.049929 0.091000
vt 0.050524 0.086050
vt 0.051961 0.084000
vt 0.053398 0.086050
vt 0.036287 0.091000
vt 0.035887 0.095950
vt 0.034921 0.098000
vt 0.033956 0.095950
vt 0.033556 0.091000
vt 0.033956 0.086050
vt 0.034921 0.084000
vt 0.035887 0.086050
vt 0.018231 0.091000
vt 0.018030 0.095950
vt 0.017545 0.098000
vt 0.017060 0.095950
vt 0.016859 0.091000
vt 0.017060 0.086050
vt 0.017545 0.084000
vt 0.018030 0.086050
vt 0.000000 0.091000
vt 0.000000 0.095950
vt 0.000000 0.098000
vt 0.000000 0.095950
vt 0.000000 0.091000
vt 0.000000 0.086050
vt 0.000000 0.084000
vt 0.000000 0.086050
vt -0.018231 0.091000
vt -0.018030 0.095950
vt -0.017545 0.098000
vt -0.017060 0.095950
vt -0.016859 0.091000
vt -0.017060 0.086050
vt -0.017545 0.084000
vt -0.018030 0.086050
vt -0.036287 0.091000
vt -0.035887 0.095950
vt -0.034921 0.098000
vt -0.033956 0.095950
vt -0.033556 0.091000
vt -0.033956 0.086050
vt -0.034921 0.084000
vt -0.035887 0.086050
vt -0.053993 0.091000
vt -0.053398 0.095950
vt -0.051961 0.098000
vt -0.050524 0.095950
vt -0.049929 0.091000
vt -0.050524 0.086050
vt -0.051961 0.084000
vt -0.053398 0.086050
vt -0.071179 0.091000
vt -0.070395 0.095950
vt -0.068500 0.098000
vt -0.066606 0.095950
vt -0.065822 0.091000
vt -0.066606 0.086050
vt -0.068500 0.084000
vt -0.070395 0.086050
vt -0.087680 0.091000
vt -0.086713 0.095950
vt -0.084380 0.098000
vt -0.082047 0.095950
vt -0.081080 0.091000
vt -0.082047 0.086050
vt -0.084380 0.084000
vt -0.086713 0.086050
vt -0.103336 0.091000
vt -0.102197 0.095950
vt -0.099447 0.098000
vt -0.096697 0.095950
vt -0.095558 0.091000
vt -0.096697 0.086050
vt -0.099447 0.084000
vt -0.102197 0.086050
vt -0.117997 0.091000
vt -0.116696 0.095950
vt -0.113556 0.098000
vt -0.110416 0.095950
vt -0.109116 0.091000
vt -0.110416 0.086050
vt -0.113556 0.084000
vt -0.116696 0.086050
vt -0.131522 0.091000
vt -0.130072 0.095950
vt -0.126572 0.098000
vt -0.123072 0.095950
vt -0.121622 0.091000
vt -0.123072 0.086050
vt -0.126572 0.084000
vt -0.130072 0.086050
vt -0.143780 0.091000
vt -0.142195 0.095950
vt -0.138369 0.098000
vt -0.134543 0.095950
vt -0.132958 0.091000
vt -0.134543 0.086050
vt -0.138369 0.084000
vt -0.142195 0.086050
vt -0.154653 0.091000
vt -0.152949 0.095950
vt -0.148833 0.098000
vt -0.144717 0.095950
vt -0.143013 0.091000
vt -0.144717 0.086050
vt -0.148833 0.084000
vt -0.152949 0.086050
vt -0.164037 0.091000
vt -0.162229 0.095950
vt -0.157864 0.098000
vt -0.153499 0.095950
vt -0.151690 0.091000
vt -0.153499 0.086050
vt -0.157864 0.084000
vt -0.162229 0.086050
vt -0.171842 0.091000
vt -0.169947 0.095950
vt -0.165374 0.098000
vt -0.160801 0.095950
vt -0.158907 0.091000
vt -0.160801 0.086050
vt -0.165374 0.084000
vt -0.169947 0.086050
vt -0.177991 0.091000
vt -0.176029 0.095950
vt -0.171292 0.098000
vt -0.166556 0.095950
vt -0.164594 0.091000
vt -0.166556 0.086050
vt -0.171292 0.084000
vt -0.176029 0.086050
vt -0.182426 0.091000
vt -0.180415 0.095950
vt -0.175561 0.098000
vt -0.170706 0.095950
vt -0.168695 0.091000
vt -0.170706 0.086050
vt -0.175561 0.084000
vt -0.180415 0.086050
vt -0.185104 0.091000
vt -0.183064 0.095950
vt -0.178138 0.098000
vt -0.173212 0.095950
vt -0.171172 0.091000
vt -0.173212 0.086050
vt -0.178138 0.084000
vt -0.183064 0.086050
vt -0.186000 0.091000
vt -0.183950 0.095950
vt -0.179000 0.098000
vt -0.174050 0.095950
vt -0.172000 0.091000
vt -0.174050 0.086050
vt -0.179000 0.084000
vt -0.183950 0.086050
vt -0.185104 0.091000
vt -0.183064 0.095950
vt -0.178138 0.098000
vt -0.173212 0.095950
vt -0.171172 0.091000
vt -0.173212 0.086050
vt -0.178138 0.084000
vt -0.183064 0.086050
vt -0.182426 0.091000
vt -0.180415 0.095950
vt -0.175561 0.098000
vt -0.170706 0.095950
vt -0.168695 0.091000
vt -0.170706 0.086050
vt -0.175561 0.084000
vt -0.180415 0.086050
vt -0.177991 0.091000
vt -0.176029 0.095950
vt -0.171292 0.098000
vt -0.166556 0.095950
vt -0.164594 0.091000
vt -0.166556 0.086050
vt -0.171292 0.084000
vt -0.176029 0.086050
vt -0.171842 0.091000
vt -0.169947 0.095950
vt -0.165374 0.098000
vt -0.160801 0.095950
vt -0.158907 0.091000
vt -0.160801 0.086050
vt -0.165374 0.084000
vt -0.169947 0.086050
vt -0.164037 0.091000
vt -0.162229 0.095950
vt -0.157864 0.098000
vt -0.153499 0.095950
vt -0.151690 0.091000
vt -0.153499 0.086050
vt -0.157864 0.084000
vt -0.162229 0.086050
vt -0.154653 0.091000
vt -0.152949 0.095950
vt -0.148833 0.098000
vt -0.144717 0.095950
vt -0.143013 0.091000
vt -0.144717 0.086050
vt -0.148833 0.084000
vt -0.152949 0.086050
vt -0.143780 0.091000
vt -0.142195 0.095950
vt -0.138369 0.098000
vt -0.134543 0.095950
vt -0.132958 0.091000
vt -0.134543 0.086050
vt -0.138369 0.084000
vt -0.142195 0.086050
vt -0.131522 0.091000
vt -0.130072 0.095950
vt -0.126572 0.098000
vt -0.123072 0.095950
vt -0.121622 0.091000
vt -0.123072 0.086050
vt -0.126572 0.084000
vt -0.130072 0.086050
vt -0.117997 0.091000
vt -0.116696 0.095950
vt -0.113556 0.098000
vt -0.110416 0.095950
vt -0.109116 0.091000
vt -0.110416 0.086050
vt -0.113556 0.084000
vt -0.116696 0.086050
vt -0.103336 0.091000
vt -0.102197 0.095950
vt -0.099447 0.098000
vt -0.096697 0.095950
vt -0.095558 0.091000
vt -0.096697 0.086050
vt -0.099447 0.084000
vt -0.102197 0.086050
vt -0.087680 0.091000
vt -0.086713 0.095950
vt -0.084380 0.098000
vt -0.082047 0.095950
vt -0.081080 0.091000
vt -0.082047 0.086050
vt -0.084380 0.084000
vt -0.086713 0.086050
vt -0.071179 0.091000
vt -0.070395 0.095950
vt -0.068500 0.098000
vt -0.066606 0.095950
vt -0.065822 0.091000
vt -0.066606 0.086050
vt -0.068500 0.084000
vt -0.070395 0.086050
vt -0.053993 0.091000
vt -0.053398 0.095950
vt -0.051961 0.098000
vt -0.050524 0.095950
vt -0.049929 0.091000
vt -0.050524 0.086050
vt -0.051961 0.084000
vt -0.053398 0.086050
vt -0.036287 0.091000
vt -0.035887 0.095950
vt -0.034921 0.098000
vt -0.033956 0.095950
vt -0.033556 0.091000
vt -0.033956 0.086050
vt -0.034921 0.084000
vt -0.035887 0.086050
vt -0.018231 0.091000
vt -0.018030 0.095950
vt -0.017545 0.098000
vt -0.017060 0.095950
vt -0.016859 0.091000
vt -0.017060 0.086050
vt -0.017545 0.084000
vt -0.018030 0.086050
vt -0.000000 0.091000
vt -0.000000 0.095950
vt -0.000000 0.098000
vt -0.000000 0.095950
vt -0.000000 0.091000
vt -0.000000 0.086050
vt -0.000000 0.084000
vt -0.000000 0.086050
vt 0.018231 0.091000
vt 0.018030 0.095950
vt 0.017545 0.098000
vt 0.017060 0.095950
vt 0.016859 0.091000
vt 0.017060 0.086050
vt 0.017545 0.084000
vt 0.018030 0.086050
vt 0.036287 0.091000
vt 0.035887 0.095950
vt 0.034921 0.098000
vt 0.033956 0.095950
vt 0.033556 0.091000
vt 0.033956 0.086050
vt 0.034921 0.084000
vt 0.035887 0.086050
vt 0.053993 0.091000
vt 0.053398 0.095950
vt 0.051961 0.098000
vt 0.050524 0.095950
vt 0.049929 0.091000
vt 0.050524 0.086050
vt 0.051961 0.084000
vt 0.053398 0.086050
vt 0.071179 0.091000
vt 0.070395 0.095950
vt 0.068500 0.098000
vt 0.066606 0.095950
vt 0.065822 0.091000
vt 0.066606 0.086050
vt 0.068500 0.084000
vt 0.070395 0.086050
vt 0.087680 0.091000
vt 0.086713 0.095950
vt 0.084380 0.098000
vt 0.082047 0.095950
vt 0.081080 0.091000
vt 0.082047 0.086050
vt 0.084380 0.084000
vt 0.086713 0.086050
vt 0.103336 0.091000
vt 0.102197 0.095950
vt 0.099447 0.098000
vt 0.096697 0.095950
vt 0.095558 0.091000
vt 0.096697 0.086050
vt 0.099447 0.084000
vt 0.102197 0.086050
vt 0.117997 0.091000
vt 0.116696 0.095950
vt 0.113556 0.098000
vt 0.110416 0.095950
vt 0.109116 0.091000
vt 0.110416 0.086050
vt 0.113556 0.084000
vt 0.116696 0.086050
vt 0.131522 0.091000
vt 0.130072 0.095950
vt 0.126572 0.098000
vt 0.123072 0.095950
vt 0.121622 0.091000
vt 0.123072 0.086050
vt 0.126572 0.084000
vt 0.130072 0.086050
vt 0.143780 0.091000
vt 0.142195 0.095950
vt 0.138369 0.098000
vt 0.134543 0.095950
vt 0.132958 0.091000
vt 0.134543 0.086050
vt 0.138369 0.084000
vt 0.142195 0.086050
vt 0.154653 0.091000
vt 0.152949 0.095950
vt 0.148833 0.098000
vt 0.144717 0.095950
vt 0.143013 0.091000
vt 0.144717 0.086050
vt 0.148833 0.084000
vt 0.152949 0.086050
vt 0.164037 0.091000
vt 0.162229 0.095950
vt 0.157864 0.098000
vt 0.153499 0.095950
vt 0.151690 0.091000
vt 0.153499 0.086050
vt 0.157864 0.084000
vt 0.162229 0.086050
vt 0.171842 0.091000
vt 0.169947 0.095950
vt 0.165374 0.098000
vt 0.160801 0.095950
vt 0.158907 0.091000
vt 0.160801 0.086050
vt 0.165374 0.084000
vt 0.169947 0.086050
vt 0.177991 0.091000
vt 0.176029 0.095950
vt 0.171292 0.098000
vt 0.166556 0.095950
vt 0.164594 0.091000
vt 0.166556 0.086050
vt 0.171292 0.084000
vt 0.176029 0.086050
vt 0.182426 0.091000
vt 0.180415 0.095950
vt 0.175561 0.098000
vt 0.170706 0.095950
vt 0.168695 0.091000
vt 0.170706 0.086050
vt 0.175561 0.084000
vt 0.180415 0.086050
vt 0.185104 0.091000
vt 0.183064 0.095950
vt 0.178138 0.098000
vt 0.173212 0.095950
vt 0.171172 0.091000
vt 0.173212 0.086050
vt 0.178138 0.084000
vt 0.183064 0.086050
vt 0.040000 -0.040000
vt 0.040000 0.040000
vt -0.040000 0.040000
vt -0.040000 -0.040000
vt 0.040000 -0.040000
vt -0.040000 -0.040000
vt -0.040000 0.040000
vt 0.040000 0.040000
vt -0.040000 -0.445000
vt -0.040000 0.445000
vt 0.040000 0.445000
vt 0.040000 -0.445000
vt -0.040000 -0.040000
vt -0.040000 0.040000
vt -0.040000 0.040000
vt -0.040000 -0.040000
vt 0.040000 -0.040000
vt -0.040000 -0.040000
vt -0.040000 -0.040000
vt 0.040000 -0.040000
vt 0.040000 -0.445000
vt 0.040000 0.445000
vt 0.040000 0.445000
vt 0.040000 -0.445000
vt 0.062500 -0.052000
vt 0.060750 -0.048969
vt 0.057250 -0.048969
vt 0.055500 -0.052000
vt 0.057250 -0.055031
vt 0.060750 -0.055031
vt 0.061965 -0.052000
vt 0.060230 -0.048969
vt 0.056760 -0.048969
vt 0.055025 -0.052000
vt 0.056760 -0.055031
vt 0.060230 -0.055031
vt 0.060370 -0.052000
vt 0.058680 -0.048969
vt 0.055299 -0.048969
vt 0.053609 -0.052000
vt 0.055299 -0.055031
vt 0.058680 -0.055031
vt 0.057742 -0.052000
vt 0.056126 -0.048969
vt 0.052892 -0.048969
vt 0.051275 -0.052000
vt 0.052892 -0.055031
vt 0.056126 -0.055031
vt 0.054127 -0.052000
vt 0.052611 -0.048969
vt 0.049580 -0.048969
vt 0.048064 -0.052000
vt 0.049580 -0.055031
vt 0.052611 -0.055031
vt 0.049585 -0.052000
vt 0.048196 -0.048969
vt 0.045419 -0.048969
vt 0.044031 -0.052000
vt 0.045419 -0.055031
vt 0.048196 -0.055031
vt 0.044194 -0.052000
vt 0.042957 -0.048969
vt 0.040482 -0.048969
vt 0.039244 -0.052000
vt 0.040482 -0.055031
vt 0.042957 -0.055031
vt 0.038048 -0.052000
vt 0.036982 -0.048969
vt 0.034852 -0.048969
vt 0.033786 -0.052000
vt 0.034852 -0.055031
vt 0.036982 -0.055031
vt 0.031250 -0.052000
vt 0.030375 -0.048969
vt 0.028625 -0.048969
vt 0.027750 -0.052000
vt 0.028625 -0.055031
vt 0.030375 -0.055031
vt 0.023918 -0.052000
vt 0.023248 -0.048969
vt 0.021909 -0.048969
vt 0.021239 -0.052000
vt 0.021909 -0.055031
vt 0.023248 -0.055031
vt 0.016176 -0.052000
vt 0.015723 -0.048969
vt 0.014817 -0.048969
vt 0.014364 -0.052000
vt 0.014817 -0.055031
vt 0.015723 -0.055031
vt 0.008158 -0.052000
vt 0.007929 -0.048969
vt 0.007473 -0.048969
vt 0.007244 -0.052000
vt 0.007473 -0.055031
vt 0.007929 -0.055031
vt 0.000000 -0.052000
vt 0.000000 -0.048969
vt 0.000000 -0.048969
vt 0.000000 -0.052000
vt 0.000000 -0.055031
vt 0.000000 -0.055031
vt -0.008158 -0.052000
vt -0.007929 -0.048969
vt -0.007473 -0.048969
vt -0.007244 -0.052000
vt -0.007473 -0.055031
vt -0.007929 -0.055031
vt -0.016176 -0.052000
vt -0.015723 -0.048969
vt -0.014817 -0.048969
vt -0.014364 -0.052000
vt -0.014817 -0.055031
vt -0.015723 -0.055031
vt -0.023918 -0.052000
vt -0.023248 -0.048969
vt -0.021909 -0.048969
vt -0.021239 -0.052000
vt -0.021909 -0.055031
vt -0.023248 -0.055031
vt -0.031250 -0.052000
vt -0.030375 -0.048969
vt -0.028625 -0.048969
vt -0.027750 -0.052000
vt -0.028625 -0.055031
vt -0.030375 -0.055031
vt -0.038048 -0.052000
vt -0.036982 -0.048969
vt -0.034852 -0.048969
vt -0.033786 -0.052000
vt -0.034852 -0.055031
vt -0.036982 -0.055031
vt -0.044194 -0.052000
vt -0.042957 -0.048969
vt -0.040482 -0.048969
vt -0.039244 -0.052000
vt -0.040482 -0.055031
vt -0.042957 -0.055031
vt -0.049585 -0.052000
vt -0.048196 -0.048969
vt -0.045419 -0.048969
vt -0.044031 -0.052000
vt -0.045419 -0.055031
vt -0.048196 -0.055031
vt -0.054127 -0.052000
vt -0.052611 -0.048969
vt -0.049580 -0.048969
vt -0.048064 -0.052000
vt -0.049580 -0.055031
vt -0.052611 -0.055031
vt -0.057742 -0.052000
vt -0.056126 -0.048969
vt -0.052892 -0.048969
vt -0.051275 -0.052000
vt -0.052892 -0.055031
vt -0.056126 -0.055031
vt -0.060370 -0.052000
vt -0.058680 -0.048969
vt -0.055299 -0.048969
vt -0.053609 -0.052000
vt -0.055299 -0.055031
vt -0.058680 -0.055031
vt -0.061965 -0.052000
vt -0.060230 -0.048969
vt -0.056760 -0.048969
vt -0.055025 -0.052000
vt -0.056760 -0.055031
vt -0.060230 -0.055031
vt -0.062500 -0.052000
vt -0.060750 -0.048969
vt -0.057250 -0.048969
vt -0.055500 -0.052000
vt -0.057250 -0.055031
vt -0.060750 -0.055031
vt -0.061965 -0.052000
vt -0.060230 -0.048969
vt -0.056760 -0.048969
vt -0.055025 -0.052000
vt -0.056760 -0.055031
vt -0.060230 -0.055031
vt -0.060370 -0.052000
vt -0.058680 -0.048969
vt -0.055299 -0.048969
vt -0.053609 -0.052000
vt -0.055299 -0.055031
vt -0.058680 -0.055031
vt -0.057742 -0.052000
vt -0.056126 -0.048969
vt -0.052892 -0.048969
vt -0.051275 -0.052000
vt -0.052892 -0.055031
vt -0.056126 -0.055031
vt -0.054127 -0.052000
vt -0.052611 -0.048969
vt -0.049580 -0.048969
vt -0.048064 -0.052000
vt -0.049580 -0.055031
vt -0.052611 -0.055031
vt -0.049585 -0.052000
vt -0.048196 -0.048969
vt -0.045419 -0.048969
vt -0.044031 -0.052000
vt -0.045419 -0.055031
vt -0.048196 -0.055031
vt -0.044194 -0.052000
vt -0.042957 -0.048969
vt -0.040482 -0.048969
vt -0.039244 -0.052000
vt -0.040482 -0.055031
vt -0.042957 -0.055031
vt -0.038048 -0.052000
vt -0.036982 -0.048969
vt -0.034852 -0.048969
vt -0.033786 -0.052000
vt -0.034852 -0.055031
vt -0.036982 -0.055031
vt -0.031250 -0.052000
vt -0.030375 -0.048969
vt -0.028625 -0.048969
vt -0.027750 -0.052000
vt -0.028625 -0.055031
vt -0.030375 -0.055031
vt -0.023918 -0.052000
vt -0.023248 -0.048969
vt -0.021909 -0.048969
vt -0.021239 -0.052000
vt -0.021909 -0.055031
vt -0.023248 -0.055031
vt -0.016176 -0.052000
vt -0.015723 -0.048969
vt -0.014817 -0.048969
vt -0.014364 -0.052000
vt -0.014817 -0.055031
vt -0.015723 -0.055031
vt -0.008158 -0.052000
vt -0.007929 -0.048969
vt -0.007473 -0.048969
vt -0.007244 -0.052000
vt -0.007473 -0.055031
vt -0.007929 -0.055031
vt -0.000000 -0.052000
vt -0.000000 -0.048969
vt -0.000000 -0.048969
vt -0.000000 -0.052000
vt -0.000000 -0.055031
vt -0.000000 -0.055031
vt 0.008158 -0.052000
vt 0.007929 -0.048969
vt 0.007473 -0.048969
vt 0.007244 -0.052000
vt 0.007473 -0.055031
vt 0.007929 -0.055031
vt 0.016176 -0.052000
vt 0.015723 -0.048969
vt 0.014817 -0.048969
vt 0.014364 -0.052000
vt 0.014817 -0.055031
vt 0.015723 -0.055031
vt 0.023918 -0.052000
vt 0.023248 -0.048969
vt 0.021909 -0.048969
vt 0.021239 -0.052000
vt 0.021909 -0.055031
vt 0.023248 -0.055031
vt 0.031250 -0.052000
vt 0.030375 -0.048969
vt 0.028625 -0.048969
vt 0.027750 -0.052000
vt 0.028625 -0.055031
vt 0.030375 -0.055031
vt 0.038048 -0.052000
vt 0.036982 -0.048969
vt 0.034852 -0.048969
vt 0.033786 -0.052000
vt 0.034852 -0.055031
vt 0.036982 -0.055031
vt 0.044194 -0.052000
vt 0.042957 -0.048969
vt 0.040482 -0.048969
vt 0.039244 -0.052000
vt 0.040482 -0.055031
vt 0.042957 -0.055031
vt 0.049585 -0.052000
vt 0.048196 -0.048969
vt 0.045419 -0.048969
vt 0.044031 -0.052000
vt 0.045419 -0.055031
vt 0.048196 -0.055031
vt 0.054127 -0.052000
vt 0.052611 -0.048969
vt 0.049580 -0.048969
vt 0.048064 -0.052000
vt 0.049580 -0.055031
vt 0.052611 -0.055031
vt 0.057742 -0.052000
vt 0.056126 -0.048969
vt 0.052892 -0.048969
vt 0.051275 -0.052000
vt 0.052892 -0.055031
vt 0.056126 -0.055031
vt 0.060370 -0.052000
vt 0.058680 -0.048969
vt 0.055299 -0.048969
vt 0.053609 -0.052000
vt 0.055299 -0.055031
vt 0.058680 -0.055031
vt 0.061965 -0.052000
vt 0.060230 -0.048969
vt 0.056760 -0.048969
vt 0.055025 -0.052000
vt 0.056760 -0.055031
vt 0.060230 -0.055031
vt 0.056569 0.000000
vt 0.000000 0.056569
vt -0.056569 0.000000
vt 0.000000 -0.056569
vt 0.056569 0.000000
vt 0.000000 -0.056569
vt -0.056569 0.000000
vt 0.000000 0.056569
vt 0.000000 -0.445000
vt 0.000000 0.445000
vt 0.056569 0.445000
vt 0.056569 -0.445000
vt 0.000000 -0.056569
vt -0.056569 0.000000
vt -0.056569 0.000000
vt 0.000000 -0.056569
vt 0.056569 0.000000
vt 0.000000 -0.056569
vt 0.000000 -0.056569
vt 0.056569 0.000000
vt 0.056569 -0.445000
vt 0.056569 0.445000
vt 0.000000 0.445000
vt 0.000000 -0.445000
vt 0.063900 -0.037000
vt 0.062150 -0.033969
vt 0.058650 -0.033969
vt 0.056900 -0.037000
vt 0.058650 -0.040031
vt 0.062150 -0.040031
vt 0.063353 -0.037000
vt 0.061618 -0.033969
vt 0.058148 -0.033969
vt 0.056413 -0.037000
vt 0.058148 -0.040031
vt 0.061618 -0.040031
vt 0.061723 -0.037000
vt 0.060032 -0.033969
vt 0.056652 -0.033969
vt 0.054961 -0.037000
vt 0.056652 -0.040031
vt 0.060032 -0.040031
vt 0.059036 -0.037000
vt 0.057419 -0.033969
vt 0.054186 -0.033969
vt 0.052569 -0.037000
vt 0.054186 -0.040031
vt 0.057419 -0.040031
vt 0.055339 -0.037000
vt 0.053823 -0.033969
vt 0.050792 -0.033969
vt 0.049277 -0.037000
vt 0.050792 -0.040031
vt 0.053823 -0.040031
vt 0.050695 -0.037000
vt 0.049307 -0.033969
vt 0.046530 -0.033969
vt 0.045142 -0.037000
vt 0.046530 -0.040031
vt 0.049307 -0.040031
vt 0.045184 -0.037000
vt 0.043947 -0.033969
vt 0.041472 -0.033969
vt 0.040234 -0.037000
vt 0.041472 -0.040031
vt 0.043947 -0.040031
vt 0.038900 -0.037000
vt 0.037835 -0.033969
vt 0.035704 -0.033969
vt 0.034639 -0.037000
vt 0.035704 -0.040031
vt 0.037835 -0.040031
vt 0.031950 -0.037000
vt 0.031075 -0.033969
vt 0.029325 -0.033969
vt 0.028450 -0.037000
vt 0.029325 -0.040031
vt 0.031075 -0.040031
vt 0.024453 -0.037000
vt 0.023784 -0.033969
vt 0.022444 -0.033969
vt 0.021775 -0.037000
vt 0.022444 -0.040031
vt 0.023784 -0.040031
vt 0.016539 -0.037000
vt 0.016086 -0.033969
vt 0.015180 -0.033969
vt 0.014727 -0.037000
vt 0.015180 -0.040031
vt 0.016086 -0.040031
vt 0.008341 -0.037000
vt 0.008112 -0.033969
vt 0.007655 -0.033969
vt 0.007427 -0.037000
vt 0.007655 -0.040031
vt 0.008112 -0.040031
vt 0.000000 -0.037000
vt 0.000000 -0.033969
vt 0.000000 -0.033969
vt 0.000000 -0.037000
vt 0.000000 -0.040031
vt 0.000000 -0.040031
vt -0.008341 -0.037000
vt -0.008112 -0.033969
vt -0.007655 -0.033969
vt -0.007427 -0.037000
vt -0.007655 -0.040031
vt -0.008112 -0.040031
vt -0.016539 -0.037000
vt -0.016086 -0.033969
vt -0.015180 -0.033969
vt -0.014727 -0.037000
vt -0.015180 -0.040031
vt -0.016086 -0.040031
vt -0.024453 -0.037000
vt -0.023784 -0.033969
vt -0.022444 -0.033969
vt -0.021775 -0.037000
vt -0.022444 -0.040031
vt -0.023784 -0.040031
vt -0.031950 -0.037000
vt -0.031075 -0.033969
vt -0.029325 -0.033969
vt -0.028450 -0.037000
vt -0.029325 -0.040031
vt -0.031075 -0.040031
vt -0.038900 -0.037000
vt -0.037835 -0.033969
vt -0.035704 -0.033969
vt -0.034639 -0.037000
vt -0.035704 -0.040031
vt -0.037835 -0.040031
vt -0.045184 -0.037000
vt -0.043947 -0.033969
vt -0.041472 -0.033969
vt -0.040234 -0.037000
vt -0.041472 -0.040031
vt -0.043947 -0.040031
vt -0.050695 -0.037000
vt -0.049307 -0.033969
vt -0.046530 -0.033969
vt -0.045142 -0.037000
vt -0.046530 -0.040031
vt -0.049307 -0.040031
vt -0.055339 -0.037000
vt -0.053823 -0.033969
vt -0.050792 -0.033969
vt -0.049277 -0.037000
vt -0.050792 -0.040031
vt -0.053823 -0.040031
vt -0.059036 -0.037000
vt -0.057419 -0.033969
vt -0.054186 -0.033969
vt -0.052569 -0.037000
vt -0.054186 -0.040031
vt -0.057419 -0.040031
vt -0.061723 -0.037000
vt -0.060032 -0.033969
vt -0.056652 -0.033969
vt -0.054961 -0.037000
vt -0.056652 -0.040031
vt -0.060032 -0.040031
vt -0.063353 -0.037000
vt -0.061618 -0.033969
vt -0.058148 -0.033969
vt -0.056413 -0.037000
vt -0.058148 -0.040031
vt -0.061618 -0.040031
vt -0.063900 -0.037000
vt -0.062150 -0.033969
vt -0.058650 -0.033969
vt -0.056900 -0.037000
vt -0.058650 -0.040031
vt -0.062150 -0.040031
vt -0.063353 -0.037000
vt -0.061618 -0.033969
vt -0.058148 -0.033969
vt -0.056413 -0.037000
vt -0.058148 -0.040031
vt -0.061618 -0.040031
vt -0.061723 -0.037000
vt -0.060032 -0.033969
vt -0.056652 -0.033969
vt -0.054961 -0.037000
vt -0.056652 -0.040031
vt -0.060032 -0.040031
vt -0.059036 -0.037000
vt -0.057419 -0.033969
vt -0.054186 -0.033969
vt -0.052569 -0.037000
vt -0.054186 -0.040031
vt -0.057419 -0.040031
vt -0.055339 -0.037000
vt -0.053823 -0.033969
vt -0.050792 -0.033969
vt -0.049277 -0.037000
vt -0.050792 -0.040031
vt -0.053823 -0.040031
vt -0.050695 -0.037000
vt -0.049307 -0.033969
vt -0.046530 -0.033969
vt -0.045142 -0.037000
vt -0.046530 -0.040031
vt -0.049307 -0.040031
vt -0.045184 -0.037000
vt -0.043947 -0.033969
vt -0.041472 -0.033969
vt -0.040234 -0.037000
vt -0.041472 -0.040031
vt -0.043947 -0.040031
vt -0.038900 -0.037000
vt -0.037835 -0.033969
vt -0.035704 -0.033969
vt -0.034639 -0.037000
vt -0.035704 -0.040031
vt -0.037835 -0.040031
vt -0.031950 -0.037000
vt -0.031075 -0.033969
vt -0.029325 -0.033969
vt -0.028450 -0.037000
vt -0.029325 -0.040031
vt -0.031075 -0.040031
vt -0.024453 -0.037000
vt -0.023784 -0.033969
vt -0.022444 -0.033969
vt -0.021775 -0.037000
vt -0.022444 -0.040031
vt -0.023784 -0.040031
vt -0.016539 -0.037000
vt -0.016086 -0.033969
vt -0.015180 -0.033969
vt -0.014727 -0.037000
vt -0.015180 -0.040031
vt -0.016086 -0.040031
vt -0.008341 -0.037000
vt -0.008112 -0.033969
vt -0.007655 -0.033969
vt -0.007427 -0.037000
vt -0.007655 -0.040031
vt -0.008112 -0.040031
vt -0.000000 -0.037000
vt -0.000000 -0.033969
vt -0.000000 -0.033969
vt -0.000000 -0.037000
vt -0.000000 -0.040031
vt -0.000000 -0.040031
vt 0.008341 -0.037000
vt 0.008112 -0.033969
vt 0.007655 -0.033969
vt 0.007427 -0.037000
vt 0.007655 -0.040031
vt 0.008112 -0.040031
vt 0.016539 -0.037000
vt 0.016086 -0.033969
vt 0.015180 -0.033969
vt 0.014727 -0.037000
vt 0.015180 -0.040031
vt 0.016086 -0.040031
vt 0.024453 -0.037000
vt 0.023784 -0.033969
vt 0.022444 -0.033969
vt 0.021775 -0.037000
vt 0.022444 -0.040031
vt 0.023784 -0.040031
vt 0.031950 -0.037000
vt 0.031075 -0.033969
vt 0.029325 -0.033969
vt 0.028450 -0.037000
vt 0.029325 -0.040031
vt 0.031075 -0.040031
vt 0.038900 -0.037000
vt 0.037835 -0.033969
vt 0.035704 -0.033969
vt 0.034639 -0.037000
vt 0.035704 -0.040031
vt 0.037835 -0.040031
vt 0.045184 -0.037000
vt 0.043947 -0.033969
vt 0.041472 -0.033969
vt 0.040234 -0.037000
vt 0.041472 -0.040031
vt 0.043947 -0.040031
vt 0.050695 -0.037000
vt 0.049307 -0.033969
vt 0.046530 -0.033969
vt 0.045142 -0.037000
vt 0.046530 -0.040031
vt 0.049307 -0.040031
vt 0.055339 -0.037000
vt 0.053823 -0.033969
vt 0.050792 -0.033969
vt 0.049277 -0.037000
vt 0.050792 -0.040031
vt 0.053823 -0.040031
vt 0.059036 -0.037000
vt 0.057419 -0.033969
vt 0.054186 -0.033969
vt 0.052569 -0.037000
vt 0.054186 -0.040031
vt 0.057419 -0.040031
vt 0.061723 -0.037000
vt 0.060032 -0.033969
vt 0.056652 -0.033969
vt 0.054961 -0.037000
vt 0.056652 -0.040031
vt 0.060032 -0.040031
vt 0.063353 -0.037000
vt 0.061618 -0.033969
vt 0.058148 -0.033969
vt 0.056413 -0.037000
vt 0.058148 -0.040031
vt 0.061618 -0.040031
vt 0.040000 0.040000
vt -0.040000 0.040000
vt -0.040000 -0.040000
vt 0.040000 -0.040000
vt 0.040000 0.040000
vt 0.040000 -0.040000
vt -0.040000 -0.040000
vt -0.040000 0.040000
vt 0.040000 -0.445000
vt 0.040000 0.445000
vt 0.040000 0.445000
vt 0.040000 -0.445000
vt 0.040000 -0.040000
vt -0.040000 -0.040000
vt -0.040000 -0.040000
vt 0.040000 -0.040000
vt 0.040000 0.040000
vt 0.040000 -0.040000
vt 0.040000 -0.040000
vt 0.040000 0.040000
vt 0.040000 -0.445000
vt 0.040000 0.445000
vt -0.040000 0.445000
vt -0.040000 -0.445000
vt 0.065300 -0.022000
vt 0.063550 -0.018969
vt 0.060050 -0.018969
vt 0.058300 -0.022000
vt 0.060050 -0.025031
vt 0.063550 -0.025031
vt 0.064741 -0.022000
vt 0.063006 -0.018969
vt 0.059536 -0.018969
vt 0.057801 -0.022000
vt 0.059536 -0.025031
vt 0.063006 -0.025031
vt 0.063075 -0.022000
vt 0.061385 -0.018969
vt 0.058004 -0.018969
vt 0.056313 -0.022000
vt 0.058004 -0.025031
vt 0.061385 -0.025031
vt 0.060329 -0.022000
vt 0.058713 -0.018969
vt 0.055479 -0.018969
vt 0.053862 -0.022000
vt 0.055479 -0.025031
vt 0.058713 -0.025031
vt 0.056551 -0.022000
vt 0.055036 -0.018969
vt 0.052005 -0.018969
vt 0.050489 -0.022000
vt 0.052005 -0.025031
vt 0.055036 -0.025031
vt 0.051806 -0.022000
vt 0.050418 -0.018969
vt 0.047641 -0.018969
vt 0.046252 -0.022000
vt 0.047641 -0.025031
vt 0.050418 -0.025031
vt 0.046174 -0.022000
vt 0.044937 -0.018969
vt 0.042462 -0.018969
vt 0.041224 -0.022000
vt 0.042462 -0.025031
vt 0.044937 -0.025031
vt 0.039752 -0.022000
vt 0.038687 -0.018969
vt 0.036556 -0.018969
vt 0.035491 -0.022000
vt 0.036556 -0.025031
vt 0.038687 -0.025031
vt 0.032650 -0.022000
vt 0.031775 -0.018969
vt 0.030025 -0.018969
vt 0.029150 -0.022000
vt 0.030025 -0.025031
vt 0.031775 -0.025031
vt 0.024989 -0.022000
vt 0.024320 -0.018969
vt 0.022980 -0.018969
vt 0.022310 -0.022000
vt 0.022980 -0.025031
vt 0.024320 -0.025031
vt 0.016901 -0.022000
vt 0.016448 -0.018969
vt 0.015542 -0.018969
vt 0.015089 -0.022000
vt 0.015542 -0.025031
vt 0.016448 -0.025031
vt 0.008523 -0.022000
vt 0.008295 -0.018969
vt 0.007838 -0.018969
vt 0.007610 -0.022000
vt 0.007838 -0.025031
vt 0.008295 -0.025031
vt 0.000000 -0.022000
vt 0.000000 -0.018969
vt 0.000000 -0.018969
vt 0.000000 -0.022000
vt 0.000000 -0.025031
vt 0.000000 -0.025031
vt -0.008523 -0.022000
vt -0.008295 -0.018969
vt -0.007838 -0.018969
vt -0.007610 -0.022000
vt -0.007838 -0.025031
vt -0.008295 -0.025031
vt -0.016901 -0.022000
vt -0.016448 -0.018969
vt -0.015542 -0.018969
vt -0.015089 -0.022000
vt -0.015542 -0.025031
vt -0.016448 -0.025031
vt -0.024989 -0.022000
vt -0.024320 -0.018969
vt -0.022980 -0.018969
vt -0.022310 -0.022000
vt -0.022980 -0.025031
vt -0.024320 -0.025031
vt -0.032650 -0.022000
vt -0.031775 -0.018969
vt -0.030025 -0.018969
vt -0.029150 -0.022000
vt -0.030025 -0.025031
vt -0.031775 -0.025031
vt -0.039752 -0.022000
vt -0.038687 -0.018969
vt -0.036556 -0.018969
vt -0.035491 -0.022000
vt -0.036556 -0.025031
vt -0.038687 -0.025031
vt -0.046174 -0.022000
vt -0.044937 -0.018969
vt -0.042462 -0.018969
vt -0.041224 -0.022000
vt -0.042462 -0.025031
vt -0.044937 -0.025031
vt -0.051806 -0.022000
vt -0.050418 -0.018969
vt -0.047641 -0.018969
vt -0.046252 -0.022000
vt -0.047641 -0.025031
vt -0.050418 -0.025031
vt -0.056551 -0.022000
vt -0.055036 -0.018969
vt -0.052005 -0.018969
vt -0.050489 -0.022000
vt -0.052005 -0.025031
vt -0.055036 -0.025031
vt -0.060329 -0.022000
vt -0.058713 -0.018969
vt -0.055479 -0.018969
vt -0.053862 -0.022000
vt -0.055479 -0.025031
vt -0.058713 -0.025031
vt -0.063075 -0.022000
vt -0.061385 -0.018969
vt -0.058004 -0.018969
vt -0.056313 -0.022000
vt -0.058004 -0.025031
vt -0.061385 -0.025031
vt -0.064741 -0.022000
vt -0.063006 -0.018969
vt -0.059536 -0.018969
vt -0.057801 -0.022000
vt -0.059536 -0.025031
vt -0.063006 -0.025031
vt -0.065300 -0.022000
vt -0.063550 -0.018969
vt -0.060050 -0.018969
vt -0.058300 -0.022000
vt -0.060050 -0.025031
vt -0.063550 -0.025031
vt -0.064741 -0.022000
vt -0.063006 -0.018969
vt -0.059536 -0.018969
vt -0.057801 -0.022000
vt -0.059536 -0.025031
vt -0.063006 -0.025031
vt -0.063075 -0.022000
vt -0.061385 -0.018969
vt -0.058004 -0.018969
vt -0.056313 -0.022000
vt -0.058004 -0.025031
vt -0.061385 -0.025031
vt -0.060329 -0.022000
vt -0.058713 -0.018969
vt -0.055479 -0.018969
vt -0.053862 -0.022000
vt -0.055479 -0.025031
vt -0.058713 -0.025031
vt -0.056551 -0.022000
vt -0.055036 -0.018969
vt -0.052005 -0.018969
vt -0.050489 -0.022000
vt -0.052005 -0.025031
vt -0.055036 -0.025031
vt -0.051806 -0.022000
vt -0.050418 -0.018969
vt -0.047641 -0.018969
vt -0.046252 -0.022000
vt -0.047641 -0.025031
vt -0.050418 -0.025031
vt -0.046174 -0.022000
vt -0.044937 -0.018969
vt -0.042462 -0.018969
vt -0.041224 -0.022000
vt -0.042462 -0.025031
vt -0.044937 -0.025031
vt -0.039752 -0.022000
vt -0.038687 -0.018969
vt -0.036556 -0.018969
vt -0.035491 -0.022000
vt -0.036556 -0.025031
vt -0.038687 -0.025031
vt -0.032650 -0.022000
vt -0.031775 -0.018969
vt -0.030025 -0.018969
vt -0.029150 -0.022000
vt -0.030025 -0.025031
vt -0.031775 -0.025031
vt -0.024989 -0.022000
vt -0.024320 -0.018969
vt -0.022980 -0.018969
vt -0.022310 -0.022000
vt -0.022980 -0.025031
vt -0.024320 -0.025031
vt -0.016901 -0.022000
vt -0.016448 -0.018969
vt -0.015542 -0.018969
vt -0.015089 -0.022000
vt -0.015542 -0.025031
vt -0.016448 -0.025031
vt -0.008523 -0.022000
vt -0.008295 -0.018969
vt -0.007838 -0.018969
vt -0.007610 -0.022000
vt -0.007838 -0.025031
vt -0.008295 -0.025031
vt -0.000000 -0.022000
vt -0.000000 -0.018969
vt -0.000000 -0.018969
vt -0.000000 -0.022000
vt -0.000000 -0.025031
vt -0.000000 -0.025031
vt 0.008523 -0.022000
vt 0.008295 -0.018969
vt 0.007838 -0.018969
vt 0.007610 -0.022000
vt 0.007838 -0.025031
vt 0.008295 -0.025031
vt 0.016901 -0.022000
vt 0.016448 -0.018969
vt 0.015542 -0.018969
vt 0.015089 -0.022000
vt 0.015542 -0.025031
vt 0.016448 -0.025031
vt 0.024989 -0.022000
vt 0.024320 -0.018969
vt 0.022980 -0.018969
vt 0.022310 -0.022000
vt 0.022980 -0.025031
vt 0.024320 -0.025031
vt 0.032650 -0.022000
vt 0.031775 -0.018969
vt 0.030025 -0.018969
vt 0.029150 -0.022000
vt 0.030025 -0.025031
vt 0.031775 -0.025031
vt 0.039752 -0.022000
vt 0.038687 -0.018969
vt 0.036556 -0.018969
vt 0.035491 -0.022000
vt 0.036556 -0.025031
vt 0.038687 -0.025031
vt 0.046174 -0.022000
vt 0.044937 -0.018969
vt 0.042462 -0.018969
vt 0.041224 -0.022000
vt 0.042462 -0.025031
vt 0.044937 -0.025031
vt 0.051806 -0.022000
vt 0.050418 -0.018969
vt 0.047641 -0.018969
vt 0.046252 -0.022000
vt 0.047641 -0.025031
vt 0.050418 -0.025031
vt 0.056551 -0.022000
vt 0.055036 -0.018969
vt 0.052005 -0.018969
vt 0.050489 -0.022000
vt 0.052005 -0.025031
vt 0.055036 -0.025031
vt 0.060329 -0.022000
vt 0.058713 -0.018969
vt 0.055479 -0.018969
vt 0.053862 -0.022000
vt 0.055479 -0.025031
vt 0.058713 -0.025031
vt 0.063075 -0.022000
vt 0.061385 -0.018969
vt 0.058004 -0.018969
vt 0.056313 -0.022000
vt 0.058004 -0.025031
vt 0.061385 -0.025031
vt 0.064741 -0.022000
vt 0.063006 -0.018969
vt 0.059536 -0.018969
vt 0.057801 -0.022000
vt 0.059536 -0.025031
vt 0.063006 -0.025031
vt 0.000000 0.056569
vt -0.056569 0.000000
vt 0.000000 -0.056569
vt 0.056569 0.000000
vt 0.000000 0.056569
vt 0.056569 0.000000
vt 0.000000 -0.056569
vt -0.056569 0.000000
vt 0.056569 -0.445000
vt 0.056569 0.445000
vt 0.000000 0.445000
vt 0.000000 -0.445000
vt 0.056569 0.000000
vt 0.000000 -0.056569
vt 0.000000 -0.056569
vt 0.056569 0.000000
vt 0.000000 0.056569
vt 0.056569 0.000000
vt 0.056569 0.000000
vt 0.000000 0.056569
vt 0.000000 -0.445000
vt 0.000000 0.445000
vt -0.056569 0.445000
vt -0.056569 -0.445000
vt 0.066700 -0.007000
vt 0.064950 -0.003969
vt 0.061450 -0.003969
vt 0.059700 -0.007000
vt 0.061450 -0.010031
vt 0.064950 -0.010031
vt 0.066129 -0.007000
vt 0.064394 -0.003969
vt 0.060924 -0.003969
vt 0.059189 -0.007000
vt 0.060924 -0.010031
vt 0.064394 -0.010031
vt 0.064427 -0.007000
vt 0.062737 -0.003969
vt 0.059356 -0.003969
vt 0.057666 -0.007000
vt 0.059356 -0.010031
vt 0.062737 -0.010031
vt 0.061623 -0.007000
vt 0.060006 -0.003969
vt 0.056772 -0.003969
vt 0.055156 -0.007000
vt 0.056772 -0.010031
vt 0.060006 -0.010031
vt 0.057764 -0.007000
vt 0.056248 -0.003969
vt 0.053217 -0.003969
vt 0.051702 -0.007000
vt 0.053217 -0.010031
vt 0.056248 -0.010031
vt 0.052917 -0.007000
vt 0.051528 -0.003969
vt 0.048752 -0.003969
vt 0.047363 -0.007000
vt 0.048752 -0.010031
vt 0.051528 -0.010031
vt 0.047164 -0.007000
vt 0.045927 -0.003969
vt 0.043452 -0.003969
vt 0.042214 -0.007000
vt 0.043452 -0.010031
vt 0.045927 -0.010031
vt 0.040604 -0.007000
vt 0.039539 -0.003969
vt 0.037408 -0.003969
vt 0.036343 -0.007000
vt 0.037408 -0.010031
vt 0.039539 -0.010031
vt 0.033350 -0.007000
vt 0.032475 -0.003969
vt 0.030725 -0.003969
vt 0.029850 -0.007000
vt 0.030725 -0.010031
vt 0.032475 -0.010031
vt 0.025525 -0.007000
vt 0.024855 -0.003969
vt 0.023516 -0.003969
vt 0.022846 -0.007000
vt 0.023516 -0.010031
vt 0.024855 -0.010031
vt 0.017263 -0.007000
vt 0.016810 -0.003969
vt 0.015904 -0.003969
vt 0.015451 -0.007000
vt 0.015904 -0.010031
vt 0.016810 -0.010031
vt 0.008706 -0.007000
vt 0.008478 -0.003969
vt 0.008021 -0.003969
vt 0.007792 -0.007000
vt 0.008021 -0.010031
vt 0.008478 -0.010031
vt 0.000000 -0.007000
vt 0.000000 -0.003969
vt 0.000000 -0.003969
vt 0.000000 -0.007000
vt 0.000000 -0.010031
vt 0.000000 -0.010031
vt -0.008706 -0.007000
vt -0.008478 -0.003969
vt -0.008021 -0.003969
vt -0.007792 -0.007000
vt -0.008021 -0.010031
vt -0.008478 -0.010031
vt -0.017263 -0.007000
vt -0.016810 -0.003969
vt -0.015904 -0.003969
vt -0.015451 -0.007000
vt -0.015904 -0.010031
vt -0.016810 -0.010031
vt -0.025525 -0.007000
vt -0.024855 -0.003969
vt -0.023516 -0.003969
vt -0.022846 -0.007000
vt -0.023516 -0.010031
vt -0.024855 -0.010031
vt -0.033350 -0.007000
vt -0.032475 -0.003969
vt -0.030725 -0.003969
vt -0.029850 -0.007000
vt -0.030725 -0.010031
vt -0.032475 -0.010031
vt -0.040604 -0.007000
vt -0.039539 -0.003969
vt -0.037408 -0.003969
vt -0.036343 -0.007000
vt -0.037408 -0.010031
vt -0.039539 -0.010031
vt -0.047164 -0.007000
vt -0.045927 -0.003969
vt -0.043452 -0.003969
vt -0.042214 -0.007000
vt -0.043452 -0.010031
vt -0.045927 -0.010031
vt -0.052917 -0.007000
vt -0.051528 -0.003969
vt -0.048752 -0.003969
vt -0.047363 -0.007000
vt -0.048752 -0.010031
vt -0.051528 -0.010031
vt -0.057764 -0.007000
vt -0.056248 -0.003969
vt -0.053217 -0.003969
vt -0.051702 -0.007000
vt -0.053217 -0.010031
vt -0.056248 -0.010031
vt -0.061623 -0.007000
vt -0.060006 -0.003969
vt -0.056772 -0.003969
vt -0.055156 -0.007000
vt -0.056772 -0.010031
vt -0.060006 -0.010031
vt -0.064427 -0.007000
vt -0.062737 -0.003969
vt -0.059356 -0.003969
vt -0.057666 -0.007000
vt -0.059356 -0.010031
vt -0.062737 -0.010031
vt -0.066129 -0.007000
vt -0.064394 -0.003969
vt -0.060924 -0.003969
vt -0.059189 -0.007000
vt -0.060924 -0.010031
vt -0.064394 -0.010031
vt -0.066700 -0.007000
vt -0.064950 -0.003969
vt -0.061450 -0.003969
vt -0.059700 -0.007000
vt -0.061450 -0.010031
vt -0.064950 -0.010031
vt -0.066129 -0.007000
vt -0.064394 -0.003969
vt -0.060924 -0.003969
vt -0.059189 -0.007000
vt -0.060924 -0.010031
vt -0.064394 -0.010031
vt -0.064427 -0.007000
vt -0.062737 -0.003969
vt -0.059356 -0.003969
vt -0.057666 -0.007000
vt -0.059356 -0.010031
vt -0.062737 -0.010031
vt -0.061623 -0.007000
vt -0.060006 -0.003969
vt -0.056772 -0.003969
vt -0.055156 -0.007000
vt -0.056772 -0.010031
vt -0.060006 -0.010031
vt -0.057764 -0.007000
vt -0.056248 -0.003969
vt -0.053217 -0.003969
vt -0.051702 -0.007000
vt -0.053217 -0.010031
vt -0.056248 -0.010031
vt -0.052917 -0.007000
vt -0.051528 -0.003969
vt -0.048752 -0.003969
vt -0.047363 -0.007000
vt -0.048752 -0.010031
vt -0.051528 -0.010031
vt -0.047164 -0.007000
vt -0.045927 -0.003969
vt -0.043452 -0.003969
vt -0.042214 -0.007000
vt -0.043452 -0.010031
vt -0.045927 -0.010031
vt -0.040604 -0.007000
vt -0.039539 -0.003969
vt -0.037408 -0.003969
vt -0.036343 -0.007000
vt -0.037408 -0.010031
vt -0.039539 -0.010031
vt -0.033350 -0.007000
vt -0.032475 -0.003969
vt -0.030725 -0.003969
vt -0.029850 -0.007000
vt -0.030725 -0.010031
vt -0.032475 -0.010031
vt -0.025525 -0.007000
vt -0.024855 -0.003969
vt -0.023516 -0.003969
vt -0.022846 -0.007000
vt -0.023516 -0.010031
vt -0.024855 -0.010031
vt -0.017263 -0.007000
vt -0.016810 -0.003969
vt -0.015904 -0.003969
vt -0.015451 -0.007000
vt -0.015904 -0.010031
vt -0.016810 -0.010031
vt -0.008706 -0.007000
vt -0.008478 -0.003969
vt -0.008021 -0.003969
vt -0.007792 -0.007000
vt -0.008021 -0.010031
vt -0.008478 -0.010031
vt -0.000000 -0.007000
vt -0.000000 -0.003969
vt -0.000000 -0.003969
vt -0.000000 -0.007000
vt -0.000000 -0.010031
vt -0.000000 -0.010031
vt 0.008706 -0.007000
vt 0.008478 -0.003969
vt 0.008021 -0.003969
vt 0.007792 -0.007000
vt 0.008021 -0.010031
vt 0.008478 -0.010031
vt 0.017263 -0.007000
vt 0.016810 -0.003969
vt 0.015904 -0.003969
vt 0.015451 -0.007000
vt 0.015904 -0.010031
vt 0.016810 -0.010031
vt 0.025525 -0.007000
vt 0.024855 -0.003969
vt 0.023516 -0.003969
vt 0.022846 -0.007000
vt 0.023516 -0.010031
vt 0.024855 -0.010031
vt 0.033350 -0.007000
vt 0.032475 -0.003969
vt 0.030725 -0.003969
vt 0.029850 -0.007000
vt 0.030725 -0.010031
vt 0.032475 -0.010031
vt 0.040604 -0.007000
vt 0.039539 -0.003969
vt 0.037408 -0.003969
vt 0.036343 -0.007000
vt 0.037408 -0.010031
vt 0.039539 -0.010031
vt 0.047164 -0.007000
vt 0.045927 -0.003969
vt 0.043452 -0.003969
vt 0.042214 -0.007000
vt 0.043452 -0.010031
vt 0.045927 -0.010031
vt 0.052917 -0.007000
vt 0.051528 -0.003969
vt 0.048752 -0.003969
vt 0.047363 -0.007000
vt 0.048752 -0.010031
vt 0.051528 -0.010031
vt 0.057764 -0.007000
vt 0.056248 -0.003969
vt 0.053217 -0.003969
vt 0.051702 -0.007000
vt 0.053217 -0.010031
vt 0.056248 -0.010031
vt 0.061623 -0.007000
vt 0.060006 -0.003969
vt 0.056772 -0.003969
vt 0.055156 -0.007000
vt 0.056772 -0.010031
vt 0.060006 -0.010031
vt 0.064427 -0.007000
vt 0.062737 -0.003969
vt 0.059356 -0.003969
vt 0.057666 -0.007000
vt 0.059356 -0.010031
vt 0.062737 -0.010031
vt 0.066129 -0.007000
vt 0.064394 -0.003969
vt 0.060924 -0.003969
vt 0.059189 -0.007000
vt 0.060924 -0.010031
vt 0.064394 -0.010031
vt -0.040000 0.040000
vt -0.040000 -0.040000
vt 0.040000 -0.040000
vt 0.040000 0.040000
vt -0.040000 0.040000
vt 0.040000 0.040000
vt 0.040000 -0.040000
vt -0.040000 -0.040000
vt 0.040000 -0.445000
vt 0.040000 0.445000
vt -0.040000 0.445000
vt -0.040000 -0.445000
vt 0.040000 0.040000
vt 0.040000 -0.040000
vt 0.040000 -0.040000
vt 0.040000 0.040000
vt -0.040000 0.040000
vt 0.040000 0.040000
vt 0.040000 0.040000
vt -0.040000 0.040000
vt -0.040000 -0.445000
vt -0.040000 0.445000
vt -0.040000 0.445000
vt -0.040000 -0.445000
vt 0.068100 0.008000
vt 0.066350 0.011031
vt 0.062850 0.011031
vt 0.061100 0.008000
vt 0.062850 0.004969
vt 0.066350 0.004969
vt 0.067517 0.008000
vt 0.065782 0.011031
vt 0.062312 0.011031
vt 0.060577 0.008000
vt 0.062312 0.004969
vt 0.065782 0.004969
vt 0.065780 0.008000
vt 0.064089 0.011031
vt 0.060708 0.011031
vt 0.059018 0.008000
vt 0.060708 0.004969
vt 0.064089 0.004969
vt 0.062916 0.008000
vt 0.061299 0.011031
vt 0.058066 0.011031
vt 0.056449 0.008000
vt 0.058066 0.004969
vt 0.061299 0.004969
vt 0.058976 0.008000
vt 0.057461 0.011031
vt 0.054430 0.011031
vt 0.052914 0.008000
vt 0.054430 0.004969
vt 0.057461 0.004969
vt 0.054027 0.008000
vt 0.052639 0.011031
vt 0.049862 0.011031
vt 0.048474 0.008000
vt 0.049862 0.004969
vt 0.052639 0.004969
vt 0.048154 0.008000
vt 0.046917 0.011031
vt 0.044442 0.011031
vt 0.043204 0.008000
vt 0.044442 0.004969
vt 0.046917 0.004969
vt 0.041457 0.008000
vt 0.040391 0.011031
vt 0.038261 0.011031
vt 0.037195 0.008000
vt 0.038261 0.004969
vt 0.040391 0.004969
vt 0.034050 0.008000
vt 0.033175 0.011031
vt 0.031425 0.011031
vt 0.030550 0.008000
vt 0.031425 0.004969
vt 0.033175 0.004969
vt 0.026061 0.008000
vt 0.025391 0.011031
vt 0.024052 0.011031
vt 0.023382 0.008000
vt 0.024052 0.004969
vt 0.025391 0.004969
vt 0.017626 0.008000
vt 0.017173 0.011031
vt 0.016267 0.011031
vt 0.015814 0.008000
vt 0.016267 0.004969
vt 0.017173 0.004969
vt 0.008889 0.008000
vt 0.008660 0.011031
vt 0.008204 0.011031
vt 0.007975 0.008000
vt 0.008204 0.004969
vt 0.008660 0.004969
vt 0.000000 0.008000
vt 0.000000 0.011031
vt 0.000000 0.011031
vt 0.000000 0.008000
vt 0.000000 0.004969
vt 0.000000 0.004969
vt -0.008889 0.008000
vt -0.008660 0.011031
vt -0.008204 0.011031
vt -0.007975 0.008000
vt -0.008204 0.004969
vt -0.008660 0.004969
vt -0.017626 0.008000
vt -0.017173 0.011031
vt -0.016267 0.011031
vt -0.015814 0.008000
vt -0.016267 0.004969
vt -0.017173 0.004969
vt -0.026061 0.008000
vt -0.025391 0.011031
vt -0.024052 0.011031
vt -0.023382 0.008000
vt -0.024052 0.004969
vt -0.025391 0.004969
vt -0.034050 0.008000
vt -0.033175 0.011031
vt -0.031425 0.011031
vt -0.030550 0.008000
vt -0.031425 0.004969
vt -0.033175 0.004969
vt -0.041457 0.008000
vt -0.040391 0.011031
vt -0.038261 0.011031
vt -0.037195 0.008000
vt -0.038261 0.004969
vt -0.040391 0.004969
vt -0.048154 0.008000
vt -0.046917 0.011031
vt -0.044442 0.011031
vt -0.043204 0.008000
vt -0.044442 0.004969
vt -0.046917 0.004969
vt -0.054027 0.008000
vt -0.052639 0.011031
vt -0.049862 0.011031
vt -0.048474 0.008000
vt -0.049862 0.004969
vt -0.052639 0.004969
vt -0.058976 0.008000
vt -0.057461 0.011031
vt -0.054430 0.011031
vt -0.052914 0.008000
vt -0.054430 0.004969
vt -0.057461 0.004969
vt -0.062916 0.008000
vt -0.061299 0.011031
vt -0.058066 0.011031
vt -0.056449 0.008000
vt -0.058066 0.004969
vt -0.061299 0.004969
vt -0.065780 0.008000
vt -0.064089 0.011031
vt -0.060708 0.011031
vt -0.059018 0.008000
vt -0.060708 0.004969
vt -0.064089 0.004969
vt -0.067517 0.008000
vt -0.065782 0.011031
vt -0.062312 0.011031
vt -0.060577 0.008000
vt -0.062312 0.004969
vt -0.065782 0.004969
vt -0.068100 0.008000
vt -0.066350 0.011031
vt -0.062850 0.011031
vt -0.061100 0.008000
vt -0.062850 0.004969
vt -0.066350 0.004969
vt -0.067517 0.008000
vt -0.065782 0.011031
vt -0.062312 0.011031
vt -0.060577 0.008000
vt -0.062312 0.004969
vt -0.065782 0.004969
vt -0.065780 0.008000
vt -0.064089 0.011031
vt -0.060708 0.011031
vt -0.059018 0.008000
vt -0.060708 0.004969
vt -0.064089 0.004969
vt -0.062916 0.008000
vt -0.061299 0.011031
vt -0.058066 0.011031
vt -0.056449 0.008000
vt -0.058066 0.004969
vt -0.061299 0.004969
vt -0.058976 0.008000
vt -0.057461 0.011031
vt -0.054430 0.011031
vt -0.052914 0.008000
vt -0.054430 0.004969
vt -0.057461 0.004969
vt -0.054027 0.008000
vt -0.052639 0.011031
vt -0.049862 0.011031
vt -0.048474 0.008000
vt -0.049862 0.004969
vt -0.052639 0.004969
vt -0.048154 0.008000
vt -0.046917 0.011031
vt -0.044442 0.011031
vt -0.043204 0.008000
vt -0.044442 0.004969
vt -0.046917 0.004969
vt -0.041457 0.008000
vt -0.040391 0.011031
vt -0.038261 0.011031
vt -0.037195 0.008000
vt -0.038261 0.004969
vt -0.040391 0.004969
vt -0.034050 0.008000
vt -0.033175 0.011031
vt -0.031425 0.011031
vt -0.030550 0.008000
vt -0.031425 0.004969
vt -0.033175 0.004969
vt -0.026061 0.008000
vt -0.025391 0.011031
vt -0.024052 0.011031
vt -0.023382 0.008000
vt -0.024052 0.004969
vt -0.025391 0.004969
vt -0.017626 0.008000
vt -0.017173 0.011031
vt -0.016267 0.011031
vt -0.015814 0.008000
vt -0.016267 0.004969
vt -0.017173 0.004969
vt -0.008889 0.008000
vt -0.008660 0.011031
vt -0.008204 0.011031
vt -0.007975 0.008000
vt -0.008204 0.004969
vt -0.008660 0.004969
vt -0.000000 0.008000
vt -0.000000 0.011031
vt -0.000000 0.011031
vt -0.000000 0.008000
vt -0.000000 0.004969
vt -0.000000 0.004969
vt 0.008889 0.008000
vt 0.008660 0.011031
vt 0.008204 0.011031
vt 0.007975 0.008000
vt 0.008204 0.004969
vt 0.008660 0.004969
vt 0.017626 0.008000
vt 0.017173 0.011031
vt 0.016267 0.011031
vt 0.015814 0.008000
vt 0.016267 0.004969
vt 0.017173 0.004969
vt 0.026061 0.008000
vt 0.025391 0.011031
vt 0.024052 0.011031
vt 0.023382 0.008000
vt 0.024052 0.004969
vt 0.025391 0.004969
vt 0.034050 0.008000
vt 0.033175 0.011031
vt 0.031425 0.011031
vt 0.030550 0.008000
vt 0.031425 0.004969
vt 0.033175 0.004969
vt 0.041457 0.008000
vt 0.040391 0.011031
vt 0.038261 0.011031
vt 0.037195 0.008000
vt 0.038261 0.004969
vt 0.040391 0.004969
vt 0.048154 0.008000
vt 0.046917 0.011031
vt 0.044442 0.011031
vt 0.043204 0.008000
vt 0.044442 0.004969
vt 0.046917 0.004969
vt 0.054027 0.008000
vt 0.052639 0.011031
vt 0.049862 0.011031
vt 0.048474 0.008000
vt 0.049862 0.004969
vt 0.052639 0.004969
vt 0.058976 0.008000
vt 0.057461 0.011031
vt 0.054430 0.011031
vt 0.052914 0.008000
vt 0.054430 0.004969
vt 0.057461 0.004969
vt 0.062916 0.008000
vt 0.061299 0.011031
vt 0.058066 0.011031
vt 0.056449 0.008000
vt 0.058066 0.004969
vt 0.061299 0.004969
vt 0.065780 0.008000
vt 0.064089 0.011031
vt 0.060708 0.011031
vt 0.059018 0.008000
vt 0.060708 0.004969
vt 0.064089 0.004969
vt 0.067517 0.008000
vt 0.065782 0.011031
vt 0.062312 0.011031
vt 0.060577 0.008000
vt 0.062312 0.004969
vt 0.065782 0.004969
vt -0.056569 0.000000
vt 0.000000 -0.056569
vt 0.056569 0.000000
vt 0.000000 0.056569
vt -0.056569 0.000000
vt 0.000000 0.056569
vt 0.056569 0.000000
vt 0.000000 -0.056569
vt 0.000000 -0.445000
vt 0.000000 0.445000
vt -0.056569 0.445000
vt -0.056569 -0.445000
vt 0.000000 0.056569
vt 0.056569 0.000000
vt 0.056569 0.000000
vt 0.000000 0.056569
vt -0.056569 0.000000
vt 0.000000 0.056569
vt 0.000000 0.056569
vt -0.056569 0.000000
vt -0.056569 -0.445000
vt -0.056569 0.445000
vt 0.000000 0.445000
vt 0.000000 -0.445000
vt 0.069500 0.023000
vt 0.067750 0.026031
vt 0.064250 0.026031
vt 0.062500 0.023000
vt 0.064250 0.019969
vt 0.067750 0.019969
vt 0.068905 0.023000
vt 0.067170 0.026031
vt 0.063700 0.026031
vt 0.061965 0.023000
vt 0.063700 0.019969
vt 0.067170 0.019969
vt 0.067132 0.023000
vt 0.065441 0.026031
vt 0.062061 0.026031
vt 0.060370 0.023000
vt 0.062061 0.019969
vt 0.065441 0.019969
vt 0.064210 0.023000
vt 0.062593 0.026031
vt 0.059359 0.026031
vt 0.057742 0.023000
vt 0.059359 0.019969
vt 0.062593 0.019969
vt 0.060189 0.023000
vt 0.058673 0.026031
vt 0.055642 0.026031
vt 0.054127 0.023000
vt 0.055642 0.019969
vt 0.058673 0.019969
vt 0.055138 0.023000
vt 0.053750 0.026031
vt 0.050973 0.026031
vt 0.049585 0.023000
vt 0.050973 0.019969
vt 0.053750 0.019969
vt 0.049144 0.023000
vt 0.047906 0.026031
vt 0.045432 0.026031
vt 0.044194 0.023000
vt 0.045432 0.019969
vt 0.047906 0.019969
vt 0.042309 0.023000
vt 0.041244 0.026031
vt 0.039113 0.026031
vt 0.038048 0.023000
vt 0.039113 0.019969
vt 0.041244 0.019969
vt 0.034750 0.023000
vt 0.033875 0.026031
vt 0.032125 0.026031
vt 0.031250 0.023000
vt 0.032125 0.019969
vt 0.033875 0.019969
vt 0.026596 0.023000
vt 0.025927 0.026031
vt 0.024587 0.026031
vt 0.023918 0.023000
vt 0.024587 0.019969
vt 0.025927 0.019969
vt 0.017988 0.023000
vt 0.017535 0.026031
vt 0.016629 0.026031
vt 0.016176 0.023000
vt 0.016629 0.019969
vt 0.017535 0.019969
vt 0.009072 0.023000
vt 0.008843 0.026031
vt 0.008386 0.026031
vt 0.008158 0.023000
vt 0.008386 0.019969
vt 0.008843 0.019969
vt 0.000000 0.023000
vt 0.000000 0.026031
vt 0.000000 0.026031
vt 0.000000 0.023000
vt 0.000000 0.019969
vt 0.000000 0.019969
vt -0.009072 0.023000
vt -0.008843 0.026031
vt -0.008386 0.026031
vt -0.008158 0.023000
vt -0.008386 0.019969
vt -0.008843 0.019969
vt -0.017988 0.023000
vt -0.017535 0.026031
vt -0.016629 0.026031
vt -0.016176 0.023000
vt -0.016629 0.019969
vt -0.017535 0.019969
vt -0.026596 0.023000
vt -0.025927 0.026031
vt -0.024587 0.026031
vt -0.023918 0.023000
vt -0.024587 0.019969
vt -0.025927 0.019969
vt -0.034750 0.023000
vt -0.033875 0.026031
vt -0.032125 0.026031
vt -0.031250 0.023000
vt -0.032125 0.019969
vt -0.033875 0.019969
vt -0.042309 0.023000
vt -0.041244 0.026031
vt -0.039113 0.026031
vt -0.038048 0.023000
vt -0.039113 0.019969
vt -0.041244 0.019969
vt -0.049144 0.023000
vt -0.047906 0.026031
vt -0.045432 0.026031
vt -0.044194 0.023000
vt -0.045432 0.019969
vt -0.047906 0.019969
vt -0.055138 0.023000
vt -0.053750 0.026031
vt -0.050973 0.026031
vt -0.049585 0.023000
vt -0.050973 0.019969
vt -0.053750 0.019969
vt -0.060189 0.023000
vt -0.058673 0.026031
vt -0.055642 0.026031
vt -0.054127 0.023000
vt -0.055642 0.019969
vt -0.058673 0.019969
vt -0.064210 0.023000
vt -0.062593 0.026031
vt -0.059359 0.026031
vt -0.057742 0.023000
vt -0.059359 0.019969
vt -0.062593 0.019969
vt -0.067132 0.023000
vt -0.065441 0.026031
vt -0.062061 0.026031
vt -0.060370 0.023000
vt -0.062061 0.019969
vt -0.065441 0.019969
vt -0.068905 0.023000
vt -0.067170 0.026031
vt -0.063700 0.026031
vt -0.061965 0.023000
vt -0.063700 0.019969
vt -0.067170 0.019969
vt -0.069500 0.023000
vt -0.067750 0.026031
vt -0.064250 0.026031
vt -0.062500 0.023000
vt -0.064250 0.019969
vt -0.067750 0.019969
vt -0.068905 0.023000
vt -0.067170 0.026031
vt -0.063700 0.026031
vt -0.061965 0.023000
vt -0.063700 0.019969
vt -0.067170 0.019969
vt -0.067132 0.023000
vt -0.065441 0.026031
vt -0.062061 0.026031
vt -0.060370 0.023000
vt -0.062061 0.019969
vt -0.065441 0.019969
vt -0.064210 0.023000
vt -0.062593 0.026031
vt -0.059359 0.026031
vt -0.057742 0.023000
vt -0.059359 0.019969
vt -0.062593 0.019969
vt -0.060189 0.023000
vt -0.058673 0.026031
vt -0.055642 0.026031
vt -0.054127 0.023000
vt -0.055642 0.019969
vt -0.058673 0.019969
vt -0.055138 0.023000
vt -0.053750 0.026031
vt -0.050973 0.026031
vt -0.049585 0.023000
vt -0.050973 0.019969
vt -0.053750 0.019969
vt -0.049144 0.023000
vt -0.047906 0.026031
vt -0.045432 0.026031
vt -0.044194 0.023000
vt -0.045432 0.019969
vt -0.047906 0.019969
vt -0.042309 0.023000
vt -0.041244 0.026031
vt -0.039113 0.026031
vt -0.038048 0.023000
vt -0.039113 0.019969
vt -0.041244 0.019969
vt -0.034750 0.023000
vt -0.033875 0.026031
vt -0.032125 0.026031
vt -0.031250 0.023000
vt -0.032125 0.019969
vt -0.033875 0.019969
vt -0.026596 0.023000
vt -0.025927 0.026031
vt -0.024587 0.026031
vt -0.023918 0.023000
vt -0.024587 0.019969
vt -0.025927 0.019969
vt -0.017988 0.023000
vt -0.017535 0.026031
vt -0.016629 0.026031
vt -0.016176 0.023000
vt -0.016629 0.019969
vt -0.017535 0.019969
vt -0.009072 0.023000
vt -0.008843 0.026031
vt -0.008386 0.026031
vt -0.008158 0.023000
vt -0.008386 0.019969
vt -0.008843 0.019969
vt -0.000000 0.023000
vt -0.000000 0.026031
vt -0.000000 0.026031
vt -0.000000 0.023000
vt -0.000000 0.019969
vt -0.000000 0.019969
vt 0.009072 0.023000
vt 0.008843 0.026031
vt 0.008386 0.026031
vt 0.008158 0.023000
vt 0.008386 0.019969
vt 0.008843 0.019969
vt 0.017988 0.023000
vt 0.017535 0.026031
vt 0.016629 0.026031
vt 0.016176 0.023000
vt 0.016629 0.019969
vt 0.017535 0.019969
vt 0.026596 0.023000
vt 0.025927 0.026031
vt 0.024587 0.026031
vt 0.023918 0.023000
vt 0.024587 0.019969
vt 0.025927 0.019969
vt 0.034750 0.023000
vt 0.033875 0.026031
vt 0.032125 0.026031
vt 0.031250 0.023000
vt 0.032125 0.019969
vt 0.033875 0.019969
vt 0.042309 0.023000
vt 0.041244 0.026031
vt 0.039113 0.026031
vt 0.038048 0.023000
vt 0.039113 0.019969
vt 0.041244 0.019969
vt 0.049144 0.023000
vt 0.047906 0.026031
vt 0.045432 0.026031
vt 0.044194 0.023000
vt 0.045432 0.019969
vt 0.047906 0.019969
vt 0.055138 0.023000
vt 0.053750 0.026031
vt 0.050973 0.026031
vt 0.049585 0.023000
vt 0.050973 0.019969
vt 0.053750 0.019969
vt 0.060189 0.023000
vt 0.058673 0.026031
vt 0.055642 0.026031
vt 0.054127 0.023000
vt 0.055642 0.019969
vt 0.058673 0.019969
vt 0.064210 0.023000
vt 0.062593 0.026031
vt 0.059359 0.026031
vt 0.057742 0.023000
vt 0.059359 0.019969
vt 0.062593 0.019969
vt 0.067132 0.023000
vt 0.065441 0.026031
vt 0.062061 0.026031
vt 0.060370 0.023000
vt 0.062061 0.019969
vt 0.065441 0.019969
vt 0.068905 0.023000
vt 0.067170 0.026031
vt 0.063700 0.026031
vt 0.061965 0.023000
vt 0.063700 0.019969
vt 0.067170 0.019969
vt -0.040000 -0.040000
vt 0.040000 -0.040000
vt 0.040000 0.040000
vt -0.040000 0.040000
vt -0.040000 -0.040000
vt -0.040000 0.040000
vt 0.040000 0.040000
vt 0.040000 -0.040000
vt -0.040000 -0.445000
vt -0.040000 0.445000
vt -0.040000 0.445000
vt -0.040000 -0.445000
vt -0.040000 0.040000
vt 0.040000 0.040000
vt 0.040000 0.040000
vt -0.040000 0.040000
vt -0.040000 -0.040000
vt -0.040000 0.040000
vt -0.040000 0.040000
vt -0.040000 -0.040000
vt -0.040000 -0.445000
vt -0.040000 0.445000
vt 0.040000 0.445000
vt 0.040000 -0.445000
vt 0.070900 0.038000
vt 0.069150 0.041031
vt 0.065650 0.041031
vt 0.063900 0.038000
vt 0.065650 0.034969
vt 0.069150 0.034969
vt 0.070293 0.038000
vt 0.068558 0.041031
vt 0.065088 0.041031
vt 0.063353 0.038000
vt 0.065088 0.034969
vt 0.068558 0.034969
vt 0.068484 0.038000
vt 0.066794 0.041031
vt 0.063413 0.041031
vt 0.061723 0.038000
vt 0.063413 0.034969
vt 0.066794 0.034969
vt 0.065503 0.038000
vt 0.063886 0.041031
vt 0.060653 0.041031
vt 0.059036 0.038000
vt 0.060653 0.034969
vt 0.063886 0.034969
vt 0.061401 0.038000
vt 0.059886 0.041031
vt 0.056855 0.041031
vt 0.055339 0.038000
vt 0.056855 0.034969
vt 0.059886 0.034969
vt 0.056249 0.038000
vt 0.054860 0.041031
vt 0.052084 0.041031
vt 0.050695 0.038000
vt 0.052084 0.034969
vt 0.054860 0.034969
vt 0.050134 0.038000
vt 0.048896 0.041031
vt 0.046422 0.041031
vt 0.045184 0.038000
vt 0.046422 0.034969
vt 0.048896 0.034969
vt 0.043161 0.038000
vt 0.042096 0.041031
vt 0.039965 0.041031
vt 0.038900 0.038000
vt 0.039965 0.034969
vt 0.042096 0.034969
vt 0.035450 0.038000
vt 0.034575 0.041031
vt 0.032825 0.041031
vt 0.031950 0.038000
vt 0.032825 0.034969
vt 0.034575 0.034969
vt 0.027132 0.038000
vt 0.026463 0.041031
vt 0.025123 0.041031
vt 0.024453 0.038000
vt 0.025123 0.034969
vt 0.026463 0.034969
vt 0.018350 0.038000
vt 0.017897 0.041031
vt 0.016991 0.041031
vt 0.016539 0.038000
vt 0.016991 0.034969
vt 0.017897 0.034969
vt 0.009254 0.038000
vt 0.009026 0.041031
vt 0.008569 0.041031
vt 0.008341 0.038000
vt 0.008569 0.034969
vt 0.009026 0.034969
vt 0.000000 0.038000
vt 0.000000 0.041031
vt 0.000000 0.041031
vt 0.000000 0.038000
vt 0.000000 0.034969
vt 0.000000 0.034969
vt -0.009254 0.038000
vt -0.009026 0.041031
vt -0.008569 0.041031
vt -0.008341 0.038000
vt -0.008569 0.034969
vt -0.009026 0.034969
vt -0.018350 0.038000
vt -0.017897 0.041031
vt -0.016991 0.041031
vt -0.016539 0.038000
vt -0.016991 0.034969
vt -0.017897 0.034969
vt -0.027132 0.038000
vt -0.026463 0.041031
vt -0.025123 0.041031
vt -0.024453 0.038000
vt -0.025123 0.034969
vt -0.026463 0.034969
vt -0.035450 0.038000
vt -0.034575 0.041031
vt -0.032825 0.041031
vt -0.031950 0.038000
vt -0.032825 0.034969
vt -0.034575 0.034969
vt -0.043161 0.038000
vt -0.042096 0.041031
vt -0.039965 0.041031
vt -0.038900 0.038000
vt -0.039965 0.034969
vt -0.042096 0.034969
vt -0.050134 0.038000
vt -0.048896 0.041031
vt -0.046422 0.041031
vt -0.045184 0.038000
vt -0.046422 0.034969
vt -0.048896 0.034969
vt -0.056249 0.038000
vt -0.054860 0.041031
vt -0.052084 0.041031
vt -0.050695 0.038000
vt -0.052084 0.034969
vt -0.054860 0.034969
vt -0.061401 0.038000
vt -0.059886 0.041031
vt -0.056855 0.041031
vt -0.055339 0.038000
vt -0.056855 0.034969
vt -0.059886 0.034969
vt -0.065503 0.038000
vt -0.063886 0.041031
vt -0.060653 0.041031
vt -0.059036 0.038000
vt -0.060653 0.034969
vt -0.063886 0.034969
vt -0.068484 0.038000
vt -0.066794 0.041031
vt -0.063413 0.041031
vt -0.061723 0.038000
vt -0.063413 0.034969
vt -0.066794 0.034969
vt -0.070293 0.038000
vt -0.068558 0.041031
vt -0.065088 0.041031
vt -0.063353 0.038000
vt -0.065088 0.034969
vt -0.068558 0.034969
vt -0.070900 0.038000
vt -0.069150 0.041031
vt -0.065650 0.041031
vt -0.063900 0.038000
vt -0.065650 0.034969
vt -0.069150 0.034969
vt -0.070293 0.038000
vt -0.068558 0.041031
vt -0.065088 0.041031
vt -0.063353 0.038000
vt -0.065088 0.034969
vt -0.068558 0.034969
vt -0.068484 0.038000
vt -0.066794 0.041031
vt -0.063413 0.041031
vt -0.061723 0.038000
vt -0.063413 0.034969
vt -0.066794 0.034969
vt -0.065503 0.038000
vt -0.063886 0.041031
vt -0.060653 0.041031
vt -0.059036 0.038000
vt -0.060653 0.034969
vt -0.063886 0.034969
vt -0.061401 0.038000
vt -0.059886 0.041031
vt -0.056855 0.041031
vt -0.055339 0.038000
vt -0.056855 0.034969
vt -0.059886 0.034969
vt -0.056249 0.038000
vt -0.054860 0.041031
vt -0.052084 0.041031
vt -0.050695 0.038000
vt -0.052084 0.034969
vt -0.054860 0.034969
vt -0.050134 0.038000
vt -0.048896 0.041031
vt -0.046422 0.041031
vt -0.045184 0.038000
vt -0.046422 0.034969
vt -0.048896 0.034969
vt -0.043161 0.038000
vt -0.042096 0.041031
vt -0.039965 0.041031
vt -0.038900 0.038000
vt -0.039965 0.034969
vt -0.042096 0.034969
vt -0.035450 0.038000
vt -0.034575 0.041031
vt -0.032825 0.041031
vt -0.031950 0.038000
vt -0.032825 0.034969
vt -0.034575 0.034969
vt -0.027132 0.038000
vt -0.026463 0.041031
vt -0.025123 0.041031
vt -0.024453 0.038000
vt -0.025123 0.034969
vt -0.026463 0.034969
vt -0.018350 0.038000
vt -0.017897 0.041031
vt -0.016991 0.041031
vt -0.016539 0.038000
vt -0.016991 0.034969
vt -0.017897 0.034969
vt -0.009254 0.038000
vt -0.009026 0.041031
vt -0.008569 0.041031
vt -0.008341 0.038000
vt -0.008569 0.034969
vt -0.009026 0.034969
vt -0.000000 0.038000
vt -0.000000 0.041031
vt -0.000000 0.041031
vt -0.000000 0.038000
vt -0.000000 0.034969
vt -0.000000 0.034969
vt 0.009254 0.038000
vt 0.009026 0.041031
vt 0.008569 0.041031
vt 0.008341 0.038000
vt 0.008569 0.034969
vt 0.009026 0.034969
vt 0.018350 0.038000
vt 0.017897 0.041031
vt 0.016991 0.041031
vt 0.016539 0.038000
vt 0.016991 0.034969
vt 0.017897 0.034969
vt 0.027132 0.038000
vt 0.026463 0.041031
vt 0.025123 0.041031
vt 0.024453 0.038000
vt 0.025123 0.034969
vt 0.026463 0.034969
vt 0.035450 0.038000
vt 0.034575 0.041031
vt 0.032825 0.041031
vt 0.031950 0.038000
vt 0.032825 0.034969
vt 0.034575 0.034969
vt 0.043161 0.038000
vt 0.042096 0.041031
vt 0.039965 0.041031
vt 0.038900 0.038000
vt 0.039965 0.034969
vt 0.042096 0.034969
vt 0.050134 0.038000
vt 0.048896 0.041031
vt 0.046422 0.041031
vt 0.045184 0.038000
vt 0.046422 0.034969
vt 0.048896 0.034969
vt 0.056249 0.038000
vt 0.054860 0.041031
vt 0.052084 0.041031
vt 0.050695 0.038000
vt 0.052084 0.034969
vt 0.054860 0.034969
vt 0.061401 0.038000
vt 0.059886 0.041031
vt 0.056855 0.041031
vt 0.055339 0.038000
vt 0.056855 0.034969
vt 0.059886 0.034969
vt 0.065503 0.038000
vt 0.063886 0.041031
vt 0.060653 0.041031
vt 0.059036 0.038000
vt 0.060653 0.034969
vt 0.063886 0.034969
vt 0.068484 0.038000
vt 0.066794 0.041031
vt 0.063413 0.041031
vt 0.061723 0.038000
vt 0.063413 0.034969
vt 0.066794 0.034969
vt 0.070293 0.038000
vt 0.068558 0.041031
vt 0.065088 0.041031
vt 0.063353 0.038000
vt 0.065088 0.034969
vt 0.068558 0.034969
vt 0.000000 -0.056569
vt 0.056569 0.000000
vt 0.000000 0.056569
vt -0.056569 0.000000
vt 0.000000 -0.056569
vt -0.056569 0.000000
vt 0.000000 0.056569
vt 0.056569 0.000000
vt -0.056569 -0.445000
vt -0.056569 0.445000
vt 0.000000 0.445000
vt 0.000000 -0.445000
vt -0.056569 0.000000
vt 0.000000 0.056569
vt 0.000000 0.056569
vt -0.056569 0.000000
vt 0.000000 -0.056569
vt -0.056569 0.000000
vt -0.056569 0.000000
vt 0.000000 -0.056569
vt 0.000000 -0.445000
vt 0.000000 0.445000
vt 0.056569 0.445000
vt 0.056569 -0.445000
vt 0.072300 0.053000
vt 0.070550 0.056031
vt 0.067050 0.056031
vt 0.065300 0.053000
vt 0.067050 0.049969
vt 0.070550 0.049969
vt 0.071681 0.053000
vt 0.069946 0.056031
vt 0.066476 0.056031
vt 0.064741 0.053000
vt 0.066476 0.049969
vt 0.069946 0.049969
vt 0.069836 0.053000
vt 0.068146 0.056031
vt 0.064765 0.056031
vt 0.063075 0.053000
vt 0.064765 0.049969
vt 0.068146 0.049969
vt 0.066796 0.053000
vt 0.065180 0.056031
vt 0.061946 0.056031
vt 0.060329 0.053000
vt 0.061946 0.049969
vt 0.065180 0.049969
vt 0.062614 0.053000
vt 0.061098 0.056031
vt 0.058067 0.056031
vt 0.056551 0.053000
vt 0.058067 0.049969
vt 0.061098 0.049969
vt 0.057359 0.053000
vt 0.055971 0.056031
vt 0.053194 0.056031
vt 0.051806 0.053000
vt 0.053194 0.049969
vt 0.055971 0.049969
vt 0.051124 0.053000
vt 0.049886 0.056031
vt 0.047412 0.056031
vt 0.046174 0.053000
vt 0.047412 0.049969
vt 0.049886 0.049969
vt 0.044013 0.053000
vt 0.042948 0.056031
vt 0.040817 0.056031
vt 0.039752 0.053000
vt 0.040817 0.049969
vt 0.042948 0.049969
vt 0.036150 0.053000
vt 0.035275 0.056031
vt 0.033525 0.056031
vt 0.032650 0.053000
vt 0.033525 0.049969
vt 0.035275 0.049969
vt 0.027668 0.053000
vt 0.026998 0.056031
vt 0.025659 0.056031
vt 0.024989 0.053000
vt 0.025659 0.049969
vt 0.026998 0.049969
vt 0.018713 0.053000
vt 0.018260 0.056031
vt 0.017354 0.056031
vt 0.016901 0.053000
vt 0.017354 0.049969
vt 0.018260 0.049969
vt 0.009437 0.053000
vt 0.009209 0.056031
vt 0.008752 0.056031
vt 0.008523 0.053000
vt 0.008752 0.049969
vt 0.009209 0.049969
vt 0.000000 0.053000
vt 0.000000 0.056031
vt 0.000000 0.056031
vt 0.000000 0.053000
vt 0.000000 0.049969
vt 0.000000 0.049969
vt -0.009437 0.053000
vt -0.009209 0.056031
vt -0.008752 0.056031
vt -0.008523 0.053000
vt -0.008752 0.049969
vt -0.009209 0.049969
vt -0.018713 0.053000
vt -0.018260 0.056031
vt -0.017354 0.056031
vt -0.016901 0.053000
vt -0.017354 0.049969
vt -0.018260 0.049969
vt -0.027668 0.053000
vt -0.026998 0.056031
vt -0.025659 0.056031
vt -0.024989 0.053000
vt -0.025659 0.049969
vt -0.026998 0.049969
vt -0.036150 0.053000
vt -0.035275 0.056031
vt -0.033525 0.056031
vt -0.032650 0.053000
vt -0.033525 0.049969
vt -0.035275 0.049969
vt -0.044013 0.053000
vt -0.042948 0.056031
vt -0.040817 0.056031
vt -0.039752 0.053000
vt -0.040817 0.049969
vt -0.042948 0.049969
vt -0.051124 0.053000
vt -0.049886 0.056031
vt -0.047412 0.056031
vt -0.046174 0.053000
vt -0.047412 0.049969
vt -0.049886 0.049969
vt -0.057359 0.053000
vt -0.055971 0.056031
vt -0.053194 0.056031
vt -0.051806 0.053000
vt -0.053194 0.049969
vt -0.055971 0.049969
vt -0.062614 0.053000
vt -0.061098 0.056031
vt -0.058067 0.056031
vt -0.056551 0.053000
vt -0.058067 0.049969
vt -0.061098 0.049969
vt -0.066796 0.053000
vt -0.065180 0.056031
vt -0.061946 0.056031
vt -0.060329 0.053000
vt -0.061946 0.049969
vt -0.065180 0.049969
vt -0.069836 0.053000
vt -0.068146 0.056031
vt -0.064765 0.056031
vt -0.063075 0.053000
vt -0.064765 0.049969
vt -0.068146 0.049969
vt -0.071681 0.053000
vt -0.069946 0.056031
vt -0.066476 0.056031
vt -0.064741 0.053000
vt -0.066476 0.049969
vt -0.069946 0.049969
vt -0.072300 0.053000
vt -0.070550 0.056031
vt -0.067050 0.056031
vt -0.065300 0.053000
vt -0.067050 0.049969
vt -0.070550 0.049969
vt -0.071681 0.053000
vt -0.069946 0.056031
vt -0.066476 0.056031
vt -0.064741 0.053000
vt -0.066476 0.049969
vt -0.069946 0.049969
vt -0.069836 0.053000
vt -0.068146 0.056031
vt -0.064765 0.056031
vt -0.063075 0.053000
vt -0.064765 0.049969
vt -0.068146 0.049969
vt -0.066796 0.053000
vt -0.065180 0.056031
vt -0.061946 0.056031
vt -0.060329 0.053000
vt -0.061946 0.049969
vt -0.065180 0.049969
vt -0.062614 0.053000
vt -0.061098 0.056031
vt -0.058067 0.056031
vt -0.056551 0.053000
vt -0.058067 0.049969
vt -0.061098 0.049969
vt -0.057359 0.053000
vt -0.055971 0.056031
vt -0.053194 0.056031
vt -0.051806 0.053000
vt -0.053194 0.049969
vt -0.055971 0.049969
vt -0.051124 0.053000
vt -0.049886 0.056031
vt -0.047412 0.056031
vt -0.046174 0.053000
vt -0.047412 0.049969
vt -0.049886 0.049969
vt -0.044013 0.053000
vt -0.042948 0.056031
vt -0.040817 0.056031
vt -0.039752 0.053000
vt -0.040817 0.049969
vt -0.042948 0.049969
vt -0.036150 0.053000
vt -0.035275 0.056031
vt -0.033525 0.056031
vt -0.032650 0.053000
vt -0.033525 0.049969
vt -0.035275 0.049969
vt -0.027668 0.053000
vt -0.026998 0.056031
vt -0.025659 0.056031
vt -0.024989 0.053000
vt -0.025659 0.049969
vt -0.026998 0.049969
vt -0.018713 0.053000
vt -0.018260 0.056031
vt -0.017354 0.056031
vt -0.016901 0.053000
vt -0.017354 0.049969
vt -0.018260 0.049969
vt -0.009437 0.053000
vt -0.009209 0.056031
vt -0.008752 0.056031
vt -0.008523 0.053000
vt -0.008752 0.049969
vt -0.009209 0.049969
vt -0.000000 0.053000
vt -0.000000 0.056031
vt -0.000000 0.056031
vt -0.000000 0.053000
vt -0.000000 0.049969
vt -0.000000 0.049969
vt 0.009437 0.053000
vt 0.009209 0.056031
vt 0.008752 0.056031
vt 0.008523 0.053000
vt 0.008752 0.049969
vt 0.009209 0.049969
vt 0.018713 0.053000
vt 0.018260 0.056031
vt 0.017354 0.056031
vt 0.016901 0.053000
vt 0.017354 0.049969
vt 0.018260 0.049969
vt 0.027668 0.053000
vt 0.026998 0.056031
vt 0.025659 0.056031
vt 0.024989 0.053000
vt 0.025659 0.049969
vt 0.026998 0.049969
vt 0.036150 0.053000
vt 0.035275 0.056031
vt 0.033525 0.056031
vt 0.032650 0.053000
vt 0.033525 0.049969
vt 0.035275 0.049969
vt 0.044013 0.053000
vt 0.042948 0.056031
vt 0.040817 0.056031
vt 0.039752 0.053000
vt 0.040817 0.049969
vt 0.042948 0.049969
vt 0.051124 0.053000
vt 0.049886 0.056031
vt 0.047412 0.056031
vt 0.046174 0.053000
vt 0.047412 0.049969
vt 0.049886 0.049969
vt 0.057359 0.053000
vt 0.055971 0.056031
vt 0.053194 0.056031
vt 0.051806 0.053000
vt 0.053194 0.049969
vt 0.055971 0.049969
vt 0.062614 0.053000
vt 0.061098 0.056031
vt 0.058067 0.056031
vt 0.056551 0.053000
vt 0.058067 0.049969
vt 0.061098 0.049969
vt 0.066796 0.053000
vt 0.065180 0.056031
vt 0.061946 0.056031
vt 0.060329 0.053000
vt 0.061946 0.049969
vt 0.065180 0.049969
vt 0.069836 0.053000
vt 0.068146 0.056031
vt 0.064765 0.056031
vt 0.063075 0.053000
vt 0.064765 0.049969
vt 0.068146 0.049969
vt 0.071681 0.053000
vt 0.069946 0.056031
vt 0.066476 0.056031
vt 0.064741 0.053000
vt 0.066476 0.049969
vt 0.069946 0.049969
vt 0.028837 -0.004291
vt 0.017357 0.023425
vt -0.028837 0.004291
vt -0.017357 -0.023425
vt 0.028837 -0.004291
vt -0.017357 -0.023425
vt -0.028837 0.004291
vt 0.017357 0.023425
vt -0.004291 -0.460000
vt -0.004291 0.460000
vt 0.023425 0.460000
vt 0.023425 -0.460000
vt -0.017357 -0.023425
vt -0.028837 0.004291
vt -0.028837 0.004291
vt -0.017357 -0.023425
vt 0.028837 -0.004291
vt -0.017357 -0.023425
vt -0.017357 -0.023425
vt 0.028837 -0.004291
vt 0.023425 -0.460000
vt 0.023425 0.460000
vt 0.004291 0.460000
vt 0.004291 -0.460000
vt 0.028837 -0.004291
vt 0.017357 0.023425
vt -0.028837 0.004291
vt -0.017357 -0.023425
vt 0.028837 -0.004291
vt -0.017357 -0.023425
vt -0.028837 0.004291
vt 0.017357 0.023425
vt -0.004291 -0.460000
vt -0.004291 0.460000
vt 0.023425 0.460000
vt 0.023425 -0.460000
vt -0.017357 -0.023425
vt -0.028837 0.004291
vt -0.028837 0.004291
vt -0.017357 -0.023425
vt 0.028837 -0.004291
vt -0.017357 -0.023425
vt -0.017357 -0.023425
vt 0.028837 -0.004291
vt 0.023425 -0.460000
vt 0.023425 0.460000
vt 0.004291 0.460000
vt 0.004291 -0.460000
vt 0.023425 0.017357
vt -0.004291 0.028837
vt -0.023425 -0.017357
vt 0.004291 -0.028837
vt 0.023425 0.017357
vt 0.004291 -0.028837
vt -0.023425 -0.017357
vt -0.004291 0.028837
vt 0.017357 -0.460000
vt 0.017357 0.460000
vt 0.028837 0.460000
vt 0.028837 -0.460000
vt 0.004291 -0.028837
vt -0.023425 -0.017357
vt -0.023425 -0.017357
vt 0.004291 -0.028837
vt 0.023425 0.017357
vt 0.004291 -0.028837
vt 0.004291 -0.028837
vt 0.023425 0.017357
vt 0.028837 -0.460000
vt 0.028837 0.460000
vt -0.017357 0.460000
vt -0.017357 -0.460000
vt 0.023425 0.017357
vt -0.004291 0.028837
vt -0.023425 -0.017357
vt 0.004291 -0.028837
vt 0.023425 0.017357
vt 0.004291 -0.028837
vt -0.023425 -0.017357
vt -0.004291 0.028837
vt 0.017357 -0.460000
vt 0.017357 0.460000
vt 0.028837 0.460000
vt 0.028837 -0.460000
vt 0.004291 -0.028837
vt -0.023425 -0.017357
vt -0.023425 -0.017357
vt 0.004291 -0.028837
vt 0.023425 0.017357
vt 0.004291 -0.028837
vt 0.004291 -0.028837
vt 0.023425 0.017357
vt 0.028837 -0.460000
vt 0.028837 0.460000
vt -0.017357 0.460000
vt -0.017357 -0.460000
vt 0.004291 0.028837
vt -0.023425 0.017357
vt -0.004291 -0.028837
vt 0.023425 -0.017357
vt 0.004291 0.028837
vt 0.023425 -0.017357
vt -0.004291 -0.028837
vt -0.023425 0.017357
vt 0.028837 -0.460000
vt 0.028837 0.460000
vt 0.017357 0.460000
vt 0.017357 -0.460000
vt 0.023425 -0.017357
vt -0.004291 -0.028837
vt -0.004291 -0.028837
vt 0.023425 -0.017357
vt 0.004291 0.028837
vt 0.023425 -0.017357
vt 0.023425 -0.017357
vt 0.004291 0.028837
vt 0.017357 -0.460000
vt 0.017357 0.460000
vt -0.028837 0.460000
vt -0.028837 -0.460000
vt 0.004291 0.028837
vt -0.023425 0.017357
vt -0.004291 -0.028837
vt 0.023425 -0.017357
vt 0.004291 0.028837
vt 0.023425 -0.017357
vt -0.004291 -0.028837
vt -0.023425 0.017357
vt 0.028837 -0.460000
vt 0.028837 0.460000
vt 0.017357 0.460000
vt 0.017357 -0.460000
vt 0.023425 -0.017357
vt -0.004291 -0.028837
vt -0.004291 -0.028837
vt 0.023425 -0.017357
vt 0.004291 0.028837
vt 0.023425 -0.017357
vt 0.023425 -0.017357
vt 0.004291 0.028837
vt 0.017357 -0.460000
vt 0.017357 0.460000
vt -0.028837 0.460000
vt -0.028837 -0.460000
vt -0.017357 0.023425
vt -0.028837 -0.004291
vt 0.017357 -0.023425
vt 0.028837 0.004291
vt -0.017357 0.023425
vt 0.028837 0.004291
vt 0.017357 -0.023425
vt -0.028837 -0.004291
vt 0.023425 -0.460000
vt 0.023425 0.460000
vt -0.004291 0.460000
vt -0.004291 -0.460000
vt 0.028837 0.004291
vt 0.017357 -0.023425
vt 0.017357 -0.023425
vt 0.028837 0.004291
vt -0.017357 0.023425
vt 0.028837 0.004291
vt 0.028837 0.004291
vt -0.017357 0.023425
vt -0.004291 -0.460000
vt -0.004291 0.460000
vt -0.023425 0.460000
vt -0.023425 -0.460000
vt -0.017357 0.023425
vt -0.028837 -0.004291
vt 0.017357 -0.023425
vt 0.028837 0.004291
vt -0.017357 0.023425
vt 0.028837 0.004291
vt 0.017357 -0.023425
vt -0.028837 -0.004291
vt 0.023425 -0.460000
vt 0.023425 0.460000
vt -0.004291 0.460000
vt -0.004291 -0.460000
vt 0.028837 0.004291
vt 0.017357 -0.023425
vt 0.017357 -0.023425
vt 0.028837 0.004291
vt -0.017357 0.023425
vt 0.028837 0.004291
vt 0.028837 0.004291
vt -0.017357 0.023425
vt -0.004291 -0.460000
vt -0.004291 0.460000
vt -0.023425 0.460000
vt -0.023425 -0.460000
vt -0.028837 0.004291
vt -0.017357 -0.023425
vt 0.028837 -0.004291
vt 0.017357 0.023425
vt -0.028837 0.004291
vt 0.017357 0.023425
vt 0.028837 -0.004291
vt -0.017357 -0.023425
vt 0.004291 -0.460000
vt 0.004291 0.460000
vt -0.023425 0.460000
vt -0.023425 -0.460000
vt 0.017357 0.023425
vt 0.028837 -0.004291
vt 0.028837 -0.004291
vt 0.017357 0.023425
vt -0.028837 0.004291
vt 0.017357 0.023425
vt 0.017357 0.023425
vt -0.028837 0.004291
vt -0.023425 -0.460000
vt -0.023425 0.460000
vt -0.004291 0.460000
vt -0.004291 -0.460000
vt -0.028837 0.004291
vt -0.017357 -0.023425
vt 0.028837 -0.004291
vt 0.017357 0.023425
vt -0.028837 0.004291
vt 0.017357 0.023425
vt 0.028837 -0.004291
vt -0.017357 -0.023425
vt 0.004291 -0.460000
vt 0.004291 0.460000
vt -0.023425 0.460000
vt -0.023425 -0.460000
vt 0.017357 0.023425
vt 0.028837 -0.004291
vt 0.028837 -0.004291
vt 0.017357 0.023425
vt -0.028837 0.004291
vt 0.017357 0.023425
vt 0.017357 0.023425
vt -0.028837 0.004291
vt -0.023425 -0.460000
vt -0.023425 0.460000
vt -0.004291 0.460000
vt -0.004291 -0.460000
vt -0.023425 -0.017357
vt 0.004291 -0.028837
vt 0.023425 0.017357
vt -0.004291 0.028837
vt -0.023425 -0.017357
vt -0.004291 0.028837
vt 0.023425 0.017357
vt 0.004291 -0.028837
vt -0.017357 -0.460000
vt -0.017357 0.460000
vt -0.028837 0.460000
vt -0.028837 -0.460000
vt -0.004291 0.028837
vt 0.023425 0.017357
vt 0.023425 0.017357
vt -0.004291 0.028837
vt -0.023425 -0.017357
vt -0.004291 0.028837
vt -0.004291 0.028837
vt -0.023425 -0.017357
vt -0.028837 -0.460000
vt -0.028837 0.460000
vt 0.017357 0.460000
vt 0.017357 -0.460000
vt -0.023425 -0.017357
vt 0.004291 -0.028837
vt 0.023425 0.017357
vt -0.004291 0.028837
vt -0.023425 -0.017357
vt -0.004291 0.028837
vt 0.023425 0.017357
vt 0.004291 -0.028837
vt -0.017357 -0.460000
vt -0.017357 0.460000
vt -0.028837 0.460000
vt -0.028837 -0.460000
vt -0.004291 0.028837
vt 0.023425 0.017357
vt 0.023425 0.017357
vt -0.004291 0.028837
vt -0.023425 -0.017357
vt -0.004291 0.028837
vt -0.004291 0.028837
vt -0.023425 -0.017357
vt -0.028837 -0.460000
vt -0.028837 0.460000
vt 0.017357 0.460000
vt 0.017357 -0.460000
vt -0.004291 -0.028837
vt 0.023425 -0.017357
vt 0.004291 0.028837
vt -0.023425 0.017357
vt -0.004291 -0.028837
vt -0.023425 0.017357
vt 0.004291 0.028837
vt 0.023425 -0.017357
vt -0.028837 -0.460000
vt -0.028837 0.460000
vt -0.017357 0.460000
vt -0.017357 -0.460000
vt -0.023425 0.017357
vt 0.004291 0.028837
vt 0.004291 0.028837
vt -0.023425 0.017357
vt -0.004291 -0.028837
vt -0.023425 0.017357
vt -0.023425 0.017357
vt -0.004291 -0.028837
vt -0.017357 -0.460000
vt -0.017357 0.460000
vt 0.028837 0.460000
vt 0.028837 -0.460000
vt -0.004291 -0.028837
vt 0.023425 -0.017357
vt 0.004291 0.028837
vt -0.023425 0.017357
vt -0.004291 -0.028837
vt -0.023425 0.017357
vt 0.004291 0.028837
vt 0.023425 -0.017357
vt -0.028837 -0.460000
vt -0.028837 0.460000
vt -0.017357 0.460000
vt -0.017357 -0.460000
vt -0.023425 0.017357
vt 0.004291 0.028837
vt 0.004291 0.028837
vt -0.023425 0.017357
vt -0.004291 -0.028837
vt -0.023425 0.017357
vt -0.023425 0.017357
vt -0.004291 -0.028837
vt -0.017357 -0.460000
vt -0.017357 0.460000
vt 0.028837 0.460000
vt 0.028837 -0.460000
vt 0.017357 -0.023425
vt 0.028837 0.004291
vt -0.017357 0.023425
vt -0.028837 -0.004291
vt 0.017357 -0.023425
vt -0.028837 -0.004291
vt -0.017357 0.023425
vt 0.028837 0.004291
vt -0.023425 -0.460000
vt -0.023425 0.460000
vt 0.004291 0.460000
vt 0.004291 -0.460000
vt -0.028837 -0.004291
vt -0.017357 0.023425
vt -0.017357 0.023425
vt -0.028837 -0.004291
vt 0.017357 -0.023425
vt -0.028837 -0.004291
vt -0.028837 -0.004291
vt 0.017357 -0.023425
vt 0.004291 -0.460000
vt 0.004291 0.460000
vt 0.023425 0.460000
vt 0.023425 -0.460000
vt 0.017357 -0.023425
vt 0.028837 0.004291
vt -0.017357 0.023425
vt -0.028837 -0.004291
vt 0.017357 -0.023425
vt -0.028837 -0.004291
vt -0.017357 0.023425
vt 0.028837 0.004291
vt -0.023425 -0.460000
vt -0.023425 0.460000
vt 0.004291 0.460000
vt 0.004291 -0.460000
vt -0.028837 -0.004291
vt -0.017357 0.023425
vt -0.017357 0.023425
vt -0.028837 -0.004291
vt 0.017357 -0.023425
vt -0.028837 -0.004291
vt -0.028837 -0.004291
vt 0.017357 -0.023425
vt 0.004291 -0.460000
vt 0.004291 0.460000
vt 0.023425 0.460000
vt 0.023425 -0.460000
vt 0.195000 0.119000
vt 0.195000 0.143000
vt 0.193332 0.119000
vt 0.193332 0.143000
vt 0.188356 0.119000
vt 0.188356 0.143000
vt 0.180157 0.119000
vt 0.180157 0.143000
vt 0.168875 0.119000
vt 0.168875 0.143000
vt 0.154704 0.119000
vt 0.154704 0.143000
vt 0.137886 0.119000
vt 0.137886 0.143000
vt 0.118708 0.119000
vt 0.118708 0.143000
vt 0.097500 0.119000
vt 0.097500 0.143000
vt 0.074623 0.119000
vt 0.074623 0.143000
vt 0.050470 0.119000
vt 0.050470 0.143000
vt 0.025453 0.119000
vt 0.025453 0.143000
vt 0.000000 0.119000
vt 0.000000 0.143000
vt -0.025453 0.119000
vt -0.025453 0.143000
vt -0.050470 0.119000
vt -0.050470 0.143000
vt -0.074623 0.119000
vt -0.074623 0.143000
vt -0.097500 0.119000
vt -0.097500 0.143000
vt -0.118708 0.119000
vt -0.118708 0.143000
vt -0.137886 0.119000
vt -0.137886 0.143000
vt -0.154704 0.119000
vt -0.154704 0.143000
vt -0.168875 0.119000
vt -0.168875 0.143000
vt -0.180157 0.119000
vt -0.180157 0.143000
vt -0.188356 0.119000
vt -0.188356 0.143000
vt -0.193332 0.119000
vt -0.193332 0.143000
vt -0.195000 0.119000
vt -0.195000 0.143000
vt -0.193332 0.119000
vt -0.193332 0.143000
vt -0.188356 0.119000
vt -0.188356 0.143000
vt -0.180157 0.119000
vt -0.180157 0.143000
vt -0.168875 0.119000
vt -0.168875 0.143000
vt -0.154704 0.119000
vt -0.154704 0.143000
vt -0.137886 0.119000
vt -0.137886 0.143000
vt -0.118708 0.119000
vt -0.118708 0.143000
vt -0.097500 0.119000
vt -0.097500 0.143000
vt -0.074623 0.119000
vt -0.074623 0.143000
vt -0.050470 0.119000
vt -0.050470 0.143000
vt -0.025453 0.119000
vt -0.025453 0.143000
vt -0.000000 0.119000
vt -0.000000 0.143000
vt 0.025453 0.119000
vt 0.025453 0.143000
vt 0.050470 0.119000
vt 0.050470 0.143000
vt 0.074623 0.119000
vt 0.074623 0.143000
vt 0.097500 0.119000
vt 0.097500 0.143000
vt 0.118708 0.119000
vt 0.118708 0.143000
vt 0.137886 0.119000
vt 0.137886 0.143000
vt 0.154704 0.119000
vt 0.154704 0.143000
vt 0.168875 0.119000
vt 0.168875 0.143000
vt 0.180157 0.119000
vt 0.180157 0.143000
vt 0.188356 0.119000
vt 0.188356 0.143000
vt 0.193332 0.119000
vt 0.193332 0.143000
vt 0.202000 0.133000
vt 0.164000 0.163000
vt 0.198119 0.133000
vt 0.160849 0.163000
vt 0.186624 0.133000
vt 0.151516 0.163000
vt 0.167957 0.133000
vt 0.136361 0.163000
vt 0.142836 0.133000
vt 0.115966 0.163000
vt 0.112225 0.133000
vt 0.091114 0.163000
vt 0.077302 0.133000
vt 0.062760 0.163000
vt 0.039408 0.133000
vt 0.031995 0.163000
vt 0.000000 0.133000
vt 0.000000 0.163000
vt -0.039408 0.133000
vt -0.031995 0.163000
vt -0.077302 0.133000
vt -0.062760 0.163000
vt -0.112225 0.133000
vt -0.091114 0.163000
vt -0.142836 0.133000
vt -0.115966 0.163000
vt -0.167957 0.133000
vt -0.136361 0.163000
vt -0.186624 0.133000
vt -0.151516 0.163000
vt -0.198119 0.133000
vt -0.160849 0.163000
vt -0.202000 0.133000
vt -0.164000 0.163000
vt -0.198119 0.133000
vt -0.160849 0.163000
vt -0.186624 0.133000
vt -0.151516 0.163000
vt -0.167957 0.133000
vt -0.136361 0.163000
vt -0.142836 0.133000
vt -0.115966 0.163000
vt -0.112225 0.133000
vt -0.091114 0.163000
vt -0.077302 0.133000
vt -0.062760 0.163000
vt -0.039408 0.133000
vt -0.031995 0.163000
vt -0.000000 0.133000
vt -0.000000 0.163000
vt 0.039408 0.133000
vt 0.031995 0.163000
vt 0.077302 0.133000
vt 0.062760 0.163000
vt 0.112225 0.133000
vt 0.091114 0.163000
vt 0.142836 0.133000
vt 0.115966 0.163000
vt 0.167957 0.133000
vt 0.136361 0.163000
vt 0.186624 0.133000
vt 0.151516 0.163000
vt 0.198119 0.133000
vt 0.160849 0.163000
vt 0.186000 0.161000
vt 0.183927 0.163853
vt 0.180573 0.162763
vt 0.180573 0.159237
vt 0.183927 0.158147
vt 0.183710 0.161000
vt 0.181663 0.163853
vt 0.178350 0.162763
vt 0.178350 0.159237
vt 0.181663 0.158147
vt 0.176897 0.161000
vt 0.174925 0.163853
vt 0.171735 0.162763
vt 0.171735 0.159237
vt 0.174925 0.158147
vt 0.165727 0.161000
vt 0.163880 0.163853
vt 0.160892 0.162763
vt 0.160892 0.159237
vt 0.163880 0.158147
vt 0.150477 0.161000
vt 0.148800 0.163853
vt 0.146087 0.162763
vt 0.146087 0.159237
vt 0.148800 0.158147
vt 0.131522 0.161000
vt 0.130056 0.163853
vt 0.127684 0.162763
vt 0.127684 0.159237
vt 0.130056 0.158147
vt 0.109328 0.161000
vt 0.108110 0.163853
vt 0.106138 0.162763
vt 0.106138 0.159237
vt 0.108110 0.158147
vt 0.084442 0.161000
vt 0.083501 0.163853
vt 0.081978 0.162763
vt 0.081978 0.159237
vt 0.083501 0.158147
vt 0.057477 0.161000
vt 0.056837 0.163853
vt 0.055800 0.162763
vt 0.055800 0.159237
vt 0.056837 0.158147
vt 0.029097 0.161000
vt 0.028773 0.163853
vt 0.028248 0.162763
vt 0.028248 0.159237
vt 0.028773 0.158147
vt 0.000000 0.161000
vt 0.000000 0.163853
vt 0.000000 0.162763
vt 0.000000 0.159237
vt 0.000000 0.158147
vt -0.029097 0.161000
vt -0.028773 0.163853
vt -0.028248 0.162763
vt -0.028248 0.159237
vt -0.028773 0.158147
vt -0.057477 0.161000
vt -0.056837 0.163853
vt -0.055800 0.162763
vt -0.055800 0.159237
vt -0.056837 0.158147
vt -0.084442 0.161000
vt -0.083501 0.163853
vt -0.081978 0.162763
vt -0.081978 0.159237
vt -0.083501 0.158147
vt -0.109328 0.161000
vt -0.108110 0.163853
vt -0.106138 0.162763
vt -0.106138 0.159237
vt -0.108110 0.158147
vt -0.131522 0.161000
vt -0.130056 0.163853
vt -0.127684 0.162763
vt -0.127684 0.159237
vt -0.130056 0.158147
vt -0.150477 0.161000
vt -0.148800 0.163853
vt -0.146087 0.162763
vt -0.146087 0.159237
vt -0.148800 0.158147
vt -0.165727 0.161000
vt -0.163880 0.163853
vt -0.160892 0.162763
vt -0.160892 0.159237
vt -0.163880 0.158147
vt -0.176897 0.161000
vt -0.174925 0.163853
vt -0.171735 0.162763
vt -0.171735 0.159237
vt -0.174925 0.158147
vt -0.183710 0.161000
vt -0.181663 0.163853
vt -0.178350 0.162763
vt -0.178350 0.159237
vt -0.181663 0.158147
vt -0.186000 0.161000
vt -0.183927 0.163853
vt -0.180573 0.162763
vt -0.180573 0.159237
vt -0.183927 0.158147
vt -0.183710 0.161000
vt -0.181663 0.163853
vt -0.178350 0.162763
vt -0.178350 0.159237
vt -0.181663 0.158147
vt -0.176897 0.161000
vt -0.174925 0.163853
vt -0.171735 0.162763
vt -0.171735 0.159237
vt -0.174925 0.158147
vt -0.165727 0.161000
vt -0.163880 0.163853
vt -0.160892 0.162763
vt -0.160892 0.159237
vt -0.163880 0.158147
vt -0.150477 0.161000
vt -0.148800 0.163853
vt -0.146087 0.162763
vt -0.146087 0.159237
vt -0.148800 0.158147
vt -0.131522 0.161000
vt -0.130056 0.163853
vt -0.127684 0.162763
vt -0.127684 0.159237
vt -0.130056 0.158147
vt -0.109328 0.161000
vt -0.108110 0.163853
vt -0.106138 0.162763
vt -0.106138 0.159237
vt -0.108110 0.158147
vt -0.084442 0.161000
vt -0.083501 0.163853
vt -0.081978 0.162763
vt -0.081978 0.159237
vt -0.083501 0.158147
vt -0.057477 0.161000
vt -0.056837 0.163853
vt -0.055800 0.162763
vt -0.055800 0.159237
vt -0.056837 0.158147
vt -0.029097 0.161000
vt -0.028773 0.163853
vt -0.028248 0.162763
vt -0.028248 0.159237
vt -0.028773 0.158147
vt -0.000000 0.161000
vt -0.000000 0.163853
vt -0.000000 0.162763
vt -0.000000 0.159237
vt -0.000000 0.158147
vt 0.029097 0.161000
vt 0.028773 0.163853
vt 0.028248 0.162763
vt 0.028248 0.159237
vt 0.028773 0.158147
vt 0.057477 0.161000
vt 0.056837 0.163853
vt 0.055800 0.162763
vt 0.055800 0.159237
vt 0.056837 0.158147
vt 0.084442 0.161000
vt 0.083501 0.163853
vt 0.081978 0.162763
vt 0.081978 0.159237
vt 0.083501 0.158147
vt 0.109328 0.161000
vt 0.108110 0.163853
vt 0.106138 0.162763
vt 0.106138 0.159237
vt 0.108110 0.158147
vt 0.131522 0.161000
vt 0.130056 0.163853
vt 0.127684 0.162763
vt 0.127684 0.159237
vt 0.130056 0.158147
vt 0.150477 0.161000
vt 0.148800 0.163853
vt 0.146087 0.162763
vt 0.146087 0.159237
vt 0.148800 0.158147
vt 0.165727 0.161000
vt 0.163880 0.163853
vt 0.160892 0.162763
vt 0.160892 0.159237
vt 0.163880 0.158147
vt 0.176897 0.161000
vt 0.174925 0.163853
vt 0.171735 0.162763
vt 0.171735 0.159237
vt 0.174925 0.158147
vt 0.183710 0.161000
vt 0.181663 0.163853
vt 0.178350 0.162763
vt 0.178350 0.159237
vt 0.181663 0.158147
vt 0.182000 0.159000
vt 0.144000 0.189000
vt 0.178503 0.159000
vt 0.141233 0.189000
vt 0.168146 0.159000
vt 0.133039 0.189000
vt 0.151327 0.159000
vt 0.119732 0.189000
vt 0.128693 0.159000
vt 0.101823 0.189000
vt 0.101114 0.159000
vt 0.080002 0.189000
vt 0.069648 0.159000
vt 0.055106 0.189000
vt 0.035506 0.159000
vt 0.028093 0.189000
vt 0.000000 0.159000
vt 0.000000 0.189000
vt -0.035506 0.159000
vt -0.028093 0.189000
vt -0.069648 0.159000
vt -0.055106 0.189000
vt -0.101114 0.159000
vt -0.080002 0.189000
vt -0.128693 0.159000
vt -0.101823 0.189000
vt -0.151327 0.159000
vt -0.119732 0.189000
vt -0.168146 0.159000
vt -0.133039 0.189000
vt -0.178503 0.159000
vt -0.141233 0.189000
vt -0.182000 0.159000
vt -0.144000 0.189000
vt -0.178503 0.159000
vt -0.141233 0.189000
vt -0.168146 0.159000
vt -0.133039 0.189000
vt -0.151327 0.159000
vt -0.119732 0.189000
vt -0.128693 0.159000
vt -0.101823 0.189000
vt -0.101114 0.159000
vt -0.080002 0.189000
vt -0.069648 0.159000
vt -0.055106 0.189000
vt -0.035506 0.159000
vt -0.028093 0.189000
vt -0.000000 0.159000
vt -0.000000 0.189000
vt 0.035506 0.159000
vt 0.028093 0.189000
vt 0.069648 0.159000
vt 0.055106 0.189000
vt 0.101114 0.159000
vt 0.080002 0.189000
vt 0.128693 0.159000
vt 0.101823 0.189000
vt 0.151327 0.159000
vt 0.119732 0.189000
vt 0.168146 0.159000
vt 0.133039 0.189000
vt 0.178503 0.159000
vt 0.141233 0.189000
vt 0.166000 0.187000
vt 0.163927 0.189853
vt 0.160573 0.188763
vt 0.160573 0.185237
vt 0.163927 0.184147
vt 0.163956 0.187000
vt 0.161909 0.189853
vt 0.158596 0.188763
vt 0.158596 0.185237
vt 0.161909 0.184147
vt 0.157875 0.187000
vt 0.155904 0.189853
vt 0.152714 0.188763
vt 0.152714 0.185237
vt 0.155904 0.184147
vt 0.147907 0.187000
vt 0.146060 0.189853
vt 0.143072 0.188763
vt 0.143072 0.185237
vt 0.146060 0.184147
vt 0.134297 0.187000
vt 0.132620 0.189853
vt 0.129906 0.188763
vt 0.129906 0.185237
vt 0.132620 0.184147
vt 0.117380 0.187000
vt 0.115914 0.189853
vt 0.113542 0.188763
vt 0.113542 0.185237
vt 0.115914 0.184147
vt 0.097572 0.187000
vt 0.096354 0.189853
vt 0.094382 0.188763
vt 0.094382 0.185237
vt 0.096354 0.184147
vt 0.075362 0.187000
vt 0.074421 0.189853
vt 0.072899 0.188763
vt 0.072899 0.185237
vt 0.074421 0.184147
vt 0.051297 0.187000
vt 0.050656 0.189853
vt 0.049620 0.188763
vt 0.049620 0.185237
vt 0.050656 0.184147
vt 0.025968 0.187000
vt 0.025644 0.189853
vt 0.025119 0.188763
vt 0.025119 0.185237
vt 0.025644 0.184147
vt 0.000000 0.187000
vt 0.000000 0.189853
vt 0.000000 0.188763
vt 0.000000 0.185237
vt 0.000000 0.184147
vt -0.025968 0.187000
vt -0.025644 0.189853
vt -0.025119 0.188763
vt -0.025119 0.185237
vt -0.025644 0.184147
vt -0.051297 0.187000
vt -0.050656 0.189853
vt -0.049620 0.188763
vt -0.049620 0.185237
vt -0.050656 0.184147
vt -0.075362 0.187000
vt -0.074421 0.189853
vt -0.072899 0.188763
vt -0.072899 0.185237
vt -0.074421 0.184147
vt -0.097572 0.187000
vt -0.096354 0.189853
vt -0.094382 0.188763
vt -0.094382 0.185237
vt -0.096354 0.184147
vt -0.117380 0.187000
vt -0.115914 0.189853
vt -0.113542 0.188763
vt -0.113542 0.185237
vt -0.115914 0.184147
vt -0.134297 0.187000
vt -0.132620 0.189853
vt -0.129906 0.188763
vt -0.129906 0.185237
vt -0.132620 0.184147
vt -0.147907 0.187000
vt -0.146060 0.189853
vt -0.143072 0.188763
vt -0.143072 0.185237
vt -0.146060 0.184147
vt -0.157875 0.187000
vt -0.155904 0.189853
vt -0.152714 0.188763
vt -0.152714 0.185237
vt -0.155904 0.184147
vt -0.163956 0.187000
vt -0.161909 0.189853
vt -0.158596 0.188763
vt -0.158596 0.185237
vt -0.161909 0.184147
vt -0.166000 0.187000
vt -0.163927 0.189853
vt -0.160573 0.188763
vt -0.160573 0.185237
vt -0.163927 0.184147
vt -0.163956 0.187000
vt -0.161909 0.189853
vt -0.158596 0.188763
vt -0.158596 0.185237
vt -0.161909 0.184147
vt -0.157875 0.187000
vt -0.155904 0.189853
vt -0.152714 0.188763
vt -0.152714 0.185237
vt -0.155904 0.184147
vt -0.147907 0.187000
vt -0.146060 0.189853
vt -0.143072 0.188763
vt -0.143072 0.185237
vt -0.146060 0.184147
vt -0.134297 0.187000
vt -0.132620 0.189853
vt -0.129906 0.188763
vt -0.129906 0.185237
vt -0.132620 0.184147
vt -0.117380 0.187000
vt -0.115914 0.189853
vt -0.113542 0.188763
vt -0.113542 0.185237
vt -0.115914 0.184147
vt -0.097572 0.187000
vt -0.096354 0.189853
vt -0.094382 0.188763
vt -0.094382 0.185237
vt -0.096354 0.184147
vt -0.075362 0.187000
vt -0.074421 0.189853
vt -0.072899 0.188763
vt -0.072899 0.185237
vt -0.074421 0.184147
vt -0.051297 0.187000
vt -0.050656 0.189853
vt -0.049620 0.188763
vt -0.049620 0.185237
vt -0.050656 0.184147
vt -0.025968 0.187000
vt -0.025644 0.189853
vt -0.025119 0.188763
vt -0.025119 0.185237
vt -0.025644 0.184147
vt -0.000000 0.187000
vt -0.000000 0.189853
vt -0.000000 0.188763
vt -0.000000 0.185237
vt -0.000000 0.184147
vt 0.025968 0.187000
vt 0.025644 0.189853
vt 0.025119 0.188763
vt 0.025119 0.185237
vt 0.025644 0.184147
vt 0.051297 0.187000
vt 0.050656 0.189853
vt 0.049620 0.188763
vt 0.049620 0.185237
vt 0.050656 0.184147
vt 0.075362 0.187000
vt 0.074421 0.189853
vt 0.072899 0.188763
vt 0.072899 0.185237
vt 0.074421 0.184147
vt 0.097572 0.187000
vt 0.096354 0.189853
vt 0.094382 0.188763
vt 0.094382 0.185237
vt 0.096354 0.184147
vt 0.117380 0.187000
vt 0.115914 0.189853
vt 0.113542 0.188763
vt 0.113542 0.185237
vt 0.115914 0.184147
vt 0.134297 0.187000
vt 0.132620 0.189853
vt 0.129906 0.188763
vt 0.129906 0.185237
vt 0.132620 0.184147
vt 0.147907 0.187000
vt 0.146060 0.189853
vt 0.143072 0.188763
vt 0.143072 0.185237
vt 0.146060 0.184147
vt 0.157875 0.187000
vt 0.155904 0.189853
vt 0.152714 0.188763
vt 0.152714 0.185237
vt 0.155904 0.184147
vt 0.163956 0.187000
vt 0.161909 0.189853
vt 0.158596 0.188763
vt 0.158596 0.185237
vt 0.161909 0.184147
vt 0.146000 0.183000
vt 0.108000 0.213000
vt 0.143195 0.183000
vt 0.105925 0.213000
vt 0.134886 0.183000
vt 0.099779 0.213000
vt 0.121395 0.183000
vt 0.089799 0.213000
vt 0.103238 0.183000
vt 0.076368 0.213000
vt 0.081113 0.183000
vt 0.060002 0.213000
vt 0.055872 0.183000
vt 0.041330 0.213000
vt 0.028483 0.183000
vt 0.021070 0.213000
vt 0.000000 0.183000
vt 0.000000 0.213000
vt -0.028483 0.183000
vt -0.021070 0.213000
vt -0.055872 0.183000
vt -0.041330 0.213000
vt -0.081113 0.183000
vt -0.060002 0.213000
vt -0.103238 0.183000
vt -0.076368 0.213000
vt -0.121395 0.183000
vt -0.089799 0.213000
vt -0.134886 0.183000
vt -0.099779 0.213000
vt -0.143195 0.183000
vt -0.105925 0.213000
vt -0.146000 0.183000
vt -0.108000 0.213000
vt -0.143195 0.183000
vt -0.105925 0.213000
vt -0.134886 0.183000
vt -0.099779 0.213000
vt -0.121395 0.183000
vt -0.089799 0.213000
vt -0.103238 0.183000
vt -0.076368 0.213000
vt -0.081113 0.183000
vt -0.060002 0.213000
vt -0.055872 0.183000
vt -0.041330 0.213000
vt -0.028483 0.183000
vt -0.021070 0.213000
vt -0.000000 0.183000
vt -0.000000 0.213000
vt 0.028483 0.183000
vt 0.021070 0.213000
vt 0.055872 0.183000
vt 0.041330 0.213000
vt 0.081113 0.183000
vt 0.060002 0.213000
vt 0.103238 0.183000
vt 0.076368 0.213000
vt 0.121395 0.183000
vt 0.089799 0.213000
vt 0.134886 0.183000
vt 0.099779 0.213000
vt 0.143195 0.183000
vt 0.105925 0.213000
vt 0.130000 0.211000
vt 0.127927 0.213853
vt 0.124573 0.212763
vt 0.124573 0.209237
vt 0.127927 0.208147
vt 0.128399 0.211000
vt 0.126352 0.213853
vt 0.123039 0.212763
vt 0.123039 0.209237
vt 0.126352 0.208147
vt 0.123637 0.211000
vt 0.121666 0.213853
vt 0.118476 0.212763
vt 0.118476 0.209237
vt 0.121666 0.208147
vt 0.115831 0.211000
vt 0.113984 0.213853
vt 0.110995 0.212763
vt 0.110995 0.209237
vt 0.113984 0.208147
vt 0.105172 0.211000
vt 0.103495 0.213853
vt 0.100782 0.212763
vt 0.100782 0.209237
vt 0.103495 0.208147
vt 0.091924 0.211000
vt 0.090458 0.213853
vt 0.088086 0.212763
vt 0.088086 0.209237
vt 0.090458 0.208147
vt 0.076412 0.211000
vt 0.075194 0.213853
vt 0.073222 0.212763
vt 0.073222 0.209237
vt 0.075194 0.208147
vt 0.059019 0.211000
vt 0.058078 0.213853
vt 0.056555 0.212763
vt 0.056555 0.209237
vt 0.058078 0.208147
vt 0.040172 0.211000
vt 0.039532 0.213853
vt 0.038495 0.212763
vt 0.038495 0.209237
vt 0.039532 0.208147
vt 0.020336 0.211000
vt 0.020012 0.213853
vt 0.019488 0.212763
vt 0.019488 0.209237
vt 0.020012 0.208147
vt 0.000000 0.211000
vt 0.000000 0.213853
vt 0.000000 0.212763
vt 0.000000 0.209237
vt 0.000000 0.208147
vt -0.020336 0.211000
vt -0.020012 0.213853
vt -0.019488 0.212763
vt -0.019488 0.209237
vt -0.020012 0.208147
vt -0.040172 0.211000
vt -0.039532 0.213853
vt -0.038495 0.212763
vt -0.038495 0.209237
vt -0.039532 0.208147
vt -0.059019 0.211000
vt -0.058078 0.213853
vt -0.056555 0.212763
vt -0.056555 0.209237
vt -0.058078 0.208147
vt -0.076412 0.211000
vt -0.075194 0.213853
vt -0.073222 0.212763
vt -0.073222 0.209237
vt -0.075194 0.208147
vt -0.091924 0.211000
vt -0.090458 0.213853
vt -0.088086 0.212763
vt -0.088086 0.209237
vt -0.090458 0.208147
vt -0.105172 0.211000
vt -0.103495 0.213853
vt -0.100782 0.212763
vt -0.100782 0.209237
vt -0.103495 0.208147
vt -0.115831 0.211000
vt -0.113984 0.213853
vt -0.110995 0.212763
vt -0.110995 0.209237
vt -0.113984 0.208147
vt -0.123637 0.211000
vt -0.121666 0.213853
vt -0.118476 0.212763
vt -0.118476 0.209237
vt -0.121666 0.208147
vt -0.128399 0.211000
vt -0.126352 0.213853
vt -0.123039 0.212763
vt -0.123039 0.209237
vt -0.126352 0.208147
vt -0.130000 0.211000
vt -0.127927 0.213853
vt -0.124573 0.212763
vt -0.124573 0.209237
vt -0.127927 0.208147
vt -0.128399 0.211000
vt -0.126352 0.213853
vt -0.123039 0.212763
vt -0.123039 0.209237
vt -0.126352 0.208147
vt -0.123637 0.211000
vt -0.121666 0.213853
vt -0.118476 0.212763
vt -0.118476 0.209237
vt -0.121666 0.208147
vt -0.115831 0.211000
vt -0.113984 0.213853
vt -0.110995 0.212763
vt -0.110995 0.209237
vt -0.113984 0.208147
vt -0.105172 0.211000
vt -0.103495 0.213853
vt -0.100782 0.212763
vt -0.100782 0.209237
vt -0.103495 0.208147
vt -0.091924 0.211000
vt -0.090458 0.213853
vt -0.088086 0.212763
vt -0.088086 0.209237
vt -0.090458 0.208147
vt -0.076412 0.211000
vt -0.075194 0.213853
vt -0.073222 0.212763
vt -0.073222 0.209237
vt -0.075194 0.208147
vt -0.059019 0.211000
vt -0.058078 0.213853
vt -0.056555 0.212763
vt -0.056555 0.209237
vt -0.058078 0.208147
vt -0.040172 0.211000
vt -0.039532 0.213853
vt -0.038495 0.212763
vt -0.038495 0.209237
vt -0.039532 0.208147
vt -0.020336 0.211000
vt -0.020012 0.213853
vt -0.019488 0.212763
vt -0.019488 0.209237
vt -0.020012 0.208147
vt -0.000000 0.211000
vt -0.000000 0.213853
vt -0.000000 0.212763
vt -0.000000 0.209237
vt -0.000000 0.208147
vt 0.020336 0.211000
vt 0.020012 0.213853
vt 0.019488 0.212763
vt 0.019488 0.209237
vt 0.020012 0.208147
vt 0.040172 0.211000
vt 0.039532 0.213853
vt 0.038495 0.212763
vt 0.038495 0.209237
vt 0.039532 0.208147
vt 0.059019 0.211000
vt 0.058078 0.213853
vt 0.056555 0.212763
vt 0.056555 0.209237
vt 0.058078 0.208147
vt 0.076412 0.211000
vt 0.075194 0.213853
vt 0.073222 0.212763
vt 0.073222 0.209237
vt 0.075194 0.208147
vt 0.091924 0.211000
vt 0.090458 0.213853
vt 0.088086 0.212763
vt 0.088086 0.209237
vt 0.090458 0.208147
vt 0.105172 0.211000
vt 0.103495 0.213853
vt 0.100782 0.212763
vt 0.100782 0.209237
vt 0.103495 0.208147
vt 0.115831 0.211000
vt 0.113984 0.213853
vt 0.110995 0.212763
vt 0.110995 0.209237
vt 0.113984 0.208147
vt 0.123637 0.211000
vt 0.121666 0.213853
vt 0.118476 0.212763
vt 0.118476 0.209237
vt 0.121666 0.208147
vt 0.128399 0.211000
vt 0.126352 0.213853
vt 0.123039 0.212763
vt 0.123039 0.209237
vt 0.126352 0.208147
vt 0.100000 0.201000
vt 0.062000 0.231000
vt 0.098079 0.201000
vt 0.060809 0.231000
vt 0.092388 0.201000
vt 0.057281 0.231000
vt 0.083147 0.201000
vt 0.051551 0.231000
vt 0.070711 0.201000
vt 0.043841 0.231000
vt 0.055557 0.201000
vt 0.034445 0.231000
vt 0.038268 0.201000
vt 0.023726 0.231000
vt 0.019509 0.201000
vt 0.012096 0.231000
vt 0.000000 0.201000
vt 0.000000 0.231000
vt -0.019509 0.201000
vt -0.012096 0.231000
vt -0.038268 0.201000
vt -0.023726 0.231000
vt -0.055557 0.201000
vt -0.034445 0.231000
vt -0.070711 0.201000
vt -0.043841 0.231000
vt -0.083147 0.201000
vt -0.051551 0.231000
vt -0.092388 0.201000
vt -0.057281 0.231000
vt -0.098079 0.201000
vt -0.060809 0.231000
vt -0.100000 0.201000
vt -0.062000 0.231000
vt -0.098079 0.201000
vt -0.060809 0.231000
vt -0.092388 0.201000
vt -0.057281 0.231000
vt -0.083147 0.201000
vt -0.051551 0.231000
vt -0.070711 0.201000
vt -0.043841 0.231000
vt -0.055557 0.201000
vt -0.034445 0.231000
vt -0.038268 0.201000
vt -0.023726 0.231000
vt -0.019509 0.201000
vt -0.012096 0.231000
vt -0.000000 0.201000
vt -0.000000 0.231000
vt 0.019509 0.201000
vt 0.012096 0.231000
vt 0.038268 0.201000
vt 0.023726 0.231000
vt 0.055557 0.201000
vt 0.034445 0.231000
vt 0.070711 0.201000
vt 0.043841 0.231000
vt 0.083147 0.201000
vt 0.051551 0.231000
vt 0.092388 0.201000
vt 0.057281 0.231000
vt 0.098079 0.201000
vt 0.060809 0.231000
vt 0.084000 0.229000
vt 0.081927 0.231853
vt 0.078573 0.230763
vt 0.078573 0.227237
vt 0.081927 0.226147
vt 0.082966 0.229000
vt 0.080918 0.231853
vt 0.077606 0.230763
vt 0.077606 0.227237
vt 0.080918 0.226147
vt 0.079889 0.229000
vt 0.077917 0.231853
vt 0.074727 0.230763
vt 0.074727 0.227237
vt 0.077917 0.226147
vt 0.074845 0.229000
vt 0.072998 0.231853
vt 0.070009 0.230763
vt 0.070009 0.227237
vt 0.072998 0.226147
vt 0.067957 0.229000
vt 0.066280 0.231853
vt 0.063567 0.230763
vt 0.063567 0.227237
vt 0.066280 0.226147
vt 0.059397 0.229000
vt 0.057931 0.231853
vt 0.055559 0.230763
vt 0.055559 0.227237
vt 0.057931 0.226147
vt 0.049374 0.229000
vt 0.048156 0.231853
vt 0.046184 0.230763
vt 0.046184 0.227237
vt 0.048156 0.226147
vt 0.038135 0.229000
vt 0.037194 0.231853
vt 0.035671 0.230763
vt 0.035671 0.227237
vt 0.037194 0.226147
vt 0.025957 0.229000
vt 0.025317 0.231853
vt 0.024280 0.230763
vt 0.024280 0.227237
vt 0.025317 0.226147
vt 0.013140 0.229000
vt 0.012816 0.231853
vt 0.012292 0.230763
vt 0.012292 0.227237
vt 0.012816 0.226147
vt 0.000000 0.229000
vt 0.000000 0.231853
vt 0.000000 0.230763
vt 0.000000 0.227237
vt 0.000000 0.226147
vt -0.013140 0.229000
vt -0.012816 0.231853
vt -0.012292 0.230763
vt -0.012292 0.227237
vt -0.012816 0.226147
vt -0.025957 0.229000
vt -0.025317 0.231853
vt -0.024280 0.230763
vt -0.024280 0.227237
vt -0.025317 0.226147
vt -0.038135 0.229000
vt -0.037194 0.231853
vt -0.035671 0.230763
vt -0.035671 0.227237
vt -0.037194 0.226147
vt -0.049374 0.229000
vt -0.048156 0.231853
vt -0.046184 0.230763
vt -0.046184 0.227237
vt -0.048156 0.226147
vt -0.059397 0.229000
vt -0.057931 0.231853
vt -0.055559 0.230763
vt -0.055559 0.227237
vt -0.057931 0.226147
vt -0.067957 0.229000
vt -0.066280 0.231853
vt -0.063567 0.230763
vt -0.063567 0.227237
vt -0.066280 0.226147
vt -0.074845 0.229000
vt -0.072998 0.231853
vt -0.070009 0.230763
vt -0.070009 0.227237
vt -0.072998 0.226147
vt -0.079889 0.229000
vt -0.077917 0.231853
vt -0.074727 0.230763
vt -0.074727 0.227237
vt -0.077917 0.226147
vt -0.082966 0.229000
vt -0.080918 0.231853
vt -0.077606 0.230763
vt -0.077606 0.227237
vt -0.080918 0.226147
vt -0.084000 0.229000
vt -0.081927 0.231853
vt -0.078573 0.230763
vt -0.078573 0.227237
vt -0.081927 0.226147
vt -0.082966 0.229000
vt -0.080918 0.231853
vt -0.077606 0.230763
vt -0.077606 0.227237
vt -0.080918 0.226147
vt -0.079889 0.229000
vt -0.077917 0.231853
vt -0.074727 0.230763
vt -0.074727 0.227237
vt -0.077917 0.226147
vt -0.074845 0.229000
vt -0.072998 0.231853
vt -0.070009 0.230763
vt -0.070009 0.227237
vt -0.072998 0.226147
vt -0.067957 0.229000
vt -0.066280 0.231853
vt -0.063567 0.230763
vt -0.063567 0.227237
vt -0.066280 0.226147
vt -0.059397 0.229000
vt -0.057931 0.231853
vt -0.055559 0.230763
vt -0.055559 0.227237
vt -0.057931 0.226147
vt -0.049374 0.229000
vt -0.048156 0.231853
vt -0.046184 0.230763
vt -0.046184 0.227237
vt -0.048156 0.226147
vt -0.038135 0.229000
vt -0.037194 0.231853
vt -0.035671 0.230763
vt -0.035671 0.227237
vt -0.037194 0.226147
vt -0.025957 0.229000
vt -0.025317 0.231853
vt -0.024280 0.230763
vt -0.024280 0.227237
vt -0.025317 0.226147
vt -0.013140 0.229000
vt -0.012816 0.231853
vt -0.012292 0.230763
vt -0.012292 0.227237
vt -0.012816 0.226147
vt -0.000000 0.229000
vt -0.000000 0.231853
vt -0.000000 0.230763
vt -0.000000 0.227237
vt -0.000000 0.226147
vt 0.013140 0.229000
vt 0.012816 0.231853
vt 0.012292 0.230763
vt 0.012292 0.227237
vt 0.012816 0.226147
vt 0.025957 0.229000
vt 0.025317 0.231853
vt 0.024280 0.230763
vt 0.024280 0.227237
vt 0.025317 0.226147
vt 0.038135 0.229000
vt 0.037194 0.231853
vt 0.035671 0.230763
vt 0.035671 0.227237
vt 0.037194 0.226147
vt 0.049374 0.229000
vt 0.048156 0.231853
vt 0.046184 0.230763
vt 0.046184 0.227237
vt 0.048156 0.226147
vt 0.059397 0.229000
vt 0.057931 0.231853
vt 0.055559 0.230763
vt 0.055559 0.227237
vt 0.057931 0.226147
vt 0.067957 0.229000
vt 0.066280 0.231853
vt 0.063567 0.230763
vt 0.063567 0.227237
vt 0.066280 0.226147
vt 0.074845 0.229000
vt 0.072998 0.231853
vt 0.070009 0.230763
vt 0.070009 0.227237
vt 0.072998 0.226147
vt 0.079889 0.229000
vt 0.077917 0.231853
vt 0.074727 0.230763
vt 0.074727 0.227237
vt 0.077917 0.226147
vt 0.082966 0.229000
vt 0.080918 0.231853
vt 0.077606 0.230763
vt 0.077606 0.227237
vt 0.080918 0.226147
vt 0.056000 0.213000
vt 0.018000 0.243000
vt 0.054924 0.213000
vt 0.017654 0.243000
vt 0.051737 0.213000
vt 0.016630 0.243000
vt 0.046562 0.213000
vt 0.014966 0.243000
vt 0.039598 0.213000
vt 0.012728 0.243000
vt 0.031112 0.213000
vt 0.010000 0.243000
vt 0.021430 0.213000
vt 0.006888 0.243000
vt 0.010925 0.213000
vt 0.003512 0.243000
vt 0.000000 0.213000
vt 0.000000 0.243000
vt -0.010925 0.213000
vt -0.003512 0.243000
vt -0.021430 0.213000
vt -0.006888 0.243000
vt -0.031112 0.213000
vt -0.010000 0.243000
vt -0.039598 0.213000
vt -0.012728 0.243000
vt -0.046562 0.213000
vt -0.014966 0.243000
vt -0.051737 0.213000
vt -0.016630 0.243000
vt -0.054924 0.213000
vt -0.017654 0.243000
vt -0.056000 0.213000
vt -0.018000 0.243000
vt -0.054924 0.213000
vt -0.017654 0.243000
vt -0.051737 0.213000
vt -0.016630 0.243000
vt -0.046562 0.213000
vt -0.014966 0.243000
vt -0.039598 0.213000
vt -0.012728 0.243000
vt -0.031112 0.213000
vt -0.010000 0.243000
vt -0.021430 0.213000
vt -0.006888 0.243000
vt -0.010925 0.213000
vt -0.003512 0.243000
vt -0.000000 0.213000
vt -0.000000 0.243000
vt 0.010925 0.213000
vt 0.003512 0.243000
vt 0.021430 0.213000
vt 0.006888 0.243000
vt 0.031112 0.213000
vt 0.010000 0.243000
vt 0.039598 0.213000
vt 0.012728 0.243000
vt 0.046562 0.213000
vt 0.014966 0.243000
vt 0.051737 0.213000
vt 0.016630 0.243000
vt 0.054924 0.213000
vt 0.017654 0.243000
vt 0.022000 0.238000
vt 0.012000 0.266000
vt 0.020325 0.238000
vt 0.011087 0.266000
vt 0.015556 0.238000
vt 0.008485 0.266000
vt 0.008419 0.238000
vt 0.004592 0.266000
vt 0.000000 0.238000
vt 0.000000 0.266000
vt -0.008419 0.238000
vt -0.004592 0.266000
vt -0.015556 0.238000
vt -0.008485 0.266000
vt -0.020325 0.238000
vt -0.011087 0.266000
vt -0.022000 0.238000
vt -0.012000 0.266000
vt -0.020325 0.238000
vt -0.011087 0.266000
vt -0.015556 0.238000
vt -0.008485 0.266000
vt -0.008419 0.238000
vt -0.004592 0.266000
vt -0.000000 0.238000
vt -0.000000 0.266000
vt 0.008419 0.238000
vt 0.004592 0.266000
vt 0.015556 0.238000
vt 0.008485 0.266000
vt 0.020325 0.238000
vt 0.011087 0.266000
vt 0.004000 0.261000
vt 0.004000 0.303000
vt 0.003236 0.261000
vt 0.003236 0.303000
vt 0.001236 0.261000
vt 0.001236 0.303000
vt -0.001236 0.261000
vt -0.001236 0.303000
vt -0.003236 0.261000
vt -0.003236 0.303000
vt -0.004000 0.261000
vt -0.004000 0.303000
vt -0.003236 0.261000
vt -0.003236 0.303000
vt -0.001236 0.261000
vt -0.001236 0.303000
vt 0.001236 0.261000
vt 0.001236 0.303000
vt 0.003236 0.261000
vt 0.003236 0.303000
usemtl DarkIron
f 1/1 3/3 4/4
f 1/1 4/4 2/2
f 3/3 5/5 6/6
f 3/3 6/6 4/4
f 5/5 7/7 8/8
f 5/5 8/8 6/6
f 7/7 9/9 10/10
f 7/7 10/10 8/8
f 9/9 11/11 12/12
f 9/9 12/12 10/10
f 11/11 13/13 14/14
f 11/11 14/14 12/12
f 13/13 15/15 16/16
f 13/13 16/16 14/14
f 15/15 17/17 18/18
f 15/15 18/18 16/16
f 17/17 19/19 20/20
f 17/17 20/20 18/18
f 19/19 21/21 22/22
f 19/19 22/22 20/20
f 21/21 23/23 24/24
f 21/21 24/24 22/22
f 23/23 25/25 26/26
f 23/23 26/26 24/24
f 25/25 27/27 28/28
f 25/25 28/28 26/26
f 27/27 29/29 30/30
f 27/27 30/30 28/28
f 29/29 31/31 32/32
f 29/29 32/32 30/30
f 31/31 33/33 34/34
f 31/31 34/34 32/32
f 33/33 35/35 36/36
f 33/33 36/36 34/34
f 35/35 37/37 38/38
f 35/35 38/38 36/36
f 37/37 39/39 40/40
f 37/37 40/40 38/38
f 39/39 41/41 42/42
f 39/39 42/42 40/40
f 41/41 43/43 44/44
f 41/41 44/44 42/42
f 43/43 45/45 46/46
f 43/43 46/46 44/44
f 45/45 47/47 48/48
f 45/45 48/48 46/46
f 47/47 49/49 50/50
f 47/47 50/50 48/48
f 49/49 51/51 52/52
f 49/49 52/52 50/50
f 51/51 53/53 54/54
f 51/51 54/54 52/52
f 53/53 55/55 56/56
f 53/53 56/56 54/54
f 55/55 57/57 58/58
f 55/55 58/58 56/56
f 57/57 59/59 60/60
f 57/57 60/60 58/58
f 59/59 61/61 62/62
f 59/59 62/62 60/60
f 61/61 63/63 64/64
f 61/61 64/64 62/62
f 63/63 65/65 66/66
f 63/63 66/66 64/64
f 65/65 67/67 68/68
f 65/65 68/68 66/66
f 67/67 69/69 70/70
f 67/67 70/70 68/68
f 69/69 71/71 72/72
f 69/69 72/72 70/70
f 71/71 73/73 74/74
f 71/71 74/74 72/72
f 73/73 75/75 76/76
f 73/73 76/76 74/74
f 75/75 77/77 78/78
f 75/75 78/78 76/76
f 77/77 79/79 80/80
f 77/77 80/80 78/78
f 79/79 81/81 82/82
f 79/79 82/82 80/80
f 81/81 83/83 84/84
f 81/81 84/84 82/82
f 83/83 85/85 86/86
f 83/83 86/86 84/84
f 85/85 87/87 88/88
f 85/85 88/88 86/86
f 87/87 89/89 90/90
f 87/87 90/90 88/88
f 89/89 91/91 92/92
f 89/89 92/92 90/90
f 91/91 93/93 94/94
f 91/91 94/94 92/92
f 93/93 95/95 96/96
f 93/93 96/96 94/94
f 95/95 1/1 2/2
f 95/95 2/2 96/96
f 95/95 93/93 91/91 89/89 87/87 85/85 83/83 81/81 79/79 77/77 75/75 73/73 71/71 69/69 67/67 65/65 63/63 61/61 59/59 57/57 55/55 53/53 51/51 49/49 47/47 45/45 43/43 41/41 39/39 37/37 35/35 33/33 31/31 29/29 27/27 25/25 23/23 21/21 19/19 17/17 15/15 13/13 11/11 9/9 7/7 5/5 3/3 1/1
f 2/2 4/4 6/6 8/8 10/10 12/12 14/14 16/16 18/18 20/20 22/22 24/24 26/26 28/28 30/30 32/32 34/34 36/36 38/38 40/40 42/42 44/44 46/46 48/48 50/50 52/52 54/54 56/56 58/58 60/60 62/62 64/64 66/66 68/68 70/70 72/72 74/74 76/76 78/78 80/80 82/82 84/84 86/86 88/88 90/90 92/92 94/94 96/96
usemtl WarmBrass
f 97/97 99/99 100/100
f 97/97 100/100 98/98
f 99/99 101/101 102/102
f 99/99 102/102 100/100
f 101/101 103/103 104/104
f 101/101 104/104 102/102
f 103/103 105/105 106/106
f 103/103 106/106 104/104
f 105/105 107/107 108/108
f 105/105 108/108 106/106
f 107/107 109/109 110/110
f 107/107 110/110 108/108
f 109/109 111/111 112/112
f 109/109 112/112 110/110
f 111/111 113/113 114/114
f 111/111 114/114 112/112
f 113/113 115/115 116/116
f 113/113 116/116 114/114
f 115/115 117/117 118/118
f 115/115 118/118 116/116
f 117/117 119/119 120/120
f 117/117 120/120 118/118
f 119/119 121/121 122/122
f 119/119 122/122 120/120
f 121/121 123/123 124/124
f 121/121 124/124 122/122
f 123/123 125/125 126/126
f 123/123 126/126 124/124
f 125/125 127/127 128/128
f 125/125 128/128 126/126
f 127/127 129/129 130/130
f 127/127 130/130 128/128
f 129/129 131/131 132/132
f 129/129 132/132 130/130
f 131/131 133/133 134/134
f 131/131 134/134 132/132
f 133/133 135/135 136/136
f 133/133 136/136 134/134
f 135/135 137/137 138/138
f 135/135 138/138 136/136
f 137/137 139/139 140/140
f 137/137 140/140 138/138
f 139/139 141/141 142/142
f 139/139 142/142 140/140
f 141/141 143/143 144/144
f 141/141 144/144 142/142
f 143/143 145/145 146/146
f 143/143 146/146 144/144
f 145/145 147/147 148/148
f 145/145 148/148 146/146
f 147/147 149/149 150/150
f 147/147 150/150 148/148
f 149/149 151/151 152/152
f 149/149 152/152 150/150
f 151/151 153/153 154/154
f 151/151 154/154 152/152
f 153/153 155/155 156/156
f 153/153 156/156 154/154
f 155/155 157/157 158/158
f 155/155 158/158 156/156
f 157/157 159/159 160/160
f 157/157 160/160 158/158
f 159/159 161/161 162/162
f 159/159 162/162 160/160
f 161/161 163/163 164/164
f 161/161 164/164 162/162
f 163/163 165/165 166/166
f 163/163 166/166 164/164
f 165/165 167/167 168/168
f 165/165 168/168 166/166
f 167/167 169/169 170/170
f 167/167 170/170 168/168
f 169/169 171/171 172/172
f 169/169 172/172 170/170
f 171/171 173/173 174/174
f 171/171 174/174 172/172
f 173/173 175/175 176/176
f 173/173 176/176 174/174
f 175/175 177/177 178/178
f 175/175 178/178 176/176
f 177/177 179/179 180/180
f 177/177 180/180 178/178
f 179/179 181/181 182/182
f 179/179 182/182 180/180
f 181/181 183/183 184/184
f 181/181 184/184 182/182
f 183/183 185/185 186/186
f 183/183 186/186 184/184
f 185/185 187/187 188/188
f 185/185 188/188 186/186
f 187/187 189/189 190/190
f 187/187 190/190 188/188
f 189/189 191/191 192/192
f 189/189 192/192 190/190
f 191/191 97/97 98/98
f 191/191 98/98 192/192
f 191/191 189/189 187/187 185/185 183/183 181/181 179/179 177/177 175/175 173/173 171/171 169/169 167/167 165/165 163/163 161/161 159/159 157/157 155/155 153/153 151/151 149/149 147/147 145/145 143/143 141/141 139/139 137/137 135/135 133/133 131/131 129/129 127/127 125/125 123/123 121/121 119/119 117/117 115/115 113/113 111/111 109/109 107/107 105/105 103/103 101/101 99/99 97/97
f 98/98 100/100 102/102 104/104 106/106 108/108 110/110 112/112 114/114 116/116 118/118 120/120 122/122 124/124 126/126 128/128 130/130 132/132 134/134 136/136 138/138 140/140 142/142 144/144 146/146 148/148 150/150 152/152 154/154 156/156 158/158 160/160 162/162 164/164 166/166 168/168 170/170 172/172 174/174 176/176 178/178 180/180 182/182 184/184 186/186 188/188 190/190 192/192
usemtl DarkIron
f 193/193 195/195 196/196
f 193/193 196/196 194/194
f 195/195 197/197 198/198
f 195/195 198/198 196/196
f 197/197 199/199 200/200
f 197/197 200/200 198/198
f 199/199 201/201 202/202
f 199/199 202/202 200/200
f 201/201 203/203 204/204
f 201/201 204/204 202/202
f 203/203 205/205 206/206
f 203/203 206/206 204/204
f 205/205 207/207 208/208
f 205/205 208/208 206/206
f 207/207 209/209 210/210
f 207/207 210/210 208/208
f 209/209 211/211 212/212
f 209/209 212/212 210/210
f 211/211 213/213 214/214
f 211/211 214/214 212/212
f 213/213 215/215 216/216
f 213/213 216/216 214/214
f 215/215 217/217 218/218
f 215/215 218/218 216/216
f 217/217 219/219 220/220
f 217/217 220/220 218/218
f 219/219 221/221 222/222
f 219/219 222/222 220/220
f 221/221 223/223 224/224
f 221/221 224/224 222/222
f 223/223 225/225 226/226
f 223/223 226/226 224/224
f 225/225 227/227 228/228
f 225/225 228/228 226/226
f 227/227 229/229 230/230
f 227/227 230/230 228/228
f 229/229 231/231 232/232
f 229/229 232/232 230/230
f 231/231 233/233 234/234
f 231/231 234/234 232/232
f 233/233 235/235 236/236
f 233/233 236/236 234/234
f 235/235 237/237 238/238
f 235/235 238/238 236/236
f 237/237 239/239 240/240
f 237/237 240/240 238/238
f 239/239 241/241 242/242
f 239/239 242/242 240/240
f 241/241 243/243 244/244
f 241/241 244/244 242/242
f 243/243 245/245 246/246
f 243/243 246/246 244/244
f 245/245 247/247 248/248
f 245/245 248/248 246/246
f 247/247 249/249 250/250
f 247/247 250/250 248/248
f 249/249 251/251 252/252
f 249/249 252/252 250/250
f 251/251 253/253 254/254
f 251/251 254/254 252/252
f 253/253 255/255 256/256
f 253/253 256/256 254/254
f 255/255 257/257 258/258
f 255/255 258/258 256/256
f 257/257 259/259 260/260
f 257/257 260/260 258/258
f 259/259 261/261 262/262
f 259/259 262/262 260/260
f 261/261 263/263 264/264
f 261/261 264/264 262/262
f 263/263 265/265 266/266
f 263/263 266/266 264/264
f 265/265 267/267 268/268
f 265/265 268/268 266/266
f 267/267 269/269 270/270
f 267/267 270/270 268/268
f 269/269 271/271 272/272
f 269/269 272/272 270/270
f 271/271 273/273 274/274
f 271/271 274/274 272/272
f 273/273 275/275 276/276
f 273/273 276/276 274/274
f 275/275 277/277 278/278
f 275/275 278/278 276/276
f 277/277 279/279 280/280
f 277/277 280/280 278/278
f 279/279 281/281 282/282
f 279/279 282/282 280/280
f 281/281 283/283 284/284
f 281/281 284/284 282/282
f 283/283 285/285 286/286
f 283/283 286/286 284/284
f 285/285 287/287 288/288
f 285/285 288/288 286/286
f 287/287 193/193 194/194
f 287/287 194/194 288/288
f 287/287 285/285 283/283 281/281 279/279 277/277 275/275 273/273 271/271 269/269 267/267 265/265 263/263 261/261 259/259 257/257 255/255 253/253 251/251 249/249 247/247 245/245 243/243 241/241 239/239 237/237 235/235 233/233 231/231 229/229 227/227 225/225 223/223 221/221 219/219 217/217 215/215 213/213 211/211 209/209 207/207 205/205 203/203 201/201 199/199 197/197 195/195 193/193
f 194/194 196/196 198/198 200/200 202/202 204/204 206/206 208/208 210/210 212/212 214/214 216/216 218/218 220/220 222/222 224/224 226/226 228/228 230/230 232/232 234/234 236/236 238/238 240/240 242/242 244/244 246/246 248/248 250/250 252/252 254/254 256/256 258/258 260/260 262/262 264/264 266/266 268/268 270/270 272/272 274/274 276/276 278/278 280/280 282/282 284/284 286/286 288/288
usemtl WarmBrass
f 289/289 297/297 298/298
f 289/289 298/298 290/290
f 290/290 298/298 299/299
f 290/290 299/299 291/291
f 291/291 299/299 300/300
f 291/291 300/300 292/292
f 292/292 300/300 301/301
f 292/292 301/301 293/293
f 293/293 301/301 302/302
f 293/293 302/302 294/294
f 294/294 302/302 303/303
f 294/294 303/303 295/295
f 295/295 303/303 304/304
f 295/295 304/304 296/296
f 296/296 304/304 297/297
f 296/296 297/297 289/289
f 297/297 305/305 306/306
f 297/297 306/306 298/298
f 298/298 306/306 307/307
f 298/298 307/307 299/299
f 299/299 307/307 308/308
f 299/299 308/308 300/300
f 300/300 308/308 309/309
f 300/300 309/309 301/301
f 301/301 309/309 310/310
f 301/301 310/310 302/302
f 302/302 310/310 311/311
f 302/302 311/311 303/303
f 303/303 311/311 312/312
f 303/303 312/312 304/304
f 304/304 312/312 305/305
f 304/304 305/305 297/297
f 305/305 313/313 314/314
f 305/305 314/314 306/306
f 306/306 314/314 315/315
f 306/306 315/315 307/307
f 307/307 315/315 316/316
f 307/307 316/316 308/308
f 308/308 316/316 317/317
f 308/308 317/317 309/309
f 309/309 317/317 318/318
f 309/309 318/318 310/310
f 310/310 318/318 319/319
f 310/310 319/319 311/311
f 311/311 319/319 320/320
f 311/311 320/320 312/312
f 312/312 320/320 313/313
f 312/312 313/313 305/305
f 313/313 321/321 322/322
f 313/313 322/322 314/314
f 314/314 322/322 323/323
f 314/314 323/323 315/315
f 315/315 323/323 324/324
f 315/315 324/324 316/316
f 316/316 324/324 325/325
f 316/316 325/325 317/317
f 317/317 325/325 326/326
f 317/317 326/326 318/318
f 318/318 326/326 327/327
f 318/318 327/327 319/319
f 319/319 327/327 328/328
f 319/319 328/328 320/320
f 320/320 328/328 321/321
f 320/320 321/321 313/313
f 321/321 329/329 330/330
f 321/321 330/330 322/322
f 322/322 330/330 331/331
f 322/322 331/331 323/323
f 323/323 331/331 332/332
f 323/323 332/332 324/324
f 324/324 332/332 333/333
f 324/324 333/333 325/325
f 325/325 333/333 334/334
f 325/325 334/334 326/326
f 326/326 334/334 335/335
f 326/326 335/335 327/327
f 327/327 335/335 336/336
f 327/327 336/336 328/328
f 328/328 336/336 329/329
f 328/328 329/329 321/321
f 329/329 337/337 338/338
f 329/329 338/338 330/330
f 330/330 338/338 339/339
f 330/330 339/339 331/331
f 331/331 339/339 340/340
f 331/331 340/340 332/332
f 332/332 340/340 341/341
f 332/332 341/341 333/333
f 333/333 341/341 342/342
f 333/333 342/342 334/334
f 334/334 342/342 343/343
f 334/334 343/343 335/335
f 335/335 343/343 344/344
f 335/335 344/344 336/336
f 336/336 344/344 337/337
f 336/336 337/337 329/329
f 337/337 345/345 346/346
f 337/337 346/346 338/338
f 338/338 346/346 347/347
f 338/338 347/347 339/339
f 339/339 347/347 348/348
f 339/339 348/348 340/340
f 340/340 348/348 349/349
f 340/340 349/349 341/341
f 341/341 349/349 350/350
f 341/341 350/350 342/342
f 342/342 350/350 351/351
f 342/342 351/351 343/343
f 343/343 351/351 352/352
f 343/343 352/352 344/344
f 344/344 352/352 345/345
f 344/344 345/345 337/337
f 345/345 353/353 354/354
f 345/345 354/354 346/346
f 346/346 354/354 355/355
f 346/346 355/355 347/347
f 347/347 355/355 356/356
f 347/347 356/356 348/348
f 348/348 356/356 357/357
f 348/348 357/357 349/349
f 349/349 357/357 358/358
f 349/349 358/358 350/350
f 350/350 358/358 359/359
f 350/350 359/359 351/351
f 351/351 359/359 360/360
f 351/351 360/360 352/352
f 352/352 360/360 353/353
f 352/352 353/353 345/345
f 353/353 361/361 362/362
f 353/353 362/362 354/354
f 354/354 362/362 363/363
f 354/354 363/363 355/355
f 355/355 363/363 364/364
f 355/355 364/364 356/356
f 356/356 364/364 365/365
f 356/356 365/365 357/357
f 357/357 365/365 366/366
f 357/357 366/366 358/358
f 358/358 366/366 367/367
f 358/358 367/367 359/359
f 359/359 367/367 368/368
f 359/359 368/368 360/360
f 360/360 368/368 361/361
f 360/360 361/361 353/353
f 361/361 369/369 370/370
f 361/361 370/370 362/362
f 362/362 370/370 371/371
f 362/362 371/371 363/363
f 363/363 371/371 372/372
f 363/363 372/372 364/364
f 364/364 372/372 373/373
f 364/364 373/373 365/365
f 365/365 373/373 374/374
f 365/365 374/374 366/366
f 366/366 374/374 375/375
f 366/366 375/375 367/367
f 367/367 375/375 376/376
f 367/367 376/376 368/368
f 368/368 376/376 369/369
f 368/368 369/369 361/361
f 369/369 377/377 378/378
f 369/369 378/378 370/370
f 370/370 378/378 379/379
f 370/370 379/379 371/371
f 371/371 379/379 380/380
f 371/371 380/380 372/372
f 372/372 380/380 381/381
f 372/372 381/381 373/373
f 373/373 381/381 382/382
f 373/373 382/382 374/374
f 374/374 382/382 383/383
f 374/374 383/383 375/375
f 375/375 383/383 384/384
f 375/375 384/384 376/376
f 376/376 384/384 377/377
f 376/376 377/377 369/369
f 377/377 385/385 386/386
f 377/377 386/386 378/378
f 378/378 386/386 387/387
f 378/378 387/387 379/379
f 379/379 387/387 388/388
f 379/379 388/388 380/380
f 380/380 388/388 389/389
f 380/380 389/389 381/381
f 381/381 389/389 390/390
f 381/381 390/390 382/382
f 382/382 390/390 391/391
f 382/382 391/391 383/383
f 383/383 391/391 392/392
f 383/383 392/392 384/384
f 384/384 392/392 385/385
f 384/384 385/385 377/377
f 385/385 393/393 394/394
f 385/385 394/394 386/386
f 386/386 394/394 395/395
f 386/386 395/395 387/387
f 387/387 395/395 396/396
f 387/387 396/396 388/388
f 388/388 396/396 397/397
f 388/388 397/397 389/389
f 389/389 397/397 398/398
f 389/389 398/398 390/390
f 390/390 398/398 399/399
f 390/390 399/399 391/391
f 391/391 399/399 400/400
f 391/391 400/400 392/392
f 392/392 400/400 393/393
f 392/392 393/393 385/385
f 393/393 401/401 402/402
f 393/393 402/402 394/394
f 394/394 402/402 403/403
f 394/394 403/403 395/395
f 395/395 403/403 404/404
f 395/395 404/404 396/396
f 396/396 404/404 405/405
f 396/396 405/405 397/397
f 397/397 405/405 406/406
f 397/397 406/406 398/398
f 398/398 406/406 407/407
f 398/398 407/407 399/399
f 399/399 407/407 408/408
f 399/399 408/408 400/400
f 400/400 408/408 401/401
f 400/400 401/401 393/393
f 401/401 409/409 410/410
f 401/401 410/410 402/402
f 402/402 410/410 411/411
f 402/402 411/411 403/403
f 403/403 411/411 412/412
f 403/403 412/412 404/404
f 404/404 412/412 413/413
f 404/404 413/413 405/405
f 405/405 413/413 414/414
f 405/405 414/414 406/406
f 406/406 414/414 415/415
f 406/406 415/415 407/407
f 407/407 415/415 416/416
f 407/407 416/416 408/408
f 408/408 416/416 409/409
f 408/408 409/409 401/401
f 409/409 417/417 418/418
f 409/409 418/418 410/410
f 410/410 418/418 419/419
f 410/410 419/419 411/411
f 411/411 419/419 420/420
f 411/411 420/420 412/412
f 412/412 420/420 421/421
f 412/412 421/421 413/413
f 413/413 421/421 422/422
f 413/413 422/422 414/414
f 414/414 422/422 423/423
f 414/414 423/423 415/415
f 415/415 423/423 424/424
f 415/415 424/424 416/416
f 416/416 424/424 417/417
f 416/416 417/417 409/409
f 417/417 425/425 426/426
f 417/417 426/426 418/418
f 418/418 426/426 427/427
f 418/418 427/427 419/419
f 419/419 427/427 428/428
f 419/419 428/428 420/420
f 420/420 428/428 429/429
f 420/420 429/429 421/421
f 421/421 429/429 430/430
f 421/421 430/430 422/422
f 422/422 430/430 431/431
f 422/422 431/431 423/423
f 423/423 431/431 432/432
f 423/423 432/432 424/424
f 424/424 432/432 425/425
f 424/424 425/425 417/417
f 425/425 433/433 434/434
f 425/425 434/434 426/426
f 426/426 434/434 435/435
f 426/426 435/435 427/427
f 427/427 435/435 436/436
f 427/427 436/436 428/428
f 428/428 436/436 437/437
f 428/428 437/437 429/429
f 429/429 437/437 438/438
f 429/429 438/438 430/430
f 430/430 438/438 439/439
f 430/430 439/439 431/431
f 431/431 439/439 440/440
f 431/431 440/440 432/432
f 432/432 440/440 433/433
f 432/432 433/433 425/425
f 433/433 441/441 442/442
f 433/433 442/442 434/434
f 434/434 442/442 443/443
f 434/434 443/443 435/435
f 435/435 443/443 444/444
f 435/435 444/444 436/436
f 436/436 444/444 445/445
f 436/436 445/445 437/437
f 437/437 445/445 446/446
f 437/437 446/446 438/438
f 438/438 446/446 447/447
f 438/438 447/447 439/439
f 439/439 447/447 448/448
f 439/439 448/448 440/440
f 440/440 448/448 441/441
f 440/440 441/441 433/433
f 441/441 449/449 450/450
f 441/441 450/450 442/442
f 442/442 450/450 451/451
f 442/442 451/451 443/443
f 443/443 451/451 452/452
f 443/443 452/452 444/444
f 444/444 452/452 453/453
f 444/444 453/453 445/445
f 445/445 453/453 454/454
f 445/445 454/454 446/446
f 446/446 454/454 455/455
f 446/446 455/455 447/447
f 447/447 455/455 456/456
f 447/447 456/456 448/448
f 448/448 456/456 449/449
f 448/448 449/449 441/441
f 449/449 457/457 458/458
f 449/449 458/458 450/450
f 450/450 458/458 459/459
f 450/450 459/459 451/451
f 451/451 459/459 460/460
f 451/451 460/460 452/452
f 452/452 460/460 461/461
f 452/452 461/461 453/453
f 453/453 461/461 462/462
f 453/453 462/462 454/454
f 454/454 462/462 463/463
f 454/454 463/463 455/455
f 455/455 463/463 464/464
f 455/455 464/464 456/456
f 456/456 464/464 457/457
f 456/456 457/457 449/449
f 457/457 465/465 466/466
f 457/457 466/466 458/458
f 458/458 466/466 467/467
f 458/458 467/467 459/459
f 459/459 467/467 468/468
f 459/459 468/468 460/460
f 460/460 468/468 469/469
f 460/460 469/469 461/461
f 461/461 469/469 470/470
f 461/461 470/470 462/462
f 462/462 470/470 471/471
f 462/462 471/471 463/463
f 463/463 471/471 472/472
f 463/463 472/472 464/464
f 464/464 472/472 465/465
f 464/464 465/465 457/457
f 465/465 473/473 474/474
f 465/465 474/474 466/466
f 466/466 474/474 475/475
f 466/466 475/475 467/467
f 467/467 475/475 476/476
f 467/467 476/476 468/468
f 468/468 476/476 477/477
f 468/468 477/477 469/469
f 469/469 477/477 478/478
f 469/469 478/478 470/470
f 470/470 478/478 479/479
f 470/470 479/479 471/471
f 471/471 479/479 480/480
f 471/471 480/480 472/472
f 472/472 480/480 473/473
f 472/472 473/473 465/465
f 473/473 481/481 482/482
f 473/473 482/482 474/474
f 474/474 482/482 483/483
f 474/474 483/483 475/475
f 475/475 483/483 484/484
f 475/475 484/484 476/476
f 476/476 484/484 485/485
f 476/476 485/485 477/477
f 477/477 485/485 486/486
f 477/477 486/486 478/478
f 478/478 486/486 487/487
f 478/478 487/487 479/479
f 479/479 487/487 488/488
f 479/479 488/488 480/480
f 480/480 488/488 481/481
f 480/480 481/481 473/473
f 481/481 489/489 490/490
f 481/481 490/490 482/482
f 482/482 490/490 491/491
f 482/482 491/491 483/483
f 483/483 491/491 492/492
f 483/483 492/492 484/484
f 484/484 492/492 493/493
f 484/484 493/493 485/485
f 485/485 493/493 494/494
f 485/485 494/494 486/486
f 486/486 494/494 495/495
f 486/486 495/495 487/487
f 487/487 495/495 496/496
f 487/487 496/496 488/488
f 488/488 496/496 489/489
f 488/488 489/489 481/481
f 489/489 497/497 498/498
f 489/489 498/498 490/490
f 490/490 498/498 499/499
f 490/490 499/499 491/491
f 491/491 499/499 500/500
f 491/491 500/500 492/492
f 492/492 500/500 501/501
f 492/492 501/501 493/493
f 493/493 501/501 502/502
f 493/493 502/502 494/494
f 494/494 502/502 503/503
f 494/494 503/503 495/495
f 495/495 503/503 504/504
f 495/495 504/504 496/496
f 496/496 504/504 497/497
f 496/496 497/497 489/489
f 497/497 505/505 506/506
f 497/497 506/506 498/498
f 498/498 506/506 507/507
f 498/498 507/507 499/499
f 499/499 507/507 508/508
f 499/499 508/508 500/500
f 500/500 508/508 509/509
f 500/500 509/509 501/501
f 501/501 509/509 510/510
f 501/501 510/510 502/502
f 502/502 510/510 511/511
f 502/502 511/511 503/503
f 503/503 511/511 512/512
f 503/503 512/512 504/504
f 504/504 512/512 505/505
f 504/504 505/505 497/497
f 505/505 513/513 514/514
f 505/505 514/514 506/506
f 506/506 514/514 515/515
f 506/506 515/515 507/507
f 507/507 515/515 516/516
f 507/507 516/516 508/508
f 508/508 516/516 517/517
f 508/508 517/517 509/509
f 509/509 517/517 518/518
f 509/509 518/518 510/510
f 510/510 518/518 519/519
f 510/510 519/519 511/511
f 511/511 519/519 520/520
f 511/511 520/520 512/512
f 512/512 520/520 513/513
f 512/512 513/513 505/505
f 513/513 521/521 522/522
f 513/513 522/522 514/514
f 514/514 522/522 523/523
f 514/514 523/523 515/515
f 515/515 523/523 524/524
f 515/515 524/524 516/516
f 516/516 524/524 525/525
f 516/516 525/525 517/517
f 517/517 525/525 526/526
f 517/517 526/526 518/518
f 518/518 526/526 527/527
f 518/518 527/527 519/519
f 519/519 527/527 528/528
f 519/519 528/528 520/520
f 520/520 528/528 521/521
f 520/520 521/521 513/513
f 521/521 529/529 530/530
f 521/521 530/530 522/522
f 522/522 530/530 531/531
f 522/522 531/531 523/523
f 523/523 531/531 532/532
f 523/523 532/532 524/524
f 524/524 532/532 533/533
f 524/524 533/533 525/525
f 525/525 533/533 534/534
f 525/525 534/534 526/526
f 526/526 534/534 535/535
f 526/526 535/535 527/527
f 527/527 535/535 536/536
f 527/527 536/536 528/528
f 528/528 536/536 529/529
f 528/528 529/529 521/521
f 529/529 537/537 538/538
f 529/529 538/538 530/530
f 530/530 538/538 539/539
f 530/530 539/539 531/531
f 531/531 539/539 540/540
f 531/531 540/540 532/532
f 532/532 540/540 541/541
f 532/532 541/541 533/533
f 533/533 541/541 542/542
f 533/533 542/542 534/534
f 534/534 542/542 543/543
f 534/534 543/543 535/535
f 535/535 543/543 544/544
f 535/535 544/544 536/536
f 536/536 544/544 537/537
f 536/536 537/537 529/529
f 537/537 545/545 546/546
f 537/537 546/546 538/538
f 538/538 546/546 547/547
f 538/538 547/547 539/539
f 539/539 547/547 548/548
f 539/539 548/548 540/540
f 540/540 548/548 549/549
f 540/540 549/549 541/541
f 541/541 549/549 550/550
f 541/541 550/550 542/542
f 542/542 550/550 551/551
f 542/542 551/551 543/543
f 543/543 551/551 552/552
f 543/543 552/552 544/544
f 544/544 552/552 545/545
f 544/544 545/545 537/537
f 545/545 553/553 554/554
f 545/545 554/554 546/546
f 546/546 554/554 555/555
f 546/546 555/555 547/547
f 547/547 555/555 556/556
f 547/547 556/556 548/548
f 548/548 556/556 557/557
f 548/548 557/557 549/549
f 549/549 557/557 558/558
f 549/549 558/558 550/550
f 550/550 558/558 559/559
f 550/550 559/559 551/551
f 551/551 559/559 560/560
f 551/551 560/560 552/552
f 552/552 560/560 553/553
f 552/552 553/553 545/545
f 553/553 561/561 562/562
f 553/553 562/562 554/554
f 554/554 562/562 563/563
f 554/554 563/563 555/555
f 555/555 563/563 564/564
f 555/555 564/564 556/556
f 556/556 564/564 565/565
f 556/556 565/565 557/557
f 557/557 565/565 566/566
f 557/557 566/566 558/558
f 558/558 566/566 567/567
f 558/558 567/567 559/559
f 559/559 567/567 568/568
f 559/559 568/568 560/560
f 560/560 568/568 561/561
f 560/560 561/561 553/553
f 561/561 569/569 570/570
f 561/561 570/570 562/562
f 562/562 570/570 571/571
f 562/562 571/571 563/563
f 563/563 571/571 572/572
f 563/563 572/572 564/564
f 564/564 572/572 573/573
f 564/564 573/573 565/565
f 565/565 573/573 574/574
f 565/565 574/574 566/566
f 566/566 574/574 575/575
f 566/566 575/575 567/567
f 567/567 575/575 576/576
f 567/567 576/576 568/568
f 568/568 576/576 569/569
f 568/568 569/569 561/561
f 569/569 577/577 578/578
f 569/569 578/578 570/570
f 570/570 578/578 579/579
f 570/570 579/579 571/571
f 571/571 579/579 580/580
f 571/571 580/580 572/572
f 572/572 580/580 581/581
f 572/572 581/581 573/573
f 573/573 581/581 582/582
f 573/573 582/582 574/574
f 574/574 582/582 583/583
f 574/574 583/583 575/575
f 575/575 583/583 584/584
f 575/575 584/584 576/576
f 576/576 584/584 577/577
f 576/576 577/577 569/569
f 577/577 585/585 586/586
f 577/577 586/586 578/578
f 578/578 586/586 587/587
f 578/578 587/587 579/579
f 579/579 587/587 588/588
f 579/579 588/588 580/580
f 580/580 588/588 589/589
f 580/580 589/589 581/581
f 581/581 589/589 590/590
f 581/581 590/590 582/582
f 582/582 590/590 591/591
f 582/582 591/591 583/583
f 583/583 591/591 592/592
f 583/583 592/592 584/584
f 584/584 592/592 585/585
f 584/584 585/585 577/577
f 585/585 593/593 594/594
f 585/585 594/594 586/586
f 586/586 594/594 595/595
f 586/586 595/595 587/587
f 587/587 595/595 596/596
f 587/587 596/596 588/588
f 588/588 596/596 597/597
f 588/588 597/597 589/589
f 589/589 597/597 598/598
f 589/589 598/598 590/590
f 590/590 598/598 599/599
f 590/590 599/599 591/591
f 591/591 599/599 600/600
f 591/591 600/600 592/592
f 592/592 600/600 593/593
f 592/592 593/593 585/585
f 593/593 601/601 602/602
f 593/593 602/602 594/594
f 594/594 602/602 603/603
f 594/594 603/603 595/595
f 595/595 603/603 604/604
f 595/595 604/604 596/596
f 596/596 604/604 605/605
f 596/596 605/605 597/597
f 597/597 605/605 606/606
f 597/597 606/606 598/598
f 598/598 606/606 607/607
f 598/598 607/607 599/599
f 599/599 607/607 608/608
f 599/599 608/608 600/600
f 600/600 608/608 601/601
f 600/600 601/601 593/593
f 601/601 609/609 610/610
f 601/601 610/610 602/602
f 602/602 610/610 611/611
f 602/602 611/611 603/603
f 603/603 611/611 612/612
f 603/603 612/612 604/604
f 604/604 612/612 613/613
f 604/604 613/613 605/605
f 605/605 613/613 614/614
f 605/605 614/614 606/606
f 606/606 614/614 615/615
f 606/606 615/615 607/607
f 607/607 615/615 616/616
f 607/607 616/616 608/608
f 608/608 616/616 609/609
f 608/608 609/609 601/601
f 609/609 617/617 618/618
f 609/609 618/618 610/610
f 610/610 618/618 619/619
f 610/610 619/619 611/611
f 611/611 619/619 620/620
f 611/611 620/620 612/612
f 612/612 620/620 621/621
f 612/612 621/621 613/613
f 613/613 621/621 622/622
f 613/613 622/622 614/614
f 614/614 622/622 623/623
f 614/614 623/623 615/615
f 615/615 623/623 624/624
f 615/615 624/624 616/616
f 616/616 624/624 617/617
f 616/616 617/617 609/609
f 617/617 625/625 626/626
f 617/617 626/626 618/618
f 618/618 626/626 627/627
f 618/618 627/627 619/619
f 619/619 627/627 628/628
f 619/619 628/628 620/620
f 620/620 628/628 629/629
f 620/620 629/629 621/621
f 621/621 629/629 630/630
f 621/621 630/630 622/622
f 622/622 630/630 631/631
f 622/622 631/631 623/623
f 623/623 631/631 632/632
f 623/623 632/632 624/624
f 624/624 632/632 625/625
f 624/624 625/625 617/617
f 625/625 633/633 634/634
f 625/625 634/634 626/626
f 626/626 634/634 635/635
f 626/626 635/635 627/627
f 627/627 635/635 636/636
f 627/627 636/636 628/628
f 628/628 636/636 637/637
f 628/628 637/637 629/629
f 629/629 637/637 638/638
f 629/629 638/638 630/630
f 630/630 638/638 639/639
f 630/630 639/639 631/631
f 631/631 639/639 640/640
f 631/631 640/640 632/632
f 632/632 640/640 633/633
f 632/632 633/633 625/625
f 633/633 641/641 642/642
f 633/633 642/642 634/634
f 634/634 642/642 643/643
f 634/634 643/643 635/635
f 635/635 643/643 644/644
f 635/635 644/644 636/636
f 636/636 644/644 645/645
f 636/636 645/645 637/637
f 637/637 645/645 646/646
f 637/637 646/646 638/638
f 638/638 646/646 647/647
f 638/638 647/647 639/639
f 639/639 647/647 648/648
f 639/639 648/648 640/640
f 640/640 648/648 641/641
f 640/640 641/641 633/633
f 641/641 649/649 650/650
f 641/641 650/650 642/642
f 642/642 650/650 651/651
f 642/642 651/651 643/643
f 643/643 651/651 652/652
f 643/643 652/652 644/644
f 644/644 652/652 653/653
f 644/644 653/653 645/645
f 645/645 653/653 654/654
f 645/645 654/654 646/646
f 646/646 654/654 655/655
f 646/646 655/655 647/647
f 647/647 655/655 656/656
f 647/647 656/656 648/648
f 648/648 656/656 649/649
f 648/648 649/649 641/641
f 649/649 657/657 658/658
f 649/649 658/658 650/650
f 650/650 658/658 659/659
f 650/650 659/659 651/651
f 651/651 659/659 660/660
f 651/651 660/660 652/652
f 652/652 660/660 661/661
f 652/652 661/661 653/653
f 653/653 661/661 662/662
f 653/653 662/662 654/654
f 654/654 662/662 663/663
f 654/654 663/663 655/655
f 655/655 663/663 664/664
f 655/655 664/664 656/656
f 656/656 664/664 657/657
f 656/656 657/657 649/649
f 657/657 665/665 666/666
f 657/657 666/666 658/658
f 658/658 666/666 667/667
f 658/658 667/667 659/659
f 659/659 667/667 668/668
f 659/659 668/668 660/660
f 660/660 668/668 669/669
f 660/660 669/669 661/661
f 661/661 669/669 670/670
f 661/661 670/670 662/662
f 662/662 670/670 671/671
f 662/662 671/671 663/663
f 663/663 671/671 672/672
f 663/663 672/672 664/664
f 664/664 672/672 665/665
f 664/664 665/665 657/657
f 665/665 673/673 674/674
f 665/665 674/674 666/666
f 666/666 674/674 675/675
f 666/666 675/675 667/667
f 667/667 675/675 676/676
f 667/667 676/676 668/668
f 668/668 676/676 677/677
f 668/668 677/677 669/669
f 669/669 677/677 678/678
f 669/669 678/678 670/670
f 670/670 678/678 679/679
f 670/670 679/679 671/671
f 671/671 679/679 680/680
f 671/671 680/680 672/672
f 672/672 680/680 673/673
f 672/672 673/673 665/665
f 673/673 681/681 682/682
f 673/673 682/682 674/674
f 674/674 682/682 683/683
f 674/674 683/683 675/675
f 675/675 683/683 684/684
f 675/675 684/684 676/676
f 676/676 684/684 685/685
f 676/676 685/685 677/677
f 677/677 685/685 686/686
f 677/677 686/686 678/678
f 678/678 686/686 687/687
f 678/678 687/687 679/679
f 679/679 687/687 688/688
f 679/679 688/688 680/680
f 680/680 688/688 681/681
f 680/680 681/681 673/673
f 681/681 689/689 690/690
f 681/681 690/690 682/682
f 682/682 690/690 691/691
f 682/682 691/691 683/683
f 683/683 691/691 692/692
f 683/683 692/692 684/684
f 684/684 692/692 693/693
f 684/684 693/693 685/685
f 685/685 693/693 694/694
f 685/685 694/694 686/686
f 686/686 694/694 695/695
f 686/686 695/695 687/687
f 687/687 695/695 696/696
f 687/687 696/696 688/688
f 688/688 696/696 689/689
f 688/688 689/689 681/681
f 689/689 697/697 698/698
f 689/689 698/698 690/690
f 690/690 698/698 699/699
f 690/690 699/699 691/691
f 691/691 699/699 700/700
f 691/691 700/700 692/692
f 692/692 700/700 701/701
f 692/692 701/701 693/693
f 693/693 701/701 702/702
f 693/693 702/702 694/694
f 694/694 702/702 703/703
f 694/694 703/703 695/695
f 695/695 703/703 704/704
f 695/695 704/704 696/696
f 696/696 704/704 697/697
f 696/696 697/697 689/689
f 697/697 705/705 706/706
f 697/697 706/706 698/698
f 698/698 706/706 707/707
f 698/698 707/707 699/699
f 699/699 707/707 708/708
f 699/699 708/708 700/700
f 700/700 708/708 709/709
f 700/700 709/709 701/701
f 701/701 709/709 710/710
f 701/701 710/710 702/702
f 702/702 710/710 711/711
f 702/702 711/711 703/703
f 703/703 711/711 712/712
f 703/703 712/712 704/704
f 704/704 712/712 705/705
f 704/704 705/705 697/697
f 705/705 713/713 714/714
f 705/705 714/714 706/706
f 706/706 714/714 715/715
f 706/706 715/715 707/707
f 707/707 715/715 716/716
f 707/707 716/716 708/708
f 708/708 716/716 717/717
f 708/708 717/717 709/709
f 709/709 717/717 718/718
f 709/709 718/718 710/710
f 710/710 718/718 719/719
f 710/710 719/719 711/711
f 711/711 719/719 720/720
f 711/711 720/720 712/712
f 712/712 720/720 713/713
f 712/712 713/713 705/705
f 713/713 721/721 722/722
f 713/713 722/722 714/714
f 714/714 722/722 723/723
f 714/714 723/723 715/715
f 715/715 723/723 724/724
f 715/715 724/724 716/716
f 716/716 724/724 725/725
f 716/716 725/725 717/717
f 717/717 725/725 726/726
f 717/717 726/726 718/718
f 718/718 726/726 727/727
f 718/718 727/727 719/719
f 719/719 727/727 728/728
f 719/719 728/728 720/720
f 720/720 728/728 721/721
f 720/720 721/721 713/713
f 721/721 729/729 730/730
f 721/721 730/730 722/722
f 722/722 730/730 731/731
f 722/722 731/731 723/723
f 723/723 731/731 732/732
f 723/723 732/732 724/724
f 724/724 732/732 733/733
f 724/724 733/733 725/725
f 725/725 733/733 734/734
f 725/725 734/734 726/726
f 726/726 734/734 735/735
f 726/726 735/735 727/727
f 727/727 735/735 736/736
f 727/727 736/736 728/728
f 728/728 736/736 729/729
f 728/728 729/729 721/721
f 729/729 737/737 738/738
f 729/729 738/738 730/730
f 730/730 738/738 739/739
f 730/730 739/739 731/731
f 731/731 739/739 740/740
f 731/731 740/740 732/732
f 732/732 740/740 741/741
f 732/732 741/741 733/733
f 733/733 741/741 742/742
f 733/733 742/742 734/734
f 734/734 742/742 743/743
f 734/734 743/743 735/735
f 735/735 743/743 744/744
f 735/735 744/744 736/736
f 736/736 744/744 737/737
f 736/736 737/737 729/729
f 737/737 745/745 746/746
f 737/737 746/746 738/738
f 738/738 746/746 747/747
f 738/738 747/747 739/739
f 739/739 747/747 748/748
f 739/739 748/748 740/740
f 740/740 748/748 749/749
f 740/740 749/749 741/741
f 741/741 749/749 750/750
f 741/741 750/750 742/742
f 742/742 750/750 751/751
f 742/742 751/751 743/743
f 743/743 751/751 752/752
f 743/743 752/752 744/744
f 744/744 752/752 745/745
f 744/744 745/745 737/737
f 745/745 753/753 754/754
f 745/745 754/754 746/746
f 746/746 754/754 755/755
f 746/746 755/755 747/747
f 747/747 755/755 756/756
f 747/747 756/756 748/748
f 748/748 756/756 757/757
f 748/748 757/757 749/749
f 749/749 757/757 758/758
f 749/749 758/758 750/750
f 750/750 758/758 759/759
f 750/750 759/759 751/751
f 751/751 759/759 760/760
f 751/751 760/760 752/752
f 752/752 760/760 753/753
f 752/752 753/753 745/745
f 753/753 761/761 762/762
f 753/753 762/762 754/754
f 754/754 762/762 763/763
f 754/754 763/763 755/755
f 755/755 763/763 764/764
f 755/755 764/764 756/756
f 756/756 764/764 765/765
f 756/756 765/765 757/757
f 757/757 765/765 766/766
f 757/757 766/766 758/758
f 758/758 766/766 767/767
f 758/758 767/767 759/759
f 759/759 767/767 768/768
f 759/759 768/768 760/760
f 760/760 768/768 761/761
f 760/760 761/761 753/753
f 761/761 769/769 770/770
f 761/761 770/770 762/762
f 762/762 770/770 771/771
f 762/762 771/771 763/763
f 763/763 771/771 772/772
f 763/763 772/772 764/764
f 764/764 772/772 773/773
f 764/764 773/773 765/765
f 765/765 773/773 774/774
f 765/765 774/774 766/766
f 766/766 774/774 775/775
f 766/766 775/775 767/767
f 767/767 775/775 776/776
f 767/767 776/776 768/768
f 768/768 776/776 769/769
f 768/768 769/769 761/761
f 769/769 777/777 778/778
f 769/769 778/778 770/770
f 770/770 778/778 779/779
f 770/770 779/779 771/771
f 771/771 779/779 780/780
f 771/771 780/780 772/772
f 772/772 780/780 781/781
f 772/772 781/781 773/773
f 773/773 781/781 782/782
f 773/773 782/782 774/774
f 774/774 782/782 783/783
f 774/774 783/783 775/775
f 775/775 783/783 784/784
f 775/775 784/784 776/776
f 776/776 784/784 777/777
f 776/776 777/777 769/769
f 777/777 785/785 786/786
f 777/777 786/786 778/778
f 778/778 786/786 787/787
f 778/778 787/787 779/779
f 779/779 787/787 788/788
f 779/779 788/788 780/780
f 780/780 788/788 789/789
f 780/780 789/789 781/781
f 781/781 789/789 790/790
f 781/781 790/790 782/782
f 782/782 790/790 791/791
f 782/782 791/791 783/783
f 783/783 791/791 792/792
f 783/783 792/792 784/784
f 784/784 792/792 785/785
f 784/784 785/785 777/777
f 785/785 793/793 794/794
f 785/785 794/794 786/786
f 786/786 794/794 795/795
f 786/786 795/795 787/787
f 787/787 795/795 796/796
f 787/787 796/796 788/788
f 788/788 796/796 797/797
f 788/788 797/797 789/789
f 789/789 797/797 798/798
f 789/789 798/798 790/790
f 790/790 798/798 799/799
f 790/790 799/799 791/791
f 791/791 799/799 800/800
f 791/791 800/800 792/792
f 792/792 800/800 793/793
f 792/792 793/793 785/785
f 793/793 289/289 290/290
f 793/793 290/290 794/794
f 794/794 290/290 291/291
f 794/794 291/291 795/795
f 795/795 291/291 292/292
f 795/795 292/292 796/796
f 796/796 292/292 293/293
f 796/796 293/293 797/797
f 797/797 293/293 294/294
f 797/797 294/294 798/798
f 798/798 294/294 295/295
f 798/798 295/295 799/799
f 799/799 295/295 296/296
f 799/799 296/296 800/800
f 800/800 296/296 289/289
f 800/800 289/289 793/793
f 801/801 809/809 810/810
f 801/801 810/810 802/802
f 802/802 810/810 811/811
f 802/802 811/811 803/803
f 803/803 811/811 812/812
f 803/803 812/812 804/804
f 804/804 812/812 813/813
f 804/804 813/813 805/805
f 805/805 813/813 814/814
f 805/805 814/814 806/806
f 806/806 814/814 815/815
f 806/806 815/815 807/807
f 807/807 815/815 816/816
f 807/807 816/816 808/808
f 808/808 816/816 809/809
f 808/808 809/809 801/801
f 809/809 817/817 818/818
f 809/809 818/818 810/810
f 810/810 818/818 819/819
f 810/810 819/819 811/811
f 811/811 819/819 820/820
f 811/811 820/820 812/812
f 812/812 820/820 821/821
f 812/812 821/821 813/813
f 813/813 821/821 822/822
f 813/813 822/822 814/814
f 814/814 822/822 823/823
f 814/814 823/823 815/815
f 815/815 823/823 824/824
f 815/815 824/824 816/816
f 816/816 824/824 817/817
f 816/816 817/817 809/809
f 817/817 825/825 826/826
f 817/817 826/826 818/818
f 818/818 826/826 827/827
f 818/818 827/827 819/819
f 819/819 827/827 828/828
f 819/819 828/828 820/820
f 820/820 828/828 829/829
f 820/820 829/829 821/821
f 821/821 829/829 830/830
f 821/821 830/830 822/822
f 822/822 830/830 831/831
f 822/822 831/831 823/823
f 823/823 831/831 832/832
f 823/823 832/832 824/824
f 824/824 832/832 825/825
f 824/824 825/825 817/817
f 825/825 833/833 834/834
f 825/825 834/834 826/826
f 826/826 834/834 835/835
f 826/826 835/835 827/827
f 827/827 835/835 836/836
f 827/827 836/836 828/828
f 828/828 836/836 837/837
f 828/828 837/837 829/829
f 829/829 837/837 838/838
f 829/829 838/838 830/830
f 830/830 838/838 839/839
f 830/830 839/839 831/831
f 831/831 839/839 840/840
f 831/831 840/840 832/832
f 832/832 840/840 833/833
f 832/832 833/833 825/825
f 833/833 841/841 842/842
f 833/833 842/842 834/834
f 834/834 842/842 843/843
f 834/834 843/843 835/835
f 835/835 843/843 844/844
f 835/835 844/844 836/836
f 836/836 844/844 845/845
f 836/836 845/845 837/837
f 837/837 845/845 846/846
f 837/837 846/846 838/838
f 838/838 846/846 847/847
f 838/838 847/847 839/839
f 839/839 847/847 848/848
f 839/839 848/848 840/840
f 840/840 848/848 841/841
f 840/840 841/841 833/833
f 841/841 849/849 850/850
f 841/841 850/850 842/842
f 842/842 850/850 851/851
f 842/842 851/851 843/843
f 843/843 851/851 852/852
f 843/843 852/852 844/844
f 844/844 852/852 853/853
f 844/844 853/853 845/845
f 845/845 853/853 854/854
f 845/845 854/854 846/846
f 846/846 854/854 855/855
f 846/846 855/855 847/847
f 847/847 855/855 856/856
f 847/847 856/856 848/848
f 848/848 856/856 849/849
f 848/848 849/849 841/841
f 849/849 857/857 858/858
f 849/849 858/858 850/850
f 850/850 858/858 859/859
f 850/850 859/859 851/851
f 851/851 859/859 860/860
f 851/851 860/860 852/852
f 852/852 860/860 861/861
f 852/852 861/861 853/853
f 853/853 861/861 862/862
f 853/853 862/862 854/854
f 854/854 862/862 863/863
f 854/854 863/863 855/855
f 855/855 863/863 864/864
f 855/855 864/864 856/856
f 856/856 864/864 857/857
f 856/856 857/857 849/849
f 857/857 865/865 866/866
f 857/857 866/866 858/858
f 858/858 866/866 867/867
f 858/858 867/867 859/859
f 859/859 867/867 868/868
f 859/859 868/868 860/860
f 860/860 868/868 869/869
f 860/860 869/869 861/861
f 861/861 869/869 870/870
f 861/861 870/870 862/862
f 862/862 870/870 871/871
f 862/862 871/871 863/863
f 863/863 871/871 872/872
f 863/863 872/872 864/864
f 864/864 872/872 865/865
f 864/864 865/865 857/857
f 865/865 873/873 874/874
f 865/865 874/874 866/866
f 866/866 874/874 875/875
f 866/866 875/875 867/867
f 867/867 875/875 876/876
f 867/867 876/876 868/868
f 868/868 876/876 877/877
f 868/868 877/877 869/869
f 869/869 877/877 878/878
f 869/869 878/878 870/870
f 870/870 878/878 879/879
f 870/870 879/879 871/871
f 871/871 879/879 880/880
f 871/871 880/880 872/872
f 872/872 880/880 873/873
f 872/872 873/873 865/865
f 873/873 881/881 882/882
f 873/873 882/882 874/874
f 874/874 882/882 883/883
f 874/874 883/883 875/875
f 875/875 883/883 884/884
f 875/875 884/884 876/876
f 876/876 884/884 885/885
f 876/876 885/885 877/877
f 877/877 885/885 886/886
f 877/877 886/886 878/878
f 878/878 886/886 887/887
f 878/878 887/887 879/879
f 879/879 887/887 888/888
f 879/879 888/888 880/880
f 880/880 888/888 881/881
f 880/880 881/881 873/873
f 881/881 889/889 890/890
f 881/881 890/890 882/882
f 882/882 890/890 891/891
f 882/882 891/891 883/883
f 883/883 891/891 892/892
f 883/883 892/892 884/884
f 884/884 892/892 893/893
f 884/884 893/893 885/885
f 885/885 893/893 894/894
f 885/885 894/894 886/886
f 886/886 894/894 895/895
f 886/886 895/895 887/887
f 887/887 895/895 896/896
f 887/887 896/896 888/888
f 888/888 896/896 889/889
f 888/888 889/889 881/881
f 889/889 897/897 898/898
f 889/889 898/898 890/890
f 890/890 898/898 899/899
f 890/890 899/899 891/891
f 891/891 899/899 900/900
f 891/891 900/900 892/892
f 892/892 900/900 901/901
f 892/892 901/901 893/893
f 893/893 901/901 902/902
f 893/893 902/902 894/894
f 894/894 902/902 903/903
f 894/894 903/903 895/895
f 895/895 903/903 904/904
f 895/895 904/904 896/896
f 896/896 904/904 897/897
f 896/896 897/897 889/889
f 897/897 905/905 906/906
f 897/897 906/906 898/898
f 898/898 906/906 907/907
f 898/898 907/907 899/899
f 899/899 907/907 908/908
f 899/899 908/908 900/900
f 900/900 908/908 909/909
f 900/900 909/909 901/901
f 901/901 909/909 910/910
f 901/901 910/910 902/902
f 902/902 910/910 911/911
f 902/902 911/911 903/903
f 903/903 911/911 912/912
f 903/903 912/912 904/904
f 904/904 912/912 905/905
f 904/904 905/905 897/897
f 905/905 913/913 914/914
f 905/905 914/914 906/906
f 906/906 914/914 915/915
f 906/906 915/915 907/907
f 907/907 915/915 916/916
f 907/907 916/916 908/908
f 908/908 916/916 917/917
f 908/908 917/917 909/909
f 909/909 917/917 918/918
f 909/909 918/918 910/910
f 910/910 918/918 919/919
f 910/910 919/919 911/911
f 911/911 919/919 920/920
f 911/911 920/920 912/912
f 912/912 920/920 913/913
f 912/912 913/913 905/905
f 913/913 921/921 922/922
f 913/913 922/922 914/914
f 914/914 922/922 923/923
f 914/914 923/923 915/915
f 915/915 923/923 924/924
f 915/915 924/924 916/916
f 916/916 924/924 925/925
f 916/916 925/925 917/917
f 917/917 925/925 926/926
f 917/917 926/926 918/918
f 918/918 926/926 927/927
f 918/918 927/927 919/919
f 919/919 927/927 928/928
f 919/919 928/928 920/920
f 920/920 928/928 921/921
f 920/920 921/921 913/913
f 921/921 929/929 930/930
f 921/921 930/930 922/922
f 922/922 930/930 931/931
f 922/922 931/931 923/923
f 923/923 931/931 932/932
f 923/923 932/932 924/924
f 924/924 932/932 933/933
f 924/924 933/933 925/925
f 925/925 933/933 934/934
f 925/925 934/934 926/926
f 926/926 934/934 935/935
f 926/926 935/935 927/927
f 927/927 935/935 936/936
f 927/927 936/936 928/928
f 928/928 936/936 929/929
f 928/928 929/929 921/921
f 929/929 937/937 938/938
f 929/929 938/938 930/930
f 930/930 938/938 939/939
f 930/930 939/939 931/931
f 931/931 939/939 940/940
f 931/931 940/940 932/932
f 932/932 940/940 941/941
f 932/932 941/941 933/933
f 933/933 941/941 942/942
f 933/933 942/942 934/934
f 934/934 942/942 943/943
f 934/934 943/943 935/935
f 935/935 943/943 944/944
f 935/935 944/944 936/936
f 936/936 944/944 937/937
f 936/936 937/937 929/929
f 937/937 945/945 946/946
f 937/937 946/946 938/938
f 938/938 946/946 947/947
f 938/938 947/947 939/939
f 939/939 947/947 948/948
f 939/939 948/948 940/940
f 940/940 948/948 949/949
f 940/940 949/949 941/941
f 941/941 949/949 950/950
f 941/941 950/950 942/942
f 942/942 950/950 951/951
f 942/942 951/951 943/943
f 943/943 951/951 952/952
f 943/943 952/952 944/944
f 944/944 952/952 945/945
f 944/944 945/945 937/937
f 945/945 953/953 954/954
f 945/945 954/954 946/946
f 946/946 954/954 955/955
f 946/946 955/955 947/947
f 947/947 955/955 956/956
f 947/947 956/956 948/948
f 948/948 956/956 957/957
f 948/948 957/957 949/949
f 949/949 957/957 958/958
f 949/949 958/958 950/950
f 950/950 958/958 959/959
f 950/950 959/959 951/951
f 951/951 959/959 960/960
f 951/951 960/960 952/952
f 952/952 960/960 953/953
f 952/952 953/953 945/945
f 953/953 961/961 962/962
f 953/953 962/962 954/954
f 954/954 962/962 963/963
f 954/954 963/963 955/955
f 955/955 963/963 964/964
f 955/955 964/964 956/956
f 956/956 964/964 965/965
f 956/956 965/965 957/957
f 957/957 965/965 966/966
f 957/957 966/966 958/958
f 958/958 966/966 967/967
f 958/958 967/967 959/959
f 959/959 967/967 968/968
f 959/959 968/968 960/960
f 960/960 968/968 961/961
f 960/960 961/961 953/953
f 961/961 969/969 970/970
f 961/961 970/970 962/962
f 962/962 970/970 971/971
f 962/962 971/971 963/963
f 963/963 971/971 972/972
f 963/963 972/972 964/964
f 964/964 972/972 973/973
f 964/964 973/973 965/965
f 965/965 973/973 974/974
f 965/965 974/974 966/966
f 966/966 974/974 975/975
f 966/966 975/975 967/967
f 967/967 975/975 976/976
f 967/967 976/976 968/968
f 968/968 976/976 969/969
f 968/968 969/969 961/961
f 969/969 977/977 978/978
f 969/969 978/978 970/970
f 970/970 978/978 979/979
f 970/970 979/979 971/971
f 971/971 979/979 980/980
f 971/971 980/980 972/972
f 972/972 980/980 981/981
f 972/972 981/981 973/973
f 973/973 981/981 982/982
f 973/973 982/982 974/974
f 974/974 982/982 983/983
f 974/974 983/983 975/975
f 975/975 983/983 984/984
f 975/975 984/984 976/976
f 976/976 984/984 977/977
f 976/976 977/977 969/969
f 977/977 985/985 986/986
f 977/977 986/986 978/978
f 978/978 986/986 987/987
f 978/978 987/987 979/979
f 979/979 987/987 988/988
f 979/979 988/988 980/980
f 980/980 988/988 989/989
f 980/980 989/989 981/981
f 981/981 989/989 990/990
f 981/981 990/990 982/982
f 982/982 990/990 991/991
f 982/982 991/991 983/983
f 983/983 991/991 992/992
f 983/983 992/992 984/984
f 984/984 992/992 985/985
f 984/984 985/985 977/977
f 985/985 993/993 994/994
f 985/985 994/994 986/986
f 986/986 994/994 995/995
f 986/986 995/995 987/987
f 987/987 995/995 996/996
f 987/987 996/996 988/988
f 988/988 996/996 997/997
f 988/988 997/997 989/989
f 989/989 997/997 998/998
f 989/989 998/998 990/990
f 990/990 998/998 999/999
f 990/990 999/999 991/991
f 991/991 999/999 1000/1000
f 991/991 1000/1000 992/992
f 992/992 1000/1000 993/993
f 992/992 993/993 985/985
f 993/993 1001/1001 1002/1002
f 993/993 1002/1002 994/994
f 994/994 1002/1002 1003/1003
f 994/994 1003/1003 995/995
f 995/995 1003/1003 1004/1004
f 995/995 1004/1004 996/996
f 996/996 1004/1004 1005/1005
f 996/996 1005/1005 997/997
f 997/997 1005/1005 1006/1006
f 997/997 1006/1006 998/998
f 998/998 1006/1006 1007/1007
f 998/998 1007/1007 999/999
f 999/999 1007/1007 1008/1008
f 999/999 1008/1008 1000/1000
f 1000/1000 1008/1008 1001/1001
f 1000/1000 1001/1001 993/993
f 1001/1001 1009/1009 1010/1010
f 1001/1001 1010/1010 1002/1002
f 1002/1002 1010/1010 1011/1011
f 1002/1002 1011/1011 1003/1003
f 1003/1003 1011/1011 1012/1012
f 1003/1003 1012/1012 1004/1004
f 1004/1004 1012/1012 1013/1013
f 1004/1004 1013/1013 1005/1005
f 1005/1005 1013/1013 1014/1014
f 1005/1005 1014/1014 1006/1006
f 1006/1006 1014/1014 1015/1015
f 1006/1006 1015/1015 1007/1007
f 1007/1007 1015/1015 1016/1016
f 1007/1007 1016/1016 1008/1008
f 1008/1008 1016/1016 1009/1009
f 1008/1008 1009/1009 1001/1001
f 1009/1009 1017/1017 1018/1018
f 1009/1009 1018/1018 1010/1010
f 1010/1010 1018/1018 1019/1019
f 1010/1010 1019/1019 1011/1011
f 1011/1011 1019/1019 1020/1020
f 1011/1011 1020/1020 1012/1012
f 1012/1012 1020/1020 1021/1021
f 1012/1012 1021/1021 1013/1013
f 1013/1013 1021/1021 1022/1022
f 1013/1013 1022/1022 1014/1014
f 1014/1014 1022/1022 1023/1023
f 1014/1014 1023/1023 1015/1015
f 1015/1015 1023/1023 1024/1024
f 1015/1015 1024/1024 1016/1016
f 1016/1016 1024/1024 1017/1017
f 1016/1016 1017/1017 1009/1009
f 1017/1017 1025/1025 1026/1026
f 1017/1017 1026/1026 1018/1018
f 1018/1018 1026/1026 1027/1027
f 1018/1018 1027/1027 1019/1019
f 1019/1019 1027/1027 1028/1028
f 1019/1019 1028/1028 1020/1020
f 1020/1020 1028/1028 1029/1029
f 1020/1020 1029/1029 1021/1021
f 1021/1021 1029/1029 1030/1030
f 1021/1021 1030/1030 1022/1022
f 1022/1022 1030/1030 1031/1031
f 1022/1022 1031/1031 1023/1023
f 1023/1023 1031/1031 1032/1032
f 1023/1023 1032/1032 1024/1024
f 1024/1024 1032/1032 1025/1025
f 1024/1024 1025/1025 1017/1017
f 1025/1025 1033/1033 1034/1034
f 1025/1025 1034/1034 1026/1026
f 1026/1026 1034/1034 1035/1035
f 1026/1026 1035/1035 1027/1027
f 1027/1027 1035/1035 1036/1036
f 1027/1027 1036/1036 1028/1028
f 1028/1028 1036/1036 1037/1037
f 1028/1028 1037/1037 1029/1029
f 1029/1029 1037/1037 1038/1038
f 1029/1029 1038/1038 1030/1030
f 1030/1030 1038/1038 1039/1039
f 1030/1030 1039/1039 1031/1031
f 1031/1031 1039/1039 1040/1040
f 1031/1031 1040/1040 1032/1032
f 1032/1032 1040/1040 1033/1033
f 1032/1032 1033/1033 1025/1025
f 1033/1033 1041/1041 1042/1042
f 1033/1033 1042/1042 1034/1034
f 1034/1034 1042/1042 1043/1043
f 1034/1034 1043/1043 1035/1035
f 1035/1035 1043/1043 1044/1044
f 1035/1035 1044/1044 1036/1036
f 1036/1036 1044/1044 1045/1045
f 1036/1036 1045/1045 1037/1037
f 1037/1037 1045/1045 1046/1046
f 1037/1037 1046/1046 1038/1038
f 1038/1038 1046/1046 1047/1047
f 1038/1038 1047/1047 1039/1039
f 1039/1039 1047/1047 1048/1048
f 1039/1039 1048/1048 1040/1040
f 1040/1040 1048/1048 1041/1041
f 1040/1040 1041/1041 1033/1033
f 1041/1041 1049/1049 1050/1050
f 1041/1041 1050/1050 1042/1042
f 1042/1042 1050/1050 1051/1051
f 1042/1042 1051/1051 1043/1043
f 1043/1043 1051/1051 1052/1052
f 1043/1043 1052/1052 1044/1044
f 1044/1044 1052/1052 1053/1053
f 1044/1044 1053/1053 1045/1045
f 1045/1045 1053/1053 1054/1054
f 1045/1045 1054/1054 1046/1046
f 1046/1046 1054/1054 1055/1055
f 1046/1046 1055/1055 1047/1047
f 1047/1047 1055/1055 1056/1056
f 1047/1047 1056/1056 1048/1048
f 1048/1048 1056/1056 1049/1049
f 1048/1048 1049/1049 1041/1041
f 1049/1049 1057/1057 1058/1058
f 1049/1049 1058/1058 1050/1050
f 1050/1050 1058/1058 1059/1059
f 1050/1050 1059/1059 1051/1051
f 1051/1051 1059/1059 1060/1060
f 1051/1051 1060/1060 1052/1052
f 1052/1052 1060/1060 1061/1061
f 1052/1052 1061/1061 1053/1053
f 1053/1053 1061/1061 1062/1062
f 1053/1053 1062/1062 1054/1054
f 1054/1054 1062/1062 1063/1063
f 1054/1054 1063/1063 1055/1055
f 1055/1055 1063/1063 1064/1064
f 1055/1055 1064/1064 1056/1056
f 1056/1056 1064/1064 1057/1057
f 1056/1056 1057/1057 1049/1049
f 1057/1057 1065/1065 1066/1066
f 1057/1057 1066/1066 1058/1058
f 1058/1058 1066/1066 1067/1067
f 1058/1058 1067/1067 1059/1059
f 1059/1059 1067/1067 1068/1068
f 1059/1059 1068/1068 1060/1060
f 1060/1060 1068/1068 1069/1069
f 1060/1060 1069/1069 1061/1061
f 1061/1061 1069/1069 1070/1070
f 1061/1061 1070/1070 1062/1062
f 1062/1062 1070/1070 1071/1071
f 1062/1062 1071/1071 1063/1063
f 1063/1063 1071/1071 1072/1072
f 1063/1063 1072/1072 1064/1064
f 1064/1064 1072/1072 1065/1065
f 1064/1064 1065/1065 1057/1057
f 1065/1065 1073/1073 1074/1074
f 1065/1065 1074/1074 1066/1066
f 1066/1066 1074/1074 1075/1075
f 1066/1066 1075/1075 1067/1067
f 1067/1067 1075/1075 1076/1076
f 1067/1067 1076/1076 1068/1068
f 1068/1068 1076/1076 1077/1077
f 1068/1068 1077/1077 1069/1069
f 1069/1069 1077/1077 1078/1078
f 1069/1069 1078/1078 1070/1070
f 1070/1070 1078/1078 1079/1079
f 1070/1070 1079/1079 1071/1071
f 1071/1071 1079/1079 1080/1080
f 1071/1071 1080/1080 1072/1072
f 1072/1072 1080/1080 1073/1073
f 1072/1072 1073/1073 1065/1065
f 1073/1073 1081/1081 1082/1082
f 1073/1073 1082/1082 1074/1074
f 1074/1074 1082/1082 1083/1083
f 1074/1074 1083/1083 1075/1075
f 1075/1075 1083/1083 1084/1084
f 1075/1075 1084/1084 1076/1076
f 1076/1076 1084/1084 1085/1085
f 1076/1076 1085/1085 1077/1077
f 1077/1077 1085/1085 1086/1086
f 1077/1077 1086/1086 1078/1078
f 1078/1078 1086/1086 1087/1087
f 1078/1078 1087/1087 1079/1079
f 1079/1079 1087/1087 1088/1088
f 1079/1079 1088/1088 1080/1080
f 1080/1080 1088/1088 1081/1081
f 1080/1080 1081/1081 1073/1073
f 1081/1081 1089/1089 1090/1090
f 1081/1081 1090/1090 1082/1082
f 1082/1082 1090/1090 1091/1091
f 1082/1082 1091/1091 1083/1083
f 1083/1083 1091/1091 1092/1092
f 1083/1083 1092/1092 1084/1084
f 1084/1084 1092/1092 1093/1093
f 1084/1084 1093/1093 1085/1085
f 1085/1085 1093/1093 1094/1094
f 1085/1085 1094/1094 1086/1086
f 1086/1086 1094/1094 1095/1095
f 1086/1086 1095/1095 1087/1087
f 1087/1087 1095/1095 1096/1096
f 1087/1087 1096/1096 1088/1088
f 1088/1088 1096/1096 1089/1089
f 1088/1088 1089/1089 1081/1081
f 1089/1089 1097/1097 1098/1098
f 1089/1089 1098/1098 1090/1090
f 1090/1090 1098/1098 1099/1099
f 1090/1090 1099/1099 1091/1091
f 1091/1091 1099/1099 1100/1100
f 1091/1091 1100/1100 1092/1092
f 1092/1092 1100/1100 1101/1101
f 1092/1092 1101/1101 1093/1093
f 1093/1093 1101/1101 1102/1102
f 1093/1093 1102/1102 1094/1094
f 1094/1094 1102/1102 1103/1103
f 1094/1094 1103/1103 1095/1095
f 1095/1095 1103/1103 1104/1104
f 1095/1095 1104/1104 1096/1096
f 1096/1096 1104/1104 1097/1097
f 1096/1096 1097/1097 1089/1089
f 1097/1097 1105/1105 1106/1106
f 1097/1097 1106/1106 1098/1098
f 1098/1098 1106/1106 1107/1107
f 1098/1098 1107/1107 1099/1099
f 1099/1099 1107/1107 1108/1108
f 1099/1099 1108/1108 1100/1100
f 1100/1100 1108/1108 1109/1109
f 1100/1100 1109/1109 1101/1101
f 1101/1101 1109/1109 1110/1110
f 1101/1101 1110/1110 1102/1102
f 1102/1102 1110/1110 1111/1111
f 1102/1102 1111/1111 1103/1103
f 1103/1103 1111/1111 1112/1112
f 1103/1103 1112/1112 1104/1104
f 1104/1104 1112/1112 1105/1105
f 1104/1104 1105/1105 1097/1097
f 1105/1105 1113/1113 1114/1114
f 1105/1105 1114/1114 1106/1106
f 1106/1106 1114/1114 1115/1115
f 1106/1106 1115/1115 1107/1107
f 1107/1107 1115/1115 1116/1116
f 1107/1107 1116/1116 1108/1108
f 1108/1108 1116/1116 1117/1117
f 1108/1108 1117/1117 1109/1109
f 1109/1109 1117/1117 1118/1118
f 1109/1109 1118/1118 1110/1110
f 1110/1110 1118/1118 1119/1119
f 1110/1110 1119/1119 1111/1111
f 1111/1111 1119/1119 1120/1120
f 1111/1111 1120/1120 1112/1112
f 1112/1112 1120/1120 1113/1113
f 1112/1112 1113/1113 1105/1105
f 1113/1113 1121/1121 1122/1122
f 1113/1113 1122/1122 1114/1114
f 1114/1114 1122/1122 1123/1123
f 1114/1114 1123/1123 1115/1115
f 1115/1115 1123/1123 1124/1124
f 1115/1115 1124/1124 1116/1116
f 1116/1116 1124/1124 1125/1125
f 1116/1116 1125/1125 1117/1117
f 1117/1117 1125/1125 1126/1126
f 1117/1117 1126/1126 1118/1118
f 1118/1118 1126/1126 1127/1127
f 1118/1118 1127/1127 1119/1119
f 1119/1119 1127/1127 1128/1128
f 1119/1119 1128/1128 1120/1120
f 1120/1120 1128/1128 1121/1121
f 1120/1120 1121/1121 1113/1113
f 1121/1121 1129/1129 1130/1130
f 1121/1121 1130/1130 1122/1122
f 1122/1122 1130/1130 1131/1131
f 1122/1122 1131/1131 1123/1123
f 1123/1123 1131/1131 1132/1132
f 1123/1123 1132/1132 1124/1124
f 1124/1124 1132/1132 1133/1133
f 1124/1124 1133/1133 1125/1125
f 1125/1125 1133/1133 1134/1134
f 1125/1125 1134/1134 1126/1126
f 1126/1126 1134/1134 1135/1135
f 1126/1126 1135/1135 1127/1127
f 1127/1127 1135/1135 1136/1136
f 1127/1127 1136/1136 1128/1128
f 1128/1128 1136/1136 1129/1129
f 1128/1128 1129/1129 1121/1121
f 1129/1129 1137/1137 1138/1138
f 1129/1129 1138/1138 1130/1130
f 1130/1130 1138/1138 1139/1139
f 1130/1130 1139/1139 1131/1131
f 1131/1131 1139/1139 1140/1140
f 1131/1131 1140/1140 1132/1132
f 1132/1132 1140/1140 1141/1141
f 1132/1132 1141/1141 1133/1133
f 1133/1133 1141/1141 1142/1142
f 1133/1133 1142/1142 1134/1134
f 1134/1134 1142/1142 1143/1143
f 1134/1134 1143/1143 1135/1135
f 1135/1135 1143/1143 1144/1144
f 1135/1135 1144/1144 1136/1136
f 1136/1136 1144/1144 1137/1137
f 1136/1136 1137/1137 1129/1129
f 1137/1137 1145/1145 1146/1146
f 1137/1137 1146/1146 1138/1138
f 1138/1138 1146/1146 1147/1147
f 1138/1138 1147/1147 1139/1139
f 1139/1139 1147/1147 1148/1148
f 1139/1139 1148/1148 1140/1140
f 1140/1140 1148/1148 1149/1149
f 1140/1140 1149/1149 1141/1141
f 1141/1141 1149/1149 1150/1150
f 1141/1141 1150/1150 1142/1142
f 1142/1142 1150/1150 1151/1151
f 1142/1142 1151/1151 1143/1143
f 1143/1143 1151/1151 1152/1152
f 1143/1143 1152/1152 1144/1144
f 1144/1144 1152/1152 1145/1145
f 1144/1144 1145/1145 1137/1137
f 1145/1145 1153/1153 1154/1154
f 1145/1145 1154/1154 1146/1146
f 1146/1146 1154/1154 1155/1155
f 1146/1146 1155/1155 1147/1147
f 1147/1147 1155/1155 1156/1156
f 1147/1147 1156/1156 1148/1148
f 1148/1148 1156/1156 1157/1157
f 1148/1148 1157/1157 1149/1149
f 1149/1149 1157/1157 1158/1158
f 1149/1149 1158/1158 1150/1150
f 1150/1150 1158/1158 1159/1159
f 1150/1150 1159/1159 1151/1151
f 1151/1151 1159/1159 1160/1160
f 1151/1151 1160/1160 1152/1152
f 1152/1152 1160/1160 1153/1153
f 1152/1152 1153/1153 1145/1145
f 1153/1153 1161/1161 1162/1162
f 1153/1153 1162/1162 1154/1154
f 1154/1154 1162/1162 1163/1163
f 1154/1154 1163/1163 1155/1155
f 1155/1155 1163/1163 1164/1164
f 1155/1155 1164/1164 1156/1156
f 1156/1156 1164/1164 1165/1165
f 1156/1156 1165/1165 1157/1157
f 1157/1157 1165/1165 1166/1166
f 1157/1157 1166/1166 1158/1158
f 1158/1158 1166/1166 1167/1167
f 1158/1158 1167/1167 1159/1159
f 1159/1159 1167/1167 1168/1168
f 1159/1159 1168/1168 1160/1160
f 1160/1160 1168/1168 1161/1161
f 1160/1160 1161/1161 1153/1153
f 1161/1161 1169/1169 1170/1170
f 1161/1161 1170/1170 1162/1162
f 1162/1162 1170/1170 1171/1171
f 1162/1162 1171/1171 1163/1163
f 1163/1163 1171/1171 1172/1172
f 1163/1163 1172/1172 1164/1164
f 1164/1164 1172/1172 1173/1173
f 1164/1164 1173/1173 1165/1165
f 1165/1165 1173/1173 1174/1174
f 1165/1165 1174/1174 1166/1166
f 1166/1166 1174/1174 1175/1175
f 1166/1166 1175/1175 1167/1167
f 1167/1167 1175/1175 1176/1176
f 1167/1167 1176/1176 1168/1168
f 1168/1168 1176/1176 1169/1169
f 1168/1168 1169/1169 1161/1161
f 1169/1169 1177/1177 1178/1178
f 1169/1169 1178/1178 1170/1170
f 1170/1170 1178/1178 1179/1179
f 1170/1170 1179/1179 1171/1171
f 1171/1171 1179/1179 1180/1180
f 1171/1171 1180/1180 1172/1172
f 1172/1172 1180/1180 1181/1181
f 1172/1172 1181/1181 1173/1173
f 1173/1173 1181/1181 1182/1182
f 1173/1173 1182/1182 1174/1174
f 1174/1174 1182/1182 1183/1183
f 1174/1174 1183/1183 1175/1175
f 1175/1175 1183/1183 1184/1184
f 1175/1175 1184/1184 1176/1176
f 1176/1176 1184/1184 1177/1177
f 1176/1176 1177/1177 1169/1169
f 1177/1177 1185/1185 1186/1186
f 1177/1177 1186/1186 1178/1178
f 1178/1178 1186/1186 1187/1187
f 1178/1178 1187/1187 1179/1179
f 1179/1179 1187/1187 1188/1188
f 1179/1179 1188/1188 1180/1180
f 1180/1180 1188/1188 1189/1189
f 1180/1180 1189/1189 1181/1181
f 1181/1181 1189/1189 1190/1190
f 1181/1181 1190/1190 1182/1182
f 1182/1182 1190/1190 1191/1191
f 1182/1182 1191/1191 1183/1183
f 1183/1183 1191/1191 1192/1192
f 1183/1183 1192/1192 1184/1184
f 1184/1184 1192/1192 1185/1185
f 1184/1184 1185/1185 1177/1177
f 1185/1185 1193/1193 1194/1194
f 1185/1185 1194/1194 1186/1186
f 1186/1186 1194/1194 1195/1195
f 1186/1186 1195/1195 1187/1187
f 1187/1187 1195/1195 1196/1196
f 1187/1187 1196/1196 1188/1188
f 1188/1188 1196/1196 1197/1197
f 1188/1188 1197/1197 1189/1189
f 1189/1189 1197/1197 1198/1198
f 1189/1189 1198/1198 1190/1190
f 1190/1190 1198/1198 1199/1199
f 1190/1190 1199/1199 1191/1191
f 1191/1191 1199/1199 1200/1200
f 1191/1191 1200/1200 1192/1192
f 1192/1192 1200/1200 1193/1193
f 1192/1192 1193/1193 1185/1185
f 1193/1193 1201/1201 1202/1202
f 1193/1193 1202/1202 1194/1194
f 1194/1194 1202/1202 1203/1203
f 1194/1194 1203/1203 1195/1195
f 1195/1195 1203/1203 1204/1204
f 1195/1195 1204/1204 1196/1196
f 1196/1196 1204/1204 1205/1205
f 1196/1196 1205/1205 1197/1197
f 1197/1197 1205/1205 1206/1206
f 1197/1197 1206/1206 1198/1198
f 1198/1198 1206/1206 1207/1207
f 1198/1198 1207/1207 1199/1199
f 1199/1199 1207/1207 1208/1208
f 1199/1199 1208/1208 1200/1200
f 1200/1200 1208/1208 1201/1201
f 1200/1200 1201/1201 1193/1193
f 1201/1201 1209/1209 1210/1210
f 1201/1201 1210/1210 1202/1202
f 1202/1202 1210/1210 1211/1211
f 1202/1202 1211/1211 1203/1203
f 1203/1203 1211/1211 1212/1212
f 1203/1203 1212/1212 1204/1204
f 1204/1204 1212/1212 1213/1213
f 1204/1204 1213/1213 1205/1205
f 1205/1205 1213/1213 1214/1214
f 1205/1205 1214/1214 1206/1206
f 1206/1206 1214/1214 1215/1215
f 1206/1206 1215/1215 1207/1207
f 1207/1207 1215/1215 1216/1216
f 1207/1207 1216/1216 1208/1208
f 1208/1208 1216/1216 1209/1209
f 1208/1208 1209/1209 1201/1201
f 1209/1209 1217/1217 1218/1218
f 1209/1209 1218/1218 1210/1210
f 1210/1210 1218/1218 1219/1219
f 1210/1210 1219/1219 1211/1211
f 1211/1211 1219/1219 1220/1220
f 1211/1211 1220/1220 1212/1212
f 1212/1212 1220/1220 1221/1221
f 1212/1212 1221/1221 1213/1213
f 1213/1213 1221/1221 1222/1222
f 1213/1213 1222/1222 1214/1214
f 1214/1214 1222/1222 1223/1223
f 1214/1214 1223/1223 1215/1215
f 1215/1215 1223/1223 1224/1224
f 1215/1215 1224/1224 1216/1216
f 1216/1216 1224/1224 1217/1217
f 1216/1216 1217/1217 1209/1209
f 1217/1217 1225/1225 1226/1226
f 1217/1217 1226/1226 1218/1218
f 1218/1218 1226/1226 1227/1227
f 1218/1218 1227/1227 1219/1219
f 1219/1219 1227/1227 1228/1228
f 1219/1219 1228/1228 1220/1220
f 1220/1220 1228/1228 1229/1229
f 1220/1220 1229/1229 1221/1221
f 1221/1221 1229/1229 1230/1230
f 1221/1221 1230/1230 1222/1222
f 1222/1222 1230/1230 1231/1231
f 1222/1222 1231/1231 1223/1223
f 1223/1223 1231/1231 1232/1232
f 1223/1223 1232/1232 1224/1224
f 1224/1224 1232/1232 1225/1225
f 1224/1224 1225/1225 1217/1217
f 1225/1225 1233/1233 1234/1234
f 1225/1225 1234/1234 1226/1226
f 1226/1226 1234/1234 1235/1235
f 1226/1226 1235/1235 1227/1227
f 1227/1227 1235/1235 1236/1236
f 1227/1227 1236/1236 1228/1228
f 1228/1228 1236/1236 1237/1237
f 1228/1228 1237/1237 1229/1229
f 1229/1229 1237/1237 1238/1238
f 1229/1229 1238/1238 1230/1230
f 1230/1230 1238/1238 1239/1239
f 1230/1230 1239/1239 1231/1231
f 1231/1231 1239/1239 1240/1240
f 1231/1231 1240/1240 1232/1232
f 1232/1232 1240/1240 1233/1233
f 1232/1232 1233/1233 1225/1225
f 1233/1233 1241/1241 1242/1242
f 1233/1233 1242/1242 1234/1234
f 1234/1234 1242/1242 1243/1243
f 1234/1234 1243/1243 1235/1235
f 1235/1235 1243/1243 1244/1244
f 1235/1235 1244/1244 1236/1236
f 1236/1236 1244/1244 1245/1245
f 1236/1236 1245/1245 1237/1237
f 1237/1237 1245/1245 1246/1246
f 1237/1237 1246/1246 1238/1238
f 1238/1238 1246/1246 1247/1247
f 1238/1238 1247/1247 1239/1239
f 1239/1239 1247/1247 1248/1248
f 1239/1239 1248/1248 1240/1240
f 1240/1240 1248/1248 1241/1241
f 1240/1240 1241/1241 1233/1233
f 1241/1241 1249/1249 1250/1250
f 1241/1241 1250/1250 1242/1242
f 1242/1242 1250/1250 1251/1251
f 1242/1242 1251/1251 1243/1243
f 1243/1243 1251/1251 1252/1252
f 1243/1243 1252/1252 1244/1244
f 1244/1244 1252/1252 1253/1253
f 1244/1244 1253/1253 1245/1245
f 1245/1245 1253/1253 1254/1254
f 1245/1245 1254/1254 1246/1246
f 1246/1246 1254/1254 1255/1255
f 1246/1246 1255/1255 1247/1247
f 1247/1247 1255/1255 1256/1256
f 1247/1247 1256/1256 1248/1248
f 1248/1248 1256/1256 1249/1249
f 1248/1248 1249/1249 1241/1241
f 1249/1249 1257/1257 1258/1258
f 1249/1249 1258/1258 1250/1250
f 1250/1250 1258/1258 1259/1259
f 1250/1250 1259/1259 1251/1251
f 1251/1251 1259/1259 1260/1260
f 1251/1251 1260/1260 1252/1252
f 1252/1252 1260/1260 1261/1261
f 1252/1252 1261/1261 1253/1253
f 1253/1253 1261/1261 1262/1262
f 1253/1253 1262/1262 1254/1254
f 1254/1254 1262/1262 1263/1263
f 1254/1254 1263/1263 1255/1255
f 1255/1255 1263/1263 1264/1264
f 1255/1255 1264/1264 1256/1256
f 1256/1256 1264/1264 1257/1257
f 1256/1256 1257/1257 1249/1249
f 1257/1257 1265/1265 1266/1266
f 1257/1257 1266/1266 1258/1258
f 1258/1258 1266/1266 1267/1267
f 1258/1258 1267/1267 1259/1259
f 1259/1259 1267/1267 1268/1268
f 1259/1259 1268/1268 1260/1260
f 1260/1260 1268/1268 1269/1269
f 1260/1260 1269/1269 1261/1261
f 1261/1261 1269/1269 1270/1270
f 1261/1261 1270/1270 1262/1262
f 1262/1262 1270/1270 1271/1271
f 1262/1262 1271/1271 1263/1263
f 1263/1263 1271/1271 1272/1272
f 1263/1263 1272/1272 1264/1264
f 1264/1264 1272/1272 1265/1265
f 1264/1264 1265/1265 1257/1257
f 1265/1265 1273/1273 1274/1274
f 1265/1265 1274/1274 1266/1266
f 1266/1266 1274/1274 1275/1275
f 1266/1266 1275/1275 1267/1267
f 1267/1267 1275/1275 1276/1276
f 1267/1267 1276/1276 1268/1268
f 1268/1268 1276/1276 1277/1277
f 1268/1268 1277/1277 1269/1269
f 1269/1269 1277/1277 1278/1278
f 1269/1269 1278/1278 1270/1270
f 1270/1270 1278/1278 1279/1279
f 1270/1270 1279/1279 1271/1271
f 1271/1271 1279/1279 1280/1280
f 1271/1271 1280/1280 1272/1272
f 1272/1272 1280/1280 1273/1273
f 1272/1272 1273/1273 1265/1265
f 1273/1273 1281/1281 1282/1282
f 1273/1273 1282/1282 1274/1274
f 1274/1274 1282/1282 1283/1283
f 1274/1274 1283/1283 1275/1275
f 1275/1275 1283/1283 1284/1284
f 1275/1275 1284/1284 1276/1276
f 1276/1276 1284/1284 1285/1285
f 1276/1276 1285/1285 1277/1277
f 1277/1277 1285/1285 1286/1286
f 1277/1277 1286/1286 1278/1278
f 1278/1278 1286/1286 1287/1287
f 1278/1278 1287/1287 1279/1279
f 1279/1279 1287/1287 1288/1288
f 1279/1279 1288/1288 1280/1280
f 1280/1280 1288/1288 1281/1281
f 1280/1280 1281/1281 1273/1273
f 1281/1281 1289/1289 1290/1290
f 1281/1281 1290/1290 1282/1282
f 1282/1282 1290/1290 1291/1291
f 1282/1282 1291/1291 1283/1283
f 1283/1283 1291/1291 1292/1292
f 1283/1283 1292/1292 1284/1284
f 1284/1284 1292/1292 1293/1293
f 1284/1284 1293/1293 1285/1285
f 1285/1285 1293/1293 1294/1294
f 1285/1285 1294/1294 1286/1286
f 1286/1286 1294/1294 1295/1295
f 1286/1286 1295/1295 1287/1287
f 1287/1287 1295/1295 1296/1296
f 1287/1287 1296/1296 1288/1288
f 1288/1288 1296/1296 1289/1289
f 1288/1288 1289/1289 1281/1281
f 1289/1289 1297/1297 1298/1298
f 1289/1289 1298/1298 1290/1290
f 1290/1290 1298/1298 1299/1299
f 1290/1290 1299/1299 1291/1291
f 1291/1291 1299/1299 1300/1300
f 1291/1291 1300/1300 1292/1292
f 1292/1292 1300/1300 1301/1301
f 1292/1292 1301/1301 1293/1293
f 1293/1293 1301/1301 1302/1302
f 1293/1293 1302/1302 1294/1294
f 1294/1294 1302/1302 1303/1303
f 1294/1294 1303/1303 1295/1295
f 1295/1295 1303/1303 1304/1304
f 1295/1295 1304/1304 1296/1296
f 1296/1296 1304/1304 1297/1297
f 1296/1296 1297/1297 1289/1289
f 1297/1297 1305/1305 1306/1306
f 1297/1297 1306/1306 1298/1298
f 1298/1298 1306/1306 1307/1307
f 1298/1298 1307/1307 1299/1299
f 1299/1299 1307/1307 1308/1308
f 1299/1299 1308/1308 1300/1300
f 1300/1300 1308/1308 1309/1309
f 1300/1300 1309/1309 1301/1301
f 1301/1301 1309/1309 1310/1310
f 1301/1301 1310/1310 1302/1302
f 1302/1302 1310/1310 1311/1311
f 1302/1302 1311/1311 1303/1303
f 1303/1303 1311/1311 1312/1312
f 1303/1303 1312/1312 1304/1304
f 1304/1304 1312/1312 1305/1305
f 1304/1304 1305/1305 1297/1297
f 1305/1305 801/801 802/802
f 1305/1305 802/802 1306/1306
f 1306/1306 802/802 803/803
f 1306/1306 803/803 1307/1307
f 1307/1307 803/803 804/804
f 1307/1307 804/804 1308/1308
f 1308/1308 804/804 805/805
f 1308/1308 805/805 1309/1309
f 1309/1309 805/805 806/806
f 1309/1309 806/806 1310/1310
f 1310/1310 806/806 807/807
f 1310/1310 807/807 1311/1311
f 1311/1311 807/807 808/808
f 1311/1311 808/808 1312/1312
f 1312/1312 808/808 801/801
f 1312/1312 801/801 1305/1305
usemtl DarkIron
f 1313/1313 1314/1314 1315/1315
f 1313/1313 1315/1315 1316/1316
f 1317/1317 1318/1318 1319/1319
f 1317/1317 1319/1319 1320/1320
f 1321/1321 1322/1322 1323/1323
f 1321/1321 1323/1323 1324/1324
f 1325/1325 1326/1326 1327/1327
f 1325/1325 1327/1327 1328/1328
f 1329/1329 1330/1330 1331/1331
f 1329/1329 1331/1331 1332/1332
f 1333/1333 1334/1334 1335/1335
f 1333/1333 1335/1335 1336/1336
usemtl WarmBrass
f 1337/1337 1343/1343 1344/1344
f 1337/1337 1344/1344 1338/1338
f 1338/1338 1344/1344 1345/1345
f 1338/1338 1345/1345 1339/1339
f 1339/1339 1345/1345 1346/1346
f 1339/1339 1346/1346 1340/1340
f 1340/1340 1346/1346 1347/1347
f 1340/1340 1347/1347 1341/1341
f 1341/1341 1347/1347 1348/1348
f 1341/1341 1348/1348 1342/1342
f 1342/1342 1348/1348 1343/1343
f 1342/1342 1343/1343 1337/1337
f 1343/1343 1349/1349 1350/1350
f 1343/1343 1350/1350 1344/1344
f 1344/1344 1350/1350 1351/1351
f 1344/1344 1351/1351 1345/1345
f 1345/1345 1351/1351 1352/1352
f 1345/1345 1352/1352 1346/1346
f 1346/1346 1352/1352 1353/1353
f 1346/1346 1353/1353 1347/1347
f 1347/1347 1353/1353 1354/1354
f 1347/1347 1354/1354 1348/1348
f 1348/1348 1354/1354 1349/1349
f 1348/1348 1349/1349 1343/1343
f 1349/1349 1355/1355 1356/1356
f 1349/1349 1356/1356 1350/1350
f 1350/1350 1356/1356 1357/1357
f 1350/1350 1357/1357 1351/1351
f 1351/1351 1357/1357 1358/1358
f 1351/1351 1358/1358 1352/1352
f 1352/1352 1358/1358 1359/1359
f 1352/1352 1359/1359 1353/1353
f 1353/1353 1359/1359 1360/1360
f 1353/1353 1360/1360 1354/1354
f 1354/1354 1360/1360 1355/1355
f 1354/1354 1355/1355 1349/1349
f 1355/1355 1361/1361 1362/1362
f 1355/1355 1362/1362 1356/1356
f 1356/1356 1362/1362 1363/1363
f 1356/1356 1363/1363 1357/1357
f 1357/1357 1363/1363 1364/1364
f 1357/1357 1364/1364 1358/1358
f 1358/1358 1364/1364 1365/1365
f 1358/1358 1365/1365 1359/1359
f 1359/1359 1365/1365 1366/1366
f 1359/1359 1366/1366 1360/1360
f 1360/1360 1366/1366 1361/1361
f 1360/1360 1361/1361 1355/1355
f 1361/1361 1367/1367 1368/1368
f 1361/1361 1368/1368 1362/1362
f 1362/1362 1368/1368 1369/1369
f 1362/1362 1369/1369 1363/1363
f 1363/1363 1369/1369 1370/1370
f 1363/1363 1370/1370 1364/1364
f 1364/1364 1370/1370 1371/1371
f 1364/1364 1371/1371 1365/1365
f 1365/1365 1371/1371 1372/1372
f 1365/1365 1372/1372 1366/1366
f 1366/1366 1372/1372 1367/1367
f 1366/1366 1367/1367 1361/1361
f 1367/1367 1373/1373 1374/1374
f 1367/1367 1374/1374 1368/1368
f 1368/1368 1374/1374 1375/1375
f 1368/1368 1375/1375 1369/1369
f 1369/1369 1375/1375 1376/1376
f 1369/1369 1376/1376 1370/1370
f 1370/1370 1376/1376 1377/1377
f 1370/1370 1377/1377 1371/1371
f 1371/1371 1377/1377 1378/1378
f 1371/1371 1378/1378 1372/1372
f 1372/1372 1378/1378 1373/1373
f 1372/1372 1373/1373 1367/1367
f 1373/1373 1379/1379 1380/1380
f 1373/1373 1380/1380 1374/1374
f 1374/1374 1380/1380 1381/1381
f 1374/1374 1381/1381 1375/1375
f 1375/1375 1381/1381 1382/1382
f 1375/1375 1382/1382 1376/1376
f 1376/1376 1382/1382 1383/1383
f 1376/1376 1383/1383 1377/1377
f 1377/1377 1383/1383 1384/1384
f 1377/1377 1384/1384 1378/1378
f 1378/1378 1384/1384 1379/1379
f 1378/1378 1379/1379 1373/1373
f 1379/1379 1385/1385 1386/1386
f 1379/1379 1386/1386 1380/1380
f 1380/1380 1386/1386 1387/1387
f 1380/1380 1387/1387 1381/1381
f 1381/1381 1387/1387 1388/1388
f 1381/1381 1388/1388 1382/1382
f 1382/1382 1388/1388 1389/1389
f 1382/1382 1389/1389 1383/1383
f 1383/1383 1389/1389 1390/1390
f 1383/1383 1390/1390 1384/1384
f 1384/1384 1390/1390 1385/1385
f 1384/1384 1385/1385 1379/1379
f 1385/1385 1391/1391 1392/1392
f 1385/1385 1392/1392 1386/1386
f 1386/1386 1392/1392 1393/1393
f 1386/1386 1393/1393 1387/1387
f 1387/1387 1393/1393 1394/1394
f 1387/1387 1394/1394 1388/1388
f 1388/1388 1394/1394 1395/1395
f 1388/1388 1395/1395 1389/1389
f 1389/1389 1395/1395 1396/1396
f 1389/1389 1396/1396 1390/1390
f 1390/1390 1396/1396 1391/1391
f 1390/1390 1391/1391 1385/1385
f 1391/1391 1397/1397 1398/1398
f 1391/1391 1398/1398 1392/1392
f 1392/1392 1398/1398 1399/1399
f 1392/1392 1399/1399 1393/1393
f 1393/1393 1399/1399 1400/1400
f 1393/1393 1400/1400 1394/1394
f 1394/1394 1400/1400 1401/1401
f 1394/1394 1401/1401 1395/1395
f 1395/1395 1401/1401 1402/1402
f 1395/1395 1402/1402 1396/1396
f 1396/1396 1402/1402 1397/1397
f 1396/1396 1397/1397 1391/1391
f 1397/1397 1403/1403 1404/1404
f 1397/1397 1404/1404 1398/1398
f 1398/1398 1404/1404 1405/1405
f 1398/1398 1405/1405 1399/1399
f 1399/1399 1405/1405 1406/1406
f 1399/1399 1406/1406 1400/1400
f 1400/1400 1406/1406 1407/1407
f 1400/1400 1407/1407 1401/1401
f 1401/1401 1407/1407 1408/1408
f 1401/1401 1408/1408 1402/1402
f 1402/1402 1408/1408 1403/1403
f 1402/1402 1403/1403 1397/1397
f 1403/1403 1409/1409 1410/1410
f 1403/1403 1410/1410 1404/1404
f 1404/1404 1410/1410 1411/1411
f 1404/1404 1411/1411 1405/1405
f 1405/1405 1411/1411 1412/1412
f 1405/1405 1412/1412 1406/1406
f 1406/1406 1412/1412 1413/1413
f 1406/1406 1413/1413 1407/1407
f 1407/1407 1413/1413 1414/1414
f 1407/1407 1414/1414 1408/1408
f 1408/1408 1414/1414 1409/1409
f 1408/1408 1409/1409 1403/1403
f 1409/1409 1415/1415 1416/1416
f 1409/1409 1416/1416 1410/1410
f 1410/1410 1416/1416 1417/1417
f 1410/1410 1417/1417 1411/1411
f 1411/1411 1417/1417 1418/1418
f 1411/1411 1418/1418 1412/1412
f 1412/1412 1418/1418 1419/1419
f 1412/1412 1419/1419 1413/1413
f 1413/1413 1419/1419 1420/1420
f 1413/1413 1420/1420 1414/1414
f 1414/1414 1420/1420 1415/1415
f 1414/1414 1415/1415 1409/1409
f 1415/1415 1421/1421 1422/1422
f 1415/1415 1422/1422 1416/1416
f 1416/1416 1422/1422 1423/1423
f 1416/1416 1423/1423 1417/1417
f 1417/1417 1423/1423 1424/1424
f 1417/1417 1424/1424 1418/1418
f 1418/1418 1424/1424 1425/1425
f 1418/1418 1425/1425 1419/1419
f 1419/1419 1425/1425 1426/1426
f 1419/1419 1426/1426 1420/1420
f 1420/1420 1426/1426 1421/1421
f 1420/1420 1421/1421 1415/1415
f 1421/1421 1427/1427 1428/1428
f 1421/1421 1428/1428 1422/1422
f 1422/1422 1428/1428 1429/1429
f 1422/1422 1429/1429 1423/1423
f 1423/1423 1429/1429 1430/1430
f 1423/1423 1430/1430 1424/1424
f 1424/1424 1430/1430 1431/1431
f 1424/1424 1431/1431 1425/1425
f 1425/1425 1431/1431 1432/1432
f 1425/1425 1432/1432 1426/1426
f 1426/1426 1432/1432 1427/1427
f 1426/1426 1427/1427 1421/1421
f 1427/1427 1433/1433 1434/1434
f 1427/1427 1434/1434 1428/1428
f 1428/1428 1434/1434 1435/1435
f 1428/1428 1435/1435 1429/1429
f 1429/1429 1435/1435 1436/1436
f 1429/1429 1436/1436 1430/1430
f 1430/1430 1436/1436 1437/1437
f 1430/1430 1437/1437 1431/1431
f 1431/1431 1437/1437 1438/1438
f 1431/1431 1438/1438 1432/1432
f 1432/1432 1438/1438 1433/1433
f 1432/1432 1433/1433 1427/1427
f 1433/1433 1439/1439 1440/1440
f 1433/1433 1440/1440 1434/1434
f 1434/1434 1440/1440 1441/1441
f 1434/1434 1441/1441 1435/1435
f 1435/1435 1441/1441 1442/1442
f 1435/1435 1442/1442 1436/1436
f 1436/1436 1442/1442 1443/1443
f 1436/1436 1443/1443 1437/1437
f 1437/1437 1443/1443 1444/1444
f 1437/1437 1444/1444 1438/1438
f 1438/1438 1444/1444 1439/1439
f 1438/1438 1439/1439 1433/1433
f 1439/1439 1445/1445 1446/1446
f 1439/1439 1446/1446 1440/1440
f 1440/1440 1446/1446 1447/1447
f 1440/1440 1447/1447 1441/1441
f 1441/1441 1447/1447 1448/1448
f 1441/1441 1448/1448 1442/1442
f 1442/1442 1448/1448 1449/1449
f 1442/1442 1449/1449 1443/1443
f 1443/1443 1449/1449 1450/1450
f 1443/1443 1450/1450 1444/1444
f 1444/1444 1450/1450 1445/1445
f 1444/1444 1445/1445 1439/1439
f 1445/1445 1451/1451 1452/1452
f 1445/1445 1452/1452 1446/1446
f 1446/1446 1452/1452 1453/1453
f 1446/1446 1453/1453 1447/1447
f 1447/1447 1453/1453 1454/1454
f 1447/1447 1454/1454 1448/1448
f 1448/1448 1454/1454 1455/1455
f 1448/1448 1455/1455 1449/1449
f 1449/1449 1455/1455 1456/1456
f 1449/1449 1456/1456 1450/1450
f 1450/1450 1456/1456 1451/1451
f 1450/1450 1451/1451 1445/1445
f 1451/1451 1457/1457 1458/1458
f 1451/1451 1458/1458 1452/1452
f 1452/1452 1458/1458 1459/1459
f 1452/1452 1459/1459 1453/1453
f 1453/1453 1459/1459 1460/1460
f 1453/1453 1460/1460 1454/1454
f 1454/1454 1460/1460 1461/1461
f 1454/1454 1461/1461 1455/1455
f 1455/1455 1461/1461 1462/1462
f 1455/1455 1462/1462 1456/1456
f 1456/1456 1462/1462 1457/1457
f 1456/1456 1457/1457 1451/1451
f 1457/1457 1463/1463 1464/1464
f 1457/1457 1464/1464 1458/1458
f 1458/1458 1464/1464 1465/1465
f 1458/1458 1465/1465 1459/1459
f 1459/1459 1465/1465 1466/1466
f 1459/1459 1466/1466 1460/1460
f 1460/1460 1466/1466 1467/1467
f 1460/1460 1467/1467 1461/1461
f 1461/1461 1467/1467 1468/1468
f 1461/1461 1468/1468 1462/1462
f 1462/1462 1468/1468 1463/1463
f 1462/1462 1463/1463 1457/1457
f 1463/1463 1469/1469 1470/1470
f 1463/1463 1470/1470 1464/1464
f 1464/1464 1470/1470 1471/1471
f 1464/1464 1471/1471 1465/1465
f 1465/1465 1471/1471 1472/1472
f 1465/1465 1472/1472 1466/1466
f 1466/1466 1472/1472 1473/1473
f 1466/1466 1473/1473 1467/1467
f 1467/1467 1473/1473 1474/1474
f 1467/1467 1474/1474 1468/1468
f 1468/1468 1474/1474 1469/1469
f 1468/1468 1469/1469 1463/1463
f 1469/1469 1475/1475 1476/1476
f 1469/1469 1476/1476 1470/1470
f 1470/1470 1476/1476 1477/1477
f 1470/1470 1477/1477 1471/1471
f 1471/1471 1477/1477 1478/1478
f 1471/1471 1478/1478 1472/1472
f 1472/1472 1478/1478 1479/1479
f 1472/1472 1479/1479 1473/1473
f 1473/1473 1479/1479 1480/1480
f 1473/1473 1480/1480 1474/1474
f 1474/1474 1480/1480 1475/1475
f 1474/1474 1475/1475 1469/1469
f 1475/1475 1481/1481 1482/1482
f 1475/1475 1482/1482 1476/1476
f 1476/1476 1482/1482 1483/1483
f 1476/1476 1483/1483 1477/1477
f 1477/1477 1483/1483 1484/1484
f 1477/1477 1484/1484 1478/1478
f 1478/1478 1484/1484 1485/1485
f 1478/1478 1485/1485 1479/1479
f 1479/1479 1485/1485 1486/1486
f 1479/1479 1486/1486 1480/1480
f 1480/1480 1486/1486 1481/1481
f 1480/1480 1481/1481 1475/1475
f 1481/1481 1487/1487 1488/1488
f 1481/1481 1488/1488 1482/1482
f 1482/1482 1488/1488 1489/1489
f 1482/1482 1489/1489 1483/1483
f 1483/1483 1489/1489 1490/1490
f 1483/1483 1490/1490 1484/1484
f 1484/1484 1490/1490 1491/1491
f 1484/1484 1491/1491 1485/1485
f 1485/1485 1491/1491 1492/1492
f 1485/1485 1492/1492 1486/1486
f 1486/1486 1492/1492 1487/1487
f 1486/1486 1487/1487 1481/1481
f 1487/1487 1493/1493 1494/1494
f 1487/1487 1494/1494 1488/1488
f 1488/1488 1494/1494 1495/1495
f 1488/1488 1495/1495 1489/1489
f 1489/1489 1495/1495 1496/1496
f 1489/1489 1496/1496 1490/1490
f 1490/1490 1496/1496 1497/1497
f 1490/1490 1497/1497 1491/1491
f 1491/1491 1497/1497 1498/1498
f 1491/1491 1498/1498 1492/1492
f 1492/1492 1498/1498 1493/1493
f 1492/1492 1493/1493 1487/1487
f 1493/1493 1499/1499 1500/1500
f 1493/1493 1500/1500 1494/1494
f 1494/1494 1500/1500 1501/1501
f 1494/1494 1501/1501 1495/1495
f 1495/1495 1501/1501 1502/1502
f 1495/1495 1502/1502 1496/1496
f 1496/1496 1502/1502 1503/1503
f 1496/1496 1503/1503 1497/1497
f 1497/1497 1503/1503 1504/1504
f 1497/1497 1504/1504 1498/1498
f 1498/1498 1504/1504 1499/1499
f 1498/1498 1499/1499 1493/1493
f 1499/1499 1505/1505 1506/1506
f 1499/1499 1506/1506 1500/1500
f 1500/1500 1506/1506 1507/1507
f 1500/1500 1507/1507 1501/1501
f 1501/1501 1507/1507 1508/1508
f 1501/1501 1508/1508 1502/1502
f 1502/1502 1508/1508 1509/1509
f 1502/1502 1509/1509 1503/1503
f 1503/1503 1509/1509 1510/1510
f 1503/1503 1510/1510 1504/1504
f 1504/1504 1510/1510 1505/1505
f 1504/1504 1505/1505 1499/1499
f 1505/1505 1511/1511 1512/1512
f 1505/1505 1512/1512 1506/1506
f 1506/1506 1512/1512 1513/1513
f 1506/1506 1513/1513 1507/1507
f 1507/1507 1513/1513 1514/1514
f 1507/1507 1514/1514 1508/1508
f 1508/1508 1514/1514 1515/1515
f 1508/1508 1515/1515 1509/1509
f 1509/1509 1515/1515 1516/1516
f 1509/1509 1516/1516 1510/1510
f 1510/1510 1516/1516 1511/1511
f 1510/1510 1511/1511 1505/1505
f 1511/1511 1517/1517 1518/1518
f 1511/1511 1518/1518 1512/1512
f 1512/1512 1518/1518 1519/1519
f 1512/1512 1519/1519 1513/1513
f 1513/1513 1519/1519 1520/1520
f 1513/1513 1520/1520 1514/1514
f 1514/1514 1520/1520 1521/1521
f 1514/1514 1521/1521 1515/1515
f 1515/1515 1521/1521 1522/1522
f 1515/1515 1522/1522 1516/1516
f 1516/1516 1522/1522 1517/1517
f 1516/1516 1517/1517 1511/1511
f 1517/1517 1523/1523 1524/1524
f 1517/1517 1524/1524 1518/1518
f 1518/1518 1524/1524 1525/1525
f 1518/1518 1525/1525 1519/1519
f 1519/1519 1525/1525 1526/1526
f 1519/1519 1526/1526 1520/1520
f 1520/1520 1526/1526 1527/1527
f 1520/1520 1527/1527 1521/1521
f 1521/1521 1527/1527 1528/1528
f 1521/1521 1528/1528 1522/1522
f 1522/1522 1528/1528 1523/1523
f 1522/1522 1523/1523 1517/1517
f 1523/1523 1529/1529 1530/1530
f 1523/1523 1530/1530 1524/1524
f 1524/1524 1530/1530 1531/1531
f 1524/1524 1531/1531 1525/1525
f 1525/1525 1531/1531 1532/1532
f 1525/1525 1532/1532 1526/1526
f 1526/1526 1532/1532 1533/1533
f 1526/1526 1533/1533 1527/1527
f 1527/1527 1533/1533 1534/1534
f 1527/1527 1534/1534 1528/1528
f 1528/1528 1534/1534 1529/1529
f 1528/1528 1529/1529 1523/1523
f 1529/1529 1535/1535 1536/1536
f 1529/1529 1536/1536 1530/1530
f 1530/1530 1536/1536 1537/1537
f 1530/1530 1537/1537 1531/1531
f 1531/1531 1537/1537 1538/1538
f 1531/1531 1538/1538 1532/1532
f 1532/1532 1538/1538 1539/1539
f 1532/1532 1539/1539 1533/1533
f 1533/1533 1539/1539 1540/1540
f 1533/1533 1540/1540 1534/1534
f 1534/1534 1540/1540 1535/1535
f 1534/1534 1535/1535 1529/1529
f 1535/1535 1541/1541 1542/1542
f 1535/1535 1542/1542 1536/1536
f 1536/1536 1542/1542 1543/1543
f 1536/1536 1543/1543 1537/1537
f 1537/1537 1543/1543 1544/1544
f 1537/1537 1544/1544 1538/1538
f 1538/1538 1544/1544 1545/1545
f 1538/1538 1545/1545 1539/1539
f 1539/1539 1545/1545 1546/1546
f 1539/1539 1546/1546 1540/1540
f 1540/1540 1546/1546 1541/1541
f 1540/1540 1541/1541 1535/1535
f 1541/1541 1547/1547 1548/1548
f 1541/1541 1548/1548 1542/1542
f 1542/1542 1548/1548 1549/1549
f 1542/1542 1549/1549 1543/1543
f 1543/1543 1549/1549 1550/1550
f 1543/1543 1550/1550 1544/1544
f 1544/1544 1550/1550 1551/1551
f 1544/1544 1551/1551 1545/1545
f 1545/1545 1551/1551 1552/1552
f 1545/1545 1552/1552 1546/1546
f 1546/1546 1552/1552 1547/1547
f 1546/1546 1547/1547 1541/1541
f 1547/1547 1553/1553 1554/1554
f 1547/1547 1554/1554 1548/1548
f 1548/1548 1554/1554 1555/1555
f 1548/1548 1555/1555 1549/1549
f 1549/1549 1555/1555 1556/1556
f 1549/1549 1556/1556 1550/1550
f 1550/1550 1556/1556 1557/1557
f 1550/1550 1557/1557 1551/1551
f 1551/1551 1557/1557 1558/1558
f 1551/1551 1558/1558 1552/1552
f 1552/1552 1558/1558 1553/1553
f 1552/1552 1553/1553 1547/1547
f 1553/1553 1559/1559 1560/1560
f 1553/1553 1560/1560 1554/1554
f 1554/1554 1560/1560 1561/1561
f 1554/1554 1561/1561 1555/1555
f 1555/1555 1561/1561 1562/1562
f 1555/1555 1562/1562 1556/1556
f 1556/1556 1562/1562 1563/1563
f 1556/1556 1563/1563 1557/1557
f 1557/1557 1563/1563 1564/1564
f 1557/1557 1564/1564 1558/1558
f 1558/1558 1564/1564 1559/1559
f 1558/1558 1559/1559 1553/1553
f 1559/1559 1565/1565 1566/1566
f 1559/1559 1566/1566 1560/1560
f 1560/1560 1566/1566 1567/1567
f 1560/1560 1567/1567 1561/1561
f 1561/1561 1567/1567 1568/1568
f 1561/1561 1568/1568 1562/1562
f 1562/1562 1568/1568 1569/1569
f 1562/1562 1569/1569 1563/1563
f 1563/1563 1569/1569 1570/1570
f 1563/1563 1570/1570 1564/1564
f 1564/1564 1570/1570 1565/1565
f 1564/1564 1565/1565 1559/1559
f 1565/1565 1571/1571 1572/1572
f 1565/1565 1572/1572 1566/1566
f 1566/1566 1572/1572 1573/1573
f 1566/1566 1573/1573 1567/1567
f 1567/1567 1573/1573 1574/1574
f 1567/1567 1574/1574 1568/1568
f 1568/1568 1574/1574 1575/1575
f 1568/1568 1575/1575 1569/1569
f 1569/1569 1575/1575 1576/1576
f 1569/1569 1576/1576 1570/1570
f 1570/1570 1576/1576 1571/1571
f 1570/1570 1571/1571 1565/1565
f 1571/1571 1577/1577 1578/1578
f 1571/1571 1578/1578 1572/1572
f 1572/1572 1578/1578 1579/1579
f 1572/1572 1579/1579 1573/1573
f 1573/1573 1579/1579 1580/1580
f 1573/1573 1580/1580 1574/1574
f 1574/1574 1580/1580 1581/1581
f 1574/1574 1581/1581 1575/1575
f 1575/1575 1581/1581 1582/1582
f 1575/1575 1582/1582 1576/1576
f 1576/1576 1582/1582 1577/1577
f 1576/1576 1577/1577 1571/1571
f 1577/1577 1583/1583 1584/1584
f 1577/1577 1584/1584 1578/1578
f 1578/1578 1584/1584 1585/1585
f 1578/1578 1585/1585 1579/1579
f 1579/1579 1585/1585 1586/1586
f 1579/1579 1586/1586 1580/1580
f 1580/1580 1586/1586 1587/1587
f 1580/1580 1587/1587 1581/1581
f 1581/1581 1587/1587 1588/1588
f 1581/1581 1588/1588 1582/1582
f 1582/1582 1588/1588 1583/1583
f 1582/1582 1583/1583 1577/1577
f 1583/1583 1589/1589 1590/1590
f 1583/1583 1590/1590 1584/1584
f 1584/1584 1590/1590 1591/1591
f 1584/1584 1591/1591 1585/1585
f 1585/1585 1591/1591 1592/1592
f 1585/1585 1592/1592 1586/1586
f 1586/1586 1592/1592 1593/1593
f 1586/1586 1593/1593 1587/1587
f 1587/1587 1593/1593 1594/1594
f 1587/1587 1594/1594 1588/1588
f 1588/1588 1594/1594 1589/1589
f 1588/1588 1589/1589 1583/1583
f 1589/1589 1595/1595 1596/1596
f 1589/1589 1596/1596 1590/1590
f 1590/1590 1596/1596 1597/1597
f 1590/1590 1597/1597 1591/1591
f 1591/1591 1597/1597 1598/1598
f 1591/1591 1598/1598 1592/1592
f 1592/1592 1598/1598 1599/1599
f 1592/1592 1599/1599 1593/1593
f 1593/1593 1599/1599 1600/1600
f 1593/1593 1600/1600 1594/1594
f 1594/1594 1600/1600 1595/1595
f 1594/1594 1595/1595 1589/1589
f 1595/1595 1601/1601 1602/1602
f 1595/1595 1602/1602 1596/1596
f 1596/1596 1602/1602 1603/1603
f 1596/1596 1603/1603 1597/1597
f 1597/1597 1603/1603 1604/1604
f 1597/1597 1604/1604 1598/1598
f 1598/1598 1604/1604 1605/1605
f 1598/1598 1605/1605 1599/1599
f 1599/1599 1605/1605 1606/1606
f 1599/1599 1606/1606 1600/1600
f 1600/1600 1606/1606 1601/1601
f 1600/1600 1601/1601 1595/1595
f 1601/1601 1607/1607 1608/1608
f 1601/1601 1608/1608 1602/1602
f 1602/1602 1608/1608 1609/1609
f 1602/1602 1609/1609 1603/1603
f 1603/1603 1609/1609 1610/1610
f 1603/1603 1610/1610 1604/1604
f 1604/1604 1610/1610 1611/1611
f 1604/1604 1611/1611 1605/1605
f 1605/1605 1611/1611 1612/1612
f 1605/1605 1612/1612 1606/1606
f 1606/1606 1612/1612 1607/1607
f 1606/1606 1607/1607 1601/1601
f 1607/1607 1613/1613 1614/1614
f 1607/1607 1614/1614 1608/1608
f 1608/1608 1614/1614 1615/1615
f 1608/1608 1615/1615 1609/1609
f 1609/1609 1615/1615 1616/1616
f 1609/1609 1616/1616 1610/1610
f 1610/1610 1616/1616 1617/1617
f 1610/1610 1617/1617 1611/1611
f 1611/1611 1617/1617 1618/1618
f 1611/1611 1618/1618 1612/1612
f 1612/1612 1618/1618 1613/1613
f 1612/1612 1613/1613 1607/1607
f 1613/1613 1619/1619 1620/1620
f 1613/1613 1620/1620 1614/1614
f 1614/1614 1620/1620 1621/1621
f 1614/1614 1621/1621 1615/1615
f 1615/1615 1621/1621 1622/1622
f 1615/1615 1622/1622 1616/1616
f 1616/1616 1622/1622 1623/1623
f 1616/1616 1623/1623 1617/1617
f 1617/1617 1623/1623 1624/1624
f 1617/1617 1624/1624 1618/1618
f 1618/1618 1624/1624 1619/1619
f 1618/1618 1619/1619 1613/1613
f 1619/1619 1337/1337 1338/1338
f 1619/1619 1338/1338 1620/1620
f 1620/1620 1338/1338 1339/1339
f 1620/1620 1339/1339 1621/1621
f 1621/1621 1339/1339 1340/1340
f 1621/1621 1340/1340 1622/1622
f 1622/1622 1340/1340 1341/1341
f 1622/1622 1341/1341 1623/1623
f 1623/1623 1341/1341 1342/1342
f 1623/1623 1342/1342 1624/1624
f 1624/1624 1342/1342 1337/1337
f 1624/1624 1337/1337 1619/1619
usemtl DarkIron
f 1625/1625 1626/1626 1627/1627
f 1625/1625 1627/1627 1628/1628
f 1629/1629 1630/1630 1631/1631
f 1629/1629 1631/1631 1632/1632
f 1633/1633 1634/1634 1635/1635
f 1633/1633 1635/1635 1636/1636
f 1637/1637 1638/1638 1639/1639
f 1637/1637 1639/1639 1640/1640
f 1641/1641 1642/1642 1643/1643
f 1641/1641 1643/1643 1644/1644
f 1645/1645 1646/1646 1647/1647
f 1645/1645 1647/1647 1648/1648
usemtl WarmBrass
f 1649/1649 1655/1655 1656/1656
f 1649/1649 1656/1656 1650/1650
f 1650/1650 1656/1656 1657/1657
f 1650/1650 1657/1657 1651/1651
f 1651/1651 1657/1657 1658/1658
f 1651/1651 1658/1658 1652/1652
f 1652/1652 1658/1658 1659/1659
f 1652/1652 1659/1659 1653/1653
f 1653/1653 1659/1659 1660/1660
f 1653/1653 1660/1660 1654/1654
f 1654/1654 1660/1660 1655/1655
f 1654/1654 1655/1655 1649/1649
f 1655/1655 1661/1661 1662/1662
f 1655/1655 1662/1662 1656/1656
f 1656/1656 1662/1662 1663/1663
f 1656/1656 1663/1663 1657/1657
f 1657/1657 1663/1663 1664/1664
f 1657/1657 1664/1664 1658/1658
f 1658/1658 1664/1664 1665/1665
f 1658/1658 1665/1665 1659/1659
f 1659/1659 1665/1665 1666/1666
f 1659/1659 1666/1666 1660/1660
f 1660/1660 1666/1666 1661/1661
f 1660/1660 1661/1661 1655/1655
f 1661/1661 1667/1667 1668/1668
f 1661/1661 1668/1668 1662/1662
f 1662/1662 1668/1668 1669/1669
f 1662/1662 1669/1669 1663/1663
f 1663/1663 1669/1669 1670/1670
f 1663/1663 1670/1670 1664/1664
f 1664/1664 1670/1670 1671/1671
f 1664/1664 1671/1671 1665/1665
f 1665/1665 1671/1671 1672/1672
f 1665/1665 1672/1672 1666/1666
f 1666/1666 1672/1672 1667/1667
f 1666/1666 1667/1667 1661/1661
f 1667/1667 1673/1673 1674/1674
f 1667/1667 1674/1674 1668/1668
f 1668/1668 1674/1674 1675/1675
f 1668/1668 1675/1675 1669/1669
f 1669/1669 1675/1675 1676/1676
f 1669/1669 1676/1676 1670/1670
f 1670/1670 1676/1676 1677/1677
f 1670/1670 1677/1677 1671/1671
f 1671/1671 1677/1677 1678/1678
f 1671/1671 1678/1678 1672/1672
f 1672/1672 1678/1678 1673/1673
f 1672/1672 1673/1673 1667/1667
f 1673/1673 1679/1679 1680/1680
f 1673/1673 1680/1680 1674/1674
f 1674/1674 1680/1680 1681/1681
f 1674/1674 1681/1681 1675/1675
f 1675/1675 1681/1681 1682/1682
f 1675/1675 1682/1682 1676/1676
f 1676/1676 1682/1682 1683/1683
f 1676/1676 1683/1683 1677/1677
f 1677/1677 1683/1683 1684/1684
f 1677/1677 1684/1684 1678/1678
f 1678/1678 1684/1684 1679/1679
f 1678/1678 1679/1679 1673/1673
f 1679/1679 1685/1685 1686/1686
f 1679/1679 1686/1686 1680/1680
f 1680/1680 1686/1686 1687/1687
f 1680/1680 1687/1687 1681/1681
f 1681/1681 1687/1687 1688/1688
f 1681/1681 1688/1688 1682/1682
f 1682/1682 1688/1688 1689/1689
f 1682/1682 1689/1689 1683/1683
f 1683/1683 1689/1689 1690/1690
f 1683/1683 1690/1690 1684/1684
f 1684/1684 1690/1690 1685/1685
f 1684/1684 1685/1685 1679/1679
f 1685/1685 1691/1691 1692/1692
f 1685/1685 1692/1692 1686/1686
f 1686/1686 1692/1692 1693/1693
f 1686/1686 1693/1693 1687/1687
f 1687/1687 1693/1693 1694/1694
f 1687/1687 1694/1694 1688/1688
f 1688/1688 1694/1694 1695/1695
f 1688/1688 1695/1695 1689/1689
f 1689/1689 1695/1695 1696/1696
f 1689/1689 1696/1696 1690/1690
f 1690/1690 1696/1696 1691/1691
f 1690/1690 1691/1691 1685/1685
f 1691/1691 1697/1697 1698/1698
f 1691/1691 1698/1698 1692/1692
f 1692/1692 1698/1698 1699/1699
f 1692/1692 1699/1699 1693/1693
f 1693/1693 1699/1699 1700/1700
f 1693/1693 1700/1700 1694/1694
f 1694/1694 1700/1700 1701/1701
f 1694/1694 1701/1701 1695/1695
f 1695/1695 1701/1701 1702/1702
f 1695/1695 1702/1702 1696/1696
f 1696/1696 1702/1702 1697/1697
f 1696/1696 1697/1697 1691/1691
f 1697/1697 1703/1703 1704/1704
f 1697/1697 1704/1704 1698/1698
f 1698/1698 1704/1704 1705/1705
f 1698/1698 1705/1705 1699/1699
f 1699/1699 1705/1705 1706/1706
f 1699/1699 1706/1706 1700/1700
f 1700/1700 1706/1706 1707/1707
f 1700/1700 1707/1707 1701/1701
f 1701/1701 1707/1707 1708/1708
f 1701/1701 1708/1708 1702/1702
f 1702/1702 1708/1708 1703/1703
f 1702/1702 1703/1703 1697/1697
f 1703/1703 1709/1709 1710/1710
f 1703/1703 1710/1710 1704/1704
f 1704/1704 1710/1710 1711/1711
f 1704/1704 1711/1711 1705/1705
f 1705/1705 1711/1711 1712/1712
f 1705/1705 1712/1712 1706/1706
f 1706/1706 1712/1712 1713/1713
f 1706/1706 1713/1713 1707/1707
f 1707/1707 1713/1713 1714/1714
f 1707/1707 1714/1714 1708/1708
f 1708/1708 1714/1714 1709/1709
f 1708/1708 1709/1709 1703/1703
f 1709/1709 1715/1715 1716/1716
f 1709/1709 1716/1716 1710/1710
f 1710/1710 1716/1716 1717/1717
f 1710/1710 1717/1717 1711/1711
f 1711/1711 1717/1717 1718/1718
f 1711/1711 1718/1718 1712/1712
f 1712/1712 1718/1718 1719/1719
f 1712/1712 1719/1719 1713/1713
f 1713/1713 1719/1719 1720/1720
f 1713/1713 1720/1720 1714/1714
f 1714/1714 1720/1720 1715/1715
f 1714/1714 1715/1715 1709/1709
f 1715/1715 1721/1721 1722/1722
f 1715/1715 1722/1722 1716/1716
f 1716/1716 1722/1722 1723/1723
f 1716/1716 1723/1723 1717/1717
f 1717/1717 1723/1723 1724/1724
f 1717/1717 1724/1724 1718/1718
f 1718/1718 1724/1724 1725/1725
f 1718/1718 1725/1725 1719/1719
f 1719/1719 1725/1725 1726/1726
f 1719/1719 1726/1726 1720/1720
f 1720/1720 1726/1726 1721/1721
f 1720/1720 1721/1721 1715/1715
f 1721/1721 1727/1727 1728/1728
f 1721/1721 1728/1728 1722/1722
f 1722/1722 1728/1728 1729/1729
f 1722/1722 1729/1729 1723/1723
f 1723/1723 1729/1729 1730/1730
f 1723/1723 1730/1730 1724/1724
f 1724/1724 1730/1730 1731/1731
f 1724/1724 1731/1731 1725/1725
f 1725/1725 1731/1731 1732/1732
f 1725/1725 1732/1732 1726/1726
f 1726/1726 1732/1732 1727/1727
f 1726/1726 1727/1727 1721/1721
f 1727/1727 1733/1733 1734/1734
f 1727/1727 1734/1734 1728/1728
f 1728/1728 1734/1734 1735/1735
f 1728/1728 1735/1735 1729/1729
f 1729/1729 1735/1735 1736/1736
f 1729/1729 1736/1736 1730/1730
f 1730/1730 1736/1736 1737/1737
f 1730/1730 1737/1737 1731/1731
f 1731/1731 1737/1737 1738/1738
f 1731/1731 1738/1738 1732/1732
f 1732/1732 1738/1738 1733/1733
f 1732/1732 1733/1733 1727/1727
f 1733/1733 1739/1739 1740/1740
f 1733/1733 1740/1740 1734/1734
f 1734/1734 1740/1740 1741/1741
f 1734/1734 1741/1741 1735/1735
f 1735/1735 1741/1741 1742/1742
f 1735/1735 1742/1742 1736/1736
f 1736/1736 1742/1742 1743/1743
f 1736/1736 1743/1743 1737/1737
f 1737/1737 1743/1743 1744/1744
f 1737/1737 1744/1744 1738/1738
f 1738/1738 1744/1744 1739/1739
f 1738/1738 1739/1739 1733/1733
f 1739/1739 1745/1745 1746/1746
f 1739/1739 1746/1746 1740/1740
f 1740/1740 1746/1746 1747/1747
f 1740/1740 1747/1747 1741/1741
f 1741/1741 1747/1747 1748/1748
f 1741/1741 1748/1748 1742/1742
f 1742/1742 1748/1748 1749/1749
f 1742/1742 1749/1749 1743/1743
f 1743/1743 1749/1749 1750/1750
f 1743/1743 1750/1750 1744/1744
f 1744/1744 1750/1750 1745/1745
f 1744/1744 1745/1745 1739/1739
f 1745/1745 1751/1751 1752/1752
f 1745/1745 1752/1752 1746/1746
f 1746/1746 1752/1752 1753/1753
f 1746/1746 1753/1753 1747/1747
f 1747/1747 1753/1753 1754/1754
f 1747/1747 1754/1754 1748/1748
f 1748/1748 1754/1754 1755/1755
f 1748/1748 1755/1755 1749/1749
f 1749/1749 1755/1755 1756/1756
f 1749/1749 1756/1756 1750/1750
f 1750/1750 1756/1756 1751/1751
f 1750/1750 1751/1751 1745/1745
f 1751/1751 1757/1757 1758/1758
f 1751/1751 1758/1758 1752/1752
f 1752/1752 1758/1758 1759/1759
f 1752/1752 1759/1759 1753/1753
f 1753/1753 1759/1759 1760/1760
f 1753/1753 1760/1760 1754/1754
f 1754/1754 1760/1760 1761/1761
f 1754/1754 1761/1761 1755/1755
f 1755/1755 1761/1761 1762/1762
f 1755/1755 1762/1762 1756/1756
f 1756/1756 1762/1762 1757/1757
f 1756/1756 1757/1757 1751/1751
f 1757/1757 1763/1763 1764/1764
f 1757/1757 1764/1764 1758/1758
f 1758/1758 1764/1764 1765/1765
f 1758/1758 1765/1765 1759/1759
f 1759/1759 1765/1765 1766/1766
f 1759/1759 1766/1766 1760/1760
f 1760/1760 1766/1766 1767/1767
f 1760/1760 1767/1767 1761/1761
f 1761/1761 1767/1767 1768/1768
f 1761/1761 1768/1768 1762/1762
f 1762/1762 1768/1768 1763/1763
f 1762/1762 1763/1763 1757/1757
f 1763/1763 1769/1769 1770/1770
f 1763/1763 1770/1770 1764/1764
f 1764/1764 1770/1770 1771/1771
f 1764/1764 1771/1771 1765/1765
f 1765/1765 1771/1771 1772/1772
f 1765/1765 1772/1772 1766/1766
f 1766/1766 1772/1772 1773/1773
f 1766/1766 1773/1773 1767/1767
f 1767/1767 1773/1773 1774/1774
f 1767/1767 1774/1774 1768/1768
f 1768/1768 1774/1774 1769/1769
f 1768/1768 1769/1769 1763/1763
f 1769/1769 1775/1775 1776/1776
f 1769/1769 1776/1776 1770/1770
f 1770/1770 1776/1776 1777/1777
f 1770/1770 1777/1777 1771/1771
f 1771/1771 1777/1777 1778/1778
f 1771/1771 1778/1778 1772/1772
f 1772/1772 1778/1778 1779/1779
f 1772/1772 1779/1779 1773/1773
f 1773/1773 1779/1779 1780/1780
f 1773/1773 1780/1780 1774/1774
f 1774/1774 1780/1780 1775/1775
f 1774/1774 1775/1775 1769/1769
f 1775/1775 1781/1781 1782/1782
f 1775/1775 1782/1782 1776/1776
f 1776/1776 1782/1782 1783/1783
f 1776/1776 1783/1783 1777/1777
f 1777/1777 1783/1783 1784/1784
f 1777/1777 1784/1784 1778/1778
f 1778/1778 1784/1784 1785/1785
f 1778/1778 1785/1785 1779/1779
f 1779/1779 1785/1785 1786/1786
f 1779/1779 1786/1786 1780/1780
f 1780/1780 1786/1786 1781/1781
f 1780/1780 1781/1781 1775/1775
f 1781/1781 1787/1787 1788/1788
f 1781/1781 1788/1788 1782/1782
f 1782/1782 1788/1788 1789/1789
f 1782/1782 1789/1789 1783/1783
f 1783/1783 1789/1789 1790/1790
f 1783/1783 1790/1790 1784/1784
f 1784/1784 1790/1790 1791/1791
f 1784/1784 1791/1791 1785/1785
f 1785/1785 1791/1791 1792/1792
f 1785/1785 1792/1792 1786/1786
f 1786/1786 1792/1792 1787/1787
f 1786/1786 1787/1787 1781/1781
f 1787/1787 1793/1793 1794/1794
f 1787/1787 1794/1794 1788/1788
f 1788/1788 1794/1794 1795/1795
f 1788/1788 1795/1795 1789/1789
f 1789/1789 1795/1795 1796/1796
f 1789/1789 1796/1796 1790/1790
f 1790/1790 1796/1796 1797/1797
f 1790/1790 1797/1797 1791/1791
f 1791/1791 1797/1797 1798/1798
f 1791/1791 1798/1798 1792/1792
f 1792/1792 1798/1798 1793/1793
f 1792/1792 1793/1793 1787/1787
f 1793/1793 1799/1799 1800/1800
f 1793/1793 1800/1800 1794/1794
f 1794/1794 1800/1800 1801/1801
f 1794/1794 1801/1801 1795/1795
f 1795/1795 1801/1801 1802/1802
f 1795/1795 1802/1802 1796/1796
f 1796/1796 1802/1802 1803/1803
f 1796/1796 1803/1803 1797/1797
f 1797/1797 1803/1803 1804/1804
f 1797/1797 1804/1804 1798/1798
f 1798/1798 1804/1804 1799/1799
f 1798/1798 1799/1799 1793/1793
f 1799/1799 1805/1805 1806/1806
f 1799/1799 1806/1806 1800/1800
f 1800/1800 1806/1806 1807/1807
f 1800/1800 1807/1807 1801/1801
f 1801/1801 1807/1807 1808/1808
f 1801/1801 1808/1808 1802/1802
f 1802/1802 1808/1808 1809/1809
f 1802/1802 1809/1809 1803/1803
f 1803/1803 1809/1809 1810/1810
f 1803/1803 1810/1810 1804/1804
f 1804/1804 1810/1810 1805/1805
f 1804/1804 1805/1805 1799/1799
f 1805/1805 1811/1811 1812/1812
f 1805/1805 1812/1812 1806/1806
f 1806/1806 1812/1812 1813/1813
f 1806/1806 1813/1813 1807/1807
f 1807/1807 1813/1813 1814/1814
f 1807/1807 1814/1814 1808/1808
f 1808/1808 1814/1814 1815/1815
f 1808/1808 1815/1815 1809/1809
f 1809/1809 1815/1815 1816/1816
f 1809/1809 1816/1816 1810/1810
f 1810/1810 1816/1816 1811/1811
f 1810/1810 1811/1811 1805/1805
f 1811/1811 1817/1817 1818/1818
f 1811/1811 1818/1818 1812/1812
f 1812/1812 1818/1818 1819/1819
f 1812/1812 1819/1819 1813/1813
f 1813/1813 1819/1819 1820/1820
f 1813/1813 1820/1820 1814/1814
f 1814/1814 1820/1820 1821/1821
f 1814/1814 1821/1821 1815/1815
f 1815/1815 1821/1821 1822/1822
f 1815/1815 1822/1822 1816/1816
f 1816/1816 1822/1822 1817/1817
f 1816/1816 1817/1817 1811/1811
f 1817/1817 1823/1823 1824/1824
f 1817/1817 1824/1824 1818/1818
f 1818/1818 1824/1824 1825/1825
f 1818/1818 1825/1825 1819/1819
f 1819/1819 1825/1825 1826/1826
f 1819/1819 1826/1826 1820/1820
f 1820/1820 1826/1826 1827/1827
f 1820/1820 1827/1827 1821/1821
f 1821/1821 1827/1827 1828/1828
f 1821/1821 1828/1828 1822/1822
f 1822/1822 1828/1828 1823/1823
f 1822/1822 1823/1823 1817/1817
f 1823/1823 1829/1829 1830/1830
f 1823/1823 1830/1830 1824/1824
f 1824/1824 1830/1830 1831/1831
f 1824/1824 1831/1831 1825/1825
f 1825/1825 1831/1831 1832/1832
f 1825/1825 1832/1832 1826/1826
f 1826/1826 1832/1832 1833/1833
f 1826/1826 1833/1833 1827/1827
f 1827/1827 1833/1833 1834/1834
f 1827/1827 1834/1834 1828/1828
f 1828/1828 1834/1834 1829/1829
f 1828/1828 1829/1829 1823/1823
f 1829/1829 1835/1835 1836/1836
f 1829/1829 1836/1836 1830/1830
f 1830/1830 1836/1836 1837/1837
f 1830/1830 1837/1837 1831/1831
f 1831/1831 1837/1837 1838/1838
f 1831/1831 1838/1838 1832/1832
f 1832/1832 1838/1838 1839/1839
f 1832/1832 1839/1839 1833/1833
f 1833/1833 1839/1839 1840/1840
f 1833/1833 1840/1840 1834/1834
f 1834/1834 1840/1840 1835/1835
f 1834/1834 1835/1835 1829/1829
f 1835/1835 1841/1841 1842/1842
f 1835/1835 1842/1842 1836/1836
f 1836/1836 1842/1842 1843/1843
f 1836/1836 1843/1843 1837/1837
f 1837/1837 1843/1843 1844/1844
f 1837/1837 1844/1844 1838/1838
f 1838/1838 1844/1844 1845/1845
f 1838/1838 1845/1845 1839/1839
f 1839/1839 1845/1845 1846/1846
f 1839/1839 1846/1846 1840/1840
f 1840/1840 1846/1846 1841/1841
f 1840/1840 1841/1841 1835/1835
f 1841/1841 1847/1847 1848/1848
f 1841/1841 1848/1848 1842/1842
f 1842/1842 1848/1848 1849/1849
f 1842/1842 1849/1849 1843/1843
f 1843/1843 1849/1849 1850/1850
f 1843/1843 1850/1850 1844/1844
f 1844/1844 1850/1850 1851/1851
f 1844/1844 1851/1851 1845/1845
f 1845/1845 1851/1851 1852/1852
f 1845/1845 1852/1852 1846/1846
f 1846/1846 1852/1852 1847/1847
f 1846/1846 1847/1847 1841/1841
f 1847/1847 1853/1853 1854/1854
f 1847/1847 1854/1854 1848/1848
f 1848/1848 1854/1854 1855/1855
f 1848/1848 1855/1855 1849/1849
f 1849/1849 1855/1855 1856/1856
f 1849/1849 1856/1856 1850/1850
f 1850/1850 1856/1856 1857/1857
f 1850/1850 1857/1857 1851/1851
f 1851/1851 1857/1857 1858/1858
f 1851/1851 1858/1858 1852/1852
f 1852/1852 1858/1858 1853/1853
f 1852/1852 1853/1853 1847/1847
f 1853/1853 1859/1859 1860/1860
f 1853/1853 1860/1860 1854/1854
f 1854/1854 1860/1860 1861/1861
f 1854/1854 1861/1861 1855/1855
f 1855/1855 1861/1861 1862/1862
f 1855/1855 1862/1862 1856/1856
f 1856/1856 1862/1862 1863/1863
f 1856/1856 1863/1863 1857/1857
f 1857/1857 1863/1863 1864/1864
f 1857/1857 1864/1864 1858/1858
f 1858/1858 1864/1864 1859/1859
f 1858/1858 1859/1859 1853/1853
f 1859/1859 1865/1865 1866/1866
f 1859/1859 1866/1866 1860/1860
f 1860/1860 1866/1866 1867/1867
f 1860/1860 1867/1867 1861/1861
f 1861/1861 1867/1867 1868/1868
f 1861/1861 1868/1868 1862/1862
f 1862/1862 1868/1868 1869/1869
f 1862/1862 1869/1869 1863/1863
f 1863/1863 1869/1869 1870/1870
f 1863/1863 1870/1870 1864/1864
f 1864/1864 1870/1870 1865/1865
f 1864/1864 1865/1865 1859/1859
f 1865/1865 1871/1871 1872/1872
f 1865/1865 1872/1872 1866/1866
f 1866/1866 1872/1872 1873/1873
f 1866/1866 1873/1873 1867/1867
f 1867/1867 1873/1873 1874/1874
f 1867/1867 1874/1874 1868/1868
f 1868/1868 1874/1874 1875/1875
f 1868/1868 1875/1875 1869/1869
f 1869/1869 1875/1875 1876/1876
f 1869/1869 1876/1876 1870/1870
f 1870/1870 1876/1876 1871/1871
f 1870/1870 1871/1871 1865/1865
f 1871/1871 1877/1877 1878/1878
f 1871/1871 1878/1878 1872/1872
f 1872/1872 1878/1878 1879/1879
f 1872/1872 1879/1879 1873/1873
f 1873/1873 1879/1879 1880/1880
f 1873/1873 1880/1880 1874/1874
f 1874/1874 1880/1880 1881/1881
f 1874/1874 1881/1881 1875/1875
f 1875/1875 1881/1881 1882/1882
f 1875/1875 1882/1882 1876/1876
f 1876/1876 1882/1882 1877/1877
f 1876/1876 1877/1877 1871/1871
f 1877/1877 1883/1883 1884/1884
f 1877/1877 1884/1884 1878/1878
f 1878/1878 1884/1884 1885/1885
f 1878/1878 1885/1885 1879/1879
f 1879/1879 1885/1885 1886/1886
f 1879/1879 1886/1886 1880/1880
f 1880/1880 1886/1886 1887/1887
f 1880/1880 1887/1887 1881/1881
f 1881/1881 1887/1887 1888/1888
f 1881/1881 1888/1888 1882/1882
f 1882/1882 1888/1888 1883/1883
f 1882/1882 1883/1883 1877/1877
f 1883/1883 1889/1889 1890/1890
f 1883/1883 1890/1890 1884/1884
f 1884/1884 1890/1890 1891/1891
f 1884/1884 1891/1891 1885/1885
f 1885/1885 1891/1891 1892/1892
f 1885/1885 1892/1892 1886/1886
f 1886/1886 1892/1892 1893/1893
f 1886/1886 1893/1893 1887/1887
f 1887/1887 1893/1893 1894/1894
f 1887/1887 1894/1894 1888/1888
f 1888/1888 1894/1894 1889/1889
f 1888/1888 1889/1889 1883/1883
f 1889/1889 1895/1895 1896/1896
f 1889/1889 1896/1896 1890/1890
f 1890/1890 1896/1896 1897/1897
f 1890/1890 1897/1897 1891/1891
f 1891/1891 1897/1897 1898/1898
f 1891/1891 1898/1898 1892/1892
f 1892/1892 1898/1898 1899/1899
f 1892/1892 1899/1899 1893/1893
f 1893/1893 1899/1899 1900/1900
f 1893/1893 1900/1900 1894/1894
f 1894/1894 1900/1900 1895/1895
f 1894/1894 1895/1895 1889/1889
f 1895/1895 1901/1901 1902/1902
f 1895/1895 1902/1902 1896/1896
f 1896/1896 1902/1902 1903/1903
f 1896/1896 1903/1903 1897/1897
f 1897/1897 1903/1903 1904/1904
f 1897/1897 1904/1904 1898/1898
f 1898/1898 1904/1904 1905/1905
f 1898/1898 1905/1905 1899/1899
f 1899/1899 1905/1905 1906/1906
f 1899/1899 1906/1906 1900/1900
f 1900/1900 1906/1906 1901/1901
f 1900/1900 1901/1901 1895/1895
f 1901/1901 1907/1907 1908/1908
f 1901/1901 1908/1908 1902/1902
f 1902/1902 1908/1908 1909/1909
f 1902/1902 1909/1909 1903/1903
f 1903/1903 1909/1909 1910/1910
f 1903/1903 1910/1910 1904/1904
f 1904/1904 1910/1910 1911/1911
f 1904/1904 1911/1911 1905/1905
f 1905/1905 1911/1911 1912/1912
f 1905/1905 1912/1912 1906/1906
f 1906/1906 1912/1912 1907/1907
f 1906/1906 1907/1907 1901/1901
f 1907/1907 1913/1913 1914/1914
f 1907/1907 1914/1914 1908/1908
f 1908/1908 1914/1914 1915/1915
f 1908/1908 1915/1915 1909/1909
f 1909/1909 1915/1915 1916/1916
f 1909/1909 1916/1916 1910/1910
f 1910/1910 1916/1916 1917/1917
f 1910/1910 1917/1917 1911/1911
f 1911/1911 1917/1917 1918/1918
f 1911/1911 1918/1918 1912/1912
f 1912/1912 1918/1918 1913/1913
f 1912/1912 1913/1913 1907/1907
f 1913/1913 1919/1919 1920/1920
f 1913/1913 1920/1920 1914/1914
f 1914/1914 1920/1920 1921/1921
f 1914/1914 1921/1921 1915/1915
f 1915/1915 1921/1921 1922/1922
f 1915/1915 1922/1922 1916/1916
f 1916/1916 1922/1922 1923/1923
f 1916/1916 1923/1923 1917/1917
f 1917/1917 1923/1923 1924/1924
f 1917/1917 1924/1924 1918/1918
f 1918/1918 1924/1924 1919/1919
f 1918/1918 1919/1919 1913/1913
f 1919/1919 1925/1925 1926/1926
f 1919/1919 1926/1926 1920/1920
f 1920/1920 1926/1926 1927/1927
f 1920/1920 1927/1927 1921/1921
f 1921/1921 1927/1927 1928/1928
f 1921/1921 1928/1928 1922/1922
f 1922/1922 1928/1928 1929/1929
f 1922/1922 1929/1929 1923/1923
f 1923/1923 1929/1929 1930/1930
f 1923/1923 1930/1930 1924/1924
f 1924/1924 1930/1930 1925/1925
f 1924/1924 1925/1925 1919/1919
f 1925/1925 1931/1931 1932/1932
f 1925/1925 1932/1932 1926/1926
f 1926/1926 1932/1932 1933/1933
f 1926/1926 1933/1933 1927/1927
f 1927/1927 1933/1933 1934/1934
f 1927/1927 1934/1934 1928/1928
f 1928/1928 1934/1934 1935/1935
f 1928/1928 1935/1935 1929/1929
f 1929/1929 1935/1935 1936/1936
f 1929/1929 1936/1936 1930/1930
f 1930/1930 1936/1936 1931/1931
f 1930/1930 1931/1931 1925/1925
f 1931/1931 1649/1649 1650/1650
f 1931/1931 1650/1650 1932/1932
f 1932/1932 1650/1650 1651/1651
f 1932/1932 1651/1651 1933/1933
f 1933/1933 1651/1651 1652/1652
f 1933/1933 1652/1652 1934/1934
f 1934/1934 1652/1652 1653/1653
f 1934/1934 1653/1653 1935/1935
f 1935/1935 1653/1653 1654/1654
f 1935/1935 1654/1654 1936/1936
f 1936/1936 1654/1654 1649/1649
f 1936/1936 1649/1649 1931/1931
usemtl DarkIron
f 1937/1937 1938/1938 1939/1939
f 1937/1937 1939/1939 1940/1940
f 1941/1941 1942/1942 1943/1943
f 1941/1941 1943/1943 1944/1944
f 1945/1945 1946/1946 1947/1947
f 1945/1945 1947/1947 1948/1948
f 1949/1949 1950/1950 1951/1951
f 1949/1949 1951/1951 1952/1952
f 1953/1953 1954/1954 1955/1955
f 1953/1953 1955/1955 1956/1956
f 1957/1957 1958/1958 1959/1959
f 1957/1957 1959/1959 1960/1960
usemtl WarmBrass
f 1961/1961 1967/1967 1968/1968
f 1961/1961 1968/1968 1962/1962
f 1962/1962 1968/1968 1969/1969
f 1962/1962 1969/1969 1963/1963
f 1963/1963 1969/1969 1970/1970
f 1963/1963 1970/1970 1964/1964
f 1964/1964 1970/1970 1971/1971
f 1964/1964 1971/1971 1965/1965
f 1965/1965 1971/1971 1972/1972
f 1965/1965 1972/1972 1966/1966
f 1966/1966 1972/1972 1967/1967
f 1966/1966 1967/1967 1961/1961
f 1967/1967 1973/1973 1974/1974
f 1967/1967 1974/1974 1968/1968
f 1968/1968 1974/1974 1975/1975
f 1968/1968 1975/1975 1969/1969
f 1969/1969 1975/1975 1976/1976
f 1969/1969 1976/1976 1970/1970
f 1970/1970 1976/1976 1977/1977
f 1970/1970 1977/1977 1971/1971
f 1971/1971 1977/1977 1978/1978
f 1971/1971 1978/1978 1972/1972
f 1972/1972 1978/1978 1973/1973
f 1972/1972 1973/1973 1967/1967
f 1973/1973 1979/1979 1980/1980
f 1973/1973 1980/1980 1974/1974
f 1974/1974 1980/1980 1981/1981
f 1974/1974 1981/1981 1975/1975
f 1975/1975 1981/1981 1982/1982
f 1975/1975 1982/1982 1976/1976
f 1976/1976 1982/1982 1983/1983
f 1976/1976 1983/1983 1977/1977
f 1977/1977 1983/1983 1984/1984
f 1977/1977 1984/1984 1978/1978
f 1978/1978 1984/1984 1979/1979
f 1978/1978 1979/1979 1973/1973
f 1979/1979 1985/1985 1986/1986
f 1979/1979 1986/1986 1980/1980
f 1980/1980 1986/1986 1987/1987
f 1980/1980 1987/1987 1981/1981
f 1981/1981 1987/1987 1988/1988
f 1981/1981 1988/1988 1982/1982
f 1982/1982 1988/1988 1989/1989
f 1982/1982 1989/1989 1983/1983
f 1983/1983 1989/1989 1990/1990
f 1983/1983 1990/1990 1984/1984
f 1984/1984 1990/1990 1985/1985
f 1984/1984 1985/1985 1979/1979
f 1985/1985 1991/1991 1992/1992
f 1985/1985 1992/1992 1986/1986
f 1986/1986 1992/1992 1993/1993
f 1986/1986 1993/1993 1987/1987
f 1987/1987 1993/1993 1994/1994
f 1987/1987 1994/1994 1988/1988
f 1988/1988 1994/1994 1995/1995
f 1988/1988 1995/1995 1989/1989
f 1989/1989 1995/1995 1996/1996
f 1989/1989 1996/1996 1990/1990
f 1990/1990 1996/1996 1991/1991
f 1990/1990 1991/1991 1985/1985
f 1991/1991 1997/1997 1998/1998
f 1991/1991 1998/1998 1992/1992
f 1992/1992 1998/1998 1999/1999
f 1992/1992 1999/1999 1993/1993
f 1993/1993 1999/1999 2000/2000
f 1993/1993 2000/2000 1994/1994
f 1994/1994 2000/2000 2001/2001
f 1994/1994 2001/2001 1995/1995
f 1995/1995 2001/2001 2002/2002
f 1995/1995 2002/2002 1996/1996
f 1996/1996 2002/2002 1997/1997
f 1996/1996 1997/1997 1991/1991
f 1997/1997 2003/2003 2004/2004
f 1997/1997 2004/2004 1998/1998
f 1998/1998 2004/2004 2005/2005
f 1998/1998 2005/2005 1999/1999
f 1999/1999 2005/2005 2006/2006
f 1999/1999 2006/2006 2000/2000
f 2000/2000 2006/2006 2007/2007
f 2000/2000 2007/2007 2001/2001
f 2001/2001 2007/2007 2008/2008
f 2001/2001 2008/2008 2002/2002
f 2002/2002 2008/2008 2003/2003
f 2002/2002 2003/2003 1997/1997
f 2003/2003 2009/2009 2010/2010
f 2003/2003 2010/2010 2004/2004
f 2004/2004 2010/2010 2011/2011
f 2004/2004 2011/2011 2005/2005
f 2005/2005 2011/2011 2012/2012
f 2005/2005 2012/2012 2006/2006
f 2006/2006 2012/2012 2013/2013
f 2006/2006 2013/2013 2007/2007
f 2007/2007 2013/2013 2014/2014
f 2007/2007 2014/2014 2008/2008
f 2008/2008 2014/2014 2009/2009
f 2008/2008 2009/2009 2003/2003
f 2009/2009 2015/2015 2016/2016
f 2009/2009 2016/2016 2010/2010
f 2010/2010 2016/2016 2017/2017
f 2010/2010 2017/2017 2011/2011
f 2011/2011 2017/2017 2018/2018
f 2011/2011 2018/2018 2012/2012
f 2012/2012 2018/2018 2019/2019
f 2012/2012 2019/2019 2013/2013
f 2013/2013 2019/2019 2020/2020
f 2013/2013 2020/2020 2014/2014
f 2014/2014 2020/2020 2015/2015
f 2014/2014 2015/2015 2009/2009
f 2015/2015 2021/2021 2022/2022
f 2015/2015 2022/2022 2016/2016
f 2016/2016 2022/2022 2023/2023
f 2016/2016 2023/2023 2017/2017
f 2017/2017 2023/2023 2024/2024
f 2017/2017 2024/2024 2018/2018
f 2018/2018 2024/2024 2025/2025
f 2018/2018 2025/2025 2019/2019
f 2019/2019 2025/2025 2026/2026
f 2019/2019 2026/2026 2020/2020
f 2020/2020 2026/2026 2021/2021
f 2020/2020 2021/2021 2015/2015
f 2021/2021 2027/2027 2028/2028
f 2021/2021 2028/2028 2022/2022
f 2022/2022 2028/2028 2029/2029
f 2022/2022 2029/2029 2023/2023
f 2023/2023 2029/2029 2030/2030
f 2023/2023 2030/2030 2024/2024
f 2024/2024 2030/2030 2031/2031
f 2024/2024 2031/2031 2025/2025
f 2025/2025 2031/2031 2032/2032
f 2025/2025 2032/2032 2026/2026
f 2026/2026 2032/2032 2027/2027
f 2026/2026 2027/2027 2021/2021
f 2027/2027 2033/2033 2034/2034
f 2027/2027 2034/2034 2028/2028
f 2028/2028 2034/2034 2035/2035
f 2028/2028 2035/2035 2029/2029
f 2029/2029 2035/2035 2036/2036
f 2029/2029 2036/2036 2030/2030
f 2030/2030 2036/2036 2037/2037
f 2030/2030 2037/2037 2031/2031
f 2031/2031 2037/2037 2038/2038
f 2031/2031 2038/2038 2032/2032
f 2032/2032 2038/2038 2033/2033
f 2032/2032 2033/2033 2027/2027
f 2033/2033 2039/2039 2040/2040
f 2033/2033 2040/2040 2034/2034
f 2034/2034 2040/2040 2041/2041
f 2034/2034 2041/2041 2035/2035
f 2035/2035 2041/2041 2042/2042
f 2035/2035 2042/2042 2036/2036
f 2036/2036 2042/2042 2043/2043
f 2036/2036 2043/2043 2037/2037
f 2037/2037 2043/2043 2044/2044
f 2037/2037 2044/2044 2038/2038
f 2038/2038 2044/2044 2039/2039
f 2038/2038 2039/2039 2033/2033
f 2039/2039 2045/2045 2046/2046
f 2039/2039 2046/2046 2040/2040
f 2040/2040 2046/2046 2047/2047
f 2040/2040 2047/2047 2041/2041
f 2041/2041 2047/2047 2048/2048
f 2041/2041 2048/2048 2042/2042
f 2042/2042 2048/2048 2049/2049
f 2042/2042 2049/2049 2043/2043
f 2043/2043 2049/2049 2050/2050
f 2043/2043 2050/2050 2044/2044
f 2044/2044 2050/2050 2045/2045
f 2044/2044 2045/2045 2039/2039
f 2045/2045 2051/2051 2052/2052
f 2045/2045 2052/2052 2046/2046
f 2046/2046 2052/2052 2053/2053
f 2046/2046 2053/2053 2047/2047
f 2047/2047 2053/2053 2054/2054
f 2047/2047 2054/2054 2048/2048
f 2048/2048 2054/2054 2055/2055
f 2048/2048 2055/2055 2049/2049
f 2049/2049 2055/2055 2056/2056
f 2049/2049 2056/2056 2050/2050
f 2050/2050 2056/2056 2051/2051
f 2050/2050 2051/2051 2045/2045
f 2051/2051 2057/2057 2058/2058
f 2051/2051 2058/2058 2052/2052
f 2052/2052 2058/2058 2059/2059
f 2052/2052 2059/2059 2053/2053
f 2053/2053 2059/2059 2060/2060
f 2053/2053 2060/2060 2054/2054
f 2054/2054 2060/2060 2061/2061
f 2054/2054 2061/2061 2055/2055
f 2055/2055 2061/2061 2062/2062
f 2055/2055 2062/2062 2056/2056
f 2056/2056 2062/2062 2057/2057
f 2056/2056 2057/2057 2051/2051
f 2057/2057 2063/2063 2064/2064
f 2057/2057 2064/2064 2058/2058
f 2058/2058 2064/2064 2065/2065
f 2058/2058 2065/2065 2059/2059
f 2059/2059 2065/2065 2066/2066
f 2059/2059 2066/2066 2060/2060
f 2060/2060 2066/2066 2067/2067
f 2060/2060 2067/2067 2061/2061
f 2061/2061 2067/2067 2068/2068
f 2061/2061 2068/2068 2062/2062
f 2062/2062 2068/2068 2063/2063
f 2062/2062 2063/2063 2057/2057
f 2063/2063 2069/2069 2070/2070
f 2063/2063 2070/2070 2064/2064
f 2064/2064 2070/2070 2071/2071
f 2064/2064 2071/2071 2065/2065
f 2065/2065 2071/2071 2072/2072
f 2065/2065 2072/2072 2066/2066
f 2066/2066 2072/2072 2073/2073
f 2066/2066 2073/2073 2067/2067
f 2067/2067 2073/2073 2074/2074
f 2067/2067 2074/2074 2068/2068
f 2068/2068 2074/2074 2069/2069
f 2068/2068 2069/2069 2063/2063
f 2069/2069 2075/2075 2076/2076
f 2069/2069 2076/2076 2070/2070
f 2070/2070 2076/2076 2077/2077
f 2070/2070 2077/2077 2071/2071
f 2071/2071 2077/2077 2078/2078
f 2071/2071 2078/2078 2072/2072
f 2072/2072 2078/2078 2079/2079
f 2072/2072 2079/2079 2073/2073
f 2073/2073 2079/2079 2080/2080
f 2073/2073 2080/2080 2074/2074
f 2074/2074 2080/2080 2075/2075
f 2074/2074 2075/2075 2069/2069
f 2075/2075 2081/2081 2082/2082
f 2075/2075 2082/2082 2076/2076
f 2076/2076 2082/2082 2083/2083
f 2076/2076 2083/2083 2077/2077
f 2077/2077 2083/2083 2084/2084
f 2077/2077 2084/2084 2078/2078
f 2078/2078 2084/2084 2085/2085
f 2078/2078 2085/2085 2079/2079
f 2079/2079 2085/2085 2086/2086
f 2079/2079 2086/2086 2080/2080
f 2080/2080 2086/2086 2081/2081
f 2080/2080 2081/2081 2075/2075
f 2081/2081 2087/2087 2088/2088
f 2081/2081 2088/2088 2082/2082
f 2082/2082 2088/2088 2089/2089
f 2082/2082 2089/2089 2083/2083
f 2083/2083 2089/2089 2090/2090
f 2083/2083 2090/2090 2084/2084
f 2084/2084 2090/2090 2091/2091
f 2084/2084 2091/2091 2085/2085
f 2085/2085 2091/2091 2092/2092
f 2085/2085 2092/2092 2086/2086
f 2086/2086 2092/2092 2087/2087
f 2086/2086 2087/2087 2081/2081
f 2087/2087 2093/2093 2094/2094
f 2087/2087 2094/2094 2088/2088
f 2088/2088 2094/2094 2095/2095
f 2088/2088 2095/2095 2089/2089
f 2089/2089 2095/2095 2096/2096
f 2089/2089 2096/2096 2090/2090
f 2090/2090 2096/2096 2097/2097
f 2090/2090 2097/2097 2091/2091
f 2091/2091 2097/2097 2098/2098
f 2091/2091 2098/2098 2092/2092
f 2092/2092 2098/2098 2093/2093
f 2092/2092 2093/2093 2087/2087
f 2093/2093 2099/2099 2100/2100
f 2093/2093 2100/2100 2094/2094
f 2094/2094 2100/2100 2101/2101
f 2094/2094 2101/2101 2095/2095
f 2095/2095 2101/2101 2102/2102
f 2095/2095 2102/2102 2096/2096
f 2096/2096 2102/2102 2103/2103
f 2096/2096 2103/2103 2097/2097
f 2097/2097 2103/2103 2104/2104
f 2097/2097 2104/2104 2098/2098
f 2098/2098 2104/2104 2099/2099
f 2098/2098 2099/2099 2093/2093
f 2099/2099 2105/2105 2106/2106
f 2099/2099 2106/2106 2100/2100
f 2100/2100 2106/2106 2107/2107
f 2100/2100 2107/2107 2101/2101
f 2101/2101 2107/2107 2108/2108
f 2101/2101 2108/2108 2102/2102
f 2102/2102 2108/2108 2109/2109
f 2102/2102 2109/2109 2103/2103
f 2103/2103 2109/2109 2110/2110
f 2103/2103 2110/2110 2104/2104
f 2104/2104 2110/2110 2105/2105
f 2104/2104 2105/2105 2099/2099
f 2105/2105 2111/2111 2112/2112
f 2105/2105 2112/2112 2106/2106
f 2106/2106 2112/2112 2113/2113
f 2106/2106 2113/2113 2107/2107
f 2107/2107 2113/2113 2114/2114
f 2107/2107 2114/2114 2108/2108
f 2108/2108 2114/2114 2115/2115
f 2108/2108 2115/2115 2109/2109
f 2109/2109 2115/2115 2116/2116
f 2109/2109 2116/2116 2110/2110
f 2110/2110 2116/2116 2111/2111
f 2110/2110 2111/2111 2105/2105
f 2111/2111 2117/2117 2118/2118
f 2111/2111 2118/2118 2112/2112
f 2112/2112 2118/2118 2119/2119
f 2112/2112 2119/2119 2113/2113
f 2113/2113 2119/2119 2120/2120
f 2113/2113 2120/2120 2114/2114
f 2114/2114 2120/2120 2121/2121
f 2114/2114 2121/2121 2115/2115
f 2115/2115 2121/2121 2122/2122
f 2115/2115 2122/2122 2116/2116
f 2116/2116 2122/2122 2117/2117
f 2116/2116 2117/2117 2111/2111
f 2117/2117 2123/2123 2124/2124
f 2117/2117 2124/2124 2118/2118
f 2118/2118 2124/2124 2125/2125
f 2118/2118 2125/2125 2119/2119
f 2119/2119 2125/2125 2126/2126
f 2119/2119 2126/2126 2120/2120
f 2120/2120 2126/2126 2127/2127
f 2120/2120 2127/2127 2121/2121
f 2121/2121 2127/2127 2128/2128
f 2121/2121 2128/2128 2122/2122
f 2122/2122 2128/2128 2123/2123
f 2122/2122 2123/2123 2117/2117
f 2123/2123 2129/2129 2130/2130
f 2123/2123 2130/2130 2124/2124
f 2124/2124 2130/2130 2131/2131
f 2124/2124 2131/2131 2125/2125
f 2125/2125 2131/2131 2132/2132
f 2125/2125 2132/2132 2126/2126
f 2126/2126 2132/2132 2133/2133
f 2126/2126 2133/2133 2127/2127
f 2127/2127 2133/2133 2134/2134
f 2127/2127 2134/2134 2128/2128
f 2128/2128 2134/2134 2129/2129
f 2128/2128 2129/2129 2123/2123
f 2129/2129 2135/2135 2136/2136
f 2129/2129 2136/2136 2130/2130
f 2130/2130 2136/2136 2137/2137
f 2130/2130 2137/2137 2131/2131
f 2131/2131 2137/2137 2138/2138
f 2131/2131 2138/2138 2132/2132
f 2132/2132 2138/2138 2139/2139
f 2132/2132 2139/2139 2133/2133
f 2133/2133 2139/2139 2140/2140
f 2133/2133 2140/2140 2134/2134
f 2134/2134 2140/2140 2135/2135
f 2134/2134 2135/2135 2129/2129
f 2135/2135 2141/2141 2142/2142
f 2135/2135 2142/2142 2136/2136
f 2136/2136 2142/2142 2143/2143
f 2136/2136 2143/2143 2137/2137
f 2137/2137 2143/2143 2144/2144
f 2137/2137 2144/2144 2138/2138
f 2138/2138 2144/2144 2145/2145
f 2138/2138 2145/2145 2139/2139
f 2139/2139 2145/2145 2146/2146
f 2139/2139 2146/2146 2140/2140
f 2140/2140 2146/2146 2141/2141
f 2140/2140 2141/2141 2135/2135
f 2141/2141 2147/2147 2148/2148
f 2141/2141 2148/2148 2142/2142
f 2142/2142 2148/2148 2149/2149
f 2142/2142 2149/2149 2143/2143
f 2143/2143 2149/2149 2150/2150
f 2143/2143 2150/2150 2144/2144
f 2144/2144 2150/2150 2151/2151
f 2144/2144 2151/2151 2145/2145
f 2145/2145 2151/2151 2152/2152
f 2145/2145 2152/2152 2146/2146
f 2146/2146 2152/2152 2147/2147
f 2146/2146 2147/2147 2141/2141
f 2147/2147 2153/2153 2154/2154
f 2147/2147 2154/2154 2148/2148
f 2148/2148 2154/2154 2155/2155
f 2148/2148 2155/2155 2149/2149
f 2149/2149 2155/2155 2156/2156
f 2149/2149 2156/2156 2150/2150
f 2150/2150 2156/2156 2157/2157
f 2150/2150 2157/2157 2151/2151
f 2151/2151 2157/2157 2158/2158
f 2151/2151 2158/2158 2152/2152
f 2152/2152 2158/2158 2153/2153
f 2152/2152 2153/2153 2147/2147
f 2153/2153 2159/2159 2160/2160
f 2153/2153 2160/2160 2154/2154
f 2154/2154 2160/2160 2161/2161
f 2154/2154 2161/2161 2155/2155
f 2155/2155 2161/2161 2162/2162
f 2155/2155 2162/2162 2156/2156
f 2156/2156 2162/2162 2163/2163
f 2156/2156 2163/2163 2157/2157
f 2157/2157 2163/2163 2164/2164
f 2157/2157 2164/2164 2158/2158
f 2158/2158 2164/2164 2159/2159
f 2158/2158 2159/2159 2153/2153
f 2159/2159 2165/2165 2166/2166
f 2159/2159 2166/2166 2160/2160
f 2160/2160 2166/2166 2167/2167
f 2160/2160 2167/2167 2161/2161
f 2161/2161 2167/2167 2168/2168
f 2161/2161 2168/2168 2162/2162
f 2162/2162 2168/2168 2169/2169
f 2162/2162 2169/2169 2163/2163
f 2163/2163 2169/2169 2170/2170
f 2163/2163 2170/2170 2164/2164
f 2164/2164 2170/2170 2165/2165
f 2164/2164 2165/2165 2159/2159
f 2165/2165 2171/2171 2172/2172
f 2165/2165 2172/2172 2166/2166
f 2166/2166 2172/2172 2173/2173
f 2166/2166 2173/2173 2167/2167
f 2167/2167 2173/2173 2174/2174
f 2167/2167 2174/2174 2168/2168
f 2168/2168 2174/2174 2175/2175
f 2168/2168 2175/2175 2169/2169
f 2169/2169 2175/2175 2176/2176
f 2169/2169 2176/2176 2170/2170
f 2170/2170 2176/2176 2171/2171
f 2170/2170 2171/2171 2165/2165
f 2171/2171 2177/2177 2178/2178
f 2171/2171 2178/2178 2172/2172
f 2172/2172 2178/2178 2179/2179
f 2172/2172 2179/2179 2173/2173
f 2173/2173 2179/2179 2180/2180
f 2173/2173 2180/2180 2174/2174
f 2174/2174 2180/2180 2181/2181
f 2174/2174 2181/2181 2175/2175
f 2175/2175 2181/2181 2182/2182
f 2175/2175 2182/2182 2176/2176
f 2176/2176 2182/2182 2177/2177
f 2176/2176 2177/2177 2171/2171
f 2177/2177 2183/2183 2184/2184
f 2177/2177 2184/2184 2178/2178
f 2178/2178 2184/2184 2185/2185
f 2178/2178 2185/2185 2179/2179
f 2179/2179 2185/2185 2186/2186
f 2179/2179 2186/2186 2180/2180
f 2180/2180 2186/2186 2187/2187
f 2180/2180 2187/2187 2181/2181
f 2181/2181 2187/2187 2188/2188
f 2181/2181 2188/2188 2182/2182
f 2182/2182 2188/2188 2183/2183
f 2182/2182 2183/2183 2177/2177
f 2183/2183 2189/2189 2190/2190
f 2183/2183 2190/2190 2184/2184
f 2184/2184 2190/2190 2191/2191
f 2184/2184 2191/2191 2185/2185
f 2185/2185 2191/2191 2192/2192
f 2185/2185 2192/2192 2186/2186
f 2186/2186 2192/2192 2193/2193
f 2186/2186 2193/2193 2187/2187
f 2187/2187 2193/2193 2194/2194
f 2187/2187 2194/2194 2188/2188
f 2188/2188 2194/2194 2189/2189
f 2188/2188 2189/2189 2183/2183
f 2189/2189 2195/2195 2196/2196
f 2189/2189 2196/2196 2190/2190
f 2190/2190 2196/2196 2197/2197
f 2190/2190 2197/2197 2191/2191
f 2191/2191 2197/2197 2198/2198
f 2191/2191 2198/2198 2192/2192
f 2192/2192 2198/2198 2199/2199
f 2192/2192 2199/2199 2193/2193
f 2193/2193 2199/2199 2200/2200
f 2193/2193 2200/2200 2194/2194
f 2194/2194 2200/2200 2195/2195
f 2194/2194 2195/2195 2189/2189
f 2195/2195 2201/2201 2202/2202
f 2195/2195 2202/2202 2196/2196
f 2196/2196 2202/2202 2203/2203
f 2196/2196 2203/2203 2197/2197
f 2197/2197 2203/2203 2204/2204
f 2197/2197 2204/2204 2198/2198
f 2198/2198 2204/2204 2205/2205
f 2198/2198 2205/2205 2199/2199
f 2199/2199 2205/2205 2206/2206
f 2199/2199 2206/2206 2200/2200
f 2200/2200 2206/2206 2201/2201
f 2200/2200 2201/2201 2195/2195
f 2201/2201 2207/2207 2208/2208
f 2201/2201 2208/2208 2202/2202
f 2202/2202 2208/2208 2209/2209
f 2202/2202 2209/2209 2203/2203
f 2203/2203 2209/2209 2210/2210
f 2203/2203 2210/2210 2204/2204
f 2204/2204 2210/2210 2211/2211
f 2204/2204 2211/2211 2205/2205
f 2205/2205 2211/2211 2212/2212
f 2205/2205 2212/2212 2206/2206
f 2206/2206 2212/2212 2207/2207
f 2206/2206 2207/2207 2201/2201
f 2207/2207 2213/2213 2214/2214
f 2207/2207 2214/2214 2208/2208
f 2208/2208 2214/2214 2215/2215
f 2208/2208 2215/2215 2209/2209
f 2209/2209 2215/2215 2216/2216
f 2209/2209 2216/2216 2210/2210
f 2210/2210 2216/2216 2217/2217
f 2210/2210 2217/2217 2211/2211
f 2211/2211 2217/2217 2218/2218
f 2211/2211 2218/2218 2212/2212
f 2212/2212 2218/2218 2213/2213
f 2212/2212 2213/2213 2207/2207
f 2213/2213 2219/2219 2220/2220
f 2213/2213 2220/2220 2214/2214
f 2214/2214 2220/2220 2221/2221
f 2214/2214 2221/2221 2215/2215
f 2215/2215 2221/2221 2222/2222
f 2215/2215 2222/2222 2216/2216
f 2216/2216 2222/2222 2223/2223
f 2216/2216 2223/2223 2217/2217
f 2217/2217 2223/2223 2224/2224
f 2217/2217 2224/2224 2218/2218
f 2218/2218 2224/2224 2219/2219
f 2218/2218 2219/2219 2213/2213
f 2219/2219 2225/2225 2226/2226
f 2219/2219 2226/2226 2220/2220
f 2220/2220 2226/2226 2227/2227
f 2220/2220 2227/2227 2221/2221
f 2221/2221 2227/2227 2228/2228
f 2221/2221 2228/2228 2222/2222
f 2222/2222 2228/2228 2229/2229
f 2222/2222 2229/2229 2223/2223
f 2223/2223 2229/2229 2230/2230
f 2223/2223 2230/2230 2224/2224
f 2224/2224 2230/2230 2225/2225
f 2224/2224 2225/2225 2219/2219
f 2225/2225 2231/2231 2232/2232
f 2225/2225 2232/2232 2226/2226
f 2226/2226 2232/2232 2233/2233
f 2226/2226 2233/2233 2227/2227
f 2227/2227 2233/2233 2234/2234
f 2227/2227 2234/2234 2228/2228
f 2228/2228 2234/2234 2235/2235
f 2228/2228 2235/2235 2229/2229
f 2229/2229 2235/2235 2236/2236
f 2229/2229 2236/2236 2230/2230
f 2230/2230 2236/2236 2231/2231
f 2230/2230 2231/2231 2225/2225
f 2231/2231 2237/2237 2238/2238
f 2231/2231 2238/2238 2232/2232
f 2232/2232 2238/2238 2239/2239
f 2232/2232 2239/2239 2233/2233
f 2233/2233 2239/2239 2240/2240
f 2233/2233 2240/2240 2234/2234
f 2234/2234 2240/2240 2241/2241
f 2234/2234 2241/2241 2235/2235
f 2235/2235 2241/2241 2242/2242
f 2235/2235 2242/2242 2236/2236
f 2236/2236 2242/2242 2237/2237
f 2236/2236 2237/2237 2231/2231
f 2237/2237 2243/2243 2244/2244
f 2237/2237 2244/2244 2238/2238
f 2238/2238 2244/2244 2245/2245
f 2238/2238 2245/2245 2239/2239
f 2239/2239 2245/2245 2246/2246
f 2239/2239 2246/2246 2240/2240
f 2240/2240 2246/2246 2247/2247
f 2240/2240 2247/2247 2241/2241
f 2241/2241 2247/2247 2248/2248
f 2241/2241 2248/2248 2242/2242
f 2242/2242 2248/2248 2243/2243
f 2242/2242 2243/2243 2237/2237
f 2243/2243 1961/1961 1962/1962
f 2243/2243 1962/1962 2244/2244
f 2244/2244 1962/1962 1963/1963
f 2244/2244 1963/1963 2245/2245
f 2245/2245 1963/1963 1964/1964
f 2245/2245 1964/1964 2246/2246
f 2246/2246 1964/1964 1965/1965
f 2246/2246 1965/1965 2247/2247
f 2247/2247 1965/1965 1966/1966
f 2247/2247 1966/1966 2248/2248
f 2248/2248 1966/1966 1961/1961
f 2248/2248 1961/1961 2243/2243
usemtl DarkIron
f 2249/2249 2250/2250 2251/2251
f 2249/2249 2251/2251 2252/2252
f 2253/2253 2254/2254 2255/2255
f 2253/2253 2255/2255 2256/2256
f 2257/2257 2258/2258 2259/2259
f 2257/2257 2259/2259 2260/2260
f 2261/2261 2262/2262 2263/2263
f 2261/2261 2263/2263 2264/2264
f 2265/2265 2266/2266 2267/2267
f 2265/2265 2267/2267 2268/2268
f 2269/2269 2270/2270 2271/2271
f 2269/2269 2271/2271 2272/2272
usemtl WarmBrass
f 2273/2273 2279/2279 2280/2280
f 2273/2273 2280/2280 2274/2274
f 2274/2274 2280/2280 2281/2281
f 2274/2274 2281/2281 2275/2275
f 2275/2275 2281/2281 2282/2282
f 2275/2275 2282/2282 2276/2276
f 2276/2276 2282/2282 2283/2283
f 2276/2276 2283/2283 2277/2277
f 2277/2277 2283/2283 2284/2284
f 2277/2277 2284/2284 2278/2278
f 2278/2278 2284/2284 2279/2279
f 2278/2278 2279/2279 2273/2273
f 2279/2279 2285/2285 2286/2286
f 2279/2279 2286/2286 2280/2280
f 2280/2280 2286/2286 2287/2287
f 2280/2280 2287/2287 2281/2281
f 2281/2281 2287/2287 2288/2288
f 2281/2281 2288/2288 2282/2282
f 2282/2282 2288/2288 2289/2289
f 2282/2282 2289/2289 2283/2283
f 2283/2283 2289/2289 2290/2290
f 2283/2283 2290/2290 2284/2284
f 2284/2284 2290/2290 2285/2285
f 2284/2284 2285/2285 2279/2279
f 2285/2285 2291/2291 2292/2292
f 2285/2285 2292/2292 2286/2286
f 2286/2286 2292/2292 2293/2293
f 2286/2286 2293/2293 2287/2287
f 2287/2287 2293/2293 2294/2294
f 2287/2287 2294/2294 2288/2288
f 2288/2288 2294/2294 2295/2295
f 2288/2288 2295/2295 2289/2289
f 2289/2289 2295/2295 2296/2296
f 2289/2289 2296/2296 2290/2290
f 2290/2290 2296/2296 2291/2291
f 2290/2290 2291/2291 2285/2285
f 2291/2291 2297/2297 2298/2298
f 2291/2291 2298/2298 2292/2292
f 2292/2292 2298/2298 2299/2299
f 2292/2292 2299/2299 2293/2293
f 2293/2293 2299/2299 2300/2300
f 2293/2293 2300/2300 2294/2294
f 2294/2294 2300/2300 2301/2301
f 2294/2294 2301/2301 2295/2295
f 2295/2295 2301/2301 2302/2302
f 2295/2295 2302/2302 2296/2296
f 2296/2296 2302/2302 2297/2297
f 2296/2296 2297/2297 2291/2291
f 2297/2297 2303/2303 2304/2304
f 2297/2297 2304/2304 2298/2298
f 2298/2298 2304/2304 2305/2305
f 2298/2298 2305/2305 2299/2299
f 2299/2299 2305/2305 2306/2306
f 2299/2299 2306/2306 2300/2300
f 2300/2300 2306/2306 2307/2307
f 2300/2300 2307/2307 2301/2301
f 2301/2301 2307/2307 2308/2308
f 2301/2301 2308/2308 2302/2302
f 2302/2302 2308/2308 2303/2303
f 2302/2302 2303/2303 2297/2297
f 2303/2303 2309/2309 2310/2310
f 2303/2303 2310/2310 2304/2304
f 2304/2304 2310/2310 2311/2311
f 2304/2304 2311/2311 2305/2305
f 2305/2305 2311/2311 2312/2312
f 2305/2305 2312/2312 2306/2306
f 2306/2306 2312/2312 2313/2313
f 2306/2306 2313/2313 2307/2307
f 2307/2307 2313/2313 2314/2314
f 2307/2307 2314/2314 2308/2308
f 2308/2308 2314/2314 2309/2309
f 2308/2308 2309/2309 2303/2303
f 2309/2309 2315/2315 2316/2316
f 2309/2309 2316/2316 2310/2310
f 2310/2310 2316/2316 2317/2317
f 2310/2310 2317/2317 2311/2311
f 2311/2311 2317/2317 2318/2318
f 2311/2311 2318/2318 2312/2312
f 2312/2312 2318/2318 2319/2319
f 2312/2312 2319/2319 2313/2313
f 2313/2313 2319/2319 2320/2320
f 2313/2313 2320/2320 2314/2314
f 2314/2314 2320/2320 2315/2315
f 2314/2314 2315/2315 2309/2309
f 2315/2315 2321/2321 2322/2322
f 2315/2315 2322/2322 2316/2316
f 2316/2316 2322/2322 2323/2323
f 2316/2316 2323/2323 2317/2317
f 2317/2317 2323/2323 2324/2324
f 2317/2317 2324/2324 2318/2318
f 2318/2318 2324/2324 2325/2325
f 2318/2318 2325/2325 2319/2319
f 2319/2319 2325/2325 2326/2326
f 2319/2319 2326/2326 2320/2320
f 2320/2320 2326/2326 2321/2321
f 2320/2320 2321/2321 2315/2315
f 2321/2321 2327/2327 2328/2328
f 2321/2321 2328/2328 2322/2322
f 2322/2322 2328/2328 2329/2329
f 2322/2322 2329/2329 2323/2323
f 2323/2323 2329/2329 2330/2330
f 2323/2323 2330/2330 2324/2324
f 2324/2324 2330/2330 2331/2331
f 2324/2324 2331/2331 2325/2325
f 2325/2325 2331/2331 2332/2332
f 2325/2325 2332/2332 2326/2326
f 2326/2326 2332/2332 2327/2327
f 2326/2326 2327/2327 2321/2321
f 2327/2327 2333/2333 2334/2334
f 2327/2327 2334/2334 2328/2328
f 2328/2328 2334/2334 2335/2335
f 2328/2328 2335/2335 2329/2329
f 2329/2329 2335/2335 2336/2336
f 2329/2329 2336/2336 2330/2330
f 2330/2330 2336/2336 2337/2337
f 2330/2330 2337/2337 2331/2331
f 2331/2331 2337/2337 2338/2338
f 2331/2331 2338/2338 2332/2332
f 2332/2332 2338/2338 2333/2333
f 2332/2332 2333/2333 2327/2327
f 2333/2333 2339/2339 2340/2340
f 2333/2333 2340/2340 2334/2334
f 2334/2334 2340/2340 2341/2341
f 2334/2334 2341/2341 2335/2335
f 2335/2335 2341/2341 2342/2342
f 2335/2335 2342/2342 2336/2336
f 2336/2336 2342/2342 2343/2343
f 2336/2336 2343/2343 2337/2337
f 2337/2337 2343/2343 2344/2344
f 2337/2337 2344/2344 2338/2338
f 2338/2338 2344/2344 2339/2339
f 2338/2338 2339/2339 2333/2333
f 2339/2339 2345/2345 2346/2346
f 2339/2339 2346/2346 2340/2340
f 2340/2340 2346/2346 2347/2347
f 2340/2340 2347/2347 2341/2341
f 2341/2341 2347/2347 2348/2348
f 2341/2341 2348/2348 2342/2342
f 2342/2342 2348/2348 2349/2349
f 2342/2342 2349/2349 2343/2343
f 2343/2343 2349/2349 2350/2350
f 2343/2343 2350/2350 2344/2344
f 2344/2344 2350/2350 2345/2345
f 2344/2344 2345/2345 2339/2339
f 2345/2345 2351/2351 2352/2352
f 2345/2345 2352/2352 2346/2346
f 2346/2346 2352/2352 2353/2353
f 2346/2346 2353/2353 2347/2347
f 2347/2347 2353/2353 2354/2354
f 2347/2347 2354/2354 2348/2348
f 2348/2348 2354/2354 2355/2355
f 2348/2348 2355/2355 2349/2349
f 2349/2349 2355/2355 2356/2356
f 2349/2349 2356/2356 2350/2350
f 2350/2350 2356/2356 2351/2351
f 2350/2350 2351/2351 2345/2345
f 2351/2351 2357/2357 2358/2358
f 2351/2351 2358/2358 2352/2352
f 2352/2352 2358/2358 2359/2359
f 2352/2352 2359/2359 2353/2353
f 2353/2353 2359/2359 2360/2360
f 2353/2353 2360/2360 2354/2354
f 2354/2354 2360/2360 2361/2361
f 2354/2354 2361/2361 2355/2355
f 2355/2355 2361/2361 2362/2362
f 2355/2355 2362/2362 2356/2356
f 2356/2356 2362/2362 2357/2357
f 2356/2356 2357/2357 2351/2351
f 2357/2357 2363/2363 2364/2364
f 2357/2357 2364/2364 2358/2358
f 2358/2358 2364/2364 2365/2365
f 2358/2358 2365/2365 2359/2359
f 2359/2359 2365/2365 2366/2366
f 2359/2359 2366/2366 2360/2360
f 2360/2360 2366/2366 2367/2367
f 2360/2360 2367/2367 2361/2361
f 2361/2361 2367/2367 2368/2368
f 2361/2361 2368/2368 2362/2362
f 2362/2362 2368/2368 2363/2363
f 2362/2362 2363/2363 2357/2357
f 2363/2363 2369/2369 2370/2370
f 2363/2363 2370/2370 2364/2364
f 2364/2364 2370/2370 2371/2371
f 2364/2364 2371/2371 2365/2365
f 2365/2365 2371/2371 2372/2372
f 2365/2365 2372/2372 2366/2366
f 2366/2366 2372/2372 2373/2373
f 2366/2366 2373/2373 2367/2367
f 2367/2367 2373/2373 2374/2374
f 2367/2367 2374/2374 2368/2368
f 2368/2368 2374/2374 2369/2369
f 2368/2368 2369/2369 2363/2363
f 2369/2369 2375/2375 2376/2376
f 2369/2369 2376/2376 2370/2370
f 2370/2370 2376/2376 2377/2377
f 2370/2370 2377/2377 2371/2371
f 2371/2371 2377/2377 2378/2378
f 2371/2371 2378/2378 2372/2372
f 2372/2372 2378/2378 2379/2379
f 2372/2372 2379/2379 2373/2373
f 2373/2373 2379/2379 2380/2380
f 2373/2373 2380/2380 2374/2374
f 2374/2374 2380/2380 2375/2375
f 2374/2374 2375/2375 2369/2369
f 2375/2375 2381/2381 2382/2382
f 2375/2375 2382/2382 2376/2376
f 2376/2376 2382/2382 2383/2383
f 2376/2376 2383/2383 2377/2377
f 2377/2377 2383/2383 2384/2384
f 2377/2377 2384/2384 2378/2378
f 2378/2378 2384/2384 2385/2385
f 2378/2378 2385/2385 2379/2379
f 2379/2379 2385/2385 2386/2386
f 2379/2379 2386/2386 2380/2380
f 2380/2380 2386/2386 2381/2381
f 2380/2380 2381/2381 2375/2375
f 2381/2381 2387/2387 2388/2388
f 2381/2381 2388/2388 2382/2382
f 2382/2382 2388/2388 2389/2389
f 2382/2382 2389/2389 2383/2383
f 2383/2383 2389/2389 2390/2390
f 2383/2383 2390/2390 2384/2384
f 2384/2384 2390/2390 2391/2391
f 2384/2384 2391/2391 2385/2385
f 2385/2385 2391/2391 2392/2392
f 2385/2385 2392/2392 2386/2386
f 2386/2386 2392/2392 2387/2387
f 2386/2386 2387/2387 2381/2381
f 2387/2387 2393/2393 2394/2394
f 2387/2387 2394/2394 2388/2388
f 2388/2388 2394/2394 2395/2395
f 2388/2388 2395/2395 2389/2389
f 2389/2389 2395/2395 2396/2396
f 2389/2389 2396/2396 2390/2390
f 2390/2390 2396/2396 2397/2397
f 2390/2390 2397/2397 2391/2391
f 2391/2391 2397/2397 2398/2398
f 2391/2391 2398/2398 2392/2392
f 2392/2392 2398/2398 2393/2393
f 2392/2392 2393/2393 2387/2387
f 2393/2393 2399/2399 2400/2400
f 2393/2393 2400/2400 2394/2394
f 2394/2394 2400/2400 2401/2401
f 2394/2394 2401/2401 2395/2395
f 2395/2395 2401/2401 2402/2402
f 2395/2395 2402/2402 2396/2396
f 2396/2396 2402/2402 2403/2403
f 2396/2396 2403/2403 2397/2397
f 2397/2397 2403/2403 2404/2404
f 2397/2397 2404/2404 2398/2398
f 2398/2398 2404/2404 2399/2399
f 2398/2398 2399/2399 2393/2393
f 2399/2399 2405/2405 2406/2406
f 2399/2399 2406/2406 2400/2400
f 2400/2400 2406/2406 2407/2407
f 2400/2400 2407/2407 2401/2401
f 2401/2401 2407/2407 2408/2408
f 2401/2401 2408/2408 2402/2402
f 2402/2402 2408/2408 2409/2409
f 2402/2402 2409/2409 2403/2403
f 2403/2403 2409/2409 2410/2410
f 2403/2403 2410/2410 2404/2404
f 2404/2404 2410/2410 2405/2405
f 2404/2404 2405/2405 2399/2399
f 2405/2405 2411/2411 2412/2412
f 2405/2405 2412/2412 2406/2406
f 2406/2406 2412/2412 2413/2413
f 2406/2406 2413/2413 2407/2407
f 2407/2407 2413/2413 2414/2414
f 2407/2407 2414/2414 2408/2408
f 2408/2408 2414/2414 2415/2415
f 2408/2408 2415/2415 2409/2409
f 2409/2409 2415/2415 2416/2416
f 2409/2409 2416/2416 2410/2410
f 2410/2410 2416/2416 2411/2411
f 2410/2410 2411/2411 2405/2405
f 2411/2411 2417/2417 2418/2418
f 2411/2411 2418/2418 2412/2412
f 2412/2412 2418/2418 2419/2419
f 2412/2412 2419/2419 2413/2413
f 2413/2413 2419/2419 2420/2420
f 2413/2413 2420/2420 2414/2414
f 2414/2414 2420/2420 2421/2421
f 2414/2414 2421/2421 2415/2415
f 2415/2415 2421/2421 2422/2422
f 2415/2415 2422/2422 2416/2416
f 2416/2416 2422/2422 2417/2417
f 2416/2416 2417/2417 2411/2411
f 2417/2417 2423/2423 2424/2424
f 2417/2417 2424/2424 2418/2418
f 2418/2418 2424/2424 2425/2425
f 2418/2418 2425/2425 2419/2419
f 2419/2419 2425/2425 2426/2426
f 2419/2419 2426/2426 2420/2420
f 2420/2420 2426/2426 2427/2427
f 2420/2420 2427/2427 2421/2421
f 2421/2421 2427/2427 2428/2428
f 2421/2421 2428/2428 2422/2422
f 2422/2422 2428/2428 2423/2423
f 2422/2422 2423/2423 2417/2417
f 2423/2423 2429/2429 2430/2430
f 2423/2423 2430/2430 2424/2424
f 2424/2424 2430/2430 2431/2431
f 2424/2424 2431/2431 2425/2425
f 2425/2425 2431/2431 2432/2432
f 2425/2425 2432/2432 2426/2426
f 2426/2426 2432/2432 2433/2433
f 2426/2426 2433/2433 2427/2427
f 2427/2427 2433/2433 2434/2434
f 2427/2427 2434/2434 2428/2428
f 2428/2428 2434/2434 2429/2429
f 2428/2428 2429/2429 2423/2423
f 2429/2429 2435/2435 2436/2436
f 2429/2429 2436/2436 2430/2430
f 2430/2430 2436/2436 2437/2437
f 2430/2430 2437/2437 2431/2431
f 2431/2431 2437/2437 2438/2438
f 2431/2431 2438/2438 2432/2432
f 2432/2432 2438/2438 2439/2439
f 2432/2432 2439/2439 2433/2433
f 2433/2433 2439/2439 2440/2440
f 2433/2433 2440/2440 2434/2434
f 2434/2434 2440/2440 2435/2435
f 2434/2434 2435/2435 2429/2429
f 2435/2435 2441/2441 2442/2442
f 2435/2435 2442/2442 2436/2436
f 2436/2436 2442/2442 2443/2443
f 2436/2436 2443/2443 2437/2437
f 2437/2437 2443/2443 2444/2444
f 2437/2437 2444/2444 2438/2438
f 2438/2438 2444/2444 2445/2445
f 2438/2438 2445/2445 2439/2439
f 2439/2439 2445/2445 2446/2446
f 2439/2439 2446/2446 2440/2440
f 2440/2440 2446/2446 2441/2441
f 2440/2440 2441/2441 2435/2435
f 2441/2441 2447/2447 2448/2448
f 2441/2441 2448/2448 2442/2442
f 2442/2442 2448/2448 2449/2449
f 2442/2442 2449/2449 2443/2443
f 2443/2443 2449/2449 2450/2450
f 2443/2443 2450/2450 2444/2444
f 2444/2444 2450/2450 2451/2451
f 2444/2444 2451/2451 2445/2445
f 2445/2445 2451/2451 2452/2452
f 2445/2445 2452/2452 2446/2446
f 2446/2446 2452/2452 2447/2447
f 2446/2446 2447/2447 2441/2441
f 2447/2447 2453/2453 2454/2454
f 2447/2447 2454/2454 2448/2448
f 2448/2448 2454/2454 2455/2455
f 2448/2448 2455/2455 2449/2449
f 2449/2449 2455/2455 2456/2456
f 2449/2449 2456/2456 2450/2450
f 2450/2450 2456/2456 2457/2457
f 2450/2450 2457/2457 2451/2451
f 2451/2451 2457/2457 2458/2458
f 2451/2451 2458/2458 2452/2452
f 2452/2452 2458/2458 2453/2453
f 2452/2452 2453/2453 2447/2447
f 2453/2453 2459/2459 2460/2460
f 2453/2453 2460/2460 2454/2454
f 2454/2454 2460/2460 2461/2461
f 2454/2454 2461/2461 2455/2455
f 2455/2455 2461/2461 2462/2462
f 2455/2455 2462/2462 2456/2456
f 2456/2456 2462/2462 2463/2463
f 2456/2456 2463/2463 2457/2457
f 2457/2457 2463/2463 2464/2464
f 2457/2457 2464/2464 2458/2458
f 2458/2458 2464/2464 2459/2459
f 2458/2458 2459/2459 2453/2453
f 2459/2459 2465/2465 2466/2466
f 2459/2459 2466/2466 2460/2460
f 2460/2460 2466/2466 2467/2467
f 2460/2460 2467/2467 2461/2461
f 2461/2461 2467/2467 2468/2468
f 2461/2461 2468/2468 2462/2462
f 2462/2462 2468/2468 2469/2469
f 2462/2462 2469/2469 2463/2463
f 2463/2463 2469/2469 2470/2470
f 2463/2463 2470/2470 2464/2464
f 2464/2464 2470/2470 2465/2465
f 2464/2464 2465/2465 2459/2459
f 2465/2465 2471/2471 2472/2472
f 2465/2465 2472/2472 2466/2466
f 2466/2466 2472/2472 2473/2473
f 2466/2466 2473/2473 2467/2467
f 2467/2467 2473/2473 2474/2474
f 2467/2467 2474/2474 2468/2468
f 2468/2468 2474/2474 2475/2475
f 2468/2468 2475/2475 2469/2469
f 2469/2469 2475/2475 2476/2476
f 2469/2469 2476/2476 2470/2470
f 2470/2470 2476/2476 2471/2471
f 2470/2470 2471/2471 2465/2465
f 2471/2471 2477/2477 2478/2478
f 2471/2471 2478/2478 2472/2472
f 2472/2472 2478/2478 2479/2479
f 2472/2472 2479/2479 2473/2473
f 2473/2473 2479/2479 2480/2480
f 2473/2473 2480/2480 2474/2474
f 2474/2474 2480/2480 2481/2481
f 2474/2474 2481/2481 2475/2475
f 2475/2475 2481/2481 2482/2482
f 2475/2475 2482/2482 2476/2476
f 2476/2476 2482/2482 2477/2477
f 2476/2476 2477/2477 2471/2471
f 2477/2477 2483/2483 2484/2484
f 2477/2477 2484/2484 2478/2478
f 2478/2478 2484/2484 2485/2485
f 2478/2478 2485/2485 2479/2479
f 2479/2479 2485/2485 2486/2486
f 2479/2479 2486/2486 2480/2480
f 2480/2480 2486/2486 2487/2487
f 2480/2480 2487/2487 2481/2481
f 2481/2481 2487/2487 2488/2488
f 2481/2481 2488/2488 2482/2482
f 2482/2482 2488/2488 2483/2483
f 2482/2482 2483/2483 2477/2477
f 2483/2483 2489/2489 2490/2490
f 2483/2483 2490/2490 2484/2484
f 2484/2484 2490/2490 2491/2491
f 2484/2484 2491/2491 2485/2485
f 2485/2485 2491/2491 2492/2492
f 2485/2485 2492/2492 2486/2486
f 2486/2486 2492/2492 2493/2493
f 2486/2486 2493/2493 2487/2487
f 2487/2487 2493/2493 2494/2494
f 2487/2487 2494/2494 2488/2488
f 2488/2488 2494/2494 2489/2489
f 2488/2488 2489/2489 2483/2483
f 2489/2489 2495/2495 2496/2496
f 2489/2489 2496/2496 2490/2490
f 2490/2490 2496/2496 2497/2497
f 2490/2490 2497/2497 2491/2491
f 2491/2491 2497/2497 2498/2498
f 2491/2491 2498/2498 2492/2492
f 2492/2492 2498/2498 2499/2499
f 2492/2492 2499/2499 2493/2493
f 2493/2493 2499/2499 2500/2500
f 2493/2493 2500/2500 2494/2494
f 2494/2494 2500/2500 2495/2495
f 2494/2494 2495/2495 2489/2489
f 2495/2495 2501/2501 2502/2502
f 2495/2495 2502/2502 2496/2496
f 2496/2496 2502/2502 2503/2503
f 2496/2496 2503/2503 2497/2497
f 2497/2497 2503/2503 2504/2504
f 2497/2497 2504/2504 2498/2498
f 2498/2498 2504/2504 2505/2505
f 2498/2498 2505/2505 2499/2499
f 2499/2499 2505/2505 2506/2506
f 2499/2499 2506/2506 2500/2500
f 2500/2500 2506/2506 2501/2501
f 2500/2500 2501/2501 2495/2495
f 2501/2501 2507/2507 2508/2508
f 2501/2501 2508/2508 2502/2502
f 2502/2502 2508/2508 2509/2509
f 2502/2502 2509/2509 2503/2503
f 2503/2503 2509/2509 2510/2510
f 2503/2503 2510/2510 2504/2504
f 2504/2504 2510/2510 2511/2511
f 2504/2504 2511/2511 2505/2505
f 2505/2505 2511/2511 2512/2512
f 2505/2505 2512/2512 2506/2506
f 2506/2506 2512/2512 2507/2507
f 2506/2506 2507/2507 2501/2501
f 2507/2507 2513/2513 2514/2514
f 2507/2507 2514/2514 2508/2508
f 2508/2508 2514/2514 2515/2515
f 2508/2508 2515/2515 2509/2509
f 2509/2509 2515/2515 2516/2516
f 2509/2509 2516/2516 2510/2510
f 2510/2510 2516/2516 2517/2517
f 2510/2510 2517/2517 2511/2511
f 2511/2511 2517/2517 2518/2518
f 2511/2511 2518/2518 2512/2512
f 2512/2512 2518/2518 2513/2513
f 2512/2512 2513/2513 2507/2507
f 2513/2513 2519/2519 2520/2520
f 2513/2513 2520/2520 2514/2514
f 2514/2514 2520/2520 2521/2521
f 2514/2514 2521/2521 2515/2515
f 2515/2515 2521/2521 2522/2522
f 2515/2515 2522/2522 2516/2516
f 2516/2516 2522/2522 2523/2523
f 2516/2516 2523/2523 2517/2517
f 2517/2517 2523/2523 2524/2524
f 2517/2517 2524/2524 2518/2518
f 2518/2518 2524/2524 2519/2519
f 2518/2518 2519/2519 2513/2513
f 2519/2519 2525/2525 2526/2526
f 2519/2519 2526/2526 2520/2520
f 2520/2520 2526/2526 2527/2527
f 2520/2520 2527/2527 2521/2521
f 2521/2521 2527/2527 2528/2528
f 2521/2521 2528/2528 2522/2522
f 2522/2522 2528/2528 2529/2529
f 2522/2522 2529/2529 2523/2523
f 2523/2523 2529/2529 2530/2530
f 2523/2523 2530/2530 2524/2524
f 2524/2524 2530/2530 2525/2525
f 2524/2524 2525/2525 2519/2519
f 2525/2525 2531/2531 2532/2532
f 2525/2525 2532/2532 2526/2526
f 2526/2526 2532/2532 2533/2533
f 2526/2526 2533/2533 2527/2527
f 2527/2527 2533/2533 2534/2534
f 2527/2527 2534/2534 2528/2528
f 2528/2528 2534/2534 2535/2535
f 2528/2528 2535/2535 2529/2529
f 2529/2529 2535/2535 2536/2536
f 2529/2529 2536/2536 2530/2530
f 2530/2530 2536/2536 2531/2531
f 2530/2530 2531/2531 2525/2525
f 2531/2531 2537/2537 2538/2538
f 2531/2531 2538/2538 2532/2532
f 2532/2532 2538/2538 2539/2539
f 2532/2532 2539/2539 2533/2533
f 2533/2533 2539/2539 2540/2540
f 2533/2533 2540/2540 2534/2534
f 2534/2534 2540/2540 2541/2541
f 2534/2534 2541/2541 2535/2535
f 2535/2535 2541/2541 2542/2542
f 2535/2535 2542/2542 2536/2536
f 2536/2536 2542/2542 2537/2537
f 2536/2536 2537/2537 2531/2531
f 2537/2537 2543/2543 2544/2544
f 2537/2537 2544/2544 2538/2538
f 2538/2538 2544/2544 2545/2545
f 2538/2538 2545/2545 2539/2539
f 2539/2539 2545/2545 2546/2546
f 2539/2539 2546/2546 2540/2540
f 2540/2540 2546/2546 2547/2547
f 2540/2540 2547/2547 2541/2541
f 2541/2541 2547/2547 2548/2548
f 2541/2541 2548/2548 2542/2542
f 2542/2542 2548/2548 2543/2543
f 2542/2542 2543/2543 2537/2537
f 2543/2543 2549/2549 2550/2550
f 2543/2543 2550/2550 2544/2544
f 2544/2544 2550/2550 2551/2551
f 2544/2544 2551/2551 2545/2545
f 2545/2545 2551/2551 2552/2552
f 2545/2545 2552/2552 2546/2546
f 2546/2546 2552/2552 2553/2553
f 2546/2546 2553/2553 2547/2547
f 2547/2547 2553/2553 2554/2554
f 2547/2547 2554/2554 2548/2548
f 2548/2548 2554/2554 2549/2549
f 2548/2548 2549/2549 2543/2543
f 2549/2549 2555/2555 2556/2556
f 2549/2549 2556/2556 2550/2550
f 2550/2550 2556/2556 2557/2557
f 2550/2550 2557/2557 2551/2551
f 2551/2551 2557/2557 2558/2558
f 2551/2551 2558/2558 2552/2552
f 2552/2552 2558/2558 2559/2559
f 2552/2552 2559/2559 2553/2553
f 2553/2553 2559/2559 2560/2560
f 2553/2553 2560/2560 2554/2554
f 2554/2554 2560/2560 2555/2555
f 2554/2554 2555/2555 2549/2549
f 2555/2555 2273/2273 2274/2274
f 2555/2555 2274/2274 2556/2556
f 2556/2556 2274/2274 2275/2275
f 2556/2556 2275/2275 2557/2557
f 2557/2557 2275/2275 2276/2276
f 2557/2557 2276/2276 2558/2558
f 2558/2558 2276/2276 2277/2277
f 2558/2558 2277/2277 2559/2559
f 2559/2559 2277/2277 2278/2278
f 2559/2559 2278/2278 2560/2560
f 2560/2560 2278/2278 2273/2273
f 2560/2560 2273/2273 2555/2555
usemtl DarkIron
f 2561/2561 2562/2562 2563/2563
f 2561/2561 2563/2563 2564/2564
f 2565/2565 2566/2566 2567/2567
f 2565/2565 2567/2567 2568/2568
f 2569/2569 2570/2570 2571/2571
f 2569/2569 2571/2571 2572/2572
f 2573/2573 2574/2574 2575/2575
f 2573/2573 2575/2575 2576/2576
f 2577/2577 2578/2578 2579/2579
f 2577/2577 2579/2579 2580/2580
f 2581/2581 2582/2582 2583/2583
f 2581/2581 2583/2583 2584/2584
usemtl WarmBrass
f 2585/2585 2591/2591 2592/2592
f 2585/2585 2592/2592 2586/2586
f 2586/2586 2592/2592 2593/2593
f 2586/2586 2593/2593 2587/2587
f 2587/2587 2593/2593 2594/2594
f 2587/2587 2594/2594 2588/2588
f 2588/2588 2594/2594 2595/2595
f 2588/2588 2595/2595 2589/2589
f 2589/2589 2595/2595 2596/2596
f 2589/2589 2596/2596 2590/2590
f 2590/2590 2596/2596 2591/2591
f 2590/2590 2591/2591 2585/2585
f 2591/2591 2597/2597 2598/2598
f 2591/2591 2598/2598 2592/2592
f 2592/2592 2598/2598 2599/2599
f 2592/2592 2599/2599 2593/2593
f 2593/2593 2599/2599 2600/2600
f 2593/2593 2600/2600 2594/2594
f 2594/2594 2600/2600 2601/2601
f 2594/2594 2601/2601 2595/2595
f 2595/2595 2601/2601 2602/2602
f 2595/2595 2602/2602 2596/2596
f 2596/2596 2602/2602 2597/2597
f 2596/2596 2597/2597 2591/2591
f 2597/2597 2603/2603 2604/2604
f 2597/2597 2604/2604 2598/2598
f 2598/2598 2604/2604 2605/2605
f 2598/2598 2605/2605 2599/2599
f 2599/2599 2605/2605 2606/2606
f 2599/2599 2606/2606 2600/2600
f 2600/2600 2606/2606 2607/2607
f 2600/2600 2607/2607 2601/2601
f 2601/2601 2607/2607 2608/2608
f 2601/2601 2608/2608 2602/2602
f 2602/2602 2608/2608 2603/2603
f 2602/2602 2603/2603 2597/2597
f 2603/2603 2609/2609 2610/2610
f 2603/2603 2610/2610 2604/2604
f 2604/2604 2610/2610 2611/2611
f 2604/2604 2611/2611 2605/2605
f 2605/2605 2611/2611 2612/2612
f 2605/2605 2612/2612 2606/2606
f 2606/2606 2612/2612 2613/2613
f 2606/2606 2613/2613 2607/2607
f 2607/2607 2613/2613 2614/2614
f 2607/2607 2614/2614 2608/2608
f 2608/2608 2614/2614 2609/2609
f 2608/2608 2609/2609 2603/2603
f 2609/2609 2615/2615 2616/2616
f 2609/2609 2616/2616 2610/2610
f 2610/2610 2616/2616 2617/2617
f 2610/2610 2617/2617 2611/2611
f 2611/2611 2617/2617 2618/2618
f 2611/2611 2618/2618 2612/2612
f 2612/2612 2618/2618 2619/2619
f 2612/2612 2619/2619 2613/2613
f 2613/2613 2619/2619 2620/2620
f 2613/2613 2620/2620 2614/2614
f 2614/2614 2620/2620 2615/2615
f 2614/2614 2615/2615 2609/2609
f 2615/2615 2621/2621 2622/2622
f 2615/2615 2622/2622 2616/2616
f 2616/2616 2622/2622 2623/2623
f 2616/2616 2623/2623 2617/2617
f 2617/2617 2623/2623 2624/2624
f 2617/2617 2624/2624 2618/2618
f 2618/2618 2624/2624 2625/2625
f 2618/2618 2625/2625 2619/2619
f 2619/2619 2625/2625 2626/2626
f 2619/2619 2626/2626 2620/2620
f 2620/2620 2626/2626 2621/2621
f 2620/2620 2621/2621 2615/2615
f 2621/2621 2627/2627 2628/2628
f 2621/2621 2628/2628 2622/2622
f 2622/2622 2628/2628 2629/2629
f 2622/2622 2629/2629 2623/2623
f 2623/2623 2629/2629 2630/2630
f 2623/2623 2630/2630 2624/2624
f 2624/2624 2630/2630 2631/2631
f 2624/2624 2631/2631 2625/2625
f 2625/2625 2631/2631 2632/2632
f 2625/2625 2632/2632 2626/2626
f 2626/2626 2632/2632 2627/2627
f 2626/2626 2627/2627 2621/2621
f 2627/2627 2633/2633 2634/2634
f 2627/2627 2634/2634 2628/2628
f 2628/2628 2634/2634 2635/2635
f 2628/2628 2635/2635 2629/2629
f 2629/2629 2635/2635 2636/2636
f 2629/2629 2636/2636 2630/2630
f 2630/2630 2636/2636 2637/2637
f 2630/2630 2637/2637 2631/2631
f 2631/2631 2637/2637 2638/2638
f 2631/2631 2638/2638 2632/2632
f 2632/2632 2638/2638 2633/2633
f 2632/2632 2633/2633 2627/2627
f 2633/2633 2639/2639 2640/2640
f 2633/2633 2640/2640 2634/2634
f 2634/2634 2640/2640 2641/2641
f 2634/2634 2641/2641 2635/2635
f 2635/2635 2641/2641 2642/2642
f 2635/2635 2642/2642 2636/2636
f 2636/2636 2642/2642 2643/2643
f 2636/2636 2643/2643 2637/2637
f 2637/2637 2643/2643 2644/2644
f 2637/2637 2644/2644 2638/2638
f 2638/2638 2644/2644 2639/2639
f 2638/2638 2639/2639 2633/2633
f 2639/2639 2645/2645 2646/2646
f 2639/2639 2646/2646 2640/2640
f 2640/2640 2646/2646 2647/2647
f 2640/2640 2647/2647 2641/2641
f 2641/2641 2647/2647 2648/2648
f 2641/2641 2648/2648 2642/2642
f 2642/2642 2648/2648 2649/2649
f 2642/2642 2649/2649 2643/2643
f 2643/2643 2649/2649 2650/2650
f 2643/2643 2650/2650 2644/2644
f 2644/2644 2650/2650 2645/2645
f 2644/2644 2645/2645 2639/2639
f 2645/2645 2651/2651 2652/2652
f 2645/2645 2652/2652 2646/2646
f 2646/2646 2652/2652 2653/2653
f 2646/2646 2653/2653 2647/2647
f 2647/2647 2653/2653 2654/2654
f 2647/2647 2654/2654 2648/2648
f 2648/2648 2654/2654 2655/2655
f 2648/2648 2655/2655 2649/2649
f 2649/2649 2655/2655 2656/2656
f 2649/2649 2656/2656 2650/2650
f 2650/2650 2656/2656 2651/2651
f 2650/2650 2651/2651 2645/2645
f 2651/2651 2657/2657 2658/2658
f 2651/2651 2658/2658 2652/2652
f 2652/2652 2658/2658 2659/2659
f 2652/2652 2659/2659 2653/2653
f 2653/2653 2659/2659 2660/2660
f 2653/2653 2660/2660 2654/2654
f 2654/2654 2660/2660 2661/2661
f 2654/2654 2661/2661 2655/2655
f 2655/2655 2661/2661 2662/2662
f 2655/2655 2662/2662 2656/2656
f 2656/2656 2662/2662 2657/2657
f 2656/2656 2657/2657 2651/2651
f 2657/2657 2663/2663 2664/2664
f 2657/2657 2664/2664 2658/2658
f 2658/2658 2664/2664 2665/2665
f 2658/2658 2665/2665 2659/2659
f 2659/2659 2665/2665 2666/2666
f 2659/2659 2666/2666 2660/2660
f 2660/2660 2666/2666 2667/2667
f 2660/2660 2667/2667 2661/2661
f 2661/2661 2667/2667 2668/2668
f 2661/2661 2668/2668 2662/2662
f 2662/2662 2668/2668 2663/2663
f 2662/2662 2663/2663 2657/2657
f 2663/2663 2669/2669 2670/2670
f 2663/2663 2670/2670 2664/2664
f 2664/2664 2670/2670 2671/2671
f 2664/2664 2671/2671 2665/2665
f 2665/2665 2671/2671 2672/2672
f 2665/2665 2672/2672 2666/2666
f 2666/2666 2672/2672 2673/2673
f 2666/2666 2673/2673 2667/2667
f 2667/2667 2673/2673 2674/2674
f 2667/2667 2674/2674 2668/2668
f 2668/2668 2674/2674 2669/2669
f 2668/2668 2669/2669 2663/2663
f 2669/2669 2675/2675 2676/2676
f 2669/2669 2676/2676 2670/2670
f 2670/2670 2676/2676 2677/2677
f 2670/2670 2677/2677 2671/2671
f 2671/2671 2677/2677 2678/2678
f 2671/2671 2678/2678 2672/2672
f 2672/2672 2678/2678 2679/2679
f 2672/2672 2679/2679 2673/2673
f 2673/2673 2679/2679 2680/2680
f 2673/2673 2680/2680 2674/2674
f 2674/2674 2680/2680 2675/2675
f 2674/2674 2675/2675 2669/2669
f 2675/2675 2681/2681 2682/2682
f 2675/2675 2682/2682 2676/2676
f 2676/2676 2682/2682 2683/2683
f 2676/2676 2683/2683 2677/2677
f 2677/2677 2683/2683 2684/2684
f 2677/2677 2684/2684 2678/2678
f 2678/2678 2684/2684 2685/2685
f 2678/2678 2685/2685 2679/2679
f 2679/2679 2685/2685 2686/2686
f 2679/2679 2686/2686 2680/2680
f 2680/2680 2686/2686 2681/2681
f 2680/2680 2681/2681 2675/2675
f 2681/2681 2687/2687 2688/2688
f 2681/2681 2688/2688 2682/2682
f 2682/2682 2688/2688 2689/2689
f 2682/2682 2689/2689 2683/2683
f 2683/2683 2689/2689 2690/2690
f 2683/2683 2690/2690 2684/2684
f 2684/2684 2690/2690 2691/2691
f 2684/2684 2691/2691 2685/2685
f 2685/2685 2691/2691 2692/2692
f 2685/2685 2692/2692 2686/2686
f 2686/2686 2692/2692 2687/2687
f 2686/2686 2687/2687 2681/2681
f 2687/2687 2693/2693 2694/2694
f 2687/2687 2694/2694 2688/2688
f 2688/2688 2694/2694 2695/2695
f 2688/2688 2695/2695 2689/2689
f 2689/2689 2695/2695 2696/2696
f 2689/2689 2696/2696 2690/2690
f 2690/2690 2696/2696 2697/2697
f 2690/2690 2697/2697 2691/2691
f 2691/2691 2697/2697 2698/2698
f 2691/2691 2698/2698 2692/2692
f 2692/2692 2698/2698 2693/2693
f 2692/2692 2693/2693 2687/2687
f 2693/2693 2699/2699 2700/2700
f 2693/2693 2700/2700 2694/2694
f 2694/2694 2700/2700 2701/2701
f 2694/2694 2701/2701 2695/2695
f 2695/2695 2701/2701 2702/2702
f 2695/2695 2702/2702 2696/2696
f 2696/2696 2702/2702 2703/2703
f 2696/2696 2703/2703 2697/2697
f 2697/2697 2703/2703 2704/2704
f 2697/2697 2704/2704 2698/2698
f 2698/2698 2704/2704 2699/2699
f 2698/2698 2699/2699 2693/2693
f 2699/2699 2705/2705 2706/2706
f 2699/2699 2706/2706 2700/2700
f 2700/2700 2706/2706 2707/2707
f 2700/2700 2707/2707 2701/2701
f 2701/2701 2707/2707 2708/2708
f 2701/2701 2708/2708 2702/2702
f 2702/2702 2708/2708 2709/2709
f 2702/2702 2709/2709 2703/2703
f 2703/2703 2709/2709 2710/2710
f 2703/2703 2710/2710 2704/2704
f 2704/2704 2710/2710 2705/2705
f 2704/2704 2705/2705 2699/2699
f 2705/2705 2711/2711 2712/2712
f 2705/2705 2712/2712 2706/2706
f 2706/2706 2712/2712 2713/2713
f 2706/2706 2713/2713 2707/2707
f 2707/2707 2713/2713 2714/2714
f 2707/2707 2714/2714 2708/2708
f 2708/2708 2714/2714 2715/2715
f 2708/2708 2715/2715 2709/2709
f 2709/2709 2715/2715 2716/2716
f 2709/2709 2716/2716 2710/2710
f 2710/2710 2716/2716 2711/2711
f 2710/2710 2711/2711 2705/2705
f 2711/2711 2717/2717 2718/2718
f 2711/2711 2718/2718 2712/2712
f 2712/2712 2718/2718 2719/2719
f 2712/2712 2719/2719 2713/2713
f 2713/2713 2719/2719 2720/2720
f 2713/2713 2720/2720 2714/2714
f 2714/2714 2720/2720 2721/2721
f 2714/2714 2721/2721 2715/2715
f 2715/2715 2721/2721 2722/2722
f 2715/2715 2722/2722 2716/2716
f 2716/2716 2722/2722 2717/2717
f 2716/2716 2717/2717 2711/2711
f 2717/2717 2723/2723 2724/2724
f 2717/2717 2724/2724 2718/2718
f 2718/2718 2724/2724 2725/2725
f 2718/2718 2725/2725 2719/2719
f 2719/2719 2725/2725 2726/2726
f 2719/2719 2726/2726 2720/2720
f 2720/2720 2726/2726 2727/2727
f 2720/2720 2727/2727 2721/2721
f 2721/2721 2727/2727 2728/2728
f 2721/2721 2728/2728 2722/2722
f 2722/2722 2728/2728 2723/2723
f 2722/2722 2723/2723 2717/2717
f 2723/2723 2729/2729 2730/2730
f 2723/2723 2730/2730 2724/2724
f 2724/2724 2730/2730 2731/2731
f 2724/2724 2731/2731 2725/2725
f 2725/2725 2731/2731 2732/2732
f 2725/2725 2732/2732 2726/2726
f 2726/2726 2732/2732 2733/2733
f 2726/2726 2733/2733 2727/2727
f 2727/2727 2733/2733 2734/2734
f 2727/2727 2734/2734 2728/2728
f 2728/2728 2734/2734 2729/2729
f 2728/2728 2729/2729 2723/2723
f 2729/2729 2735/2735 2736/2736
f 2729/2729 2736/2736 2730/2730
f 2730/2730 2736/2736 2737/2737
f 2730/2730 2737/2737 2731/2731
f 2731/2731 2737/2737 2738/2738
f 2731/2731 2738/2738 2732/2732
f 2732/2732 2738/2738 2739/2739
f 2732/2732 2739/2739 2733/2733
f 2733/2733 2739/2739 2740/2740
f 2733/2733 2740/2740 2734/2734
f 2734/2734 2740/2740 2735/2735
f 2734/2734 2735/2735 2729/2729
f 2735/2735 2741/2741 2742/2742
f 2735/2735 2742/2742 2736/2736
f 2736/2736 2742/2742 2743/2743
f 2736/2736 2743/2743 2737/2737
f 2737/2737 2743/2743 2744/2744
f 2737/2737 2744/2744 2738/2738
f 2738/2738 2744/2744 2745/2745
f 2738/2738 2745/2745 2739/2739
f 2739/2739 2745/2745 2746/2746
f 2739/2739 2746/2746 2740/2740
f 2740/2740 2746/2746 2741/2741
f 2740/2740 2741/2741 2735/2735
f 2741/2741 2747/2747 2748/2748
f 2741/2741 2748/2748 2742/2742
f 2742/2742 2748/2748 2749/2749
f 2742/2742 2749/2749 2743/2743
f 2743/2743 2749/2749 2750/2750
f 2743/2743 2750/2750 2744/2744
f 2744/2744 2750/2750 2751/2751
f 2744/2744 2751/2751 2745/2745
f 2745/2745 2751/2751 2752/2752
f 2745/2745 2752/2752 2746/2746
f 2746/2746 2752/2752 2747/2747
f 2746/2746 2747/2747 2741/2741
f 2747/2747 2753/2753 2754/2754
f 2747/2747 2754/2754 2748/2748
f 2748/2748 2754/2754 2755/2755
f 2748/2748 2755/2755 2749/2749
f 2749/2749 2755/2755 2756/2756
f 2749/2749 2756/2756 2750/2750
f 2750/2750 2756/2756 2757/2757
f 2750/2750 2757/2757 2751/2751
f 2751/2751 2757/2757 2758/2758
f 2751/2751 2758/2758 2752/2752
f 2752/2752 2758/2758 2753/2753
f 2752/2752 2753/2753 2747/2747
f 2753/2753 2759/2759 2760/2760
f 2753/2753 2760/2760 2754/2754
f 2754/2754 2760/2760 2761/2761
f 2754/2754 2761/2761 2755/2755
f 2755/2755 2761/2761 2762/2762
f 2755/2755 2762/2762 2756/2756
f 2756/2756 2762/2762 2763/2763
f 2756/2756 2763/2763 2757/2757
f 2757/2757 2763/2763 2764/2764
f 2757/2757 2764/2764 2758/2758
f 2758/2758 2764/2764 2759/2759
f 2758/2758 2759/2759 2753/2753
f 2759/2759 2765/2765 2766/2766
f 2759/2759 2766/2766 2760/2760
f 2760/2760 2766/2766 2767/2767
f 2760/2760 2767/2767 2761/2761
f 2761/2761 2767/2767 2768/2768
f 2761/2761 2768/2768 2762/2762
f 2762/2762 2768/2768 2769/2769
f 2762/2762 2769/2769 2763/2763
f 2763/2763 2769/2769 2770/2770
f 2763/2763 2770/2770 2764/2764
f 2764/2764 2770/2770 2765/2765
f 2764/2764 2765/2765 2759/2759
f 2765/2765 2771/2771 2772/2772
f 2765/2765 2772/2772 2766/2766
f 2766/2766 2772/2772 2773/2773
f 2766/2766 2773/2773 2767/2767
f 2767/2767 2773/2773 2774/2774
f 2767/2767 2774/2774 2768/2768
f 2768/2768 2774/2774 2775/2775
f 2768/2768 2775/2775 2769/2769
f 2769/2769 2775/2775 2776/2776
f 2769/2769 2776/2776 2770/2770
f 2770/2770 2776/2776 2771/2771
f 2770/2770 2771/2771 2765/2765
f 2771/2771 2777/2777 2778/2778
f 2771/2771 2778/2778 2772/2772
f 2772/2772 2778/2778 2779/2779
f 2772/2772 2779/2779 2773/2773
f 2773/2773 2779/2779 2780/2780
f 2773/2773 2780/2780 2774/2774
f 2774/2774 2780/2780 2781/2781
f 2774/2774 2781/2781 2775/2775
f 2775/2775 2781/2781 2782/2782
f 2775/2775 2782/2782 2776/2776
f 2776/2776 2782/2782 2777/2777
f 2776/2776 2777/2777 2771/2771
f 2777/2777 2783/2783 2784/2784
f 2777/2777 2784/2784 2778/2778
f 2778/2778 2784/2784 2785/2785
f 2778/2778 2785/2785 2779/2779
f 2779/2779 2785/2785 2786/2786
f 2779/2779 2786/2786 2780/2780
f 2780/2780 2786/2786 2787/2787
f 2780/2780 2787/2787 2781/2781
f 2781/2781 2787/2787 2788/2788
f 2781/2781 2788/2788 2782/2782
f 2782/2782 2788/2788 2783/2783
f 2782/2782 2783/2783 2777/2777
f 2783/2783 2789/2789 2790/2790
f 2783/2783 2790/2790 2784/2784
f 2784/2784 2790/2790 2791/2791
f 2784/2784 2791/2791 2785/2785
f 2785/2785 2791/2791 2792/2792
f 2785/2785 2792/2792 2786/2786
f 2786/2786 2792/2792 2793/2793
f 2786/2786 2793/2793 2787/2787
f 2787/2787 2793/2793 2794/2794
f 2787/2787 2794/2794 2788/2788
f 2788/2788 2794/2794 2789/2789
f 2788/2788 2789/2789 2783/2783
f 2789/2789 2795/2795 2796/2796
f 2789/2789 2796/2796 2790/2790
f 2790/2790 2796/2796 2797/2797
f 2790/2790 2797/2797 2791/2791
f 2791/2791 2797/2797 2798/2798
f 2791/2791 2798/2798 2792/2792
f 2792/2792 2798/2798 2799/2799
f 2792/2792 2799/2799 2793/2793
f 2793/2793 2799/2799 2800/2800
f 2793/2793 2800/2800 2794/2794
f 2794/2794 2800/2800 2795/2795
f 2794/2794 2795/2795 2789/2789
f 2795/2795 2801/2801 2802/2802
f 2795/2795 2802/2802 2796/2796
f 2796/2796 2802/2802 2803/2803
f 2796/2796 2803/2803 2797/2797
f 2797/2797 2803/2803 2804/2804
f 2797/2797 2804/2804 2798/2798
f 2798/2798 2804/2804 2805/2805
f 2798/2798 2805/2805 2799/2799
f 2799/2799 2805/2805 2806/2806
f 2799/2799 2806/2806 2800/2800
f 2800/2800 2806/2806 2801/2801
f 2800/2800 2801/2801 2795/2795
f 2801/2801 2807/2807 2808/2808
f 2801/2801 2808/2808 2802/2802
f 2802/2802 2808/2808 2809/2809
f 2802/2802 2809/2809 2803/2803
f 2803/2803 2809/2809 2810/2810
f 2803/2803 2810/2810 2804/2804
f 2804/2804 2810/2810 2811/2811
f 2804/2804 2811/2811 2805/2805
f 2805/2805 2811/2811 2812/2812
f 2805/2805 2812/2812 2806/2806
f 2806/2806 2812/2812 2807/2807
f 2806/2806 2807/2807 2801/2801
f 2807/2807 2813/2813 2814/2814
f 2807/2807 2814/2814 2808/2808
f 2808/2808 2814/2814 2815/2815
f 2808/2808 2815/2815 2809/2809
f 2809/2809 2815/2815 2816/2816
f 2809/2809 2816/2816 2810/2810
f 2810/2810 2816/2816 2817/2817
f 2810/2810 2817/2817 2811/2811
f 2811/2811 2817/2817 2818/2818
f 2811/2811 2818/2818 2812/2812
f 2812/2812 2818/2818 2813/2813
f 2812/2812 2813/2813 2807/2807
f 2813/2813 2819/2819 2820/2820
f 2813/2813 2820/2820 2814/2814
f 2814/2814 2820/2820 2821/2821
f 2814/2814 2821/2821 2815/2815
f 2815/2815 2821/2821 2822/2822
f 2815/2815 2822/2822 2816/2816
f 2816/2816 2822/2822 2823/2823
f 2816/2816 2823/2823 2817/2817
f 2817/2817 2823/2823 2824/2824
f 2817/2817 2824/2824 2818/2818
f 2818/2818 2824/2824 2819/2819
f 2818/2818 2819/2819 2813/2813
f 2819/2819 2825/2825 2826/2826
f 2819/2819 2826/2826 2820/2820
f 2820/2820 2826/2826 2827/2827
f 2820/2820 2827/2827 2821/2821
f 2821/2821 2827/2827 2828/2828
f 2821/2821 2828/2828 2822/2822
f 2822/2822 2828/2828 2829/2829
f 2822/2822 2829/2829 2823/2823
f 2823/2823 2829/2829 2830/2830
f 2823/2823 2830/2830 2824/2824
f 2824/2824 2830/2830 2825/2825
f 2824/2824 2825/2825 2819/2819
f 2825/2825 2831/2831 2832/2832
f 2825/2825 2832/2832 2826/2826
f 2826/2826 2832/2832 2833/2833
f 2826/2826 2833/2833 2827/2827
f 2827/2827 2833/2833 2834/2834
f 2827/2827 2834/2834 2828/2828
f 2828/2828 2834/2834 2835/2835
f 2828/2828 2835/2835 2829/2829
f 2829/2829 2835/2835 2836/2836
f 2829/2829 2836/2836 2830/2830
f 2830/2830 2836/2836 2831/2831
f 2830/2830 2831/2831 2825/2825
f 2831/2831 2837/2837 2838/2838
f 2831/2831 2838/2838 2832/2832
f 2832/2832 2838/2838 2839/2839
f 2832/2832 2839/2839 2833/2833
f 2833/2833 2839/2839 2840/2840
f 2833/2833 2840/2840 2834/2834
f 2834/2834 2840/2840 2841/2841
f 2834/2834 2841/2841 2835/2835
f 2835/2835 2841/2841 2842/2842
f 2835/2835 2842/2842 2836/2836
f 2836/2836 2842/2842 2837/2837
f 2836/2836 2837/2837 2831/2831
f 2837/2837 2843/2843 2844/2844
f 2837/2837 2844/2844 2838/2838
f 2838/2838 2844/2844 2845/2845
f 2838/2838 2845/2845 2839/2839
f 2839/2839 2845/2845 2846/2846
f 2839/2839 2846/2846 2840/2840
f 2840/2840 2846/2846 2847/2847
f 2840/2840 2847/2847 2841/2841
f 2841/2841 2847/2847 2848/2848
f 2841/2841 2848/2848 2842/2842
f 2842/2842 2848/2848 2843/2843
f 2842/2842 2843/2843 2837/2837
f 2843/2843 2849/2849 2850/2850
f 2843/2843 2850/2850 2844/2844
f 2844/2844 2850/2850 2851/2851
f 2844/2844 2851/2851 2845/2845
f 2845/2845 2851/2851 2852/2852
f 2845/2845 2852/2852 2846/2846
f 2846/2846 2852/2852 2853/2853
f 2846/2846 2853/2853 2847/2847
f 2847/2847 2853/2853 2854/2854
f 2847/2847 2854/2854 2848/2848
f 2848/2848 2854/2854 2849/2849
f 2848/2848 2849/2849 2843/2843
f 2849/2849 2855/2855 2856/2856
f 2849/2849 2856/2856 2850/2850
f 2850/2850 2856/2856 2857/2857
f 2850/2850 2857/2857 2851/2851
f 2851/2851 2857/2857 2858/2858
f 2851/2851 2858/2858 2852/2852
f 2852/2852 2858/2858 2859/2859
f 2852/2852 2859/2859 2853/2853
f 2853/2853 2859/2859 2860/2860
f 2853/2853 2860/2860 2854/2854
f 2854/2854 2860/2860 2855/2855
f 2854/2854 2855/2855 2849/2849
f 2855/2855 2861/2861 2862/2862
f 2855/2855 2862/2862 2856/2856
f 2856/2856 2862/2862 2863/2863
f 2856/2856 2863/2863 2857/2857
f 2857/2857 2863/2863 2864/2864
f 2857/2857 2864/2864 2858/2858
f 2858/2858 2864/2864 2865/2865
f 2858/2858 2865/2865 2859/2859
f 2859/2859 2865/2865 2866/2866
f 2859/2859 2866/2866 2860/2860
f 2860/2860 2866/2866 2861/2861
f 2860/2860 2861/2861 2855/2855
f 2861/2861 2867/2867 2868/2868
f 2861/2861 2868/2868 2862/2862
f 2862/2862 2868/2868 2869/2869
f 2862/2862 2869/2869 2863/2863
f 2863/2863 2869/2869 2870/2870
f 2863/2863 2870/2870 2864/2864
f 2864/2864 2870/2870 2871/2871
f 2864/2864 2871/2871 2865/2865
f 2865/2865 2871/2871 2872/2872
f 2865/2865 2872/2872 2866/2866
f 2866/2866 2872/2872 2867/2867
f 2866/2866 2867/2867 2861/2861
f 2867/2867 2585/2585 2586/2586
f 2867/2867 2586/2586 2868/2868
f 2868/2868 2586/2586 2587/2587
f 2868/2868 2587/2587 2869/2869
f 2869/2869 2587/2587 2588/2588
f 2869/2869 2588/2588 2870/2870
f 2870/2870 2588/2588 2589/2589
f 2870/2870 2589/2589 2871/2871
f 2871/2871 2589/2589 2590/2590
f 2871/2871 2590/2590 2872/2872
f 2872/2872 2590/2590 2585/2585
f 2872/2872 2585/2585 2867/2867
usemtl DarkIron
f 2873/2873 2874/2874 2875/2875
f 2873/2873 2875/2875 2876/2876
f 2877/2877 2878/2878 2879/2879
f 2877/2877 2879/2879 2880/2880
f 2881/2881 2882/2882 2883/2883
f 2881/2881 2883/2883 2884/2884
f 2885/2885 2886/2886 2887/2887
f 2885/2885 2887/2887 2888/2888
f 2889/2889 2890/2890 2891/2891
f 2889/2889 2891/2891 2892/2892
f 2893/2893 2894/2894 2895/2895
f 2893/2893 2895/2895 2896/2896
usemtl WarmBrass
f 2897/2897 2903/2903 2904/2904
f 2897/2897 2904/2904 2898/2898
f 2898/2898 2904/2904 2905/2905
f 2898/2898 2905/2905 2899/2899
f 2899/2899 2905/2905 2906/2906
f 2899/2899 2906/2906 2900/2900
f 2900/2900 2906/2906 2907/2907
f 2900/2900 2907/2907 2901/2901
f 2901/2901 2907/2907 2908/2908
f 2901/2901 2908/2908 2902/2902
f 2902/2902 2908/2908 2903/2903
f 2902/2902 2903/2903 2897/2897
f 2903/2903 2909/2909 2910/2910
f 2903/2903 2910/2910 2904/2904
f 2904/2904 2910/2910 2911/2911
f 2904/2904 2911/2911 2905/2905
f 2905/2905 2911/2911 2912/2912
f 2905/2905 2912/2912 2906/2906
f 2906/2906 2912/2912 2913/2913
f 2906/2906 2913/2913 2907/2907
f 2907/2907 2913/2913 2914/2914
f 2907/2907 2914/2914 2908/2908
f 2908/2908 2914/2914 2909/2909
f 2908/2908 2909/2909 2903/2903
f 2909/2909 2915/2915 2916/2916
f 2909/2909 2916/2916 2910/2910
f 2910/2910 2916/2916 2917/2917
f 2910/2910 2917/2917 2911/2911
f 2911/2911 2917/2917 2918/2918
f 2911/2911 2918/2918 2912/2912
f 2912/2912 2918/2918 2919/2919
f 2912/2912 2919/2919 2913/2913
f 2913/2913 2919/2919 2920/2920
f 2913/2913 2920/2920 2914/2914
f 2914/2914 2920/2920 2915/2915
f 2914/2914 2915/2915 2909/2909
f 2915/2915 2921/2921 2922/2922
f 2915/2915 2922/2922 2916/2916
f 2916/2916 2922/2922 2923/2923
f 2916/2916 2923/2923 2917/2917
f 2917/2917 2923/2923 2924/2924
f 2917/2917 2924/2924 2918/2918
f 2918/2918 2924/2924 2925/2925
f 2918/2918 2925/2925 2919/2919
f 2919/2919 2925/2925 2926/2926
f 2919/2919 2926/2926 2920/2920
f 2920/2920 2926/2926 2921/2921
f 2920/2920 2921/2921 2915/2915
f 2921/2921 2927/2927 2928/2928
f 2921/2921 2928/2928 2922/2922
f 2922/2922 2928/2928 2929/2929
f 2922/2922 2929/2929 2923/2923
f 2923/2923 2929/2929 2930/2930
f 2923/2923 2930/2930 2924/2924
f 2924/2924 2930/2930 2931/2931
f 2924/2924 2931/2931 2925/2925
f 2925/2925 2931/2931 2932/2932
f 2925/2925 2932/2932 2926/2926
f 2926/2926 2932/2932 2927/2927
f 2926/2926 2927/2927 2921/2921
f 2927/2927 2933/2933 2934/2934
f 2927/2927 2934/2934 2928/2928
f 2928/2928 2934/2934 2935/2935
f 2928/2928 2935/2935 2929/2929
f 2929/2929 2935/2935 2936/2936
f 2929/2929 2936/2936 2930/2930
f 2930/2930 2936/2936 2937/2937
f 2930/2930 2937/2937 2931/2931
f 2931/2931 2937/2937 2938/2938
f 2931/2931 2938/2938 2932/2932
f 2932/2932 2938/2938 2933/2933
f 2932/2932 2933/2933 2927/2927
f 2933/2933 2939/2939 2940/2940
f 2933/2933 2940/2940 2934/2934
f 2934/2934 2940/2940 2941/2941
f 2934/2934 2941/2941 2935/2935
f 2935/2935 2941/2941 2942/2942
f 2935/2935 2942/2942 2936/2936
f 2936/2936 2942/2942 2943/2943
f 2936/2936 2943/2943 2937/2937
f 2937/2937 2943/2943 2944/2944
f 2937/2937 2944/2944 2938/2938
f 2938/2938 2944/2944 2939/2939
f 2938/2938 2939/2939 2933/2933
f 2939/2939 2945/2945 2946/2946
f 2939/2939 2946/2946 2940/2940
f 2940/2940 2946/2946 2947/2947
f 2940/2940 2947/2947 2941/2941
f 2941/2941 2947/2947 2948/2948
f 2941/2941 2948/2948 2942/2942
f 2942/2942 2948/2948 2949/2949
f 2942/2942 2949/2949 2943/2943
f 2943/2943 2949/2949 2950/2950
f 2943/2943 2950/2950 2944/2944
f 2944/2944 2950/2950 2945/2945
f 2944/2944 2945/2945 2939/2939
f 2945/2945 2951/2951 2952/2952
f 2945/2945 2952/2952 2946/2946
f 2946/2946 2952/2952 2953/2953
f 2946/2946 2953/2953 2947/2947
f 2947/2947 2953/2953 2954/2954
f 2947/2947 2954/2954 2948/2948
f 2948/2948 2954/2954 2955/2955
f 2948/2948 2955/2955 2949/2949
f 2949/2949 2955/2955 2956/2956
f 2949/2949 2956/2956 2950/2950
f 2950/2950 2956/2956 2951/2951
f 2950/2950 2951/2951 2945/2945
f 2951/2951 2957/2957 2958/2958
f 2951/2951 2958/2958 2952/2952
f 2952/2952 2958/2958 2959/2959
f 2952/2952 2959/2959 2953/2953
f 2953/2953 2959/2959 2960/2960
f 2953/2953 2960/2960 2954/2954
f 2954/2954 2960/2960 2961/2961
f 2954/2954 2961/2961 2955/2955
f 2955/2955 2961/2961 2962/2962
f 2955/2955 2962/2962 2956/2956
f 2956/2956 2962/2962 2957/2957
f 2956/2956 2957/2957 2951/2951
f 2957/2957 2963/2963 2964/2964
f 2957/2957 2964/2964 2958/2958
f 2958/2958 2964/2964 2965/2965
f 2958/2958 2965/2965 2959/2959
f 2959/2959 2965/2965 2966/2966
f 2959/2959 2966/2966 2960/2960
f 2960/2960 2966/2966 2967/2967
f 2960/2960 2967/2967 2961/2961
f 2961/2961 2967/2967 2968/2968
f 2961/2961 2968/2968 2962/2962
f 2962/2962 2968/2968 2963/2963
f 2962/2962 2963/2963 2957/2957
f 2963/2963 2969/2969 2970/2970
f 2963/2963 2970/2970 2964/2964
f 2964/2964 2970/2970 2971/2971
f 2964/2964 2971/2971 2965/2965
f 2965/2965 2971/2971 2972/2972
f 2965/2965 2972/2972 2966/2966
f 2966/2966 2972/2972 2973/2973
f 2966/2966 2973/2973 2967/2967
f 2967/2967 2973/2973 2974/2974
f 2967/2967 2974/2974 2968/2968
f 2968/2968 2974/2974 2969/2969
f 2968/2968 2969/2969 2963/2963
f 2969/2969 2975/2975 2976/2976
f 2969/2969 2976/2976 2970/2970
f 2970/2970 2976/2976 2977/2977
f 2970/2970 2977/2977 2971/2971
f 2971/2971 2977/2977 2978/2978
f 2971/2971 2978/2978 2972/2972
f 2972/2972 2978/2978 2979/2979
f 2972/2972 2979/2979 2973/2973
f 2973/2973 2979/2979 2980/2980
f 2973/2973 2980/2980 2974/2974
f 2974/2974 2980/2980 2975/2975
f 2974/2974 2975/2975 2969/2969
f 2975/2975 2981/2981 2982/2982
f 2975/2975 2982/2982 2976/2976
f 2976/2976 2982/2982 2983/2983
f 2976/2976 2983/2983 2977/2977
f 2977/2977 2983/2983 2984/2984
f 2977/2977 2984/2984 2978/2978
f 2978/2978 2984/2984 2985/2985
f 2978/2978 2985/2985 2979/2979
f 2979/2979 2985/2985 2986/2986
f 2979/2979 2986/2986 2980/2980
f 2980/2980 2986/2986 2981/2981
f 2980/2980 2981/2981 2975/2975
f 2981/2981 2987/2987 2988/2988
f 2981/2981 2988/2988 2982/2982
f 2982/2982 2988/2988 2989/2989
f 2982/2982 2989/2989 2983/2983
f 2983/2983 2989/2989 2990/2990
f 2983/2983 2990/2990 2984/2984
f 2984/2984 2990/2990 2991/2991
f 2984/2984 2991/2991 2985/2985
f 2985/2985 2991/2991 2992/2992
f 2985/2985 2992/2992 2986/2986
f 2986/2986 2992/2992 2987/2987
f 2986/2986 2987/2987 2981/2981
f 2987/2987 2993/2993 2994/2994
f 2987/2987 2994/2994 2988/2988
f 2988/2988 2994/2994 2995/2995
f 2988/2988 2995/2995 2989/2989
f 2989/2989 2995/2995 2996/2996
f 2989/2989 2996/2996 2990/2990
f 2990/2990 2996/2996 2997/2997
f 2990/2990 2997/2997 2991/2991
f 2991/2991 2997/2997 2998/2998
f 2991/2991 2998/2998 2992/2992
f 2992/2992 2998/2998 2993/2993
f 2992/2992 2993/2993 2987/2987
f 2993/2993 2999/2999 3000/3000
f 2993/2993 3000/3000 2994/2994
f 2994/2994 3000/3000 3001/3001
f 2994/2994 3001/3001 2995/2995
f 2995/2995 3001/3001 3002/3002
f 2995/2995 3002/3002 2996/2996
f 2996/2996 3002/3002 3003/3003
f 2996/2996 3003/3003 2997/2997
f 2997/2997 3003/3003 3004/3004
f 2997/2997 3004/3004 2998/2998
f 2998/2998 3004/3004 2999/2999
f 2998/2998 2999/2999 2993/2993
f 2999/2999 3005/3005 3006/3006
f 2999/2999 3006/3006 3000/3000
f 3000/3000 3006/3006 3007/3007
f 3000/3000 3007/3007 3001/3001
f 3001/3001 3007/3007 3008/3008
f 3001/3001 3008/3008 3002/3002
f 3002/3002 3008/3008 3009/3009
f 3002/3002 3009/3009 3003/3003
f 3003/3003 3009/3009 3010/3010
f 3003/3003 3010/3010 3004/3004
f 3004/3004 3010/3010 3005/3005
f 3004/3004 3005/3005 2999/2999
f 3005/3005 3011/3011 3012/3012
f 3005/3005 3012/3012 3006/3006
f 3006/3006 3012/3012 3013/3013
f 3006/3006 3013/3013 3007/3007
f 3007/3007 3013/3013 3014/3014
f 3007/3007 3014/3014 3008/3008
f 3008/3008 3014/3014 3015/3015
f 3008/3008 3015/3015 3009/3009
f 3009/3009 3015/3015 3016/3016
f 3009/3009 3016/3016 3010/3010
f 3010/3010 3016/3016 3011/3011
f 3010/3010 3011/3011 3005/3005
f 3011/3011 3017/3017 3018/3018
f 3011/3011 3018/3018 3012/3012
f 3012/3012 3018/3018 3019/3019
f 3012/3012 3019/3019 3013/3013
f 3013/3013 3019/3019 3020/3020
f 3013/3013 3020/3020 3014/3014
f 3014/3014 3020/3020 3021/3021
f 3014/3014 3021/3021 3015/3015
f 3015/3015 3021/3021 3022/3022
f 3015/3015 3022/3022 3016/3016
f 3016/3016 3022/3022 3017/3017
f 3016/3016 3017/3017 3011/3011
f 3017/3017 3023/3023 3024/3024
f 3017/3017 3024/3024 3018/3018
f 3018/3018 3024/3024 3025/3025
f 3018/3018 3025/3025 3019/3019
f 3019/3019 3025/3025 3026/3026
f 3019/3019 3026/3026 3020/3020
f 3020/3020 3026/3026 3027/3027
f 3020/3020 3027/3027 3021/3021
f 3021/3021 3027/3027 3028/3028
f 3021/3021 3028/3028 3022/3022
f 3022/3022 3028/3028 3023/3023
f 3022/3022 3023/3023 3017/3017
f 3023/3023 3029/3029 3030/3030
f 3023/3023 3030/3030 3024/3024
f 3024/3024 3030/3030 3031/3031
f 3024/3024 3031/3031 3025/3025
f 3025/3025 3031/3031 3032/3032
f 3025/3025 3032/3032 3026/3026
f 3026/3026 3032/3032 3033/3033
f 3026/3026 3033/3033 3027/3027
f 3027/3027 3033/3033 3034/3034
f 3027/3027 3034/3034 3028/3028
f 3028/3028 3034/3034 3029/3029
f 3028/3028 3029/3029 3023/3023
f 3029/3029 3035/3035 3036/3036
f 3029/3029 3036/3036 3030/3030
f 3030/3030 3036/3036 3037/3037
f 3030/3030 3037/3037 3031/3031
f 3031/3031 3037/3037 3038/3038
f 3031/3031 3038/3038 3032/3032
f 3032/3032 3038/3038 3039/3039
f 3032/3032 3039/3039 3033/3033
f 3033/3033 3039/3039 3040/3040
f 3033/3033 3040/3040 3034/3034
f 3034/3034 3040/3040 3035/3035
f 3034/3034 3035/3035 3029/3029
f 3035/3035 3041/3041 3042/3042
f 3035/3035 3042/3042 3036/3036
f 3036/3036 3042/3042 3043/3043
f 3036/3036 3043/3043 3037/3037
f 3037/3037 3043/3043 3044/3044
f 3037/3037 3044/3044 3038/3038
f 3038/3038 3044/3044 3045/3045
f 3038/3038 3045/3045 3039/3039
f 3039/3039 3045/3045 3046/3046
f 3039/3039 3046/3046 3040/3040
f 3040/3040 3046/3046 3041/3041
f 3040/3040 3041/3041 3035/3035
f 3041/3041 3047/3047 3048/3048
f 3041/3041 3048/3048 3042/3042
f 3042/3042 3048/3048 3049/3049
f 3042/3042 3049/3049 3043/3043
f 3043/3043 3049/3049 3050/3050
f 3043/3043 3050/3050 3044/3044
f 3044/3044 3050/3050 3051/3051
f 3044/3044 3051/3051 3045/3045
f 3045/3045 3051/3051 3052/3052
f 3045/3045 3052/3052 3046/3046
f 3046/3046 3052/3052 3047/3047
f 3046/3046 3047/3047 3041/3041
f 3047/3047 3053/3053 3054/3054
f 3047/3047 3054/3054 3048/3048
f 3048/3048 3054/3054 3055/3055
f 3048/3048 3055/3055 3049/3049
f 3049/3049 3055/3055 3056/3056
f 3049/3049 3056/3056 3050/3050
f 3050/3050 3056/3056 3057/3057
f 3050/3050 3057/3057 3051/3051
f 3051/3051 3057/3057 3058/3058
f 3051/3051 3058/3058 3052/3052
f 3052/3052 3058/3058 3053/3053
f 3052/3052 3053/3053 3047/3047
f 3053/3053 3059/3059 3060/3060
f 3053/3053 3060/3060 3054/3054
f 3054/3054 3060/3060 3061/3061
f 3054/3054 3061/3061 3055/3055
f 3055/3055 3061/3061 3062/3062
f 3055/3055 3062/3062 3056/3056
f 3056/3056 3062/3062 3063/3063
f 3056/3056 3063/3063 3057/3057
f 3057/3057 3063/3063 3064/3064
f 3057/3057 3064/3064 3058/3058
f 3058/3058 3064/3064 3059/3059
f 3058/3058 3059/3059 3053/3053
f 3059/3059 3065/3065 3066/3066
f 3059/3059 3066/3066 3060/3060
f 3060/3060 3066/3066 3067/3067
f 3060/3060 3067/3067 3061/3061
f 3061/3061 3067/3067 3068/3068
f 3061/3061 3068/3068 3062/3062
f 3062/3062 3068/3068 3069/3069
f 3062/3062 3069/3069 3063/3063
f 3063/3063 3069/3069 3070/3070
f 3063/3063 3070/3070 3064/3064
f 3064/3064 3070/3070 3065/3065
f 3064/3064 3065/3065 3059/3059
f 3065/3065 3071/3071 3072/3072
f 3065/3065 3072/3072 3066/3066
f 3066/3066 3072/3072 3073/3073
f 3066/3066 3073/3073 3067/3067
f 3067/3067 3073/3073 3074/3074
f 3067/3067 3074/3074 3068/3068
f 3068/3068 3074/3074 3075/3075
f 3068/3068 3075/3075 3069/3069
f 3069/3069 3075/3075 3076/3076
f 3069/3069 3076/3076 3070/3070
f 3070/3070 3076/3076 3071/3071
f 3070/3070 3071/3071 3065/3065
f 3071/3071 3077/3077 3078/3078
f 3071/3071 3078/3078 3072/3072
f 3072/3072 3078/3078 3079/3079
f 3072/3072 3079/3079 3073/3073
f 3073/3073 3079/3079 3080/3080
f 3073/3073 3080/3080 3074/3074
f 3074/3074 3080/3080 3081/3081
f 3074/3074 3081/3081 3075/3075
f 3075/3075 3081/3081 3082/3082
f 3075/3075 3082/3082 3076/3076
f 3076/3076 3082/3082 3077/3077
f 3076/3076 3077/3077 3071/3071
f 3077/3077 3083/3083 3084/3084
f 3077/3077 3084/3084 3078/3078
f 3078/3078 3084/3084 3085/3085
f 3078/3078 3085/3085 3079/3079
f 3079/3079 3085/3085 3086/3086
f 3079/3079 3086/3086 3080/3080
f 3080/3080 3086/3086 3087/3087
f 3080/3080 3087/3087 3081/3081
f 3081/3081 3087/3087 3088/3088
f 3081/3081 3088/3088 3082/3082
f 3082/3082 3088/3088 3083/3083
f 3082/3082 3083/3083 3077/3077
f 3083/3083 3089/3089 3090/3090
f 3083/3083 3090/3090 3084/3084
f 3084/3084 3090/3090 3091/3091
f 3084/3084 3091/3091 3085/3085
f 3085/3085 3091/3091 3092/3092
f 3085/3085 3092/3092 3086/3086
f 3086/3086 3092/3092 3093/3093
f 3086/3086 3093/3093 3087/3087
f 3087/3087 3093/3093 3094/3094
f 3087/3087 3094/3094 3088/3088
f 3088/3088 3094/3094 3089/3089
f 3088/3088 3089/3089 3083/3083
f 3089/3089 3095/3095 3096/3096
f 3089/3089 3096/3096 3090/3090
f 3090/3090 3096/3096 3097/3097
f 3090/3090 3097/3097 3091/3091
f 3091/3091 3097/3097 3098/3098
f 3091/3091 3098/3098 3092/3092
f 3092/3092 3098/3098 3099/3099
f 3092/3092 3099/3099 3093/3093
f 3093/3093 3099/3099 3100/3100
f 3093/3093 3100/3100 3094/3094
f 3094/3094 3100/3100 3095/3095
f 3094/3094 3095/3095 3089/3089
f 3095/3095 3101/3101 3102/3102
f 3095/3095 3102/3102 3096/3096
f 3096/3096 3102/3102 3103/3103
f 3096/3096 3103/3103 3097/3097
f 3097/3097 3103/3103 3104/3104
f 3097/3097 3104/3104 3098/3098
f 3098/3098 3104/3104 3105/3105
f 3098/3098 3105/3105 3099/3099
f 3099/3099 3105/3105 3106/3106
f 3099/3099 3106/3106 3100/3100
f 3100/3100 3106/3106 3101/3101
f 3100/3100 3101/3101 3095/3095
f 3101/3101 3107/3107 3108/3108
f 3101/3101 3108/3108 3102/3102
f 3102/3102 3108/3108 3109/3109
f 3102/3102 3109/3109 3103/3103
f 3103/3103 3109/3109 3110/3110
f 3103/3103 3110/3110 3104/3104
f 3104/3104 3110/3110 3111/3111
f 3104/3104 3111/3111 3105/3105
f 3105/3105 3111/3111 3112/3112
f 3105/3105 3112/3112 3106/3106
f 3106/3106 3112/3112 3107/3107
f 3106/3106 3107/3107 3101/3101
f 3107/3107 3113/3113 3114/3114
f 3107/3107 3114/3114 3108/3108
f 3108/3108 3114/3114 3115/3115
f 3108/3108 3115/3115 3109/3109
f 3109/3109 3115/3115 3116/3116
f 3109/3109 3116/3116 3110/3110
f 3110/3110 3116/3116 3117/3117
f 3110/3110 3117/3117 3111/3111
f 3111/3111 3117/3117 3118/3118
f 3111/3111 3118/3118 3112/3112
f 3112/3112 3118/3118 3113/3113
f 3112/3112 3113/3113 3107/3107
f 3113/3113 3119/3119 3120/3120
f 3113/3113 3120/3120 3114/3114
f 3114/3114 3120/3120 3121/3121
f 3114/3114 3121/3121 3115/3115
f 3115/3115 3121/3121 3122/3122
f 3115/3115 3122/3122 3116/3116
f 3116/3116 3122/3122 3123/3123
f 3116/3116 3123/3123 3117/3117
f 3117/3117 3123/3123 3124/3124
f 3117/3117 3124/3124 3118/3118
f 3118/3118 3124/3124 3119/3119
f 3118/3118 3119/3119 3113/3113
f 3119/3119 3125/3125 3126/3126
f 3119/3119 3126/3126 3120/3120
f 3120/3120 3126/3126 3127/3127
f 3120/3120 3127/3127 3121/3121
f 3121/3121 3127/3127 3128/3128
f 3121/3121 3128/3128 3122/3122
f 3122/3122 3128/3128 3129/3129
f 3122/3122 3129/3129 3123/3123
f 3123/3123 3129/3129 3130/3130
f 3123/3123 3130/3130 3124/3124
f 3124/3124 3130/3130 3125/3125
f 3124/3124 3125/3125 3119/3119
f 3125/3125 3131/3131 3132/3132
f 3125/3125 3132/3132 3126/3126
f 3126/3126 3132/3132 3133/3133
f 3126/3126 3133/3133 3127/3127
f 3127/3127 3133/3133 3134/3134
f 3127/3127 3134/3134 3128/3128
f 3128/3128 3134/3134 3135/3135
f 3128/3128 3135/3135 3129/3129
f 3129/3129 3135/3135 3136/3136
f 3129/3129 3136/3136 3130/3130
f 3130/3130 3136/3136 3131/3131
f 3130/3130 3131/3131 3125/3125
f 3131/3131 3137/3137 3138/3138
f 3131/3131 3138/3138 3132/3132
f 3132/3132 3138/3138 3139/3139
f 3132/3132 3139/3139 3133/3133
f 3133/3133 3139/3139 3140/3140
f 3133/3133 3140/3140 3134/3134
f 3134/3134 3140/3140 3141/3141
f 3134/3134 3141/3141 3135/3135
f 3135/3135 3141/3141 3142/3142
f 3135/3135 3142/3142 3136/3136
f 3136/3136 3142/3142 3137/3137
f 3136/3136 3137/3137 3131/3131
f 3137/3137 3143/3143 3144/3144
f 3137/3137 3144/3144 3138/3138
f 3138/3138 3144/3144 3145/3145
f 3138/3138 3145/3145 3139/3139
f 3139/3139 3145/3145 3146/3146
f 3139/3139 3146/3146 3140/3140
f 3140/3140 3146/3146 3147/3147
f 3140/3140 3147/3147 3141/3141
f 3141/3141 3147/3147 3148/3148
f 3141/3141 3148/3148 3142/3142
f 3142/3142 3148/3148 3143/3143
f 3142/3142 3143/3143 3137/3137
f 3143/3143 3149/3149 3150/3150
f 3143/3143 3150/3150 3144/3144
f 3144/3144 3150/3150 3151/3151
f 3144/3144 3151/3151 3145/3145
f 3145/3145 3151/3151 3152/3152
f 3145/3145 3152/3152 3146/3146
f 3146/3146 3152/3152 3153/3153
f 3146/3146 3153/3153 3147/3147
f 3147/3147 3153/3153 3154/3154
f 3147/3147 3154/3154 3148/3148
f 3148/3148 3154/3154 3149/3149
f 3148/3148 3149/3149 3143/3143
f 3149/3149 3155/3155 3156/3156
f 3149/3149 3156/3156 3150/3150
f 3150/3150 3156/3156 3157/3157
f 3150/3150 3157/3157 3151/3151
f 3151/3151 3157/3157 3158/3158
f 3151/3151 3158/3158 3152/3152
f 3152/3152 3158/3158 3159/3159
f 3152/3152 3159/3159 3153/3153
f 3153/3153 3159/3159 3160/3160
f 3153/3153 3160/3160 3154/3154
f 3154/3154 3160/3160 3155/3155
f 3154/3154 3155/3155 3149/3149
f 3155/3155 3161/3161 3162/3162
f 3155/3155 3162/3162 3156/3156
f 3156/3156 3162/3162 3163/3163
f 3156/3156 3163/3163 3157/3157
f 3157/3157 3163/3163 3164/3164
f 3157/3157 3164/3164 3158/3158
f 3158/3158 3164/3164 3165/3165
f 3158/3158 3165/3165 3159/3159
f 3159/3159 3165/3165 3166/3166
f 3159/3159 3166/3166 3160/3160
f 3160/3160 3166/3166 3161/3161
f 3160/3160 3161/3161 3155/3155
f 3161/3161 3167/3167 3168/3168
f 3161/3161 3168/3168 3162/3162
f 3162/3162 3168/3168 3169/3169
f 3162/3162 3169/3169 3163/3163
f 3163/3163 3169/3169 3170/3170
f 3163/3163 3170/3170 3164/3164
f 3164/3164 3170/3170 3171/3171
f 3164/3164 3171/3171 3165/3165
f 3165/3165 3171/3171 3172/3172
f 3165/3165 3172/3172 3166/3166
f 3166/3166 3172/3172 3167/3167
f 3166/3166 3167/3167 3161/3161
f 3167/3167 3173/3173 3174/3174
f 3167/3167 3174/3174 3168/3168
f 3168/3168 3174/3174 3175/3175
f 3168/3168 3175/3175 3169/3169
f 3169/3169 3175/3175 3176/3176
f 3169/3169 3176/3176 3170/3170
f 3170/3170 3176/3176 3177/3177
f 3170/3170 3177/3177 3171/3171
f 3171/3171 3177/3177 3178/3178
f 3171/3171 3178/3178 3172/3172
f 3172/3172 3178/3178 3173/3173
f 3172/3172 3173/3173 3167/3167
f 3173/3173 3179/3179 3180/3180
f 3173/3173 3180/3180 3174/3174
f 3174/3174 3180/3180 3181/3181
f 3174/3174 3181/3181 3175/3175
f 3175/3175 3181/3181 3182/3182
f 3175/3175 3182/3182 3176/3176
f 3176/3176 3182/3182 3183/3183
f 3176/3176 3183/3183 3177/3177
f 3177/3177 3183/3183 3184/3184
f 3177/3177 3184/3184 3178/3178
f 3178/3178 3184/3184 3179/3179
f 3178/3178 3179/3179 3173/3173
f 3179/3179 2897/2897 2898/2898
f 3179/3179 2898/2898 3180/3180
f 3180/3180 2898/2898 2899/2899
f 3180/3180 2899/2899 3181/3181
f 3181/3181 2899/2899 2900/2900
f 3181/3181 2900/2900 3182/3182
f 3182/3182 2900/2900 2901/2901
f 3182/3182 2901/2901 3183/3183
f 3183/3183 2901/2901 2902/2902
f 3183/3183 2902/2902 3184/3184
f 3184/3184 2902/2902 2897/2897
f 3184/3184 2897/2897 3179/3179
usemtl DarkIron
f 3185/3185 3186/3186 3187/3187
f 3185/3185 3187/3187 3188/3188
f 3189/3189 3190/3190 3191/3191
f 3189/3189 3191/3191 3192/3192
f 3193/3193 3194/3194 3195/3195
f 3193/3193 3195/3195 3196/3196
f 3197/3197 3198/3198 3199/3199
f 3197/3197 3199/3199 3200/3200
f 3201/3201 3202/3202 3203/3203
f 3201/3201 3203/3203 3204/3204
f 3205/3205 3206/3206 3207/3207
f 3205/3205 3207/3207 3208/3208
usemtl WarmBrass
f 3209/3209 3215/3215 3216/3216
f 3209/3209 3216/3216 3210/3210
f 3210/3210 3216/3216 3217/3217
f 3210/3210 3217/3217 3211/3211
f 3211/3211 3217/3217 3218/3218
f 3211/3211 3218/3218 3212/3212
f 3212/3212 3218/3218 3219/3219
f 3212/3212 3219/3219 3213/3213
f 3213/3213 3219/3219 3220/3220
f 3213/3213 3220/3220 3214/3214
f 3214/3214 3220/3220 3215/3215
f 3214/3214 3215/3215 3209/3209
f 3215/3215 3221/3221 3222/3222
f 3215/3215 3222/3222 3216/3216
f 3216/3216 3222/3222 3223/3223
f 3216/3216 3223/3223 3217/3217
f 3217/3217 3223/3223 3224/3224
f 3217/3217 3224/3224 3218/3218
f 3218/3218 3224/3224 3225/3225
f 3218/3218 3225/3225 3219/3219
f 3219/3219 3225/3225 3226/3226
f 3219/3219 3226/3226 3220/3220
f 3220/3220 3226/3226 3221/3221
f 3220/3220 3221/3221 3215/3215
f 3221/3221 3227/3227 3228/3228
f 3221/3221 3228/3228 3222/3222
f 3222/3222 3228/3228 3229/3229
f 3222/3222 3229/3229 3223/3223
f 3223/3223 3229/3229 3230/3230
f 3223/3223 3230/3230 3224/3224
f 3224/3224 3230/3230 3231/3231
f 3224/3224 3231/3231 3225/3225
f 3225/3225 3231/3231 3232/3232
f 3225/3225 3232/3232 3226/3226
f 3226/3226 3232/3232 3227/3227
f 3226/3226 3227/3227 3221/3221
f 3227/3227 3233/3233 3234/3234
f 3227/3227 3234/3234 3228/3228
f 3228/3228 3234/3234 3235/3235
f 3228/3228 3235/3235 3229/3229
f 3229/3229 3235/3235 3236/3236
f 3229/3229 3236/3236 3230/3230
f 3230/3230 3236/3236 3237/3237
f 3230/3230 3237/3237 3231/3231
f 3231/3231 3237/3237 3238/3238
f 3231/3231 3238/3238 3232/3232
f 3232/3232 3238/3238 3233/3233
f 3232/3232 3233/3233 3227/3227
f 3233/3233 3239/3239 3240/3240
f 3233/3233 3240/3240 3234/3234
f 3234/3234 3240/3240 3241/3241
f 3234/3234 3241/3241 3235/3235
f 3235/3235 3241/3241 3242/3242
f 3235/3235 3242/3242 3236/3236
f 3236/3236 3242/3242 3243/3243
f 3236/3236 3243/3243 3237/3237
f 3237/3237 3243/3243 3244/3244
f 3237/3237 3244/3244 3238/3238
f 3238/3238 3244/3244 3239/3239
f 3238/3238 3239/3239 3233/3233
f 3239/3239 3245/3245 3246/3246
f 3239/3239 3246/3246 3240/3240
f 3240/3240 3246/3246 3247/3247
f 3240/3240 3247/3247 3241/3241
f 3241/3241 3247/3247 3248/3248
f 3241/3241 3248/3248 3242/3242
f 3242/3242 3248/3248 3249/3249
f 3242/3242 3249/3249 3243/3243
f 3243/3243 3249/3249 3250/3250
f 3243/3243 3250/3250 3244/3244
f 3244/3244 3250/3250 3245/3245
f 3244/3244 3245/3245 3239/3239
f 3245/3245 3251/3251 3252/3252
f 3245/3245 3252/3252 3246/3246
f 3246/3246 3252/3252 3253/3253
f 3246/3246 3253/3253 3247/3247
f 3247/3247 3253/3253 3254/3254
f 3247/3247 3254/3254 3248/3248
f 3248/3248 3254/3254 3255/3255
f 3248/3248 3255/3255 3249/3249
f 3249/3249 3255/3255 3256/3256
f 3249/3249 3256/3256 3250/3250
f 3250/3250 3256/3256 3251/3251
f 3250/3250 3251/3251 3245/3245
f 3251/3251 3257/3257 3258/3258
f 3251/3251 3258/3258 3252/3252
f 3252/3252 3258/3258 3259/3259
f 3252/3252 3259/3259 3253/3253
f 3253/3253 3259/3259 3260/3260
f 3253/3253 3260/3260 3254/3254
f 3254/3254 3260/3260 3261/3261
f 3254/3254 3261/3261 3255/3255
f 3255/3255 3261/3261 3262/3262
f 3255/3255 3262/3262 3256/3256
f 3256/3256 3262/3262 3257/3257
f 3256/3256 3257/3257 3251/3251
f 3257/3257 3263/3263 3264/3264
f 3257/3257 3264/3264 3258/3258
f 3258/3258 3264/3264 3265/3265
f 3258/3258 3265/3265 3259/3259
f 3259/3259 3265/3265 3266/3266
f 3259/3259 3266/3266 3260/3260
f 3260/3260 3266/3266 3267/3267
f 3260/3260 3267/3267 3261/3261
f 3261/3261 3267/3267 3268/3268
f 3261/3261 3268/3268 3262/3262
f 3262/3262 3268/3268 3263/3263
f 3262/3262 3263/3263 3257/3257
f 3263/3263 3269/3269 3270/3270
f 3263/3263 3270/3270 3264/3264
f 3264/3264 3270/3270 3271/3271
f 3264/3264 3271/3271 3265/3265
f 3265/3265 3271/3271 3272/3272
f 3265/3265 3272/3272 3266/3266
f 3266/3266 3272/3272 3273/3273
f 3266/3266 3273/3273 3267/3267
f 3267/3267 3273/3273 3274/3274
f 3267/3267 3274/3274 3268/3268
f 3268/3268 3274/3274 3269/3269
f 3268/3268 3269/3269 3263/3263
f 3269/3269 3275/3275 3276/3276
f 3269/3269 3276/3276 3270/3270
f 3270/3270 3276/3276 3277/3277
f 3270/3270 3277/3277 3271/3271
f 3271/3271 3277/3277 3278/3278
f 3271/3271 3278/3278 3272/3272
f 3272/3272 3278/3278 3279/3279
f 3272/3272 3279/3279 3273/3273
f 3273/3273 3279/3279 3280/3280
f 3273/3273 3280/3280 3274/3274
f 3274/3274 3280/3280 3275/3275
f 3274/3274 3275/3275 3269/3269
f 3275/3275 3281/3281 3282/3282
f 3275/3275 3282/3282 3276/3276
f 3276/3276 3282/3282 3283/3283
f 3276/3276 3283/3283 3277/3277
f 3277/3277 3283/3283 3284/3284
f 3277/3277 3284/3284 3278/3278
f 3278/3278 3284/3284 3285/3285
f 3278/3278 3285/3285 3279/3279
f 3279/3279 3285/3285 3286/3286
f 3279/3279 3286/3286 3280/3280
f 3280/3280 3286/3286 3281/3281
f 3280/3280 3281/3281 3275/3275
f 3281/3281 3287/3287 3288/3288
f 3281/3281 3288/3288 3282/3282
f 3282/3282 3288/3288 3289/3289
f 3282/3282 3289/3289 3283/3283
f 3283/3283 3289/3289 3290/3290
f 3283/3283 3290/3290 3284/3284
f 3284/3284 3290/3290 3291/3291
f 3284/3284 3291/3291 3285/3285
f 3285/3285 3291/3291 3292/3292
f 3285/3285 3292/3292 3286/3286
f 3286/3286 3292/3292 3287/3287
f 3286/3286 3287/3287 3281/3281
f 3287/3287 3293/3293 3294/3294
f 3287/3287 3294/3294 3288/3288
f 3288/3288 3294/3294 3295/3295
f 3288/3288 3295/3295 3289/3289
f 3289/3289 3295/3295 3296/3296
f 3289/3289 3296/3296 3290/3290
f 3290/3290 3296/3296 3297/3297
f 3290/3290 3297/3297 3291/3291
f 3291/3291 3297/3297 3298/3298
f 3291/3291 3298/3298 3292/3292
f 3292/3292 3298/3298 3293/3293
f 3292/3292 3293/3293 3287/3287
f 3293/3293 3299/3299 3300/3300
f 3293/3293 3300/3300 3294/3294
f 3294/3294 3300/3300 3301/3301
f 3294/3294 3301/3301 3295/3295
f 3295/3295 3301/3301 3302/3302
f 3295/3295 3302/3302 3296/3296
f 3296/3296 3302/3302 3303/3303
f 3296/3296 3303/3303 3297/3297
f 3297/3297 3303/3303 3304/3304
f 3297/3297 3304/3304 3298/3298
f 3298/3298 3304/3304 3299/3299
f 3298/3298 3299/3299 3293/3293
f 3299/3299 3305/3305 3306/3306
f 3299/3299 3306/3306 3300/3300
f 3300/3300 3306/3306 3307/3307
f 3300/3300 3307/3307 3301/3301
f 3301/3301 3307/3307 3308/3308
f 3301/3301 3308/3308 3302/3302
f 3302/3302 3308/3308 3309/3309
f 3302/3302 3309/3309 3303/3303
f 3303/3303 3309/3309 3310/3310
f 3303/3303 3310/3310 3304/3304
f 3304/3304 3310/3310 3305/3305
f 3304/3304 3305/3305 3299/3299
f 3305/3305 3311/3311 3312/3312
f 3305/3305 3312/3312 3306/3306
f 3306/3306 3312/3312 3313/3313
f 3306/3306 3313/3313 3307/3307
f 3307/3307 3313/3313 3314/3314
f 3307/3307 3314/3314 3308/3308
f 3308/3308 3314/3314 3315/3315
f 3308/3308 3315/3315 3309/3309
f 3309/3309 3315/3315 3316/3316
f 3309/3309 3316/3316 3310/3310
f 3310/3310 3316/3316 3311/3311
f 3310/3310 3311/3311 3305/3305
f 3311/3311 3317/3317 3318/3318
f 3311/3311 3318/3318 3312/3312
f 3312/3312 3318/3318 3319/3319
f 3312/3312 3319/3319 3313/3313
f 3313/3313 3319/3319 3320/3320
f 3313/3313 3320/3320 3314/3314
f 3314/3314 3320/3320 3321/3321
f 3314/3314 3321/3321 3315/3315
f 3315/3315 3321/3321 3322/3322
f 3315/3315 3322/3322 3316/3316
f 3316/3316 3322/3322 3317/3317
f 3316/3316 3317/3317 3311/3311
f 3317/3317 3323/3323 3324/3324
f 3317/3317 3324/3324 3318/3318
f 3318/3318 3324/3324 3325/3325
f 3318/3318 3325/3325 3319/3319
f 3319/3319 3325/3325 3326/3326
f 3319/3319 3326/3326 3320/3320
f 3320/3320 3326/3326 3327/3327
f 3320/3320 3327/3327 3321/3321
f 3321/3321 3327/3327 3328/3328
f 3321/3321 3328/3328 3322/3322
f 3322/3322 3328/3328 3323/3323
f 3322/3322 3323/3323 3317/3317
f 3323/3323 3329/3329 3330/3330
f 3323/3323 3330/3330 3324/3324
f 3324/3324 3330/3330 3331/3331
f 3324/3324 3331/3331 3325/3325
f 3325/3325 3331/3331 3332/3332
f 3325/3325 3332/3332 3326/3326
f 3326/3326 3332/3332 3333/3333
f 3326/3326 3333/3333 3327/3327
f 3327/3327 3333/3333 3334/3334
f 3327/3327 3334/3334 3328/3328
f 3328/3328 3334/3334 3329/3329
f 3328/3328 3329/3329 3323/3323
f 3329/3329 3335/3335 3336/3336
f 3329/3329 3336/3336 3330/3330
f 3330/3330 3336/3336 3337/3337
f 3330/3330 3337/3337 3331/3331
f 3331/3331 3337/3337 3338/3338
f 3331/3331 3338/3338 3332/3332
f 3332/3332 3338/3338 3339/3339
f 3332/3332 3339/3339 3333/3333
f 3333/3333 3339/3339 3340/3340
f 3333/3333 3340/3340 3334/3334
f 3334/3334 3340/3340 3335/3335
f 3334/3334 3335/3335 3329/3329
f 3335/3335 3341/3341 3342/3342
f 3335/3335 3342/3342 3336/3336
f 3336/3336 3342/3342 3343/3343
f 3336/3336 3343/3343 3337/3337
f 3337/3337 3343/3343 3344/3344
f 3337/3337 3344/3344 3338/3338
f 3338/3338 3344/3344 3345/3345
f 3338/3338 3345/3345 3339/3339
f 3339/3339 3345/3345 3346/3346
f 3339/3339 3346/3346 3340/3340
f 3340/3340 3346/3346 3341/3341
f 3340/3340 3341/3341 3335/3335
f 3341/3341 3347/3347 3348/3348
f 3341/3341 3348/3348 3342/3342
f 3342/3342 3348/3348 3349/3349
f 3342/3342 3349/3349 3343/3343
f 3343/3343 3349/3349 3350/3350
f 3343/3343 3350/3350 3344/3344
f 3344/3344 3350/3350 3351/3351
f 3344/3344 3351/3351 3345/3345
f 3345/3345 3351/3351 3352/3352
f 3345/3345 3352/3352 3346/3346
f 3346/3346 3352/3352 3347/3347
f 3346/3346 3347/3347 3341/3341
f 3347/3347 3353/3353 3354/3354
f 3347/3347 3354/3354 3348/3348
f 3348/3348 3354/3354 3355/3355
f 3348/3348 3355/3355 3349/3349
f 3349/3349 3355/3355 3356/3356
f 3349/3349 3356/3356 3350/3350
f 3350/3350 3356/3356 3357/3357
f 3350/3350 3357/3357 3351/3351
f 3351/3351 3357/3357 3358/3358
f 3351/3351 3358/3358 3352/3352
f 3352/3352 3358/3358 3353/3353
f 3352/3352 3353/3353 3347/3347
f 3353/3353 3359/3359 3360/3360
f 3353/3353 3360/3360 3354/3354
f 3354/3354 3360/3360 3361/3361
f 3354/3354 3361/3361 3355/3355
f 3355/3355 3361/3361 3362/3362
f 3355/3355 3362/3362 3356/3356
f 3356/3356 3362/3362 3363/3363
f 3356/3356 3363/3363 3357/3357
f 3357/3357 3363/3363 3364/3364
f 3357/3357 3364/3364 3358/3358
f 3358/3358 3364/3364 3359/3359
f 3358/3358 3359/3359 3353/3353
f 3359/3359 3365/3365 3366/3366
f 3359/3359 3366/3366 3360/3360
f 3360/3360 3366/3366 3367/3367
f 3360/3360 3367/3367 3361/3361
f 3361/3361 3367/3367 3368/3368
f 3361/3361 3368/3368 3362/3362
f 3362/3362 3368/3368 3369/3369
f 3362/3362 3369/3369 3363/3363
f 3363/3363 3369/3369 3370/3370
f 3363/3363 3370/3370 3364/3364
f 3364/3364 3370/3370 3365/3365
f 3364/3364 3365/3365 3359/3359
f 3365/3365 3371/3371 3372/3372
f 3365/3365 3372/3372 3366/3366
f 3366/3366 3372/3372 3373/3373
f 3366/3366 3373/3373 3367/3367
f 3367/3367 3373/3373 3374/3374
f 3367/3367 3374/3374 3368/3368
f 3368/3368 3374/3374 3375/3375
f 3368/3368 3375/3375 3369/3369
f 3369/3369 3375/3375 3376/3376
f 3369/3369 3376/3376 3370/3370
f 3370/3370 3376/3376 3371/3371
f 3370/3370 3371/3371 3365/3365
f 3371/3371 3377/3377 3378/3378
f 3371/3371 3378/3378 3372/3372
f 3372/3372 3378/3378 3379/3379
f 3372/3372 3379/3379 3373/3373
f 3373/3373 3379/3379 3380/3380
f 3373/3373 3380/3380 3374/3374
f 3374/3374 3380/3380 3381/3381
f 3374/3374 3381/3381 3375/3375
f 3375/3375 3381/3381 3382/3382
f 3375/3375 3382/3382 3376/3376
f 3376/3376 3382/3382 3377/3377
f 3376/3376 3377/3377 3371/3371
f 3377/3377 3383/3383 3384/3384
f 3377/3377 3384/3384 3378/3378
f 3378/3378 3384/3384 3385/3385
f 3378/3378 3385/3385 3379/3379
f 3379/3379 3385/3385 3386/3386
f 3379/3379 3386/3386 3380/3380
f 3380/3380 3386/3386 3387/3387
f 3380/3380 3387/3387 3381/3381
f 3381/3381 3387/3387 3388/3388
f 3381/3381 3388/3388 3382/3382
f 3382/3382 3388/3388 3383/3383
f 3382/3382 3383/3383 3377/3377
f 3383/3383 3389/3389 3390/3390
f 3383/3383 3390/3390 3384/3384
f 3384/3384 3390/3390 3391/3391
f 3384/3384 3391/3391 3385/3385
f 3385/3385 3391/3391 3392/3392
f 3385/3385 3392/3392 3386/3386
f 3386/3386 3392/3392 3393/3393
f 3386/3386 3393/3393 3387/3387
f 3387/3387 3393/3393 3394/3394
f 3387/3387 3394/3394 3388/3388
f 3388/3388 3394/3394 3389/3389
f 3388/3388 3389/3389 3383/3383
f 3389/3389 3395/3395 3396/3396
f 3389/3389 3396/3396 3390/3390
f 3390/3390 3396/3396 3397/3397
f 3390/3390 3397/3397 3391/3391
f 3391/3391 3397/3397 3398/3398
f 3391/3391 3398/3398 3392/3392
f 3392/3392 3398/3398 3399/3399
f 3392/3392 3399/3399 3393/3393
f 3393/3393 3399/3399 3400/3400
f 3393/3393 3400/3400 3394/3394
f 3394/3394 3400/3400 3395/3395
f 3394/3394 3395/3395 3389/3389
f 3395/3395 3401/3401 3402/3402
f 3395/3395 3402/3402 3396/3396
f 3396/3396 3402/3402 3403/3403
f 3396/3396 3403/3403 3397/3397
f 3397/3397 3403/3403 3404/3404
f 3397/3397 3404/3404 3398/3398
f 3398/3398 3404/3404 3405/3405
f 3398/3398 3405/3405 3399/3399
f 3399/3399 3405/3405 3406/3406
f 3399/3399 3406/3406 3400/3400
f 3400/3400 3406/3406 3401/3401
f 3400/3400 3401/3401 3395/3395
f 3401/3401 3407/3407 3408/3408
f 3401/3401 3408/3408 3402/3402
f 3402/3402 3408/3408 3409/3409
f 3402/3402 3409/3409 3403/3403
f 3403/3403 3409/3409 3410/3410
f 3403/3403 3410/3410 3404/3404
f 3404/3404 3410/3410 3411/3411
f 3404/3404 3411/3411 3405/3405
f 3405/3405 3411/3411 3412/3412
f 3405/3405 3412/3412 3406/3406
f 3406/3406 3412/3412 3407/3407
f 3406/3406 3407/3407 3401/3401
f 3407/3407 3413/3413 3414/3414
f 3407/3407 3414/3414 3408/3408
f 3408/3408 3414/3414 3415/3415
f 3408/3408 3415/3415 3409/3409
f 3409/3409 3415/3415 3416/3416
f 3409/3409 3416/3416 3410/3410
f 3410/3410 3416/3416 3417/3417
f 3410/3410 3417/3417 3411/3411
f 3411/3411 3417/3417 3418/3418
f 3411/3411 3418/3418 3412/3412
f 3412/3412 3418/3418 3413/3413
f 3412/3412 3413/3413 3407/3407
f 3413/3413 3419/3419 3420/3420
f 3413/3413 3420/3420 3414/3414
f 3414/3414 3420/3420 3421/3421
f 3414/3414 3421/3421 3415/3415
f 3415/3415 3421/3421 3422/3422
f 3415/3415 3422/3422 3416/3416
f 3416/3416 3422/3422 3423/3423
f 3416/3416 3423/3423 3417/3417
f 3417/3417 3423/3423 3424/3424
f 3417/3417 3424/3424 3418/3418
f 3418/3418 3424/3424 3419/3419
f 3418/3418 3419/3419 3413/3413
f 3419/3419 3425/3425 3426/3426
f 3419/3419 3426/3426 3420/3420
f 3420/3420 3426/3426 3427/3427
f 3420/3420 3427/3427 3421/3421
f 3421/3421 3427/3427 3428/3428
f 3421/3421 3428/3428 3422/3422
f 3422/3422 3428/3428 3429/3429
f 3422/3422 3429/3429 3423/3423
f 3423/3423 3429/3429 3430/3430
f 3423/3423 3430/3430 3424/3424
f 3424/3424 3430/3430 3425/3425
f 3424/3424 3425/3425 3419/3419
f 3425/3425 3431/3431 3432/3432
f 3425/3425 3432/3432 3426/3426
f 3426/3426 3432/3432 3433/3433
f 3426/3426 3433/3433 3427/3427
f 3427/3427 3433/3433 3434/3434
f 3427/3427 3434/3434 3428/3428
f 3428/3428 3434/3434 3435/3435
f 3428/3428 3435/3435 3429/3429
f 3429/3429 3435/3435 3436/3436
f 3429/3429 3436/3436 3430/3430
f 3430/3430 3436/3436 3431/3431
f 3430/3430 3431/3431 3425/3425
f 3431/3431 3437/3437 3438/3438
f 3431/3431 3438/3438 3432/3432
f 3432/3432 3438/3438 3439/3439
f 3432/3432 3439/3439 3433/3433
f 3433/3433 3439/3439 3440/3440
f 3433/3433 3440/3440 3434/3434
f 3434/3434 3440/3440 3441/3441
f 3434/3434 3441/3441 3435/3435
f 3435/3435 3441/3441 3442/3442
f 3435/3435 3442/3442 3436/3436
f 3436/3436 3442/3442 3437/3437
f 3436/3436 3437/3437 3431/3431
f 3437/3437 3443/3443 3444/3444
f 3437/3437 3444/3444 3438/3438
f 3438/3438 3444/3444 3445/3445
f 3438/3438 3445/3445 3439/3439
f 3439/3439 3445/3445 3446/3446
f 3439/3439 3446/3446 3440/3440
f 3440/3440 3446/3446 3447/3447
f 3440/3440 3447/3447 3441/3441
f 3441/3441 3447/3447 3448/3448
f 3441/3441 3448/3448 3442/3442
f 3442/3442 3448/3448 3443/3443
f 3442/3442 3443/3443 3437/3437
f 3443/3443 3449/3449 3450/3450
f 3443/3443 3450/3450 3444/3444
f 3444/3444 3450/3450 3451/3451
f 3444/3444 3451/3451 3445/3445
f 3445/3445 3451/3451 3452/3452
f 3445/3445 3452/3452 3446/3446
f 3446/3446 3452/3452 3453/3453
f 3446/3446 3453/3453 3447/3447
f 3447/3447 3453/3453 3454/3454
f 3447/3447 3454/3454 3448/3448
f 3448/3448 3454/3454 3449/3449
f 3448/3448 3449/3449 3443/3443
f 3449/3449 3455/3455 3456/3456
f 3449/3449 3456/3456 3450/3450
f 3450/3450 3456/3456 3457/3457
f 3450/3450 3457/3457 3451/3451
f 3451/3451 3457/3457 3458/3458
f 3451/3451 3458/3458 3452/3452
f 3452/3452 3458/3458 3459/3459
f 3452/3452 3459/3459 3453/3453
f 3453/3453 3459/3459 3460/3460
f 3453/3453 3460/3460 3454/3454
f 3454/3454 3460/3460 3455/3455
f 3454/3454 3455/3455 3449/3449
f 3455/3455 3461/3461 3462/3462
f 3455/3455 3462/3462 3456/3456
f 3456/3456 3462/3462 3463/3463
f 3456/3456 3463/3463 3457/3457
f 3457/3457 3463/3463 3464/3464
f 3457/3457 3464/3464 3458/3458
f 3458/3458 3464/3464 3465/3465
f 3458/3458 3465/3465 3459/3459
f 3459/3459 3465/3465 3466/3466
f 3459/3459 3466/3466 3460/3460
f 3460/3460 3466/3466 3461/3461
f 3460/3460 3461/3461 3455/3455
f 3461/3461 3467/3467 3468/3468
f 3461/3461 3468/3468 3462/3462
f 3462/3462 3468/3468 3469/3469
f 3462/3462 3469/3469 3463/3463
f 3463/3463 3469/3469 3470/3470
f 3463/3463 3470/3470 3464/3464
f 3464/3464 3470/3470 3471/3471
f 3464/3464 3471/3471 3465/3465
f 3465/3465 3471/3471 3472/3472
f 3465/3465 3472/3472 3466/3466
f 3466/3466 3472/3472 3467/3467
f 3466/3466 3467/3467 3461/3461
f 3467/3467 3473/3473 3474/3474
f 3467/3467 3474/3474 3468/3468
f 3468/3468 3474/3474 3475/3475
f 3468/3468 3475/3475 3469/3469
f 3469/3469 3475/3475 3476/3476
f 3469/3469 3476/3476 3470/3470
f 3470/3470 3476/3476 3477/3477
f 3470/3470 3477/3477 3471/3471
f 3471/3471 3477/3477 3478/3478
f 3471/3471 3478/3478 3472/3472
f 3472/3472 3478/3478 3473/3473
f 3472/3472 3473/3473 3467/3467
f 3473/3473 3479/3479 3480/3480
f 3473/3473 3480/3480 3474/3474
f 3474/3474 3480/3480 3481/3481
f 3474/3474 3481/3481 3475/3475
f 3475/3475 3481/3481 3482/3482
f 3475/3475 3482/3482 3476/3476
f 3476/3476 3482/3482 3483/3483
f 3476/3476 3483/3483 3477/3477
f 3477/3477 3483/3483 3484/3484
f 3477/3477 3484/3484 3478/3478
f 3478/3478 3484/3484 3479/3479
f 3478/3478 3479/3479 3473/3473
f 3479/3479 3485/3485 3486/3486
f 3479/3479 3486/3486 3480/3480
f 3480/3480 3486/3486 3487/3487
f 3480/3480 3487/3487 3481/3481
f 3481/3481 3487/3487 3488/3488
f 3481/3481 3488/3488 3482/3482
f 3482/3482 3488/3488 3489/3489
f 3482/3482 3489/3489 3483/3483
f 3483/3483 3489/3489 3490/3490
f 3483/3483 3490/3490 3484/3484
f 3484/3484 3490/3490 3485/3485
f 3484/3484 3485/3485 3479/3479
f 3485/3485 3491/3491 3492/3492
f 3485/3485 3492/3492 3486/3486
f 3486/3486 3492/3492 3493/3493
f 3486/3486 3493/3493 3487/3487
f 3487/3487 3493/3493 3494/3494
f 3487/3487 3494/3494 3488/3488
f 3488/3488 3494/3494 3495/3495
f 3488/3488 3495/3495 3489/3489
f 3489/3489 3495/3495 3496/3496
f 3489/3489 3496/3496 3490/3490
f 3490/3490 3496/3496 3491/3491
f 3490/3490 3491/3491 3485/3485
f 3491/3491 3209/3209 3210/3210
f 3491/3491 3210/3210 3492/3492
f 3492/3492 3210/3210 3211/3211
f 3492/3492 3211/3211 3493/3493
f 3493/3493 3211/3211 3212/3212
f 3493/3493 3212/3212 3494/3494
f 3494/3494 3212/3212 3213/3213
f 3494/3494 3213/3213 3495/3495
f 3495/3495 3213/3213 3214/3214
f 3495/3495 3214/3214 3496/3496
f 3496/3496 3214/3214 3209/3209
f 3496/3496 3209/3209 3491/3491
usemtl DarkIron
f 3497/3497 3498/3498 3499/3499
f 3497/3497 3499/3499 3500/3500
f 3501/3501 3502/3502 3503/3503
f 3501/3501 3503/3503 3504/3504
f 3505/3505 3506/3506 3507/3507
f 3505/3505 3507/3507 3508/3508
f 3509/3509 3510/3510 3511/3511
f 3509/3509 3511/3511 3512/3512
f 3513/3513 3514/3514 3515/3515
f 3513/3513 3515/3515 3516/3516
f 3517/3517 3518/3518 3519/3519
f 3517/3517 3519/3519 3520/3520
usemtl WarmBrass
f 3521/3521 3527/3527 3528/3528
f 3521/3521 3528/3528 3522/3522
f 3522/3522 3528/3528 3529/3529
f 3522/3522 3529/3529 3523/3523
f 3523/3523 3529/3529 3530/3530
f 3523/3523 3530/3530 3524/3524
f 3524/3524 3530/3530 3531/3531
f 3524/3524 3531/3531 3525/3525
f 3525/3525 3531/3531 3532/3532
f 3525/3525 3532/3532 3526/3526
f 3526/3526 3532/3532 3527/3527
f 3526/3526 3527/3527 3521/3521
f 3527/3527 3533/3533 3534/3534
f 3527/3527 3534/3534 3528/3528
f 3528/3528 3534/3534 3535/3535
f 3528/3528 3535/3535 3529/3529
f 3529/3529 3535/3535 3536/3536
f 3529/3529 3536/3536 3530/3530
f 3530/3530 3536/3536 3537/3537
f 3530/3530 3537/3537 3531/3531
f 3531/3531 3537/3537 3538/3538
f 3531/3531 3538/3538 3532/3532
f 3532/3532 3538/3538 3533/3533
f 3532/3532 3533/3533 3527/3527
f 3533/3533 3539/3539 3540/3540
f 3533/3533 3540/3540 3534/3534
f 3534/3534 3540/3540 3541/3541
f 3534/3534 3541/3541 3535/3535
f 3535/3535 3541/3541 3542/3542
f 3535/3535 3542/3542 3536/3536
f 3536/3536 3542/3542 3543/3543
f 3536/3536 3543/3543 3537/3537
f 3537/3537 3543/3543 3544/3544
f 3537/3537 3544/3544 3538/3538
f 3538/3538 3544/3544 3539/3539
f 3538/3538 3539/3539 3533/3533
f 3539/3539 3545/3545 3546/3546
f 3539/3539 3546/3546 3540/3540
f 3540/3540 3546/3546 3547/3547
f 3540/3540 3547/3547 3541/3541
f 3541/3541 3547/3547 3548/3548
f 3541/3541 3548/3548 3542/3542
f 3542/3542 3548/3548 3549/3549
f 3542/3542 3549/3549 3543/3543
f 3543/3543 3549/3549 3550/3550
f 3543/3543 3550/3550 3544/3544
f 3544/3544 3550/3550 3545/3545
f 3544/3544 3545/3545 3539/3539
f 3545/3545 3551/3551 3552/3552
f 3545/3545 3552/3552 3546/3546
f 3546/3546 3552/3552 3553/3553
f 3546/3546 3553/3553 3547/3547
f 3547/3547 3553/3553 3554/3554
f 3547/3547 3554/3554 3548/3548
f 3548/3548 3554/3554 3555/3555
f 3548/3548 3555/3555 3549/3549
f 3549/3549 3555/3555 3556/3556
f 3549/3549 3556/3556 3550/3550
f 3550/3550 3556/3556 3551/3551
f 3550/3550 3551/3551 3545/3545
f 3551/3551 3557/3557 3558/3558
f 3551/3551 3558/3558 3552/3552
f 3552/3552 3558/3558 3559/3559
f 3552/3552 3559/3559 3553/3553
f 3553/3553 3559/3559 3560/3560
f 3553/3553 3560/3560 3554/3554
f 3554/3554 3560/3560 3561/3561
f 3554/3554 3561/3561 3555/3555
f 3555/3555 3561/3561 3562/3562
f 3555/3555 3562/3562 3556/3556
f 3556/3556 3562/3562 3557/3557
f 3556/3556 3557/3557 3551/3551
f 3557/3557 3563/3563 3564/3564
f 3557/3557 3564/3564 3558/3558
f 3558/3558 3564/3564 3565/3565
f 3558/3558 3565/3565 3559/3559
f 3559/3559 3565/3565 3566/3566
f 3559/3559 3566/3566 3560/3560
f 3560/3560 3566/3566 3567/3567
f 3560/3560 3567/3567 3561/3561
f 3561/3561 3567/3567 3568/3568
f 3561/3561 3568/3568 3562/3562
f 3562/3562 3568/3568 3563/3563
f 3562/3562 3563/3563 3557/3557
f 3563/3563 3569/3569 3570/3570
f 3563/3563 3570/3570 3564/3564
f 3564/3564 3570/3570 3571/3571
f 3564/3564 3571/3571 3565/3565
f 3565/3565 3571/3571 3572/3572
f 3565/3565 3572/3572 3566/3566
f 3566/3566 3572/3572 3573/3573
f 3566/3566 3573/3573 3567/3567
f 3567/3567 3573/3573 3574/3574
f 3567/3567 3574/3574 3568/3568
f 3568/3568 3574/3574 3569/3569
f 3568/3568 3569/3569 3563/3563
f 3569/3569 3575/3575 3576/3576
f 3569/3569 3576/3576 3570/3570
f 3570/3570 3576/3576 3577/3577
f 3570/3570 3577/3577 3571/3571
f 3571/3571 3577/3577 3578/3578
f 3571/3571 3578/3578 3572/3572
f 3572/3572 3578/3578 3579/3579
f 3572/3572 3579/3579 3573/3573
f 3573/3573 3579/3579 3580/3580
f 3573/3573 3580/3580 3574/3574
f 3574/3574 3580/3580 3575/3575
f 3574/3574 3575/3575 3569/3569
f 3575/3575 3581/3581 3582/3582
f 3575/3575 3582/3582 3576/3576
f 3576/3576 3582/3582 3583/3583
f 3576/3576 3583/3583 3577/3577
f 3577/3577 3583/3583 3584/3584
f 3577/3577 3584/3584 3578/3578
f 3578/3578 3584/3584 3585/3585
f 3578/3578 3585/3585 3579/3579
f 3579/3579 3585/3585 3586/3586
f 3579/3579 3586/3586 3580/3580
f 3580/3580 3586/3586 3581/3581
f 3580/3580 3581/3581 3575/3575
f 3581/3581 3587/3587 3588/3588
f 3581/3581 3588/3588 3582/3582
f 3582/3582 3588/3588 3589/3589
f 3582/3582 3589/3589 3583/3583
f 3583/3583 3589/3589 3590/3590
f 3583/3583 3590/3590 3584/3584
f 3584/3584 3590/3590 3591/3591
f 3584/3584 3591/3591 3585/3585
f 3585/3585 3591/3591 3592/3592
f 3585/3585 3592/3592 3586/3586
f 3586/3586 3592/3592 3587/3587
f 3586/3586 3587/3587 3581/3581
f 3587/3587 3593/3593 3594/3594
f 3587/3587 3594/3594 3588/3588
f 3588/3588 3594/3594 3595/3595
f 3588/3588 3595/3595 3589/3589
f 3589/3589 3595/3595 3596/3596
f 3589/3589 3596/3596 3590/3590
f 3590/3590 3596/3596 3597/3597
f 3590/3590 3597/3597 3591/3591
f 3591/3591 3597/3597 3598/3598
f 3591/3591 3598/3598 3592/3592
f 3592/3592 3598/3598 3593/3593
f 3592/3592 3593/3593 3587/3587
f 3593/3593 3599/3599 3600/3600
f 3593/3593 3600/3600 3594/3594
f 3594/3594 3600/3600 3601/3601
f 3594/3594 3601/3601 3595/3595
f 3595/3595 3601/3601 3602/3602
f 3595/3595 3602/3602 3596/3596
f 3596/3596 3602/3602 3603/3603
f 3596/3596 3603/3603 3597/3597
f 3597/3597 3603/3603 3604/3604
f 3597/3597 3604/3604 3598/3598
f 3598/3598 3604/3604 3599/3599
f 3598/3598 3599/3599 3593/3593
f 3599/3599 3605/3605 3606/3606
f 3599/3599 3606/3606 3600/3600
f 3600/3600 3606/3606 3607/3607
f 3600/3600 3607/3607 3601/3601
f 3601/3601 3607/3607 3608/3608
f 3601/3601 3608/3608 3602/3602
f 3602/3602 3608/3608 3609/3609
f 3602/3602 3609/3609 3603/3603
f 3603/3603 3609/3609 3610/3610
f 3603/3603 3610/3610 3604/3604
f 3604/3604 3610/3610 3605/3605
f 3604/3604 3605/3605 3599/3599
f 3605/3605 3611/3611 3612/3612
f 3605/3605 3612/3612 3606/3606
f 3606/3606 3612/3612 3613/3613
f 3606/3606 3613/3613 3607/3607
f 3607/3607 3613/3613 3614/3614
f 3607/3607 3614/3614 3608/3608
f 3608/3608 3614/3614 3615/3615
f 3608/3608 3615/3615 3609/3609
f 3609/3609 3615/3615 3616/3616
f 3609/3609 3616/3616 3610/3610
f 3610/3610 3616/3616 3611/3611
f 3610/3610 3611/3611 3605/3605
f 3611/3611 3617/3617 3618/3618
f 3611/3611 3618/3618 3612/3612
f 3612/3612 3618/3618 3619/3619
f 3612/3612 3619/3619 3613/3613
f 3613/3613 3619/3619 3620/3620
f 3613/3613 3620/3620 3614/3614
f 3614/3614 3620/3620 3621/3621
f 3614/3614 3621/3621 3615/3615
f 3615/3615 3621/3621 3622/3622
f 3615/3615 3622/3622 3616/3616
f 3616/3616 3622/3622 3617/3617
f 3616/3616 3617/3617 3611/3611
f 3617/3617 3623/3623 3624/3624
f 3617/3617 3624/3624 3618/3618
f 3618/3618 3624/3624 3625/3625
f 3618/3618 3625/3625 3619/3619
f 3619/3619 3625/3625 3626/3626
f 3619/3619 3626/3626 3620/3620
f 3620/3620 3626/3626 3627/3627
f 3620/3620 3627/3627 3621/3621
f 3621/3621 3627/3627 3628/3628
f 3621/3621 3628/3628 3622/3622
f 3622/3622 3628/3628 3623/3623
f 3622/3622 3623/3623 3617/3617
f 3623/3623 3629/3629 3630/3630
f 3623/3623 3630/3630 3624/3624
f 3624/3624 3630/3630 3631/3631
f 3624/3624 3631/3631 3625/3625
f 3625/3625 3631/3631 3632/3632
f 3625/3625 3632/3632 3626/3626
f 3626/3626 3632/3632 3633/3633
f 3626/3626 3633/3633 3627/3627
f 3627/3627 3633/3633 3634/3634
f 3627/3627 3634/3634 3628/3628
f 3628/3628 3634/3634 3629/3629
f 3628/3628 3629/3629 3623/3623
f 3629/3629 3635/3635 3636/3636
f 3629/3629 3636/3636 3630/3630
f 3630/3630 3636/3636 3637/3637
f 3630/3630 3637/3637 3631/3631
f 3631/3631 3637/3637 3638/3638
f 3631/3631 3638/3638 3632/3632
f 3632/3632 3638/3638 3639/3639
f 3632/3632 3639/3639 3633/3633
f 3633/3633 3639/3639 3640/3640
f 3633/3633 3640/3640 3634/3634
f 3634/3634 3640/3640 3635/3635
f 3634/3634 3635/3635 3629/3629
f 3635/3635 3641/3641 3642/3642
f 3635/3635 3642/3642 3636/3636
f 3636/3636 3642/3642 3643/3643
f 3636/3636 3643/3643 3637/3637
f 3637/3637 3643/3643 3644/3644
f 3637/3637 3644/3644 3638/3638
f 3638/3638 3644/3644 3645/3645
f 3638/3638 3645/3645 3639/3639
f 3639/3639 3645/3645 3646/3646
f 3639/3639 3646/3646 3640/3640
f 3640/3640 3646/3646 3641/3641
f 3640/3640 3641/3641 3635/3635
f 3641/3641 3647/3647 3648/3648
f 3641/3641 3648/3648 3642/3642
f 3642/3642 3648/3648 3649/3649
f 3642/3642 3649/3649 3643/3643
f 3643/3643 3649/3649 3650/3650
f 3643/3643 3650/3650 3644/3644
f 3644/3644 3650/3650 3651/3651
f 3644/3644 3651/3651 3645/3645
f 3645/3645 3651/3651 3652/3652
f 3645/3645 3652/3652 3646/3646
f 3646/3646 3652/3652 3647/3647
f 3646/3646 3647/3647 3641/3641
f 3647/3647 3653/3653 3654/3654
f 3647/3647 3654/3654 3648/3648
f 3648/3648 3654/3654 3655/3655
f 3648/3648 3655/3655 3649/3649
f 3649/3649 3655/3655 3656/3656
f 3649/3649 3656/3656 3650/3650
f 3650/3650 3656/3656 3657/3657
f 3650/3650 3657/3657 3651/3651
f 3651/3651 3657/3657 3658/3658
f 3651/3651 3658/3658 3652/3652
f 3652/3652 3658/3658 3653/3653
f 3652/3652 3653/3653 3647/3647
f 3653/3653 3659/3659 3660/3660
f 3653/3653 3660/3660 3654/3654
f 3654/3654 3660/3660 3661/3661
f 3654/3654 3661/3661 3655/3655
f 3655/3655 3661/3661 3662/3662
f 3655/3655 3662/3662 3656/3656
f 3656/3656 3662/3662 3663/3663
f 3656/3656 3663/3663 3657/3657
f 3657/3657 3663/3663 3664/3664
f 3657/3657 3664/3664 3658/3658
f 3658/3658 3664/3664 3659/3659
f 3658/3658 3659/3659 3653/3653
f 3659/3659 3665/3665 3666/3666
f 3659/3659 3666/3666 3660/3660
f 3660/3660 3666/3666 3667/3667
f 3660/3660 3667/3667 3661/3661
f 3661/3661 3667/3667 3668/3668
f 3661/3661 3668/3668 3662/3662
f 3662/3662 3668/3668 3669/3669
f 3662/3662 3669/3669 3663/3663
f 3663/3663 3669/3669 3670/3670
f 3663/3663 3670/3670 3664/3664
f 3664/3664 3670/3670 3665/3665
f 3664/3664 3665/3665 3659/3659
f 3665/3665 3671/3671 3672/3672
f 3665/3665 3672/3672 3666/3666
f 3666/3666 3672/3672 3673/3673
f 3666/3666 3673/3673 3667/3667
f 3667/3667 3673/3673 3674/3674
f 3667/3667 3674/3674 3668/3668
f 3668/3668 3674/3674 3675/3675
f 3668/3668 3675/3675 3669/3669
f 3669/3669 3675/3675 3676/3676
f 3669/3669 3676/3676 3670/3670
f 3670/3670 3676/3676 3671/3671
f 3670/3670 3671/3671 3665/3665
f 3671/3671 3677/3677 3678/3678
f 3671/3671 3678/3678 3672/3672
f 3672/3672 3678/3678 3679/3679
f 3672/3672 3679/3679 3673/3673
f 3673/3673 3679/3679 3680/3680
f 3673/3673 3680/3680 3674/3674
f 3674/3674 3680/3680 3681/3681
f 3674/3674 3681/3681 3675/3675
f 3675/3675 3681/3681 3682/3682
f 3675/3675 3682/3682 3676/3676
f 3676/3676 3682/3682 3677/3677
f 3676/3676 3677/3677 3671/3671
f 3677/3677 3683/3683 3684/3684
f 3677/3677 3684/3684 3678/3678
f 3678/3678 3684/3684 3685/3685
f 3678/3678 3685/3685 3679/3679
f 3679/3679 3685/3685 3686/3686
f 3679/3679 3686/3686 3680/3680
f 3680/3680 3686/3686 3687/3687
f 3680/3680 3687/3687 3681/3681
f 3681/3681 3687/3687 3688/3688
f 3681/3681 3688/3688 3682/3682
f 3682/3682 3688/3688 3683/3683
f 3682/3682 3683/3683 3677/3677
f 3683/3683 3689/3689 3690/3690
f 3683/3683 3690/3690 3684/3684
f 3684/3684 3690/3690 3691/3691
f 3684/3684 3691/3691 3685/3685
f 3685/3685 3691/3691 3692/3692
f 3685/3685 3692/3692 3686/3686
f 3686/3686 3692/3692 3693/3693
f 3686/3686 3693/3693 3687/3687
f 3687/3687 3693/3693 3694/3694
f 3687/3687 3694/3694 3688/3688
f 3688/3688 3694/3694 3689/3689
f 3688/3688 3689/3689 3683/3683
f 3689/3689 3695/3695 3696/3696
f 3689/3689 3696/3696 3690/3690
f 3690/3690 3696/3696 3697/3697
f 3690/3690 3697/3697 3691/3691
f 3691/3691 3697/3697 3698/3698
f 3691/3691 3698/3698 3692/3692
f 3692/3692 3698/3698 3699/3699
f 3692/3692 3699/3699 3693/3693
f 3693/3693 3699/3699 3700/3700
f 3693/3693 3700/3700 3694/3694
f 3694/3694 3700/3700 3695/3695
f 3694/3694 3695/3695 3689/3689
f 3695/3695 3701/3701 3702/3702
f 3695/3695 3702/3702 3696/3696
f 3696/3696 3702/3702 3703/3703
f 3696/3696 3703/3703 3697/3697
f 3697/3697 3703/3703 3704/3704
f 3697/3697 3704/3704 3698/3698
f 3698/3698 3704/3704 3705/3705
f 3698/3698 3705/3705 3699/3699
f 3699/3699 3705/3705 3706/3706
f 3699/3699 3706/3706 3700/3700
f 3700/3700 3706/3706 3701/3701
f 3700/3700 3701/3701 3695/3695
f 3701/3701 3707/3707 3708/3708
f 3701/3701 3708/3708 3702/3702
f 3702/3702 3708/3708 3709/3709
f 3702/3702 3709/3709 3703/3703
f 3703/3703 3709/3709 3710/3710
f 3703/3703 3710/3710 3704/3704
f 3704/3704 3710/3710 3711/3711
f 3704/3704 3711/3711 3705/3705
f 3705/3705 3711/3711 3712/3712
f 3705/3705 3712/3712 3706/3706
f 3706/3706 3712/3712 3707/3707
f 3706/3706 3707/3707 3701/3701
f 3707/3707 3713/3713 3714/3714
f 3707/3707 3714/3714 3708/3708
f 3708/3708 3714/3714 3715/3715
f 3708/3708 3715/3715 3709/3709
f 3709/3709 3715/3715 3716/3716
f 3709/3709 3716/3716 3710/3710
f 3710/3710 3716/3716 3717/3717
f 3710/3710 3717/3717 3711/3711
f 3711/3711 3717/3717 3718/3718
f 3711/3711 3718/3718 3712/3712
f 3712/3712 3718/3718 3713/3713
f 3712/3712 3713/3713 3707/3707
f 3713/3713 3719/3719 3720/3720
f 3713/3713 3720/3720 3714/3714
f 3714/3714 3720/3720 3721/3721
f 3714/3714 3721/3721 3715/3715
f 3715/3715 3721/3721 3722/3722
f 3715/3715 3722/3722 3716/3716
f 3716/3716 3722/3722 3723/3723
f 3716/3716 3723/3723 3717/3717
f 3717/3717 3723/3723 3724/3724
f 3717/3717 3724/3724 3718/3718
f 3718/3718 3724/3724 3719/3719
f 3718/3718 3719/3719 3713/3713
f 3719/3719 3725/3725 3726/3726
f 3719/3719 3726/3726 3720/3720
f 3720/3720 3726/3726 3727/3727
f 3720/3720 3727/3727 3721/3721
f 3721/3721 3727/3727 3728/3728
f 3721/3721 3728/3728 3722/3722
f 3722/3722 3728/3728 3729/3729
f 3722/3722 3729/3729 3723/3723
f 3723/3723 3729/3729 3730/3730
f 3723/3723 3730/3730 3724/3724
f 3724/3724 3730/3730 3725/3725
f 3724/3724 3725/3725 3719/3719
f 3725/3725 3731/3731 3732/3732
f 3725/3725 3732/3732 3726/3726
f 3726/3726 3732/3732 3733/3733
f 3726/3726 3733/3733 3727/3727
f 3727/3727 3733/3733 3734/3734
f 3727/3727 3734/3734 3728/3728
f 3728/3728 3734/3734 3735/3735
f 3728/3728 3735/3735 3729/3729
f 3729/3729 3735/3735 3736/3736
f 3729/3729 3736/3736 3730/3730
f 3730/3730 3736/3736 3731/3731
f 3730/3730 3731/3731 3725/3725
f 3731/3731 3737/3737 3738/3738
f 3731/3731 3738/3738 3732/3732
f 3732/3732 3738/3738 3739/3739
f 3732/3732 3739/3739 3733/3733
f 3733/3733 3739/3739 3740/3740
f 3733/3733 3740/3740 3734/3734
f 3734/3734 3740/3740 3741/3741
f 3734/3734 3741/3741 3735/3735
f 3735/3735 3741/3741 3742/3742
f 3735/3735 3742/3742 3736/3736
f 3736/3736 3742/3742 3737/3737
f 3736/3736 3737/3737 3731/3731
f 3737/3737 3743/3743 3744/3744
f 3737/3737 3744/3744 3738/3738
f 3738/3738 3744/3744 3745/3745
f 3738/3738 3745/3745 3739/3739
f 3739/3739 3745/3745 3746/3746
f 3739/3739 3746/3746 3740/3740
f 3740/3740 3746/3746 3747/3747
f 3740/3740 3747/3747 3741/3741
f 3741/3741 3747/3747 3748/3748
f 3741/3741 3748/3748 3742/3742
f 3742/3742 3748/3748 3743/3743
f 3742/3742 3743/3743 3737/3737
f 3743/3743 3749/3749 3750/3750
f 3743/3743 3750/3750 3744/3744
f 3744/3744 3750/3750 3751/3751
f 3744/3744 3751/3751 3745/3745
f 3745/3745 3751/3751 3752/3752
f 3745/3745 3752/3752 3746/3746
f 3746/3746 3752/3752 3753/3753
f 3746/3746 3753/3753 3747/3747
f 3747/3747 3753/3753 3754/3754
f 3747/3747 3754/3754 3748/3748
f 3748/3748 3754/3754 3749/3749
f 3748/3748 3749/3749 3743/3743
f 3749/3749 3755/3755 3756/3756
f 3749/3749 3756/3756 3750/3750
f 3750/3750 3756/3756 3757/3757
f 3750/3750 3757/3757 3751/3751
f 3751/3751 3757/3757 3758/3758
f 3751/3751 3758/3758 3752/3752
f 3752/3752 3758/3758 3759/3759
f 3752/3752 3759/3759 3753/3753
f 3753/3753 3759/3759 3760/3760
f 3753/3753 3760/3760 3754/3754
f 3754/3754 3760/3760 3755/3755
f 3754/3754 3755/3755 3749/3749
f 3755/3755 3761/3761 3762/3762
f 3755/3755 3762/3762 3756/3756
f 3756/3756 3762/3762 3763/3763
f 3756/3756 3763/3763 3757/3757
f 3757/3757 3763/3763 3764/3764
f 3757/3757 3764/3764 3758/3758
f 3758/3758 3764/3764 3765/3765
f 3758/3758 3765/3765 3759/3759
f 3759/3759 3765/3765 3766/3766
f 3759/3759 3766/3766 3760/3760
f 3760/3760 3766/3766 3761/3761
f 3760/3760 3761/3761 3755/3755
f 3761/3761 3767/3767 3768/3768
f 3761/3761 3768/3768 3762/3762
f 3762/3762 3768/3768 3769/3769
f 3762/3762 3769/3769 3763/3763
f 3763/3763 3769/3769 3770/3770
f 3763/3763 3770/3770 3764/3764
f 3764/3764 3770/3770 3771/3771
f 3764/3764 3771/3771 3765/3765
f 3765/3765 3771/3771 3772/3772
f 3765/3765 3772/3772 3766/3766
f 3766/3766 3772/3772 3767/3767
f 3766/3766 3767/3767 3761/3761
f 3767/3767 3773/3773 3774/3774
f 3767/3767 3774/3774 3768/3768
f 3768/3768 3774/3774 3775/3775
f 3768/3768 3775/3775 3769/3769
f 3769/3769 3775/3775 3776/3776
f 3769/3769 3776/3776 3770/3770
f 3770/3770 3776/3776 3777/3777
f 3770/3770 3777/3777 3771/3771
f 3771/3771 3777/3777 3778/3778
f 3771/3771 3778/3778 3772/3772
f 3772/3772 3778/3778 3773/3773
f 3772/3772 3773/3773 3767/3767
f 3773/3773 3779/3779 3780/3780
f 3773/3773 3780/3780 3774/3774
f 3774/3774 3780/3780 3781/3781
f 3774/3774 3781/3781 3775/3775
f 3775/3775 3781/3781 3782/3782
f 3775/3775 3782/3782 3776/3776
f 3776/3776 3782/3782 3783/3783
f 3776/3776 3783/3783 3777/3777
f 3777/3777 3783/3783 3784/3784
f 3777/3777 3784/3784 3778/3778
f 3778/3778 3784/3784 3779/3779
f 3778/3778 3779/3779 3773/3773
f 3779/3779 3785/3785 3786/3786
f 3779/3779 3786/3786 3780/3780
f 3780/3780 3786/3786 3787/3787
f 3780/3780 3787/3787 3781/3781
f 3781/3781 3787/3787 3788/3788
f 3781/3781 3788/3788 3782/3782
f 3782/3782 3788/3788 3789/3789
f 3782/3782 3789/3789 3783/3783
f 3783/3783 3789/3789 3790/3790
f 3783/3783 3790/3790 3784/3784
f 3784/3784 3790/3790 3785/3785
f 3784/3784 3785/3785 3779/3779
f 3785/3785 3791/3791 3792/3792
f 3785/3785 3792/3792 3786/3786
f 3786/3786 3792/3792 3793/3793
f 3786/3786 3793/3793 3787/3787
f 3787/3787 3793/3793 3794/3794
f 3787/3787 3794/3794 3788/3788
f 3788/3788 3794/3794 3795/3795
f 3788/3788 3795/3795 3789/3789
f 3789/3789 3795/3795 3796/3796
f 3789/3789 3796/3796 3790/3790
f 3790/3790 3796/3796 3791/3791
f 3790/3790 3791/3791 3785/3785
f 3791/3791 3797/3797 3798/3798
f 3791/3791 3798/3798 3792/3792
f 3792/3792 3798/3798 3799/3799
f 3792/3792 3799/3799 3793/3793
f 3793/3793 3799/3799 3800/3800
f 3793/3793 3800/3800 3794/3794
f 3794/3794 3800/3800 3801/3801
f 3794/3794 3801/3801 3795/3795
f 3795/3795 3801/3801 3802/3802
f 3795/3795 3802/3802 3796/3796
f 3796/3796 3802/3802 3797/3797
f 3796/3796 3797/3797 3791/3791
f 3797/3797 3803/3803 3804/3804
f 3797/3797 3804/3804 3798/3798
f 3798/3798 3804/3804 3805/3805
f 3798/3798 3805/3805 3799/3799
f 3799/3799 3805/3805 3806/3806
f 3799/3799 3806/3806 3800/3800
f 3800/3800 3806/3806 3807/3807
f 3800/3800 3807/3807 3801/3801
f 3801/3801 3807/3807 3808/3808
f 3801/3801 3808/3808 3802/3802
f 3802/3802 3808/3808 3803/3803
f 3802/3802 3803/3803 3797/3797
f 3803/3803 3521/3521 3522/3522
f 3803/3803 3522/3522 3804/3804
f 3804/3804 3522/3522 3523/3523
f 3804/3804 3523/3523 3805/3805
f 3805/3805 3523/3523 3524/3524
f 3805/3805 3524/3524 3806/3806
f 3806/3806 3524/3524 3525/3525
f 3806/3806 3525/3525 3807/3807
f 3807/3807 3525/3525 3526/3526
f 3807/3807 3526/3526 3808/3808
f 3808/3808 3526/3526 3521/3521
f 3808/3808 3521/3521 3803/3803
usemtl DarkIron
f 3809/3809 3810/3810 3811/3811
f 3809/3809 3811/3811 3812/3812
f 3813/3813 3814/3814 3815/3815
f 3813/3813 3815/3815 3816/3816
f 3817/3817 3818/3818 3819/3819
f 3817/3817 3819/3819 3820/3820
f 3821/3821 3822/3822 3823/3823
f 3821/3821 3823/3823 3824/3824
f 3825/3825 3826/3826 3827/3827
f 3825/3825 3827/3827 3828/3828
f 3829/3829 3830/3830 3831/3831
f 3829/3829 3831/3831 3832/3832
f 3833/3833 3834/3834 3835/3835
f 3833/3833 3835/3835 3836/3836
f 3837/3837 3838/3838 3839/3839
f 3837/3837 3839/3839 3840/3840
f 3841/3841 3842/3842 3843/3843
f 3841/3841 3843/3843 3844/3844
f 3845/3845 3846/3846 3847/3847
f 3845/3845 3847/3847 3848/3848
f 3849/3849 3850/3850 3851/3851
f 3849/3849 3851/3851 3852/3852
f 3853/3853 3854/3854 3855/3855
f 3853/3853 3855/3855 3856/3856
f 3857/3857 3858/3858 3859/3859
f 3857/3857 3859/3859 3860/3860
f 3861/3861 3862/3862 3863/3863
f 3861/3861 3863/3863 3864/3864
f 3865/3865 3866/3866 3867/3867
f 3865/3865 3867/3867 3868/3868
f 3869/3869 3870/3870 3871/3871
f 3869/3869 3871/3871 3872/3872
f 3873/3873 3874/3874 3875/3875
f 3873/3873 3875/3875 3876/3876
f 3877/3877 3878/3878 3879/3879
f 3877/3877 3879/3879 3880/3880
f 3881/3881 3882/3882 3883/3883
f 3881/3881 3883/3883 3884/3884
f 3885/3885 3886/3886 3887/3887
f 3885/3885 3887/3887 3888/3888
f 3889/3889 3890/3890 3891/3891
f 3889/3889 3891/3891 3892/3892
f 3893/3893 3894/3894 3895/3895
f 3893/3893 3895/3895 3896/3896
f 3897/3897 3898/3898 3899/3899
f 3897/3897 3899/3899 3900/3900
f 3901/3901 3902/3902 3903/3903
f 3901/3901 3903/3903 3904/3904
f 3905/3905 3906/3906 3907/3907
f 3905/3905 3907/3907 3908/3908
f 3909/3909 3910/3910 3911/3911
f 3909/3909 3911/3911 3912/3912
f 3913/3913 3914/3914 3915/3915
f 3913/3913 3915/3915 3916/3916
f 3917/3917 3918/3918 3919/3919
f 3917/3917 3919/3919 3920/3920
f 3921/3921 3922/3922 3923/3923
f 3921/3921 3923/3923 3924/3924
f 3925/3925 3926/3926 3927/3927
f 3925/3925 3927/3927 3928/3928
f 3929/3929 3930/3930 3931/3931
f 3929/3929 3931/3931 3932/3932
f 3933/3933 3934/3934 3935/3935
f 3933/3933 3935/3935 3936/3936
f 3937/3937 3938/3938 3939/3939
f 3937/3937 3939/3939 3940/3940
f 3941/3941 3942/3942 3943/3943
f 3941/3941 3943/3943 3944/3944
f 3945/3945 3946/3946 3947/3947
f 3945/3945 3947/3947 3948/3948
f 3949/3949 3950/3950 3951/3951
f 3949/3949 3951/3951 3952/3952
f 3953/3953 3954/3954 3955/3955
f 3953/3953 3955/3955 3956/3956
f 3957/3957 3958/3958 3959/3959
f 3957/3957 3959/3959 3960/3960
f 3961/3961 3962/3962 3963/3963
f 3961/3961 3963/3963 3964/3964
f 3965/3965 3966/3966 3967/3967
f 3965/3965 3967/3967 3968/3968
f 3969/3969 3970/3970 3971/3971
f 3969/3969 3971/3971 3972/3972
f 3973/3973 3974/3974 3975/3975
f 3973/3973 3975/3975 3976/3976
f 3977/3977 3978/3978 3979/3979
f 3977/3977 3979/3979 3980/3980
f 3981/3981 3982/3982 3983/3983
f 3981/3981 3983/3983 3984/3984
f 3985/3985 3986/3986 3987/3987
f 3985/3985 3987/3987 3988/3988
f 3989/3989 3990/3990 3991/3991
f 3989/3989 3991/3991 3992/3992
f 3993/3993 3994/3994 3995/3995
f 3993/3993 3995/3995 3996/3996
f 3997/3997 3998/3998 3999/3999
f 3997/3997 3999/3999 4000/4000
f 4001/4001 4002/4002 4003/4003
f 4001/4001 4003/4003 4004/4004
f 4005/4005 4006/4006 4007/4007
f 4005/4005 4007/4007 4008/4008
f 4009/4009 4010/4010 4011/4011
f 4009/4009 4011/4011 4012/4012
f 4013/4013 4014/4014 4015/4015
f 4013/4013 4015/4015 4016/4016
f 4017/4017 4018/4018 4019/4019
f 4017/4017 4019/4019 4020/4020
f 4021/4021 4022/4022 4023/4023
f 4021/4021 4023/4023 4024/4024
f 4025/4025 4026/4026 4027/4027
f 4025/4025 4027/4027 4028/4028
f 4029/4029 4030/4030 4031/4031
f 4029/4029 4031/4031 4032/4032
f 4033/4033 4034/4034 4035/4035
f 4033/4033 4035/4035 4036/4036
f 4037/4037 4038/4038 4039/4039
f 4037/4037 4039/4039 4040/4040
f 4041/4041 4042/4042 4043/4043
f 4041/4041 4043/4043 4044/4044
f 4045/4045 4046/4046 4047/4047
f 4045/4045 4047/4047 4048/4048
f 4049/4049 4050/4050 4051/4051
f 4049/4049 4051/4051 4052/4052
f 4053/4053 4054/4054 4055/4055
f 4053/4053 4055/4055 4056/4056
f 4057/4057 4058/4058 4059/4059
f 4057/4057 4059/4059 4060/4060
f 4061/4061 4062/4062 4063/4063
f 4061/4061 4063/4063 4064/4064
f 4065/4065 4066/4066 4067/4067
f 4065/4065 4067/4067 4068/4068
f 4069/4069 4070/4070 4071/4071
f 4069/4069 4071/4071 4072/4072
f 4073/4073 4074/4074 4075/4075
f 4073/4073 4075/4075 4076/4076
f 4077/4077 4078/4078 4079/4079
f 4077/4077 4079/4079 4080/4080
f 4081/4081 4082/4082 4083/4083
f 4081/4081 4083/4083 4084/4084
f 4085/4085 4086/4086 4087/4087
f 4085/4085 4087/4087 4088/4088
f 4089/4089 4090/4090 4091/4091
f 4089/4089 4091/4091 4092/4092
f 4093/4093 4094/4094 4095/4095
f 4093/4093 4095/4095 4096/4096
f 4097/4097 4098/4098 4099/4099
f 4097/4097 4099/4099 4100/4100
f 4101/4101 4102/4102 4103/4103
f 4101/4101 4103/4103 4104/4104
f 4105/4105 4106/4106 4107/4107
f 4105/4105 4107/4107 4108/4108
f 4109/4109 4110/4110 4111/4111
f 4109/4109 4111/4111 4112/4112
f 4113/4113 4114/4114 4115/4115
f 4113/4113 4115/4115 4116/4116
f 4117/4117 4118/4118 4119/4119
f 4117/4117 4119/4119 4120/4120
f 4121/4121 4122/4122 4123/4123
f 4121/4121 4123/4123 4124/4124
f 4125/4125 4126/4126 4127/4127
f 4125/4125 4127/4127 4128/4128
f 4129/4129 4130/4130 4131/4131
f 4129/4129 4131/4131 4132/4132
f 4133/4133 4134/4134 4135/4135
f 4133/4133 4135/4135 4136/4136
f 4137/4137 4138/4138 4139/4139
f 4137/4137 4139/4139 4140/4140
f 4141/4141 4142/4142 4143/4143
f 4141/4141 4143/4143 4144/4144
f 4145/4145 4146/4146 4147/4147
f 4145/4145 4147/4147 4148/4148
f 4149/4149 4150/4150 4151/4151
f 4149/4149 4151/4151 4152/4152
f 4153/4153 4154/4154 4155/4155
f 4153/4153 4155/4155 4156/4156
f 4157/4157 4158/4158 4159/4159
f 4157/4157 4159/4159 4160/4160
f 4161/4161 4162/4162 4163/4163
f 4161/4161 4163/4163 4164/4164
f 4165/4165 4166/4166 4167/4167
f 4165/4165 4167/4167 4168/4168
f 4169/4169 4170/4170 4171/4171
f 4169/4169 4171/4171 4172/4172
f 4173/4173 4174/4174 4175/4175
f 4173/4173 4175/4175 4176/4176
f 4177/4177 4178/4178 4179/4179
f 4177/4177 4179/4179 4180/4180
f 4181/4181 4182/4182 4183/4183
f 4181/4181 4183/4183 4184/4184
f 4185/4185 4186/4186 4187/4187
f 4185/4185 4187/4187 4188/4188
f 4189/4189 4190/4190 4191/4191
f 4189/4189 4191/4191 4192/4192
f 4193/4193 4195/4195 4196/4196
f 4193/4193 4196/4196 4194/4194
f 4195/4195 4197/4197 4198/4198
f 4195/4195 4198/4198 4196/4196
f 4197/4197 4199/4199 4200/4200
f 4197/4197 4200/4200 4198/4198
f 4199/4199 4201/4201 4202/4202
f 4199/4199 4202/4202 4200/4200
f 4201/4201 4203/4203 4204/4204
f 4201/4201 4204/4204 4202/4202
f 4203/4203 4205/4205 4206/4206
f 4203/4203 4206/4206 4204/4204
f 4205/4205 4207/4207 4208/4208
f 4205/4205 4208/4208 4206/4206
f 4207/4207 4209/4209 4210/4210
f 4207/4207 4210/4210 4208/4208
f 4209/4209 4211/4211 4212/4212
f 4209/4209 4212/4212 4210/4210
f 4211/4211 4213/4213 4214/4214
f 4211/4211 4214/4214 4212/4212
f 4213/4213 4215/4215 4216/4216
f 4213/4213 4216/4216 4214/4214
f 4215/4215 4217/4217 4218/4218
f 4215/4215 4218/4218 4216/4216
f 4217/4217 4219/4219 4220/4220
f 4217/4217 4220/4220 4218/4218
f 4219/4219 4221/4221 4222/4222
f 4219/4219 4222/4222 4220/4220
f 4221/4221 4223/4223 4224/4224
f 4221/4221 4224/4224 4222/4222
f 4223/4223 4225/4225 4226/4226
f 4223/4223 4226/4226 4224/4224
f 4225/4225 4227/4227 4228/4228
f 4225/4225 4228/4228 4226/4226
f 4227/4227 4229/4229 4230/4230
f 4227/4227 4230/4230 4228/4228
f 4229/4229 4231/4231 4232/4232
f 4229/4229 4232/4232 4230/4230
f 4231/4231 4233/4233 4234/4234
f 4231/4231 4234/4234 4232/4232
f 4233/4233 4235/4235 4236/4236
f 4233/4233 4236/4236 4234/4234
f 4235/4235 4237/4237 4238/4238
f 4235/4235 4238/4238 4236/4236
f 4237/4237 4239/4239 4240/4240
f 4237/4237 4240/4240 4238/4238
f 4239/4239 4241/4241 4242/4242
f 4239/4239 4242/4242 4240/4240
f 4241/4241 4243/4243 4244/4244
f 4241/4241 4244/4244 4242/4242
f 4243/4243 4245/4245 4246/4246
f 4243/4243 4246/4246 4244/4244
f 4245/4245 4247/4247 4248/4248
f 4245/4245 4248/4248 4246/4246
f 4247/4247 4249/4249 4250/4250
f 4247/4247 4250/4250 4248/4248
f 4249/4249 4251/4251 4252/4252
f 4249/4249 4252/4252 4250/4250
f 4251/4251 4253/4253 4254/4254
f 4251/4251 4254/4254 4252/4252
f 4253/4253 4255/4255 4256/4256
f 4253/4253 4256/4256 4254/4254
f 4255/4255 4257/4257 4258/4258
f 4255/4255 4258/4258 4256/4256
f 4257/4257 4259/4259 4260/4260
f 4257/4257 4260/4260 4258/4258
f 4259/4259 4261/4261 4262/4262
f 4259/4259 4262/4262 4260/4260
f 4261/4261 4263/4263 4264/4264
f 4261/4261 4264/4264 4262/4262
f 4263/4263 4265/4265 4266/4266
f 4263/4263 4266/4266 4264/4264
f 4265/4265 4267/4267 4268/4268
f 4265/4265 4268/4268 4266/4266
f 4267/4267 4269/4269 4270/4270
f 4267/4267 4270/4270 4268/4268
f 4269/4269 4271/4271 4272/4272
f 4269/4269 4272/4272 4270/4270
f 4271/4271 4273/4273 4274/4274
f 4271/4271 4274/4274 4272/4272
f 4273/4273 4275/4275 4276/4276
f 4273/4273 4276/4276 4274/4274
f 4275/4275 4277/4277 4278/4278
f 4275/4275 4278/4278 4276/4276
f 4277/4277 4279/4279 4280/4280
f 4277/4277 4280/4280 4278/4278
f 4279/4279 4281/4281 4282/4282
f 4279/4279 4282/4282 4280/4280
f 4281/4281 4283/4283 4284/4284
f 4281/4281 4284/4284 4282/4282
f 4283/4283 4285/4285 4286/4286
f 4283/4283 4286/4286 4284/4284
f 4285/4285 4287/4287 4288/4288
f 4285/4285 4288/4288 4286/4286
f 4287/4287 4193/4193 4194/4194
f 4287/4287 4194/4194 4288/4288
f 4287/4287 4285/4285 4283/4283 4281/4281 4279/4279 4277/4277 4275/4275 4273/4273 4271/4271 4269/4269 4267/4267 4265/4265 4263/4263 4261/4261 4259/4259 4257/4257 4255/4255 4253/4253 4251/4251 4249/4249 4247/4247 4245/4245 4243/4243 4241/4241 4239/4239 4237/4237 4235/4235 4233/4233 4231/4231 4229/4229 4227/4227 4225/4225 4223/4223 4221/4221 4219/4219 4217/4217 4215/4215 4213/4213 4211/4211 4209/4209 4207/4207 4205/4205 4203/4203 4201/4201 4199/4199 4197/4197 4195/4195 4193/4193
f 4194/4194 4196/4196 4198/4198 4200/4200 4202/4202 4204/4204 4206/4206 4208/4208 4210/4210 4212/4212 4214/4214 4216/4216 4218/4218 4220/4220 4222/4222 4224/4224 4226/4226 4228/4228 4230/4230 4232/4232 4234/4234 4236/4236 4238/4238 4240/4240 4242/4242 4244/4244 4246/4246 4248/4248 4250/4250 4252/4252 4254/4254 4256/4256 4258/4258 4260/4260 4262/4262 4264/4264 4266/4266 4268/4268 4270/4270 4272/4272 4274/4274 4276/4276 4278/4278 4280/4280 4282/4282 4284/4284 4286/4286 4288/4288
f 4289/4289 4291/4291 4292/4292
f 4289/4289 4292/4292 4290/4290
f 4291/4291 4293/4293 4294/4294
f 4291/4291 4294/4294 4292/4292
f 4293/4293 4295/4295 4296/4296
f 4293/4293 4296/4296 4294/4294
f 4295/4295 4297/4297 4298/4298
f 4295/4295 4298/4298 4296/4296
f 4297/4297 4299/4299 4300/4300
f 4297/4297 4300/4300 4298/4298
f 4299/4299 4301/4301 4302/4302
f 4299/4299 4302/4302 4300/4300
f 4301/4301 4303/4303 4304/4304
f 4301/4301 4304/4304 4302/4302
f 4303/4303 4305/4305 4306/4306
f 4303/4303 4306/4306 4304/4304
f 4305/4305 4307/4307 4308/4308
f 4305/4305 4308/4308 4306/4306
f 4307/4307 4309/4309 4310/4310
f 4307/4307 4310/4310 4308/4308
f 4309/4309 4311/4311 4312/4312
f 4309/4309 4312/4312 4310/4310
f 4311/4311 4313/4313 4314/4314
f 4311/4311 4314/4314 4312/4312
f 4313/4313 4315/4315 4316/4316
f 4313/4313 4316/4316 4314/4314
f 4315/4315 4317/4317 4318/4318
f 4315/4315 4318/4318 4316/4316
f 4317/4317 4319/4319 4320/4320
f 4317/4317 4320/4320 4318/4318
f 4319/4319 4321/4321 4322/4322
f 4319/4319 4322/4322 4320/4320
f 4321/4321 4323/4323 4324/4324
f 4321/4321 4324/4324 4322/4322
f 4323/4323 4325/4325 4326/4326
f 4323/4323 4326/4326 4324/4324
f 4325/4325 4327/4327 4328/4328
f 4325/4325 4328/4328 4326/4326
f 4327/4327 4329/4329 4330/4330
f 4327/4327 4330/4330 4328/4328
f 4329/4329 4331/4331 4332/4332
f 4329/4329 4332/4332 4330/4330
f 4331/4331 4333/4333 4334/4334
f 4331/4331 4334/4334 4332/4332
f 4333/4333 4335/4335 4336/4336
f 4333/4333 4336/4336 4334/4334
f 4335/4335 4337/4337 4338/4338
f 4335/4335 4338/4338 4336/4336
f 4337/4337 4339/4339 4340/4340
f 4337/4337 4340/4340 4338/4338
f 4339/4339 4341/4341 4342/4342
f 4339/4339 4342/4342 4340/4340
f 4341/4341 4343/4343 4344/4344
f 4341/4341 4344/4344 4342/4342
f 4343/4343 4345/4345 4346/4346
f 4343/4343 4346/4346 4344/4344
f 4345/4345 4347/4347 4348/4348
f 4345/4345 4348/4348 4346/4346
f 4347/4347 4349/4349 4350/4350
f 4347/4347 4350/4350 4348/4348
f 4349/4349 4351/4351 4352/4352
f 4349/4349 4352/4352 4350/4350
f 4351/4351 4289/4289 4290/4290
f 4351/4351 4290/4290 4352/4352
f 4351/4351 4349/4349 4347/4347 4345/4345 4343/4343 4341/4341 4339/4339 4337/4337 4335/4335 4333/4333 4331/4331 4329/4329 4327/4327 4325/4325 4323/4323 4321/4321 4319/4319 4317/4317 4315/4315 4313/4313 4311/4311 4309/4309 4307/4307 4305/4305 4303/4303 4301/4301 4299/4299 4297/4297 4295/4295 4293/4293 4291/4291 4289/4289
f 4290/4290 4292/4292 4294/4294 4296/4296 4298/4298 4300/4300 4302/4302 4304/4304 4306/4306 4308/4308 4310/4310 4312/4312 4314/4314 4316/4316 4318/4318 4320/4320 4322/4322 4324/4324 4326/4326 4328/4328 4330/4330 4332/4332 4334/4334 4336/4336 4338/4338 4340/4340 4342/4342 4344/4344 4346/4346 4348/4348 4350/4350 4352/4352
usemtl WarmBrass
f 4353/4353 4358/4358 4359/4359
f 4353/4353 4359/4359 4354/4354
f 4354/4354 4359/4359 4360/4360
f 4354/4354 4360/4360 4355/4355
f 4355/4355 4360/4360 4361/4361
f 4355/4355 4361/4361 4356/4356
f 4356/4356 4361/4361 4362/4362
f 4356/4356 4362/4362 4357/4357
f 4357/4357 4362/4362 4358/4358
f 4357/4357 4358/4358 4353/4353
f 4358/4358 4363/4363 4364/4364
f 4358/4358 4364/4364 4359/4359
f 4359/4359 4364/4364 4365/4365
f 4359/4359 4365/4365 4360/4360
f 4360/4360 4365/4365 4366/4366
f 4360/4360 4366/4366 4361/4361
f 4361/4361 4366/4366 4367/4367
f 4361/4361 4367/4367 4362/4362
f 4362/4362 4367/4367 4363/4363
f 4362/4362 4363/4363 4358/4358
f 4363/4363 4368/4368 4369/4369
f 4363/4363 4369/4369 4364/4364
f 4364/4364 4369/4369 4370/4370
f 4364/4364 4370/4370 4365/4365
f 4365/4365 4370/4370 4371/4371
f 4365/4365 4371/4371 4366/4366
f 4366/4366 4371/4371 4372/4372
f 4366/4366 4372/4372 4367/4367
f 4367/4367 4372/4372 4368/4368
f 4367/4367 4368/4368 4363/4363
f 4368/4368 4373/4373 4374/4374
f 4368/4368 4374/4374 4369/4369
f 4369/4369 4374/4374 4375/4375
f 4369/4369 4375/4375 4370/4370
f 4370/4370 4375/4375 4376/4376
f 4370/4370 4376/4376 4371/4371
f 4371/4371 4376/4376 4377/4377
f 4371/4371 4377/4377 4372/4372
f 4372/4372 4377/4377 4373/4373
f 4372/4372 4373/4373 4368/4368
f 4373/4373 4378/4378 4379/4379
f 4373/4373 4379/4379 4374/4374
f 4374/4374 4379/4379 4380/4380
f 4374/4374 4380/4380 4375/4375
f 4375/4375 4380/4380 4381/4381
f 4375/4375 4381/4381 4376/4376
f 4376/4376 4381/4381 4382/4382
f 4376/4376 4382/4382 4377/4377
f 4377/4377 4382/4382 4378/4378
f 4377/4377 4378/4378 4373/4373
f 4378/4378 4383/4383 4384/4384
f 4378/4378 4384/4384 4379/4379
f 4379/4379 4384/4384 4385/4385
f 4379/4379 4385/4385 4380/4380
f 4380/4380 4385/4385 4386/4386
f 4380/4380 4386/4386 4381/4381
f 4381/4381 4386/4386 4387/4387
f 4381/4381 4387/4387 4382/4382
f 4382/4382 4387/4387 4383/4383
f 4382/4382 4383/4383 4378/4378
f 4383/4383 4388/4388 4389/4389
f 4383/4383 4389/4389 4384/4384
f 4384/4384 4389/4389 4390/4390
f 4384/4384 4390/4390 4385/4385
f 4385/4385 4390/4390 4391/4391
f 4385/4385 4391/4391 4386/4386
f 4386/4386 4391/4391 4392/4392
f 4386/4386 4392/4392 4387/4387
f 4387/4387 4392/4392 4388/4388
f 4387/4387 4388/4388 4383/4383
f 4388/4388 4393/4393 4394/4394
f 4388/4388 4394/4394 4389/4389
f 4389/4389 4394/4394 4395/4395
f 4389/4389 4395/4395 4390/4390
f 4390/4390 4395/4395 4396/4396
f 4390/4390 4396/4396 4391/4391
f 4391/4391 4396/4396 4397/4397
f 4391/4391 4397/4397 4392/4392
f 4392/4392 4397/4397 4393/4393
f 4392/4392 4393/4393 4388/4388
f 4393/4393 4398/4398 4399/4399
f 4393/4393 4399/4399 4394/4394
f 4394/4394 4399/4399 4400/4400
f 4394/4394 4400/4400 4395/4395
f 4395/4395 4400/4400 4401/4401
f 4395/4395 4401/4401 4396/4396
f 4396/4396 4401/4401 4402/4402
f 4396/4396 4402/4402 4397/4397
f 4397/4397 4402/4402 4398/4398
f 4397/4397 4398/4398 4393/4393
f 4398/4398 4403/4403 4404/4404
f 4398/4398 4404/4404 4399/4399
f 4399/4399 4404/4404 4405/4405
f 4399/4399 4405/4405 4400/4400
f 4400/4400 4405/4405 4406/4406
f 4400/4400 4406/4406 4401/4401
f 4401/4401 4406/4406 4407/4407
f 4401/4401 4407/4407 4402/4402
f 4402/4402 4407/4407 4403/4403
f 4402/4402 4403/4403 4398/4398
f 4403/4403 4408/4408 4409/4409
f 4403/4403 4409/4409 4404/4404
f 4404/4404 4409/4409 4410/4410
f 4404/4404 4410/4410 4405/4405
f 4405/4405 4410/4410 4411/4411
f 4405/4405 4411/4411 4406/4406
f 4406/4406 4411/4411 4412/4412
f 4406/4406 4412/4412 4407/4407
f 4407/4407 4412/4412 4408/4408
f 4407/4407 4408/4408 4403/4403
f 4408/4408 4413/4413 4414/4414
f 4408/4408 4414/4414 4409/4409
f 4409/4409 4414/4414 4415/4415
f 4409/4409 4415/4415 4410/4410
f 4410/4410 4415/4415 4416/4416
f 4410/4410 4416/4416 4411/4411
f 4411/4411 4416/4416 4417/4417
f 4411/4411 4417/4417 4412/4412
f 4412/4412 4417/4417 4413/4413
f 4412/4412 4413/4413 4408/4408
f 4413/4413 4418/4418 4419/4419
f 4413/4413 4419/4419 4414/4414
f 4414/4414 4419/4419 4420/4420
f 4414/4414 4420/4420 4415/4415
f 4415/4415 4420/4420 4421/4421
f 4415/4415 4421/4421 4416/4416
f 4416/4416 4421/4421 4422/4422
f 4416/4416 4422/4422 4417/4417
f 4417/4417 4422/4422 4418/4418
f 4417/4417 4418/4418 4413/4413
f 4418/4418 4423/4423 4424/4424
f 4418/4418 4424/4424 4419/4419
f 4419/4419 4424/4424 4425/4425
f 4419/4419 4425/4425 4420/4420
f 4420/4420 4425/4425 4426/4426
f 4420/4420 4426/4426 4421/4421
f 4421/4421 4426/4426 4427/4427
f 4421/4421 4427/4427 4422/4422
f 4422/4422 4427/4427 4423/4423
f 4422/4422 4423/4423 4418/4418
f 4423/4423 4428/4428 4429/4429
f 4423/4423 4429/4429 4424/4424
f 4424/4424 4429/4429 4430/4430
f 4424/4424 4430/4430 4425/4425
f 4425/4425 4430/4430 4431/4431
f 4425/4425 4431/4431 4426/4426
f 4426/4426 4431/4431 4432/4432
f 4426/4426 4432/4432 4427/4427
f 4427/4427 4432/4432 4428/4428
f 4427/4427 4428/4428 4423/4423
f 4428/4428 4433/4433 4434/4434
f 4428/4428 4434/4434 4429/4429
f 4429/4429 4434/4434 4435/4435
f 4429/4429 4435/4435 4430/4430
f 4430/4430 4435/4435 4436/4436
f 4430/4430 4436/4436 4431/4431
f 4431/4431 4436/4436 4437/4437
f 4431/4431 4437/4437 4432/4432
f 4432/4432 4437/4437 4433/4433
f 4432/4432 4433/4433 4428/4428
f 4433/4433 4438/4438 4439/4439
f 4433/4433 4439/4439 4434/4434
f 4434/4434 4439/4439 4440/4440
f 4434/4434 4440/4440 4435/4435
f 4435/4435 4440/4440 4441/4441
f 4435/4435 4441/4441 4436/4436
f 4436/4436 4441/4441 4442/4442
f 4436/4436 4442/4442 4437/4437
f 4437/4437 4442/4442 4438/4438
f 4437/4437 4438/4438 4433/4433
f 4438/4438 4443/4443 4444/4444
f 4438/4438 4444/4444 4439/4439
f 4439/4439 4444/4444 4445/4445
f 4439/4439 4445/4445 4440/4440
f 4440/4440 4445/4445 4446/4446
f 4440/4440 4446/4446 4441/4441
f 4441/4441 4446/4446 4447/4447
f 4441/4441 4447/4447 4442/4442
f 4442/4442 4447/4447 4443/4443
f 4442/4442 4443/4443 4438/4438
f 4443/4443 4448/4448 4449/4449
f 4443/4443 4449/4449 4444/4444
f 4444/4444 4449/4449 4450/4450
f 4444/4444 4450/4450 4445/4445
f 4445/4445 4450/4450 4451/4451
f 4445/4445 4451/4451 4446/4446
f 4446/4446 4451/4451 4452/4452
f 4446/4446 4452/4452 4447/4447
f 4447/4447 4452/4452 4448/4448
f 4447/4447 4448/4448 4443/4443
f 4448/4448 4453/4453 4454/4454
f 4448/4448 4454/4454 4449/4449
f 4449/4449 4454/4454 4455/4455
f 4449/4449 4455/4455 4450/4450
f 4450/4450 4455/4455 4456/4456
f 4450/4450 4456/4456 4451/4451
f 4451/4451 4456/4456 4457/4457
f 4451/4451 4457/4457 4452/4452
f 4452/4452 4457/4457 4453/4453
f 4452/4452 4453/4453 4448/4448
f 4453/4453 4458/4458 4459/4459
f 4453/4453 4459/4459 4454/4454
f 4454/4454 4459/4459 4460/4460
f 4454/4454 4460/4460 4455/4455
f 4455/4455 4460/4460 4461/4461
f 4455/4455 4461/4461 4456/4456
f 4456/4456 4461/4461 4462/4462
f 4456/4456 4462/4462 4457/4457
f 4457/4457 4462/4462 4458/4458
f 4457/4457 4458/4458 4453/4453
f 4458/4458 4463/4463 4464/4464
f 4458/4458 4464/4464 4459/4459
f 4459/4459 4464/4464 4465/4465
f 4459/4459 4465/4465 4460/4460
f 4460/4460 4465/4465 4466/4466
f 4460/4460 4466/4466 4461/4461
f 4461/4461 4466/4466 4467/4467
f 4461/4461 4467/4467 4462/4462
f 4462/4462 4467/4467 4463/4463
f 4462/4462 4463/4463 4458/4458
f 4463/4463 4468/4468 4469/4469
f 4463/4463 4469/4469 4464/4464
f 4464/4464 4469/4469 4470/4470
f 4464/4464 4470/4470 4465/4465
f 4465/4465 4470/4470 4471/4471
f 4465/4465 4471/4471 4466/4466
f 4466/4466 4471/4471 4472/4472
f 4466/4466 4472/4472 4467/4467
f 4467/4467 4472/4472 4468/4468
f 4467/4467 4468/4468 4463/4463
f 4468/4468 4473/4473 4474/4474
f 4468/4468 4474/4474 4469/4469
f 4469/4469 4474/4474 4475/4475
f 4469/4469 4475/4475 4470/4470
f 4470/4470 4475/4475 4476/4476
f 4470/4470 4476/4476 4471/4471
f 4471/4471 4476/4476 4477/4477
f 4471/4471 4477/4477 4472/4472
f 4472/4472 4477/4477 4473/4473
f 4472/4472 4473/4473 4468/4468
f 4473/4473 4478/4478 4479/4479
f 4473/4473 4479/4479 4474/4474
f 4474/4474 4479/4479 4480/4480
f 4474/4474 4480/4480 4475/4475
f 4475/4475 4480/4480 4481/4481
f 4475/4475 4481/4481 4476/4476
f 4476/4476 4481/4481 4482/4482
f 4476/4476 4482/4482 4477/4477
f 4477/4477 4482/4482 4478/4478
f 4477/4477 4478/4478 4473/4473
f 4478/4478 4483/4483 4484/4484
f 4478/4478 4484/4484 4479/4479
f 4479/4479 4484/4484 4485/4485
f 4479/4479 4485/4485 4480/4480
f 4480/4480 4485/4485 4486/4486
f 4480/4480 4486/4486 4481/4481
f 4481/4481 4486/4486 4487/4487
f 4481/4481 4487/4487 4482/4482
f 4482/4482 4487/4487 4483/4483
f 4482/4482 4483/4483 4478/4478
f 4483/4483 4488/4488 4489/4489
f 4483/4483 4489/4489 4484/4484
f 4484/4484 4489/4489 4490/4490
f 4484/4484 4490/4490 4485/4485
f 4485/4485 4490/4490 4491/4491
f 4485/4485 4491/4491 4486/4486
f 4486/4486 4491/4491 4492/4492
f 4486/4486 4492/4492 4487/4487
f 4487/4487 4492/4492 4488/4488
f 4487/4487 4488/4488 4483/4483
f 4488/4488 4493/4493 4494/4494
f 4488/4488 4494/4494 4489/4489
f 4489/4489 4494/4494 4495/4495
f 4489/4489 4495/4495 4490/4490
f 4490/4490 4495/4495 4496/4496
f 4490/4490 4496/4496 4491/4491
f 4491/4491 4496/4496 4497/4497
f 4491/4491 4497/4497 4492/4492
f 4492/4492 4497/4497 4493/4493
f 4492/4492 4493/4493 4488/4488
f 4493/4493 4498/4498 4499/4499
f 4493/4493 4499/4499 4494/4494
f 4494/4494 4499/4499 4500/4500
f 4494/4494 4500/4500 4495/4495
f 4495/4495 4500/4500 4501/4501
f 4495/4495 4501/4501 4496/4496
f 4496/4496 4501/4501 4502/4502
f 4496/4496 4502/4502 4497/4497
f 4497/4497 4502/4502 4498/4498
f 4497/4497 4498/4498 4493/4493
f 4498/4498 4503/4503 4504/4504
f 4498/4498 4504/4504 4499/4499
f 4499/4499 4504/4504 4505/4505
f 4499/4499 4505/4505 4500/4500
f 4500/4500 4505/4505 4506/4506
f 4500/4500 4506/4506 4501/4501
f 4501/4501 4506/4506 4507/4507
f 4501/4501 4507/4507 4502/4502
f 4502/4502 4507/4507 4503/4503
f 4502/4502 4503/4503 4498/4498
f 4503/4503 4508/4508 4509/4509
f 4503/4503 4509/4509 4504/4504
f 4504/4504 4509/4509 4510/4510
f 4504/4504 4510/4510 4505/4505
f 4505/4505 4510/4510 4511/4511
f 4505/4505 4511/4511 4506/4506
f 4506/4506 4511/4511 4512/4512
f 4506/4506 4512/4512 4507/4507
f 4507/4507 4512/4512 4508/4508
f 4507/4507 4508/4508 4503/4503
f 4508/4508 4513/4513 4514/4514
f 4508/4508 4514/4514 4509/4509
f 4509/4509 4514/4514 4515/4515
f 4509/4509 4515/4515 4510/4510
f 4510/4510 4515/4515 4516/4516
f 4510/4510 4516/4516 4511/4511
f 4511/4511 4516/4516 4517/4517
f 4511/4511 4517/4517 4512/4512
f 4512/4512 4517/4517 4513/4513
f 4512/4512 4513/4513 4508/4508
f 4513/4513 4518/4518 4519/4519
f 4513/4513 4519/4519 4514/4514
f 4514/4514 4519/4519 4520/4520
f 4514/4514 4520/4520 4515/4515
f 4515/4515 4520/4520 4521/4521
f 4515/4515 4521/4521 4516/4516
f 4516/4516 4521/4521 4522/4522
f 4516/4516 4522/4522 4517/4517
f 4517/4517 4522/4522 4518/4518
f 4517/4517 4518/4518 4513/4513
f 4518/4518 4523/4523 4524/4524
f 4518/4518 4524/4524 4519/4519
f 4519/4519 4524/4524 4525/4525
f 4519/4519 4525/4525 4520/4520
f 4520/4520 4525/4525 4526/4526
f 4520/4520 4526/4526 4521/4521
f 4521/4521 4526/4526 4527/4527
f 4521/4521 4527/4527 4522/4522
f 4522/4522 4527/4527 4523/4523
f 4522/4522 4523/4523 4518/4518
f 4523/4523 4528/4528 4529/4529
f 4523/4523 4529/4529 4524/4524
f 4524/4524 4529/4529 4530/4530
f 4524/4524 4530/4530 4525/4525
f 4525/4525 4530/4530 4531/4531
f 4525/4525 4531/4531 4526/4526
f 4526/4526 4531/4531 4532/4532
f 4526/4526 4532/4532 4527/4527
f 4527/4527 4532/4532 4528/4528
f 4527/4527 4528/4528 4523/4523
f 4528/4528 4533/4533 4534/4534
f 4528/4528 4534/4534 4529/4529
f 4529/4529 4534/4534 4535/4535
f 4529/4529 4535/4535 4530/4530
f 4530/4530 4535/4535 4536/4536
f 4530/4530 4536/4536 4531/4531
f 4531/4531 4536/4536 4537/4537
f 4531/4531 4537/4537 4532/4532
f 4532/4532 4537/4537 4533/4533
f 4532/4532 4533/4533 4528/4528
f 4533/4533 4538/4538 4539/4539
f 4533/4533 4539/4539 4534/4534
f 4534/4534 4539/4539 4540/4540
f 4534/4534 4540/4540 4535/4535
f 4535/4535 4540/4540 4541/4541
f 4535/4535 4541/4541 4536/4536
f 4536/4536 4541/4541 4542/4542
f 4536/4536 4542/4542 4537/4537
f 4537/4537 4542/4542 4538/4538
f 4537/4537 4538/4538 4533/4533
f 4538/4538 4543/4543 4544/4544
f 4538/4538 4544/4544 4539/4539
f 4539/4539 4544/4544 4545/4545
f 4539/4539 4545/4545 4540/4540
f 4540/4540 4545/4545 4546/4546
f 4540/4540 4546/4546 4541/4541
f 4541/4541 4546/4546 4547/4547
f 4541/4541 4547/4547 4542/4542
f 4542/4542 4547/4547 4543/4543
f 4542/4542 4543/4543 4538/4538
f 4543/4543 4548/4548 4549/4549
f 4543/4543 4549/4549 4544/4544
f 4544/4544 4549/4549 4550/4550
f 4544/4544 4550/4550 4545/4545
f 4545/4545 4550/4550 4551/4551
f 4545/4545 4551/4551 4546/4546
f 4546/4546 4551/4551 4552/4552
f 4546/4546 4552/4552 4547/4547
f 4547/4547 4552/4552 4548/4548
f 4547/4547 4548/4548 4543/4543
f 4548/4548 4353/4353 4354/4354
f 4548/4548 4354/4354 4549/4549
f 4549/4549 4354/4354 4355/4355
f 4549/4549 4355/4355 4550/4550
f 4550/4550 4355/4355 4356/4356
f 4550/4550 4356/4356 4551/4551
f 4551/4551 4356/4356 4357/4357
f 4551/4551 4357/4357 4552/4552
f 4552/4552 4357/4357 4353/4353
f 4552/4552 4353/4353 4548/4548
usemtl DarkIron
f 4553/4553 4555/4555 4556/4556
f 4553/4553 4556/4556 4554/4554
f 4555/4555 4557/4557 4558/4558
f 4555/4555 4558/4558 4556/4556
f 4557/4557 4559/4559 4560/4560
f 4557/4557 4560/4560 4558/4558
f 4559/4559 4561/4561 4562/4562
f 4559/4559 4562/4562 4560/4560
f 4561/4561 4563/4563 4564/4564
f 4561/4561 4564/4564 4562/4562
f 4563/4563 4565/4565 4566/4566
f 4563/4563 4566/4566 4564/4564
f 4565/4565 4567/4567 4568/4568
f 4565/4565 4568/4568 4566/4566
f 4567/4567 4569/4569 4570/4570
f 4567/4567 4570/4570 4568/4568
f 4569/4569 4571/4571 4572/4572
f 4569/4569 4572/4572 4570/4570
f 4571/4571 4573/4573 4574/4574
f 4571/4571 4574/4574 4572/4572
f 4573/4573 4575/4575 4576/4576
f 4573/4573 4576/4576 4574/4574
f 4575/4575 4577/4577 4578/4578
f 4575/4575 4578/4578 4576/4576
f 4577/4577 4579/4579 4580/4580
f 4577/4577 4580/4580 4578/4578
f 4579/4579 4581/4581 4582/4582
f 4579/4579 4582/4582 4580/4580
f 4581/4581 4583/4583 4584/4584
f 4581/4581 4584/4584 4582/4582
f 4583/4583 4585/4585 4586/4586
f 4583/4583 4586/4586 4584/4584
f 4585/4585 4587/4587 4588/4588
f 4585/4585 4588/4588 4586/4586
f 4587/4587 4589/4589 4590/4590
f 4587/4587 4590/4590 4588/4588
f 4589/4589 4591/4591 4592/4592
f 4589/4589 4592/4592 4590/4590
f 4591/4591 4593/4593 4594/4594
f 4591/4591 4594/4594 4592/4592
f 4593/4593 4595/4595 4596/4596
f 4593/4593 4596/4596 4594/4594
f 4595/4595 4597/4597 4598/4598
f 4595/4595 4598/4598 4596/4596
f 4597/4597 4599/4599 4600/4600
f 4597/4597 4600/4600 4598/4598
f 4599/4599 4601/4601 4602/4602
f 4599/4599 4602/4602 4600/4600
f 4601/4601 4603/4603 4604/4604
f 4601/4601 4604/4604 4602/4602
f 4603/4603 4605/4605 4606/4606
f 4603/4603 4606/4606 4604/4604
f 4605/4605 4607/4607 4608/4608
f 4605/4605 4608/4608 4606/4606
f 4607/4607 4609/4609 4610/4610
f 4607/4607 4610/4610 4608/4608
f 4609/4609 4611/4611 4612/4612
f 4609/4609 4612/4612 4610/4610
f 4611/4611 4613/4613 4614/4614
f 4611/4611 4614/4614 4612/4612
f 4613/4613 4615/4615 4616/4616
f 4613/4613 4616/4616 4614/4614
f 4615/4615 4553/4553 4554/4554
f 4615/4615 4554/4554 4616/4616
f 4615/4615 4613/4613 4611/4611 4609/4609 4607/4607 4605/4605 4603/4603 4601/4601 4599/4599 4597/4597 4595/4595 4593/4593 4591/4591 4589/4589 4587/4587 4585/4585 4583/4583 4581/4581 4579/4579 4577/4577 4575/4575 4573/4573 4571/4571 4569/4569 4567/4567 4565/4565 4563/4563 4561/4561 4559/4559 4557/4557 4555/4555 4553/4553
f 4554/4554 4556/4556 4558/4558 4560/4560 4562/4562 4564/4564 4566/4566 4568/4568 4570/4570 4572/4572 4574/4574 4576/4576 4578/4578 4580/4580 4582/4582 4584/4584 4586/4586 4588/4588 4590/4590 4592/4592 4594/4594 4596/4596 4598/4598 4600/4600 4602/4602 4604/4604 4606/4606 4608/4608 4610/4610 4612/4612 4614/4614 4616/4616
usemtl WarmBrass
f 4617/4617 4622/4622 4623/4623
f 4617/4617 4623/4623 4618/4618
f 4618/4618 4623/4623 4624/4624
f 4618/4618 4624/4624 4619/4619
f 4619/4619 4624/4624 4625/4625
f 4619/4619 4625/4625 4620/4620
f 4620/4620 4625/4625 4626/4626
f 4620/4620 4626/4626 4621/4621
f 4621/4621 4626/4626 4622/4622
f 4621/4621 4622/4622 4617/4617
f 4622/4622 4627/4627 4628/4628
f 4622/4622 4628/4628 4623/4623
f 4623/4623 4628/4628 4629/4629
f 4623/4623 4629/4629 4624/4624
f 4624/4624 4629/4629 4630/4630
f 4624/4624 4630/4630 4625/4625
f 4625/4625 4630/4630 4631/4631
f 4625/4625 4631/4631 4626/4626
f 4626/4626 4631/4631 4627/4627
f 4626/4626 4627/4627 4622/4622
f 4627/4627 4632/4632 4633/4633
f 4627/4627 4633/4633 4628/4628
f 4628/4628 4633/4633 4634/4634
f 4628/4628 4634/4634 4629/4629
f 4629/4629 4634/4634 4635/4635
f 4629/4629 4635/4635 4630/4630
f 4630/4630 4635/4635 4636/4636
f 4630/4630 4636/4636 4631/4631
f 4631/4631 4636/4636 4632/4632
f 4631/4631 4632/4632 4627/4627
f 4632/4632 4637/4637 4638/4638
f 4632/4632 4638/4638 4633/4633
f 4633/4633 4638/4638 4639/4639
f 4633/4633 4639/4639 4634/4634
f 4634/4634 4639/4639 4640/4640
f 4634/4634 4640/4640 4635/4635
f 4635/4635 4640/4640 4641/4641
f 4635/4635 4641/4641 4636/4636
f 4636/4636 4641/4641 4637/4637
f 4636/4636 4637/4637 4632/4632
f 4637/4637 4642/4642 4643/4643
f 4637/4637 4643/4643 4638/4638
f 4638/4638 4643/4643 4644/4644
f 4638/4638 4644/4644 4639/4639
f 4639/4639 4644/4644 4645/4645
f 4639/4639 4645/4645 4640/4640
f 4640/4640 4645/4645 4646/4646
f 4640/4640 4646/4646 4641/4641
f 4641/4641 4646/4646 4642/4642
f 4641/4641 4642/4642 4637/4637
f 4642/4642 4647/4647 4648/4648
f 4642/4642 4648/4648 4643/4643
f 4643/4643 4648/4648 4649/4649
f 4643/4643 4649/4649 4644/4644
f 4644/4644 4649/4649 4650/4650
f 4644/4644 4650/4650 4645/4645
f 4645/4645 4650/4650 4651/4651
f 4645/4645 4651/4651 4646/4646
f 4646/4646 4651/4651 4647/4647
f 4646/4646 4647/4647 4642/4642
f 4647/4647 4652/4652 4653/4653
f 4647/4647 4653/4653 4648/4648
f 4648/4648 4653/4653 4654/4654
f 4648/4648 4654/4654 4649/4649
f 4649/4649 4654/4654 4655/4655
f 4649/4649 4655/4655 4650/4650
f 4650/4650 4655/4655 4656/4656
f 4650/4650 4656/4656 4651/4651
f 4651/4651 4656/4656 4652/4652
f 4651/4651 4652/4652 4647/4647
f 4652/4652 4657/4657 4658/4658
f 4652/4652 4658/4658 4653/4653
f 4653/4653 4658/4658 4659/4659
f 4653/4653 4659/4659 4654/4654
f 4654/4654 4659/4659 4660/4660
f 4654/4654 4660/4660 4655/4655
f 4655/4655 4660/4660 4661/4661
f 4655/4655 4661/4661 4656/4656
f 4656/4656 4661/4661 4657/4657
f 4656/4656 4657/4657 4652/4652
f 4657/4657 4662/4662 4663/4663
f 4657/4657 4663/4663 4658/4658
f 4658/4658 4663/4663 4664/4664
f 4658/4658 4664/4664 4659/4659
f 4659/4659 4664/4664 4665/4665
f 4659/4659 4665/4665 4660/4660
f 4660/4660 4665/4665 4666/4666
f 4660/4660 4666/4666 4661/4661
f 4661/4661 4666/4666 4662/4662
f 4661/4661 4662/4662 4657/4657
f 4662/4662 4667/4667 4668/4668
f 4662/4662 4668/4668 4663/4663
f 4663/4663 4668/4668 4669/4669
f 4663/4663 4669/4669 4664/4664
f 4664/4664 4669/4669 4670/4670
f 4664/4664 4670/4670 4665/4665
f 4665/4665 4670/4670 4671/4671
f 4665/4665 4671/4671 4666/4666
f 4666/4666 4671/4671 4667/4667
f 4666/4666 4667/4667 4662/4662
f 4667/4667 4672/4672 4673/4673
f 4667/4667 4673/4673 4668/4668
f 4668/4668 4673/4673 4674/4674
f 4668/4668 4674/4674 4669/4669
f 4669/4669 4674/4674 4675/4675
f 4669/4669 4675/4675 4670/4670
f 4670/4670 4675/4675 4676/4676
f 4670/4670 4676/4676 4671/4671
f 4671/4671 4676/4676 4672/4672
f 4671/4671 4672/4672 4667/4667
f 4672/4672 4677/4677 4678/4678
f 4672/4672 4678/4678 4673/4673
f 4673/4673 4678/4678 4679/4679
f 4673/4673 4679/4679 4674/4674
f 4674/4674 4679/4679 4680/4680
f 4674/4674 4680/4680 4675/4675
f 4675/4675 4680/4680 4681/4681
f 4675/4675 4681/4681 4676/4676
f 4676/4676 4681/4681 4677/4677
f 4676/4676 4677/4677 4672/4672
f 4677/4677 4682/4682 4683/4683
f 4677/4677 4683/4683 4678/4678
f 4678/4678 4683/4683 4684/4684
f 4678/4678 4684/4684 4679/4679
f 4679/4679 4684/4684 4685/4685
f 4679/4679 4685/4685 4680/4680
f 4680/4680 4685/4685 4686/4686
f 4680/4680 4686/4686 4681/4681
f 4681/4681 4686/4686 4682/4682
f 4681/4681 4682/4682 4677/4677
f 4682/4682 4687/4687 4688/4688
f 4682/4682 4688/4688 4683/4683
f 4683/4683 4688/4688 4689/4689
f 4683/4683 4689/4689 4684/4684
f 4684/4684 4689/4689 4690/4690
f 4684/4684 4690/4690 4685/4685
f 4685/4685 4690/4690 4691/4691
f 4685/4685 4691/4691 4686/4686
f 4686/4686 4691/4691 4687/4687
f 4686/4686 4687/4687 4682/4682
f 4687/4687 4692/4692 4693/4693
f 4687/4687 4693/4693 4688/4688
f 4688/4688 4693/4693 4694/4694
f 4688/4688 4694/4694 4689/4689
f 4689/4689 4694/4694 4695/4695
f 4689/4689 4695/4695 4690/4690
f 4690/4690 4695/4695 4696/4696
f 4690/4690 4696/4696 4691/4691
f 4691/4691 4696/4696 4692/4692
f 4691/4691 4692/4692 4687/4687
f 4692/4692 4697/4697 4698/4698
f 4692/4692 4698/4698 4693/4693
f 4693/4693 4698/4698 4699/4699
f 4693/4693 4699/4699 4694/4694
f 4694/4694 4699/4699 4700/4700
f 4694/4694 4700/4700 4695/4695
f 4695/4695 4700/4700 4701/4701
f 4695/4695 4701/4701 4696/4696
f 4696/4696 4701/4701 4697/4697
f 4696/4696 4697/4697 4692/4692
f 4697/4697 4702/4702 4703/4703
f 4697/4697 4703/4703 4698/4698
f 4698/4698 4703/4703 4704/4704
f 4698/4698 4704/4704 4699/4699
f 4699/4699 4704/4704 4705/4705
f 4699/4699 4705/4705 4700/4700
f 4700/4700 4705/4705 4706/4706
f 4700/4700 4706/4706 4701/4701
f 4701/4701 4706/4706 4702/4702
f 4701/4701 4702/4702 4697/4697
f 4702/4702 4707/4707 4708/4708
f 4702/4702 4708/4708 4703/4703
f 4703/4703 4708/4708 4709/4709
f 4703/4703 4709/4709 4704/4704
f 4704/4704 4709/4709 4710/4710
f 4704/4704 4710/4710 4705/4705
f 4705/4705 4710/4710 4711/4711
f 4705/4705 4711/4711 4706/4706
f 4706/4706 4711/4711 4707/4707
f 4706/4706 4707/4707 4702/4702
f 4707/4707 4712/4712 4713/4713
f 4707/4707 4713/4713 4708/4708
f 4708/4708 4713/4713 4714/4714
f 4708/4708 4714/4714 4709/4709
f 4709/4709 4714/4714 4715/4715
f 4709/4709 4715/4715 4710/4710
f 4710/4710 4715/4715 4716/4716
f 4710/4710 4716/4716 4711/4711
f 4711/4711 4716/4716 4712/4712
f 4711/4711 4712/4712 4707/4707
f 4712/4712 4717/4717 4718/4718
f 4712/4712 4718/4718 4713/4713
f 4713/4713 4718/4718 4719/4719
f 4713/4713 4719/4719 4714/4714
f 4714/4714 4719/4719 4720/4720
f 4714/4714 4720/4720 4715/4715
f 4715/4715 4720/4720 4721/4721
f 4715/4715 4721/4721 4716/4716
f 4716/4716 4721/4721 4717/4717
f 4716/4716 4717/4717 4712/4712
f 4717/4717 4722/4722 4723/4723
f 4717/4717 4723/4723 4718/4718
f 4718/4718 4723/4723 4724/4724
f 4718/4718 4724/4724 4719/4719
f 4719/4719 4724/4724 4725/4725
f 4719/4719 4725/4725 4720/4720
f 4720/4720 4725/4725 4726/4726
f 4720/4720 4726/4726 4721/4721
f 4721/4721 4726/4726 4722/4722
f 4721/4721 4722/4722 4717/4717
f 4722/4722 4727/4727 4728/4728
f 4722/4722 4728/4728 4723/4723
f 4723/4723 4728/4728 4729/4729
f 4723/4723 4729/4729 4724/4724
f 4724/4724 4729/4729 4730/4730
f 4724/4724 4730/4730 4725/4725
f 4725/4725 4730/4730 4731/4731
f 4725/4725 4731/4731 4726/4726
f 4726/4726 4731/4731 4727/4727
f 4726/4726 4727/4727 4722/4722
f 4727/4727 4732/4732 4733/4733
f 4727/4727 4733/4733 4728/4728
f 4728/4728 4733/4733 4734/4734
f 4728/4728 4734/4734 4729/4729
f 4729/4729 4734/4734 4735/4735
f 4729/4729 4735/4735 4730/4730
f 4730/4730 4735/4735 4736/4736
f 4730/4730 4736/4736 4731/4731
f 4731/4731 4736/4736 4732/4732
f 4731/4731 4732/4732 4727/4727
f 4732/4732 4737/4737 4738/4738
f 4732/4732 4738/4738 4733/4733
f 4733/4733 4738/4738 4739/4739
f 4733/4733 4739/4739 4734/4734
f 4734/4734 4739/4739 4740/4740
f 4734/4734 4740/4740 4735/4735
f 4735/4735 4740/4740 4741/4741
f 4735/4735 4741/4741 4736/4736
f 4736/4736 4741/4741 4737/4737
f 4736/4736 4737/4737 4732/4732
f 4737/4737 4742/4742 4743/4743
f 4737/4737 4743/4743 4738/4738
f 4738/4738 4743/4743 4744/4744
f 4738/4738 4744/4744 4739/4739
f 4739/4739 4744/4744 4745/4745
f 4739/4739 4745/4745 4740/4740
f 4740/4740 4745/4745 4746/4746
f 4740/4740 4746/4746 4741/4741
f 4741/4741 4746/4746 4742/4742
f 4741/4741 4742/4742 4737/4737
f 4742/4742 4747/4747 4748/4748
f 4742/4742 4748/4748 4743/4743
f 4743/4743 4748/4748 4749/4749
f 4743/4743 4749/4749 4744/4744
f 4744/4744 4749/4749 4750/4750
f 4744/4744 4750/4750 4745/4745
f 4745/4745 4750/4750 4751/4751
f 4745/4745 4751/4751 4746/4746
f 4746/4746 4751/4751 4747/4747
f 4746/4746 4747/4747 4742/4742
f 4747/4747 4752/4752 4753/4753
f 4747/4747 4753/4753 4748/4748
f 4748/4748 4753/4753 4754/4754
f 4748/4748 4754/4754 4749/4749
f 4749/4749 4754/4754 4755/4755
f 4749/4749 4755/4755 4750/4750
f 4750/4750 4755/4755 4756/4756
f 4750/4750 4756/4756 4751/4751
f 4751/4751 4756/4756 4752/4752
f 4751/4751 4752/4752 4747/4747
f 4752/4752 4757/4757 4758/4758
f 4752/4752 4758/4758 4753/4753
f 4753/4753 4758/4758 4759/4759
f 4753/4753 4759/4759 4754/4754
f 4754/4754 4759/4759 4760/4760
f 4754/4754 4760/4760 4755/4755
f 4755/4755 4760/4760 4761/4761
f 4755/4755 4761/4761 4756/4756
f 4756/4756 4761/4761 4757/4757
f 4756/4756 4757/4757 4752/4752
f 4757/4757 4762/4762 4763/4763
f 4757/4757 4763/4763 4758/4758
f 4758/4758 4763/4763 4764/4764
f 4758/4758 4764/4764 4759/4759
f 4759/4759 4764/4764 4765/4765
f 4759/4759 4765/4765 4760/4760
f 4760/4760 4765/4765 4766/4766
f 4760/4760 4766/4766 4761/4761
f 4761/4761 4766/4766 4762/4762
f 4761/4761 4762/4762 4757/4757
f 4762/4762 4767/4767 4768/4768
f 4762/4762 4768/4768 4763/4763
f 4763/4763 4768/4768 4769/4769
f 4763/4763 4769/4769 4764/4764
f 4764/4764 4769/4769 4770/4770
f 4764/4764 4770/4770 4765/4765
f 4765/4765 4770/4770 4771/4771
f 4765/4765 4771/4771 4766/4766
f 4766/4766 4771/4771 4767/4767
f 4766/4766 4767/4767 4762/4762
f 4767/4767 4772/4772 4773/4773
f 4767/4767 4773/4773 4768/4768
f 4768/4768 4773/4773 4774/4774
f 4768/4768 4774/4774 4769/4769
f 4769/4769 4774/4774 4775/4775
f 4769/4769 4775/4775 4770/4770
f 4770/4770 4775/4775 4776/4776
f 4770/4770 4776/4776 4771/4771
f 4771/4771 4776/4776 4772/4772
f 4771/4771 4772/4772 4767/4767
f 4772/4772 4777/4777 4778/4778
f 4772/4772 4778/4778 4773/4773
f 4773/4773 4778/4778 4779/4779
f 4773/4773 4779/4779 4774/4774
f 4774/4774 4779/4779 4780/4780
f 4774/4774 4780/4780 4775/4775
f 4775/4775 4780/4780 4781/4781
f 4775/4775 4781/4781 4776/4776
f 4776/4776 4781/4781 4777/4777
f 4776/4776 4777/4777 4772/4772
f 4777/4777 4782/4782 4783/4783
f 4777/4777 4783/4783 4778/4778
f 4778/4778 4783/4783 4784/4784
f 4778/4778 4784/4784 4779/4779
f 4779/4779 4784/4784 4785/4785
f 4779/4779 4785/4785 4780/4780
f 4780/4780 4785/4785 4786/4786
f 4780/4780 4786/4786 4781/4781
f 4781/4781 4786/4786 4782/4782
f 4781/4781 4782/4782 4777/4777
f 4782/4782 4787/4787 4788/4788
f 4782/4782 4788/4788 4783/4783
f 4783/4783 4788/4788 4789/4789
f 4783/4783 4789/4789 4784/4784
f 4784/4784 4789/4789 4790/4790
f 4784/4784 4790/4790 4785/4785
f 4785/4785 4790/4790 4791/4791
f 4785/4785 4791/4791 4786/4786
f 4786/4786 4791/4791 4787/4787
f 4786/4786 4787/4787 4782/4782
f 4787/4787 4792/4792 4793/4793
f 4787/4787 4793/4793 4788/4788
f 4788/4788 4793/4793 4794/4794
f 4788/4788 4794/4794 4789/4789
f 4789/4789 4794/4794 4795/4795
f 4789/4789 4795/4795 4790/4790
f 4790/4790 4795/4795 4796/4796
f 4790/4790 4796/4796 4791/4791
f 4791/4791 4796/4796 4792/4792
f 4791/4791 4792/4792 4787/4787
f 4792/4792 4797/4797 4798/4798
f 4792/4792 4798/4798 4793/4793
f 4793/4793 4798/4798 4799/4799
f 4793/4793 4799/4799 4794/4794
f 4794/4794 4799/4799 4800/4800
f 4794/4794 4800/4800 4795/4795
f 4795/4795 4800/4800 4801/4801
f 4795/4795 4801/4801 4796/4796
f 4796/4796 4801/4801 4797/4797
f 4796/4796 4797/4797 4792/4792
f 4797/4797 4802/4802 4803/4803
f 4797/4797 4803/4803 4798/4798
f 4798/4798 4803/4803 4804/4804
f 4798/4798 4804/4804 4799/4799
f 4799/4799 4804/4804 4805/4805
f 4799/4799 4805/4805 4800/4800
f 4800/4800 4805/4805 4806/4806
f 4800/4800 4806/4806 4801/4801
f 4801/4801 4806/4806 4802/4802
f 4801/4801 4802/4802 4797/4797
f 4802/4802 4807/4807 4808/4808
f 4802/4802 4808/4808 4803/4803
f 4803/4803 4808/4808 4809/4809
f 4803/4803 4809/4809 4804/4804
f 4804/4804 4809/4809 4810/4810
f 4804/4804 4810/4810 4805/4805
f 4805/4805 4810/4810 4811/4811
f 4805/4805 4811/4811 4806/4806
f 4806/4806 4811/4811 4807/4807
f 4806/4806 4807/4807 4802/4802
f 4807/4807 4812/4812 4813/4813
f 4807/4807 4813/4813 4808/4808
f 4808/4808 4813/4813 4814/4814
f 4808/4808 4814/4814 4809/4809
f 4809/4809 4814/4814 4815/4815
f 4809/4809 4815/4815 4810/4810
f 4810/4810 4815/4815 4816/4816
f 4810/4810 4816/4816 4811/4811
f 4811/4811 4816/4816 4812/4812
f 4811/4811 4812/4812 4807/4807
f 4812/4812 4617/4617 4618/4618
f 4812/4812 4618/4618 4813/4813
f 4813/4813 4618/4618 4619/4619
f 4813/4813 4619/4619 4814/4814
f 4814/4814 4619/4619 4620/4620
f 4814/4814 4620/4620 4815/4815
f 4815/4815 4620/4620 4621/4621
f 4815/4815 4621/4621 4816/4816
f 4816/4816 4621/4621 4617/4617
f 4816/4816 4617/4617 4812/4812
usemtl DarkIron
f 4817/4817 4819/4819 4820/4820
f 4817/4817 4820/4820 4818/4818
f 4819/4819 4821/4821 4822/4822
f 4819/4819 4822/4822 4820/4820
f 4821/4821 4823/4823 4824/4824
f 4821/4821 4824/4824 4822/4822
f 4823/4823 4825/4825 4826/4826
f 4823/4823 4826/4826 4824/4824
f 4825/4825 4827/4827 4828/4828
f 4825/4825 4828/4828 4826/4826
f 4827/4827 4829/4829 4830/4830
f 4827/4827 4830/4830 4828/4828
f 4829/4829 4831/4831 4832/4832
f 4829/4829 4832/4832 4830/4830
f 4831/4831 4833/4833 4834/4834
f 4831/4831 4834/4834 4832/4832
f 4833/4833 4835/4835 4836/4836
f 4833/4833 4836/4836 4834/4834
f 4835/4835 4837/4837 4838/4838
f 4835/4835 4838/4838 4836/4836
f 4837/4837 4839/4839 4840/4840
f 4837/4837 4840/4840 4838/4838
f 4839/4839 4841/4841 4842/4842
f 4839/4839 4842/4842 4840/4840
f 4841/4841 4843/4843 4844/4844
f 4841/4841 4844/4844 4842/4842
f 4843/4843 4845/4845 4846/4846
f 4843/4843 4846/4846 4844/4844
f 4845/4845 4847/4847 4848/4848
f 4845/4845 4848/4848 4846/4846
f 4847/4847 4849/4849 4850/4850
f 4847/4847 4850/4850 4848/4848
f 4849/4849 4851/4851 4852/4852
f 4849/4849 4852/4852 4850/4850
f 4851/4851 4853/4853 4854/4854
f 4851/4851 4854/4854 4852/4852
f 4853/4853 4855/4855 4856/4856
f 4853/4853 4856/4856 4854/4854
f 4855/4855 4857/4857 4858/4858
f 4855/4855 4858/4858 4856/4856
f 4857/4857 4859/4859 4860/4860
f 4857/4857 4860/4860 4858/4858
f 4859/4859 4861/4861 4862/4862
f 4859/4859 4862/4862 4860/4860
f 4861/4861 4863/4863 4864/4864
f 4861/4861 4864/4864 4862/4862
f 4863/4863 4865/4865 4866/4866
f 4863/4863 4866/4866 4864/4864
f 4865/4865 4867/4867 4868/4868
f 4865/4865 4868/4868 4866/4866
f 4867/4867 4869/4869 4870/4870
f 4867/4867 4870/4870 4868/4868
f 4869/4869 4871/4871 4872/4872
f 4869/4869 4872/4872 4870/4870
f 4871/4871 4873/4873 4874/4874
f 4871/4871 4874/4874 4872/4872
f 4873/4873 4875/4875 4876/4876
f 4873/4873 4876/4876 4874/4874
f 4875/4875 4877/4877 4878/4878
f 4875/4875 4878/4878 4876/4876
f 4877/4877 4879/4879 4880/4880
f 4877/4877 4880/4880 4878/4878
f 4879/4879 4817/4817 4818/4818
f 4879/4879 4818/4818 4880/4880
f 4879/4879 4877/4877 4875/4875 4873/4873 4871/4871 4869/4869 4867/4867 4865/4865 4863/4863 4861/4861 4859/4859 4857/4857 4855/4855 4853/4853 4851/4851 4849/4849 4847/4847 4845/4845 4843/4843 4841/4841 4839/4839 4837/4837 4835/4835 4833/4833 4831/4831 4829/4829 4827/4827 4825/4825 4823/4823 4821/4821 4819/4819 4817/4817
f 4818/4818 4820/4820 4822/4822 4824/4824 4826/4826 4828/4828 4830/4830 4832/4832 4834/4834 4836/4836 4838/4838 4840/4840 4842/4842 4844/4844 4846/4846 4848/4848 4850/4850 4852/4852 4854/4854 4856/4856 4858/4858 4860/4860 4862/4862 4864/4864 4866/4866 4868/4868 4870/4870 4872/4872 4874/4874 4876/4876 4878/4878 4880/4880
usemtl WarmBrass
f 4881/4881 4886/4886 4887/4887
f 4881/4881 4887/4887 4882/4882
f 4882/4882 4887/4887 4888/4888
f 4882/4882 4888/4888 4883/4883
f 4883/4883 4888/4888 4889/4889
f 4883/4883 4889/4889 4884/4884
f 4884/4884 4889/4889 4890/4890
f 4884/4884 4890/4890 4885/4885
f 4885/4885 4890/4890 4886/4886
f 4885/4885 4886/4886 4881/4881
f 4886/4886 4891/4891 4892/4892
f 4886/4886 4892/4892 4887/4887
f 4887/4887 4892/4892 4893/4893
f 4887/4887 4893/4893 4888/4888
f 4888/4888 4893/4893 4894/4894
f 4888/4888 4894/4894 4889/4889
f 4889/4889 4894/4894 4895/4895
f 4889/4889 4895/4895 4890/4890
f 4890/4890 4895/4895 4891/4891
f 4890/4890 4891/4891 4886/4886
f 4891/4891 4896/4896 4897/4897
f 4891/4891 4897/4897 4892/4892
f 4892/4892 4897/4897 4898/4898
f 4892/4892 4898/4898 4893/4893
f 4893/4893 4898/4898 4899/4899
f 4893/4893 4899/4899 4894/4894
f 4894/4894 4899/4899 4900/4900
f 4894/4894 4900/4900 4895/4895
f 4895/4895 4900/4900 4896/4896
f 4895/4895 4896/4896 4891/4891
f 4896/4896 4901/4901 4902/4902
f 4896/4896 4902/4902 4897/4897
f 4897/4897 4902/4902 4903/4903
f 4897/4897 4903/4903 4898/4898
f 4898/4898 4903/4903 4904/4904
f 4898/4898 4904/4904 4899/4899
f 4899/4899 4904/4904 4905/4905
f 4899/4899 4905/4905 4900/4900
f 4900/4900 4905/4905 4901/4901
f 4900/4900 4901/4901 4896/4896
f 4901/4901 4906/4906 4907/4907
f 4901/4901 4907/4907 4902/4902
f 4902/4902 4907/4907 4908/4908
f 4902/4902 4908/4908 4903/4903
f 4903/4903 4908/4908 4909/4909
f 4903/4903 4909/4909 4904/4904
f 4904/4904 4909/4909 4910/4910
f 4904/4904 4910/4910 4905/4905
f 4905/4905 4910/4910 4906/4906
f 4905/4905 4906/4906 4901/4901
f 4906/4906 4911/4911 4912/4912
f 4906/4906 4912/4912 4907/4907
f 4907/4907 4912/4912 4913/4913
f 4907/4907 4913/4913 4908/4908
f 4908/4908 4913/4913 4914/4914
f 4908/4908 4914/4914 4909/4909
f 4909/4909 4914/4914 4915/4915
f 4909/4909 4915/4915 4910/4910
f 4910/4910 4915/4915 4911/4911
f 4910/4910 4911/4911 4906/4906
f 4911/4911 4916/4916 4917/4917
f 4911/4911 4917/4917 4912/4912
f 4912/4912 4917/4917 4918/4918
f 4912/4912 4918/4918 4913/4913
f 4913/4913 4918/4918 4919/4919
f 4913/4913 4919/4919 4914/4914
f 4914/4914 4919/4919 4920/4920
f 4914/4914 4920/4920 4915/4915
f 4915/4915 4920/4920 4916/4916
f 4915/4915 4916/4916 4911/4911
f 4916/4916 4921/4921 4922/4922
f 4916/4916 4922/4922 4917/4917
f 4917/4917 4922/4922 4923/4923
f 4917/4917 4923/4923 4918/4918
f 4918/4918 4923/4923 4924/4924
f 4918/4918 4924/4924 4919/4919
f 4919/4919 4924/4924 4925/4925
f 4919/4919 4925/4925 4920/4920
f 4920/4920 4925/4925 4921/4921
f 4920/4920 4921/4921 4916/4916
f 4921/4921 4926/4926 4927/4927
f 4921/4921 4927/4927 4922/4922
f 4922/4922 4927/4927 4928/4928
f 4922/4922 4928/4928 4923/4923
f 4923/4923 4928/4928 4929/4929
f 4923/4923 4929/4929 4924/4924
f 4924/4924 4929/4929 4930/4930
f 4924/4924 4930/4930 4925/4925
f 4925/4925 4930/4930 4926/4926
f 4925/4925 4926/4926 4921/4921
f 4926/4926 4931/4931 4932/4932
f 4926/4926 4932/4932 4927/4927
f 4927/4927 4932/4932 4933/4933
f 4927/4927 4933/4933 4928/4928
f 4928/4928 4933/4933 4934/4934
f 4928/4928 4934/4934 4929/4929
f 4929/4929 4934/4934 4935/4935
f 4929/4929 4935/4935 4930/4930
f 4930/4930 4935/4935 4931/4931
f 4930/4930 4931/4931 4926/4926
f 4931/4931 4936/4936 4937/4937
f 4931/4931 4937/4937 4932/4932
f 4932/4932 4937/4937 4938/4938
f 4932/4932 4938/4938 4933/4933
f 4933/4933 4938/4938 4939/4939
f 4933/4933 4939/4939 4934/4934
f 4934/4934 4939/4939 4940/4940
f 4934/4934 4940/4940 4935/4935
f 4935/4935 4940/4940 4936/4936
f 4935/4935 4936/4936 4931/4931
f 4936/4936 4941/4941 4942/4942
f 4936/4936 4942/4942 4937/4937
f 4937/4937 4942/4942 4943/4943
f 4937/4937 4943/4943 4938/4938
f 4938/4938 4943/4943 4944/4944
f 4938/4938 4944/4944 4939/4939
f 4939/4939 4944/4944 4945/4945
f 4939/4939 4945/4945 4940/4940
f 4940/4940 4945/4945 4941/4941
f 4940/4940 4941/4941 4936/4936
f 4941/4941 4946/4946 4947/4947
f 4941/4941 4947/4947 4942/4942
f 4942/4942 4947/4947 4948/4948
f 4942/4942 4948/4948 4943/4943
f 4943/4943 4948/4948 4949/4949
f 4943/4943 4949/4949 4944/4944
f 4944/4944 4949/4949 4950/4950
f 4944/4944 4950/4950 4945/4945
f 4945/4945 4950/4950 4946/4946
f 4945/4945 4946/4946 4941/4941
f 4946/4946 4951/4951 4952/4952
f 4946/4946 4952/4952 4947/4947
f 4947/4947 4952/4952 4953/4953
f 4947/4947 4953/4953 4948/4948
f 4948/4948 4953/4953 4954/4954
f 4948/4948 4954/4954 4949/4949
f 4949/4949 4954/4954 4955/4955
f 4949/4949 4955/4955 4950/4950
f 4950/4950 4955/4955 4951/4951
f 4950/4950 4951/4951 4946/4946
f 4951/4951 4956/4956 4957/4957
f 4951/4951 4957/4957 4952/4952
f 4952/4952 4957/4957 4958/4958
f 4952/4952 4958/4958 4953/4953
f 4953/4953 4958/4958 4959/4959
f 4953/4953 4959/4959 4954/4954
f 4954/4954 4959/4959 4960/4960
f 4954/4954 4960/4960 4955/4955
f 4955/4955 4960/4960 4956/4956
f 4955/4955 4956/4956 4951/4951
f 4956/4956 4961/4961 4962/4962
f 4956/4956 4962/4962 4957/4957
f 4957/4957 4962/4962 4963/4963
f 4957/4957 4963/4963 4958/4958
f 4958/4958 4963/4963 4964/4964
f 4958/4958 4964/4964 4959/4959
f 4959/4959 4964/4964 4965/4965
f 4959/4959 4965/4965 4960/4960
f 4960/4960 4965/4965 4961/4961
f 4960/4960 4961/4961 4956/4956
f 4961/4961 4966/4966 4967/4967
f 4961/4961 4967/4967 4962/4962
f 4962/4962 4967/4967 4968/4968
f 4962/4962 4968/4968 4963/4963
f 4963/4963 4968/4968 4969/4969
f 4963/4963 4969/4969 4964/4964
f 4964/4964 4969/4969 4970/4970
f 4964/4964 4970/4970 4965/4965
f 4965/4965 4970/4970 4966/4966
f 4965/4965 4966/4966 4961/4961
f 4966/4966 4971/4971 4972/4972
f 4966/4966 4972/4972 4967/4967
f 4967/4967 4972/4972 4973/4973
f 4967/4967 4973/4973 4968/4968
f 4968/4968 4973/4973 4974/4974
f 4968/4968 4974/4974 4969/4969
f 4969/4969 4974/4974 4975/4975
f 4969/4969 4975/4975 4970/4970
f 4970/4970 4975/4975 4971/4971
f 4970/4970 4971/4971 4966/4966
f 4971/4971 4976/4976 4977/4977
f 4971/4971 4977/4977 4972/4972
f 4972/4972 4977/4977 4978/4978
f 4972/4972 4978/4978 4973/4973
f 4973/4973 4978/4978 4979/4979
f 4973/4973 4979/4979 4974/4974
f 4974/4974 4979/4979 4980/4980
f 4974/4974 4980/4980 4975/4975
f 4975/4975 4980/4980 4976/4976
f 4975/4975 4976/4976 4971/4971
f 4976/4976 4981/4981 4982/4982
f 4976/4976 4982/4982 4977/4977
f 4977/4977 4982/4982 4983/4983
f 4977/4977 4983/4983 4978/4978
f 4978/4978 4983/4983 4984/4984
f 4978/4978 4984/4984 4979/4979
f 4979/4979 4984/4984 4985/4985
f 4979/4979 4985/4985 4980/4980
f 4980/4980 4985/4985 4981/4981
f 4980/4980 4981/4981 4976/4976
f 4981/4981 4986/4986 4987/4987
f 4981/4981 4987/4987 4982/4982
f 4982/4982 4987/4987 4988/4988
f 4982/4982 4988/4988 4983/4983
f 4983/4983 4988/4988 4989/4989
f 4983/4983 4989/4989 4984/4984
f 4984/4984 4989/4989 4990/4990
f 4984/4984 4990/4990 4985/4985
f 4985/4985 4990/4990 4986/4986
f 4985/4985 4986/4986 4981/4981
f 4986/4986 4991/4991 4992/4992
f 4986/4986 4992/4992 4987/4987
f 4987/4987 4992/4992 4993/4993
f 4987/4987 4993/4993 4988/4988
f 4988/4988 4993/4993 4994/4994
f 4988/4988 4994/4994 4989/4989
f 4989/4989 4994/4994 4995/4995
f 4989/4989 4995/4995 4990/4990
f 4990/4990 4995/4995 4991/4991
f 4990/4990 4991/4991 4986/4986
f 4991/4991 4996/4996 4997/4997
f 4991/4991 4997/4997 4992/4992
f 4992/4992 4997/4997 4998/4998
f 4992/4992 4998/4998 4993/4993
f 4993/4993 4998/4998 4999/4999
f 4993/4993 4999/4999 4994/4994
f 4994/4994 4999/4999 5000/5000
f 4994/4994 5000/5000 4995/4995
f 4995/4995 5000/5000 4996/4996
f 4995/4995 4996/4996 4991/4991
f 4996/4996 5001/5001 5002/5002
f 4996/4996 5002/5002 4997/4997
f 4997/4997 5002/5002 5003/5003
f 4997/4997 5003/5003 4998/4998
f 4998/4998 5003/5003 5004/5004
f 4998/4998 5004/5004 4999/4999
f 4999/4999 5004/5004 5005/5005
f 4999/4999 5005/5005 5000/5000
f 5000/5000 5005/5005 5001/5001
f 5000/5000 5001/5001 4996/4996
f 5001/5001 5006/5006 5007/5007
f 5001/5001 5007/5007 5002/5002
f 5002/5002 5007/5007 5008/5008
f 5002/5002 5008/5008 5003/5003
f 5003/5003 5008/5008 5009/5009
f 5003/5003 5009/5009 5004/5004
f 5004/5004 5009/5009 5010/5010
f 5004/5004 5010/5010 5005/5005
f 5005/5005 5010/5010 5006/5006
f 5005/5005 5006/5006 5001/5001
f 5006/5006 5011/5011 5012/5012
f 5006/5006 5012/5012 5007/5007
f 5007/5007 5012/5012 5013/5013
f 5007/5007 5013/5013 5008/5008
f 5008/5008 5013/5013 5014/5014
f 5008/5008 5014/5014 5009/5009
f 5009/5009 5014/5014 5015/5015
f 5009/5009 5015/5015 5010/5010
f 5010/5010 5015/5015 5011/5011
f 5010/5010 5011/5011 5006/5006
f 5011/5011 5016/5016 5017/5017
f 5011/5011 5017/5017 5012/5012
f 5012/5012 5017/5017 5018/5018
f 5012/5012 5018/5018 5013/5013
f 5013/5013 5018/5018 5019/5019
f 5013/5013 5019/5019 5014/5014
f 5014/5014 5019/5019 5020/5020
f 5014/5014 5020/5020 5015/5015
f 5015/5015 5020/5020 5016/5016
f 5015/5015 5016/5016 5011/5011
f 5016/5016 5021/5021 5022/5022
f 5016/5016 5022/5022 5017/5017
f 5017/5017 5022/5022 5023/5023
f 5017/5017 5023/5023 5018/5018
f 5018/5018 5023/5023 5024/5024
f 5018/5018 5024/5024 5019/5019
f 5019/5019 5024/5024 5025/5025
f 5019/5019 5025/5025 5020/5020
f 5020/5020 5025/5025 5021/5021
f 5020/5020 5021/5021 5016/5016
f 5021/5021 5026/5026 5027/5027
f 5021/5021 5027/5027 5022/5022
f 5022/5022 5027/5027 5028/5028
f 5022/5022 5028/5028 5023/5023
f 5023/5023 5028/5028 5029/5029
f 5023/5023 5029/5029 5024/5024
f 5024/5024 5029/5029 5030/5030
f 5024/5024 5030/5030 5025/5025
f 5025/5025 5030/5030 5026/5026
f 5025/5025 5026/5026 5021/5021
f 5026/5026 5031/5031 5032/5032
f 5026/5026 5032/5032 5027/5027
f 5027/5027 5032/5032 5033/5033
f 5027/5027 5033/5033 5028/5028
f 5028/5028 5033/5033 5034/5034
f 5028/5028 5034/5034 5029/5029
f 5029/5029 5034/5034 5035/5035
f 5029/5029 5035/5035 5030/5030
f 5030/5030 5035/5035 5031/5031
f 5030/5030 5031/5031 5026/5026
f 5031/5031 5036/5036 5037/5037
f 5031/5031 5037/5037 5032/5032
f 5032/5032 5037/5037 5038/5038
f 5032/5032 5038/5038 5033/5033
f 5033/5033 5038/5038 5039/5039
f 5033/5033 5039/5039 5034/5034
f 5034/5034 5039/5039 5040/5040
f 5034/5034 5040/5040 5035/5035
f 5035/5035 5040/5040 5036/5036
f 5035/5035 5036/5036 5031/5031
f 5036/5036 5041/5041 5042/5042
f 5036/5036 5042/5042 5037/5037
f 5037/5037 5042/5042 5043/5043
f 5037/5037 5043/5043 5038/5038
f 5038/5038 5043/5043 5044/5044
f 5038/5038 5044/5044 5039/5039
f 5039/5039 5044/5044 5045/5045
f 5039/5039 5045/5045 5040/5040
f 5040/5040 5045/5045 5041/5041
f 5040/5040 5041/5041 5036/5036
f 5041/5041 5046/5046 5047/5047
f 5041/5041 5047/5047 5042/5042
f 5042/5042 5047/5047 5048/5048
f 5042/5042 5048/5048 5043/5043
f 5043/5043 5048/5048 5049/5049
f 5043/5043 5049/5049 5044/5044
f 5044/5044 5049/5049 5050/5050
f 5044/5044 5050/5050 5045/5045
f 5045/5045 5050/5050 5046/5046
f 5045/5045 5046/5046 5041/5041
f 5046/5046 5051/5051 5052/5052
f 5046/5046 5052/5052 5047/5047
f 5047/5047 5052/5052 5053/5053
f 5047/5047 5053/5053 5048/5048
f 5048/5048 5053/5053 5054/5054
f 5048/5048 5054/5054 5049/5049
f 5049/5049 5054/5054 5055/5055
f 5049/5049 5055/5055 5050/5050
f 5050/5050 5055/5055 5051/5051
f 5050/5050 5051/5051 5046/5046
f 5051/5051 5056/5056 5057/5057
f 5051/5051 5057/5057 5052/5052
f 5052/5052 5057/5057 5058/5058
f 5052/5052 5058/5058 5053/5053
f 5053/5053 5058/5058 5059/5059
f 5053/5053 5059/5059 5054/5054
f 5054/5054 5059/5059 5060/5060
f 5054/5054 5060/5060 5055/5055
f 5055/5055 5060/5060 5056/5056
f 5055/5055 5056/5056 5051/5051
f 5056/5056 5061/5061 5062/5062
f 5056/5056 5062/5062 5057/5057
f 5057/5057 5062/5062 5063/5063
f 5057/5057 5063/5063 5058/5058
f 5058/5058 5063/5063 5064/5064
f 5058/5058 5064/5064 5059/5059
f 5059/5059 5064/5064 5065/5065
f 5059/5059 5065/5065 5060/5060
f 5060/5060 5065/5065 5061/5061
f 5060/5060 5061/5061 5056/5056
f 5061/5061 5066/5066 5067/5067
f 5061/5061 5067/5067 5062/5062
f 5062/5062 5067/5067 5068/5068
f 5062/5062 5068/5068 5063/5063
f 5063/5063 5068/5068 5069/5069
f 5063/5063 5069/5069 5064/5064
f 5064/5064 5069/5069 5070/5070
f 5064/5064 5070/5070 5065/5065
f 5065/5065 5070/5070 5066/5066
f 5065/5065 5066/5066 5061/5061
f 5066/5066 5071/5071 5072/5072
f 5066/5066 5072/5072 5067/5067
f 5067/5067 5072/5072 5073/5073
f 5067/5067 5073/5073 5068/5068
f 5068/5068 5073/5073 5074/5074
f 5068/5068 5074/5074 5069/5069
f 5069/5069 5074/5074 5075/5075
f 5069/5069 5075/5075 5070/5070
f 5070/5070 5075/5075 5071/5071
f 5070/5070 5071/5071 5066/5066
f 5071/5071 5076/5076 5077/5077
f 5071/5071 5077/5077 5072/5072
f 5072/5072 5077/5077 5078/5078
f 5072/5072 5078/5078 5073/5073
f 5073/5073 5078/5078 5079/5079
f 5073/5073 5079/5079 5074/5074
f 5074/5074 5079/5079 5080/5080
f 5074/5074 5080/5080 5075/5075
f 5075/5075 5080/5080 5076/5076
f 5075/5075 5076/5076 5071/5071
f 5076/5076 4881/4881 4882/4882
f 5076/5076 4882/4882 5077/5077
f 5077/5077 4882/4882 4883/4883
f 5077/5077 4883/4883 5078/5078
f 5078/5078 4883/4883 4884/4884
f 5078/5078 4884/4884 5079/5079
f 5079/5079 4884/4884 4885/4885
f 5079/5079 4885/4885 5080/5080
f 5080/5080 4885/4885 4881/4881
f 5080/5080 4881/4881 5076/5076
usemtl DarkIron
f 5081/5081 5083/5083 5084/5084
f 5081/5081 5084/5084 5082/5082
f 5083/5083 5085/5085 5086/5086
f 5083/5083 5086/5086 5084/5084
f 5085/5085 5087/5087 5088/5088
f 5085/5085 5088/5088 5086/5086
f 5087/5087 5089/5089 5090/5090
f 5087/5087 5090/5090 5088/5088
f 5089/5089 5091/5091 5092/5092
f 5089/5089 5092/5092 5090/5090
f 5091/5091 5093/5093 5094/5094
f 5091/5091 5094/5094 5092/5092
f 5093/5093 5095/5095 5096/5096
f 5093/5093 5096/5096 5094/5094
f 5095/5095 5097/5097 5098/5098
f 5095/5095 5098/5098 5096/5096
f 5097/5097 5099/5099 5100/5100
f 5097/5097 5100/5100 5098/5098
f 5099/5099 5101/5101 5102/5102
f 5099/5099 5102/5102 5100/5100
f 5101/5101 5103/5103 5104/5104
f 5101/5101 5104/5104 5102/5102
f 5103/5103 5105/5105 5106/5106
f 5103/5103 5106/5106 5104/5104
f 5105/5105 5107/5107 5108/5108
f 5105/5105 5108/5108 5106/5106
f 5107/5107 5109/5109 5110/5110
f 5107/5107 5110/5110 5108/5108
f 5109/5109 5111/5111 5112/5112
f 5109/5109 5112/5112 5110/5110
f 5111/5111 5113/5113 5114/5114
f 5111/5111 5114/5114 5112/5112
f 5113/5113 5115/5115 5116/5116
f 5113/5113 5116/5116 5114/5114
f 5115/5115 5117/5117 5118/5118
f 5115/5115 5118/5118 5116/5116
f 5117/5117 5119/5119 5120/5120
f 5117/5117 5120/5120 5118/5118
f 5119/5119 5121/5121 5122/5122
f 5119/5119 5122/5122 5120/5120
f 5121/5121 5123/5123 5124/5124
f 5121/5121 5124/5124 5122/5122
f 5123/5123 5125/5125 5126/5126
f 5123/5123 5126/5126 5124/5124
f 5125/5125 5127/5127 5128/5128
f 5125/5125 5128/5128 5126/5126
f 5127/5127 5129/5129 5130/5130
f 5127/5127 5130/5130 5128/5128
f 5129/5129 5131/5131 5132/5132
f 5129/5129 5132/5132 5130/5130
f 5131/5131 5133/5133 5134/5134
f 5131/5131 5134/5134 5132/5132
f 5133/5133 5135/5135 5136/5136
f 5133/5133 5136/5136 5134/5134
f 5135/5135 5137/5137 5138/5138
f 5135/5135 5138/5138 5136/5136
f 5137/5137 5139/5139 5140/5140
f 5137/5137 5140/5140 5138/5138
f 5139/5139 5141/5141 5142/5142
f 5139/5139 5142/5142 5140/5140
f 5141/5141 5143/5143 5144/5144
f 5141/5141 5144/5144 5142/5142
f 5143/5143 5081/5081 5082/5082
f 5143/5143 5082/5082 5144/5144
f 5143/5143 5141/5141 5139/5139 5137/5137 5135/5135 5133/5133 5131/5131 5129/5129 5127/5127 5125/5125 5123/5123 5121/5121 5119/5119 5117/5117 5115/5115 5113/5113 5111/5111 5109/5109 5107/5107 5105/5105 5103/5103 5101/5101 5099/5099 5097/5097 5095/5095 5093/5093 5091/5091 5089/5089 5087/5087 5085/5085 5083/5083 5081/5081
f 5082/5082 5084/5084 5086/5086 5088/5088 5090/5090 5092/5092 5094/5094 5096/5096 5098/5098 5100/5100 5102/5102 5104/5104 5106/5106 5108/5108 5110/5110 5112/5112 5114/5114 5116/5116 5118/5118 5120/5120 5122/5122 5124/5124 5126/5126 5128/5128 5130/5130 5132/5132 5134/5134 5136/5136 5138/5138 5140/5140 5142/5142 5144/5144
usemtl WarmBrass
f 5145/5145 5150/5150 5151/5151
f 5145/5145 5151/5151 5146/5146
f 5146/5146 5151/5151 5152/5152
f 5146/5146 5152/5152 5147/5147
f 5147/5147 5152/5152 5153/5153
f 5147/5147 5153/5153 5148/5148
f 5148/5148 5153/5153 5154/5154
f 5148/5148 5154/5154 5149/5149
f 5149/5149 5154/5154 5150/5150
f 5149/5149 5150/5150 5145/5145
f 5150/5150 5155/5155 5156/5156
f 5150/5150 5156/5156 5151/5151
f 5151/5151 5156/5156 5157/5157
f 5151/5151 5157/5157 5152/5152
f 5152/5152 5157/5157 5158/5158
f 5152/5152 5158/5158 5153/5153
f 5153/5153 5158/5158 5159/5159
f 5153/5153 5159/5159 5154/5154
f 5154/5154 5159/5159 5155/5155
f 5154/5154 5155/5155 5150/5150
f 5155/5155 5160/5160 5161/5161
f 5155/5155 5161/5161 5156/5156
f 5156/5156 5161/5161 5162/5162
f 5156/5156 5162/5162 5157/5157
f 5157/5157 5162/5162 5163/5163
f 5157/5157 5163/5163 5158/5158
f 5158/5158 5163/5163 5164/5164
f 5158/5158 5164/5164 5159/5159
f 5159/5159 5164/5164 5160/5160
f 5159/5159 5160/5160 5155/5155
f 5160/5160 5165/5165 5166/5166
f 5160/5160 5166/5166 5161/5161
f 5161/5161 5166/5166 5167/5167
f 5161/5161 5167/5167 5162/5162
f 5162/5162 5167/5167 5168/5168
f 5162/5162 5168/5168 5163/5163
f 5163/5163 5168/5168 5169/5169
f 5163/5163 5169/5169 5164/5164
f 5164/5164 5169/5169 5165/5165
f 5164/5164 5165/5165 5160/5160
f 5165/5165 5170/5170 5171/5171
f 5165/5165 5171/5171 5166/5166
f 5166/5166 5171/5171 5172/5172
f 5166/5166 5172/5172 5167/5167
f 5167/5167 5172/5172 5173/5173
f 5167/5167 5173/5173 5168/5168
f 5168/5168 5173/5173 5174/5174
f 5168/5168 5174/5174 5169/5169
f 5169/5169 5174/5174 5170/5170
f 5169/5169 5170/5170 5165/5165
f 5170/5170 5175/5175 5176/5176
f 5170/5170 5176/5176 5171/5171
f 5171/5171 5176/5176 5177/5177
f 5171/5171 5177/5177 5172/5172
f 5172/5172 5177/5177 5178/5178
f 5172/5172 5178/5178 5173/5173
f 5173/5173 5178/5178 5179/5179
f 5173/5173 5179/5179 5174/5174
f 5174/5174 5179/5179 5175/5175
f 5174/5174 5175/5175 5170/5170
f 5175/5175 5180/5180 5181/5181
f 5175/5175 5181/5181 5176/5176
f 5176/5176 5181/5181 5182/5182
f 5176/5176 5182/5182 5177/5177
f 5177/5177 5182/5182 5183/5183
f 5177/5177 5183/5183 5178/5178
f 5178/5178 5183/5183 5184/5184
f 5178/5178 5184/5184 5179/5179
f 5179/5179 5184/5184 5180/5180
f 5179/5179 5180/5180 5175/5175
f 5180/5180 5185/5185 5186/5186
f 5180/5180 5186/5186 5181/5181
f 5181/5181 5186/5186 5187/5187
f 5181/5181 5187/5187 5182/5182
f 5182/5182 5187/5187 5188/5188
f 5182/5182 5188/5188 5183/5183
f 5183/5183 5188/5188 5189/5189
f 5183/5183 5189/5189 5184/5184
f 5184/5184 5189/5189 5185/5185
f 5184/5184 5185/5185 5180/5180
f 5185/5185 5190/5190 5191/5191
f 5185/5185 5191/5191 5186/5186
f 5186/5186 5191/5191 5192/5192
f 5186/5186 5192/5192 5187/5187
f 5187/5187 5192/5192 5193/5193
f 5187/5187 5193/5193 5188/5188
f 5188/5188 5193/5193 5194/5194
f 5188/5188 5194/5194 5189/5189
f 5189/5189 5194/5194 5190/5190
f 5189/5189 5190/5190 5185/5185
f 5190/5190 5195/5195 5196/5196
f 5190/5190 5196/5196 5191/5191
f 5191/5191 5196/5196 5197/5197
f 5191/5191 5197/5197 5192/5192
f 5192/5192 5197/5197 5198/5198
f 5192/5192 5198/5198 5193/5193
f 5193/5193 5198/5198 5199/5199
f 5193/5193 5199/5199 5194/5194
f 5194/5194 5199/5199 5195/5195
f 5194/5194 5195/5195 5190/5190
f 5195/5195 5200/5200 5201/5201
f 5195/5195 5201/5201 5196/5196
f 5196/5196 5201/5201 5202/5202
f 5196/5196 5202/5202 5197/5197
f 5197/5197 5202/5202 5203/5203
f 5197/5197 5203/5203 5198/5198
f 5198/5198 5203/5203 5204/5204
f 5198/5198 5204/5204 5199/5199
f 5199/5199 5204/5204 5200/5200
f 5199/5199 5200/5200 5195/5195
f 5200/5200 5205/5205 5206/5206
f 5200/5200 5206/5206 5201/5201
f 5201/5201 5206/5206 5207/5207
f 5201/5201 5207/5207 5202/5202
f 5202/5202 5207/5207 5208/5208
f 5202/5202 5208/5208 5203/5203
f 5203/5203 5208/5208 5209/5209
f 5203/5203 5209/5209 5204/5204
f 5204/5204 5209/5209 5205/5205
f 5204/5204 5205/5205 5200/5200
f 5205/5205 5210/5210 5211/5211
f 5205/5205 5211/5211 5206/5206
f 5206/5206 5211/5211 5212/5212
f 5206/5206 5212/5212 5207/5207
f 5207/5207 5212/5212 5213/5213
f 5207/5207 5213/5213 5208/5208
f 5208/5208 5213/5213 5214/5214
f 5208/5208 5214/5214 5209/5209
f 5209/5209 5214/5214 5210/5210
f 5209/5209 5210/5210 5205/5205
f 5210/5210 5215/5215 5216/5216
f 5210/5210 5216/5216 5211/5211
f 5211/5211 5216/5216 5217/5217
f 5211/5211 5217/5217 5212/5212
f 5212/5212 5217/5217 5218/5218
f 5212/5212 5218/5218 5213/5213
f 5213/5213 5218/5218 5219/5219
f 5213/5213 5219/5219 5214/5214
f 5214/5214 5219/5219 5215/5215
f 5214/5214 5215/5215 5210/5210
f 5215/5215 5220/5220 5221/5221
f 5215/5215 5221/5221 5216/5216
f 5216/5216 5221/5221 5222/5222
f 5216/5216 5222/5222 5217/5217
f 5217/5217 5222/5222 5223/5223
f 5217/5217 5223/5223 5218/5218
f 5218/5218 5223/5223 5224/5224
f 5218/5218 5224/5224 5219/5219
f 5219/5219 5224/5224 5220/5220
f 5219/5219 5220/5220 5215/5215
f 5220/5220 5225/5225 5226/5226
f 5220/5220 5226/5226 5221/5221
f 5221/5221 5226/5226 5227/5227
f 5221/5221 5227/5227 5222/5222
f 5222/5222 5227/5227 5228/5228
f 5222/5222 5228/5228 5223/5223
f 5223/5223 5228/5228 5229/5229
f 5223/5223 5229/5229 5224/5224
f 5224/5224 5229/5229 5225/5225
f 5224/5224 5225/5225 5220/5220
f 5225/5225 5230/5230 5231/5231
f 5225/5225 5231/5231 5226/5226
f 5226/5226 5231/5231 5232/5232
f 5226/5226 5232/5232 5227/5227
f 5227/5227 5232/5232 5233/5233
f 5227/5227 5233/5233 5228/5228
f 5228/5228 5233/5233 5234/5234
f 5228/5228 5234/5234 5229/5229
f 5229/5229 5234/5234 5230/5230
f 5229/5229 5230/5230 5225/5225
f 5230/5230 5235/5235 5236/5236
f 5230/5230 5236/5236 5231/5231
f 5231/5231 5236/5236 5237/5237
f 5231/5231 5237/5237 5232/5232
f 5232/5232 5237/5237 5238/5238
f 5232/5232 5238/5238 5233/5233
f 5233/5233 5238/5238 5239/5239
f 5233/5233 5239/5239 5234/5234
f 5234/5234 5239/5239 5235/5235
f 5234/5234 5235/5235 5230/5230
f 5235/5235 5240/5240 5241/5241
f 5235/5235 5241/5241 5236/5236
f 5236/5236 5241/5241 5242/5242
f 5236/5236 5242/5242 5237/5237
f 5237/5237 5242/5242 5243/5243
f 5237/5237 5243/5243 5238/5238
f 5238/5238 5243/5243 5244/5244
f 5238/5238 5244/5244 5239/5239
f 5239/5239 5244/5244 5240/5240
f 5239/5239 5240/5240 5235/5235
f 5240/5240 5245/5245 5246/5246
f 5240/5240 5246/5246 5241/5241
f 5241/5241 5246/5246 5247/5247
f 5241/5241 5247/5247 5242/5242
f 5242/5242 5247/5247 5248/5248
f 5242/5242 5248/5248 5243/5243
f 5243/5243 5248/5248 5249/5249
f 5243/5243 5249/5249 5244/5244
f 5244/5244 5249/5249 5245/5245
f 5244/5244 5245/5245 5240/5240
f 5245/5245 5250/5250 5251/5251
f 5245/5245 5251/5251 5246/5246
f 5246/5246 5251/5251 5252/5252
f 5246/5246 5252/5252 5247/5247
f 5247/5247 5252/5252 5253/5253
f 5247/5247 5253/5253 5248/5248
f 5248/5248 5253/5253 5254/5254
f 5248/5248 5254/5254 5249/5249
f 5249/5249 5254/5254 5250/5250
f 5249/5249 5250/5250 5245/5245
f 5250/5250 5255/5255 5256/5256
f 5250/5250 5256/5256 5251/5251
f 5251/5251 5256/5256 5257/5257
f 5251/5251 5257/5257 5252/5252
f 5252/5252 5257/5257 5258/5258
f 5252/5252 5258/5258 5253/5253
f 5253/5253 5258/5258 5259/5259
f 5253/5253 5259/5259 5254/5254
f 5254/5254 5259/5259 5255/5255
f 5254/5254 5255/5255 5250/5250
f 5255/5255 5260/5260 5261/5261
f 5255/5255 5261/5261 5256/5256
f 5256/5256 5261/5261 5262/5262
f 5256/5256 5262/5262 5257/5257
f 5257/5257 5262/5262 5263/5263
f 5257/5257 5263/5263 5258/5258
f 5258/5258 5263/5263 5264/5264
f 5258/5258 5264/5264 5259/5259
f 5259/5259 5264/5264 5260/5260
f 5259/5259 5260/5260 5255/5255
f 5260/5260 5265/5265 5266/5266
f 5260/5260 5266/5266 5261/5261
f 5261/5261 5266/5266 5267/5267
f 5261/5261 5267/5267 5262/5262
f 5262/5262 5267/5267 5268/5268
f 5262/5262 5268/5268 5263/5263
f 5263/5263 5268/5268 5269/5269
f 5263/5263 5269/5269 5264/5264
f 5264/5264 5269/5269 5265/5265
f 5264/5264 5265/5265 5260/5260
f 5265/5265 5270/5270 5271/5271
f 5265/5265 5271/5271 5266/5266
f 5266/5266 5271/5271 5272/5272
f 5266/5266 5272/5272 5267/5267
f 5267/5267 5272/5272 5273/5273
f 5267/5267 5273/5273 5268/5268
f 5268/5268 5273/5273 5274/5274
f 5268/5268 5274/5274 5269/5269
f 5269/5269 5274/5274 5270/5270
f 5269/5269 5270/5270 5265/5265
f 5270/5270 5275/5275 5276/5276
f 5270/5270 5276/5276 5271/5271
f 5271/5271 5276/5276 5277/5277
f 5271/5271 5277/5277 5272/5272
f 5272/5272 5277/5277 5278/5278
f 5272/5272 5278/5278 5273/5273
f 5273/5273 5278/5278 5279/5279
f 5273/5273 5279/5279 5274/5274
f 5274/5274 5279/5279 5275/5275
f 5274/5274 5275/5275 5270/5270
f 5275/5275 5280/5280 5281/5281
f 5275/5275 5281/5281 5276/5276
f 5276/5276 5281/5281 5282/5282
f 5276/5276 5282/5282 5277/5277
f 5277/5277 5282/5282 5283/5283
f 5277/5277 5283/5283 5278/5278
f 5278/5278 5283/5283 5284/5284
f 5278/5278 5284/5284 5279/5279
f 5279/5279 5284/5284 5280/5280
f 5279/5279 5280/5280 5275/5275
f 5280/5280 5285/5285 5286/5286
f 5280/5280 5286/5286 5281/5281
f 5281/5281 5286/5286 5287/5287
f 5281/5281 5287/5287 5282/5282
f 5282/5282 5287/5287 5288/5288
f 5282/5282 5288/5288 5283/5283
f 5283/5283 5288/5288 5289/5289
f 5283/5283 5289/5289 5284/5284
f 5284/5284 5289/5289 5285/5285
f 5284/5284 5285/5285 5280/5280
f 5285/5285 5290/5290 5291/5291
f 5285/5285 5291/5291 5286/5286
f 5286/5286 5291/5291 5292/5292
f 5286/5286 5292/5292 5287/5287
f 5287/5287 5292/5292 5293/5293
f 5287/5287 5293/5293 5288/5288
f 5288/5288 5293/5293 5294/5294
f 5288/5288 5294/5294 5289/5289
f 5289/5289 5294/5294 5290/5290
f 5289/5289 5290/5290 5285/5285
f 5290/5290 5295/5295 5296/5296
f 5290/5290 5296/5296 5291/5291
f 5291/5291 5296/5296 5297/5297
f 5291/5291 5297/5297 5292/5292
f 5292/5292 5297/5297 5298/5298
f 5292/5292 5298/5298 5293/5293
f 5293/5293 5298/5298 5299/5299
f 5293/5293 5299/5299 5294/5294
f 5294/5294 5299/5299 5295/5295
f 5294/5294 5295/5295 5290/5290
f 5295/5295 5300/5300 5301/5301
f 5295/5295 5301/5301 5296/5296
f 5296/5296 5301/5301 5302/5302
f 5296/5296 5302/5302 5297/5297
f 5297/5297 5302/5302 5303/5303
f 5297/5297 5303/5303 5298/5298
f 5298/5298 5303/5303 5304/5304
f 5298/5298 5304/5304 5299/5299
f 5299/5299 5304/5304 5300/5300
f 5299/5299 5300/5300 5295/5295
f 5300/5300 5305/5305 5306/5306
f 5300/5300 5306/5306 5301/5301
f 5301/5301 5306/5306 5307/5307
f 5301/5301 5307/5307 5302/5302
f 5302/5302 5307/5307 5308/5308
f 5302/5302 5308/5308 5303/5303
f 5303/5303 5308/5308 5309/5309
f 5303/5303 5309/5309 5304/5304
f 5304/5304 5309/5309 5305/5305
f 5304/5304 5305/5305 5300/5300
f 5305/5305 5310/5310 5311/5311
f 5305/5305 5311/5311 5306/5306
f 5306/5306 5311/5311 5312/5312
f 5306/5306 5312/5312 5307/5307
f 5307/5307 5312/5312 5313/5313
f 5307/5307 5313/5313 5308/5308
f 5308/5308 5313/5313 5314/5314
f 5308/5308 5314/5314 5309/5309
f 5309/5309 5314/5314 5310/5310
f 5309/5309 5310/5310 5305/5305
f 5310/5310 5315/5315 5316/5316
f 5310/5310 5316/5316 5311/5311
f 5311/5311 5316/5316 5317/5317
f 5311/5311 5317/5317 5312/5312
f 5312/5312 5317/5317 5318/5318
f 5312/5312 5318/5318 5313/5313
f 5313/5313 5318/5318 5319/5319
f 5313/5313 5319/5319 5314/5314
f 5314/5314 5319/5319 5315/5315
f 5314/5314 5315/5315 5310/5310
f 5315/5315 5320/5320 5321/5321
f 5315/5315 5321/5321 5316/5316
f 5316/5316 5321/5321 5322/5322
f 5316/5316 5322/5322 5317/5317
f 5317/5317 5322/5322 5323/5323
f 5317/5317 5323/5323 5318/5318
f 5318/5318 5323/5323 5324/5324
f 5318/5318 5324/5324 5319/5319
f 5319/5319 5324/5324 5320/5320
f 5319/5319 5320/5320 5315/5315
f 5320/5320 5325/5325 5326/5326
f 5320/5320 5326/5326 5321/5321
f 5321/5321 5326/5326 5327/5327
f 5321/5321 5327/5327 5322/5322
f 5322/5322 5327/5327 5328/5328
f 5322/5322 5328/5328 5323/5323
f 5323/5323 5328/5328 5329/5329
f 5323/5323 5329/5329 5324/5324
f 5324/5324 5329/5329 5325/5325
f 5324/5324 5325/5325 5320/5320
f 5325/5325 5330/5330 5331/5331
f 5325/5325 5331/5331 5326/5326
f 5326/5326 5331/5331 5332/5332
f 5326/5326 5332/5332 5327/5327
f 5327/5327 5332/5332 5333/5333
f 5327/5327 5333/5333 5328/5328
f 5328/5328 5333/5333 5334/5334
f 5328/5328 5334/5334 5329/5329
f 5329/5329 5334/5334 5330/5330
f 5329/5329 5330/5330 5325/5325
f 5330/5330 5335/5335 5336/5336
f 5330/5330 5336/5336 5331/5331
f 5331/5331 5336/5336 5337/5337
f 5331/5331 5337/5337 5332/5332
f 5332/5332 5337/5337 5338/5338
f 5332/5332 5338/5338 5333/5333
f 5333/5333 5338/5338 5339/5339
f 5333/5333 5339/5339 5334/5334
f 5334/5334 5339/5339 5335/5335
f 5334/5334 5335/5335 5330/5330
f 5335/5335 5340/5340 5341/5341
f 5335/5335 5341/5341 5336/5336
f 5336/5336 5341/5341 5342/5342
f 5336/5336 5342/5342 5337/5337
f 5337/5337 5342/5342 5343/5343
f 5337/5337 5343/5343 5338/5338
f 5338/5338 5343/5343 5344/5344
f 5338/5338 5344/5344 5339/5339
f 5339/5339 5344/5344 5340/5340
f 5339/5339 5340/5340 5335/5335
f 5340/5340 5145/5145 5146/5146
f 5340/5340 5146/5146 5341/5341
f 5341/5341 5146/5146 5147/5147
f 5341/5341 5147/5147 5342/5342
f 5342/5342 5147/5147 5148/5148
f 5342/5342 5148/5148 5343/5343
f 5343/5343 5148/5148 5149/5149
f 5343/5343 5149/5149 5344/5344
f 5344/5344 5149/5149 5145/5145
f 5344/5344 5145/5145 5340/5340
usemtl DarkIron
f 5345/5345 5347/5347 5348/5348
f 5345/5345 5348/5348 5346/5346
f 5347/5347 5349/5349 5350/5350
f 5347/5347 5350/5350 5348/5348
f 5349/5349 5351/5351 5352/5352
f 5349/5349 5352/5352 5350/5350
f 5351/5351 5353/5353 5354/5354
f 5351/5351 5354/5354 5352/5352
f 5353/5353 5355/5355 5356/5356
f 5353/5353 5356/5356 5354/5354
f 5355/5355 5357/5357 5358/5358
f 5355/5355 5358/5358 5356/5356
f 5357/5357 5359/5359 5360/5360
f 5357/5357 5360/5360 5358/5358
f 5359/5359 5361/5361 5362/5362
f 5359/5359 5362/5362 5360/5360
f 5361/5361 5363/5363 5364/5364
f 5361/5361 5364/5364 5362/5362
f 5363/5363 5365/5365 5366/5366
f 5363/5363 5366/5366 5364/5364
f 5365/5365 5367/5367 5368/5368
f 5365/5365 5368/5368 5366/5366
f 5367/5367 5369/5369 5370/5370
f 5367/5367 5370/5370 5368/5368
f 5369/5369 5371/5371 5372/5372
f 5369/5369 5372/5372 5370/5370
f 5371/5371 5373/5373 5374/5374
f 5371/5371 5374/5374 5372/5372
f 5373/5373 5375/5375 5376/5376
f 5373/5373 5376/5376 5374/5374
f 5375/5375 5377/5377 5378/5378
f 5375/5375 5378/5378 5376/5376
f 5377/5377 5379/5379 5380/5380
f 5377/5377 5380/5380 5378/5378
f 5379/5379 5381/5381 5382/5382
f 5379/5379 5382/5382 5380/5380
f 5381/5381 5383/5383 5384/5384
f 5381/5381 5384/5384 5382/5382
f 5383/5383 5385/5385 5386/5386
f 5383/5383 5386/5386 5384/5384
f 5385/5385 5387/5387 5388/5388
f 5385/5385 5388/5388 5386/5386
f 5387/5387 5389/5389 5390/5390
f 5387/5387 5390/5390 5388/5388
f 5389/5389 5391/5391 5392/5392
f 5389/5389 5392/5392 5390/5390
f 5391/5391 5393/5393 5394/5394
f 5391/5391 5394/5394 5392/5392
f 5393/5393 5395/5395 5396/5396
f 5393/5393 5396/5396 5394/5394
f 5395/5395 5397/5397 5398/5398
f 5395/5395 5398/5398 5396/5396
f 5397/5397 5399/5399 5400/5400
f 5397/5397 5400/5400 5398/5398
f 5399/5399 5401/5401 5402/5402
f 5399/5399 5402/5402 5400/5400
f 5401/5401 5403/5403 5404/5404
f 5401/5401 5404/5404 5402/5402
f 5403/5403 5405/5405 5406/5406
f 5403/5403 5406/5406 5404/5404
f 5405/5405 5407/5407 5408/5408
f 5405/5405 5408/5408 5406/5406
f 5407/5407 5345/5345 5346/5346
f 5407/5407 5346/5346 5408/5408
f 5407/5407 5405/5405 5403/5403 5401/5401 5399/5399 5397/5397 5395/5395 5393/5393 5391/5391 5389/5389 5387/5387 5385/5385 5383/5383 5381/5381 5379/5379 5377/5377 5375/5375 5373/5373 5371/5371 5369/5369 5367/5367 5365/5365 5363/5363 5361/5361 5359/5359 5357/5357 5355/5355 5353/5353 5351/5351 5349/5349 5347/5347 5345/5345
f 5346/5346 5348/5348 5350/5350 5352/5352 5354/5354 5356/5356 5358/5358 5360/5360 5362/5362 5364/5364 5366/5366 5368/5368 5370/5370 5372/5372 5374/5374 5376/5376 5378/5378 5380/5380 5382/5382 5384/5384 5386/5386 5388/5388 5390/5390 5392/5392 5394/5394 5396/5396 5398/5398 5400/5400 5402/5402 5404/5404 5406/5406 5408/5408
usemtl WarmBrass
f 5409/5409 5411/5411 5412/5412
f 5409/5409 5412/5412 5410/5410
f 5411/5411 5413/5413 5414/5414
f 5411/5411 5414/5414 5412/5412
f 5413/5413 5415/5415 5416/5416
f 5413/5413 5416/5416 5414/5414
f 5415/5415 5417/5417 5418/5418
f 5415/5415 5418/5418 5416/5416
f 5417/5417 5419/5419 5420/5420
f 5417/5417 5420/5420 5418/5418
f 5419/5419 5421/5421 5422/5422
f 5419/5419 5422/5422 5420/5420
f 5421/5421 5423/5423 5424/5424
f 5421/5421 5424/5424 5422/5422
f 5423/5423 5425/5425 5426/5426
f 5423/5423 5426/5426 5424/5424
f 5425/5425 5427/5427 5428/5428
f 5425/5425 5428/5428 5426/5426
f 5427/5427 5429/5429 5430/5430
f 5427/5427 5430/5430 5428/5428
f 5429/5429 5431/5431 5432/5432
f 5429/5429 5432/5432 5430/5430
f 5431/5431 5433/5433 5434/5434
f 5431/5431 5434/5434 5432/5432
f 5433/5433 5435/5435 5436/5436
f 5433/5433 5436/5436 5434/5434
f 5435/5435 5437/5437 5438/5438
f 5435/5435 5438/5438 5436/5436
f 5437/5437 5439/5439 5440/5440
f 5437/5437 5440/5440 5438/5438
f 5439/5439 5409/5409 5410/5410
f 5439/5439 5410/5410 5440/5440
f 5439/5439 5437/5437 5435/5435 5433/5433 5431/5431 5429/5429 5427/5427 5425/5425 5423/5423 5421/5421 5419/5419 5417/5417 5415/5415 5413/5413 5411/5411 5409/5409
f 5410/5410 5412/5412 5414/5414 5416/5416 5418/5418 5420/5420 5422/5422 5424/5424 5426/5426 5428/5428 5430/5430 5432/5432 5434/5434 5436/5436 5438/5438 5440/5440
usemtl DarkIron
f 5441/5441 5443/5443 5444/5444
f 5441/5441 5444/5444 5442/5442
f 5443/5443 5445/5445 5446/5446
f 5443/5443 5446/5446 5444/5444
f 5445/5445 5447/5447 5448/5448
f 5445/5445 5448/5448 5446/5446
f 5447/5447 5449/5449 5450/5450
f 5447/5447 5450/5450 5448/5448
f 5449/5449 5451/5451 5452/5452
f 5449/5449 5452/5452 5450/5450
f 5451/5451 5453/5453 5454/5454
f 5451/5451 5454/5454 5452/5452
f 5453/5453 5455/5455 5456/5456
f 5453/5453 5456/5456 5454/5454
f 5455/5455 5457/5457 5458/5458
f 5455/5455 5458/5458 5456/5456
f 5457/5457 5459/5459 5460/5460
f 5457/5457 5460/5460 5458/5458
f 5459/5459 5441/5441 5442/5442
f 5459/5459 5442/5442 5460/5460
f 5459/5459 5457/5457 5455/5455 5453/5453 5451/5451 5449/5449 5447/5447 5445/5445 5443/5443 5441/5441
f 5442/5442 5444/5444 5446/5446 5448/5448 5450/5450 5452/5452 5454/5454 5456/5456 5458/5458 5460/5460
