mtllib SM_BB_LH_Gallery.mtl
o SM_BB_LH_Gallery
v 424.0000 0.0000 1526.0000
v 420.0000 0.0000 1564.0000
v 421.9583 41.5593 1526.0000
v 417.9776 41.1672 1564.0000
v 415.8530 82.7183 1526.0000
v 411.9298 81.9379 1564.0000
v 405.7427 123.0807 1526.0000
v 401.9149 121.9196 1564.0000
v 391.7249 162.2578 1526.0000
v 388.0294 160.7270 1564.0000
v 373.9346 199.8722 1526.0000
v 370.4069 197.9866 1564.0000
v 352.5431 235.5618 1526.0000
v 349.2172 233.3395 1564.0000
v 327.7564 268.9828 1526.0000
v 324.6644 266.4452 1564.0000
v 299.8133 299.8133 1526.0000
v 296.9848 296.9848 1564.0000
v 268.9828 327.7564 1526.0000
v 266.4452 324.6644 1564.0000
v 235.5618 352.5431 1526.0000
v 233.3395 349.2172 1564.0000
v 199.8722 373.9346 1526.0000
v 197.9866 370.4069 1564.0000
v 162.2578 391.7249 1526.0000
v 160.7270 388.0294 1564.0000
v 123.0807 405.7427 1526.0000
v 121.9196 401.9149 1564.0000
v 82.7183 415.8530 1526.0000
v 81.9379 411.9298 1564.0000
v 41.5593 421.9583 1526.0000
v 41.1672 417.9776 1564.0000
v 0.0000 424.0000 1526.0000
v 0.0000 420.0000 1564.0000
v -41.5593 421.9583 1526.0000
v -41.1672 417.9776 1564.0000
v -82.7183 415.8530 1526.0000
v -81.9379 411.9298 1564.0000
v -123.0807 405.7427 1526.0000
v -121.9196 401.9149 1564.0000
v -162.2578 391.7249 1526.0000
v -160.7270 388.0294 1564.0000
v -199.8722 373.9346 1526.0000
v -197.9866 370.4069 1564.0000
v -235.5618 352.5431 1526.0000
v -233.3395 349.2172 1564.0000
v -268.9828 327.7564 1526.0000
v -266.4452 324.6644 1564.0000
v -299.8133 299.8133 1526.0000
v -296.9848 296.9848 1564.0000
v -327.7564 268.9828 1526.0000
v -324.6644 266.4452 1564.0000
v -352.5431 235.5618 1526.0000
v -349.2172 233.3395 1564.0000
v -373.9346 199.8722 1526.0000
v -370.4069 197.9866 1564.0000
v -391.7249 162.2578 1526.0000
v -388.0294 160.7270 1564.0000
v -405.7427 123.0807 1526.0000
v -401.9149 121.9196 1564.0000
v -415.8530 82.7183 1526.0000
v -411.9298 81.9379 1564.0000
v -421.9583 41.5593 1526.0000
v -417.9776 41.1672 1564.0000
v -424.0000 0.0000 1526.0000
v -420.0000 0.0000 1564.0000
v -421.9583 -41.5593 1526.0000
v -417.9776 -41.1672 1564.0000
v -415.8530 -82.7183 1526.0000
v -411.9298 -81.9379 1564.0000
v -405.7427 -123.0807 1526.0000
v -401.9149 -121.9196 1564.0000
v -391.7249 -162.2578 1526.0000
v -388.0294 -160.7270 1564.0000
v -373.9346 -199.8722 1526.0000
v -370.4069 -197.9866 1564.0000
v -352.5431 -235.5618 1526.0000
v -349.2172 -233.3395 1564.0000
v -327.7564 -268.9828 1526.0000
v -324.6644 -266.4452 1564.0000
v -299.8133 -299.8133 1526.0000
v -296.9848 -296.9848 1564.0000
v -268.9828 -327.7564 1526.0000
v -266.4452 -324.6644 1564.0000
v -235.5618 -352.5431 1526.0000
v -233.3395 -349.2172 1564.0000
v -199.8722 -373.9346 1526.0000
v -197.9866 -370.4069 1564.0000
v -162.2578 -391.7249 1526.0000
v -160.7270 -388.0294 1564.0000
v -123.0807 -405.7427 1526.0000
v -121.9196 -401.9149 1564.0000
v -82.7183 -415.8530 1526.0000
v -81.9379 -411.9298 1564.0000
v -41.5593 -421.9583 1526.0000
v -41.1672 -417.9776 1564.0000
v -0.0000 -424.0000 1526.0000
v -0.0000 -420.0000 1564.0000
v 41.5593 -421.9583 1526.0000
v 41.1672 -417.9776 1564.0000
v 82.7183 -415.8530 1526.0000
v 81.9379 -411.9298 1564.0000
v 123.0807 -405.7427 1526.0000
v 121.9196 -401.9149 1564.0000
v 162.2578 -391.7249 1526.0000
v 160.7270 -388.0294 1564.0000
v 199.8722 -373.9346 1526.0000
v 197.9866 -370.4069 1564.0000
v 235.5618 -352.5431 1526.0000
v 233.3395 -349.2172 1564.0000
v 268.9828 -327.7564 1526.0000
v 266.4452 -324.6644 1564.0000
v 299.8133 -299.8133 1526.0000
v 296.9848 -296.9848 1564.0000
v 327.7564 -268.9828 1526.0000
v 324.6644 -266.4452 1564.0000
v 352.5431 -235.5618 1526.0000
v 349.2172 -233.3395 1564.0000
v 373.9346 -199.8722 1526.0000
v 370.4069 -197.9866 1564.0000
v 391.7249 -162.2578 1526.0000
v 388.0294 -160.7270 1564.0000
v 405.7427 -123.0807 1526.0000
v 401.9149 -121.9196 1564.0000
v 415.8530 -82.7183 1526.0000
v 411.9298 -81.9379 1564.0000
v 421.9583 -41.5593 1526.0000
v 417.9776 -41.1672 1564.0000
v 429.0000 0.0000 1567.0000
v 426.6569 0.0000 1572.6569
v 421.0000 0.0000 1575.0000
v 415.3431 0.0000 1572.6569
v 413.0000 0.0000 1567.0000
v 415.3431 0.0000 1561.3431
v 421.0000 0.0000 1559.0000
v 426.6569 0.0000 1561.3431
v 426.9342 42.0494 1567.0000
v 424.6024 41.8197 1572.6569
v 418.9728 41.2652 1575.0000
v 413.3432 40.7107 1572.6569
v 411.0113 40.4811 1567.0000
v 413.3432 40.7107 1561.3431
v 418.9728 41.2652 1559.0000
v 424.6024 41.8197 1561.3431
v 420.7569 83.6937 1567.0000
v 418.4588 83.2366 1572.6569
v 412.9106 82.1330 1575.0000
v 407.3624 81.0294 1572.6569
v 405.0643 80.5723 1567.0000
v 407.3624 81.0294 1561.3431
v 412.9106 82.1330 1559.0000
v 418.4588 83.2366 1561.3431
v 410.5274 124.5321 1567.0000
v 408.2852 123.8519 1572.6569
v 402.8719 122.2098 1575.0000
v 397.4586 120.5678 1572.6569
v 395.2164 119.8876 1567.0000
v 397.4586 120.5678 1561.3431
v 402.8719 122.2098 1559.0000
v 408.2852 123.8519 1561.3431
v 396.3443 164.1712 1567.0000
v 394.1795 163.2745 1572.6569
v 388.9533 161.1097 1575.0000
v 383.7270 158.9449 1572.6569
v 381.5622 158.0483 1567.0000
v 383.7270 158.9449 1561.3431
v 388.9533 161.1097 1559.0000
v 394.1795 163.2745 1561.3431
v 378.3442 202.2292 1567.0000
v 376.2778 201.1246 1572.6569
v 371.2889 198.4580 1575.0000
v 366.3000 195.7914 1572.6569
v 364.2335 194.6869 1567.0000
v 366.3000 195.7914 1561.3431
v 371.2889 198.4580 1559.0000
v 376.2778 201.1246 1561.3431
v 356.7005 238.3396 1567.0000
v 354.7522 237.0378 1572.6569
v 350.0487 233.8951 1575.0000
v 345.3452 230.7523 1572.6569
v 343.3969 229.4505 1567.0000
v 345.3452 230.7523 1561.3431
v 350.0487 233.8951 1559.0000
v 354.7522 237.0378 1561.3431
v 331.6215 272.1547 1567.0000
v 329.8102 270.6682 1572.6569
v 325.4374 267.0796 1575.0000
v 321.0646 263.4909 1572.6569
v 319.2533 262.0044 1567.0000
v 321.0646 263.4909 1561.3431
v 325.4374 267.0796 1559.0000
v 329.8102 270.6682 1561.3431
v 303.3488 303.3488 1567.0000
v 301.6920 301.6920 1572.6569
v 297.6920 297.6920 1575.0000
v 293.6920 293.6920 1572.6569
v 292.0351 292.0351 1567.0000
v 293.6920 293.6920 1561.3431
v 297.6920 297.6920 1559.0000
v 301.6920 301.6920 1561.3431
v 272.1547 331.6215 1567.0000
v 270.6682 329.8102 1572.6569
v 267.0796 325.4374 1575.0000
v 263.4909 321.0646 1572.6569
v 262.0044 319.2533 1567.0000
v 263.4909 321.0646 1561.3431
v 267.0796 325.4374 1559.0000
v 270.6682 329.8102 1561.3431
v 238.3396 356.7005 1567.0000
v 237.0378 354.7522 1572.6569
v 233.8951 350.0487 1575.0000
v 230.7523 345.3452 1572.6569
v 229.4505 343.3969 1567.0000
v 230.7523 345.3452 1561.3431
v 233.8951 350.0487 1559.0000
v 237.0378 354.7522 1561.3431
v 202.2292 378.3442 1567.0000
v 201.1246 376.2778 1572.6569
v 198.4580 371.2889 1575.0000
v 195.7914 366.3000 1572.6569
v 194.6869 364.2335 1567.0000
v 195.7914 366.3000 1561.3431
v 198.4580 371.2889 1559.0000
v 201.1246 376.2778 1561.3431
v 164.1712 396.3443 1567.0000
v 163.2745 394.1795 1572.6569
v 161.1097 388.9533 1575.0000
v 158.9449 383.7270 1572.6569
v 158.0483 381.5622 1567.0000
v 158.9449 383.7270 1561.3431
v 161.1097 388.9533 1559.0000
v 163.2745 394.1795 1561.3431
v 124.5321 410.5274 1567.0000
v 123.8519 408.2852 1572.6569
v 122.2098 402.8719 1575.0000
v 120.5678 397.4586 1572.6569
v 119.8876 395.2164 1567.0000
v 120.5678 397.4586 1561.3431
v 122.2098 402.8719 1559.0000
v 123.8519 408.2852 1561.3431
v 83.6937 420.7569 1567.0000
v 83.2366 418.4588 1572.6569
v 82.1330 412.9106 1575.0000
v 81.0294 407.3624 1572.6569
v 80.5723 405.0643 1567.0000
v 81.0294 407.3624 1561.3431
v 82.1330 412.9106 1559.0000
v 83.2366 418.4588 1561.3431
v 42.0494 426.9342 1567.0000
v 41.8197 424.6024 1572.6569
v 41.2652 418.9728 1575.0000
v 40.7107 413.3432 1572.6569
v 40.4811 411.0113 1567.0000
v 40.7107 413.3432 1561.3431
v 41.2652 418.9728 1559.0000
v 41.8197 424.6024 1561.3431
v 0.0000 429.0000 1567.0000
v 0.0000 426.6569 1572.6569
v 0.0000 421.0000 1575.0000
v 0.0000 415.3431 1572.6569
v 0.0000 413.0000 1567.0000
v 0.0000 415.3431 1561.3431
v 0.0000 421.0000 1559.0000
v 0.0000 426.6569 1561.3431
v -42.0494 426.9342 1567.0000
v -41.8197 424.6024 1572.6569
v -41.2652 418.9728 1575.0000
v -40.7107 413.3432 1572.6569
v -40.4811 411.0113 1567.0000
v -40.7107 413.3432 1561.3431
v -41.2652 418.9728 1559.0000
v -41.8197 424.6024 1561.3431
v -83.6937 420.7569 1567.0000
v -83.2366 418.4588 1572.6569
v -82.1330 412.9106 1575.0000
v -81.0294 407.3624 1572.6569
v -80.5723 405.0643 1567.0000
v -81.0294 407.3624 1561.3431
v -82.1330 412.9106 1559.0000
v -83.2366 418.4588 1561.3431
v -124.5321 410.5274 1567.0000
v -123.8519 408.2852 1572.6569
v -122.2098 402.8719 1575.0000
v -120.5678 397.4586 1572.6569
v -119.8876 395.2164 1567.0000
v -120.5678 397.4586 1561.3431
v -122.2098 402.8719 1559.0000
v -123.8519 408.2852 1561.3431
v -164.1712 396.3443 1567.0000
v -163.2745 394.1795 1572.6569
v -161.1097 388.9533 1575.0000
v -158.9449 383.7270 1572.6569
v -158.0483 381.5622 1567.0000
v -158.9449 383.7270 1561.3431
v -161.1097 388.9533 1559.0000
v -163.2745 394.1795 1561.3431
v -202.2292 378.3442 1567.0000
v -201.1246 376.2778 1572.6569
v -198.4580 371.2889 1575.0000
v -195.7914 366.3000 1572.6569
v -194.6869 364.2335 1567.0000
v -195.7914 366.3000 1561.3431
v -198.4580 371.2889 1559.0000
v -201.1246 376.2778 1561.3431
v -238.3396 356.7005 1567.0000
v -237.0378 354.7522 1572.6569
v -233.8951 350.0487 1575.0000
v -230.7523 345.3452 1572.6569
v -229.4505 343.3969 1567.0000
v -230.7523 345.3452 1561.3431
v -233.8951 350.0487 1559.0000
v -237.0378 354.7522 1561.3431
v -272.1547 331.6215 1567.0000
v -270.6682 329.8102 1572.6569
v -267.0796 325.4374 1575.0000
v -263.4909 321.0646 1572.6569
v -262.0044 319.2533 1567.0000
v -263.4909 321.0646 1561.3431
v -267.0796 325.4374 1559.0000
v -270.6682 329.8102 1561.3431
v -303.3488 303.3488 1567.0000
v -301.6920 301.6920 1572.6569
v -297.6920 297.6920 1575.0000
v -293.6920 293.6920 1572.6569
v -292.0351 292.0351 1567.0000
v -293.6920 293.6920 1561.3431
v -297.6920 297.6920 1559.0000
v -301.6920 301.6920 1561.3431
v -331.6215 272.1547 1567.0000
v -329.8102 270.6682 1572.6569
v -325.4374 267.0796 1575.0000
v -321.0646 263.4909 1572.6569
v -319.2533 262.0044 1567.0000
v -321.0646 263.4909 1561.3431
v -325.4374 267.0796 1559.0000
v -329.8102 270.6682 1561.3431
v -356.7005 238.3396 1567.0000
v -354.7522 237.0378 1572.6569
v -350.0487 233.8951 1575.0000
v -345.3452 230.7523 1572.6569
v -343.3969 229.4505 1567.0000
v -345.3452 230.7523 1561.3431
v -350.0487 233.8951 1559.0000
v -354.7522 237.0378 1561.3431
v -378.3442 202.2292 1567.0000
v -376.2778 201.1246 1572.6569
v -371.2889 198.4580 1575.0000
v -366.3000 195.7914 1572.6569
v -364.2335 194.6869 1567.0000
v -366.3000 195.7914 1561.3431
v -371.2889 198.4580 1559.0000
v -376.2778 201.1246 1561.3431
v -396.3443 164.1712 1567.0000
v -394.1795 163.2745 1572.6569
v -388.9533 161.1097 1575.0000
v -383.7270 158.9449 1572.6569
v -381.5622 158.0483 1567.0000
v -383.7270 158.9449 1561.3431
v -388.9533 161.1097 1559.0000
v -394.1795 163.2745 1561.3431
v -410.5274 124.5321 1567.0000
v -408.2852 123.8519 1572.6569
v -402.8719 122.2098 1575.0000
v -397.4586 120.5678 1572.6569
v -395.2164 119.8876 1567.0000
v -397.4586 120.5678 1561.3431
v -402.8719 122.2098 1559.0000
v -408.2852 123.8519 1561.3431
v -420.7569 83.6937 1567.0000
v -418.4588 83.2366 1572.6569
v -412.9106 82.1330 1575.0000
v -407.3624 81.0294 1572.6569
v -405.0643 80.5723 1567.0000
v -407.3624 81.0294 1561.3431
v -412.9106 82.1330 1559.0000
v -418.4588 83.2366 1561.3431
v -426.9342 42.0494 1567.0000
v -424.6024 41.8197 1572.6569
v -418.9728 41.2652 1575.0000
v -413.3432 40.7107 1572.6569
v -411.0113 40.4811 1567.0000
v -413.3432 40.7107 1561.3431
v -418.9728 41.2652 1559.0000
v -424.6024 41.8197 1561.3431
v -429.0000 0.0000 1567.0000
v -426.6569 0.0000 1572.6569
v -421.0000 0.0000 1575.0000
v -415.3431 0.0000 1572.6569
v -413.0000 0.0000 1567.0000
v -415.3431 0.0000 1561.3431
v -421.0000 0.0000 1559.0000
v -426.6569 0.0000 1561.3431
v -426.9342 -42.0494 1567.0000
v -424.6024 -41.8197 1572.6569
v -418.9728 -41.2652 1575.0000
v -413.3432 -40.7107 1572.6569
v -411.0113 -40.4811 1567.0000
v -413.3432 -40.7107 1561.3431
v -418.9728 -41.2652 1559.0000
v -424.6024 -41.8197 1561.3431
v -420.7569 -83.6937 1567.0000
v -418.4588 -83.2366 1572.6569
v -412.9106 -82.1330 1575.0000
v -407.3624 -81.0294 1572.6569
v -405.0643 -80.5723 1567.0000
v -407.3624 -81.0294 1561.3431
v -412.9106 -82.1330 1559.0000
v -418.4588 -83.2366 1561.3431
v -410.5274 -124.5321 1567.0000
v -408.2852 -123.8519 1572.6569
v -402.8719 -122.2098 1575.0000
v -397.4586 -120.5678 1572.6569
v -395.2164 -119.8876 1567.0000
v -397.4586 -120.5678 1561.3431
v -402.8719 -122.2098 1559.0000
v -408.2852 -123.8519 1561.3431
v -396.3443 -164.1712 1567.0000
v -394.1795 -163.2745 1572.6569
v -388.9533 -161.1097 1575.0000
v -383.7270 -158.9449 1572.6569
v -381.5622 -158.0483 1567.0000
v -383.7270 -158.9449 1561.3431
v -388.9533 -161.1097 1559.0000
v -394.1795 -163.2745 1561.3431
v -378.3442 -202.2292 1567.0000
v -376.2778 -201.1246 1572.6569
v -371.2889 -198.4580 1575.0000
v -366.3000 -195.7914 1572.6569
v -364.2335 -194.6869 1567.0000
v -366.3000 -195.7914 1561.3431
v -371.2889 -198.4580 1559.0000
v -376.2778 -201.1246 1561.3431
v -356.7005 -238.3396 1567.0000
v -354.7522 -237.0378 1572.6569
v -350.0487 -233.8951 1575.0000
v -345.3452 -230.7523 1572.6569
v -343.3969 -229.4505 1567.0000
v -345.3452 -230.7523 1561.3431
v -350.0487 -233.8951 1559.0000
v -354.7522 -237.0378 1561.3431
v -331.6215 -272.1547 1567.0000
v -329.8102 -270.6682 1572.6569
v -325.4374 -267.0796 1575.0000
v -321.0646 -263.4909 1572.6569
v -319.2533 -262.0044 1567.0000
v -321.0646 -263.4909 1561.3431
v -325.4374 -267.0796 1559.0000
v -329.8102 -270.6682 1561.3431
v -303.3488 -303.3488 1567.0000
v -301.6920 -301.6920 1572.6569
v -297.6920 -297.6920 1575.0000
v -293.6920 -293.6920 1572.6569
v -292.0351 -292.0351 1567.0000
v -293.6920 -293.6920 1561.3431
v -297.6920 -297.6920 1559.0000
v -301.6920 -301.6920 1561.3431
v -272.1547 -331.6215 1567.0000
v -270.6682 -329.8102 1572.6569
v -267.0796 -325.4374 1575.0000
v -263.4909 -321.0646 1572.6569
v -262.0044 -319.2533 1567.0000
v -263.4909 -321.0646 1561.3431
v -267.0796 -325.4374 1559.0000
v -270.6682 -329.8102 1561.3431
v -238.3396 -356.7005 1567.0000
v -237.0378 -354.7522 1572.6569
v -233.8951 -350.0487 1575.0000
v -230.7523 -345.3452 1572.6569
v -229.4505 -343.3969 1567.0000
v -230.7523 -345.3452 1561.3431
v -233.8951 -350.0487 1559.0000
v -237.0378 -354.7522 1561.3431
v -202.2292 -378.3442 1567.0000
v -201.1246 -376.2778 1572.6569
v -198.4580 -371.2889 1575.0000
v -195.7914 -366.3000 1572.6569
v -194.6869 -364.2335 1567.0000
v -195.7914 -366.3000 1561.3431
v -198.4580 -371.2889 1559.0000
v -201.1246 -376.2778 1561.3431
v -164.1712 -396.3443 1567.0000
v -163.2745 -394.1795 1572.6569
v -161.1097 -388.9533 1575.0000
v -158.9449 -383.7270 1572.6569
v -158.0483 -381.5622 1567.0000
v -158.9449 -383.7270 1561.3431
v -161.1097 -388.9533 1559.0000
v -163.2745 -394.1795 1561.3431
v -124.5321 -410.5274 1567.0000
v -123.8519 -408.2852 1572.6569
v -122.2098 -402.8719 1575.0000
v -120.5678 -397.4586 1572.6569
v -119.8876 -395.2164 1567.0000
v -120.5678 -397.4586 1561.3431
v -122.2098 -402.8719 1559.0000
v -123.8519 -408.2852 1561.3431
v -83.6937 -420.7569 1567.0000
v -83.2366 -418.4588 1572.6569
v -82.1330 -412.9106 1575.0000
v -81.0294 -407.3624 1572.6569
v -80.5723 -405.0643 1567.0000
v -81.0294 -407.3624 1561.3431
v -82.1330 -412.9106 1559.0000
v -83.2366 -418.4588 1561.3431
v -42.0494 -426.9342 1567.0000
v -41.8197 -424.6024 1572.6569
v -41.2652 -418.9728 1575.0000
v -40.7107 -413.3432 1572.6569
v -40.4811 -411.0113 1567.0000
v -40.7107 -413.3432 1561.3431
v -41.2652 -418.9728 1559.0000
v -41.8197 -424.6024 1561.3431
v -0.0000 -429.0000 1567.0000
v -0.0000 -426.6569 1572.6569
v -0.0000 -421.0000 1575.0000
v -0.0000 -415.3431 1572.6569
v -0.0000 -413.0000 1567.0000
v -0.0000 -415.3431 1561.3431
v -0.0000 -421.0000 1559.0000
v -0.0000 -426.6569 1561.3431
v 42.0494 -426.9342 1567.0000
v 41.8197 -424.6024 1572.6569
v 41.2652 -418.9728 1575.0000
v 40.7107 -413.3432 1572.6569
v 40.4811 -411.0113 1567.0000
v 40.7107 -413.3432 1561.3431
v 41.2652 -418.9728 1559.0000
v 41.8197 -424.6024 1561.3431
v 83.6937 -420.7569 1567.0000
v 83.2366 -418.4588 1572.6569
v 82.1330 -412.9106 1575.0000
v 81.0294 -407.3624 1572.6569
v 80.5723 -405.0643 1567.0000
v 81.0294 -407.3624 1561.3431
v 82.1330 -412.9106 1559.0000
v 83.2366 -418.4588 1561.3431
v 124.5321 -410.5274 1567.0000
v 123.8519 -408.2852 1572.6569
v 122.2098 -402.8719 1575.0000
v 120.5678 -397.4586 1572.6569
v 119.8876 -395.2164 1567.0000
v 120.5678 -397.4586 1561.3431
v 122.2098 -402.8719 1559.0000
v 123.8519 -408.2852 1561.3431
v 164.1712 -396.3443 1567.0000
v 163.2745 -394.1795 1572.6569
v 161.1097 -388.9533 1575.0000
v 158.9449 -383.7270 1572.6569
v 158.0483 -381.5622 1567.0000
v 158.9449 -383.7270 1561.3431
v 161.1097 -388.9533 1559.0000
v 163.2745 -394.1795 1561.3431
v 202.2292 -378.3442 1567.0000
v 201.1246 -376.2778 1572.6569
v 198.4580 -371.2889 1575.0000
v 195.7914 -366.3000 1572.6569
v 194.6869 -364.2335 1567.0000
v 195.7914 -366.3000 1561.3431
v 198.4580 -371.2889 1559.0000
v 201.1246 -376.2778 1561.3431
v 238.3396 -356.7005 1567.0000
v 237.0378 -354.7522 1572.6569
v 233.8951 -350.0487 1575.0000
v 230.7523 -345.3452 1572.6569
v 229.4505 -343.3969 1567.0000
v 230.7523 -345.3452 1561.3431
v 233.8951 -350.0487 1559.0000
v 237.0378 -354.7522 1561.3431
v 272.1547 -331.6215 1567.0000
v 270.6682 -329.8102 1572.6569
v 267.0796 -325.4374 1575.0000
v 263.4909 -321.0646 1572.6569
v 262.0044 -319.2533 1567.0000
v 263.4909 -321.0646 1561.3431
v 267.0796 -325.4374 1559.0000
v 270.6682 -329.8102 1561.3431
v 303.3488 -303.3488 1567.0000
v 301.6920 -301.6920 1572.6569
v 297.6920 -297.6920 1575.0000
v 293.6920 -293.6920 1572.6569
v 292.0351 -292.0351 1567.0000
v 293.6920 -293.6920 1561.3431
v 297.6920 -297.6920 1559.0000
v 301.6920 -301.6920 1561.3431
v 331.6215 -272.1547 1567.0000
v 329.8102 -270.6682 1572.6569
v 325.4374 -267.0796 1575.0000
v 321.0646 -263.4909 1572.6569
v 319.2533 -262.0044 1567.0000
v 321.0646 -263.4909 1561.3431
v 325.4374 -267.0796 1559.0000
v 329.8102 -270.6682 1561.3431
v 356.7005 -238.3396 1567.0000
v 354.7522 -237.0378 1572.6569
v 350.0487 -233.8951 1575.0000
v 345.3452 -230.7523 1572.6569
v 343.3969 -229.4505 1567.0000
v 345.3452 -230.7523 1561.3431
v 350.0487 -233.8951 1559.0000
v 354.7522 -237.0378 1561.3431
v 378.3442 -202.2292 1567.0000
v 376.2778 -201.1246 1572.6569
v 371.2889 -198.4580 1575.0000
v 366.3000 -195.7914 1572.6569
v 364.2335 -194.6869 1567.0000
v 366.3000 -195.7914 1561.3431
v 371.2889 -198.4580 1559.0000
v 376.2778 -201.1246 1561.3431
v 396.3443 -164.1712 1567.0000
v 394.1795 -163.2745 1572.6569
v 388.9533 -161.1097 1575.0000
v 383.7270 -158.9449 1572.6569
v 381.5622 -158.0483 1567.0000
v 383.7270 -158.9449 1561.3431
v 388.9533 -161.1097 1559.0000
v 394.1795 -163.2745 1561.3431
v 410.5274 -124.5321 1567.0000
v 408.2852 -123.8519 1572.6569
v 402.8719 -122.2098 1575.0000
v 397.4586 -120.5678 1572.6569
v 395.2164 -119.8876 1567.0000
v 397.4586 -120.5678 1561.3431
v 402.8719 -122.2098 1559.0000
v 408.2852 -123.8519 1561.3431
v 420.7569 -83.6937 1567.0000
v 418.4588 -83.2366 1572.6569
v 412.9106 -82.1330 1575.0000
v 407.3624 -81.0294 1572.6569
v 405.0643 -80.5723 1567.0000
v 407.3624 -81.0294 1561.3431
v 412.9106 -82.1330 1559.0000
v 418.4588 -83.2366 1561.3431
v 426.9342 -42.0494 1567.0000
v 424.6024 -41.8197 1572.6569
v 418.9728 -41.2652 1575.0000
v 413.3432 -40.7107 1572.6569
v 411.0113 -40.4811 1567.0000
v 413.3432 -40.7107 1561.3431
v 418.9728 -41.2652 1559.0000
v 424.6024 -41.8197 1561.3431
v 424.0000 0.0000 1585.5000
v 424.0000 0.0000 1594.5000
v 421.9583 41.5593 1585.5000
v 421.9583 41.5593 1594.5000
v 415.8530 82.7183 1585.5000
v 415.8530 82.7183 1594.5000
v 405.7427 123.0807 1585.5000
v 405.7427 123.0807 1594.5000
v 391.7249 162.2578 1585.5000
v 391.7249 162.2578 1594.5000
v 373.9346 199.8722 1585.5000
v 373.9346 199.8722 1594.5000
v 352.5431 235.5618 1585.5000
v 352.5431 235.5618 1594.5000
v 327.7564 268.9828 1585.5000
v 327.7564 268.9828 1594.5000
v 299.8133 299.8133 1585.5000
v 299.8133 299.8133 1594.5000
v 268.9828 327.7564 1585.5000
v 268.9828 327.7564 1594.5000
v 235.5618 352.5431 1585.5000
v 235.5618 352.5431 1594.5000
v 199.8722 373.9346 1585.5000
v 199.8722 373.9346 1594.5000
v 162.2578 391.7249 1585.5000
v 162.2578 391.7249 1594.5000
v 123.0807 405.7427 1585.5000
v 123.0807 405.7427 1594.5000
v 82.7183 415.8530 1585.5000
v 82.7183 415.8530 1594.5000
v 41.5593 421.9583 1585.5000
v 41.5593 421.9583 1594.5000
v 0.0000 424.0000 1585.5000
v 0.0000 424.0000 1594.5000
v -41.5593 421.9583 1585.5000
v -41.5593 421.9583 1594.5000
v -82.7183 415.8530 1585.5000
v -82.7183 415.8530 1594.5000
v -123.0807 405.7427 1585.5000
v -123.0807 405.7427 1594.5000
v -162.2578 391.7249 1585.5000
v -162.2578 391.7249 1594.5000
v -199.8722 373.9346 1585.5000
v -199.8722 373.9346 1594.5000
v -235.5618 352.5431 1585.5000
v -235.5618 352.5431 1594.5000
v -268.9828 327.7564 1585.5000
v -268.9828 327.7564 1594.5000
v -299.8133 299.8133 1585.5000
v -299.8133 299.8133 1594.5000
v -327.7564 268.9828 1585.5000
v -327.7564 268.9828 1594.5000
v -352.5431 235.5618 1585.5000
v -352.5431 235.5618 1594.5000
v -373.9346 199.8722 1585.5000
v -373.9346 199.8722 1594.5000
v -391.7249 162.2578 1585.5000
v -391.7249 162.2578 1594.5000
v -405.7427 123.0807 1585.5000
v -405.7427 123.0807 1594.5000
v -415.8530 82.7183 1585.5000
v -415.8530 82.7183 1594.5000
v -421.9583 41.5593 1585.5000
v -421.9583 41.5593 1594.5000
v -424.0000 0.0000 1585.5000
v -424.0000 0.0000 1594.5000
v -421.9583 -41.5593 1585.5000
v -421.9583 -41.5593 1594.5000
v -415.8530 -82.7183 1585.5000
v -415.8530 -82.7183 1594.5000
v -405.7427 -123.0807 1585.5000
v -405.7427 -123.0807 1594.5000
v -391.7249 -162.2578 1585.5000
v -391.7249 -162.2578 1594.5000
v -373.9346 -199.8722 1585.5000
v -373.9346 -199.8722 1594.5000
v -352.5431 -235.5618 1585.5000
v -352.5431 -235.5618 1594.5000
v -327.7564 -268.9828 1585.5000
v -327.7564 -268.9828 1594.5000
v -299.8133 -299.8133 1585.5000
v -299.8133 -299.8133 1594.5000
v -268.9828 -327.7564 1585.5000
v -268.9828 -327.7564 1594.5000
v -235.5618 -352.5431 1585.5000
v -235.5618 -352.5431 1594.5000
v -199.8722 -373.9346 1585.5000
v -199.8722 -373.9346 1594.5000
v -162.2578 -391.7249 1585.5000
v -162.2578 -391.7249 1594.5000
v -123.0807 -405.7427 1585.5000
v -123.0807 -405.7427 1594.5000
v -82.7183 -415.8530 1585.5000
v -82.7183 -415.8530 1594.5000
v -41.5593 -421.9583 1585.5000
v -41.5593 -421.9583 1594.5000
v -0.0000 -424.0000 1585.5000
v -0.0000 -424.0000 1594.5000
v 41.5593 -421.9583 1585.5000
v 41.5593 -421.9583 1594.5000
v 82.7183 -415.8530 1585.5000
v 82.7183 -415.8530 1594.5000
v 123.0807 -405.7427 1585.5000
v 123.0807 -405.7427 1594.5000
v 162.2578 -391.7249 1585.5000
v 162.2578 -391.7249 1594.5000
v 199.8722 -373.9346 1585.5000
v 199.8722 -373.9346 1594.5000
v 235.5618 -352.5431 1585.5000
v 235.5618 -352.5431 1594.5000
v 268.9828 -327.7564 1585.5000
v 268.9828 -327.7564 1594.5000
v 299.8133 -299.8133 1585.5000
v 299.8133 -299.8133 1594.5000
v 327.7564 -268.9828 1585.5000
v 327.7564 -268.9828 1594.5000
v 352.5431 -235.5618 1585.5000
v 352.5431 -235.5618 1594.5000
v 373.9346 -199.8722 1585.5000
v 373.9346 -199.8722 1594.5000
v 391.7249 -162.2578 1585.5000
v 391.7249 -162.2578 1594.5000
v 405.7427 -123.0807 1585.5000
v 405.7427 -123.0807 1594.5000
v 415.8530 -82.7183 1585.5000
v 415.8530 -82.7183 1594.5000
v 421.9583 -41.5593 1585.5000
v 421.9583 -41.5593 1594.5000
v 424.0000 0.0000 1690.5000
v 424.0000 0.0000 1699.5000
v 421.9583 41.5593 1690.5000
v 421.9583 41.5593 1699.5000
v 415.8530 82.7183 1690.5000
v 415.8530 82.7183 1699.5000
v 405.7427 123.0807 1690.5000
v 405.7427 123.0807 1699.5000
v 391.7249 162.2578 1690.5000
v 391.7249 162.2578 1699.5000
v 373.9346 199.8722 1690.5000
v 373.9346 199.8722 1699.5000
v 352.5431 235.5618 1690.5000
v 352.5431 235.5618 1699.5000
v 327.7564 268.9828 1690.5000
v 327.7564 268.9828 1699.5000
v 299.8133 299.8133 1690.5000
v 299.8133 299.8133 1699.5000
v 268.9828 327.7564 1690.5000
v 268.9828 327.7564 1699.5000
v 235.5618 352.5431 1690.5000
v 235.5618 352.5431 1699.5000
v 199.8722 373.9346 1690.5000
v 199.8722 373.9346 1699.5000
v 162.2578 391.7249 1690.5000
v 162.2578 391.7249 1699.5000
v 123.0807 405.7427 1690.5000
v 123.0807 405.7427 1699.5000
v 82.7183 415.8530 1690.5000
v 82.7183 415.8530 1699.5000
v 41.5593 421.9583 1690.5000
v 41.5593 421.9583 1699.5000
v 0.0000 424.0000 1690.5000
v 0.0000 424.0000 1699.5000
v -41.5593 421.9583 1690.5000
v -41.5593 421.9583 1699.5000
v -82.7183 415.8530 1690.5000
v -82.7183 415.8530 1699.5000
v -123.0807 405.7427 1690.5000
v -123.0807 405.7427 1699.5000
v -162.2578 391.7249 1690.5000
v -162.2578 391.7249 1699.5000
v -199.8722 373.9346 1690.5000
v -199.8722 373.9346 1699.5000
v -235.5618 352.5431 1690.5000
v -235.5618 352.5431 1699.5000
v -268.9828 327.7564 1690.5000
v -268.9828 327.7564 1699.5000
v -299.8133 299.8133 1690.5000
v -299.8133 299.8133 1699.5000
v -327.7564 268.9828 1690.5000
v -327.7564 268.9828 1699.5000
v -352.5431 235.5618 1690.5000
v -352.5431 235.5618 1699.5000
v -373.9346 199.8722 1690.5000
v -373.9346 199.8722 1699.5000
v -391.7249 162.2578 1690.5000
v -391.7249 162.2578 1699.5000
v -405.7427 123.0807 1690.5000
v -405.7427 123.0807 1699.5000
v -415.8530 82.7183 1690.5000
v -415.8530 82.7183 1699.5000
v -421.9583 41.5593 1690.5000
v -421.9583 41.5593 1699.5000
v -424.0000 0.0000 1690.5000
v -424.0000 0.0000 1699.5000
v -421.9583 -41.5593 1690.5000
v -421.9583 -41.5593 1699.5000
v -415.8530 -82.7183 1690.5000
v -415.8530 -82.7183 1699.5000
v -405.7427 -123.0807 1690.5000
v -405.7427 -123.0807 1699.5000
v -391.7249 -162.2578 1690.5000
v -391.7249 -162.2578 1699.5000
v -373.9346 -199.8722 1690.5000
v -373.9346 -199.8722 1699.5000
v -352.5431 -235.5618 1690.5000
v -352.5431 -235.5618 1699.5000
v -327.7564 -268.9828 1690.5000
v -327.7564 -268.9828 1699.5000
v -299.8133 -299.8133 1690.5000
v -299.8133 -299.8133 1699.5000
v -268.9828 -327.7564 1690.5000
v -268.9828 -327.7564 1699.5000
v -235.5618 -352.5431 1690.5000
v -235.5618 -352.5431 1699.5000
v -199.8722 -373.9346 1690.5000
v -199.8722 -373.9346 1699.5000
v -162.2578 -391.7249 1690.5000
v -162.2578 -391.7249 1699.5000
v -123.0807 -405.7427 1690.5000
v -123.0807 -405.7427 1699.5000
v -82.7183 -415.8530 1690.5000
v -82.7183 -415.8530 1699.5000
v -41.5593 -421.9583 1690.5000
v -41.5593 -421.9583 1699.5000
v -0.0000 -424.0000 1690.5000
v -0.0000 -424.0000 1699.5000
v 41.5593 -421.9583 1690.5000
v 41.5593 -421.9583 1699.5000
v 82.7183 -415.8530 1690.5000
v 82.7183 -415.8530 1699.5000
v 123.0807 -405.7427 1690.5000
v 123.0807 -405.7427 1699.5000
v 162.2578 -391.7249 1690.5000
v 162.2578 -391.7249 1699.5000
v 199.8722 -373.9346 1690.5000
v 199.8722 -373.9346 1699.5000
v 235.5618 -352.5431 1690.5000
v 235.5618 -352.5431 1699.5000
v 268.9828 -327.7564 1690.5000
v 268.9828 -327.7564 1699.5000
v 299.8133 -299.8133 1690.5000
v 299.8133 -299.8133 1699.5000
v 327.7564 -268.9828 1690.5000
v 327.7564 -268.9828 1699.5000
v 352.5431 -235.5618 1690.5000
v 352.5431 -235.5618 1699.5000
v 373.9346 -199.8722 1690.5000
v 373.9346 -199.8722 1699.5000
v 391.7249 -162.2578 1690.5000
v 391.7249 -162.2578 1699.5000
v 405.7427 -123.0807 1690.5000
v 405.7427 -123.0807 1699.5000
v 415.8530 -82.7183 1690.5000
v 415.8530 -82.7183 1699.5000
v 421.9583 -41.5593 1690.5000
v 421.9583 -41.5593 1699.5000
v 419.0000 0.0000 1735.5000
v 419.0000 0.0000 1744.5000
v 416.9824 41.0692 1735.5000
v 416.9824 41.0692 1744.5000
v 410.9490 81.7428 1735.5000
v 410.9490 81.7428 1744.5000
v 400.9580 121.6293 1735.5000
v 400.9580 121.6293 1744.5000
v 387.1055 160.3444 1735.5000
v 387.1055 160.3444 1744.5000
v 369.5250 197.5152 1735.5000
v 369.5250 197.5152 1744.5000
v 348.3858 232.7839 1735.5000
v 348.3858 232.7839 1744.5000
v 323.8914 265.8108 1735.5000
v 323.8914 265.8108 1744.5000
v 296.2777 296.2777 1735.5000
v 296.2777 296.2777 1744.5000
v 265.8108 323.8914 1735.5000
v 265.8108 323.8914 1744.5000
v 232.7839 348.3858 1735.5000
v 232.7839 348.3858 1744.5000
v 197.5152 369.5250 1735.5000
v 197.5152 369.5250 1744.5000
v 160.3444 387.1055 1735.5000
v 160.3444 387.1055 1744.5000
v 121.6293 400.9580 1735.5000
v 121.6293 400.9580 1744.5000
v 81.7428 410.9490 1735.5000
v 81.7428 410.9490 1744.5000
v 41.0692 416.9824 1735.5000
v 41.0692 416.9824 1744.5000
v 0.0000 419.0000 1735.5000
v 0.0000 419.0000 1744.5000
v -41.0692 416.9824 1735.5000
v -41.0692 416.9824 1744.5000
v -81.7428 410.9490 1735.5000
v -81.7428 410.9490 1744.5000
v -121.6293 400.9580 1735.5000
v -121.6293 400.9580 1744.5000
v -160.3444 387.1055 1735.5000
v -160.3444 387.1055 1744.5000
v -197.5152 369.5250 1735.5000
v -197.5152 369.5250 1744.5000
v -232.7839 348.3858 1735.5000
v -232.7839 348.3858 1744.5000
v -265.8108 323.8914 1735.5000
v -265.8108 323.8914 1744.5000
v -296.2777 296.2777 1735.5000
v -296.2777 296.2777 1744.5000
v -323.8914 265.8108 1735.5000
v -323.8914 265.8108 1744.5000
v -348.3858 232.7839 1735.5000
v -348.3858 232.7839 1744.5000
v -369.5250 197.5152 1735.5000
v -369.5250 197.5152 1744.5000
v -387.1055 160.3444 1735.5000
v -387.1055 160.3444 1744.5000
v -400.9580 121.6293 1735.5000
v -400.9580 121.6293 1744.5000
v -410.9490 81.7428 1735.5000
v -410.9490 81.7428 1744.5000
v -416.9824 41.0692 1735.5000
v -416.9824 41.0692 1744.5000
v -419.0000 0.0000 1735.5000
v -419.0000 0.0000 1744.5000
v -416.9824 -41.0692 1735.5000
v -416.9824 -41.0692 1744.5000
v -410.9490 -81.7428 1735.5000
v -410.9490 -81.7428 1744.5000
v -400.9580 -121.6293 1735.5000
v -400.9580 -121.6293 1744.5000
v -387.1055 -160.3444 1735.5000
v -387.1055 -160.3444 1744.5000
v -369.5250 -197.5152 1735.5000
v -369.5250 -197.5152 1744.5000
v -348.3858 -232.7839 1735.5000
v -348.3858 -232.7839 1744.5000
v -323.8914 -265.8108 1735.5000
v -323.8914 -265.8108 1744.5000
v -296.2777 -296.2777 1735.5000
v -296.2777 -296.2777 1744.5000
v -265.8108 -323.8914 1735.5000
v -265.8108 -323.8914 1744.5000
v -232.7839 -348.3858 1735.5000
v -232.7839 -348.3858 1744.5000
v -197.5152 -369.5250 1735.5000
v -197.5152 -369.5250 1744.5000
v -160.3444 -387.1055 1735.5000
v -160.3444 -387.1055 1744.5000
v -121.6293 -400.9580 1735.5000
v -121.6293 -400.9580 1744.5000
v -81.7428 -410.9490 1735.5000
v -81.7428 -410.9490 1744.5000
v -41.0692 -416.9824 1735.5000
v -41.0692 -416.9824 1744.5000
v -0.0000 -419.0000 1735.5000
v -0.0000 -419.0000 1744.5000
v 41.0692 -416.9824 1735.5000
v 41.0692 -416.9824 1744.5000
v 81.7428 -410.9490 1735.5000
v 81.7428 -410.9490 1744.5000
v 121.6293 -400.9580 1735.5000
v 121.6293 -400.9580 1744.5000
v 160.3444 -387.1055 1735.5000
v 160.3444 -387.1055 1744.5000
v 197.5152 -369.5250 1735.5000
v 197.5152 -369.5250 1744.5000
v 232.7839 -348.3858 1735.5000
v 232.7839 -348.3858 1744.5000
v 265.8108 -323.8914 1735.5000
v 265.8108 -323.8914 1744.5000
v 296.2777 -296.2777 1735.5000
v 296.2777 -296.2777 1744.5000
v 323.8914 -265.8108 1735.5000
v 323.8914 -265.8108 1744.5000
v 348.3858 -232.7839 1735.5000
v 348.3858 -232.7839 1744.5000
v 369.5250 -197.5152 1735.5000
v 369.5250 -197.5152 1744.5000
v 387.1055 -160.3444 1735.5000
v 387.1055 -160.3444 1744.5000
v 400.9580 -121.6293 1735.5000
v 400.9580 -121.6293 1744.5000
v 410.9490 -81.7428 1735.5000
v 410.9490 -81.7428 1744.5000
v 416.9824 -41.0692 1735.5000
v 416.9824 -41.0692 1744.5000
v 428.0000 0.0000 1590.0000
v 428.0000 0.0000 1740.0000
v 426.5355 3.5355 1590.0000
v 426.5355 3.5355 1740.0000
v 423.0000 5.0000 1590.0000
v 423.0000 5.0000 1740.0000
v 419.4645 3.5355 1590.0000
v 419.4645 3.5355 1740.0000
v 418.0000 0.0000 1590.0000
v 418.0000 0.0000 1740.0000
v 419.4645 -3.5355 1590.0000
v 419.4645 -3.5355 1740.0000
v 423.0000 -5.0000 1590.0000
v 423.0000 -5.0000 1740.0000
v 426.5355 -3.5355 1590.0000
v 426.5355 -3.5355 1740.0000
v 325.0000 -8.5000 1523.4480
v 421.0000 -8.5000 1523.4480
v 421.0000 8.5000 1523.4480
v 325.0000 8.5000 1523.4480
v 325.0000 -8.5000 1571.5520
v 325.0000 8.5000 1571.5520
v 421.0000 8.5000 1571.5520
v 421.0000 -8.5000 1571.5520
v 325.0000 -8.5000 1523.4480
v 325.0000 -8.5000 1571.5520
v 421.0000 -8.5000 1571.5520
v 421.0000 -8.5000 1523.4480
v 325.0000 8.5000 1523.4480
v 421.0000 8.5000 1523.4480
v 421.0000 8.5000 1571.5520
v 325.0000 8.5000 1571.5520
v 325.0000 -8.5000 1523.4480
v 325.0000 8.5000 1523.4480
v 325.0000 8.5000 1571.5520
v 325.0000 -8.5000 1571.5520
v 421.0000 -8.5000 1523.4480
v 421.0000 -8.5000 1571.5520
v 421.0000 8.5000 1571.5520
v 421.0000 8.5000 1523.4480
v 435.0000 0.0000 1736.0000
v 435.0000 0.0000 1758.0000
v 432.7082 7.0534 1736.0000
v 432.7082 7.0534 1758.0000
v 426.7082 11.4127 1736.0000
v 426.7082 11.4127 1758.0000
v 419.2918 11.4127 1736.0000
v 419.2918 11.4127 1758.0000
v 413.2918 7.0534 1736.0000
v 413.2918 7.0534 1758.0000
v 411.0000 0.0000 1736.0000
v 411.0000 0.0000 1758.0000
v 413.2918 -7.0534 1736.0000
v 413.2918 -7.0534 1758.0000
v 419.2918 -11.4127 1736.0000
v 419.2918 -11.4127 1758.0000
v 426.7082 -11.4127 1736.0000
v 426.7082 -11.4127 1758.0000
v 432.7082 -7.0534 1736.0000
v 432.7082 -7.0534 1758.0000
v 419.8722 82.5232 1590.0000
v 419.8722 82.5232 1740.0000
v 418.4077 86.0587 1590.0000
v 418.4077 86.0587 1740.0000
v 414.8722 87.5232 1590.0000
v 414.8722 87.5232 1740.0000
v 411.3366 86.0587 1590.0000
v 411.3366 86.0587 1740.0000
v 409.8722 82.5232 1590.0000
v 409.8722 82.5232 1740.0000
v 411.3366 78.9877 1590.0000
v 411.3366 78.9877 1740.0000
v 414.8722 77.5232 1590.0000
v 414.8722 77.5232 1740.0000
v 418.4077 78.9877 1590.0000
v 418.4077 78.9877 1740.0000
v 395.8010 161.8751 1590.0000
v 395.8010 161.8751 1740.0000
v 394.3366 165.4106 1590.0000
v 394.3366 165.4106 1740.0000
v 390.8010 166.8751 1590.0000
v 390.8010 166.8751 1740.0000
v 387.2655 165.4106 1590.0000
v 387.2655 165.4106 1740.0000
v 385.8010 161.8751 1590.0000
v 385.8010 161.8751 1740.0000
v 387.2655 158.3396 1590.0000
v 387.2655 158.3396 1740.0000
v 390.8010 156.8751 1590.0000
v 390.8010 156.8751 1740.0000
v 394.3366 158.3396 1590.0000
v 394.3366 158.3396 1740.0000
v 356.7116 235.0062 1590.0000
v 356.7116 235.0062 1740.0000
v 355.2472 238.5417 1590.0000
v 355.2472 238.5417 1740.0000
v 351.7116 240.0062 1590.0000
v 351.7116 240.0062 1740.0000
v 348.1761 238.5417 1590.0000
v 348.1761 238.5417 1740.0000
v 346.7116 235.0062 1590.0000
v 346.7116 235.0062 1740.0000
v 348.1761 231.4707 1590.0000
v 348.1761 231.4707 1740.0000
v 351.7116 230.0062 1590.0000
v 351.7116 230.0062 1740.0000
v 355.2472 231.4707 1590.0000
v 355.2472 231.4707 1740.0000
v 304.1062 299.1062 1590.0000
v 304.1062 299.1062 1740.0000
v 302.6417 302.6417 1590.0000
v 302.6417 302.6417 1740.0000
v 299.1062 304.1062 1590.0000
v 299.1062 304.1062 1740.0000
v 295.5706 302.6417 1590.0000
v 295.5706 302.6417 1740.0000
v 294.1062 299.1062 1590.0000
v 294.1062 299.1062 1740.0000
v 295.5706 295.5706 1590.0000
v 295.5706 295.5706 1740.0000
v 299.1062 294.1062 1590.0000
v 299.1062 294.1062 1740.0000
v 302.6417 295.5706 1590.0000
v 302.6417 295.5706 1740.0000
v 235.8201 223.7993 1523.4480
v 303.7024 291.6815 1523.4480
v 291.6815 303.7024 1523.4480
v 223.7993 235.8201 1523.4480
v 235.8201 223.7993 1571.5520
v 223.7993 235.8201 1571.5520
v 291.6815 303.7024 1571.5520
v 303.7024 291.6815 1571.5520
v 235.8201 223.7993 1523.4480
v 235.8201 223.7993 1571.5520
v 303.7024 291.6815 1571.5520
v 303.7024 291.6815 1523.4480
v 223.7993 235.8201 1523.4480
v 291.6815 303.7024 1523.4480
v 291.6815 303.7024 1571.5520
v 223.7993 235.8201 1571.5520
v 235.8201 223.7993 1523.4480
v 223.7993 235.8201 1523.4480
v 223.7993 235.8201 1571.5520
v 235.8201 223.7993 1571.5520
v 303.7024 291.6815 1523.4480
v 303.7024 291.6815 1571.5520
v 291.6815 303.7024 1571.5520
v 291.6815 303.7024 1523.4480
v 311.1062 299.1062 1736.0000
v 311.1062 299.1062 1758.0000
v 308.8144 306.1596 1736.0000
v 308.8144 306.1596 1758.0000
v 302.8144 310.5188 1736.0000
v 302.8144 310.5188 1758.0000
v 295.3980 310.5188 1736.0000
v 295.3980 310.5188 1758.0000
v 289.3980 306.1596 1736.0000
v 289.3980 306.1596 1758.0000
v 287.1062 299.1062 1736.0000
v 287.1062 299.1062 1758.0000
v 289.3980 292.0527 1736.0000
v 289.3980 292.0527 1758.0000
v 295.3980 287.6935 1736.0000
v 295.3980 287.6935 1758.0000
v 302.8144 287.6935 1736.0000
v 302.8144 287.6935 1758.0000
v 308.8144 292.0527 1736.0000
v 308.8144 292.0527 1758.0000
v 240.0062 351.7116 1590.0000
v 240.0062 351.7116 1740.0000
v 238.5417 355.2472 1590.0000
v 238.5417 355.2472 1740.0000
v 235.0062 356.7116 1590.0000
v 235.0062 356.7116 1740.0000
v 231.4707 355.2472 1590.0000
v 231.4707 355.2472 1740.0000
v 230.0062 351.7116 1590.0000
v 230.0062 351.7116 1740.0000
v 231.4707 348.1761 1590.0000
v 231.4707 348.1761 1740.0000
v 235.0062 346.7116 1590.0000
v 235.0062 346.7116 1740.0000
v 238.5417 348.1761 1590.0000
v 238.5417 348.1761 1740.0000
v 166.8751 390.8010 1590.0000
v 166.8751 390.8010 1740.0000
v 165.4106 394.3366 1590.0000
v 165.4106 394.3366 1740.0000
v 161.8751 395.8010 1590.0000
v 161.8751 395.8010 1740.0000
v 158.3396 394.3366 1590.0000
v 158.3396 394.3366 1740.0000
v 156.8751 390.8010 1590.0000
v 156.8751 390.8010 1740.0000
v 158.3396 387.2655 1590.0000
v 158.3396 387.2655 1740.0000
v 161.8751 385.8010 1590.0000
v 161.8751 385.8010 1740.0000
v 165.4106 387.2655 1590.0000
v 165.4106 387.2655 1740.0000
v 87.5232 414.8722 1590.0000
v 87.5232 414.8722 1740.0000
v 86.0587 418.4077 1590.0000
v 86.0587 418.4077 1740.0000
v 82.5232 419.8722 1590.0000
v 82.5232 419.8722 1740.0000
v 78.9877 418.4077 1590.0000
v 78.9877 418.4077 1740.0000
v 77.5232 414.8722 1590.0000
v 77.5232 414.8722 1740.0000
v 78.9877 411.3366 1590.0000
v 78.9877 411.3366 1740.0000
v 82.5232 409.8722 1590.0000
v 82.5232 409.8722 1740.0000
v 86.0587 411.3366 1590.0000
v 86.0587 411.3366 1740.0000
v 5.0000 423.0000 1590.0000
v 5.0000 423.0000 1740.0000
v 3.5355 426.5355 1590.0000
v 3.5355 426.5355 1740.0000
v 0.0000 428.0000 1590.0000
v 0.0000 428.0000 1740.0000
v -3.5355 426.5355 1590.0000
v -3.5355 426.5355 1740.0000
v -5.0000 423.0000 1590.0000
v -5.0000 423.0000 1740.0000
v -3.5355 419.4645 1590.0000
v -3.5355 419.4645 1740.0000
v 0.0000 418.0000 1590.0000
v 0.0000 418.0000 1740.0000
v 3.5355 419.4645 1590.0000
v 3.5355 419.4645 1740.0000
v 8.5000 325.0000 1523.4480
v 8.5000 421.0000 1523.4480
v -8.5000 421.0000 1523.4480
v -8.5000 325.0000 1523.4480
v 8.5000 325.0000 1571.5520
v -8.5000 325.0000 1571.5520
v -8.5000 421.0000 1571.5520
v 8.5000 421.0000 1571.5520
v 8.5000 325.0000 1523.4480
v 8.5000 325.0000 1571.5520
v 8.5000 421.0000 1571.5520
v 8.5000 421.0000 1523.4480
v -8.5000 325.0000 1523.4480
v -8.5000 421.0000 1523.4480
v -8.5000 421.0000 1571.5520
v -8.5000 325.0000 1571.5520
v 8.5000 325.0000 1523.4480
v -8.5000 325.0000 1523.4480
v -8.5000 325.0000 1571.5520
v 8.5000 325.0000 1571.5520
v 8.5000 421.0000 1523.4480
v 8.5000 421.0000 1571.5520
v -8.5000 421.0000 1571.5520
v -8.5000 421.0000 1523.4480
v 12.0000 423.0000 1736.0000
v 12.0000 423.0000 1758.0000
v 9.7082 430.0534 1736.0000
v 9.7082 430.0534 1758.0000
v 3.7082 434.4127 1736.0000
v 3.7082 434.4127 1758.0000
v -3.7082 434.4127 1736.0000
v -3.7082 434.4127 1758.0000
v -9.7082 430.0534 1736.0000
v -9.7082 430.0534 1758.0000
v -12.0000 423.0000 1736.0000
v -12.0000 423.0000 1758.0000
v -9.7082 415.9466 1736.0000
v -9.7082 415.9466 1758.0000
v -3.7082 411.5873 1736.0000
v -3.7082 411.5873 1758.0000
v 3.7082 411.5873 1736.0000
v 3.7082 411.5873 1758.0000
v 9.7082 415.9466 1736.0000
v 9.7082 415.9466 1758.0000
v -77.5232 414.8722 1590.0000
v -77.5232 414.8722 1740.0000
v -78.9877 418.4077 1590.0000
v -78.9877 418.4077 1740.0000
v -82.5232 419.8722 1590.0000
v -82.5232 419.8722 1740.0000
v -86.0587 418.4077 1590.0000
v -86.0587 418.4077 1740.0000
v -87.5232 414.8722 1590.0000
v -87.5232 414.8722 1740.0000
v -86.0587 411.3366 1590.0000
v -86.0587 411.3366 1740.0000
v -82.5232 409.8722 1590.0000
v -82.5232 409.8722 1740.0000
v -78.9877 411.3366 1590.0000
v -78.9877 411.3366 1740.0000
v -156.8751 390.8010 1590.0000
v -156.8751 390.8010 1740.0000
v -158.3396 394.3366 1590.0000
v -158.3396 394.3366 1740.0000
v -161.8751 395.8010 1590.0000
v -161.8751 395.8010 1740.0000
v -165.4106 394.3366 1590.0000
v -165.4106 394.3366 1740.0000
v -166.8751 390.8010 1590.0000
v -166.8751 390.8010 1740.0000
v -165.4106 387.2655 1590.0000
v -165.4106 387.2655 1740.0000
v -161.8751 385.8010 1590.0000
v -161.8751 385.8010 1740.0000
v -158.3396 387.2655 1590.0000
v -158.3396 387.2655 1740.0000
v -230.0062 351.7116 1590.0000
v -230.0062 351.7116 1740.0000
v -231.4707 355.2472 1590.0000
v -231.4707 355.2472 1740.0000
v -235.0062 356.7116 1590.0000
v -235.0062 356.7116 1740.0000
v -238.5417 355.2472 1590.0000
v -238.5417 355.2472 1740.0000
v -240.0062 351.7116 1590.0000
v -240.0062 351.7116 1740.0000
v -238.5417 348.1761 1590.0000
v -238.5417 348.1761 1740.0000
v -235.0062 346.7116 1590.0000
v -235.0062 346.7116 1740.0000
v -231.4707 348.1761 1590.0000
v -231.4707 348.1761 1740.0000
v -294.1062 299.1062 1590.0000
v -294.1062 299.1062 1740.0000
v -295.5706 302.6417 1590.0000
v -295.5706 302.6417 1740.0000
v -299.1062 304.1062 1590.0000
v -299.1062 304.1062 1740.0000
v -302.6417 302.6417 1590.0000
v -302.6417 302.6417 1740.0000
v -304.1062 299.1062 1590.0000
v -304.1062 299.1062 1740.0000
v -302.6417 295.5706 1590.0000
v -302.6417 295.5706 1740.0000
v -299.1062 294.1062 1590.0000
v -299.1062 294.1062 1740.0000
v -295.5706 295.5706 1590.0000
v -295.5706 295.5706 1740.0000
v -223.7993 235.8201 1523.4480
v -291.6815 303.7024 1523.4480
v -303.7024 291.6815 1523.4480
v -235.8201 223.7993 1523.4480
v -223.7993 235.8201 1571.5520
v -235.8201 223.7993 1571.5520
v -303.7024 291.6815 1571.5520
v -291.6815 303.7024 1571.5520
v -223.7993 235.8201 1523.4480
v -223.7993 235.8201 1571.5520
v -291.6815 303.7024 1571.5520
v -291.6815 303.7024 1523.4480
v -235.8201 223.7993 1523.4480
v -303.7024 291.6815 1523.4480
v -303.7024 291.6815 1571.5520
v -235.8201 223.7993 1571.5520
v -223.7993 235.8201 1523.4480
v -235.8201 223.7993 1523.4480
v -235.8201 223.7993 1571.5520
v -223.7993 235.8201 1571.5520
v -291.6815 303.7024 1523.4480
v -291.6815 303.7024 1571.5520
v -303.7024 291.6815 1571.5520
v -303.7024 291.6815 1523.4480
v -287.1062 299.1062 1736.0000
v -287.1062 299.1062 1758.0000
v -289.3980 306.1596 1736.0000
v -289.3980 306.1596 1758.0000
v -295.3980 310.5188 1736.0000
v -295.3980 310.5188 1758.0000
v -302.8144 310.5188 1736.0000
v -302.8144 310.5188 1758.0000
v -308.8144 306.1596 1736.0000
v -308.8144 306.1596 1758.0000
v -311.1062 299.1062 1736.0000
v -311.1062 299.1062 1758.0000
v -308.8144 292.0527 1736.0000
v -308.8144 292.0527 1758.0000
v -302.8144 287.6935 1736.0000
v -302.8144 287.6935 1758.0000
v -295.3980 287.6935 1736.0000
v -295.3980 287.6935 1758.0000
v -289.3980 292.0527 1736.0000
v -289.3980 292.0527 1758.0000
v -346.7116 235.0062 1590.0000
v -346.7116 235.0062 1740.0000
v -348.1761 238.5417 1590.0000
v -348.1761 238.5417 1740.0000
v -351.7116 240.0062 1590.0000
v -351.7116 240.0062 1740.0000
v -355.2472 238.5417 1590.0000
v -355.2472 238.5417 1740.0000
v -356.7116 235.0062 1590.0000
v -356.7116 235.0062 1740.0000
v -355.2472 231.4707 1590.0000
v -355.2472 231.4707 1740.0000
v -351.7116 230.0062 1590.0000
v -351.7116 230.0062 1740.0000
v -348.1761 231.4707 1590.0000
v -348.1761 231.4707 1740.0000
v -385.8010 161.8751 1590.0000
v -385.8010 161.8751 1740.0000
v -387.2655 165.4106 1590.0000
v -387.2655 165.4106 1740.0000
v -390.8010 166.8751 1590.0000
v -390.8010 166.8751 1740.0000
v -394.3366 165.4106 1590.0000
v -394.3366 165.4106 1740.0000
v -395.8010 161.8751 1590.0000
v -395.8010 161.8751 1740.0000
v -394.3366 158.3396 1590.0000
v -394.3366 158.3396 1740.0000
v -390.8010 156.8751 1590.0000
v -390.8010 156.8751 1740.0000
v -387.2655 158.3396 1590.0000
v -387.2655 158.3396 1740.0000
v -409.8722 82.5232 1590.0000
v -409.8722 82.5232 1740.0000
v -411.3366 86.0587 1590.0000
v -411.3366 86.0587 1740.0000
v -414.8722 87.5232 1590.0000
v -414.8722 87.5232 1740.0000
v -418.4077 86.0587 1590.0000
v -418.4077 86.0587 1740.0000
v -419.8722 82.5232 1590.0000
v -419.8722 82.5232 1740.0000
v -418.4077 78.9877 1590.0000
v -418.4077 78.9877 1740.0000
v -414.8722 77.5232 1590.0000
v -414.8722 77.5232 1740.0000
v -411.3366 78.9877 1590.0000
v -411.3366 78.9877 1740.0000
v -418.0000 0.0000 1590.0000
v -418.0000 0.0000 1740.0000
v -419.4645 3.5355 1590.0000
v -419.4645 3.5355 1740.0000
v -423.0000 5.0000 1590.0000
v -423.0000 5.0000 1740.0000
v -426.5355 3.5355 1590.0000
v -426.5355 3.5355 1740.0000
v -428.0000 0.0000 1590.0000
v -428.0000 0.0000 1740.0000
v -426.5355 -3.5355 1590.0000
v -426.5355 -3.5355 1740.0000
v -423.0000 -5.0000 1590.0000
v -423.0000 -5.0000 1740.0000
v -419.4645 -3.5355 1590.0000
v -419.4645 -3.5355 1740.0000
v -325.0000 8.5000 1523.4480
v -421.0000 8.5000 1523.4480
v -421.0000 -8.5000 1523.4480
v -325.0000 -8.5000 1523.4480
v -325.0000 8.5000 1571.5520
v -325.0000 -8.5000 1571.5520
v -421.0000 -8.5000 1571.5520
v -421.0000 8.5000 1571.5520
v -325.0000 8.5000 1523.4480
v -325.0000 8.5000 1571.5520
v -421.0000 8.5000 1571.5520
v -421.0000 8.5000 1523.4480
v -325.0000 -8.5000 1523.4480
v -421.0000 -8.5000 1523.4480
v -421.0000 -8.5000 1571.5520
v -325.0000 -8.5000 1571.5520
v -325.0000 8.5000 1523.4480
v -325.0000 -8.5000 1523.4480
v -325.0000 -8.5000 1571.5520
v -325.0000 8.5000 1571.5520
v -421.0000 8.5000 1523.4480
v -421.0000 8.5000 1571.5520
v -421.0000 -8.5000 1571.5520
v -421.0000 -8.5000 1523.4480
v -411.0000 0.0000 1736.0000
v -411.0000 0.0000 1758.0000
v -413.2918 7.0534 1736.0000
v -413.2918 7.0534 1758.0000
v -419.2918 11.4127 1736.0000
v -419.2918 11.4127 1758.0000
v -426.7082 11.4127 1736.0000
v -426.7082 11.4127 1758.0000
v -432.7082 7.0534 1736.0000
v -432.7082 7.0534 1758.0000
v -435.0000 0.0000 1736.0000
v -435.0000 0.0000 1758.0000
v -432.7082 -7.0534 1736.0000
v -432.7082 -7.0534 1758.0000
v -426.7082 -11.4127 1736.0000
v -426.7082 -11.4127 1758.0000
v -419.2918 -11.4127 1736.0000
v -419.2918 -11.4127 1758.0000
v -413.2918 -7.0534 1736.0000
v -413.2918 -7.0534 1758.0000
v -409.8722 -82.5232 1590.0000
v -409.8722 -82.5232 1740.0000
v -411.3366 -78.9877 1590.0000
v -411.3366 -78.9877 1740.0000
v -414.8722 -77.5232 1590.0000
v -414.8722 -77.5232 1740.0000
v -418.4077 -78.9877 1590.0000
v -418.4077 -78.9877 1740.0000
v -419.8722 -82.5232 1590.0000
v -419.8722 -82.5232 1740.0000
v -418.4077 -86.0587 1590.0000
v -418.4077 -86.0587 1740.0000
v -414.8722 -87.5232 1590.0000
v -414.8722 -87.5232 1740.0000
v -411.3366 -86.0587 1590.0000
v -411.3366 -86.0587 1740.0000
v -385.8010 -161.8751 1590.0000
v -385.8010 -161.8751 1740.0000
v -387.2655 -158.3396 1590.0000
v -387.2655 -158.3396 1740.0000
v -390.8010 -156.8751 1590.0000
v -390.8010 -156.8751 1740.0000
v -394.3366 -158.3396 1590.0000
v -394.3366 -158.3396 1740.0000
v -395.8010 -161.8751 1590.0000
v -395.8010 -161.8751 1740.0000
v -394.3366 -165.4106 1590.0000
v -394.3366 -165.4106 1740.0000
v -390.8010 -166.8751 1590.0000
v -390.8010 -166.8751 1740.0000
v -387.2655 -165.4106 1590.0000
v -387.2655 -165.4106 1740.0000
v -346.7116 -235.0062 1590.0000
v -346.7116 -235.0062 1740.0000
v -348.1761 -231.4707 1590.0000
v -348.1761 -231.4707 1740.0000
v -351.7116 -230.0062 1590.0000
v -351.7116 -230.0062 1740.0000
v -355.2472 -231.4707 1590.0000
v -355.2472 -231.4707 1740.0000
v -356.7116 -235.0062 1590.0000
v -356.7116 -235.0062 1740.0000
v -355.2472 -238.5417 1590.0000
v -355.2472 -238.5417 1740.0000
v -351.7116 -240.0062 1590.0000
v -351.7116 -240.0062 1740.0000
v -348.1761 -238.5417 1590.0000
v -348.1761 -238.5417 1740.0000
v -294.1062 -299.1062 1590.0000
v -294.1062 -299.1062 1740.0000
v -295.5706 -295.5706 1590.0000
v -295.5706 -295.5706 1740.0000
v -299.1062 -294.1062 1590.0000
v -299.1062 -294.1062 1740.0000
v -302.6417 -295.5706 1590.0000
v -302.6417 -295.5706 1740.0000
v -304.1062 -299.1062 1590.0000
v -304.1062 -299.1062 1740.0000
v -302.6417 -302.6417 1590.0000
v -302.6417 -302.6417 1740.0000
v -299.1062 -304.1062 1590.0000
v -299.1062 -304.1062 1740.0000
v -295.5706 -302.6417 1590.0000
v -295.5706 -302.6417 1740.0000
v -235.8201 -223.7993 1523.4480
v -303.7024 -291.6815 1523.4480
v -291.6815 -303.7024 1523.4480
v -223.7993 -235.8201 1523.4480
v -235.8201 -223.7993 1571.5520
v -223.7993 -235.8201 1571.5520
v -291.6815 -303.7024 1571.5520
v -303.7024 -291.6815 1571.5520
v -235.8201 -223.7993 1523.4480
v -235.8201 -223.7993 1571.5520
v -303.7024 -291.6815 1571.5520
v -303.7024 -291.6815 1523.4480
v -223.7993 -235.8201 1523.4480
v -291.6815 -303.7024 1523.4480
v -291.6815 -303.7024 1571.5520
v -223.7993 -235.8201 1571.5520
v -235.8201 -223.7993 1523.4480
v -223.7993 -235.8201 1523.4480
v -223.7993 -235.8201 1571.5520
v -235.8201 -223.7993 1571.5520
v -303.7024 -291.6815 1523.4480
v -303.7024 -291.6815 1571.5520
v -291.6815 -303.7024 1571.5520
v -291.6815 -303.7024 1523.4480
v -287.1062 -299.1062 1736.0000
v -287.1062 -299.1062 1758.0000
v -289.3980 -292.0527 1736.0000
v -289.3980 -292.0527 1758.0000
v -295.3980 -287.6935 1736.0000
v -295.3980 -287.6935 1758.0000
v -302.8144 -287.6935 1736.0000
v -302.8144 -287.6935 1758.0000
v -308.8144 -292.0527 1736.0000
v -308.8144 -292.0527 1758.0000
v -311.1062 -299.1062 1736.0000
v -311.1062 -299.1062 1758.0000
v -308.8144 -306.1596 1736.0000
v -308.8144 -306.1596 1758.0000
v -302.8144 -310.5188 1736.0000
v -302.8144 -310.5188 1758.0000
v -295.3980 -310.5188 1736.0000
v -295.3980 -310.5188 1758.0000
v -289.3980 -306.1596 1736.0000
v -289.3980 -306.1596 1758.0000
v -230.0062 -351.7116 1590.0000
v -230.0062 -351.7116 1740.0000
v -231.4707 -348.1761 1590.0000
v -231.4707 -348.1761 1740.0000
v -235.0062 -346.7116 1590.0000
v -235.0062 -346.7116 1740.0000
v -238.5417 -348.1761 1590.0000
v -238.5417 -348.1761 1740.0000
v -240.0062 -351.7116 1590.0000
v -240.0062 -351.7116 1740.0000
v -238.5417 -355.2472 1590.0000
v -238.5417 -355.2472 1740.0000
v -235.0062 -356.7116 1590.0000
v -235.0062 -356.7116 1740.0000
v -231.4707 -355.2472 1590.0000
v -231.4707 -355.2472 1740.0000
v -156.8751 -390.8010 1590.0000
v -156.8751 -390.8010 1740.0000
v -158.3396 -387.2655 1590.0000
v -158.3396 -387.2655 1740.0000
v -161.8751 -385.8010 1590.0000
v -161.8751 -385.8010 1740.0000
v -165.4106 -387.2655 1590.0000
v -165.4106 -387.2655 1740.0000
v -166.8751 -390.8010 1590.0000
v -166.8751 -390.8010 1740.0000
v -165.4106 -394.3366 1590.0000
v -165.4106 -394.3366 1740.0000
v -161.8751 -395.8010 1590.0000
v -161.8751 -395.8010 1740.0000
v -158.3396 -394.3366 1590.0000
v -158.3396 -394.3366 1740.0000
v -77.5232 -414.8722 1590.0000
v -77.5232 -414.8722 1740.0000
v -78.9877 -411.3366 1590.0000
v -78.9877 -411.3366 1740.0000
v -82.5232 -409.8722 1590.0000
v -82.5232 -409.8722 1740.0000
v -86.0587 -411.3366 1590.0000
v -86.0587 -411.3366 1740.0000
v -87.5232 -414.8722 1590.0000
v -87.5232 -414.8722 1740.0000
v -86.0587 -418.4077 1590.0000
v -86.0587 -418.4077 1740.0000
v -82.5232 -419.8722 1590.0000
v -82.5232 -419.8722 1740.0000
v -78.9877 -418.4077 1590.0000
v -78.9877 -418.4077 1740.0000
v 5.0000 -423.0000 1590.0000
v 5.0000 -423.0000 1740.0000
v 3.5355 -419.4645 1590.0000
v 3.5355 -419.4645 1740.0000
v -0.0000 -418.0000 1590.0000
v -0.0000 -418.0000 1740.0000
v -3.5355 -419.4645 1590.0000
v -3.5355 -419.4645 1740.0000
v -5.0000 -423.0000 1590.0000
v -5.0000 -423.0000 1740.0000
v -3.5355 -426.5355 1590.0000
v -3.5355 -426.5355 1740.0000
v -0.0000 -428.0000 1590.0000
v -0.0000 -428.0000 1740.0000
v 3.5355 -426.5355 1590.0000
v 3.5355 -426.5355 1740.0000
v -8.5000 -325.0000 1523.4480
v -8.5000 -421.0000 1523.4480
v 8.5000 -421.0000 1523.4480
v 8.5000 -325.0000 1523.4480
v -8.5000 -325.0000 1571.5520
v 8.5000 -325.0000 1571.5520
v 8.5000 -421.0000 1571.5520
v -8.5000 -421.0000 1571.5520
v -8.5000 -325.0000 1523.4480
v -8.5000 -325.0000 1571.5520
v -8.5000 -421.0000 1571.5520
v -8.5000 -421.0000 1523.4480
v 8.5000 -325.0000 1523.4480
v 8.5000 -421.0000 1523.4480
v 8.5000 -421.0000 1571.5520
v 8.5000 -325.0000 1571.5520
v -8.5000 -325.0000 1523.4480
v 8.5000 -325.0000 1523.4480
v 8.5000 -325.0000 1571.5520
v -8.5000 -325.0000 1571.5520
v -8.5000 -421.0000 1523.4480
v -8.5000 -421.0000 1571.5520
v 8.5000 -421.0000 1571.5520
v 8.5000 -421.0000 1523.4480
v 12.0000 -423.0000 1736.0000
v 12.0000 -423.0000 1758.0000
v 9.7082 -415.9466 1736.0000
v 9.7082 -415.9466 1758.0000
v 3.7082 -411.5873 1736.0000
v 3.7082 -411.5873 1758.0000
v -3.7082 -411.5873 1736.0000
v -3.7082 -411.5873 1758.0000
v -9.7082 -415.9466 1736.0000
v -9.7082 -415.9466 1758.0000
v -12.0000 -423.0000 1736.0000
v -12.0000 -423.0000 1758.0000
v -9.7082 -430.0534 1736.0000
v -9.7082 -430.0534 1758.0000
v -3.7082 -434.4127 1736.0000
v -3.7082 -434.4127 1758.0000
v 3.7082 -434.4127 1736.0000
v 3.7082 -434.4127 1758.0000
v 9.7082 -430.0534 1736.0000
v 9.7082 -430.0534 1758.0000
v 87.5232 -414.8722 1590.0000
v 87.5232 -414.8722 1740.0000
v 86.0587 -411.3366 1590.0000
v 86.0587 -411.3366 1740.0000
v 82.5232 -409.8722 1590.0000
v 82.5232 -409.8722 1740.0000
v 78.9877 -411.3366 1590.0000
v 78.9877 -411.3366 1740.0000
v 77.5232 -414.8722 1590.0000
v 77.5232 -414.8722 1740.0000
v 78.9877 -418.4077 1590.0000
v 78.9877 -418.4077 1740.0000
v 82.5232 -419.8722 1590.0000
v 82.5232 -419.8722 1740.0000
v 86.0587 -418.4077 1590.0000
v 86.0587 -418.4077 1740.0000
v 166.8751 -390.8010 1590.0000
v 166.8751 -390.8010 1740.0000
v 165.4106 -387.2655 1590.0000
v 165.4106 -387.2655 1740.0000
v 161.8751 -385.8010 1590.0000
v 161.8751 -385.8010 1740.0000
v 158.3396 -387.2655 1590.0000
v 158.3396 -387.2655 1740.0000
v 156.8751 -390.8010 1590.0000
v 156.8751 -390.8010 1740.0000
v 158.3396 -394.3366 1590.0000
v 158.3396 -394.3366 1740.0000
v 161.8751 -395.8010 1590.0000
v 161.8751 -395.8010 1740.0000
v 165.4106 -394.3366 1590.0000
v 165.4106 -394.3366 1740.0000
v 240.0062 -351.7116 1590.0000
v 240.0062 -351.7116 1740.0000
v 238.5417 -348.1761 1590.0000
v 238.5417 -348.1761 1740.0000
v 235.0062 -346.7116 1590.0000
v 235.0062 -346.7116 1740.0000
v 231.4707 -348.1761 1590.0000
v 231.4707 -348.1761 1740.0000
v 230.0062 -351.7116 1590.0000
v 230.0062 -351.7116 1740.0000
v 231.4707 -355.2472 1590.0000
v 231.4707 -355.2472 1740.0000
v 235.0062 -356.7116 1590.0000
v 235.0062 -356.7116 1740.0000
v 238.5417 -355.2472 1590.0000
v 238.5417 -355.2472 1740.0000
v 304.1062 -299.1062 1590.0000
v 304.1062 -299.1062 1740.0000
v 302.6417 -295.5706 1590.0000
v 302.6417 -295.5706 1740.0000
v 299.1062 -294.1062 1590.0000
v 299.1062 -294.1062 1740.0000
v 295.5706 -295.5706 1590.0000
v 295.5706 -295.5706 1740.0000
v 294.1062 -299.1062 1590.0000
v 294.1062 -299.1062 1740.0000
v 295.5706 -302.6417 1590.0000
v 295.5706 -302.6417 1740.0000
v 299.1062 -304.1062 1590.0000
v 299.1062 -304.1062 1740.0000
v 302.6417 -302.6417 1590.0000
v 302.6417 -302.6417 1740.0000
v 223.7993 -235.8201 1523.4480
v 291.6815 -303.7024 1523.4480
v 303.7024 -291.6815 1523.4480
v 235.8201 -223.7993 1523.4480
v 223.7993 -235.8201 1571.5520
v 235.8201 -223.7993 1571.5520
v 303.7024 -291.6815 1571.5520
v 291.6815 -303.7024 1571.5520
v 223.7993 -235.8201 1523.4480
v 223.7993 -235.8201 1571.5520
v 291.6815 -303.7024 1571.5520
v 291.6815 -303.7024 1523.4480
v 235.8201 -223.7993 1523.4480
v 303.7024 -291.6815 1523.4480
v 303.7024 -291.6815 1571.5520
v 235.8201 -223.7993 1571.5520
v 223.7993 -235.8201 1523.4480
v 235.8201 -223.7993 1523.4480
v 235.8201 -223.7993 1571.5520
v 223.7993 -235.8201 1571.5520
v 291.6815 -303.7024 1523.4480
v 291.6815 -303.7024 1571.5520
v 303.7024 -291.6815 1571.5520
v 303.7024 -291.6815 1523.4480
v 311.1062 -299.1062 1736.0000
v 311.1062 -299.1062 1758.0000
v 308.8144 -292.0527 1736.0000
v 308.8144 -292.0527 1758.0000
v 302.8144 -287.6935 1736.0000
v 302.8144 -287.6935 1758.0000
v 295.3980 -287.6935 1736.0000
v 295.3980 -287.6935 1758.0000
v 289.3980 -292.0527 1736.0000
v 289.3980 -292.0527 1758.0000
v 287.1062 -299.1062 1736.0000
v 287.1062 -299.1062 1758.0000
v 289.3980 -306.1596 1736.0000
v 289.3980 -306.1596 1758.0000
v 295.3980 -310.5188 1736.0000
v 295.3980 -310.5188 1758.0000
v 302.8144 -310.5188 1736.0000
v 302.8144 -310.5188 1758.0000
v 308.8144 -306.1596 1736.0000
v 308.8144 -306.1596 1758.0000
v 356.7116 -235.0062 1590.0000
v 356.7116 -235.0062 1740.0000
v 355.2472 -231.4707 1590.0000
v 355.2472 -231.4707 1740.0000
v 351.7116 -230.0062 1590.0000
v 351.7116 -230.0062 1740.0000
v 348.1761 -231.4707 1590.0000
v 348.1761 -231.4707 1740.0000
v 346.7116 -235.0062 1590.0000
v 346.7116 -235.0062 1740.0000
v 348.1761 -238.5417 1590.0000
v 348.1761 -238.5417 1740.0000
v 351.7116 -240.0062 1590.0000
v 351.7116 -240.0062 1740.0000
v 355.2472 -238.5417 1590.0000
v 355.2472 -238.5417 1740.0000
v 395.8010 -161.8751 1590.0000
v 395.8010 -161.8751 1740.0000
v 394.3366 -158.3396 1590.0000
v 394.3366 -158.3396 1740.0000
v 390.8010 -156.8751 1590.0000
v 390.8010 -156.8751 1740.0000
v 387.2655 -158.3396 1590.0000
v 387.2655 -158.3396 1740.0000
v 385.8010 -161.8751 1590.0000
v 385.8010 -161.8751 1740.0000
v 387.2655 -165.4106 1590.0000
v 387.2655 -165.4106 1740.0000
v 390.8010 -166.8751 1590.0000
v 390.8010 -166.8751 1740.0000
v 394.3366 -165.4106 1590.0000
v 394.3366 -165.4106 1740.0000
v 419.8722 -82.5232 1590.0000
v 419.8722 -82.5232 1740.0000
v 418.4077 -78.9877 1590.0000
v 418.4077 -78.9877 1740.0000
v 414.8722 -77.5232 1590.0000
v 414.8722 -77.5232 1740.0000
v 411.3366 -78.9877 1590.0000
v 411.3366 -78.9877 1740.0000
v 409.8722 -82.5232 1590.0000
v 409.8722 -82.5232 1740.0000
v 411.3366 -86.0587 1590.0000
v 411.3366 -86.0587 1740.0000
v 414.8722 -87.5232 1590.0000
v 414.8722 -87.5232 1740.0000
v 418.4077 -86.0587 1590.0000
v 418.4077 -86.0587 1740.0000
v 238.0000 -60.0000 695.0000
v 250.0000 -60.0000 695.0000
v 250.0000 -48.0000 695.0000
v 238.0000 -48.0000 695.0000
v 238.0000 -60.0000 1425.0000
v 238.0000 -48.0000 1425.0000
v 250.0000 -48.0000 1425.0000
v 250.0000 -60.0000 1425.0000
v 238.0000 -60.0000 695.0000
v 238.0000 -60.0000 1425.0000
v 250.0000 -60.0000 1425.0000
v 250.0000 -60.0000 695.0000
v 238.0000 -48.0000 695.0000
v 250.0000 -48.0000 695.0000
v 250.0000 -48.0000 1425.0000
v 238.0000 -48.0000 1425.0000
v 238.0000 -60.0000 695.0000
v 238.0000 -48.0000 695.0000
v 238.0000 -48.0000 1425.0000
v 238.0000 -60.0000 1425.0000
v 250.0000 -60.0000 695.0000
v 250.0000 -60.0000 1425.0000
v 250.0000 -48.0000 1425.0000
v 250.0000 -48.0000 695.0000
v 238.0000 48.0000 695.0000
v 250.0000 48.0000 695.0000
v 250.0000 60.0000 695.0000
v 238.0000 60.0000 695.0000
v 238.0000 48.0000 1425.0000
v 238.0000 60.0000 1425.0000
v 250.0000 60.0000 1425.0000
v 250.0000 48.0000 1425.0000
v 238.0000 48.0000 695.0000
v 238.0000 48.0000 1425.0000
v 250.0000 48.0000 1425.0000
v 250.0000 48.0000 695.0000
v 238.0000 60.0000 695.0000
v 250.0000 60.0000 695.0000
v 250.0000 60.0000 1425.0000
v 238.0000 60.0000 1425.0000
v 238.0000 48.0000 695.0000
v 238.0000 60.0000 695.0000
v 238.0000 60.0000 1425.0000
v 238.0000 48.0000 1425.0000
v 250.0000 48.0000 695.0000
v 250.0000 48.0000 1425.0000
v 250.0000 60.0000 1425.0000
v 250.0000 60.0000 695.0000
v 236.5000 -59.0000 724.0000
v 251.5000 -59.0000 724.0000
v 251.5000 59.0000 724.0000
v 236.5000 59.0000 724.0000
v 236.5000 -59.0000 736.0000
v 236.5000 59.0000 736.0000
v 251.5000 59.0000 736.0000
v 251.5000 -59.0000 736.0000
v 236.5000 -59.0000 724.0000
v 236.5000 -59.0000 736.0000
v 251.5000 -59.0000 736.0000
v 251.5000 -59.0000 724.0000
v 236.5000 59.0000 724.0000
v 251.5000 59.0000 724.0000
v 251.5000 59.0000 736.0000
v 236.5000 59.0000 736.0000
v 236.5000 -59.0000 724.0000
v 236.5000 59.0000 724.0000
v 236.5000 59.0000 736.0000
v 236.5000 -59.0000 736.0000
v 251.5000 -59.0000 724.0000
v 251.5000 -59.0000 736.0000
v 251.5000 59.0000 736.0000
v 251.5000 59.0000 724.0000
v 236.5000 -59.0000 792.0000
v 251.5000 -59.0000 792.0000
v 251.5000 59.0000 792.0000
v 236.5000 59.0000 792.0000
v 236.5000 -59.0000 804.0000
v 236.5000 59.0000 804.0000
v 251.5000 59.0000 804.0000
v 251.5000 -59.0000 804.0000
v 236.5000 -59.0000 792.0000
v 236.5000 -59.0000 804.0000
v 251.5000 -59.0000 804.0000
v 251.5000 -59.0000 792.0000
v 236.5000 59.0000 792.0000
v 251.5000 59.0000 792.0000
v 251.5000 59.0000 804.0000
v 236.5000 59.0000 804.0000
v 236.5000 -59.0000 792.0000
v 236.5000 59.0000 792.0000
v 236.5000 59.0000 804.0000
v 236.5000 -59.0000 804.0000
v 251.5000 -59.0000 792.0000
v 251.5000 -59.0000 804.0000
v 251.5000 59.0000 804.0000
v 251.5000 59.0000 792.0000
v 236.5000 -59.0000 860.0000
v 251.5000 -59.0000 860.0000
v 251.5000 59.0000 860.0000
v 236.5000 59.0000 860.0000
v 236.5000 -59.0000 872.0000
v 236.5000 59.0000 872.0000
v 251.5000 59.0000 872.0000
v 251.5000 -59.0000 872.0000
v 236.5000 -59.0000 860.0000
v 236.5000 -59.0000 872.0000
v 251.5000 -59.0000 872.0000
v 251.5000 -59.0000 860.0000
v 236.5000 59.0000 860.0000
v 251.5000 59.0000 860.0000
v 251.5000 59.0000 872.0000
v 236.5000 59.0000 872.0000
v 236.5000 -59.0000 860.0000
v 236.5000 59.0000 860.0000
v 236.5000 59.0000 872.0000
v 236.5000 -59.0000 872.0000
v 251.5000 -59.0000 860.0000
v 251.5000 -59.0000 872.0000
v 251.5000 59.0000 872.0000
v 251.5000 59.0000 860.0000
v 236.5000 -59.0000 928.0000
v 251.5000 -59.0000 928.0000
v 251.5000 59.0000 928.0000
v 236.5000 59.0000 928.0000
v 236.5000 -59.0000 940.0000
v 236.5000 59.0000 940.0000
v 251.5000 59.0000 940.0000
v 251.5000 -59.0000 940.0000
v 236.5000 -59.0000 928.0000
v 236.5000 -59.0000 940.0000
v 251.5000 -59.0000 940.0000
v 251.5000 -59.0000 928.0000
v 236.5000 59.0000 928.0000
v 251.5000 59.0000 928.0000
v 251.5000 59.0000 940.0000
v 236.5000 59.0000 940.0000
v 236.5000 -59.0000 928.0000
v 236.5000 59.0000 928.0000
v 236.5000 59.0000 940.0000
v 236.5000 -59.0000 940.0000
v 251.5000 -59.0000 928.0000
v 251.5000 -59.0000 940.0000
v 251.5000 59.0000 940.0000
v 251.5000 59.0000 928.0000
v 236.5000 -59.0000 996.0000
v 251.5000 -59.0000 996.0000
v 251.5000 59.0000 996.0000
v 236.5000 59.0000 996.0000
v 236.5000 -59.0000 1008.0000
v 236.5000 59.0000 1008.0000
v 251.5000 59.0000 1008.0000
v 251.5000 -59.0000 1008.0000
v 236.5000 -59.0000 996.0000
v 236.5000 -59.0000 1008.0000
v 251.5000 -59.0000 1008.0000
v 251.5000 -59.0000 996.0000
v 236.5000 59.0000 996.0000
v 251.5000 59.0000 996.0000
v 251.5000 59.0000 1008.0000
v 236.5000 59.0000 1008.0000
v 236.5000 -59.0000 996.0000
v 236.5000 59.0000 996.0000
v 236.5000 59.0000 1008.0000
v 236.5000 -59.0000 1008.0000
v 251.5000 -59.0000 996.0000
v 251.5000 -59.0000 1008.0000
v 251.5000 59.0000 1008.0000
v 251.5000 59.0000 996.0000
v 236.5000 -59.0000 1064.0000
v 251.5000 -59.0000 1064.0000
v 251.5000 59.0000 1064.0000
v 236.5000 59.0000 1064.0000
v 236.5000 -59.0000 1076.0000
v 236.5000 59.0000 1076.0000
v 251.5000 59.0000 1076.0000
v 251.5000 -59.0000 1076.0000
v 236.5000 -59.0000 1064.0000
v 236.5000 -59.0000 1076.0000
v 251.5000 -59.0000 1076.0000
v 251.5000 -59.0000 1064.0000
v 236.5000 59.0000 1064.0000
v 251.5000 59.0000 1064.0000
v 251.5000 59.0000 1076.0000
v 236.5000 59.0000 1076.0000
v 236.5000 -59.0000 1064.0000
v 236.5000 59.0000 1064.0000
v 236.5000 59.0000 1076.0000
v 236.5000 -59.0000 1076.0000
v 251.5000 -59.0000 1064.0000
v 251.5000 -59.0000 1076.0000
v 251.5000 59.0000 1076.0000
v 251.5000 59.0000 1064.0000
v 236.5000 -59.0000 1132.0000
v 251.5000 -59.0000 1132.0000
v 251.5000 59.0000 1132.0000
v 236.5000 59.0000 1132.0000
v 236.5000 -59.0000 1144.0000
v 236.5000 59.0000 1144.0000
v 251.5000 59.0000 1144.0000
v 251.5000 -59.0000 1144.0000
v 236.5000 -59.0000 1132.0000
v 236.5000 -59.0000 1144.0000
v 251.5000 -59.0000 1144.0000
v 251.5000 -59.0000 1132.0000
v 236.5000 59.0000 1132.0000
v 251.5000 59.0000 1132.0000
v 251.5000 59.0000 1144.0000
v 236.5000 59.0000 1144.0000
v 236.5000 -59.0000 1132.0000
v 236.5000 59.0000 1132.0000
v 236.5000 59.0000 1144.0000
v 236.5000 -59.0000 1144.0000
v 251.5000 -59.0000 1132.0000
v 251.5000 -59.0000 1144.0000
v 251.5000 59.0000 1144.0000
v 251.5000 59.0000 1132.0000
v 236.5000 -59.0000 1200.0000
v 251.5000 -59.0000 1200.0000
v 251.5000 59.0000 1200.0000
v 236.5000 59.0000 1200.0000
v 236.5000 -59.0000 1212.0000
v 236.5000 59.0000 1212.0000
v 251.5000 59.0000 1212.0000
v 251.5000 -59.0000 1212.0000
v 236.5000 -59.0000 1200.0000
v 236.5000 -59.0000 1212.0000
v 251.5000 -59.0000 1212.0000
v 251.5000 -59.0000 1200.0000
v 236.5000 59.0000 1200.0000
v 251.5000 59.0000 1200.0000
v 251.5000 59.0000 1212.0000
v 236.5000 59.0000 1212.0000
v 236.5000 -59.0000 1200.0000
v 236.5000 59.0000 1200.0000
v 236.5000 59.0000 1212.0000
v 236.5000 -59.0000 1212.0000
v 251.5000 -59.0000 1200.0000
v 251.5000 -59.0000 1212.0000
v 251.5000 59.0000 1212.0000
v 251.5000 59.0000 1200.0000
v 236.5000 -59.0000 1268.0000
v 251.5000 -59.0000 1268.0000
v 251.5000 59.0000 1268.0000
v 236.5000 59.0000 1268.0000
v 236.5000 -59.0000 1280.0000
v 236.5000 59.0000 1280.0000
v 251.5000 59.0000 1280.0000
v 251.5000 -59.0000 1280.0000
v 236.5000 -59.0000 1268.0000
v 236.5000 -59.0000 1280.0000
v 251.5000 -59.0000 1280.0000
v 251.5000 -59.0000 1268.0000
v 236.5000 59.0000 1268.0000
v 251.5000 59.0000 1268.0000
v 251.5000 59.0000 1280.0000
v 236.5000 59.0000 1280.0000
v 236.5000 -59.0000 1268.0000
v 236.5000 59.0000 1268.0000
v 236.5000 59.0000 1280.0000
v 236.5000 -59.0000 1280.0000
v 251.5000 -59.0000 1268.0000
v 251.5000 -59.0000 1280.0000
v 251.5000 59.0000 1280.0000
v 251.5000 59.0000 1268.0000
v 236.5000 -59.0000 1336.0000
v 251.5000 -59.0000 1336.0000
v 251.5000 59.0000 1336.0000
v 236.5000 59.0000 1336.0000
v 236.5000 -59.0000 1348.0000
v 236.5000 59.0000 1348.0000
v 251.5000 59.0000 1348.0000
v 251.5000 -59.0000 1348.0000
v 236.5000 -59.0000 1336.0000
v 236.5000 -59.0000 1348.0000
v 251.5000 -59.0000 1348.0000
v 251.5000 -59.0000 1336.0000
v 236.5000 59.0000 1336.0000
v 251.5000 59.0000 1336.0000
v 251.5000 59.0000 1348.0000
v 236.5000 59.0000 1348.0000
v 236.5000 -59.0000 1336.0000
v 236.5000 59.0000 1336.0000
v 236.5000 59.0000 1348.0000
v 236.5000 -59.0000 1348.0000
v 251.5000 -59.0000 1336.0000
v 251.5000 -59.0000 1348.0000
v 251.5000 59.0000 1348.0000
v 251.5000 59.0000 1336.0000
v 236.5000 -59.0000 1404.0000
v 251.5000 -59.0000 1404.0000
v 251.5000 59.0000 1404.0000
v 236.5000 59.0000 1404.0000
v 236.5000 -59.0000 1416.0000
v 236.5000 59.0000 1416.0000
v 251.5000 59.0000 1416.0000
v 251.5000 -59.0000 1416.0000
v 236.5000 -59.0000 1404.0000
v 236.5000 -59.0000 1416.0000
v 251.5000 -59.0000 1416.0000
v 251.5000 -59.0000 1404.0000
v 236.5000 59.0000 1404.0000
v 251.5000 59.0000 1404.0000
v 251.5000 59.0000 1416.0000
v 236.5000 59.0000 1416.0000
v 236.5000 -59.0000 1404.0000
v 236.5000 59.0000 1404.0000
v 236.5000 59.0000 1416.0000
v 236.5000 -59.0000 1416.0000
v 251.5000 -59.0000 1404.0000
v 251.5000 -59.0000 1416.0000
v 251.5000 59.0000 1416.0000
v 251.5000 59.0000 1404.0000
vt 0.424000 1.526000
vt 0.420000 1.564000
vt 0.421958 1.526000
vt 0.417978 1.564000
vt 0.415853 1.526000
vt 0.411930 1.564000
vt 0.405743 1.526000
vt 0.401915 1.564000
vt 0.391725 1.526000
vt 0.388029 1.564000
vt 0.373935 1.526000
vt 0.370407 1.564000
vt 0.352543 1.526000
vt 0.349217 1.564000
vt 0.327756 1.526000
vt 0.324664 1.564000
vt 0.299813 1.526000
vt 0.296985 1.564000
vt 0.268983 1.526000
vt 0.266445 1.564000
vt 0.235562 1.526000
vt 0.233339 1.564000
vt 0.199872 1.526000
vt 0.197987 1.564000
vt 0.162258 1.526000
vt 0.160727 1.564000
vt 0.123081 1.526000
vt 0.121920 1.564000
vt 0.082718 1.526000
vt 0.081938 1.564000
vt 0.041559 1.526000
vt 0.041167 1.564000
vt 0.000000 1.526000
vt 0.000000 1.564000
vt -0.041559 1.526000
vt -0.041167 1.564000
vt -0.082718 1.526000
vt -0.081938 1.564000
vt -0.123081 1.526000
vt -0.121920 1.564000
vt -0.162258 1.526000
vt -0.160727 1.564000
vt -0.199872 1.526000
vt -0.197987 1.564000
vt -0.235562 1.526000
vt -0.233339 1.564000
vt -0.268983 1.526000
vt -0.266445 1.564000
vt -0.299813 1.526000
vt -0.296985 1.564000
vt -0.327756 1.526000
vt -0.324664 1.564000
vt -0.352543 1.526000
vt -0.349217 1.564000
vt -0.373935 1.526000
vt -0.370407 1.564000
vt -0.391725 1.526000
vt -0.388029 1.564000
vt -0.405743 1.526000
vt -0.401915 1.564000
vt -0.415853 1.526000
vt -0.411930 1.564000
vt -0.421958 1.526000
vt -0.417978 1.564000
vt -0.424000 1.526000
vt -0.420000 1.564000
vt -0.421958 1.526000
vt -0.417978 1.564000
vt -0.415853 1.526000
vt -0.411930 1.564000
vt -0.405743 1.526000
vt -0.401915 1.564000
vt -0.391725 1.526000
vt -0.388029 1.564000
vt -0.373935 1.526000
vt -0.370407 1.564000
vt -0.352543 1.526000
vt -0.349217 1.564000
vt -0.327756 1.526000
vt -0.324664 1.564000
vt -0.299813 1.526000
vt -0.296985 1.564000
vt -0.268983 1.526000
vt -0.266445 1.564000
vt -0.235562 1.526000
vt -0.233339 1.564000
vt -0.199872 1.526000
vt -0.197987 1.564000
vt -0.162258 1.526000
vt -0.160727 1.564000
vt -0.123081 1.526000
vt -0.121920 1.564000
vt -0.082718 1.526000
vt -0.081938 1.564000
vt -0.041559 1.526000
vt -0.041167 1.564000
vt -0.000000 1.526000
vt -0.000000 1.564000
vt 0.041559 1.526000
vt 0.041167 1.564000
vt 0.082718 1.526000
vt 0.081938 1.564000
vt 0.123081 1.526000
vt 0.121920 1.564000
vt 0.162258 1.526000
vt 0.160727 1.564000
vt 0.199872 1.526000
vt 0.197987 1.564000
vt 0.235562 1.526000
vt 0.233339 1.564000
vt 0.268983 1.526000
vt 0.266445 1.564000
vt 0.299813 1.526000
vt 0.296985 1.564000
vt 0.327756 1.526000
vt 0.324664 1.564000
vt 0.352543 1.526000
vt 0.349217 1.564000
vt 0.373935 1.526000
vt 0.370407 1.564000
vt 0.391725 1.526000
vt 0.388029 1.564000
vt 0.405743 1.526000
vt 0.401915 1.564000
vt 0.415853 1.526000
vt 0.411930 1.564000
vt 0.421958 1.526000
vt 0.417978 1.564000
vt 0.429000 1.567000
vt 0.426657 1.572657
vt 0.421000 1.575000
vt 0.415343 1.572657
vt 0.413000 1.567000
vt 0.415343 1.561343
vt 0.421000 1.559000
vt 0.426657 1.561343
vt 0.426934 1.567000
vt 0.424602 1.572657
vt 0.418973 1.575000
vt 0.413343 1.572657
vt 0.411011 1.567000
vt 0.413343 1.561343
vt 0.418973 1.559000
vt 0.424602 1.561343
vt 0.420757 1.567000
vt 0.418459 1.572657
vt 0.412911 1.575000
vt 0.407362 1.572657
vt 0.405064 1.567000
vt 0.407362 1.561343
vt 0.412911 1.559000
vt 0.418459 1.561343
vt 0.410527 1.567000
vt 0.408285 1.572657
vt 0.402872 1.575000
vt 0.397459 1.572657
vt 0.395216 1.567000
vt 0.397459 1.561343
vt 0.402872 1.559000
vt 0.408285 1.561343
vt 0.396344 1.567000
vt 0.394180 1.572657
vt 0.388953 1.575000
vt 0.383727 1.572657
vt 0.381562 1.567000
vt 0.383727 1.561343
vt 0.388953 1.559000
vt 0.394180 1.561343
vt 0.378344 1.567000
vt 0.376278 1.572657
vt 0.371289 1.575000
vt 0.366300 1.572657
vt 0.364233 1.567000
vt 0.366300 1.561343
vt 0.371289 1.559000
vt 0.376278 1.561343
vt 0.356700 1.567000
vt 0.354752 1.572657
vt 0.350049 1.575000
vt 0.345345 1.572657
vt 0.343397 1.567000
vt 0.345345 1.561343
vt 0.350049 1.559000
vt 0.354752 1.561343
vt 0.331621 1.567000
vt 0.329810 1.572657
vt 0.325437 1.575000
vt 0.321065 1.572657
vt 0.319253 1.567000
vt 0.321065 1.561343
vt 0.325437 1.559000
vt 0.329810 1.561343
vt 0.303349 1.567000
vt 0.301692 1.572657
vt 0.297692 1.575000
vt 0.293692 1.572657
vt 0.292035 1.567000
vt 0.293692 1.561343
vt 0.297692 1.559000
vt 0.301692 1.561343
vt 0.272155 1.567000
vt 0.270668 1.572657
vt 0.267080 1.575000
vt 0.263491 1.572657
vt 0.262004 1.567000
vt 0.263491 1.561343
vt 0.267080 1.559000
vt 0.270668 1.561343
vt 0.238340 1.567000
vt 0.237038 1.572657
vt 0.233895 1.575000
vt 0.230752 1.572657
vt 0.229451 1.567000
vt 0.230752 1.561343
vt 0.233895 1.559000
vt 0.237038 1.561343
vt 0.202229 1.567000
vt 0.201125 1.572657
vt 0.198458 1.575000
vt 0.195791 1.572657
vt 0.194687 1.567000
vt 0.195791 1.561343
vt 0.198458 1.559000
vt 0.201125 1.561343
vt 0.164171 1.567000
vt 0.163275 1.572657
vt 0.161110 1.575000
vt 0.158945 1.572657
vt 0.158048 1.567000
vt 0.158945 1.561343
vt 0.161110 1.559000
vt 0.163275 1.561343
vt 0.124532 1.567000
vt 0.123852 1.572657
vt 0.122210 1.575000
vt 0.120568 1.572657
vt 0.119888 1.567000
vt 0.120568 1.561343
vt 0.122210 1.559000
vt 0.123852 1.561343
vt 0.083694 1.567000
vt 0.083237 1.572657
vt 0.082133 1.575000
vt 0.081029 1.572657
vt 0.080572 1.567000
vt 0.081029 1.561343
vt 0.082133 1.559000
vt 0.083237 1.561343
vt 0.042049 1.567000
vt 0.041820 1.572657
vt 0.041265 1.575000
vt 0.040711 1.572657
vt 0.040481 1.567000
vt 0.040711 1.561343
vt 0.041265 1.559000
vt 0.041820 1.561343
vt 0.000000 1.567000
vt 0.000000 1.572657
vt 0.000000 1.575000
vt 0.000000 1.572657
vt 0.000000 1.567000
vt 0.000000 1.561343
vt 0.000000 1.559000
vt 0.000000 1.561343
vt -0.042049 1.567000
vt -0.041820 1.572657
vt -0.041265 1.575000
vt -0.040711 1.572657
vt -0.040481 1.567000
vt -0.040711 1.561343
vt -0.041265 1.559000
vt -0.041820 1.561343
vt -0.083694 1.567000
vt -0.083237 1.572657
vt -0.082133 1.575000
vt -0.081029 1.572657
vt -0.080572 1.567000
vt -0.081029 1.561343
vt -0.082133 1.559000
vt -0.083237 1.561343
vt -0.124532 1.567000
vt -0.123852 1.572657
vt -0.122210 1.575000
vt -0.120568 1.572657
vt -0.119888 1.567000
vt -0.120568 1.561343
vt -0.122210 1.559000
vt -0.123852 1.561343
vt -0.164171 1.567000
vt -0.163275 1.572657
vt -0.161110 1.575000
vt -0.158945 1.572657
vt -0.158048 1.567000
vt -0.158945 1.561343
vt -0.161110 1.559000
vt -0.163275 1.561343
vt -0.202229 1.567000
vt -0.201125 1.572657
vt -0.198458 1.575000
vt -0.195791 1.572657
vt -0.194687 1.567000
vt -0.195791 1.561343
vt -0.198458 1.559000
vt -0.201125 1.561343
vt -0.238340 1.567000
vt -0.237038 1.572657
vt -0.233895 1.575000
vt -0.230752 1.572657
vt -0.229451 1.567000
vt -0.230752 1.561343
vt -0.233895 1.559000
vt -0.237038 1.561343
vt -0.272155 1.567000
vt -0.270668 1.572657
vt -0.267080 1.575000
vt -0.263491 1.572657
vt -0.262004 1.567000
vt -0.263491 1.561343
vt -0.267080 1.559000
vt -0.270668 1.561343
vt -0.303349 1.567000
vt -0.301692 1.572657
vt -0.297692 1.575000
vt -0.293692 1.572657
vt -0.292035 1.567000
vt -0.293692 1.561343
vt -0.297692 1.559000
vt -0.301692 1.561343
vt -0.331621 1.567000
vt -0.329810 1.572657
vt -0.325437 1.575000
vt -0.321065 1.572657
vt -0.319253 1.567000
vt -0.321065 1.561343
vt -0.325437 1.559000
vt -0.329810 1.561343
vt -0.356700 1.567000
vt -0.354752 1.572657
vt -0.350049 1.575000
vt -0.345345 1.572657
vt -0.343397 1.567000
vt -0.345345 1.561343
vt -0.350049 1.559000
vt -0.354752 1.561343
vt -0.378344 1.567000
vt -0.376278 1.572657
vt -0.371289 1.575000
vt -0.366300 1.572657
vt -0.364233 1.567000
vt -0.366300 1.561343
vt -0.371289 1.559000
vt -0.376278 1.561343
vt -0.396344 1.567000
vt -0.394180 1.572657
vt -0.388953 1.575000
vt -0.383727 1.572657
vt -0.381562 1.567000
vt -0.383727 1.561343
vt -0.388953 1.559000
vt -0.394180 1.561343
vt -0.410527 1.567000
vt -0.408285 1.572657
vt -0.402872 1.575000
vt -0.397459 1.572657
vt -0.395216 1.567000
vt -0.397459 1.561343
vt -0.402872 1.559000
vt -0.408285 1.561343
vt -0.420757 1.567000
vt -0.418459 1.572657
vt -0.412911 1.575000
vt -0.407362 1.572657
vt -0.405064 1.567000
vt -0.407362 1.561343
vt -0.412911 1.559000
vt -0.418459 1.561343
vt -0.426934 1.567000
vt -0.424602 1.572657
vt -0.418973 1.575000
vt -0.413343 1.572657
vt -0.411011 1.567000
vt -0.413343 1.561343
vt -0.418973 1.559000
vt -0.424602 1.561343
vt -0.429000 1.567000
vt -0.426657 1.572657
vt -0.421000 1.575000
vt -0.415343 1.572657
vt -0.413000 1.567000
vt -0.415343 1.561343
vt -0.421000 1.559000
vt -0.426657 1.561343
vt -0.426934 1.567000
vt -0.424602 1.572657
vt -0.418973 1.575000
vt -0.413343 1.572657
vt -0.411011 1.567000
vt -0.413343 1.561343
vt -0.418973 1.559000
vt -0.424602 1.561343
vt -0.420757 1.567000
vt -0.418459 1.572657
vt -0.412911 1.575000
vt -0.407362 1.572657
vt -0.405064 1.567000
vt -0.407362 1.561343
vt -0.412911 1.559000
vt -0.418459 1.561343
vt -0.410527 1.567000
vt -0.408285 1.572657
vt -0.402872 1.575000
vt -0.397459 1.572657
vt -0.395216 1.567000
vt -0.397459 1.561343
vt -0.402872 1.559000
vt -0.408285 1.561343
vt -0.396344 1.567000
vt -0.394180 1.572657
vt -0.388953 1.575000
vt -0.383727 1.572657
vt -0.381562 1.567000
vt -0.383727 1.561343
vt -0.388953 1.559000
vt -0.394180 1.561343
vt -0.378344 1.567000
vt -0.376278 1.572657
vt -0.371289 1.575000
vt -0.366300 1.572657
vt -0.364233 1.567000
vt -0.366300 1.561343
vt -0.371289 1.559000
vt -0.376278 1.561343
vt -0.356700 1.567000
vt -0.354752 1.572657
vt -0.350049 1.575000
vt -0.345345 1.572657
vt -0.343397 1.567000
vt -0.345345 1.561343
vt -0.350049 1.559000
vt -0.354752 1.561343
vt -0.331621 1.567000
vt -0.329810 1.572657
vt -0.325437 1.575000
vt -0.321065 1.572657
vt -0.319253 1.567000
vt -0.321065 1.561343
vt -0.325437 1.559000
vt -0.329810 1.561343
vt -0.303349 1.567000
vt -0.301692 1.572657
vt -0.297692 1.575000
vt -0.293692 1.572657
vt -0.292035 1.567000
vt -0.293692 1.561343
vt -0.297692 1.559000
vt -0.301692 1.561343
vt -0.272155 1.567000
vt -0.270668 1.572657
vt -0.267080 1.575000
vt -0.263491 1.572657
vt -0.262004 1.567000
vt -0.263491 1.561343
vt -0.267080 1.559000
vt -0.270668 1.561343
vt -0.238340 1.567000
vt -0.237038 1.572657
vt -0.233895 1.575000
vt -0.230752 1.572657
vt -0.229451 1.567000
vt -0.230752 1.561343
vt -0.233895 1.559000
vt -0.237038 1.561343
vt -0.202229 1.567000
vt -0.201125 1.572657
vt -0.198458 1.575000
vt -0.195791 1.572657
vt -0.194687 1.567000
vt -0.195791 1.561343
vt -0.198458 1.559000
vt -0.201125 1.561343
vt -0.164171 1.567000
vt -0.163275 1.572657
vt -0.161110 1.575000
vt -0.158945 1.572657
vt -0.158048 1.567000
vt -0.158945 1.561343
vt -0.161110 1.559000
vt -0.163275 1.561343
vt -0.124532 1.567000
vt -0.123852 1.572657
vt -0.122210 1.575000
vt -0.120568 1.572657
vt -0.119888 1.567000
vt -0.120568 1.561343
vt -0.122210 1.559000
vt -0.123852 1.561343
vt -0.083694 1.567000
vt -0.083237 1.572657
vt -0.082133 1.575000
vt -0.081029 1.572657
vt -0.080572 1.567000
vt -0.081029 1.561343
vt -0.082133 1.559000
vt -0.083237 1.561343
vt -0.042049 1.567000
vt -0.041820 1.572657
vt -0.041265 1.575000
vt -0.040711 1.572657
vt -0.040481 1.567000
vt -0.040711 1.561343
vt -0.041265 1.559000
vt -0.041820 1.561343
vt -0.000000 1.567000
vt -0.000000 1.572657
vt -0.000000 1.575000
vt -0.000000 1.572657
vt -0.000000 1.567000
vt -0.000000 1.561343
vt -0.000000 1.559000
vt -0.000000 1.561343
vt 0.042049 1.567000
vt 0.041820 1.572657
vt 0.041265 1.575000
vt 0.040711 1.572657
vt 0.040481 1.567000
vt 0.040711 1.561343
vt 0.041265 1.559000
vt 0.041820 1.561343
vt 0.083694 1.567000
vt 0.083237 1.572657
vt 0.082133 1.575000
vt 0.081029 1.572657
vt 0.080572 1.567000
vt 0.081029 1.561343
vt 0.082133 1.559000
vt 0.083237 1.561343
vt 0.124532 1.567000
vt 0.123852 1.572657
vt 0.122210 1.575000
vt 0.120568 1.572657
vt 0.119888 1.567000
vt 0.120568 1.561343
vt 0.122210 1.559000
vt 0.123852 1.561343
vt 0.164171 1.567000
vt 0.163275 1.572657
vt 0.161110 1.575000
vt 0.158945 1.572657
vt 0.158048 1.567000
vt 0.158945 1.561343
vt 0.161110 1.559000
vt 0.163275 1.561343
vt 0.202229 1.567000
vt 0.201125 1.572657
vt 0.198458 1.575000
vt 0.195791 1.572657
vt 0.194687 1.567000
vt 0.195791 1.561343
vt 0.198458 1.559000
vt 0.201125 1.561343
vt 0.238340 1.567000
vt 0.237038 1.572657
vt 0.233895 1.575000
vt 0.230752 1.572657
vt 0.229451 1.567000
vt 0.230752 1.561343
vt 0.233895 1.559000
vt 0.237038 1.561343
vt 0.272155 1.567000
vt 0.270668 1.572657
vt 0.267080 1.575000
vt 0.263491 1.572657
vt 0.262004 1.567000
vt 0.263491 1.561343
vt 0.267080 1.559000
vt 0.270668 1.561343
vt 0.303349 1.567000
vt 0.301692 1.572657
vt 0.297692 1.575000
vt 0.293692 1.572657
vt 0.292035 1.567000
vt 0.293692 1.561343
vt 0.297692 1.559000
vt 0.301692 1.561343
vt 0.331621 1.567000
vt 0.329810 1.572657
vt 0.325437 1.575000
vt 0.321065 1.572657
vt 0.319253 1.567000
vt 0.321065 1.561343
vt 0.325437 1.559000
vt 0.329810 1.561343
vt 0.356700 1.567000
vt 0.354752 1.572657
vt 0.350049 1.575000
vt 0.345345 1.572657
vt 0.343397 1.567000
vt 0.345345 1.561343
vt 0.350049 1.559000
vt 0.354752 1.561343
vt 0.378344 1.567000
vt 0.376278 1.572657
vt 0.371289 1.575000
vt 0.366300 1.572657
vt 0.364233 1.567000
vt 0.366300 1.561343
vt 0.371289 1.559000
vt 0.376278 1.561343
vt 0.396344 1.567000
vt 0.394180 1.572657
vt 0.388953 1.575000
vt 0.383727 1.572657
vt 0.381562 1.567000
vt 0.383727 1.561343
vt 0.388953 1.559000
vt 0.394180 1.561343
vt 0.410527 1.567000
vt 0.408285 1.572657
vt 0.402872 1.575000
vt 0.397459 1.572657
vt 0.395216 1.567000
vt 0.397459 1.561343
vt 0.402872 1.559000
vt 0.408285 1.561343
vt 0.420757 1.567000
vt 0.418459 1.572657
vt 0.412911 1.575000
vt 0.407362 1.572657
vt 0.405064 1.567000
vt 0.407362 1.561343
vt 0.412911 1.559000
vt 0.418459 1.561343
vt 0.426934 1.567000
vt 0.424602 1.572657
vt 0.418973 1.575000
vt 0.413343 1.572657
vt 0.411011 1.567000
vt 0.413343 1.561343
vt 0.418973 1.559000
vt 0.424602 1.561343
vt 0.424000 1.585500
vt 0.424000 1.594500
vt 0.421958 1.585500
vt 0.421958 1.594500
vt 0.415853 1.585500
vt 0.415853 1.594500
vt 0.405743 1.585500
vt 0.405743 1.594500
vt 0.391725 1.585500
vt 0.391725 1.594500
vt 0.373935 1.585500
vt 0.373935 1.594500
vt 0.352543 1.585500
vt 0.352543 1.594500
vt 0.327756 1.585500
vt 0.327756 1.594500
vt 0.299813 1.585500
vt 0.299813 1.594500
vt 0.268983 1.585500
vt 0.268983 1.594500
vt 0.235562 1.585500
vt 0.235562 1.594500
vt 0.199872 1.585500
vt 0.199872 1.594500
vt 0.162258 1.585500
vt 0.162258 1.594500
vt 0.123081 1.585500
vt 0.123081 1.594500
vt 0.082718 1.585500
vt 0.082718 1.594500
vt 0.041559 1.585500
vt 0.041559 1.594500
vt 0.000000 1.585500
vt 0.000000 1.594500
vt -0.041559 1.585500
vt -0.041559 1.594500
vt -0.082718 1.585500
vt -0.082718 1.594500
vt -0.123081 1.585500
vt -0.123081 1.594500
vt -0.162258 1.585500
vt -0.162258 1.594500
vt -0.199872 1.585500
vt -0.199872 1.594500
vt -0.235562 1.585500
vt -0.235562 1.594500
vt -0.268983 1.585500
vt -0.268983 1.594500
vt -0.299813 1.585500
vt -0.299813 1.594500
vt -0.327756 1.585500
vt -0.327756 1.594500
vt -0.352543 1.585500
vt -0.352543 1.594500
vt -0.373935 1.585500
vt -0.373935 1.594500
vt -0.391725 1.585500
vt -0.391725 1.594500
vt -0.405743 1.585500
vt -0.405743 1.594500
vt -0.415853 1.585500
vt -0.415853 1.594500
vt -0.421958 1.585500
vt -0.421958 1.594500
vt -0.424000 1.585500
vt -0.424000 1.594500
vt -0.421958 1.585500
vt -0.421958 1.594500
vt -0.415853 1.585500
vt -0.415853 1.594500
vt -0.405743 1.585500
vt -0.405743 1.594500
vt -0.391725 1.585500
vt -0.391725 1.594500
vt -0.373935 1.585500
vt -0.373935 1.594500
vt -0.352543 1.585500
vt -0.352543 1.594500
vt -0.327756 1.585500
vt -0.327756 1.594500
vt -0.299813 1.585500
vt -0.299813 1.594500
vt -0.268983 1.585500
vt -0.268983 1.594500
vt -0.235562 1.585500
vt -0.235562 1.594500
vt -0.199872 1.585500
vt -0.199872 1.594500
vt -0.162258 1.585500
vt -0.162258 1.594500
vt -0.123081 1.585500
vt -0.123081 1.594500
vt -0.082718 1.585500
vt -0.082718 1.594500
vt -0.041559 1.585500
vt -0.041559 1.594500
vt -0.000000 1.585500
vt -0.000000 1.594500
vt 0.041559 1.585500
vt 0.041559 1.594500
vt 0.082718 1.585500
vt 0.082718 1.594500
vt 0.123081 1.585500
vt 0.123081 1.594500
vt 0.162258 1.585500
vt 0.162258 1.594500
vt 0.199872 1.585500
vt 0.199872 1.594500
vt 0.235562 1.585500
vt 0.235562 1.594500
vt 0.268983 1.585500
vt 0.268983 1.594500
vt 0.299813 1.585500
vt 0.299813 1.594500
vt 0.327756 1.585500
vt 0.327756 1.594500
vt 0.352543 1.585500
vt 0.352543 1.594500
vt 0.373935 1.585500
vt 0.373935 1.594500
vt 0.391725 1.585500
vt 0.391725 1.594500
vt 0.405743 1.585500
vt 0.405743 1.594500
vt 0.415853 1.585500
vt 0.415853 1.594500
vt 0.421958 1.585500
vt 0.421958 1.594500
vt 0.424000 1.690500
vt 0.424000 1.699500
vt 0.421958 1.690500
vt 0.421958 1.699500
vt 0.415853 1.690500
vt 0.415853 1.699500
vt 0.405743 1.690500
vt 0.405743 1.699500
vt 0.391725 1.690500
vt 0.391725 1.699500
vt 0.373935 1.690500
vt 0.373935 1.699500
vt 0.352543 1.690500
vt 0.352543 1.699500
vt 0.327756 1.690500
vt 0.327756 1.699500
vt 0.299813 1.690500
vt 0.299813 1.699500
vt 0.268983 1.690500
vt 0.268983 1.699500
vt 0.235562 1.690500
vt 0.235562 1.699500
vt 0.199872 1.690500
vt 0.199872 1.699500
vt 0.162258 1.690500
vt 0.162258 1.699500
vt 0.123081 1.690500
vt 0.123081 1.699500
vt 0.082718 1.690500
vt 0.082718 1.699500
vt 0.041559 1.690500
vt 0.041559 1.699500
vt 0.000000 1.690500
vt 0.000000 1.699500
vt -0.041559 1.690500
vt -0.041559 1.699500
vt -0.082718 1.690500
vt -0.082718 1.699500
vt -0.123081 1.690500
vt -0.123081 1.699500
vt -0.162258 1.690500
vt -0.162258 1.699500
vt -0.199872 1.690500
vt -0.199872 1.699500
vt -0.235562 1.690500
vt -0.235562 1.699500
vt -0.268983 1.690500
vt -0.268983 1.699500
vt -0.299813 1.690500
vt -0.299813 1.699500
vt -0.327756 1.690500
vt -0.327756 1.699500
vt -0.352543 1.690500
vt -0.352543 1.699500
vt -0.373935 1.690500
vt -0.373935 1.699500
vt -0.391725 1.690500
vt -0.391725 1.699500
vt -0.405743 1.690500
vt -0.405743 1.699500
vt -0.415853 1.690500
vt -0.415853 1.699500
vt -0.421958 1.690500
vt -0.421958 1.699500
vt -0.424000 1.690500
vt -0.424000 1.699500
vt -0.421958 1.690500
vt -0.421958 1.699500
vt -0.415853 1.690500
vt -0.415853 1.699500
vt -0.405743 1.690500
vt -0.405743 1.699500
vt -0.391725 1.690500
vt -0.391725 1.699500
vt -0.373935 1.690500
vt -0.373935 1.699500
vt -0.352543 1.690500
vt -0.352543 1.699500
vt -0.327756 1.690500
vt -0.327756 1.699500
vt -0.299813 1.690500
vt -0.299813 1.699500
vt -0.268983 1.690500
vt -0.268983 1.699500
vt -0.235562 1.690500
vt -0.235562 1.699500
vt -0.199872 1.690500
vt -0.199872 1.699500
vt -0.162258 1.690500
vt -0.162258 1.699500
vt -0.123081 1.690500
vt -0.123081 1.699500
vt -0.082718 1.690500
vt -0.082718 1.699500
vt -0.041559 1.690500
vt -0.041559 1.699500
vt -0.000000 1.690500
vt -0.000000 1.699500
vt 0.041559 1.690500
vt 0.041559 1.699500
vt 0.082718 1.690500
vt 0.082718 1.699500
vt 0.123081 1.690500
vt 0.123081 1.699500
vt 0.162258 1.690500
vt 0.162258 1.699500
vt 0.199872 1.690500
vt 0.199872 1.699500
vt 0.235562 1.690500
vt 0.235562 1.699500
vt 0.268983 1.690500
vt 0.268983 1.699500
vt 0.299813 1.690500
vt 0.299813 1.699500
vt 0.327756 1.690500
vt 0.327756 1.699500
vt 0.352543 1.690500
vt 0.352543 1.699500
vt 0.373935 1.690500
vt 0.373935 1.699500
vt 0.391725 1.690500
vt 0.391725 1.699500
vt 0.405743 1.690500
vt 0.405743 1.699500
vt 0.415853 1.690500
vt 0.415853 1.699500
vt 0.421958 1.690500
vt 0.421958 1.699500
vt 0.419000 1.735500
vt 0.419000 1.744500
vt 0.416982 1.735500
vt 0.416982 1.744500
vt 0.410949 1.735500
vt 0.410949 1.744500
vt 0.400958 1.735500
vt 0.400958 1.744500
vt 0.387106 1.735500
vt 0.387106 1.744500
vt 0.369525 1.735500
vt 0.369525 1.744500
vt 0.348386 1.735500
vt 0.348386 1.744500
vt 0.323891 1.735500
vt 0.323891 1.744500
vt 0.296278 1.735500
vt 0.296278 1.744500
vt 0.265811 1.735500
vt 0.265811 1.744500
vt 0.232784 1.735500
vt 0.232784 1.744500
vt 0.197515 1.735500
vt 0.197515 1.744500
vt 0.160344 1.735500
vt 0.160344 1.744500
vt 0.121629 1.735500
vt 0.121629 1.744500
vt 0.081743 1.735500
vt 0.081743 1.744500
vt 0.041069 1.735500
vt 0.041069 1.744500
vt 0.000000 1.735500
vt 0.000000 1.744500
vt -0.041069 1.735500
vt -0.041069 1.744500
vt -0.081743 1.735500
vt -0.081743 1.744500
vt -0.121629 1.735500
vt -0.121629 1.744500
vt -0.160344 1.735500
vt -0.160344 1.744500
vt -0.197515 1.735500
vt -0.197515 1.744500
vt -0.232784 1.735500
vt -0.232784 1.744500
vt -0.265811 1.735500
vt -0.265811 1.744500
vt -0.296278 1.735500
vt -0.296278 1.744500
vt -0.323891 1.735500
vt -0.323891 1.744500
vt -0.348386 1.735500
vt -0.348386 1.744500
vt -0.369525 1.735500
vt -0.369525 1.744500
vt -0.387106 1.735500
vt -0.387106 1.744500
vt -0.400958 1.735500
vt -0.400958 1.744500
vt -0.410949 1.735500
vt -0.410949 1.744500
vt -0.416982 1.735500
vt -0.416982 1.744500
vt -0.419000 1.735500
vt -0.419000 1.744500
vt -0.416982 1.735500
vt -0.416982 1.744500
vt -0.410949 1.735500
vt -0.410949 1.744500
vt -0.400958 1.735500
vt -0.400958 1.744500
vt -0.387106 1.735500
vt -0.387106 1.744500
vt -0.369525 1.735500
vt -0.369525 1.744500
vt -0.348386 1.735500
vt -0.348386 1.744500
vt -0.323891 1.735500
vt -0.323891 1.744500
vt -0.296278 1.735500
vt -0.296278 1.744500
vt -0.265811 1.735500
vt -0.265811 1.744500
vt -0.232784 1.735500
vt -0.232784 1.744500
vt -0.197515 1.735500
vt -0.197515 1.744500
vt -0.160344 1.735500
vt -0.160344 1.744500
vt -0.121629 1.735500
vt -0.121629 1.744500
vt -0.081743 1.735500
vt -0.081743 1.744500
vt -0.041069 1.735500
vt -0.041069 1.744500
vt -0.000000 1.735500
vt -0.000000 1.744500
vt 0.041069 1.735500
vt 0.041069 1.744500
vt 0.081743 1.735500
vt 0.081743 1.744500
vt 0.121629 1.735500
vt 0.121629 1.744500
vt 0.160344 1.735500
vt 0.160344 1.744500
vt 0.197515 1.735500
vt 0.197515 1.744500
vt 0.232784 1.735500
vt 0.232784 1.744500
vt 0.265811 1.735500
vt 0.265811 1.744500
vt 0.296278 1.735500
vt 0.296278 1.744500
vt 0.323891 1.735500
vt 0.323891 1.744500
vt 0.348386 1.735500
vt 0.348386 1.744500
vt 0.369525 1.735500
vt 0.369525 1.744500
vt 0.387106 1.735500
vt 0.387106 1.744500
vt 0.400958 1.735500
vt 0.400958 1.744500
vt 0.410949 1.735500
vt 0.410949 1.744500
vt 0.416982 1.735500
vt 0.416982 1.744500
vt 0.428000 1.590000
vt 0.428000 1.740000
vt 0.426536 1.590000
vt 0.426536 1.740000
vt 0.423000 1.590000
vt 0.423000 1.740000
vt 0.419464 1.590000
vt 0.419464 1.740000
vt 0.418000 1.590000
vt 0.418000 1.740000
vt 0.419464 1.590000
vt 0.419464 1.740000
vt 0.423000 1.590000
vt 0.423000 1.740000
vt 0.426536 1.590000
vt 0.426536 1.740000
vt -0.240000 -0.042500
vt 0.240000 -0.042500
vt 0.240000 0.042500
vt -0.240000 0.042500
vt -0.240000 -0.042500
vt -0.240000 0.042500
vt 0.240000 0.042500
vt 0.240000 -0.042500
vt -0.042500 -0.120260
vt -0.042500 0.120260
vt -0.042500 0.120260
vt -0.042500 -0.120260
vt -0.240000 0.042500
vt 0.240000 0.042500
vt 0.240000 0.042500
vt -0.240000 0.042500
vt -0.240000 -0.042500
vt -0.240000 0.042500
vt -0.240000 0.042500
vt -0.240000 -0.042500
vt -0.042500 -0.120260
vt -0.042500 0.120260
vt 0.042500 0.120260
vt 0.042500 -0.120260
vt 0.435000 1.736000
vt 0.435000 1.758000
vt 0.432708 1.736000
vt 0.432708 1.758000
vt 0.426708 1.736000
vt 0.426708 1.758000
vt 0.419292 1.736000
vt 0.419292 1.758000
vt 0.413292 1.736000
vt 0.413292 1.758000
vt 0.411000 1.736000
vt 0.411000 1.758000
vt 0.413292 1.736000
vt 0.413292 1.758000
vt 0.419292 1.736000
vt 0.419292 1.758000
vt 0.426708 1.736000
vt 0.426708 1.758000
vt 0.432708 1.736000
vt 0.432708 1.758000
vt 0.419872 1.590000
vt 0.419872 1.740000
vt 0.418408 1.590000
vt 0.418408 1.740000
vt 0.414872 1.590000
vt 0.414872 1.740000
vt 0.411337 1.590000
vt 0.411337 1.740000
vt 0.409872 1.590000
vt 0.409872 1.740000
vt 0.411337 1.590000
vt 0.411337 1.740000
vt 0.414872 1.590000
vt 0.414872 1.740000
vt 0.418408 1.590000
vt 0.418408 1.740000
vt 0.395801 1.590000
vt 0.395801 1.740000
vt 0.394337 1.590000
vt 0.394337 1.740000
vt 0.390801 1.590000
vt 0.390801 1.740000
vt 0.387266 1.590000
vt 0.387266 1.740000
vt 0.385801 1.590000
vt 0.385801 1.740000
vt 0.387266 1.590000
vt 0.387266 1.740000
vt 0.390801 1.590000
vt 0.390801 1.740000
vt 0.394337 1.590000
vt 0.394337 1.740000
vt 0.356712 1.590000
vt 0.356712 1.740000
vt 0.355247 1.590000
vt 0.355247 1.740000
vt 0.351712 1.590000
vt 0.351712 1.740000
vt 0.348176 1.590000
vt 0.348176 1.740000
vt 0.346712 1.590000
vt 0.346712 1.740000
vt 0.348176 1.590000
vt 0.348176 1.740000
vt 0.351712 1.590000
vt 0.351712 1.740000
vt 0.355247 1.590000
vt 0.355247 1.740000
vt 0.304106 1.590000
vt 0.304106 1.740000
vt 0.302642 1.590000
vt 0.302642 1.740000
vt 0.299106 1.590000
vt 0.299106 1.740000
vt 0.295571 1.590000
vt 0.295571 1.740000
vt 0.294106 1.590000
vt 0.294106 1.740000
vt 0.295571 1.590000
vt 0.295571 1.740000
vt 0.299106 1.590000
vt 0.299106 1.740000
vt 0.302642 1.590000
vt 0.302642 1.740000
vt -0.139654 -0.199758
vt 0.199758 0.139654
vt 0.139654 0.199758
vt -0.199758 -0.139654
vt -0.139654 -0.199758
vt -0.199758 -0.139654
vt 0.139654 0.199758
vt 0.199758 0.139654
vt -0.199758 -0.120260
vt -0.199758 0.120260
vt 0.139654 0.120260
vt 0.139654 -0.120260
vt -0.199758 -0.139654
vt 0.139654 0.199758
vt 0.139654 0.199758
vt -0.199758 -0.139654
vt -0.139654 -0.199758
vt -0.199758 -0.139654
vt -0.199758 -0.139654
vt -0.139654 -0.199758
vt 0.139654 -0.120260
vt 0.139654 0.120260
vt 0.199758 0.120260
vt 0.199758 -0.120260
vt 0.311106 1.736000
vt 0.311106 1.758000
vt 0.308814 1.736000
vt 0.308814 1.758000
vt 0.302814 1.736000
vt 0.302814 1.758000
vt 0.295398 1.736000
vt 0.295398 1.758000
vt 0.289398 1.736000
vt 0.289398 1.758000
vt 0.287106 1.736000
vt 0.287106 1.758000
vt 0.289398 1.736000
vt 0.289398 1.758000
vt 0.295398 1.736000
vt 0.295398 1.758000
vt 0.302814 1.736000
vt 0.302814 1.758000
vt 0.308814 1.736000
vt 0.308814 1.758000
vt 0.240006 1.590000
vt 0.240006 1.740000
vt 0.238542 1.590000
vt 0.238542 1.740000
vt 0.235006 1.590000
vt 0.235006 1.740000
vt 0.231471 1.590000
vt 0.231471 1.740000
vt 0.230006 1.590000
vt 0.230006 1.740000
vt 0.231471 1.590000
vt 0.231471 1.740000
vt 0.235006 1.590000
vt 0.235006 1.740000
vt 0.238542 1.590000
vt 0.238542 1.740000
vt 0.166875 1.590000
vt 0.166875 1.740000
vt 0.165411 1.590000
vt 0.165411 1.740000
vt 0.161875 1.590000
vt 0.161875 1.740000
vt 0.158340 1.590000
vt 0.158340 1.740000
vt 0.156875 1.590000
vt 0.156875 1.740000
vt 0.158340 1.590000
vt 0.158340 1.740000
vt 0.161875 1.590000
vt 0.161875 1.740000
vt 0.165411 1.590000
vt 0.165411 1.740000
vt 0.087523 1.590000
vt 0.087523 1.740000
vt 0.086059 1.590000
vt 0.086059 1.740000
vt 0.082523 1.590000
vt 0.082523 1.740000
vt 0.078988 1.590000
vt 0.078988 1.740000
vt 0.077523 1.590000
vt 0.077523 1.740000
vt 0.078988 1.590000
vt 0.078988 1.740000
vt 0.082523 1.590000
vt 0.082523 1.740000
vt 0.086059 1.590000
vt 0.086059 1.740000
vt 0.005000 1.590000
vt 0.005000 1.740000
vt 0.003536 1.590000
vt 0.003536 1.740000
vt 0.000000 1.590000
vt 0.000000 1.740000
vt -0.003536 1.590000
vt -0.003536 1.740000
vt -0.005000 1.590000
vt -0.005000 1.740000
vt -0.003536 1.590000
vt -0.003536 1.740000
vt 0.000000 1.590000
vt 0.000000 1.740000
vt 0.003536 1.590000
vt 0.003536 1.740000
vt 0.042500 -0.240000
vt 0.042500 0.240000
vt -0.042500 0.240000
vt -0.042500 -0.240000
vt 0.042500 -0.240000
vt -0.042500 -0.240000
vt -0.042500 0.240000
vt 0.042500 0.240000
vt -0.240000 -0.120260
vt -0.240000 0.120260
vt 0.240000 0.120260
vt 0.240000 -0.120260
vt -0.042500 -0.240000
vt -0.042500 0.240000
vt -0.042500 0.240000
vt -0.042500 -0.240000
vt 0.042500 -0.240000
vt -0.042500 -0.240000
vt -0.042500 -0.240000
vt 0.042500 -0.240000
vt 0.240000 -0.120260
vt 0.240000 0.120260
vt 0.240000 0.120260
vt 0.240000 -0.120260
vt 0.012000 1.736000
vt 0.012000 1.758000
vt 0.009708 1.736000
vt 0.009708 1.758000
vt 0.003708 1.736000
vt 0.003708 1.758000
vt -0.003708 1.736000
vt -0.003708 1.758000
vt -0.009708 1.736000
vt -0.009708 1.758000
vt -0.012000 1.736000
vt -0.012000 1.758000
vt -0.009708 1.736000
vt -0.009708 1.758000
vt -0.003708 1.736000
vt -0.003708 1.758000
vt 0.003708 1.736000
vt 0.003708 1.758000
vt 0.009708 1.736000
vt 0.009708 1.758000
vt -0.077523 1.590000
vt -0.077523 1.740000
vt -0.078988 1.590000
vt -0.078988 1.740000
vt -0.082523 1.590000
vt -0.082523 1.740000
vt -0.086059 1.590000
vt -0.086059 1.740000
vt -0.087523 1.590000
vt -0.087523 1.740000
vt -0.086059 1.590000
vt -0.086059 1.740000
vt -0.082523 1.590000
vt -0.082523 1.740000
vt -0.078988 1.590000
vt -0.078988 1.740000
vt -0.156875 1.590000
vt -0.156875 1.740000
vt -0.158340 1.590000
vt -0.158340 1.740000
vt -0.161875 1.590000
vt -0.161875 1.740000
vt -0.165411 1.590000
vt -0.165411 1.740000
vt -0.166875 1.590000
vt -0.166875 1.740000
vt -0.165411 1.590000
vt -0.165411 1.740000
vt -0.161875 1.590000
vt -0.161875 1.740000
vt -0.158340 1.590000
vt -0.158340 1.740000
vt -0.230006 1.590000
vt -0.230006 1.740000
vt -0.231471 1.590000
vt -0.231471 1.740000
vt -0.235006 1.590000
vt -0.235006 1.740000
vt -0.238542 1.590000
vt -0.238542 1.740000
vt -0.240006 1.590000
vt -0.240006 1.740000
vt -0.238542 1.590000
vt -0.238542 1.740000
vt -0.235006 1.590000
vt -0.235006 1.740000
vt -0.231471 1.590000
vt -0.231471 1.740000
vt -0.294106 1.590000
vt -0.294106 1.740000
vt -0.295571 1.590000
vt -0.295571 1.740000
vt -0.299106 1.590000
vt -0.299106 1.740000
vt -0.302642 1.590000
vt -0.302642 1.740000
vt -0.304106 1.590000
vt -0.304106 1.740000
vt -0.302642 1.590000
vt -0.302642 1.740000
vt -0.299106 1.590000
vt -0.299106 1.740000
vt -0.295571 1.590000
vt -0.295571 1.740000
vt 0.199758 -0.139654
vt -0.139654 0.199758
vt -0.199758 0.139654
vt 0.139654 -0.199758
vt 0.199758 -0.139654
vt 0.139654 -0.199758
vt -0.199758 0.139654
vt -0.139654 0.199758
vt -0.139654 -0.120260
vt -0.139654 0.120260
vt 0.199758 0.120260
vt 0.199758 -0.120260
vt 0.139654 -0.199758
vt -0.199758 0.139654
vt -0.199758 0.139654
vt 0.139654 -0.199758
vt 0.199758 -0.139654
vt 0.139654 -0.199758
vt 0.139654 -0.199758
vt 0.199758 -0.139654
vt 0.199758 -0.120260
vt 0.199758 0.120260
vt 0.139654 0.120260
vt 0.139654 -0.120260
vt -0.287106 1.736000
vt -0.287106 1.758000
vt -0.289398 1.736000
vt -0.289398 1.758000
vt -0.295398 1.736000
vt -0.295398 1.758000
vt -0.302814 1.736000
vt -0.302814 1.758000
vt -0.308814 1.736000
vt -0.308814 1.758000
vt -0.311106 1.736000
vt -0.311106 1.758000
vt -0.308814 1.736000
vt -0.308814 1.758000
vt -0.302814 1.736000
vt -0.302814 1.758000
vt -0.295398 1.736000
vt -0.295398 1.758000
vt -0.289398 1.736000
vt -0.289398 1.758000
vt -0.346712 1.590000
vt -0.346712 1.740000
vt -0.348176 1.590000
vt -0.348176 1.740000
vt -0.351712 1.590000
vt -0.351712 1.740000
vt -0.355247 1.590000
vt -0.355247 1.740000
vt -0.356712 1.590000
vt -0.356712 1.740000
vt -0.355247 1.590000
vt -0.355247 1.740000
vt -0.351712 1.590000
vt -0.351712 1.740000
vt -0.348176 1.590000
vt -0.348176 1.740000
vt -0.385801 1.590000
vt -0.385801 1.740000
vt -0.387266 1.590000
vt -0.387266 1.740000
vt -0.390801 1.590000
vt -0.390801 1.740000
vt -0.394337 1.590000
vt -0.394337 1.740000
vt -0.395801 1.590000
vt -0.395801 1.740000
vt -0.394337 1.590000
vt -0.394337 1.740000
vt -0.390801 1.590000
vt -0.390801 1.740000
vt -0.387266 1.590000
vt -0.387266 1.740000
vt -0.409872 1.590000
vt -0.409872 1.740000
vt -0.411337 1.590000
vt -0.411337 1.740000
vt -0.414872 1.590000
vt -0.414872 1.740000
vt -0.418408 1.590000
vt -0.418408 1.740000
vt -0.419872 1.590000
vt -0.419872 1.740000
vt -0.418408 1.590000
vt -0.418408 1.740000
vt -0.414872 1.590000
vt -0.414872 1.740000
vt -0.411337 1.590000
vt -0.411337 1.740000
vt -0.418000 1.590000
vt -0.418000 1.740000
vt -0.419464 1.590000
vt -0.419464 1.740000
vt -0.423000 1.590000
vt -0.423000 1.740000
vt -0.426536 1.590000
vt -0.426536 1.740000
vt -0.428000 1.590000
vt -0.428000 1.740000
vt -0.426536 1.590000
vt -0.426536 1.740000
vt -0.423000 1.590000
vt -0.423000 1.740000
vt -0.419464 1.590000
vt -0.419464 1.740000
vt 0.240000 0.042500
vt -0.240000 0.042500
vt -0.240000 -0.042500
vt 0.240000 -0.042500
vt 0.240000 0.042500
vt 0.240000 -0.042500
vt -0.240000 -0.042500
vt -0.240000 0.042500
vt 0.042500 -0.120260
vt 0.042500 0.120260
vt 0.042500 0.120260
vt 0.042500 -0.120260
vt 0.240000 -0.042500
vt -0.240000 -0.042500
vt -0.240000 -0.042500
vt 0.240000 -0.042500
vt 0.240000 0.042500
vt 0.240000 -0.042500
vt 0.240000 -0.042500
vt 0.240000 0.042500
vt 0.042500 -0.120260
vt 0.042500 0.120260
vt -0.042500 0.120260
vt -0.042500 -0.120260
vt -0.411000 1.736000
vt -0.411000 1.758000
vt -0.413292 1.736000
vt -0.413292 1.758000
vt -0.419292 1.736000
vt -0.419292 1.758000
vt -0.426708 1.736000
vt -0.426708 1.758000
vt -0.432708 1.736000
vt -0.432708 1.758000
vt -0.435000 1.736000
vt -0.435000 1.758000
vt -0.432708 1.736000
vt -0.432708 1.758000
vt -0.426708 1.736000
vt -0.426708 1.758000
vt -0.419292 1.736000
vt -0.419292 1.758000
vt -0.413292 1.736000
vt -0.413292 1.758000
vt -0.409872 1.590000
vt -0.409872 1.740000
vt -0.411337 1.590000
vt -0.411337 1.740000
vt -0.414872 1.590000
vt -0.414872 1.740000
vt -0.418408 1.590000
vt -0.418408 1.740000
vt -0.419872 1.590000
vt -0.419872 1.740000
vt -0.418408 1.590000
vt -0.418408 1.740000
vt -0.414872 1.590000
vt -0.414872 1.740000
vt -0.411337 1.590000
vt -0.411337 1.740000
vt -0.385801 1.590000
vt -0.385801 1.740000
vt -0.387266 1.590000
vt -0.387266 1.740000
vt -0.390801 1.590000
vt -0.390801 1.740000
vt -0.394337 1.590000
vt -0.394337 1.740000
vt -0.395801 1.590000
vt -0.395801 1.740000
vt -0.394337 1.590000
vt -0.394337 1.740000
vt -0.390801 1.590000
vt -0.390801 1.740000
vt -0.387266 1.590000
vt -0.387266 1.740000
vt -0.346712 1.590000
vt -0.346712 1.740000
vt -0.348176 1.590000
vt -0.348176 1.740000
vt -0.351712 1.590000
vt -0.351712 1.740000
vt -0.355247 1.590000
vt -0.355247 1.740000
vt -0.356712 1.590000
vt -0.356712 1.740000
vt -0.355247 1.590000
vt -0.355247 1.740000
vt -0.351712 1.590000
vt -0.351712 1.740000
vt -0.348176 1.590000
vt -0.348176 1.740000
vt -0.294106 1.590000
vt -0.294106 1.740000
vt -0.295571 1.590000
vt -0.295571 1.740000
vt -0.299106 1.590000
vt -0.299106 1.740000
vt -0.302642 1.590000
vt -0.302642 1.740000
vt -0.304106 1.590000
vt -0.304106 1.740000
vt -0.302642 1.590000
vt -0.302642 1.740000
vt -0.299106 1.590000
vt -0.299106 1.740000
vt -0.295571 1.590000
vt -0.295571 1.740000
vt 0.139654 0.199758
vt -0.199758 -0.139654
vt -0.139654 -0.199758
vt 0.199758 0.139654
vt 0.139654 0.199758
vt 0.199758 0.139654
vt -0.139654 -0.199758
vt -0.199758 -0.139654
vt 0.199758 -0.120260
vt 0.199758 0.120260
vt -0.139654 0.120260
vt -0.139654 -0.120260
vt 0.199758 0.139654
vt -0.139654 -0.199758
vt -0.139654 -0.199758
vt 0.199758 0.139654
vt 0.139654 0.199758
vt 0.199758 0.139654
vt 0.199758 0.139654
vt 0.139654 0.199758
vt -0.139654 -0.120260
vt -0.139654 0.120260
vt -0.199758 0.120260
vt -0.199758 -0.120260
vt -0.287106 1.736000
vt -0.287106 1.758000
vt -0.289398 1.736000
vt -0.289398 1.758000
vt -0.295398 1.736000
vt -0.295398 1.758000
vt -0.302814 1.736000
vt -0.302814 1.758000
vt -0.308814 1.736000
vt -0.308814 1.758000
vt -0.311106 1.736000
vt -0.311106 1.758000
vt -0.308814 1.736000
vt -0.308814 1.758000
vt -0.302814 1.736000
vt -0.302814 1.758000
vt -0.295398 1.736000
vt -0.295398 1.758000
vt -0.289398 1.736000
vt -0.289398 1.758000
vt -0.230006 1.590000
vt -0.230006 1.740000
vt -0.231471 1.590000
vt -0.231471 1.740000
vt -0.235006 1.590000
vt -0.235006 1.740000
vt -0.238542 1.590000
vt -0.238542 1.740000
vt -0.240006 1.590000
vt -0.240006 1.740000
vt -0.238542 1.590000
vt -0.238542 1.740000
vt -0.235006 1.590000
vt -0.235006 1.740000
vt -0.231471 1.590000
vt -0.231471 1.740000
vt -0.156875 1.590000
vt -0.156875 1.740000
vt -0.158340 1.590000
vt -0.158340 1.740000
vt -0.161875 1.590000
vt -0.161875 1.740000
vt -0.165411 1.590000
vt -0.165411 1.740000
vt -0.166875 1.590000
vt -0.166875 1.740000
vt -0.165411 1.590000
vt -0.165411 1.740000
vt -0.161875 1.590000
vt -0.161875 1.740000
vt -0.158340 1.590000
vt -0.158340 1.740000
vt -0.077523 1.590000
vt -0.077523 1.740000
vt -0.078988 1.590000
vt -0.078988 1.740000
vt -0.082523 1.590000
vt -0.082523 1.740000
vt -0.086059 1.590000
vt -0.086059 1.740000
vt -0.087523 1.590000
vt -0.087523 1.740000
vt -0.086059 1.590000
vt -0.086059 1.740000
vt -0.082523 1.590000
vt -0.082523 1.740000
vt -0.078988 1.590000
vt -0.078988 1.740000
vt 0.005000 1.590000
vt 0.005000 1.740000
vt 0.003536 1.590000
vt 0.003536 1.740000
vt -0.000000 1.590000
vt -0.000000 1.740000
vt -0.003536 1.590000
vt -0.003536 1.740000
vt -0.005000 1.590000
vt -0.005000 1.740000
vt -0.003536 1.590000
vt -0.003536 1.740000
vt -0.000000 1.590000
vt -0.000000 1.740000
vt 0.003536 1.590000
vt 0.003536 1.740000
vt -0.042500 0.240000
vt -0.042500 -0.240000
vt 0.042500 -0.240000
vt 0.042500 0.240000
vt -0.042500 0.240000
vt 0.042500 0.240000
vt 0.042500 -0.240000
vt -0.042500 -0.240000
vt 0.240000 -0.120260
vt 0.240000 0.120260
vt -0.240000 0.120260
vt -0.240000 -0.120260
vt 0.042500 0.240000
vt 0.042500 -0.240000
vt 0.042500 -0.240000
vt 0.042500 0.240000
vt -0.042500 0.240000
vt 0.042500 0.240000
vt 0.042500 0.240000
vt -0.042500 0.240000
vt -0.240000 -0.120260
vt -0.240000 0.120260
vt -0.240000 0.120260
vt -0.240000 -0.120260
vt 0.012000 1.736000
vt 0.012000 1.758000
vt 0.009708 1.736000
vt 0.009708 1.758000
vt 0.003708 1.736000
vt 0.003708 1.758000
vt -0.003708 1.736000
vt -0.003708 1.758000
vt -0.009708 1.736000
vt -0.009708 1.758000
vt -0.012000 1.736000
vt -0.012000 1.758000
vt -0.009708 1.736000
vt -0.009708 1.758000
vt -0.003708 1.736000
vt -0.003708 1.758000
vt 0.003708 1.736000
vt 0.003708 1.758000
vt 0.009708 1.736000
vt 0.009708 1.758000
vt 0.087523 1.590000
vt 0.087523 1.740000
vt 0.086059 1.590000
vt 0.086059 1.740000
vt 0.082523 1.590000
vt 0.082523 1.740000
vt 0.078988 1.590000
vt 0.078988 1.740000
vt 0.077523 1.590000
vt 0.077523 1.740000
vt 0.078988 1.590000
vt 0.078988 1.740000
vt 0.082523 1.590000
vt 0.082523 1.740000
vt 0.086059 1.590000
vt 0.086059 1.740000
vt 0.166875 1.590000
vt 0.166875 1.740000
vt 0.165411 1.590000
vt 0.165411 1.740000
vt 0.161875 1.590000
vt 0.161875 1.740000
vt 0.158340 1.590000
vt 0.158340 1.740000
vt 0.156875 1.590000
vt 0.156875 1.740000
vt 0.158340 1.590000
vt 0.158340 1.740000
vt 0.161875 1.590000
vt 0.161875 1.740000
vt 0.165411 1.590000
vt 0.165411 1.740000
vt 0.240006 1.590000
vt 0.240006 1.740000
vt 0.238542 1.590000
vt 0.238542 1.740000
vt 0.235006 1.590000
vt 0.235006 1.740000
vt 0.231471 1.590000
vt 0.231471 1.740000
vt 0.230006 1.590000
vt 0.230006 1.740000
vt 0.231471 1.590000
vt 0.231471 1.740000
vt 0.235006 1.590000
vt 0.235006 1.740000
vt 0.238542 1.590000
vt 0.238542 1.740000
vt 0.304106 1.590000
vt 0.304106 1.740000
vt 0.302642 1.590000
vt 0.302642 1.740000
vt 0.299106 1.590000
vt 0.299106 1.740000
vt 0.295571 1.590000
vt 0.295571 1.740000
vt 0.294106 1.590000
vt 0.294106 1.740000
vt 0.295571 1.590000
vt 0.295571 1.740000
vt 0.299106 1.590000
vt 0.299106 1.740000
vt 0.302642 1.590000
vt 0.302642 1.740000
vt -0.199758 0.139654
vt 0.139654 -0.199758
vt 0.199758 -0.139654
vt -0.139654 0.199758
vt -0.199758 0.139654
vt -0.139654 0.199758
vt 0.199758 -0.139654
vt 0.139654 -0.199758
vt 0.139654 -0.120260
vt 0.139654 0.120260
vt -0.199758 0.120260
vt -0.199758 -0.120260
vt -0.139654 0.199758
vt 0.199758 -0.139654
vt 0.199758 -0.139654
vt -0.139654 0.199758
vt -0.199758 0.139654
vt -0.139654 0.199758
vt -0.139654 0.199758
vt -0.199758 0.139654
vt -0.199758 -0.120260
vt -0.199758 0.120260
vt -0.139654 0.120260
vt -0.139654 -0.120260
vt 0.311106 1.736000
vt 0.311106 1.758000
vt 0.308814 1.736000
vt 0.308814 1.758000
vt 0.302814 1.736000
vt 0.302814 1.758000
vt 0.295398 1.736000
vt 0.295398 1.758000
vt 0.289398 1.736000
vt 0.289398 1.758000
vt 0.287106 1.736000
vt 0.287106 1.758000
vt 0.289398 1.736000
vt 0.289398 1.758000
vt 0.295398 1.736000
vt 0.295398 1.758000
vt 0.302814 1.736000
vt 0.302814 1.758000
vt 0.308814 1.736000
vt 0.308814 1.758000
vt 0.356712 1.590000
vt 0.356712 1.740000
vt 0.355247 1.590000
vt 0.355247 1.740000
vt 0.351712 1.590000
vt 0.351712 1.740000
vt 0.348176 1.590000
vt 0.348176 1.740000
vt 0.346712 1.590000
vt 0.346712 1.740000
vt 0.348176 1.590000
vt 0.348176 1.740000
vt 0.351712 1.590000
vt 0.351712 1.740000
vt 0.355247 1.590000
vt 0.355247 1.740000
vt 0.395801 1.590000
vt 0.395801 1.740000
vt 0.394337 1.590000
vt 0.394337 1.740000
vt 0.390801 1.590000
vt 0.390801 1.740000
vt 0.387266 1.590000
vt 0.387266 1.740000
vt 0.385801 1.590000
vt 0.385801 1.740000
vt 0.387266 1.590000
vt 0.387266 1.740000
vt 0.390801 1.590000
vt 0.390801 1.740000
vt 0.394337 1.590000
vt 0.394337 1.740000
vt 0.419872 1.590000
vt 0.419872 1.740000
vt 0.418408 1.590000
vt 0.418408 1.740000
vt 0.414872 1.590000
vt 0.414872 1.740000
vt 0.411337 1.590000
vt 0.411337 1.740000
vt 0.409872 1.590000
vt 0.409872 1.740000
vt 0.411337 1.590000
vt 0.411337 1.740000
vt 0.414872 1.590000
vt 0.414872 1.740000
vt 0.418408 1.590000
vt 0.418408 1.740000
vt -0.030000 -0.030000
vt 0.030000 -0.030000
vt 0.030000 0.030000
vt -0.030000 0.030000
vt -0.030000 -0.030000
vt -0.030000 0.030000
vt 0.030000 0.030000
vt 0.030000 -0.030000
vt -0.030000 -1.825000
vt -0.030000 1.825000
vt -0.030000 1.825000
vt -0.030000 -1.825000
vt -0.030000 0.030000
vt 0.030000 0.030000
vt 0.030000 0.030000
vt -0.030000 0.030000
vt -0.030000 -0.030000
vt -0.030000 0.030000
vt -0.030000 0.030000
vt -0.030000 -0.030000
vt -0.030000 -1.825000
vt -0.030000 1.825000
vt 0.030000 1.825000
vt 0.030000 -1.825000
vt -0.030000 -0.030000
vt 0.030000 -0.030000
vt 0.030000 0.030000
vt -0.030000 0.030000
vt -0.030000 -0.030000
vt -0.030000 0.030000
vt 0.030000 0.030000
vt 0.030000 -0.030000
vt -0.030000 -1.825000
vt -0.030000 1.825000
vt -0.030000 1.825000
vt -0.030000 -1.825000
vt -0.030000 0.030000
vt 0.030000 0.030000
vt 0.030000 0.030000
vt -0.030000 0.030000
vt -0.030000 -0.030000
vt -0.030000 0.030000
vt -0.030000 0.030000
vt -0.030000 -0.030000
vt -0.030000 -1.825000
vt -0.030000 1.825000
vt 0.030000 1.825000
vt 0.030000 -1.825000
vt -0.037500 -0.295000
vt 0.037500 -0.295000
vt 0.037500 0.295000
vt -0.037500 0.295000
vt -0.037500 -0.295000
vt -0.037500 0.295000
vt 0.037500 0.295000
vt 0.037500 -0.295000
vt -0.295000 -0.030000
vt -0.295000 0.030000
vt -0.295000 0.030000
vt -0.295000 -0.030000
vt -0.037500 0.295000
vt 0.037500 0.295000
vt 0.037500 0.295000
vt -0.037500 0.295000
vt -0.037500 -0.295000
vt -0.037500 0.295000
vt -0.037500 0.295000
vt -0.037500 -0.295000
vt -0.295000 -0.030000
vt -0.295000 0.030000
vt 0.295000 0.030000
vt 0.295000 -0.030000
vt -0.037500 -0.295000
vt 0.037500 -0.295000
vt 0.037500 0.295000
vt -0.037500 0.295000
vt -0.037500 -0.295000
vt -0.037500 0.295000
vt 0.037500 0.295000
vt 0.037500 -0.295000
vt -0.295000 -0.030000
vt -0.295000 0.030000
vt -0.295000 0.030000
vt -0.295000 -0.030000
vt -0.037500 0.295000
vt 0.037500 0.295000
vt 0.037500 0.295000
vt -0.037500 0.295000
vt -0.037500 -0.295000
vt -0.037500 0.295000
vt -0.037500 0.295000
vt -0.037500 -0.295000
vt -0.295000 -0.030000
vt -0.295000 0.030000
vt 0.295000 0.030000
vt 0.295000 -0.030000
vt -0.037500 -0.295000
vt 0.037500 -0.295000
vt 0.037500 0.295000
vt -0.037500 0.295000
vt -0.037500 -0.295000
vt -0.037500 0.295000
vt 0.037500 0.295000
vt 0.037500 -0.295000
vt -0.295000 -0.030000
vt -0.295000 0.030000
vt -0.295000 0.030000
vt -0.295000 -0.030000
vt -0.037500 0.295000
vt 0.037500 0.295000
vt 0.037500 0.295000
vt -0.037500 0.295000
vt -0.037500 -0.295000
vt -0.037500 0.295000
vt -0.037500 0.295000
vt -0.037500 -0.295000
vt -0.295000 -0.030000
vt -0.295000 0.030000
vt 0.295000 0.030000
vt 0.295000 -0.030000
vt -0.037500 -0.295000
vt 0.037500 -0.295000
vt 0.037500 0.295000
vt -0.037500 0.295000
vt -0.037500 -0.295000
vt -0.037500 0.295000
vt 0.037500 0.295000
vt 0.037500 -0.295000
vt -0.295000 -0.030000
vt -0.295000 0.030000
vt -0.295000 0.030000
vt -0.295000 -0.030000
vt -0.037500 0.295000
vt 0.037500 0.295000
vt 0.037500 0.295000
vt -0.037500 0.295000
vt -0.037500 -0.295000
vt -0.037500 0.295000
vt -0.037500 0.295000
vt -0.037500 -0.295000
vt -0.295000 -0.030000
vt -0.295000 0.030000
vt 0.295000 0.030000
vt 0.295000 -0.030000
vt -0.037500 -0.295000
vt 0.037500 -0.295000
vt 0.037500 0.295000
vt -0.037500 0.295000
vt -0.037500 -0.295000
vt -0.037500 0.295000
vt 0.037500 0.295000
vt 0.037500 -0.295000
vt -0.295000 -0.030000
vt -0.295000 0.030000
vt -0.295000 0.030000
vt -0.295000 -0.030000
vt -0.037500 0.295000
vt 0.037500 0.295000
vt 0.037500 0.295000
vt -0.037500 0.295000
vt -0.037500 -0.295000
vt -0.037500 0.295000
vt -0.037500 0.295000
vt -0.037500 -0.295000
vt -0.295000 -0.030000
vt -0.295000 0.030000
vt 0.295000 0.030000
vt 0.295000 -0.030000
vt -0.037500 -0.295000
vt 0.037500 -0.295000
vt 0.037500 0.295000
vt -0.037500 0.295000
vt -0.037500 -0.295000
vt -0.037500 0.295000
vt 0.037500 0.295000
vt 0.037500 -0.295000
vt -0.295000 -0.030000
vt -0.295000 0.030000
vt -0.295000 0.030000
vt -0.295000 -0.030000
vt -0.037500 0.295000
vt 0.037500 0.295000
vt 0.037500 0.295000
vt -0.037500 0.295000
vt -0.037500 -0.295000
vt -0.037500 0.295000
vt -0.037500 0.295000
vt -0.037500 -0.295000
vt -0.295000 -0.030000
vt -0.295000 0.030000
vt 0.295000 0.030000
vt 0.295000 -0.030000
vt -0.037500 -0.295000
vt 0.037500 -0.295000
vt 0.037500 0.295000
vt -0.037500 0.295000
vt -0.037500 -0.295000
vt -0.037500 0.295000
vt 0.037500 0.295000
vt 0.037500 -0.295000
vt -0.295000 -0.030000
vt -0.295000 0.030000
vt -0.295000 0.030000
vt -0.295000 -0.030000
vt -0.037500 0.295000
vt 0.037500 0.295000
vt 0.037500 0.295000
vt -0.037500 0.295000
vt -0.037500 -0.295000
vt -0.037500 0.295000
vt -0.037500 0.295000
vt -0.037500 -0.295000
vt -0.295000 -0.030000
vt -0.295000 0.030000
vt 0.295000 0.030000
vt 0.295000 -0.030000
vt -0.037500 -0.295000
vt 0.037500 -0.295000
vt 0.037500 0.295000
vt -0.037500 0.295000
vt -0.037500 -0.295000
vt -0.037500 0.295000
vt 0.037500 0.295000
vt 0.037500 -0.295000
vt -0.295000 -0.030000
vt -0.295000 0.030000
vt -0.295000 0.030000
vt -0.295000 -0.030000
vt -0.037500 0.295000
vt 0.037500 0.295000
vt 0.037500 0.295000
vt -0.037500 0.295000
vt -0.037500 -0.295000
vt -0.037500 0.295000
vt -0.037500 0.295000
vt -0.037500 -0.295000
vt -0.295000 -0.030000
vt -0.295000 0.030000
vt 0.295000 0.030000
vt 0.295000 -0.030000
vt -0.037500 -0.295000
vt 0.037500 -0.295000
vt 0.037500 0.295000
vt -0.037500 0.295000
vt -0.037500 -0.295000
vt -0.037500 0.295000
vt 0.037500 0.295000
vt 0.037500 -0.295000
vt -0.295000 -0.030000
vt -0.295000 0.030000
vt -0.295000 0.030000
vt -0.295000 -0.030000
vt -0.037500 0.295000
vt 0.037500 0.295000
vt 0.037500 0.295000
vt -0.037500 0.295000
vt -0.037500 -0.295000
vt -0.037500 0.295000
vt -0.037500 0.295000
vt -0.037500 -0.295000
vt -0.295000 -0.030000
vt -0.295000 0.030000
vt 0.295000 0.030000
vt 0.295000 -0.030000
vt -0.037500 -0.295000
vt 0.037500 -0.295000
vt 0.037500 0.295000
vt -0.037500 0.295000
vt -0.037500 -0.295000
vt -0.037500 0.295000
vt 0.037500 0.295000
vt 0.037500 -0.295000
vt -0.295000 -0.030000
vt -0.295000 0.030000
vt -0.295000 0.030000
vt -0.295000 -0.030000
vt -0.037500 0.295000
vt 0.037500 0.295000
vt 0.037500 0.295000
vt -0.037500 0.295000
vt -0.037500 -0.295000
vt -0.037500 0.295000
vt -0.037500 0.295000
vt -0.037500 -0.295000
vt -0.295000 -0.030000
vt -0.295000 0.030000
vt 0.295000 0.030000
vt 0.295000 -0.030000
vt -0.037500 -0.295000
vt 0.037500 -0.295000
vt 0.037500 0.295000
vt -0.037500 0.295000
vt -0.037500 -0.295000
vt -0.037500 0.295000
vt 0.037500 0.295000
vt 0.037500 -0.295000
vt -0.295000 -0.030000
vt -0.295000 0.030000
vt -0.295000 0.030000
vt -0.295000 -0.030000
vt -0.037500 0.295000
vt 0.037500 0.295000
vt 0.037500 0.295000
vt -0.037500 0.295000
vt -0.037500 -0.295000
vt -0.037500 0.295000
vt -0.037500 0.295000
vt -0.037500 -0.295000
vt -0.295000 -0.030000
vt -0.295000 0.030000
vt 0.295000 0.030000
vt 0.295000 -0.030000
usemtl DarkIron
f 1/1 3/3 4/4
f 1/1 4/4 2/2
f 3/3 5/5 6/6
f 3/3 6/6 4/4
f 5/5 7/7 8/8
f 5/5 8/8 6/6
f 7/7 9/9 10/10
f 7/7 10/10 8/8
f 9/9 11/11 12/12
f 9/9 12/12 10/10
f 11/11 13/13 14/14
f 11/11 14/14 12/12
f 13/13 15/15 16/16
f 13/13 16/16 14/14
f 15/15 17/17 18/18
f 15/15 18/18 16/16
f 17/17 19/19 20/20
f 17/17 20/20 18/18
f 19/19 21/21 22/22
f 19/19 22/22 20/20
f 21/21 23/23 24/24
f 21/21 24/24 22/22
f 23/23 25/25 26/26
f 23/23 26/26 24/24
f 25/25 27/27 28/28
f 25/25 28/28 26/26
f 27/27 29/29 30/30
f 27/27 30/30 28/28
f 29/29 31/31 32/32
f 29/29 32/32 30/30
f 31/31 33/33 34/34
f 31/31 34/34 32/32
f 33/33 35/35 36/36
f 33/33 36/36 34/34
f 35/35 37/37 38/38
f 35/35 38/38 36/36
f 37/37 39/39 40/40
f 37/37 40/40 38/38
f 39/39 41/41 42/42
f 39/39 42/42 40/40
f 41/41 43/43 44/44
f 41/41 44/44 42/42
f 43/43 45/45 46/46
f 43/43 46/46 44/44
f 45/45 47/47 48/48
f 45/45 48/48 46/46
f 47/47 49/49 50/50
f 47/47 50/50 48/48
f 49/49 51/51 52/52
f 49/49 52/52 50/50
f 51/51 53/53 54/54
f 51/51 54/54 52/52
f 53/53 55/55 56/56
f 53/53 56/56 54/54
f 55/55 57/57 58/58
f 55/55 58/58 56/56
f 57/57 59/59 60/60
f 57/57 60/60 58/58
f 59/59 61/61 62/62
f 59/59 62/62 60/60
f 61/61 63/63 64/64
f 61/61 64/64 62/62
f 63/63 65/65 66/66
f 63/63 66/66 64/64
f 65/65 67/67 68/68
f 65/65 68/68 66/66
f 67/67 69/69 70/70
f 67/67 70/70 68/68
f 69/69 71/71 72/72
f 69/69 72/72 70/70
f 71/71 73/73 74/74
f 71/71 74/74 72/72
f 73/73 75/75 76/76
f 73/73 76/76 74/74
f 75/75 77/77 78/78
f 75/75 78/78 76/76
f 77/77 79/79 80/80
f 77/77 80/80 78/78
f 79/79 81/81 82/82
f 79/79 82/82 80/80
f 81/81 83/83 84/84
f 81/81 84/84 82/82
f 83/83 85/85 86/86
f 83/83 86/86 84/84
f 85/85 87/87 88/88
f 85/85 88/88 86/86
f 87/87 89/89 90/90
f 87/87 90/90 88/88
f 89/89 91/91 92/92
f 89/89 92/92 90/90
f 91/91 93/93 94/94
f 91/91 94/94 92/92
f 93/93 95/95 96/96
f 93/93 96/96 94/94
f 95/95 97/97 98/98
f 95/95 98/98 96/96
f 97/97 99/99 100/100
f 97/97 100/100 98/98
f 99/99 101/101 102/102
f 99/99 102/102 100/100
f 101/101 103/103 104/104
f 101/101 104/104 102/102
f 103/103 105/105 106/106
f 103/103 106/106 104/104
f 105/105 107/107 108/108
f 105/105 108/108 106/106
f 107/107 109/109 110/110
f 107/107 110/110 108/108
f 109/109 111/111 112/112
f 109/109 112/112 110/110
f 111/111 113/113 114/114
f 111/111 114/114 112/112
f 113/113 115/115 116/116
f 113/113 116/116 114/114
f 115/115 117/117 118/118
f 115/115 118/118 116/116
f 117/117 119/119 120/120
f 117/117 120/120 118/118
f 119/119 121/121 122/122
f 119/119 122/122 120/120
f 121/121 123/123 124/124
f 121/121 124/124 122/122
f 123/123 125/125 126/126
f 123/123 126/126 124/124
f 125/125 127/127 128/128
f 125/125 128/128 126/126
f 127/127 1/1 2/2
f 127/127 2/2 128/128
f 127/127 125/125 123/123 121/121 119/119 117/117 115/115 113/113 111/111 109/109 107/107 105/105 103/103 101/101 99/99 97/97 95/95 93/93 91/91 89/89 87/87 85/85 83/83 81/81 79/79 77/77 75/75 73/73 71/71 69/69 67/67 65/65 63/63 61/61 59/59 57/57 55/55 53/53 51/51 49/49 47/47 45/45 43/43 41/41 39/39 37/37 35/35 33/33 31/31 29/29 27/27 25/25 23/23 21/21 19/19 17/17 15/15 13/13 11/11 9/9 7/7 5/5 3/3 1/1
f 2/2 4/4 6/6 8/8 10/10 12/12 14/14 16/16 18/18 20/20 22/22 24/24 26/26 28/28 30/30 32/32 34/34 36/36 38/38 40/40 42/42 44/44 46/46 48/48 50/50 52/52 54/54 56/56 58/58 60/60 62/62 64/64 66/66 68/68 70/70 72/72 74/74 76/76 78/78 80/80 82/82 84/84 86/86 88/88 90/90 92/92 94/94 96/96 98/98 100/100 102/102 104/104 106/106 108/108 110/110 112/112 114/114 116/116 118/118 120/120 122/122 124/124 126/126 128/128
f 129/129 137/137 138/138
f 129/129 138/138 130/130
f 130/130 138/138 139/139
f 130/130 139/139 131/131
f 131/131 139/139 140/140
f 131/131 140/140 132/132
f 132/132 140/140 141/141
f 132/132 141/141 133/133
f 133/133 141/141 142/142
f 133/133 142/142 134/134
f 134/134 142/142 143/143
f 134/134 143/143 135/135
f 135/135 143/143 144/144
f 135/135 144/144 136/136
f 136/136 144/144 137/137
f 136/136 137/137 129/129
f 137/137 145/145 146/146
f 137/137 146/146 138/138
f 138/138 146/146 147/147
f 138/138 147/147 139/139
f 139/139 147/147 148/148
f 139/139 148/148 140/140
f 140/140 148/148 149/149
f 140/140 149/149 141/141
f 141/141 149/149 150/150
f 141/141 150/150 142/142
f 142/142 150/150 151/151
f 142/142 151/151 143/143
f 143/143 151/151 152/152
f 143/143 152/152 144/144
f 144/144 152/152 145/145
f 144/144 145/145 137/137
f 145/145 153/153 154/154
f 145/145 154/154 146/146
f 146/146 154/154 155/155
f 146/146 155/155 147/147
f 147/147 155/155 156/156
f 147/147 156/156 148/148
f 148/148 156/156 157/157
f 148/148 157/157 149/149
f 149/149 157/157 158/158
f 149/149 158/158 150/150
f 150/150 158/158 159/159
f 150/150 159/159 151/151
f 151/151 159/159 160/160
f 151/151 160/160 152/152
f 152/152 160/160 153/153
f 152/152 153/153 145/145
f 153/153 161/161 162/162
f 153/153 162/162 154/154
f 154/154 162/162 163/163
f 154/154 163/163 155/155
f 155/155 163/163 164/164
f 155/155 164/164 156/156
f 156/156 164/164 165/165
f 156/156 165/165 157/157
f 157/157 165/165 166/166
f 157/157 166/166 158/158
f 158/158 166/166 167/167
f 158/158 167/167 159/159
f 159/159 167/167 168/168
f 159/159 168/168 160/160
f 160/160 168/168 161/161
f 160/160 161/161 153/153
f 161/161 169/169 170/170
f 161/161 170/170 162/162
f 162/162 170/170 171/171
f 162/162 171/171 163/163
f 163/163 171/171 172/172
f 163/163 172/172 164/164
f 164/164 172/172 173/173
f 164/164 173/173 165/165
f 165/165 173/173 174/174
f 165/165 174/174 166/166
f 166/166 174/174 175/175
f 166/166 175/175 167/167
f 167/167 175/175 176/176
f 167/167 176/176 168/168
f 168/168 176/176 169/169
f 168/168 169/169 161/161
f 169/169 177/177 178/178
f 169/169 178/178 170/170
f 170/170 178/178 179/179
f 170/170 179/179 171/171
f 171/171 179/179 180/180
f 171/171 180/180 172/172
f 172/172 180/180 181/181
f 172/172 181/181 173/173
f 173/173 181/181 182/182
f 173/173 182/182 174/174
f 174/174 182/182 183/183
f 174/174 183/183 175/175
f 175/175 183/183 184/184
f 175/175 184/184 176/176
f 176/176 184/184 177/177
f 176/176 177/177 169/169
f 177/177 185/185 186/186
f 177/177 186/186 178/178
f 178/178 186/186 187/187
f 178/178 187/187 179/179
f 179/179 187/187 188/188
f 179/179 188/188 180/180
f 180/180 188/188 189/189
f 180/180 189/189 181/181
f 181/181 189/189 190/190
f 181/181 190/190 182/182
f 182/182 190/190 191/191
f 182/182 191/191 183/183
f 183/183 191/191 192/192
f 183/183 192/192 184/184
f 184/184 192/192 185/185
f 184/184 185/185 177/177
f 185/185 193/193 194/194
f 185/185 194/194 186/186
f 186/186 194/194 195/195
f 186/186 195/195 187/187
f 187/187 195/195 196/196
f 187/187 196/196 188/188
f 188/188 196/196 197/197
f 188/188 197/197 189/189
f 189/189 197/197 198/198
f 189/189 198/198 190/190
f 190/190 198/198 199/199
f 190/190 199/199 191/191
f 191/191 199/199 200/200
f 191/191 200/200 192/192
f 192/192 200/200 193/193
f 192/192 193/193 185/185
f 193/193 201/201 202/202
f 193/193 202/202 194/194
f 194/194 202/202 203/203
f 194/194 203/203 195/195
f 195/195 203/203 204/204
f 195/195 204/204 196/196
f 196/196 204/204 205/205
f 196/196 205/205 197/197
f 197/197 205/205 206/206
f 197/197 206/206 198/198
f 198/198 206/206 207/207
f 198/198 207/207 199/199
f 199/199 207/207 208/208
f 199/199 208/208 200/200
f 200/200 208/208 201/201
f 200/200 201/201 193/193
f 201/201 209/209 210/210
f 201/201 210/210 202/202
f 202/202 210/210 211/211
f 202/202 211/211 203/203
f 203/203 211/211 212/212
f 203/203 212/212 204/204
f 204/204 212/212 213/213
f 204/204 213/213 205/205
f 205/205 213/213 214/214
f 205/205 214/214 206/206
f 206/206 214/214 215/215
f 206/206 215/215 207/207
f 207/207 215/215 216/216
f 207/207 216/216 208/208
f 208/208 216/216 209/209
f 208/208 209/209 201/201
f 209/209 217/217 218/218
f 209/209 218/218 210/210
f 210/210 218/218 219/219
f 210/210 219/219 211/211
f 211/211 219/219 220/220
f 211/211 220/220 212/212
f 212/212 220/220 221/221
f 212/212 221/221 213/213
f 213/213 221/221 222/222
f 213/213 222/222 214/214
f 214/214 222/222 223/223
f 214/214 223/223 215/215
f 215/215 223/223 224/224
f 215/215 224/224 216/216
f 216/216 224/224 217/217
f 216/216 217/217 209/209
f 217/217 225/225 226/226
f 217/217 226/226 218/218
f 218/218 226/226 227/227
f 218/218 227/227 219/219
f 219/219 227/227 228/228
f 219/219 228/228 220/220
f 220/220 228/228 229/229
f 220/220 229/229 221/221
f 221/221 229/229 230/230
f 221/221 230/230 222/222
f 222/222 230/230 231/231
f 222/222 231/231 223/223
f 223/223 231/231 232/232
f 223/223 232/232 224/224
f 224/224 232/232 225/225
f 224/224 225/225 217/217
f 225/225 233/233 234/234
f 225/225 234/234 226/226
f 226/226 234/234 235/235
f 226/226 235/235 227/227
f 227/227 235/235 236/236
f 227/227 236/236 228/228
f 228/228 236/236 237/237
f 228/228 237/237 229/229
f 229/229 237/237 238/238
f 229/229 238/238 230/230
f 230/230 238/238 239/239
f 230/230 239/239 231/231
f 231/231 239/239 240/240
f 231/231 240/240 232/232
f 232/232 240/240 233/233
f 232/232 233/233 225/225
f 233/233 241/241 242/242
f 233/233 242/242 234/234
f 234/234 242/242 243/243
f 234/234 243/243 235/235
f 235/235 243/243 244/244
f 235/235 244/244 236/236
f 236/236 244/244 245/245
f 236/236 245/245 237/237
f 237/237 245/245 246/246
f 237/237 246/246 238/238
f 238/238 246/246 247/247
f 238/238 247/247 239/239
f 239/239 247/247 248/248
f 239/239 248/248 240/240
f 240/240 248/248 241/241
f 240/240 241/241 233/233
f 241/241 249/249 250/250
f 241/241 250/250 242/242
f 242/242 250/250 251/251
f 242/242 251/251 243/243
f 243/243 251/251 252/252
f 243/243 252/252 244/244
f 244/244 252/252 253/253
f 244/244 253/253 245/245
f 245/245 253/253 254/254
f 245/245 254/254 246/246
f 246/246 254/254 255/255
f 246/246 255/255 247/247
f 247/247 255/255 256/256
f 247/247 256/256 248/248
f 248/248 256/256 249/249
f 248/248 249/249 241/241
f 249/249 257/257 258/258
f 249/249 258/258 250/250
f 250/250 258/258 259/259
f 250/250 259/259 251/251
f 251/251 259/259 260/260
f 251/251 260/260 252/252
f 252/252 260/260 261/261
f 252/252 261/261 253/253
f 253/253 261/261 262/262
f 253/253 262/262 254/254
f 254/254 262/262 263/263
f 254/254 263/263 255/255
f 255/255 263/263 264/264
f 255/255 264/264 256/256
f 256/256 264/264 257/257
f 256/256 257/257 249/249
f 257/257 265/265 266/266
f 257/257 266/266 258/258
f 258/258 266/266 267/267
f 258/258 267/267 259/259
f 259/259 267/267 268/268
f 259/259 268/268 260/260
f 260/260 268/268 269/269
f 260/260 269/269 261/261
f 261/261 269/269 270/270
f 261/261 270/270 262/262
f 262/262 270/270 271/271
f 262/262 271/271 263/263
f 263/263 271/271 272/272
f 263/263 272/272 264/264
f 264/264 272/272 265/265
f 264/264 265/265 257/257
f 265/265 273/273 274/274
f 265/265 274/274 266/266
f 266/266 274/274 275/275
f 266/266 275/275 267/267
f 267/267 275/275 276/276
f 267/267 276/276 268/268
f 268/268 276/276 277/277
f 268/268 277/277 269/269
f 269/269 277/277 278/278
f 269/269 278/278 270/270
f 270/270 278/278 279/279
f 270/270 279/279 271/271
f 271/271 279/279 280/280
f 271/271 280/280 272/272
f 272/272 280/280 273/273
f 272/272 273/273 265/265
f 273/273 281/281 282/282
f 273/273 282/282 274/274
f 274/274 282/282 283/283
f 274/274 283/283 275/275
f 275/275 283/283 284/284
f 275/275 284/284 276/276
f 276/276 284/284 285/285
f 276/276 285/285 277/277
f 277/277 285/285 286/286
f 277/277 286/286 278/278
f 278/278 286/286 287/287
f 278/278 287/287 279/279
f 279/279 287/287 288/288
f 279/279 288/288 280/280
f 280/280 288/288 281/281
f 280/280 281/281 273/273
f 281/281 289/289 290/290
f 281/281 290/290 282/282
f 282/282 290/290 291/291
f 282/282 291/291 283/283
f 283/283 291/291 292/292
f 283/283 292/292 284/284
f 284/284 292/292 293/293
f 284/284 293/293 285/285
f 285/285 293/293 294/294
f 285/285 294/294 286/286
f 286/286 294/294 295/295
f 286/286 295/295 287/287
f 287/287 295/295 296/296
f 287/287 296/296 288/288
f 288/288 296/296 289/289
f 288/288 289/289 281/281
f 289/289 297/297 298/298
f 289/289 298/298 290/290
f 290/290 298/298 299/299
f 290/290 299/299 291/291
f 291/291 299/299 300/300
f 291/291 300/300 292/292
f 292/292 300/300 301/301
f 292/292 301/301 293/293
f 293/293 301/301 302/302
f 293/293 302/302 294/294
f 294/294 302/302 303/303
f 294/294 303/303 295/295
f 295/295 303/303 304/304
f 295/295 304/304 296/296
f 296/296 304/304 297/297
f 296/296 297/297 289/289
f 297/297 305/305 306/306
f 297/297 306/306 298/298
f 298/298 306/306 307/307
f 298/298 307/307 299/299
f 299/299 307/307 308/308
f 299/299 308/308 300/300
f 300/300 308/308 309/309
f 300/300 309/309 301/301
f 301/301 309/309 310/310
f 301/301 310/310 302/302
f 302/302 310/310 311/311
f 302/302 311/311 303/303
f 303/303 311/311 312/312
f 303/303 312/312 304/304
f 304/304 312/312 305/305
f 304/304 305/305 297/297
f 305/305 313/313 314/314
f 305/305 314/314 306/306
f 306/306 314/314 315/315
f 306/306 315/315 307/307
f 307/307 315/315 316/316
f 307/307 316/316 308/308
f 308/308 316/316 317/317
f 308/308 317/317 309/309
f 309/309 317/317 318/318
f 309/309 318/318 310/310
f 310/310 318/318 319/319
f 310/310 319/319 311/311
f 311/311 319/319 320/320
f 311/311 320/320 312/312
f 312/312 320/320 313/313
f 312/312 313/313 305/305
f 313/313 321/321 322/322
f 313/313 322/322 314/314
f 314/314 322/322 323/323
f 314/314 323/323 315/315
f 315/315 323/323 324/324
f 315/315 324/324 316/316
f 316/316 324/324 325/325
f 316/316 325/325 317/317
f 317/317 325/325 326/326
f 317/317 326/326 318/318
f 318/318 326/326 327/327
f 318/318 327/327 319/319
f 319/319 327/327 328/328
f 319/319 328/328 320/320
f 320/320 328/328 321/321
f 320/320 321/321 313/313
f 321/321 329/329 330/330
f 321/321 330/330 322/322
f 322/322 330/330 331/331
f 322/322 331/331 323/323
f 323/323 331/331 332/332
f 323/323 332/332 324/324
f 324/324 332/332 333/333
f 324/324 333/333 325/325
f 325/325 333/333 334/334
f 325/325 334/334 326/326
f 326/326 334/334 335/335
f 326/326 335/335 327/327
f 327/327 335/335 336/336
f 327/327 336/336 328/328
f 328/328 336/336 329/329
f 328/328 329/329 321/321
f 329/329 337/337 338/338
f 329/329 338/338 330/330
f 330/330 338/338 339/339
f 330/330 339/339 331/331
f 331/331 339/339 340/340
f 331/331 340/340 332/332
f 332/332 340/340 341/341
f 332/332 341/341 333/333
f 333/333 341/341 342/342
f 333/333 342/342 334/334
f 334/334 342/342 343/343
f 334/334 343/343 335/335
f 335/335 343/343 344/344
f 335/335 344/344 336/336
f 336/336 344/344 337/337
f 336/336 337/337 329/329
f 337/337 345/345 346/346
f 337/337 346/346 338/338
f 338/338 346/346 347/347
f 338/338 347/347 339/339
f 339/339 347/347 348/348
f 339/339 348/348 340/340
f 340/340 348/348 349/349
f 340/340 349/349 341/341
f 341/341 349/349 350/350
f 341/341 350/350 342/342
f 342/342 350/350 351/351
f 342/342 351/351 343/343
f 343/343 351/351 352/352
f 343/343 352/352 344/344
f 344/344 352/352 345/345
f 344/344 345/345 337/337
f 345/345 353/353 354/354
f 345/345 354/354 346/346
f 346/346 354/354 355/355
f 346/346 355/355 347/347
f 347/347 355/355 356/356
f 347/347 356/356 348/348
f 348/348 356/356 357/357
f 348/348 357/357 349/349
f 349/349 357/357 358/358
f 349/349 358/358 350/350
f 350/350 358/358 359/359
f 350/350 359/359 351/351
f 351/351 359/359 360/360
f 351/351 360/360 352/352
f 352/352 360/360 353/353
f 352/352 353/353 345/345
f 353/353 361/361 362/362
f 353/353 362/362 354/354
f 354/354 362/362 363/363
f 354/354 363/363 355/355
f 355/355 363/363 364/364
f 355/355 364/364 356/356
f 356/356 364/364 365/365
f 356/356 365/365 357/357
f 357/357 365/365 366/366
f 357/357 366/366 358/358
f 358/358 366/366 367/367
f 358/358 367/367 359/359
f 359/359 367/367 368/368
f 359/359 368/368 360/360
f 360/360 368/368 361/361
f 360/360 361/361 353/353
f 361/361 369/369 370/370
f 361/361 370/370 362/362
f 362/362 370/370 371/371
f 362/362 371/371 363/363
f 363/363 371/371 372/372
f 363/363 372/372 364/364
f 364/364 372/372 373/373
f 364/364 373/373 365/365
f 365/365 373/373 374/374
f 365/365 374/374 366/366
f 366/366 374/374 375/375
f 366/366 375/375 367/367
f 367/367 375/375 376/376
f 367/367 376/376 368/368
f 368/368 376/376 369/369
f 368/368 369/369 361/361
f 369/369 377/377 378/378
f 369/369 378/378 370/370
f 370/370 378/378 379/379
f 370/370 379/379 371/371
f 371/371 379/379 380/380
f 371/371 380/380 372/372
f 372/372 380/380 381/381
f 372/372 381/381 373/373
f 373/373 381/381 382/382
f 373/373 382/382 374/374
f 374/374 382/382 383/383
f 374/374 383/383 375/375
f 375/375 383/383 384/384
f 375/375 384/384 376/376
f 376/376 384/384 377/377
f 376/376 377/377 369/369
f 377/377 385/385 386/386
f 377/377 386/386 378/378
f 378/378 386/386 387/387
f 378/378 387/387 379/379
f 379/379 387/387 388/388
f 379/379 388/388 380/380
f 380/380 388/388 389/389
f 380/380 389/389 381/381
f 381/381 389/389 390/390
f 381/381 390/390 382/382
f 382/382 390/390 391/391
f 382/382 391/391 383/383
f 383/383 391/391 392/392
f 383/383 392/392 384/384
f 384/384 392/392 385/385
f 384/384 385/385 377/377
f 385/385 393/393 394/394
f 385/385 394/394 386/386
f 386/386 394/394 395/395
f 386/386 395/395 387/387
f 387/387 395/395 396/396
f 387/387 396/396 388/388
f 388/388 396/396 397/397
f 388/388 397/397 389/389
f 389/389 397/397 398/398
f 389/389 398/398 390/390
f 390/390 398/398 399/399
f 390/390 399/399 391/391
f 391/391 399/399 400/400
f 391/391 400/400 392/392
f 392/392 400/400 393/393
f 392/392 393/393 385/385
f 393/393 401/401 402/402
f 393/393 402/402 394/394
f 394/394 402/402 403/403
f 394/394 403/403 395/395
f 395/395 403/403 404/404
f 395/395 404/404 396/396
f 396/396 404/404 405/405
f 396/396 405/405 397/397
f 397/397 405/405 406/406
f 397/397 406/406 398/398
f 398/398 406/406 407/407
f 398/398 407/407 399/399
f 399/399 407/407 408/408
f 399/399 408/408 400/400
f 400/400 408/408 401/401
f 400/400 401/401 393/393
f 401/401 409/409 410/410
f 401/401 410/410 402/402
f 402/402 410/410 411/411
f 402/402 411/411 403/403
f 403/403 411/411 412/412
f 403/403 412/412 404/404
f 404/404 412/412 413/413
f 404/404 413/413 405/405
f 405/405 413/413 414/414
f 405/405 414/414 406/406
f 406/406 414/414 415/415
f 406/406 415/415 407/407
f 407/407 415/415 416/416
f 407/407 416/416 408/408
f 408/408 416/416 409/409
f 408/408 409/409 401/401
f 409/409 417/417 418/418
f 409/409 418/418 410/410
f 410/410 418/418 419/419
f 410/410 419/419 411/411
f 411/411 419/419 420/420
f 411/411 420/420 412/412
f 412/412 420/420 421/421
f 412/412 421/421 413/413
f 413/413 421/421 422/422
f 413/413 422/422 414/414
f 414/414 422/422 423/423
f 414/414 423/423 415/415
f 415/415 423/423 424/424
f 415/415 424/424 416/416
f 416/416 424/424 417/417
f 416/416 417/417 409/409
f 417/417 425/425 426/426
f 417/417 426/426 418/418
f 418/418 426/426 427/427
f 418/418 427/427 419/419
f 419/419 427/427 428/428
f 419/419 428/428 420/420
f 420/420 428/428 429/429
f 420/420 429/429 421/421
f 421/421 429/429 430/430
f 421/421 430/430 422/422
f 422/422 430/430 431/431
f 422/422 431/431 423/423
f 423/423 431/431 432/432
f 423/423 432/432 424/424
f 424/424 432/432 425/425
f 424/424 425/425 417/417
f 425/425 433/433 434/434
f 425/425 434/434 426/426
f 426/426 434/434 435/435
f 426/426 435/435 427/427
f 427/427 435/435 436/436
f 427/427 436/436 428/428
f 428/428 436/436 437/437
f 428/428 437/437 429/429
f 429/429 437/437 438/438
f 429/429 438/438 430/430
f 430/430 438/438 439/439
f 430/430 439/439 431/431
f 431/431 439/439 440/440
f 431/431 440/440 432/432
f 432/432 440/440 433/433
f 432/432 433/433 425/425
f 433/433 441/441 442/442
f 433/433 442/442 434/434
f 434/434 442/442 443/443
f 434/434 443/443 435/435
f 435/435 443/443 444/444
f 435/435 444/444 436/436
f 436/436 444/444 445/445
f 436/436 445/445 437/437
f 437/437 445/445 446/446
f 437/437 446/446 438/438
f 438/438 446/446 447/447
f 438/438 447/447 439/439
f 439/439 447/447 448/448
f 439/439 448/448 440/440
f 440/440 448/448 441/441
f 440/440 441/441 433/433
f 441/441 449/449 450/450
f 441/441 450/450 442/442
f 442/442 450/450 451/451
f 442/442 451/451 443/443
f 443/443 451/451 452/452
f 443/443 452/452 444/444
f 444/444 452/452 453/453
f 444/444 453/453 445/445
f 445/445 453/453 454/454
f 445/445 454/454 446/446
f 446/446 454/454 455/455
f 446/446 455/455 447/447
f 447/447 455/455 456/456
f 447/447 456/456 448/448
f 448/448 456/456 449/449
f 448/448 449/449 441/441
f 449/449 457/457 458/458
f 449/449 458/458 450/450
f 450/450 458/458 459/459
f 450/450 459/459 451/451
f 451/451 459/459 460/460
f 451/451 460/460 452/452
f 452/452 460/460 461/461
f 452/452 461/461 453/453
f 453/453 461/461 462/462
f 453/453 462/462 454/454
f 454/454 462/462 463/463
f 454/454 463/463 455/455
f 455/455 463/463 464/464
f 455/455 464/464 456/456
f 456/456 464/464 457/457
f 456/456 457/457 449/449
f 457/457 465/465 466/466
f 457/457 466/466 458/458
f 458/458 466/466 467/467
f 458/458 467/467 459/459
f 459/459 467/467 468/468
f 459/459 468/468 460/460
f 460/460 468/468 469/469
f 460/460 469/469 461/461
f 461/461 469/469 470/470
f 461/461 470/470 462/462
f 462/462 470/470 471/471
f 462/462 471/471 463/463
f 463/463 471/471 472/472
f 463/463 472/472 464/464
f 464/464 472/472 465/465
f 464/464 465/465 457/457
f 465/465 473/473 474/474
f 465/465 474/474 466/466
f 466/466 474/474 475/475
f 466/466 475/475 467/467
f 467/467 475/475 476/476
f 467/467 476/476 468/468
f 468/468 476/476 477/477
f 468/468 477/477 469/469
f 469/469 477/477 478/478
f 469/469 478/478 470/470
f 470/470 478/478 479/479
f 470/470 479/479 471/471
f 471/471 479/479 480/480
f 471/471 480/480 472/472
f 472/472 480/480 473/473
f 472/472 473/473 465/465
f 473/473 481/481 482/482
f 473/473 482/482 474/474
f 474/474 482/482 483/483
f 474/474 483/483 475/475
f 475/475 483/483 484/484
f 475/475 484/484 476/476
f 476/476 484/484 485/485
f 476/476 485/485 477/477
f 477/477 485/485 486/486
f 477/477 486/486 478/478
f 478/478 486/486 487/487
f 478/478 487/487 479/479
f 479/479 487/487 488/488
f 479/479 488/488 480/480
f 480/480 488/488 481/481
f 480/480 481/481 473/473
f 481/481 489/489 490/490
f 481/481 490/490 482/482
f 482/482 490/490 491/491
f 482/482 491/491 483/483
f 483/483 491/491 492/492
f 483/483 492/492 484/484
f 484/484 492/492 493/493
f 484/484 493/493 485/485
f 485/485 493/493 494/494
f 485/485 494/494 486/486
f 486/486 494/494 495/495
f 486/486 495/495 487/487
f 487/487 495/495 496/496
f 487/487 496/496 488/488
f 488/488 496/496 489/489
f 488/488 489/489 481/481
f 489/489 497/497 498/498
f 489/489 498/498 490/490
f 490/490 498/498 499/499
f 490/490 499/499 491/491
f 491/491 499/499 500/500
f 491/491 500/500 492/492
f 492/492 500/500 501/501
f 492/492 501/501 493/493
f 493/493 501/501 502/502
f 493/493 502/502 494/494
f 494/494 502/502 503/503
f 494/494 503/503 495/495
f 495/495 503/503 504/504
f 495/495 504/504 496/496
f 496/496 504/504 497/497
f 496/496 497/497 489/489
f 497/497 505/505 506/506
f 497/497 506/506 498/498
f 498/498 506/506 507/507
f 498/498 507/507 499/499
f 499/499 507/507 508/508
f 499/499 508/508 500/500
f 500/500 508/508 509/509
f 500/500 509/509 501/501
f 501/501 509/509 510/510
f 501/501 510/510 502/502
f 502/502 510/510 511/511
f 502/502 511/511 503/503
f 503/503 511/511 512/512
f 503/503 512/512 504/504
f 504/504 512/512 505/505
f 504/504 505/505 497/497
f 505/505 513/513 514/514
f 505/505 514/514 506/506
f 506/506 514/514 515/515
f 506/506 515/515 507/507
f 507/507 515/515 516/516
f 507/507 516/516 508/508
f 508/508 516/516 517/517
f 508/508 517/517 509/509
f 509/509 517/517 518/518
f 509/509 518/518 510/510
f 510/510 518/518 519/519
f 510/510 519/519 511/511
f 511/511 519/519 520/520
f 511/511 520/520 512/512
f 512/512 520/520 513/513
f 512/512 513/513 505/505
f 513/513 521/521 522/522
f 513/513 522/522 514/514
f 514/514 522/522 523/523
f 514/514 523/523 515/515
f 515/515 523/523 524/524
f 515/515 524/524 516/516
f 516/516 524/524 525/525
f 516/516 525/525 517/517
f 517/517 525/525 526/526
f 517/517 526/526 518/518
f 518/518 526/526 527/527
f 518/518 527/527 519/519
f 519/519 527/527 528/528
f 519/519 528/528 520/520
f 520/520 528/528 521/521
f 520/520 521/521 513/513
f 521/521 529/529 530/530
f 521/521 530/530 522/522
f 522/522 530/530 531/531
f 522/522 531/531 523/523
f 523/523 531/531 532/532
f 523/523 532/532 524/524
f 524/524 532/532 533/533
f 524/524 533/533 525/525
f 525/525 533/533 534/534
f 525/525 534/534 526/526
f 526/526 534/534 535/535
f 526/526 535/535 527/527
f 527/527 535/535 536/536
f 527/527 536/536 528/528
f 528/528 536/536 529/529
f 528/528 529/529 521/521
f 529/529 537/537 538/538
f 529/529 538/538 530/530
f 530/530 538/538 539/539
f 530/530 539/539 531/531
f 531/531 539/539 540/540
f 531/531 540/540 532/532
f 532/532 540/540 541/541
f 532/532 541/541 533/533
f 533/533 541/541 542/542
f 533/533 542/542 534/534
f 534/534 542/542 543/543
f 534/534 543/543 535/535
f 535/535 543/543 544/544
f 535/535 544/544 536/536
f 536/536 544/544 537/537
f 536/536 537/537 529/529
f 537/537 545/545 546/546
f 537/537 546/546 538/538
f 538/538 546/546 547/547
f 538/538 547/547 539/539
f 539/539 547/547 548/548
f 539/539 548/548 540/540
f 540/540 548/548 549/549
f 540/540 549/549 541/541
f 541/541 549/549 550/550
f 541/541 550/550 542/542
f 542/542 550/550 551/551
f 542/542 551/551 543/543
f 543/543 551/551 552/552
f 543/543 552/552 544/544
f 544/544 552/552 545/545
f 544/544 545/545 537/537
f 545/545 553/553 554/554
f 545/545 554/554 546/546
f 546/546 554/554 555/555
f 546/546 555/555 547/547
f 547/547 555/555 556/556
f 547/547 556/556 548/548
f 548/548 556/556 557/557
f 548/548 557/557 549/549
f 549/549 557/557 558/558
f 549/549 558/558 550/550
f 550/550 558/558 559/559
f 550/550 559/559 551/551
f 551/551 559/559 560/560
f 551/551 560/560 552/552
f 552/552 560/560 553/553
f 552/552 553/553 545/545
f 553/553 561/561 562/562
f 553/553 562/562 554/554
f 554/554 562/562 563/563
f 554/554 563/563 555/555
f 555/555 563/563 564/564
f 555/555 564/564 556/556
f 556/556 564/564 565/565
f 556/556 565/565 557/557
f 557/557 565/565 566/566
f 557/557 566/566 558/558
f 558/558 566/566 567/567
f 558/558 567/567 559/559
f 559/559 567/567 568/568
f 559/559 568/568 560/560
f 560/560 568/568 561/561
f 560/560 561/561 553/553
f 561/561 569/569 570/570
f 561/561 570/570 562/562
f 562/562 570/570 571/571
f 562/562 571/571 563/563
f 563/563 571/571 572/572
f 563/563 572/572 564/564
f 564/564 572/572 573/573
f 564/564 573/573 565/565
f 565/565 573/573 574/574
f 565/565 574/574 566/566
f 566/566 574/574 575/575
f 566/566 575/575 567/567
f 567/567 575/575 576/576
f 567/567 576/576 568/568
f 568/568 576/576 569/569
f 568/568 569/569 561/561
f 569/569 577/577 578/578
f 569/569 578/578 570/570
f 570/570 578/578 579/579
f 570/570 579/579 571/571
f 571/571 579/579 580/580
f 571/571 580/580 572/572
f 572/572 580/580 581/581
f 572/572 581/581 573/573
f 573/573 581/581 582/582
f 573/573 582/582 574/574
f 574/574 582/582 583/583
f 574/574 583/583 575/575
f 575/575 583/583 584/584
f 575/575 584/584 576/576
f 576/576 584/584 577/577
f 576/576 577/577 569/569
f 577/577 585/585 586/586
f 577/577 586/586 578/578
f 578/578 586/586 587/587
f 578/578 587/587 579/579
f 579/579 587/587 588/588
f 579/579 588/588 580/580
f 580/580 588/588 589/589
f 580/580 589/589 581/581
f 581/581 589/589 590/590
f 581/581 590/590 582/582
f 582/582 590/590 591/591
f 582/582 591/591 583/583
f 583/583 591/591 592/592
f 583/583 592/592 584/584
f 584/584 592/592 585/585
f 584/584 585/585 577/577
f 585/585 593/593 594/594
f 585/585 594/594 586/586
f 586/586 594/594 595/595
f 586/586 595/595 587/587
f 587/587 595/595 596/596
f 587/587 596/596 588/588
f 588/588 596/596 597/597
f 588/588 597/597 589/589
f 589/589 597/597 598/598
f 589/589 598/598 590/590
f 590/590 598/598 599/599
f 590/590 599/599 591/591
f 591/591 599/599 600/600
f 591/591 600/600 592/592
f 592/592 600/600 593/593
f 592/592 593/593 585/585
f 593/593 601/601 602/602
f 593/593 602/602 594/594
f 594/594 602/602 603/603
f 594/594 603/603 595/595
f 595/595 603/603 604/604
f 595/595 604/604 596/596
f 596/596 604/604 605/605
f 596/596 605/605 597/597
f 597/597 605/605 606/606
f 597/597 606/606 598/598
f 598/598 606/606 607/607
f 598/598 607/607 599/599
f 599/599 607/607 608/608
f 599/599 608/608 600/600
f 600/600 608/608 601/601
f 600/600 601/601 593/593
f 601/601 609/609 610/610
f 601/601 610/610 602/602
f 602/602 610/610 611/611
f 602/602 611/611 603/603
f 603/603 611/611 612/612
f 603/603 612/612 604/604
f 604/604 612/612 613/613
f 604/604 613/613 605/605
f 605/605 613/613 614/614
f 605/605 614/614 606/606
f 606/606 614/614 615/615
f 606/606 615/615 607/607
f 607/607 615/615 616/616
f 607/607 616/616 608/608
f 608/608 616/616 609/609
f 608/608 609/609 601/601
f 609/609 617/617 618/618
f 609/609 618/618 610/610
f 610/610 618/618 619/619
f 610/610 619/619 611/611
f 611/611 619/619 620/620
f 611/611 620/620 612/612
f 612/612 620/620 621/621
f 612/612 621/621 613/613
f 613/613 621/621 622/622
f 613/613 622/622 614/614
f 614/614 622/622 623/623
f 614/614 623/623 615/615
f 615/615 623/623 624/624
f 615/615 624/624 616/616
f 616/616 624/624 617/617
f 616/616 617/617 609/609
f 617/617 625/625 626/626
f 617/617 626/626 618/618
f 618/618 626/626 627/627
f 618/618 627/627 619/619
f 619/619 627/627 628/628
f 619/619 628/628 620/620
f 620/620 628/628 629/629
f 620/620 629/629 621/621
f 621/621 629/629 630/630
f 621/621 630/630 622/622
f 622/622 630/630 631/631
f 622/622 631/631 623/623
f 623/623 631/631 632/632
f 623/623 632/632 624/624
f 624/624 632/632 625/625
f 624/624 625/625 617/617
f 625/625 633/633 634/634
f 625/625 634/634 626/626
f 626/626 634/634 635/635
f 626/626 635/635 627/627
f 627/627 635/635 636/636
f 627/627 636/636 628/628
f 628/628 636/636 637/637
f 628/628 637/637 629/629
f 629/629 637/637 638/638
f 629/629 638/638 630/630
f 630/630 638/638 639/639
f 630/630 639/639 631/631
f 631/631 639/639 640/640
f 631/631 640/640 632/632
f 632/632 640/640 633/633
f 632/632 633/633 625/625
f 633/633 129/129 130/130
f 633/633 130/130 634/634
f 634/634 130/130 131/131
f 634/634 131/131 635/635
f 635/635 131/131 132/132
f 635/635 132/132 636/636
f 636/636 132/132 133/133
f 636/636 133/133 637/637
f 637/637 133/133 134/134
f 637/637 134/134 638/638
f 638/638 134/134 135/135
f 638/638 135/135 639/639
f 639/639 135/135 136/136
f 639/639 136/136 640/640
f 640/640 136/136 129/129
f 640/640 129/129 633/633
f 641/641 643/643 644/644
f 641/641 644/644 642/642
f 643/643 645/645 646/646
f 643/643 646/646 644/644
f 645/645 647/647 648/648
f 645/645 648/648 646/646
f 647/647 649/649 650/650
f 647/647 650/650 648/648
f 649/649 651/651 652/652
f 649/649 652/652 650/650
f 651/651 653/653 654/654
f 651/651 654/654 652/652
f 653/653 655/655 656/656
f 653/653 656/656 654/654
f 655/655 657/657 658/658
f 655/655 658/658 656/656
f 657/657 659/659 660/660
f 657/657 660/660 658/658
f 659/659 661/661 662/662
f 659/659 662/662 660/660
f 661/661 663/663 664/664
f 661/661 664/664 662/662
f 663/663 665/665 666/666
f 663/663 666/666 664/664
f 665/665 667/667 668/668
f 665/665 668/668 666/666
f 667/667 669/669 670/670
f 667/667 670/670 668/668
f 669/669 671/671 672/672
f 669/669 672/672 670/670
f 671/671 673/673 674/674
f 671/671 674/674 672/672
f 673/673 675/675 676/676
f 673/673 676/676 674/674
f 675/675 677/677 678/678
f 675/675 678/678 676/676
f 677/677 679/679 680/680
f 677/677 680/680 678/678
f 679/679 681/681 682/682
f 679/679 682/682 680/680
f 681/681 683/683 684/684
f 681/681 684/684 682/682
f 683/683 685/685 686/686
f 683/683 686/686 684/684
f 685/685 687/687 688/688
f 685/685 688/688 686/686
f 687/687 689/689 690/690
f 687/687 690/690 688/688
f 689/689 691/691 692/692
f 689/689 692/692 690/690
f 691/691 693/693 694/694
f 691/691 694/694 692/692
f 693/693 695/695 696/696
f 693/693 696/696 694/694
f 695/695 697/697 698/698
f 695/695 698/698 696/696
f 697/697 699/699 700/700
f 697/697 700/700 698/698
f 699/699 701/701 702/702
f 699/699 702/702 700/700
f 701/701 703/703 704/704
f 701/701 704/704 702/702
f 703/703 705/705 706/706
f 703/703 706/706 704/704
f 705/705 707/707 708/708
f 705/705 708/708 706/706
f 707/707 709/709 710/710
f 707/707 710/710 708/708
f 709/709 711/711 712/712
f 709/709 712/712 710/710
f 711/711 713/713 714/714
f 711/711 714/714 712/712
f 713/713 715/715 716/716
f 713/713 716/716 714/714
f 715/715 717/717 718/718
f 715/715 718/718 716/716
f 717/717 719/719 720/720
f 717/717 720/720 718/718
f 719/719 721/721 722/722
f 719/719 722/722 720/720
f 721/721 723/723 724/724
f 721/721 724/724 722/722
f 723/723 725/725 726/726
f 723/723 726/726 724/724
f 725/725 727/727 728/728
f 725/725 728/728 726/726
f 727/727 729/729 730/730
f 727/727 730/730 728/728
f 729/729 731/731 732/732
f 729/729 732/732 730/730
f 731/731 733/733 734/734
f 731/731 734/734 732/732
f 733/733 735/735 736/736
f 733/733 736/736 734/734
f 735/735 737/737 738/738
f 735/735 738/738 736/736
f 737/737 739/739 740/740
f 737/737 740/740 738/738
f 739/739 741/741 742/742
f 739/739 742/742 740/740
f 741/741 743/743 744/744
f 741/741 744/744 742/742
f 743/743 745/745 746/746
f 743/743 746/746 744/744
f 745/745 747/747 748/748
f 745/745 748/748 746/746
f 747/747 749/749 750/750
f 747/747 750/750 748/748
f 749/749 751/751 752/752
f 749/749 752/752 750/750
f 751/751 753/753 754/754
f 751/751 754/754 752/752
f 753/753 755/755 756/756
f 753/753 756/756 754/754
f 755/755 757/757 758/758
f 755/755 758/758 756/756
f 757/757 759/759 760/760
f 757/757 760/760 758/758
f 759/759 761/761 762/762
f 759/759 762/762 760/760
f 761/761 763/763 764/764
f 761/761 764/764 762/762
f 763/763 765/765 766/766
f 763/763 766/766 764/764
f 765/765 767/767 768/768
f 765/765 768/768 766/766
f 767/767 641/641 642/642
f 767/767 642/642 768/768
f 767/767 765/765 763/763 761/761 759/759 757/757 755/755 753/753 751/751 749/749 747/747 745/745 743/743 741/741 739/739 737/737 735/735 733/733 731/731 729/729 727/727 725/725 723/723 721/721 719/719 717/717 715/715 713/713 711/711 709/709 707/707 705/705 703/703 701/701 699/699 697/697 695/695 693/693 691/691 689/689 687/687 685/685 683/683 681/681 679/679 677/677 675/675 673/673 671/671 669/669 667/667 665/665 663/663 661/661 659/659 657/657 655/655 653/653 651/651 649/649 647/647 645/645 643/643 641/641
f 642/642 644/644 646/646 648/648 650/650 652/652 654/654 656/656 658/658 660/660 662/662 664/664 666/666 668/668 670/670 672/672 674/674 676/676 678/678 680/680 682/682 684/684 686/686 688/688 690/690 692/692 694/694 696/696 698/698 700/700 702/702 704/704 706/706 708/708 710/710 712/712 714/714 716/716 718/718 720/720 722/722 724/724 726/726 728/728 730/730 732/732 734/734 736/736 738/738 740/740 742/742 744/744 746/746 748/748 750/750 752/752 754/754 756/756 758/758 760/760 762/762 764/764 766/766 768/768
f 769/769 771/771 772/772
f 769/769 772/772 770/770
f 771/771 773/773 774/774
f 771/771 774/774 772/772
f 773/773 775/775 776/776
f 773/773 776/776 774/774
f 775/775 777/777 778/778
f 775/775 778/778 776/776
f 777/777 779/779 780/780
f 777/777 780/780 778/778
f 779/779 781/781 782/782
f 779/779 782/782 780/780
f 781/781 783/783 784/784
f 781/781 784/784 782/782
f 783/783 785/785 786/786
f 783/783 786/786 784/784
f 785/785 787/787 788/788
f 785/785 788/788 786/786
f 787/787 789/789 790/790
f 787/787 790/790 788/788
f 789/789 791/791 792/792
f 789/789 792/792 790/790
f 791/791 793/793 794/794
f 791/791 794/794 792/792
f 793/793 795/795 796/796
f 793/793 796/796 794/794
f 795/795 797/797 798/798
f 795/795 798/798 796/796
f 797/797 799/799 800/800
f 797/797 800/800 798/798
f 799/799 801/801 802/802
f 799/799 802/802 800/800
f 801/801 803/803 804/804
f 801/801 804/804 802/802
f 803/803 805/805 806/806
f 803/803 806/806 804/804
f 805/805 807/807 808/808
f 805/805 808/808 806/806
f 807/807 809/809 810/810
f 807/807 810/810 808/808
f 809/809 811/811 812/812
f 809/809 812/812 810/810
f 811/811 813/813 814/814
f 811/811 814/814 812/812
f 813/813 815/815 816/816
f 813/813 816/816 814/814
f 815/815 817/817 818/818
f 815/815 818/818 816/816
f 817/817 819/819 820/820
f 817/817 820/820 818/818
f 819/819 821/821 822/822
f 819/819 822/822 820/820
f 821/821 823/823 824/824
f 821/821 824/824 822/822
f 823/823 825/825 826/826
f 823/823 826/826 824/824
f 825/825 827/827 828/828
f 825/825 828/828 826/826
f 827/827 829/829 830/830
f 827/827 830/830 828/828
f 829/829 831/831 832/832
f 829/829 832/832 830/830
f 831/831 833/833 834/834
f 831/831 834/834 832/832
f 833/833 835/835 836/836
f 833/833 836/836 834/834
f 835/835 837/837 838/838
f 835/835 838/838 836/836
f 837/837 839/839 840/840
f 837/837 840/840 838/838
f 839/839 841/841 842/842
f 839/839 842/842 840/840
f 841/841 843/843 844/844
f 841/841 844/844 842/842
f 843/843 845/845 846/846
f 843/843 846/846 844/844
f 845/845 847/847 848/848
f 845/845 848/848 846/846
f 847/847 849/849 850/850
f 847/847 850/850 848/848
f 849/849 851/851 852/852
f 849/849 852/852 850/850
f 851/851 853/853 854/854
f 851/851 854/854 852/852
f 853/853 855/855 856/856
f 853/853 856/856 854/854
f 855/855 857/857 858/858
f 855/855 858/858 856/856
f 857/857 859/859 860/860
f 857/857 860/860 858/858
f 859/859 861/861 862/862
f 859/859 862/862 860/860
f 861/861 863/863 864/864
f 861/861 864/864 862/862
f 863/863 865/865 866/866
f 863/863 866/866 864/864
f 865/865 867/867 868/868
f 865/865 868/868 866/866
f 867/867 869/869 870/870
f 867/867 870/870 868/868
f 869/869 871/871 872/872
f 869/869 872/872 870/870
f 871/871 873/873 874/874
f 871/871 874/874 872/872
f 873/873 875/875 876/876
f 873/873 876/876 874/874
f 875/875 877/877 878/878
f 875/875 878/878 876/876
f 877/877 879/879 880/880
f 877/877 880/880 878/878
f 879/879 881/881 882/882
f 879/879 882/882 880/880
f 881/881 883/883 884/884
f 881/881 884/884 882/882
f 883/883 885/885 886/886
f 883/883 886/886 884/884
f 885/885 887/887 888/888
f 885/885 888/888 886/886
f 887/887 889/889 890/890
f 887/887 890/890 888/888
f 889/889 891/891 892/892
f 889/889 892/892 890/890
f 891/891 893/893 894/894
f 891/891 894/894 892/892
f 893/893 895/895 896/896
f 893/893 896/896 894/894
f 895/895 769/769 770/770
f 895/895 770/770 896/896
f 895/895 893/893 891/891 889/889 887/887 885/885 883/883 881/881 879/879 877/877 875/875 873/873 871/871 869/869 867/867 865/865 863/863 861/861 859/859 857/857 855/855 853/853 851/851 849/849 847/847 845/845 843/843 841/841 839/839 837/837 835/835 833/833 831/831 829/829 827/827 825/825 823/823 821/821 819/819 817/817 815/815 813/813 811/811 809/809 807/807 805/805 803/803 801/801 799/799 797/797 795/795 793/793 791/791 789/789 787/787 785/785 783/783 781/781 779/779 777/777 775/775 773/773 771/771 769/769
f 770/770 772/772 774/774 776/776 778/778 780/780 782/782 784/784 786/786 788/788 790/790 792/792 794/794 796/796 798/798 800/800 802/802 804/804 806/806 808/808 810/810 812/812 814/814 816/816 818/818 820/820 822/822 824/824 826/826 828/828 830/830 832/832 834/834 836/836 838/838 840/840 842/842 844/844 846/846 848/848 850/850 852/852 854/854 856/856 858/858 860/860 862/862 864/864 866/866 868/868 870/870 872/872 874/874 876/876 878/878 880/880 882/882 884/884 886/886 888/888 890/890 892/892 894/894 896/896
f 897/897 899/899 900/900
f 897/897 900/900 898/898
f 899/899 901/901 902/902
f 899/899 902/902 900/900
f 901/901 903/903 904/904
f 901/901 904/904 902/902
f 903/903 905/905 906/906
f 903/903 906/906 904/904
f 905/905 907/907 908/908
f 905/905 908/908 906/906
f 907/907 909/909 910/910
f 907/907 910/910 908/908
f 909/909 911/911 912/912
f 909/909 912/912 910/910
f 911/911 913/913 914/914
f 911/911 914/914 912/912
f 913/913 915/915 916/916
f 913/913 916/916 914/914
f 915/915 917/917 918/918
f 915/915 918/918 916/916
f 917/917 919/919 920/920
f 917/917 920/920 918/918
f 919/919 921/921 922/922
f 919/919 922/922 920/920
f 921/921 923/923 924/924
f 921/921 924/924 922/922
f 923/923 925/925 926/926
f 923/923 926/926 924/924
f 925/925 927/927 928/928
f 925/925 928/928 926/926
f 927/927 929/929 930/930
f 927/927 930/930 928/928
f 929/929 931/931 932/932
f 929/929 932/932 930/930
f 931/931 933/933 934/934
f 931/931 934/934 932/932
f 933/933 935/935 936/936
f 933/933 936/936 934/934
f 935/935 937/937 938/938
f 935/935 938/938 936/936
f 937/937 939/939 940/940
f 937/937 940/940 938/938
f 939/939 941/941 942/942
f 939/939 942/942 940/940
f 941/941 943/943 944/944
f 941/941 944/944 942/942
f 943/943 945/945 946/946
f 943/943 946/946 944/944
f 945/945 947/947 948/948
f 945/945 948/948 946/946
f 947/947 949/949 950/950
f 947/947 950/950 948/948
f 949/949 951/951 952/952
f 949/949 952/952 950/950
f 951/951 953/953 954/954
f 951/951 954/954 952/952
f 953/953 955/955 956/956
f 953/953 956/956 954/954
f 955/955 957/957 958/958
f 955/955 958/958 956/956
f 957/957 959/959 960/960
f 957/957 960/960 958/958
f 959/959 961/961 962/962
f 959/959 962/962 960/960
f 961/961 963/963 964/964
f 961/961 964/964 962/962
f 963/963 965/965 966/966
f 963/963 966/966 964/964
f 965/965 967/967 968/968
f 965/965 968/968 966/966
f 967/967 969/969 970/970
f 967/967 970/970 968/968
f 969/969 971/971 972/972
f 969/969 972/972 970/970
f 971/971 973/973 974/974
f 971/971 974/974 972/972
f 973/973 975/975 976/976
f 973/973 976/976 974/974
f 975/975 977/977 978/978
f 975/975 978/978 976/976
f 977/977 979/979 980/980
f 977/977 980/980 978/978
f 979/979 981/981 982/982
f 979/979 982/982 980/980
f 981/981 983/983 984/984
f 981/981 984/984 982/982
f 983/983 985/985 986/986
f 983/983 986/986 984/984
f 985/985 987/987 988/988
f 985/985 988/988 986/986
f 987/987 989/989 990/990
f 987/987 990/990 988/988
f 989/989 991/991 992/992
f 989/989 992/992 990/990
f 991/991 993/993 994/994
f 991/991 994/994 992/992
f 993/993 995/995 996/996
f 993/993 996/996 994/994
f 995/995 997/997 998/998
f 995/995 998/998 996/996
f 997/997 999/999 1000/1000
f 997/997 1000/1000 998/998
f 999/999 1001/1001 1002/1002
f 999/999 1002/1002 1000/1000
f 1001/1001 1003/1003 1004/1004
f 1001/1001 1004/1004 1002/1002
f 1003/1003 1005/1005 1006/1006
f 1003/1003 1006/1006 1004/1004
f 1005/1005 1007/1007 1008/1008
f 1005/1005 1008/1008 1006/1006
f 1007/1007 1009/1009 1010/1010
f 1007/1007 1010/1010 1008/1008
f 1009/1009 1011/1011 1012/1012
f 1009/1009 1012/1012 1010/1010
f 1011/1011 1013/1013 1014/1014
f 1011/1011 1014/1014 1012/1012
f 1013/1013 1015/1015 1016/1016
f 1013/1013 1016/1016 1014/1014
f 1015/1015 1017/1017 1018/1018
f 1015/1015 1018/1018 1016/1016
f 1017/1017 1019/1019 1020/1020
f 1017/1017 1020/1020 1018/1018
f 1019/1019 1021/1021 1022/1022
f 1019/1019 1022/1022 1020/1020
f 1021/1021 1023/1023 1024/1024
f 1021/1021 1024/1024 1022/1022
f 1023/1023 897/897 898/898
f 1023/1023 898/898 1024/1024
f 1023/1023 1021/1021 1019/1019 1017/1017 1015/1015 1013/1013 1011/1011 1009/1009 1007/1007 1005/1005 1003/1003 1001/1001 999/999 997/997 995/995 993/993 991/991 989/989 987/987 985/985 983/983 981/981 979/979 977/977 975/975 973/973 971/971 969/969 967/967 965/965 963/963 961/961 959/959 957/957 955/955 953/953 951/951 949/949 947/947 945/945 943/943 941/941 939/939 937/937 935/935 933/933 931/931 929/929 927/927 925/925 923/923 921/921 919/919 917/917 915/915 913/913 911/911 909/909 907/907 905/905 903/903 901/901 899/899 897/897
f 898/898 900/900 902/902 904/904 906/906 908/908 910/910 912/912 914/914 916/916 918/918 920/920 922/922 924/924 926/926 928/928 930/930 932/932 934/934 936/936 938/938 940/940 942/942 944/944 946/946 948/948 950/950 952/952 954/954 956/956 958/958 960/960 962/962 964/964 966/966 968/968 970/970 972/972 974/974 976/976 978/978 980/980 982/982 984/984 986/986 988/988 990/990 992/992 994/994 996/996 998/998 1000/1000 1002/1002 1004/1004 1006/1006 1008/1008 1010/1010 1012/1012 1014/1014 1016/1016 1018/1018 1020/1020 1022/1022 1024/1024
f 1025/1025 1027/1027 1028/1028
f 1025/1025 1028/1028 1026/1026
f 1027/1027 1029/1029 1030/1030
f 1027/1027 1030/1030 1028/1028
f 1029/1029 1031/1031 1032/1032
f 1029/1029 1032/1032 1030/1030
f 1031/1031 1033/1033 1034/1034
f 1031/1031 1034/1034 1032/1032
f 1033/1033 1035/1035 1036/1036
f 1033/1033 1036/1036 1034/1034
f 1035/1035 1037/1037 1038/1038
f 1035/1035 1038/1038 1036/1036
f 1037/1037 1039/1039 1040/1040
f 1037/1037 1040/1040 1038/1038
f 1039/1039 1025/1025 1026/1026
f 1039/1039 1026/1026 1040/1040
f 1039/1039 1037/1037 1035/1035 1033/1033 1031/1031 1029/1029 1027/1027 1025/1025
f 1026/1026 1028/1028 1030/1030 1032/1032 1034/1034 1036/1036 1038/1038 1040/1040
f 1041/1041 1042/1042 1043/1043
f 1041/1041 1043/1043 1044/1044
f 1045/1045 1046/1046 1047/1047
f 1045/1045 1047/1047 1048/1048
f 1049/1049 1050/1050 1051/1051
f 1049/1049 1051/1051 1052/1052
f 1053/1053 1054/1054 1055/1055
f 1053/1053 1055/1055 1056/1056
f 1057/1057 1058/1058 1059/1059
f 1057/1057 1059/1059 1060/1060
f 1061/1061 1062/1062 1063/1063
f 1061/1061 1063/1063 1064/1064
usemtl WarmBrass
f 1065/1065 1067/1067 1068/1068
f 1065/1065 1068/1068 1066/1066
f 1067/1067 1069/1069 1070/1070
f 1067/1067 1070/1070 1068/1068
f 1069/1069 1071/1071 1072/1072
f 1069/1069 1072/1072 1070/1070
f 1071/1071 1073/1073 1074/1074
f 1071/1071 1074/1074 1072/1072
f 1073/1073 1075/1075 1076/1076
f 1073/1073 1076/1076 1074/1074
f 1075/1075 1077/1077 1078/1078
f 1075/1075 1078/1078 1076/1076
f 1077/1077 1079/1079 1080/1080
f 1077/1077 1080/1080 1078/1078
f 1079/1079 1081/1081 1082/1082
f 1079/1079 1082/1082 1080/1080
f 1081/1081 1083/1083 1084/1084
f 1081/1081 1084/1084 1082/1082
f 1083/1083 1065/1065 1066/1066
f 1083/1083 1066/1066 1084/1084
f 1083/1083 1081/1081 1079/1079 1077/1077 1075/1075 1073/1073 1071/1071 1069/1069 1067/1067 1065/1065
f 1066/1066 1068/1068 1070/1070 1072/1072 1074/1074 1076/1076 1078/1078 1080/1080 1082/1082 1084/1084
usemtl DarkIron
f 1085/1085 1087/1087 1088/1088
f 1085/1085 1088/1088 1086/1086
f 1087/1087 1089/1089 1090/1090
f 1087/1087 1090/1090 1088/1088
f 1089/1089 1091/1091 1092/1092
f 1089/1089 1092/1092 1090/1090
f 1091/1091 1093/1093 1094/1094
f 1091/1091 1094/1094 1092/1092
f 1093/1093 1095/1095 1096/1096
f 1093/1093 1096/1096 1094/1094
f 1095/1095 1097/1097 1098/1098
f 1095/1095 1098/1098 1096/1096
f 1097/1097 1099/1099 1100/1100
f 1097/1097 1100/1100 1098/1098
f 1099/1099 1085/1085 1086/1086
f 1099/1099 1086/1086 1100/1100
f 1099/1099 1097/1097 1095/1095 1093/1093 1091/1091 1089/1089 1087/1087 1085/1085
f 1086/1086 1088/1088 1090/1090 1092/1092 1094/1094 1096/1096 1098/1098 1100/1100
f 1101/1101 1103/1103 1104/1104
f 1101/1101 1104/1104 1102/1102
f 1103/1103 1105/1105 1106/1106
f 1103/1103 1106/1106 1104/1104
f 1105/1105 1107/1107 1108/1108
f 1105/1105 1108/1108 1106/1106
f 1107/1107 1109/1109 1110/1110
f 1107/1107 1110/1110 1108/1108
f 1109/1109 1111/1111 1112/1112
f 1109/1109 1112/1112 1110/1110
f 1111/1111 1113/1113 1114/1114
f 1111/1111 1114/1114 1112/1112
f 1113/1113 1115/1115 1116/1116
f 1113/1113 1116/1116 1114/1114
f 1115/1115 1101/1101 1102/1102
f 1115/1115 1102/1102 1116/1116
f 1115/1115 1113/1113 1111/1111 1109/1109 1107/1107 1105/1105 1103/1103 1101/1101
f 1102/1102 1104/1104 1106/1106 1108/1108 1110/1110 1112/1112 1114/1114 1116/1116
f 1117/1117 1119/1119 1120/1120
f 1117/1117 1120/1120 1118/1118
f 1119/1119 1121/1121 1122/1122
f 1119/1119 1122/1122 1120/1120
f 1121/1121 1123/1123 1124/1124
f 1121/1121 1124/1124 1122/1122
f 1123/1123 1125/1125 1126/1126
f 1123/1123 1126/1126 1124/1124
f 1125/1125 1127/1127 1128/1128
f 1125/1125 1128/1128 1126/1126
f 1127/1127 1129/1129 1130/1130
f 1127/1127 1130/1130 1128/1128
f 1129/1129 1131/1131 1132/1132
f 1129/1129 1132/1132 1130/1130
f 1131/1131 1117/1117 1118/1118
f 1131/1131 1118/1118 1132/1132
f 1131/1131 1129/1129 1127/1127 1125/1125 1123/1123 1121/1121 1119/1119 1117/1117
f 1118/1118 1120/1120 1122/1122 1124/1124 1126/1126 1128/1128 1130/1130 1132/1132
f 1133/1133 1135/1135 1136/1136
f 1133/1133 1136/1136 1134/1134
f 1135/1135 1137/1137 1138/1138
f 1135/1135 1138/1138 1136/1136
f 1137/1137 1139/1139 1140/1140
f 1137/1137 1140/1140 1138/1138
f 1139/1139 1141/1141 1142/1142
f 1139/1139 1142/1142 1140/1140
f 1141/1141 1143/1143 1144/1144
f 1141/1141 1144/1144 1142/1142
f 1143/1143 1145/1145 1146/1146
f 1143/1143 1146/1146 1144/1144
f 1145/1145 1147/1147 1148/1148
f 1145/1145 1148/1148 1146/1146
f 1147/1147 1133/1133 1134/1134
f 1147/1147 1134/1134 1148/1148
f 1147/1147 1145/1145 1143/1143 1141/1141 1139/1139 1137/1137 1135/1135 1133/1133
f 1134/1134 1136/1136 1138/1138 1140/1140 1142/1142 1144/1144 1146/1146 1148/1148
f 1149/1149 1150/1150 1151/1151
f 1149/1149 1151/1151 1152/1152
f 1153/1153 1154/1154 1155/1155
f 1153/1153 1155/1155 1156/1156
f 1157/1157 1158/1158 1159/1159
f 1157/1157 1159/1159 1160/1160
f 1161/1161 1162/1162 1163/1163
f 1161/1161 1163/1163 1164/1164
f 1165/1165 1166/1166 1167/1167
f 1165/1165 1167/1167 1168/1168
f 1169/1169 1170/1170 1171/1171
f 1169/1169 1171/1171 1172/1172
usemtl WarmBrass
f 1173/1173 1175/1175 1176/1176
f 1173/1173 1176/1176 1174/1174
f 1175/1175 1177/1177 1178/1178
f 1175/1175 1178/1178 1176/1176
f 1177/1177 1179/1179 1180/1180
f 1177/1177 1180/1180 1178/1178
f 1179/1179 1181/1181 1182/1182
f 1179/1179 1182/1182 1180/1180
f 1181/1181 1183/1183 1184/1184
f 1181/1181 1184/1184 1182/1182
f 1183/1183 1185/1185 1186/1186
f 1183/1183 1186/1186 1184/1184
f 1185/1185 1187/1187 1188/1188
f 1185/1185 1188/1188 1186/1186
f 1187/1187 1189/1189 1190/1190
f 1187/1187 1190/1190 1188/1188
f 1189/1189 1191/1191 1192/1192
f 1189/1189 1192/1192 1190/1190
f 1191/1191 1173/1173 1174/1174
f 1191/1191 1174/1174 1192/1192
f 1191/1191 1189/1189 1187/1187 1185/1185 1183/1183 1181/1181 1179/1179 1177/1177 1175/1175 1173/1173
f 1174/1174 1176/1176 1178/1178 1180/1180 1182/1182 1184/1184 1186/1186 1188/1188 1190/1190 1192/1192
usemtl DarkIron
f 1193/1193 1195/1195 1196/1196
f 1193/1193 1196/1196 1194/1194
f 1195/1195 1197/1197 1198/1198
f 1195/1195 1198/1198 1196/1196
f 1197/1197 1199/1199 1200/1200
f 1197/1197 1200/1200 1198/1198
f 1199/1199 1201/1201 1202/1202
f 1199/1199 1202/1202 1200/1200
f 1201/1201 1203/1203 1204/1204
f 1201/1201 1204/1204 1202/1202
f 1203/1203 1205/1205 1206/1206
f 1203/1203 1206/1206 1204/1204
f 1205/1205 1207/1207 1208/1208
f 1205/1205 1208/1208 1206/1206
f 1207/1207 1193/1193 1194/1194
f 1207/1207 1194/1194 1208/1208
f 1207/1207 1205/1205 1203/1203 1201/1201 1199/1199 1197/1197 1195/1195 1193/1193
f 1194/1194 1196/1196 1198/1198 1200/1200 1202/1202 1204/1204 1206/1206 1208/1208
f 1209/1209 1211/1211 1212/1212
f 1209/1209 1212/1212 1210/1210
f 1211/1211 1213/1213 1214/1214
f 1211/1211 1214/1214 1212/1212
f 1213/1213 1215/1215 1216/1216
f 1213/1213 1216/1216 1214/1214
f 1215/1215 1217/1217 1218/1218
f 1215/1215 1218/1218 1216/1216
f 1217/1217 1219/1219 1220/1220
f 1217/1217 1220/1220 1218/1218
f 1219/1219 1221/1221 1222/1222
f 1219/1219 1222/1222 1220/1220
f 1221/1221 1223/1223 1224/1224
f 1221/1221 1224/1224 1222/1222
f 1223/1223 1209/1209 1210/1210
f 1223/1223 1210/1210 1224/1224
f 1223/1223 1221/1221 1219/1219 1217/1217 1215/1215 1213/1213 1211/1211 1209/1209
f 1210/1210 1212/1212 1214/1214 1216/1216 1218/1218 1220/1220 1222/1222 1224/1224
f 1225/1225 1227/1227 1228/1228
f 1225/1225 1228/1228 1226/1226
f 1227/1227 1229/1229 1230/1230
f 1227/1227 1230/1230 1228/1228
f 1229/1229 1231/1231 1232/1232
f 1229/1229 1232/1232 1230/1230
f 1231/1231 1233/1233 1234/1234
f 1231/1231 1234/1234 1232/1232
f 1233/1233 1235/1235 1236/1236
f 1233/1233 1236/1236 1234/1234
f 1235/1235 1237/1237 1238/1238
f 1235/1235 1238/1238 1236/1236
f 1237/1237 1239/1239 1240/1240
f 1237/1237 1240/1240 1238/1238
f 1239/1239 1225/1225 1226/1226
f 1239/1239 1226/1226 1240/1240
f 1239/1239 1237/1237 1235/1235 1233/1233 1231/1231 1229/1229 1227/1227 1225/1225
f 1226/1226 1228/1228 1230/1230 1232/1232 1234/1234 1236/1236 1238/1238 1240/1240
f 1241/1241 1243/1243 1244/1244
f 1241/1241 1244/1244 1242/1242
f 1243/1243 1245/1245 1246/1246
f 1243/1243 1246/1246 1244/1244
f 1245/1245 1247/1247 1248/1248
f 1245/1245 1248/1248 1246/1246
f 1247/1247 1249/1249 1250/1250
f 1247/1247 1250/1250 1248/1248
f 1249/1249 1251/1251 1252/1252
f 1249/1249 1252/1252 1250/1250
f 1251/1251 1253/1253 1254/1254
f 1251/1251 1254/1254 1252/1252
f 1253/1253 1255/1255 1256/1256
f 1253/1253 1256/1256 1254/1254
f 1255/1255 1241/1241 1242/1242
f 1255/1255 1242/1242 1256/1256
f 1255/1255 1253/1253 1251/1251 1249/1249 1247/1247 1245/1245 1243/1243 1241/1241
f 1242/1242 1244/1244 1246/1246 1248/1248 1250/1250 1252/1252 1254/1254 1256/1256
f 1257/1257 1258/1258 1259/1259
f 1257/1257 1259/1259 1260/1260
f 1261/1261 1262/1262 1263/1263
f 1261/1261 1263/1263 1264/1264
f 1265/1265 1266/1266 1267/1267
f 1265/1265 1267/1267 1268/1268
f 1269/1269 1270/1270 1271/1271
f 1269/1269 1271/1271 1272/1272
f 1273/1273 1274/1274 1275/1275
f 1273/1273 1275/1275 1276/1276
f 1277/1277 1278/1278 1279/1279
f 1277/1277 1279/1279 1280/1280
usemtl WarmBrass
f 1281/1281 1283/1283 1284/1284
f 1281/1281 1284/1284 1282/1282
f 1283/1283 1285/1285 1286/1286
f 1283/1283 1286/1286 1284/1284
f 1285/1285 1287/1287 1288/1288
f 1285/1285 1288/1288 1286/1286
f 1287/1287 1289/1289 1290/1290
f 1287/1287 1290/1290 1288/1288
f 1289/1289 1291/1291 1292/1292
f 1289/1289 1292/1292 1290/1290
f 1291/1291 1293/1293 1294/1294
f 1291/1291 1294/1294 1292/1292
f 1293/1293 1295/1295 1296/1296
f 1293/1293 1296/1296 1294/1294
f 1295/1295 1297/1297 1298/1298
f 1295/1295 1298/1298 1296/1296
f 1297/1297 1299/1299 1300/1300
f 1297/1297 1300/1300 1298/1298
f 1299/1299 1281/1281 1282/1282
f 1299/1299 1282/1282 1300/1300
f 1299/1299 1297/1297 1295/1295 1293/1293 1291/1291 1289/1289 1287/1287 1285/1285 1283/1283 1281/1281
f 1282/1282 1284/1284 1286/1286 1288/1288 1290/1290 1292/1292 1294/1294 1296/1296 1298/1298 1300/1300
usemtl DarkIron
f 1301/1301 1303/1303 1304/1304
f 1301/1301 1304/1304 1302/1302
f 1303/1303 1305/1305 1306/1306
f 1303/1303 1306/1306 1304/1304
f 1305/1305 1307/1307 1308/1308
f 1305/1305 1308/1308 1306/1306
f 1307/1307 1309/1309 1310/1310
f 1307/1307 1310/1310 1308/1308
f 1309/1309 1311/1311 1312/1312
f 1309/1309 1312/1312 1310/1310
f 1311/1311 1313/1313 1314/1314
f 1311/1311 1314/1314 1312/1312
f 1313/1313 1315/1315 1316/1316
f 1313/1313 1316/1316 1314/1314
f 1315/1315 1301/1301 1302/1302
f 1315/1315 1302/1302 1316/1316
f 1315/1315 1313/1313 1311/1311 1309/1309 1307/1307 1305/1305 1303/1303 1301/1301
f 1302/1302 1304/1304 1306/1306 1308/1308 1310/1310 1312/1312 1314/1314 1316/1316
f 1317/1317 1319/1319 1320/1320
f 1317/1317 1320/1320 1318/1318
f 1319/1319 1321/1321 1322/1322
f 1319/1319 1322/1322 1320/1320
f 1321/1321 1323/1323 1324/1324
f 1321/1321 1324/1324 1322/1322
f 1323/1323 1325/1325 1326/1326
f 1323/1323 1326/1326 1324/1324
f 1325/1325 1327/1327 1328/1328
f 1325/1325 1328/1328 1326/1326
f 1327/1327 1329/1329 1330/1330
f 1327/1327 1330/1330 1328/1328
f 1329/1329 1331/1331 1332/1332
f 1329/1329 1332/1332 1330/1330
f 1331/1331 1317/1317 1318/1318
f 1331/1331 1318/1318 1332/1332
f 1331/1331 1329/1329 1327/1327 1325/1325 1323/1323 1321/1321 1319/1319 1317/1317
f 1318/1318 1320/1320 1322/1322 1324/1324 1326/1326 1328/1328 1330/1330 1332/1332
f 1333/1333 1335/1335 1336/1336
f 1333/1333 1336/1336 1334/1334
f 1335/1335 1337/1337 1338/1338
f 1335/1335 1338/1338 1336/1336
f 1337/1337 1339/1339 1340/1340
f 1337/1337 1340/1340 1338/1338
f 1339/1339 1341/1341 1342/1342
f 1339/1339 1342/1342 1340/1340
f 1341/1341 1343/1343 1344/1344
f 1341/1341 1344/1344 1342/1342
f 1343/1343 1345/1345 1346/1346
f 1343/1343 1346/1346 1344/1344
f 1345/1345 1347/1347 1348/1348
f 1345/1345 1348/1348 1346/1346
f 1347/1347 1333/1333 1334/1334
f 1347/1347 1334/1334 1348/1348
f 1347/1347 1345/1345 1343/1343 1341/1341 1339/1339 1337/1337 1335/1335 1333/1333
f 1334/1334 1336/1336 1338/1338 1340/1340 1342/1342 1344/1344 1346/1346 1348/1348
f 1349/1349 1351/1351 1352/1352
f 1349/1349 1352/1352 1350/1350
f 1351/1351 1353/1353 1354/1354
f 1351/1351 1354/1354 1352/1352
f 1353/1353 1355/1355 1356/1356
f 1353/1353 1356/1356 1354/1354
f 1355/1355 1357/1357 1358/1358
f 1355/1355 1358/1358 1356/1356
f 1357/1357 1359/1359 1360/1360
f 1357/1357 1360/1360 1358/1358
f 1359/1359 1361/1361 1362/1362
f 1359/1359 1362/1362 1360/1360
f 1361/1361 1363/1363 1364/1364
f 1361/1361 1364/1364 1362/1362
f 1363/1363 1349/1349 1350/1350
f 1363/1363 1350/1350 1364/1364
f 1363/1363 1361/1361 1359/1359 1357/1357 1355/1355 1353/1353 1351/1351 1349/1349
f 1350/1350 1352/1352 1354/1354 1356/1356 1358/1358 1360/1360 1362/1362 1364/1364
f 1365/1365 1366/1366 1367/1367
f 1365/1365 1367/1367 1368/1368
f 1369/1369 1370/1370 1371/1371
f 1369/1369 1371/1371 1372/1372
f 1373/1373 1374/1374 1375/1375
f 1373/1373 1375/1375 1376/1376
f 1377/1377 1378/1378 1379/1379
f 1377/1377 1379/1379 1380/1380
f 1381/1381 1382/1382 1383/1383
f 1381/1381 1383/1383 1384/1384
f 1385/1385 1386/1386 1387/1387
f 1385/1385 1387/1387 1388/1388
usemtl WarmBrass
f 1389/1389 1391/1391 1392/1392
f 1389/1389 1392/1392 1390/1390
f 1391/1391 1393/1393 1394/1394
f 1391/1391 1394/1394 1392/1392
f 1393/1393 1395/1395 1396/1396
f 1393/1393 1396/1396 1394/1394
f 1395/1395 1397/1397 1398/1398
f 1395/1395 1398/1398 1396/1396
f 1397/1397 1399/1399 1400/1400
f 1397/1397 1400/1400 1398/1398
f 1399/1399 1401/1401 1402/1402
f 1399/1399 1402/1402 1400/1400
f 1401/1401 1403/1403 1404/1404
f 1401/1401 1404/1404 1402/1402
f 1403/1403 1405/1405 1406/1406
f 1403/1403 1406/1406 1404/1404
f 1405/1405 1407/1407 1408/1408
f 1405/1405 1408/1408 1406/1406
f 1407/1407 1389/1389 1390/1390
f 1407/1407 1390/1390 1408/1408
f 1407/1407 1405/1405 1403/1403 1401/1401 1399/1399 1397/1397 1395/1395 1393/1393 1391/1391 1389/1389
f 1390/1390 1392/1392 1394/1394 1396/1396 1398/1398 1400/1400 1402/1402 1404/1404 1406/1406 1408/1408
usemtl DarkIron
f 1409/1409 1411/1411 1412/1412
f 1409/1409 1412/1412 1410/1410
f 1411/1411 1413/1413 1414/1414
f 1411/1411 1414/1414 1412/1412
f 1413/1413 1415/1415 1416/1416
f 1413/1413 1416/1416 1414/1414
f 1415/1415 1417/1417 1418/1418
f 1415/1415 1418/1418 1416/1416
f 1417/1417 1419/1419 1420/1420
f 1417/1417 1420/1420 1418/1418
f 1419/1419 1421/1421 1422/1422
f 1419/1419 1422/1422 1420/1420
f 1421/1421 1423/1423 1424/1424
f 1421/1421 1424/1424 1422/1422
f 1423/1423 1409/1409 1410/1410
f 1423/1423 1410/1410 1424/1424
f 1423/1423 1421/1421 1419/1419 1417/1417 1415/1415 1413/1413 1411/1411 1409/1409
f 1410/1410 1412/1412 1414/1414 1416/1416 1418/1418 1420/1420 1422/1422 1424/1424
f 1425/1425 1427/1427 1428/1428
f 1425/1425 1428/1428 1426/1426
f 1427/1427 1429/1429 1430/1430
f 1427/1427 1430/1430 1428/1428
f 1429/1429 1431/1431 1432/1432
f 1429/1429 1432/1432 1430/1430
f 1431/1431 1433/1433 1434/1434
f 1431/1431 1434/1434 1432/1432
f 1433/1433 1435/1435 1436/1436
f 1433/1433 1436/1436 1434/1434
f 1435/1435 1437/1437 1438/1438
f 1435/1435 1438/1438 1436/1436
f 1437/1437 1439/1439 1440/1440
f 1437/1437 1440/1440 1438/1438
f 1439/1439 1425/1425 1426/1426
f 1439/1439 1426/1426 1440/1440
f 1439/1439 1437/1437 1435/1435 1433/1433 1431/1431 1429/1429 1427/1427 1425/1425
f 1426/1426 1428/1428 1430/1430 1432/1432 1434/1434 1436/1436 1438/1438 1440/1440
f 1441/1441 1443/1443 1444/1444
f 1441/1441 1444/1444 1442/1442
f 1443/1443 1445/1445 1446/1446
f 1443/1443 1446/1446 1444/1444
f 1445/1445 1447/1447 1448/1448
f 1445/1445 1448/1448 1446/1446
f 1447/1447 1449/1449 1450/1450
f 1447/1447 1450/1450 1448/1448
f 1449/1449 1451/1451 1452/1452
f 1449/1449 1452/1452 1450/1450
f 1451/1451 1453/1453 1454/1454
f 1451/1451 1454/1454 1452/1452
f 1453/1453 1455/1455 1456/1456
f 1453/1453 1456/1456 1454/1454
f 1455/1455 1441/1441 1442/1442
f 1455/1455 1442/1442 1456/1456
f 1455/1455 1453/1453 1451/1451 1449/1449 1447/1447 1445/1445 1443/1443 1441/1441
f 1442/1442 1444/1444 1446/1446 1448/1448 1450/1450 1452/1452 1454/1454 1456/1456
f 1457/1457 1459/1459 1460/1460
f 1457/1457 1460/1460 1458/1458
f 1459/1459 1461/1461 1462/1462
f 1459/1459 1462/1462 1460/1460
f 1461/1461 1463/1463 1464/1464
f 1461/1461 1464/1464 1462/1462
f 1463/1463 1465/1465 1466/1466
f 1463/1463 1466/1466 1464/1464
f 1465/1465 1467/1467 1468/1468
f 1465/1465 1468/1468 1466/1466
f 1467/1467 1469/1469 1470/1470
f 1467/1467 1470/1470 1468/1468
f 1469/1469 1471/1471 1472/1472
f 1469/1469 1472/1472 1470/1470
f 1471/1471 1457/1457 1458/1458
f 1471/1471 1458/1458 1472/1472
f 1471/1471 1469/1469 1467/1467 1465/1465 1463/1463 1461/1461 1459/1459 1457/1457
f 1458/1458 1460/1460 1462/1462 1464/1464 1466/1466 1468/1468 1470/1470 1472/1472
f 1473/1473 1474/1474 1475/1475
f 1473/1473 1475/1475 1476/1476
f 1477/1477 1478/1478 1479/1479
f 1477/1477 1479/1479 1480/1480
f 1481/1481 1482/1482 1483/1483
f 1481/1481 1483/1483 1484/1484
f 1485/1485 1486/1486 1487/1487
f 1485/1485 1487/1487 1488/1488
f 1489/1489 1490/1490 1491/1491
f 1489/1489 1491/1491 1492/1492
f 1493/1493 1494/1494 1495/1495
f 1493/1493 1495/1495 1496/1496
usemtl WarmBrass
f 1497/1497 1499/1499 1500/1500
f 1497/1497 1500/1500 1498/1498
f 1499/1499 1501/1501 1502/1502
f 1499/1499 1502/1502 1500/1500
f 1501/1501 1503/1503 1504/1504
f 1501/1501 1504/1504 1502/1502
f 1503/1503 1505/1505 1506/1506
f 1503/1503 1506/1506 1504/1504
f 1505/1505 1507/1507 1508/1508
f 1505/1505 1508/1508 1506/1506
f 1507/1507 1509/1509 1510/1510
f 1507/1507 1510/1510 1508/1508
f 1509/1509 1511/1511 1512/1512
f 1509/1509 1512/1512 1510/1510
f 1511/1511 1513/1513 1514/1514
f 1511/1511 1514/1514 1512/1512
f 1513/1513 1515/1515 1516/1516
f 1513/1513 1516/1516 1514/1514
f 1515/1515 1497/1497 1498/1498
f 1515/1515 1498/1498 1516/1516
f 1515/1515 1513/1513 1511/1511 1509/1509 1507/1507 1505/1505 1503/1503 1501/1501 1499/1499 1497/1497
f 1498/1498 1500/1500 1502/1502 1504/1504 1506/1506 1508/1508 1510/1510 1512/1512 1514/1514 1516/1516
usemtl DarkIron
f 1517/1517 1519/1519 1520/1520
f 1517/1517 1520/1520 1518/1518
f 1519/1519 1521/1521 1522/1522
f 1519/1519 1522/1522 1520/1520
f 1521/1521 1523/1523 1524/1524
f 1521/1521 1524/1524 1522/1522
f 1523/1523 1525/1525 1526/1526
f 1523/1523 1526/1526 1524/1524
f 1525/1525 1527/1527 1528/1528
f 1525/1525 1528/1528 1526/1526
f 1527/1527 1529/1529 1530/1530
f 1527/1527 1530/1530 1528/1528
f 1529/1529 1531/1531 1532/1532
f 1529/1529 1532/1532 1530/1530
f 1531/1531 1517/1517 1518/1518
f 1531/1531 1518/1518 1532/1532
f 1531/1531 1529/1529 1527/1527 1525/1525 1523/1523 1521/1521 1519/1519 1517/1517
f 1518/1518 1520/1520 1522/1522 1524/1524 1526/1526 1528/1528 1530/1530 1532/1532
f 1533/1533 1535/1535 1536/1536
f 1533/1533 1536/1536 1534/1534
f 1535/1535 1537/1537 1538/1538
f 1535/1535 1538/1538 1536/1536
f 1537/1537 1539/1539 1540/1540
f 1537/1537 1540/1540 1538/1538
f 1539/1539 1541/1541 1542/1542
f 1539/1539 1542/1542 1540/1540
f 1541/1541 1543/1543 1544/1544
f 1541/1541 1544/1544 1542/1542
f 1543/1543 1545/1545 1546/1546
f 1543/1543 1546/1546 1544/1544
f 1545/1545 1547/1547 1548/1548
f 1545/1545 1548/1548 1546/1546
f 1547/1547 1533/1533 1534/1534
f 1547/1547 1534/1534 1548/1548
f 1547/1547 1545/1545 1543/1543 1541/1541 1539/1539 1537/1537 1535/1535 1533/1533
f 1534/1534 1536/1536 1538/1538 1540/1540 1542/1542 1544/1544 1546/1546 1548/1548
f 1549/1549 1551/1551 1552/1552
f 1549/1549 1552/1552 1550/1550
f 1551/1551 1553/1553 1554/1554
f 1551/1551 1554/1554 1552/1552
f 1553/1553 1555/1555 1556/1556
f 1553/1553 1556/1556 1554/1554
f 1555/1555 1557/1557 1558/1558
f 1555/1555 1558/1558 1556/1556
f 1557/1557 1559/1559 1560/1560
f 1557/1557 1560/1560 1558/1558
f 1559/1559 1561/1561 1562/1562
f 1559/1559 1562/1562 1560/1560
f 1561/1561 1563/1563 1564/1564
f 1561/1561 1564/1564 1562/1562
f 1563/1563 1549/1549 1550/1550
f 1563/1563 1550/1550 1564/1564
f 1563/1563 1561/1561 1559/1559 1557/1557 1555/1555 1553/1553 1551/1551 1549/1549
f 1550/1550 1552/1552 1554/1554 1556/1556 1558/1558 1560/1560 1562/1562 1564/1564
f 1565/1565 1567/1567 1568/1568
f 1565/1565 1568/1568 1566/1566
f 1567/1567 1569/1569 1570/1570
f 1567/1567 1570/1570 1568/1568
f 1569/1569 1571/1571 1572/1572
f 1569/1569 1572/1572 1570/1570
f 1571/1571 1573/1573 1574/1574
f 1571/1571 1574/1574 1572/1572
f 1573/1573 1575/1575 1576/1576
f 1573/1573 1576/1576 1574/1574
f 1575/1575 1577/1577 1578/1578
f 1575/1575 1578/1578 1576/1576
f 1577/1577 1579/1579 1580/1580
f 1577/1577 1580/1580 1578/1578
f 1579/1579 1565/1565 1566/1566
f 1579/1579 1566/1566 1580/1580
f 1579/1579 1577/1577 1575/1575 1573/1573 1571/1571 1569/1569 1567/1567 1565/1565
f 1566/1566 1568/1568 1570/1570 1572/1572 1574/1574 1576/1576 1578/1578 1580/1580
f 1581/1581 1582/1582 1583/1583
f 1581/1581 1583/1583 1584/1584
f 1585/1585 1586/1586 1587/1587
f 1585/1585 1587/1587 1588/1588
f 1589/1589 1590/1590 1591/1591
f 1589/1589 1591/1591 1592/1592
f 1593/1593 1594/1594 1595/1595
f 1593/1593 1595/1595 1596/1596
f 1597/1597 1598/1598 1599/1599
f 1597/1597 1599/1599 1600/1600
f 1601/1601 1602/1602 1603/1603
f 1601/1601 1603/1603 1604/1604
usemtl WarmBrass
f 1605/1605 1607/1607 1608/1608
f 1605/1605 1608/1608 1606/1606
f 1607/1607 1609/1609 1610/1610
f 1607/1607 1610/1610 1608/1608
f 1609/1609 1611/1611 1612/1612
f 1609/1609 1612/1612 1610/1610
f 1611/1611 1613/1613 1614/1614
f 1611/1611 1614/1614 1612/1612
f 1613/1613 1615/1615 1616/1616
f 1613/1613 1616/1616 1614/1614
f 1615/1615 1617/1617 1618/1618
f 1615/1615 1618/1618 1616/1616
f 1617/1617 1619/1619 1620/1620
f 1617/1617 1620/1620 1618/1618
f 1619/1619 1621/1621 1622/1622
f 1619/1619 1622/1622 1620/1620
f 1621/1621 1623/1623 1624/1624
f 1621/1621 1624/1624 1622/1622
f 1623/1623 1605/1605 1606/1606
f 1623/1623 1606/1606 1624/1624
f 1623/1623 1621/1621 1619/1619 1617/1617 1615/1615 1613/1613 1611/1611 1609/1609 1607/1607 1605/1605
f 1606/1606 1608/1608 1610/1610 1612/1612 1614/1614 1616/1616 1618/1618 1620/1620 1622/1622 1624/1624
usemtl DarkIron
f 1625/1625 1627/1627 1628/1628
f 1625/1625 1628/1628 1626/1626
f 1627/1627 1629/1629 1630/1630
f 1627/1627 1630/1630 1628/1628
f 1629/1629 1631/1631 1632/1632
f 1629/1629 1632/1632 1630/1630
f 1631/1631 1633/1633 1634/1634
f 1631/1631 1634/1634 1632/1632
f 1633/1633 1635/1635 1636/1636
f 1633/1633 1636/1636 1634/1634
f 1635/1635 1637/1637 1638/1638
f 1635/1635 1638/1638 1636/1636
f 1637/1637 1639/1639 1640/1640
f 1637/1637 1640/1640 1638/1638
f 1639/1639 1625/1625 1626/1626
f 1639/1639 1626/1626 1640/1640
f 1639/1639 1637/1637 1635/1635 1633/1633 1631/1631 1629/1629 1627/1627 1625/1625
f 1626/1626 1628/1628 1630/1630 1632/1632 1634/1634 1636/1636 1638/1638 1640/1640
f 1641/1641 1643/1643 1644/1644
f 1641/1641 1644/1644 1642/1642
f 1643/1643 1645/1645 1646/1646
f 1643/1643 1646/1646 1644/1644
f 1645/1645 1647/1647 1648/1648
f 1645/1645 1648/1648 1646/1646
f 1647/1647 1649/1649 1650/1650
f 1647/1647 1650/1650 1648/1648
f 1649/1649 1651/1651 1652/1652
f 1649/1649 1652/1652 1650/1650
f 1651/1651 1653/1653 1654/1654
f 1651/1651 1654/1654 1652/1652
f 1653/1653 1655/1655 1656/1656
f 1653/1653 1656/1656 1654/1654
f 1655/1655 1641/1641 1642/1642
f 1655/1655 1642/1642 1656/1656
f 1655/1655 1653/1653 1651/1651 1649/1649 1647/1647 1645/1645 1643/1643 1641/1641
f 1642/1642 1644/1644 1646/1646 1648/1648 1650/1650 1652/1652 1654/1654 1656/1656
f 1657/1657 1659/1659 1660/1660
f 1657/1657 1660/1660 1658/1658
f 1659/1659 1661/1661 1662/1662
f 1659/1659 1662/1662 1660/1660
f 1661/1661 1663/1663 1664/1664
f 1661/1661 1664/1664 1662/1662
f 1663/1663 1665/1665 1666/1666
f 1663/1663 1666/1666 1664/1664
f 1665/1665 1667/1667 1668/1668
f 1665/1665 1668/1668 1666/1666
f 1667/1667 1669/1669 1670/1670
f 1667/1667 1670/1670 1668/1668
f 1669/1669 1671/1671 1672/1672
f 1669/1669 1672/1672 1670/1670
f 1671/1671 1657/1657 1658/1658
f 1671/1671 1658/1658 1672/1672
f 1671/1671 1669/1669 1667/1667 1665/1665 1663/1663 1661/1661 1659/1659 1657/1657
f 1658/1658 1660/1660 1662/1662 1664/1664 1666/1666 1668/1668 1670/1670 1672/1672
f 1673/1673 1675/1675 1676/1676
f 1673/1673 1676/1676 1674/1674
f 1675/1675 1677/1677 1678/1678
f 1675/1675 1678/1678 1676/1676
f 1677/1677 1679/1679 1680/1680
f 1677/1677 1680/1680 1678/1678
f 1679/1679 1681/1681 1682/1682
f 1679/1679 1682/1682 1680/1680
f 1681/1681 1683/1683 1684/1684
f 1681/1681 1684/1684 1682/1682
f 1683/1683 1685/1685 1686/1686
f 1683/1683 1686/1686 1684/1684
f 1685/1685 1687/1687 1688/1688
f 1685/1685 1688/1688 1686/1686
f 1687/1687 1673/1673 1674/1674
f 1687/1687 1674/1674 1688/1688
f 1687/1687 1685/1685 1683/1683 1681/1681 1679/1679 1677/1677 1675/1675 1673/1673
f 1674/1674 1676/1676 1678/1678 1680/1680 1682/1682 1684/1684 1686/1686 1688/1688
f 1689/1689 1690/1690 1691/1691
f 1689/1689 1691/1691 1692/1692
f 1693/1693 1694/1694 1695/1695
f 1693/1693 1695/1695 1696/1696
f 1697/1697 1698/1698 1699/1699
f 1697/1697 1699/1699 1700/1700
f 1701/1701 1702/1702 1703/1703
f 1701/1701 1703/1703 1704/1704
f 1705/1705 1706/1706 1707/1707
f 1705/1705 1707/1707 1708/1708
f 1709/1709 1710/1710 1711/1711
f 1709/1709 1711/1711 1712/1712
usemtl WarmBrass
f 1713/1713 1715/1715 1716/1716
f 1713/1713 1716/1716 1714/1714
f 1715/1715 1717/1717 1718/1718
f 1715/1715 1718/1718 1716/1716
f 1717/1717 1719/1719 1720/1720
f 1717/1717 1720/1720 1718/1718
f 1719/1719 1721/1721 1722/1722
f 1719/1719 1722/1722 1720/1720
f 1721/1721 1723/1723 1724/1724
f 1721/1721 1724/1724 1722/1722
f 1723/1723 1725/1725 1726/1726
f 1723/1723 1726/1726 1724/1724
f 1725/1725 1727/1727 1728/1728
f 1725/1725 1728/1728 1726/1726
f 1727/1727 1729/1729 1730/1730
f 1727/1727 1730/1730 1728/1728
f 1729/1729 1731/1731 1732/1732
f 1729/1729 1732/1732 1730/1730
f 1731/1731 1713/1713 1714/1714
f 1731/1731 1714/1714 1732/1732
f 1731/1731 1729/1729 1727/1727 1725/1725 1723/1723 1721/1721 1719/1719 1717/1717 1715/1715 1713/1713
f 1714/1714 1716/1716 1718/1718 1720/1720 1722/1722 1724/1724 1726/1726 1728/1728 1730/1730 1732/1732
usemtl DarkIron
f 1733/1733 1735/1735 1736/1736
f 1733/1733 1736/1736 1734/1734
f 1735/1735 1737/1737 1738/1738
f 1735/1735 1738/1738 1736/1736
f 1737/1737 1739/1739 1740/1740
f 1737/1737 1740/1740 1738/1738
f 1739/1739 1741/1741 1742/1742
f 1739/1739 1742/1742 1740/1740
f 1741/1741 1743/1743 1744/1744
f 1741/1741 1744/1744 1742/1742
f 1743/1743 1745/1745 1746/1746
f 1743/1743 1746/1746 1744/1744
f 1745/1745 1747/1747 1748/1748
f 1745/1745 1748/1748 1746/1746
f 1747/1747 1733/1733 1734/1734
f 1747/1747 1734/1734 1748/1748
f 1747/1747 1745/1745 1743/1743 1741/1741 1739/1739 1737/1737 1735/1735 1733/1733
f 1734/1734 1736/1736 1738/1738 1740/1740 1742/1742 1744/1744 1746/1746 1748/1748
f 1749/1749 1751/1751 1752/1752
f 1749/1749 1752/1752 1750/1750
f 1751/1751 1753/1753 1754/1754
f 1751/1751 1754/1754 1752/1752
f 1753/1753 1755/1755 1756/1756
f 1753/1753 1756/1756 1754/1754
f 1755/1755 1757/1757 1758/1758
f 1755/1755 1758/1758 1756/1756
f 1757/1757 1759/1759 1760/1760
f 1757/1757 1760/1760 1758/1758
f 1759/1759 1761/1761 1762/1762
f 1759/1759 1762/1762 1760/1760
f 1761/1761 1763/1763 1764/1764
f 1761/1761 1764/1764 1762/1762
f 1763/1763 1749/1749 1750/1750
f 1763/1763 1750/1750 1764/1764
f 1763/1763 1761/1761 1759/1759 1757/1757 1755/1755 1753/1753 1751/1751 1749/1749
f 1750/1750 1752/1752 1754/1754 1756/1756 1758/1758 1760/1760 1762/1762 1764/1764
f 1765/1765 1767/1767 1768/1768
f 1765/1765 1768/1768 1766/1766
f 1767/1767 1769/1769 1770/1770
f 1767/1767 1770/1770 1768/1768
f 1769/1769 1771/1771 1772/1772
f 1769/1769 1772/1772 1770/1770
f 1771/1771 1773/1773 1774/1774
f 1771/1771 1774/1774 1772/1772
f 1773/1773 1775/1775 1776/1776
f 1773/1773 1776/1776 1774/1774
f 1775/1775 1777/1777 1778/1778
f 1775/1775 1778/1778 1776/1776
f 1777/1777 1779/1779 1780/1780
f 1777/1777 1780/1780 1778/1778
f 1779/1779 1765/1765 1766/1766
f 1779/1779 1766/1766 1780/1780
f 1779/1779 1777/1777 1775/1775 1773/1773 1771/1771 1769/1769 1767/1767 1765/1765
f 1766/1766 1768/1768 1770/1770 1772/1772 1774/1774 1776/1776 1778/1778 1780/1780
f 1781/1781 1783/1783 1784/1784
f 1781/1781 1784/1784 1782/1782
f 1783/1783 1785/1785 1786/1786
f 1783/1783 1786/1786 1784/1784
f 1785/1785 1787/1787 1788/1788
f 1785/1785 1788/1788 1786/1786
f 1787/1787 1789/1789 1790/1790
f 1787/1787 1790/1790 1788/1788
f 1789/1789 1791/1791 1792/1792
f 1789/1789 1792/1792 1790/1790
f 1791/1791 1793/1793 1794/1794
f 1791/1791 1794/1794 1792/1792
f 1793/1793 1795/1795 1796/1796
f 1793/1793 1796/1796 1794/1794
f 1795/1795 1781/1781 1782/1782
f 1795/1795 1782/1782 1796/1796
f 1795/1795 1793/1793 1791/1791 1789/1789 1787/1787 1785/1785 1783/1783 1781/1781
f 1782/1782 1784/1784 1786/1786 1788/1788 1790/1790 1792/1792 1794/1794 1796/1796
f 1797/1797 1798/1798 1799/1799
f 1797/1797 1799/1799 1800/1800
f 1801/1801 1802/1802 1803/1803
f 1801/1801 1803/1803 1804/1804
f 1805/1805 1806/1806 1807/1807
f 1805/1805 1807/1807 1808/1808
f 1809/1809 1810/1810 1811/1811
f 1809/1809 1811/1811 1812/1812
f 1813/1813 1814/1814 1815/1815
f 1813/1813 1815/1815 1816/1816
f 1817/1817 1818/1818 1819/1819
f 1817/1817 1819/1819 1820/1820
usemtl WarmBrass
f 1821/1821 1823/1823 1824/1824
f 1821/1821 1824/1824 1822/1822
f 1823/1823 1825/1825 1826/1826
f 1823/1823 1826/1826 1824/1824
f 1825/1825 1827/1827 1828/1828
f 1825/1825 1828/1828 1826/1826
f 1827/1827 1829/1829 1830/1830
f 1827/1827 1830/1830 1828/1828
f 1829/1829 1831/1831 1832/1832
f 1829/1829 1832/1832 1830/1830
f 1831/1831 1833/1833 1834/1834
f 1831/1831 1834/1834 1832/1832
f 1833/1833 1835/1835 1836/1836
f 1833/1833 1836/1836 1834/1834
f 1835/1835 1837/1837 1838/1838
f 1835/1835 1838/1838 1836/1836
f 1837/1837 1839/1839 1840/1840
f 1837/1837 1840/1840 1838/1838
f 1839/1839 1821/1821 1822/1822
f 1839/1839 1822/1822 1840/1840
f 1839/1839 1837/1837 1835/1835 1833/1833 1831/1831 1829/1829 1827/1827 1825/1825 1823/1823 1821/1821
f 1822/1822 1824/1824 1826/1826 1828/1828 1830/1830 1832/1832 1834/1834 1836/1836 1838/1838 1840/1840
usemtl DarkIron
f 1841/1841 1843/1843 1844/1844
f 1841/1841 1844/1844 1842/1842
f 1843/1843 1845/1845 1846/1846
f 1843/1843 1846/1846 1844/1844
f 1845/1845 1847/1847 1848/1848
f 1845/1845 1848/1848 1846/1846
f 1847/1847 1849/1849 1850/1850
f 1847/1847 1850/1850 1848/1848
f 1849/1849 1851/1851 1852/1852
f 1849/1849 1852/1852 1850/1850
f 1851/1851 1853/1853 1854/1854
f 1851/1851 1854/1854 1852/1852
f 1853/1853 1855/1855 1856/1856
f 1853/1853 1856/1856 1854/1854
f 1855/1855 1841/1841 1842/1842
f 1855/1855 1842/1842 1856/1856
f 1855/1855 1853/1853 1851/1851 1849/1849 1847/1847 1845/1845 1843/1843 1841/1841
f 1842/1842 1844/1844 1846/1846 1848/1848 1850/1850 1852/1852 1854/1854 1856/1856
f 1857/1857 1859/1859 1860/1860
f 1857/1857 1860/1860 1858/1858
f 1859/1859 1861/1861 1862/1862
f 1859/1859 1862/1862 1860/1860
f 1861/1861 1863/1863 1864/1864
f 1861/1861 1864/1864 1862/1862
f 1863/1863 1865/1865 1866/1866
f 1863/1863 1866/1866 1864/1864
f 1865/1865 1867/1867 1868/1868
f 1865/1865 1868/1868 1866/1866
f 1867/1867 1869/1869 1870/1870
f 1867/1867 1870/1870 1868/1868
f 1869/1869 1871/1871 1872/1872
f 1869/1869 1872/1872 1870/1870
f 1871/1871 1857/1857 1858/1858
f 1871/1871 1858/1858 1872/1872
f 1871/1871 1869/1869 1867/1867 1865/1865 1863/1863 1861/1861 1859/1859 1857/1857
f 1858/1858 1860/1860 1862/1862 1864/1864 1866/1866 1868/1868 1870/1870 1872/1872
f 1873/1873 1875/1875 1876/1876
f 1873/1873 1876/1876 1874/1874
f 1875/1875 1877/1877 1878/1878
f 1875/1875 1878/1878 1876/1876
f 1877/1877 1879/1879 1880/1880
f 1877/1877 1880/1880 1878/1878
f 1879/1879 1881/1881 1882/1882
f 1879/1879 1882/1882 1880/1880
f 1881/1881 1883/1883 1884/1884
f 1881/1881 1884/1884 1882/1882
f 1883/1883 1885/1885 1886/1886
f 1883/1883 1886/1886 1884/1884
f 1885/1885 1887/1887 1888/1888
f 1885/1885 1888/1888 1886/1886
f 1887/1887 1873/1873 1874/1874
f 1887/1887 1874/1874 1888/1888
f 1887/1887 1885/1885 1883/1883 1881/1881 1879/1879 1877/1877 1875/1875 1873/1873
f 1874/1874 1876/1876 1878/1878 1880/1880 1882/1882 1884/1884 1886/1886 1888/1888
f 1889/1889 1890/1890 1891/1891
f 1889/1889 1891/1891 1892/1892
f 1893/1893 1894/1894 1895/1895
f 1893/1893 1895/1895 1896/1896
f 1897/1897 1898/1898 1899/1899
f 1897/1897 1899/1899 1900/1900
f 1901/1901 1902/1902 1903/1903
f 1901/1901 1903/1903 1904/1904
f 1905/1905 1906/1906 1907/1907
f 1905/1905 1907/1907 1908/1908
f 1909/1909 1910/1910 1911/1911
f 1909/1909 1911/1911 1912/1912
f 1913/1913 1914/1914 1915/1915
f 1913/1913 1915/1915 1916/1916
f 1917/1917 1918/1918 1919/1919
f 1917/1917 1919/1919 1920/1920
f 1921/1921 1922/1922 1923/1923
f 1921/1921 1923/1923 1924/1924
f 1925/1925 1926/1926 1927/1927
f 1925/1925 1927/1927 1928/1928
f 1929/1929 1930/1930 1931/1931
f 1929/1929 1931/1931 1932/1932
f 1933/1933 1934/1934 1935/1935
f 1933/1933 1935/1935 1936/1936
f 1937/1937 1938/1938 1939/1939
f 1937/1937 1939/1939 1940/1940
f 1941/1941 1942/1942 1943/1943
f 1941/1941 1943/1943 1944/1944
f 1945/1945 1946/1946 1947/1947
f 1945/1945 1947/1947 1948/1948
f 1949/1949 1950/1950 1951/1951
f 1949/1949 1951/1951 1952/1952
f 1953/1953 1954/1954 1955/1955
f 1953/1953 1955/1955 1956/1956
f 1957/1957 1958/1958 1959/1959
f 1957/1957 1959/1959 1960/1960
f 1961/1961 1962/1962 1963/1963
f 1961/1961 1963/1963 1964/1964
f 1965/1965 1966/1966 1967/1967
f 1965/1965 1967/1967 1968/1968
f 1969/1969 1970/1970 1971/1971
f 1969/1969 1971/1971 1972/1972
f 1973/1973 1974/1974 1975/1975
f 1973/1973 1975/1975 1976/1976
f 1977/1977 1978/1978 1979/1979
f 1977/1977 1979/1979 1980/1980
f 1981/1981 1982/1982 1983/1983
f 1981/1981 1983/1983 1984/1984
f 1985/1985 1986/1986 1987/1987
f 1985/1985 1987/1987 1988/1988
f 1989/1989 1990/1990 1991/1991
f 1989/1989 1991/1991 1992/1992
f 1993/1993 1994/1994 1995/1995
f 1993/1993 1995/1995 1996/1996
f 1997/1997 1998/1998 1999/1999
f 1997/1997 1999/1999 2000/2000
f 2001/2001 2002/2002 2003/2003
f 2001/2001 2003/2003 2004/2004
f 2005/2005 2006/2006 2007/2007
f 2005/2005 2007/2007 2008/2008
f 2009/2009 2010/2010 2011/2011
f 2009/2009 2011/2011 2012/2012
f 2013/2013 2014/2014 2015/2015
f 2013/2013 2015/2015 2016/2016
f 2017/2017 2018/2018 2019/2019
f 2017/2017 2019/2019 2020/2020
f 2021/2021 2022/2022 2023/2023
f 2021/2021 2023/2023 2024/2024
f 2025/2025 2026/2026 2027/2027
f 2025/2025 2027/2027 2028/2028
f 2029/2029 2030/2030 2031/2031
f 2029/2029 2031/2031 2032/2032
f 2033/2033 2034/2034 2035/2035
f 2033/2033 2035/2035 2036/2036
f 2037/2037 2038/2038 2039/2039
f 2037/2037 2039/2039 2040/2040
f 2041/2041 2042/2042 2043/2043
f 2041/2041 2043/2043 2044/2044
f 2045/2045 2046/2046 2047/2047
f 2045/2045 2047/2047 2048/2048
f 2049/2049 2050/2050 2051/2051
f 2049/2049 2051/2051 2052/2052
f 2053/2053 2054/2054 2055/2055
f 2053/2053 2055/2055 2056/2056
f 2057/2057 2058/2058 2059/2059
f 2057/2057 2059/2059 2060/2060
f 2061/2061 2062/2062 2063/2063
f 2061/2061 2063/2063 2064/2064
f 2065/2065 2066/2066 2067/2067
f 2065/2065 2067/2067 2068/2068
f 2069/2069 2070/2070 2071/2071
f 2069/2069 2071/2071 2072/2072
f 2073/2073 2074/2074 2075/2075
f 2073/2073 2075/2075 2076/2076
f 2077/2077 2078/2078 2079/2079
f 2077/2077 2079/2079 2080/2080
f 2081/2081 2082/2082 2083/2083
f 2081/2081 2083/2083 2084/2084
f 2085/2085 2086/2086 2087/2087
f 2085/2085 2087/2087 2088/2088
f 2089/2089 2090/2090 2091/2091
f 2089/2089 2091/2091 2092/2092
f 2093/2093 2094/2094 2095/2095
f 2093/2093 2095/2095 2096/2096
f 2097/2097 2098/2098 2099/2099
f 2097/2097 2099/2099 2100/2100
f 2101/2101 2102/2102 2103/2103
f 2101/2101 2103/2103 2104/2104
f 2105/2105 2106/2106 2107/2107
f 2105/2105 2107/2107 2108/2108
f 2109/2109 2110/2110 2111/2111
f 2109/2109 2111/2111 2112/2112
f 2113/2113 2114/2114 2115/2115
f 2113/2113 2115/2115 2116/2116
f 2117/2117 2118/2118 2119/2119
f 2117/2117 2119/2119 2120/2120
f 2121/2121 2122/2122 2123/2123
f 2121/2121 2123/2123 2124/2124
f 2125/2125 2126/2126 2127/2127
f 2125/2125 2127/2127 2128/2128
f 2129/2129 2130/2130 2131/2131
f 2129/2129 2131/2131 2132/2132
f 2133/2133 2134/2134 2135/2135
f 2133/2133 2135/2135 2136/2136
f 2137/2137 2138/2138 2139/2139
f 2137/2137 2139/2139 2140/2140
f 2141/2141 2142/2142 2143/2143
f 2141/2141 2143/2143 2144/2144
f 2145/2145 2146/2146 2147/2147
f 2145/2145 2147/2147 2148/2148
f 2149/2149 2150/2150 2151/2151
f 2149/2149 2151/2151 2152/2152
f 2153/2153 2154/2154 2155/2155
f 2153/2153 2155/2155 2156/2156
f 2157/2157 2158/2158 2159/2159
f 2157/2157 2159/2159 2160/2160
f 2161/2161 2162/2162 2163/2163
f 2161/2161 2163/2163 2164/2164
f 2165/2165 2166/2166 2167/2167
f 2165/2165 2167/2167 2168/2168
f 2169/2169 2170/2170 2171/2171
f 2169/2169 2171/2171 2172/2172
f 2173/2173 2174/2174 2175/2175
f 2173/2173 2175/2175 2176/2176
f 2177/2177 2178/2178 2179/2179
f 2177/2177 2179/2179 2180/2180
f 2181/2181 2182/2182 2183/2183
f 2181/2181 2183/2183 2184/2184
f 2185/2185 2186/2186 2187/2187
f 2185/2185 2187/2187 2188/2188
f 2189/2189 2190/2190 2191/2191
f 2189/2189 2191/2191 2192/2192
f 2193/2193 2194/2194 2195/2195
f 2193/2193 2195/2195 2196/2196
f 2197/2197 2198/2198 2199/2199
f 2197/2197 2199/2199 2200/2200
