mtllib SM_BB_CoastalRock.mtl
o SM_BB_CoastalRock
v -12.0000 -0.0000 -114.7205
v -12.0000 -0.0000 -111.4070
v 3.2430 -2.8460 -109.7144
v 5.9825 -0.0000 -112.9777
v -12.0000 -0.0000 -111.4070
v -12.0000 -0.0000 -106.1562
v 1.5786 -5.2715 -104.5434
v 3.2430 -2.8460 -109.7144
v -12.0000 -0.0000 -106.1562
v -12.0000 -0.0000 -102.0441
v 0.4441 -7.7834 -100.4938
v 1.5786 -5.2715 -104.5434
v -12.0000 -0.0000 -102.0441
v -12.0000 -0.0000 -101.4795
v 0.7248 -11.9153 -99.9378
v 0.4441 -7.7834 -100.4938
v -12.0000 -0.0000 -101.4795
v -12.0000 -0.0000 -104.7930
v -0.3327 -16.3291 -103.2010
v 0.7248 -11.9153 -99.9378
v -12.0000 -0.0000 -104.7930
v -12.0000 -0.0000 -110.0438
v -4.6223 -16.5027 -108.3720
v -0.3327 -16.3291 -103.2010
v -12.0000 -0.0000 -110.0438
v -12.0000 -0.0000 -114.1559
v -8.2000 -17.2781 -112.4216
v -4.6223 -16.5027 -108.3720
v -12.0000 -0.0000 -114.1559
v -12.0000 -0.0000 -114.7205
v -11.8177 -17.3429 -112.9777
v -8.2000 -17.2781 -112.4216
v -12.0000 -0.0000 -114.7205
v -12.0000 -0.0000 -111.4070
v -15.5232 -17.6972 -109.7144
v -11.8177 -17.3429 -112.9777
v -12.0000 -0.0000 -111.4070
v -12.0000 -0.0000 -106.1562
v -18.7135 -15.8155 -104.5434
v -15.5232 -17.6972 -109.7144
v -12.0000 -0.0000 -106.1562
v -12.0000 -0.0000 -102.0441
v -19.5672 -11.0181 -100.4938
v -18.7135 -15.8155 -104.5434
v -12.0000 -0.0000 -102.0441
v -12.0000 -0.0000 -101.4795
v -21.8623 -9.5424 -99.9378
v -19.5672 -11.0181 -100.4938
v -12.0000 -0.0000 -101.4795
v -12.0000 -0.0000 -104.7930
v -24.7258 -8.1937 -103.2010
v -21.8623 -9.5424 -99.9378
v -12.0000 -0.0000 -104.7930
v -12.0000 -0.0000 -110.0438
v -28.4468 -6.5436 -108.3720
v -24.7258 -8.1937 -103.2010
v -12.0000 -0.0000 -110.0438
v -12.0000 -0.0000 -114.1559
v -29.8798 -3.4131 -112.4216
v -28.4468 -6.5436 -108.3720
v -12.0000 -0.0000 -114.1559
v -12.0000 -0.0000 -114.7205
v -28.7471 -0.0000 -112.9777
v -29.8798 -3.4131 -112.4216
v -12.0000 -0.0000 -114.7205
v -12.0000 0.0000 -111.4070
v -30.8193 3.5907 -109.7144
v -28.7471 -0.0000 -112.9777
v -12.0000 0.0000 -111.4070
v -12.0000 0.0000 -106.1562
v -30.5074 7.3545 -104.5434
v -30.8193 3.5907 -109.7144
v -12.0000 0.0000 -106.1562
v -12.0000 0.0000 -102.0441
v -28.4326 10.5466 -100.4938
v -30.5074 7.3545 -104.5434
v -12.0000 0.0000 -102.0441
v -12.0000 0.0000 -101.4795
v -23.8328 11.4143 -99.9378
v -28.4326 10.5466 -100.4938
v -12.0000 0.0000 -101.4795
v -12.0000 0.0000 -104.7930
v -19.6274 11.1037 -103.2010
v -23.8328 11.4143 -99.9378
v -12.0000 0.0000 -104.7930
v -12.0000 0.0000 -110.0438
v -17.9127 13.9790 -108.3720
v -19.6274 11.1037 -103.2010
v -12.0000 0.0000 -110.0438
v -12.0000 0.0000 -114.1559
v -14.9754 15.0811 -112.4216
v -17.9127 13.9790 -108.3720
v -12.0000 0.0000 -114.1559
v -12.0000 0.0000 -114.7205
v -11.8177 15.6503 -112.9777
v -14.9754 15.0811 -112.4216
v -12.0000 0.0000 -114.7205
v -12.0000 0.0000 -111.4070
v -8.7477 14.6620 -109.7144
v -11.8177 15.6503 -112.9777
v -12.0000 0.0000 -111.4070
v -12.0000 0.0000 -106.1562
v -5.4230 14.6662 -104.5434
v -8.7477 14.6620 -109.7144
v -12.0000 0.0000 -106.1562
v -12.0000 0.0000 -102.0441
v -0.2724 16.4147 -100.4938
v -5.4230 14.6662 -104.5434
v -12.0000 0.0000 -102.0441
v -12.0000 0.0000 -101.4795
v 2.6953 13.7873 -99.9378
v -0.2724 16.4147 -100.4938
v -12.0000 0.0000 -101.4795
v -12.0000 0.0000 -104.7930
v 4.1508 10.1363 -103.2010
v 2.6953 13.7873 -99.9378
v -12.0000 0.0000 -104.7930
v -12.0000 0.0000 -110.0438
v 3.6392 6.0823 -108.3720
v 4.1508 10.1363 -103.2010
v -12.0000 0.0000 -110.0438
v -12.0000 0.0000 -114.1559
v 4.1825 3.0235 -112.4216
v 3.6392 6.0823 -108.3720
v -12.0000 0.0000 -114.1559
v -12.0000 0.0000 -114.7205
v 5.9825 0.0000 -112.9777
v 4.1825 3.0235 -112.4216
v 5.9825 -0.0000 -112.9777
v 3.2430 -2.8460 -109.7144
v 17.9848 -5.5294 -104.6883
v 22.8619 -0.0000 -107.8021
v 3.2430 -2.8460 -109.7144
v 1.5786 -5.2715 -104.5434
v 15.1801 -10.4107 -99.7542
v 17.9848 -5.5294 -104.6883
v 1.5786 -5.2715 -104.5434
v 0.4441 -7.7834 -100.4938
v 13.8506 -15.9498 -95.8901
v 15.1801 -10.4107 -99.7542
v 0.4441 -7.7834 -100.4938
v 0.7248 -11.9153 -99.9378
v 15.6225 -25.5539 -95.3595
v 13.8506 -15.9498 -95.8901
v 0.7248 -11.9153 -99.9378
v -0.3327 -16.3291 -103.2010
v 9.5364 -29.5910 -98.4732
v 15.6225 -25.5539 -95.3595
v -0.3327 -16.3291 -103.2010
v -4.6223 -16.5027 -108.3720
v 2.2814 -31.0947 -103.4073
v 9.5364 -29.5910 -98.4732
v -4.6223 -16.5027 -108.3720
v -8.2000 -17.2781 -112.4216
v -4.2727 -33.4492 -107.2715
v 2.2814 -31.0947 -103.4073
v -8.2000 -17.2781 -112.4216
v -11.8177 -17.3429 -112.9777
v -11.2763 -34.8787 -107.8021
v -4.2727 -33.4492 -107.2715
v -11.8177 -17.3429 -112.9777
v -15.5232 -17.6972 -109.7144
v -18.9108 -36.4620 -104.6883
v -11.2763 -34.8787 -107.8021
v -15.5232 -17.6972 -109.7144
v -18.7135 -15.8155 -104.5434
v -23.5892 -28.2397 -99.7542
v -18.9108 -36.4620 -104.6883
v -18.7135 -15.8155 -104.5434
v -19.5672 -11.0181 -100.4938
v -27.0123 -22.3731 -95.8901
v -23.5892 -28.2397 -99.7542
v -19.5672 -11.0181 -100.4938
v -21.8623 -9.5424 -99.9378
v -32.3187 -19.9902 -95.3595
v -27.0123 -22.3731 -95.8901
v -21.8623 -9.5424 -99.9378
v -24.7258 -8.1937 -103.2010
v -38.3644 -17.1947 -98.4732
v -32.3187 -19.9902 -95.3595
v -24.7258 -8.1937 -103.2010
v -28.4468 -6.5436 -108.3720
v -44.7702 -13.1800 -103.4073
v -38.3644 -17.1947 -98.4732
v -28.4468 -6.5436 -108.3720
v -29.8798 -3.4131 -112.4216
v -43.0222 -5.9989 -107.2715
v -44.7702 -13.1800 -103.4073
v -29.8798 -3.4131 -112.4216
v -28.7471 -0.0000 -112.9777
v -45.5421 -0.0000 -107.8021
v -43.0222 -5.9989 -107.2715
v -28.7471 -0.0000 -112.9777
v -30.8193 3.5907 -109.7144
v -49.1048 7.1483 -104.6883
v -45.5421 -0.0000 -107.8021
v -30.8193 3.5907 -109.7144
v -30.5074 7.3545 -104.5434
v -48.0169 14.4575 -99.7542
v -49.1048 7.1483 -104.6883
v -30.5074 7.3545 -104.5434
v -28.4326 10.5466 -100.4938
v -43.0253 20.1533 -95.8901
v -48.0169 14.4575 -99.7542
v -28.4326 10.5466 -100.4938
v -23.8328 11.4143 -99.9378
v -32.7464 20.3966 -95.3595
v -43.0253 20.1533 -95.8901
v -23.8328 11.4143 -99.9378
v -19.6274 11.1037 -103.2010
v -28.4668 24.4411 -98.4732
v -32.7464 20.3966 -95.3595
v -19.6274 11.1037 -103.2010
v -17.9127 13.9790 -108.3720
v -23.8957 28.9426 -103.4073
v -28.4668 24.4411 -98.4732
v -17.9127 13.9790 -108.3720
v -14.9754 15.0811 -112.4216
v -17.6176 30.2860 -107.2715
v -23.8957 28.9426 -103.4073
v -14.9754 15.0811 -112.4216
v -11.8177 15.6503 -112.9777
v -11.2763 30.1051 -107.8021
v -17.6176 30.2860 -107.2715
v -11.8177 15.6503 -112.9777
v -8.7477 14.6620 -109.7144
v -5.5658 27.2732 -104.6883
v -11.2763 30.1051 -107.8021
v -8.7477 14.6620 -109.7144
v -5.4230 14.6662 -104.5434
v 2.5879 31.7975 -99.7542
v -5.5658 27.2732 -104.6883
v -5.4230 14.6662 -104.5434
v -0.2724 16.4147 -100.4938
v 10.9909 31.6590 -95.8901
v 2.5879 31.7975 -99.7542
v -0.2724 16.4147 -100.4938
v 2.6953 13.7873 -99.9378
v 16.0503 25.9603 -95.3595
v 10.9909 31.6590 -95.8901
v 2.6953 13.7873 -99.9378
v 4.1508 10.1363 -103.2010
v 18.5115 18.9084 -98.4732
v 16.0503 25.9603 -95.3595
v 4.1508 10.1363 -103.2010
v 3.6392 6.0823 -108.3720
v 18.4268 11.6883 -103.4073
v 18.5115 18.9084 -98.4732
v 3.6392 6.0823 -108.3720
v 4.1825 3.0235 -112.4216
v 24.0675 6.6788 -107.2715
v 18.4268 11.6883 -103.4073
v 4.1825 3.0235 -112.4216
v 5.9825 0.0000 -112.9777
v 22.8619 0.0000 -107.8021
v 24.0675 6.6788 -107.2715
v 22.8619 -0.0000 -107.8021
v 17.9848 -5.5294 -104.6883
v 33.6310 -8.3189 -96.4813
v 37.7483 -0.0000 -99.3509
v 17.9848 -5.5294 -104.6883
v 15.1801 -10.4107 -99.7542
v 28.4417 -15.2813 -91.9340
v 33.6310 -8.3189 -96.4813
v 15.1801 -10.4107 -99.7542
v 13.8506 -15.9498 -95.8901
v 31.3779 -26.5144 -88.3728
v 28.4417 -15.2813 -91.9340
v 13.8506 -15.9498 -95.8901
v 15.6225 -25.5539 -95.3595
v 28.5814 -37.0250 -87.8838
v 31.3779 -26.5144 -88.3728
v 15.6225 -25.5539 -95.3595
v 9.5364 -29.5910 -98.4732
v 17.4598 -39.5995 -90.7534
v 28.5814 -37.0250 -87.8838
v 9.5364 -29.5910 -98.4732
v 2.2814 -31.0947 -103.4073
v 8.9384 -44.3350 -95.3007
v 17.4598 -39.5995 -90.7534
v 2.2814 -31.0947 -103.4073
v -4.2727 -33.4492 -107.2715
v -0.5224 -47.1385 -98.8619
v 8.9384 -44.3350 -95.3007
v -4.2727 -33.4492 -107.2715
v -11.2763 -34.8787 -107.8021
v -10.3923 -54.0823 -99.3509
v -0.5224 -47.1385 -98.8619
v -11.2763 -34.8787 -107.8021
v -18.9108 -36.4620 -104.6883
v -20.9545 -50.4450 -96.4813
v -10.3923 -54.0823 -99.3509
v -18.9108 -36.4620 -104.6883
v -23.5892 -28.2397 -99.7542
v -27.4704 -39.1686 -91.9340
v -20.9545 -50.4450 -96.4813
v -23.5892 -28.2397 -99.7542
v -27.0123 -22.3731 -95.8901
v -35.2775 -35.3811 -88.3728
v -27.4704 -39.1686 -91.9340
v -27.0123 -22.3731 -95.8901
v -32.3187 -19.9902 -95.3595
v -42.9784 -30.9568 -87.8838
v -35.2775 -35.3811 -88.3728
v -32.3187 -19.9902 -95.3595
v -38.3644 -17.1947 -98.4732
v -53.9936 -27.6768 -90.7534
v -42.9784 -30.9568 -87.8838
v -38.3644 -17.1947 -98.4732
v -44.7702 -13.1800 -103.4073
v -56.0071 -17.9495 -95.3007
v -53.9936 -27.6768 -90.7534
v -44.7702 -13.1800 -103.4073
v -43.0222 -5.9989 -107.2715
v -54.8591 -8.4027 -98.8619
v -56.0071 -17.9495 -95.3007
v -43.0222 -5.9989 -107.2715
v -45.5421 -0.0000 -107.8021
v -62.2517 -0.0000 -99.3509
v -54.8591 -8.4027 -98.8619
v -45.5421 -0.0000 -107.8021
v -49.1048 7.1483 -104.6883
v -64.4475 10.2146 -96.4813
v -62.2517 -0.0000 -99.3509
v -49.1048 7.1483 -104.6883
v -48.0169 14.4575 -99.7542
v -63.9462 21.0736 -91.9340
v -64.4475 10.2146 -96.4813
v -48.0169 14.4575 -99.7542
v -43.0253 20.1533 -95.8901
v -51.7691 26.2647 -88.3728
v -63.9462 21.0736 -91.9340
v -43.0253 20.1533 -95.8901
v -32.7464 20.3966 -95.3595
v -42.1293 30.1501 -87.8838
v -51.7691 26.2647 -88.3728
v -32.7464 20.3966 -95.3595
v -28.4668 24.4411 -98.4732
v -38.0972 39.3901 -90.7534
v -42.1293 30.1501 -87.8838
v -28.4668 24.4411 -98.4732
v -23.8957 28.9426 -103.4073
v -29.3300 43.4335 -95.3007
v -38.0972 39.3901 -90.7534
v -23.8957 28.9426 -103.4073
v -17.6176 30.2860 -107.2715
v -20.0314 46.0361 -98.8619
v -29.3300 43.4335 -95.3007
v -17.6176 30.2860 -107.2715
v -11.2763 30.1051 -107.8021
v -10.3923 40.9177 -99.3509
v -20.0314 46.0361 -98.8619
v -11.2763 30.1051 -107.8021
v -5.5658 27.2732 -104.6883
v -1.4455 42.7296 -96.4813
v -10.3923 40.9177 -99.3509
v -5.5658 27.2732 -104.6883
v 2.5879 31.7975 -99.7542
v 10.7980 48.5999 -91.9340
v -1.4455 42.7296 -96.4813
v 2.5879 31.7975 -99.7542
v 10.9909 31.6590 -95.8901
v 20.2796 43.6085 -88.3728
v 10.7980 48.5999 -91.9340
v 10.9909 31.6590 -95.8901
v 16.0503 25.9603 -95.3595
v 27.7322 36.2183 -87.8838
v 20.2796 43.6085 -88.3728
v 16.0503 25.9603 -95.3595
v 18.5115 18.9084 -98.4732
v 29.1533 25.1024 -90.7534
v 27.7322 36.2183 -87.8838
v 18.5115 18.9084 -98.4732
v 18.4268 11.6883 -103.4073
v 36.3809 18.4054 -95.3007
v 29.1533 25.1024 -90.7534
v 18.4268 11.6883 -103.4073
v 24.0675 6.6788 -107.2715
v 43.2194 10.1308 -98.8619
v 36.3809 18.4054 -95.3007
v 24.0675 6.6788 -107.2715
v 22.8619 0.0000 -107.8021
v 37.7483 0.0000 -99.3509
v 43.2194 10.1308 -98.8619
v 37.7483 -0.0000 -99.3509
v 33.6310 -8.3189 -96.4813
v 47.2600 -10.6677 -85.3427
v 53.7139 -0.0000 -87.8810
v 33.6310 -8.3189 -96.4813
v 28.4417 -15.2813 -91.9340
v 46.1111 -21.7621 -81.3204
v 47.2600 -10.6677 -85.3427
v 28.4417 -15.2813 -91.9340
v 31.3779 -26.5144 -88.3728
v 49.7781 -37.4327 -78.1703
v 46.1111 -21.7621 -81.3204
v 31.3779 -26.5144 -88.3728
v 28.5814 -37.0250 -87.8838
v 37.1898 -44.0632 -77.7378
v 49.7781 -37.4327 -78.1703
v 28.5814 -37.0250 -87.8838
v 17.4598 -39.5995 -90.7534
v 25.4027 -49.1866 -80.2761
v 37.1898 -44.0632 -77.7378
v 17.4598 -39.5995 -90.7534
v 8.9384 -44.3350 -95.3007
v 14.1469 -53.5290 -84.2984
v 25.4027 -49.1866 -80.2761
v 8.9384 -44.3350 -95.3007
v -0.5224 -47.1385 -98.8619
v 3.7831 -61.9711 -87.4485
v 14.1469 -53.5290 -84.2984
v -0.5224 -47.1385 -98.8619
v -10.3923 -54.0823 -99.3509
v -9.1925 -69.5628 -87.8810
v 3.7831 -61.9711 -87.4485
v -10.3923 -54.0823 -99.3509
v -20.9545 -50.4450 -96.4813
v -21.3989 -58.2975 -85.3427
v -9.1925 -69.5628 -87.8810
v -20.9545 -50.4450 -96.4813
v -27.4704 -39.1686 -91.9340
v -31.9691 -52.2382 -81.3204
v -21.3989 -58.2975 -85.3427
v -27.4704 -39.1686 -91.9340
v -35.2775 -35.3811 -88.3728
v -42.7229 -47.6726 -78.1703
v -31.9691 -52.2382 -81.3204
v -35.2775 -35.3811 -88.3728
v -42.9784 -30.9568 -87.8838
v -56.1705 -44.6291 -77.7378
v -42.7229 -47.6726 -78.1703
v -42.9784 -30.9568 -87.8838
v -53.9936 -27.6768 -90.7534
v -66.6664 -36.4827 -80.2761
v -56.1705 -44.6291 -77.7378
v -53.9936 -27.6768 -90.7534
v -56.0071 -17.9495 -95.3007
v -63.0910 -21.2092 -84.2984
v -66.6664 -36.4827 -80.2761
v -56.0071 -17.9495 -95.3007
v -54.8591 -8.4027 -98.8619
v -68.9758 -11.2970 -87.4485
v -63.0910 -21.2092 -84.2984
v -54.8591 -8.4027 -98.8619
v -62.2517 -0.0000 -99.3509
v -74.8436 -0.0000 -87.8810
v -68.9758 -11.2970 -87.4485
v -62.2517 -0.0000 -99.3509
v -64.4475 10.2146 -96.4813
v -78.8273 13.1587 -85.3427
v -74.8436 -0.0000 -87.8810
v -64.4475 10.2146 -96.4813
v -63.9462 21.0736 -91.9340
v -72.6606 24.9749 -81.3204
v -78.8273 13.1587 -85.3427
v -63.9462 21.0736 -91.9340
v -51.7691 26.2647 -88.3728
v -57.1136 30.4188 -78.1703
v -72.6606 24.9749 -81.3204
v -51.7691 26.2647 -88.3728
v -42.1293 30.1501 -87.8838
v -53.7141 42.2955 -77.7378
v -57.1136 30.4188 -78.1703
v -42.1293 30.1501 -87.8838
v -38.0972 39.3901 -90.7534
v -46.0201 52.3605 -80.2761
v -53.7141 42.2955 -77.7378
v -38.0972 39.3901 -90.7534
v -29.3300 43.4335 -95.3007
v -35.0500 59.3041 -84.2984
v -46.0201 52.3605 -80.2761
v -29.3300 43.4335 -95.3007
v -20.0314 46.0361 -98.8619
v -21.2973 57.8119 -87.4485
v -35.0500 59.3041 -84.2984
v -20.0314 46.0361 -98.8619
v -10.3923 40.9177 -99.3509
v -9.1925 52.5669 -87.8810
v -21.2973 57.8119 -87.4485
v -10.3923 40.9177 -99.3509
v -1.4455 42.7296 -96.4813
v 3.6814 61.4855 -85.3427
v -9.1925 52.5669 -87.8810
v -1.4455 42.7296 -96.4813
v 10.7980 48.5999 -91.9340
v 17.2277 60.5949 -81.3204
v 3.6814 61.4855 -85.3427
v 10.7980 48.5999 -91.9340
v 20.2796 43.6085 -88.3728
v 28.6998 53.8744 -78.1703
v 17.2277 60.5949 -81.3204
v 20.2796 43.6085 -88.3728
v 27.7322 36.2183 -87.8838
v 34.7334 41.7296 -77.7378
v 28.6998 53.8744 -78.1703
v 27.7322 36.2183 -87.8838
v 29.1533 25.1024 -90.7534
v 40.2252 31.3689 -80.2761
v 34.7334 41.7296 -77.7378
v 29.1533 25.1024 -90.7534
v 36.3809 18.4054 -95.3007
v 55.6807 25.5278 -84.2984
v 40.2252 31.3689 -80.2761
v 36.3809 18.4054 -95.3007
v 43.2194 10.1308 -98.8619
v 57.1115 12.5293 -87.4485
v 55.6807 25.5278 -84.2984
v 43.2194 10.1308 -98.8619
v 37.7483 0.0000 -99.3509
v 53.7139 0.0000 -87.8810
v 57.1115 12.5293 -87.4485
v 53.7139 -0.0000 -87.8810
v 47.2600 -10.6677 -85.3427
v 61.3838 -13.0571 -71.6110
v 67.4799 -0.0000 -73.7409
v 47.2600 -10.6677 -85.3427
v 46.1111 -21.7621 -81.3204
v 69.1962 -30.2642 -68.2359
v 61.3838 -13.0571 -71.6110
v 46.1111 -21.7621 -81.3204
v 49.7781 -37.4327 -78.1703
v 62.0775 -44.3012 -65.5927
v 69.1962 -30.2642 -68.2359
v 49.7781 -37.4327 -78.1703
v 37.1898 -44.0632 -77.7378
v 45.2050 -50.2726 -65.2297
v 62.0775 -44.3012 -65.5927
v 37.1898 -44.0632 -77.7378
v 25.4027 -49.1866 -80.2761
v 31.7629 -56.1266 -67.3597
v 45.2050 -50.2726 -65.2297
v 25.4027 -49.1866 -80.2761
v 14.1469 -53.5290 -84.2984
v 19.1187 -61.5397 -70.7348
v 31.7629 -56.1266 -67.3597
v 14.1469 -53.5290 -84.2984
v 3.7831 -61.9711 -87.4485
v 8.4648 -77.2667 -73.3780
v 19.1187 -61.5397 -70.7348
v 3.7831 -61.9711 -87.4485
v -9.1925 -69.5628 -87.8810
v -7.7135 -74.9401 -73.7409
v 8.4648 -77.2667 -73.3780
v -9.1925 -69.5628 -87.8810
v -21.3989 -58.2975 -85.3427
v -21.6095 -66.3669 -71.6110
v -7.7135 -74.9401 -73.7409
v -21.3989 -58.2975 -85.3427
v -31.9691 -52.2382 -81.3204
v -35.7288 -64.2533 -68.2359
v -21.6095 -66.3669 -71.6110
v -31.9691 -52.2382 -81.3204
v -42.7229 -47.6726 -78.1703
v -50.7109 -61.1327 -65.5927
v -35.7288 -64.2533 -68.2359
v -42.7229 -47.6726 -78.1703
v -56.1705 -44.6291 -77.7378
v -69.7516 -58.9362 -65.2297
v -50.7109 -61.1327 -65.5927
v -56.1705 -44.6291 -77.7378
v -66.6664 -36.4827 -80.2761
v -72.2398 -40.9594 -67.3597
v -69.7516 -58.9362 -65.2297
v -66.6664 -36.4827 -80.2761
v -63.0910 -21.2092 -84.2984
v -72.9092 -25.6547 -70.7348
v -72.2398 -40.9594 -67.3597
v -63.0910 -21.2092 -84.2984
v -68.9758 -11.2970 -87.4485
v -80.8364 -13.8178 -73.3780
v -72.9092 -25.6547 -70.7348
v -68.9758 -11.2970 -87.4485
v -74.8436 -0.0000 -87.8810
v -85.7290 -0.0000 -73.7409
v -80.8364 -13.8178 -73.3780
v -74.8436 -0.0000 -87.8810
v -78.8273 13.1587 -85.3427
v -88.8813 15.3380 -71.6110
v -85.7290 -0.0000 -73.7409
v -78.8273 13.1587 -85.3427
v -72.6606 24.9749 -81.3204
v -72.3504 25.4348 -68.2359
v -88.8813 15.3380 -71.6110
v -72.6606 24.9749 -81.3204
v -57.1136 30.4188 -78.1703
v -65.3111 36.5612 -65.5927
v -72.3504 25.4348 -68.2359
v -57.1136 30.4188 -78.1703
v -53.7141 42.2955 -77.7378
v -63.1300 52.6457 -65.2297
v -65.3111 36.5612 -65.5927
v -53.7141 42.2955 -77.7378
v -46.0201 52.3605 -80.2761
v -53.3554 64.8925 -67.3597
v -63.1300 52.6457 -65.2297
v -46.0201 52.3605 -80.2761
v -35.0500 59.3041 -84.2984
v -39.5118 72.9295 -70.7348
v -53.3554 64.8925 -67.3597
v -35.0500 59.3041 -84.2984
v -21.2973 57.8119 -87.4485
v -21.4248 65.4850 -73.3780
v -39.5118 72.9295 -70.7348
v -21.2973 57.8119 -87.4485
v -9.1925 52.5669 -87.8810
v -7.7135 70.6084 -73.7409
v -21.4248 65.4850 -73.3780
v -9.1925 52.5669 -87.8810
v 3.6814 61.4855 -85.3427
v 8.2801 76.3848 -71.6110
v -7.7135 70.6084 -73.7409
v 3.6814 61.4855 -85.3427
v 17.2277 60.5949 -81.3204
v 22.9017 70.2159 -68.2359
v 8.2801 76.3848 -71.6110
v 17.2277 60.5949 -81.3204
v 28.6998 53.8744 -78.1703
v 34.4074 59.8865 -65.5927
v 22.9017 70.2159 -68.2359
v 28.6998 53.8744 -78.1703
v 34.7334 41.7296 -77.7378
v 38.5835 43.9821 -65.2297
v 34.4074 59.8865 -65.5927
v 34.7334 41.7296 -77.7378
v 40.2252 31.3689 -80.2761
v 55.1487 39.9030 -67.3597
v 38.5835 43.9821 -65.2297
v 40.2252 31.3689 -80.2761
v 55.6807 25.5278 -84.2984
v 68.6374 30.0443 -70.7348
v 55.1487 39.9030 -67.3597
v 55.6807 25.5278 -84.2984
v 57.1115 12.5293 -87.4485
v 69.4286 14.5773 -73.3780
v 68.6374 30.0443 -70.7348
v 57.1115 12.5293 -87.4485
v 53.7139 0.0000 -87.8810
v 67.4799 0.0000 -73.7409
v 69.4286 14.5773 -73.3780
v 67.4799 -0.0000 -73.7409
v 61.3838 -13.0571 -71.6110
v 82.4608 -16.7162 -55.7035
v 76.1164 -0.0000 -57.3603
v 61.3838 -13.0571 -71.6110
v 69.1962 -30.2642 -68.2359
v 87.9530 -36.9708 -53.0781
v 82.4608 -16.7162 -55.7035
v 69.1962 -30.2642 -68.2359
v 62.0775 -44.3012 -65.5927
v 69.9467 -48.2087 -51.0220
v 87.9530 -36.9708 -53.0781
v 62.0775 -44.3012 -65.5927
v 45.2050 -50.2726 -65.2297
v 53.2913 -56.3267 -50.7397
v 69.9467 -48.2087 -51.0220
v 45.2050 -50.2726 -65.2297
v 31.7629 -56.1266 -67.3597
v 35.8126 -59.4482 -52.3965
v 53.2913 -56.3267 -50.7397
v 31.7629 -56.1266 -67.3597
v 19.1187 -61.5397 -70.7348
v 26.0515 -73.5101 -55.0219
v 35.8126 -59.4482 -52.3965
v 19.1187 -61.5397 -70.7348
v 8.4648 -77.2667 -73.3780
v 11.5893 -84.0059 -57.0780
v 26.0515 -73.5101 -55.0219
v 8.4648 -77.2667 -73.3780
v -7.7135 -74.9401 -73.7409
v -6.0000 -75.4762 -57.3603
v 11.5893 -84.0059 -57.0780
v -7.7135 -74.9401 -73.7409
v -21.6095 -66.3669 -71.6110
v -21.7392 -75.1702 -55.7035
v -6.0000 -75.4762 -57.3603
v -21.6095 -66.3669 -71.6110
v -35.7288 -64.2533 -68.2359
v -38.1077 -73.6392 -53.0781
v -21.7392 -75.1702 -55.7035
v -35.7288 -64.2533 -68.2359
v -50.7109 -61.1327 -65.5927
v -60.7078 -77.7822 -51.0220
v -38.1077 -73.6392 -53.0781
v -50.7109 -61.1327 -65.5927
v -69.7516 -58.9362 -65.2297
v -76.3935 -66.8738 -50.7397
v -60.7078 -77.7822 -51.0220
v -69.7516 -58.9362 -65.2297
v -72.2398 -40.9594 -67.3597
v -76.4410 -44.7138 -52.3965
v -76.3935 -66.8738 -50.7397
v -72.2398 -40.9594 -67.3597
v -72.9092 -25.6547 -70.7348
v -84.3083 -30.8146 -55.0219
v -76.4410 -44.7138 -52.3965
v -72.9092 -25.6547 -70.7348
v -80.8364 -13.8178 -73.3780
v -88.9215 -15.6694 -57.0780
v -84.3083 -30.8146 -55.0219
v -80.8364 -13.8178 -73.3780
v -85.7290 -0.0000 -73.7409
v -97.0887 -0.0000 -57.3603
v -88.9215 -15.6694 -57.0780
v -85.7290 -0.0000 -73.7409
v -88.8813 15.3380 -71.6110
v -87.4161 15.3849 -55.7035
v -97.0887 -0.0000 -57.3603
v -88.8813 15.3380 -71.6110
v -72.3504 25.4348 -68.2359
v -72.0677 25.9978 -53.0781
v -87.4161 15.3849 -55.7035
v -72.3504 25.4348 -68.2359
v -65.3111 36.5612 -65.5927
v -74.0681 43.2075 -51.0220
v -72.0677 25.9978 -53.0781
v -65.3111 36.5612 -65.5927
v -63.1300 52.6457 -65.2297
v -69.1832 60.0241 -50.7397
v -74.0681 43.2075 -51.0220
v -63.1300 52.6457 -65.2297
v -53.3554 64.8925 -67.3597
v -60.4150 77.3659 -52.3965
v -69.1832 60.0241 -50.7397
v -53.3554 64.8925 -67.3597
v -39.5118 72.9295 -70.7348
v -40.2312 78.5095 -55.0219
v -60.4150 77.3659 -52.3965
v -39.5118 72.9295 -70.7348
v -21.4248 65.4850 -73.3780
v -22.2014 77.3772 -57.0780
v -40.2312 78.5095 -55.0219
v -21.4248 65.4850 -73.3780
v -7.7135 70.6084 -73.7409
v -6.0000 89.0686 -57.3603
v -22.2014 77.3772 -57.0780
v -7.7135 70.6084 -73.7409
v 8.2801 76.3848 -71.6110
v 12.0514 86.2129 -55.7035
v -6.0000 89.0686 -57.3603
v 8.2801 76.3848 -71.6110
v 22.9017 70.2159 -68.2359
v 28.1750 78.3804 -53.0781
v 12.0514 86.2129 -55.7035
v 22.9017 70.2159 -68.2359
v 34.4074 59.8865 -65.5927
v 35.5198 59.0318 -51.0220
v 28.1750 78.3804 -53.0781
v 34.4074 59.8865 -65.5927
v 38.5835 43.9821 -65.2297
v 46.0810 49.4770 -50.7397
v 35.5198 59.0318 -51.0220
v 38.5835 43.9821 -65.2297
v 55.1487 39.9030 -67.3597
v 67.5738 46.7024 -52.3965
v 46.0810 49.4770 -50.7397
v 55.1487 39.9030 -67.3597
v 68.6374 30.0443 -70.7348
v 75.7123 32.1540 -55.0219
v 67.5738 46.7024 -52.3965
v 68.6374 30.0443 -70.7348
v 69.4286 14.5773 -73.3780
v 80.9555 16.4317 -57.0780
v 75.7123 32.1540 -55.0219
v 69.4286 14.5773 -73.3780
v 67.4799 0.0000 -73.7409
v 76.1164 0.0000 -57.3603
v 80.9555 16.4317 -57.0780
v 76.1164 -0.0000 -57.3603
v 82.4608 -16.7162 -55.7035
v 104.8192 -20.5829 -38.1034
v 87.3395 -0.0000 -39.2367
v 82.4608 -16.7162 -55.7035
v 87.9530 -36.9708 -53.0781
v 96.7999 -39.7061 -36.3076
v 104.8192 -20.5829 -38.1034
v 87.9530 -36.9708 -53.0781
v 69.9467 -48.2087 -51.0220
v 78.3179 -52.3191 -34.9011
v 96.7999 -39.7061 -36.3076
v 69.9467 -48.2087 -51.0220
v 53.2913 -56.3267 -50.7397
v 57.4598 -58.4859 -34.7080
v 78.3179 -52.3191 -34.9011
v 53.2913 -56.3267 -50.7397
v 35.8126 -59.4482 -52.3965
v 42.0949 -65.6848 -35.8413
v 57.4598 -58.4859 -34.7080
v 35.8126 -59.4482 -52.3965
v 26.0515 -73.5101 -55.0219
v 32.4209 -83.7705 -37.6372
v 42.0949 -65.6848 -35.8413
v 26.0515 -73.5101 -55.0219
v 11.5893 -84.0059 -57.0780
v 12.8286 -80.8710 -39.0436
v 32.4209 -83.7705 -37.6372
v 11.5893 -84.0059 -57.0780
v -6.0000 -75.4762 -57.3603
v -4.1042 -78.3155 -39.2367
v 12.8286 -80.8710 -39.0436
v -6.0000 -75.4762 -57.3603
v -21.7392 -75.1702 -55.7035
v -20.7643 -79.5678 -38.1034
v -4.1042 -78.3155 -39.2367
v -21.7392 -75.1702 -55.7035
v -38.1077 -73.6392 -53.0781
v -41.5352 -85.8480 -36.3076
v -20.7643 -79.5678 -38.1034
v -38.1077 -73.6392 -53.0781
v -60.7078 -77.7822 -51.0220
v -67.4369 -90.0449 -34.9011
v -41.5352 -85.8480 -36.3076
v -60.7078 -77.7822 -51.0220
v -76.3935 -66.8738 -50.7397
v -76.1392 -68.4332 -34.7080
v -67.4369 -90.0449 -34.9011
v -76.3935 -66.8738 -50.7397
v -76.4410 -44.7138 -52.3965
v -83.8361 -50.6114 -35.8413
v -76.1392 -68.4332 -34.7080
v -76.4410 -44.7138 -52.3965
v -84.3083 -30.8146 -55.0219
v -91.1061 -34.2355 -37.6372
v -83.8361 -50.6114 -35.8413
v -84.3083 -30.8146 -55.0219
v -88.9215 -15.6694 -57.0780
v -98.8572 -17.9052 -39.0436
v -91.1061 -34.2355 -37.6372
v -88.9215 -15.6694 -57.0780
v -97.0887 -0.0000 -57.3603
v -100.5990 -0.0000 -39.2367
v -98.8572 -17.9052 -39.0436
v -97.0887 -0.0000 -57.3603
v -87.4161 15.3849 -55.7035
v -79.5082 14.2488 -38.1034
v -100.5990 -0.0000 -39.2367
v -87.4161 15.3849 -55.7035
v -72.0677 25.9978 -53.0781
v -76.8326 28.6188 -36.3076
v -79.5082 14.2488 -38.1034
v -72.0677 25.9978 -53.0781
v -74.0681 43.2075 -51.0220
v -77.9473 46.8733 -34.9011
v -76.8326 28.6188 -36.3076
v -74.0681 43.2075 -51.0220
v -69.1832 60.0241 -50.7397
v -75.4328 67.7621 -34.7080
v -77.9473 46.8733 -34.9011
v -69.1832 60.0241 -50.7397
v -60.4150 77.3659 -52.3965
v -62.3182 82.7671 -35.8413
v -75.4328 67.7621 -34.7080
v -60.4150 77.3659 -52.3965
v -40.2312 78.5095 -55.0219
v -39.5001 81.1804 -37.6372
v -62.3182 82.7671 -35.8413
v -40.2312 78.5095 -55.0219
v -22.2014 77.3772 -57.0780
v -23.8363 94.2400 -39.0436
v -39.5001 81.1804 -37.6372
v -22.2014 77.3772 -57.0780
v -6.0000 89.0686 -57.3603
v -4.1042 100.2261 -39.2367
v -23.8363 94.2400 -39.0436
v -6.0000 89.0686 -57.3603
v 12.0514 86.2129 -55.7035
v 15.9007 95.5432 -38.1034
v -4.1042 100.2261 -39.2367
v 12.0514 86.2129 -55.7035
v 28.1750 78.3804 -53.0781
v 30.3858 79.1029 -36.3076
v 15.9007 95.5432 -38.1034
v 28.1750 78.3804 -53.0781
v 35.5198 59.0318 -51.0220
v 36.9761 58.4070 -34.9011
v 30.3858 79.1029 -36.3076
v 35.5198 59.0318 -51.0220
v 46.0810 49.4770 -50.7397
v 56.7534 57.8148 -34.7080
v 36.9761 58.4070 -34.9011
v 46.0810 49.4770 -50.7397
v 67.5738 46.7024 -52.3965
v 72.4290 48.5810 -35.8413
v 56.7534 57.8148 -34.7080
v 67.5738 46.7024 -52.3965
v 75.7123 32.1540 -55.0219
v 82.5264 34.0894 -37.6372
v 72.4290 48.5810 -35.8413
v 75.7123 32.1540 -55.0219
v 80.9555 16.4317 -57.0780
v 85.4701 16.9266 -39.0436
v 82.5264 34.0894 -37.6372
v 80.9555 16.4317 -57.0780
v 76.1164 0.0000 -57.3603
v 87.3395 0.0000 -39.2367
v 85.4701 16.9266 -39.0436
v 87.3395 -0.0000 -39.2367
v 104.8192 -20.5829 -38.1034
v 115.9391 -22.3024 -19.3456
v 105.0347 -0.0000 -19.9210
v 104.8192 -20.5829 -38.1034
v 96.7999 -39.7061 -36.3076
v 101.9993 -40.9570 -18.4338
v 115.9391 -22.3024 -19.3456
v 96.7999 -39.7061 -36.3076
v 78.3179 -52.3191 -34.9011
v 83.3649 -54.2402 -17.7198
v 101.9993 -40.9570 -18.4338
v 78.3179 -52.3191 -34.9011
v 57.4598 -58.4859 -34.7080
v 60.2686 -59.2347 -17.6217
v 83.3649 -54.2402 -17.7198
v 57.4598 -58.4859 -34.7080
v 42.0949 -65.6848 -35.8413
v 51.5735 -76.2886 -18.1971
v 60.2686 -59.2347 -17.6217
v 42.0949 -65.6848 -35.8413
v 32.4209 -83.7705 -37.6372
v 34.4391 -83.7652 -19.1089
v 51.5735 -76.2886 -18.1971
v 32.4209 -83.7705 -37.6372
v 12.8286 -80.8710 -39.0436
v 14.2039 -77.7893 -19.8230
v 34.4391 -83.7652 -19.1089
v 12.8286 -80.8710 -39.0436
v -4.1042 -78.3155 -39.2367
v -2.0838 -79.6328 -19.9210
v 14.2039 -77.7893 -19.8230
v -4.1042 -78.3155 -39.2367
v -20.7643 -79.5678 -38.1034
v -19.5107 -83.2304 -19.3456
v -2.0838 -79.6328 -19.9210
v -20.7643 -79.5678 -38.1034
v -41.5352 -85.8480 -36.3076
v -45.3650 -99.2656 -18.4338
v -19.5107 -83.2304 -19.3456
v -41.5352 -85.8480 -36.3076
v -67.4369 -90.0449 -34.9011
v -65.9413 -90.7911 -17.7198
v -45.3650 -99.2656 -18.4338
v -67.4369 -90.0449 -34.9011
v -76.1392 -68.4332 -34.7080
v -76.2151 -70.4248 -17.6217
v -65.9413 -90.7911 -17.7198
v -76.1392 -68.4332 -34.7080
v -83.8361 -50.6114 -35.8413
v -88.6860 -54.9724 -18.1971
v -76.2151 -70.4248 -17.6217
v -83.8361 -50.6114 -35.8413
v -91.1061 -34.2355 -37.6372
v -96.2672 -37.0615 -19.1089
v -88.6860 -54.9724 -18.1971
v -91.1061 -34.2355 -37.6372
v -98.8572 -17.9052 -39.0436
v -107.6136 -19.9416 -19.8230
v -96.2672 -37.0615 -19.1089
v -98.8572 -17.9052 -39.0436
v -100.5990 -0.0000 -39.2367
v -91.9268 -0.0000 -19.9210
v -107.6136 -19.9416 -19.8230
v -100.5990 -0.0000 -39.2367
v -79.5082 14.2488 -38.1034
v -77.2379 14.2016 -19.3456
v -91.9268 -0.0000 -19.9210
v -79.5082 14.2488 -38.1034
v -76.8326 28.6188 -36.3076
v -79.9694 30.6482 -18.4338
v -77.2379 14.2016 -19.3456
v -76.8326 28.6188 -36.3076
v -77.9473 46.8733 -34.9011
v -80.4027 49.7145 -17.7198
v -79.9694 30.6482 -18.4338
v -77.9473 46.8733 -34.9011
v -75.4328 67.7621 -34.7080
v -79.0043 73.0745 -17.6217
v -80.4027 49.7145 -17.7198
v -75.4328 67.7621 -34.7080
v -62.3182 82.7671 -35.8413
v -57.8525 79.2906 -18.1971
v -79.0043 73.0745 -17.6217
v -62.3182 82.7671 -35.8413
v -39.5001 81.1804 -37.6372
v -40.9349 89.1051 -19.1089
v -57.8525 79.2906 -18.1971
v -39.5001 81.1804 -37.6372
v -23.8363 94.2400 -39.0436
v -24.2214 105.7289 -19.8230
v -40.9349 89.1051 -19.1089
v -23.8363 94.2400 -39.0436
v -4.1042 100.2261 -39.2367
v -2.0838 107.4807 -19.9210
v -24.2214 105.7289 -19.8230
v -4.1042 100.2261 -39.2367
v 15.9007 95.5432 -38.1034
v 18.9146 100.2877 -19.3456
v -2.0838 107.4807 -19.9210
v 15.9007 95.5432 -38.1034
v 30.3858 79.1029 -36.3076
v 30.0089 73.6047 -18.4338
v 18.9146 100.2877 -19.3456
v 30.3858 79.1029 -36.3076
v 36.9761 58.4070 -34.9011
v 43.4847 64.7881 -17.7198
v 30.0089 73.6047 -18.4338
v 36.9761 58.4070 -34.9011
v 56.7534 57.8148 -34.7080
v 63.0577 61.8844 -17.6217
v 43.4847 64.7881 -17.7198
v 56.7534 57.8148 -34.7080
v 72.4290 48.5810 -35.8413
v 75.0816 48.9822 -18.1971
v 63.0577 61.8844 -17.6217
v 72.4290 48.5810 -35.8413
v 82.5264 34.0894 -37.6372
v 85.7015 34.5438 -19.1089
v 75.0816 48.9822 -18.1971
v 82.5264 34.0894 -37.6372
v 85.4701 16.9266 -39.0436
v 85.5634 16.5624 -19.8230
v 85.7015 34.5438 -19.1089
v 85.4701 16.9266 -39.0436
v 87.3395 0.0000 -39.2367
v 105.0347 0.0000 -19.9210
v 85.5634 16.5624 -19.8230
v 105.0347 -0.0000 -19.9210
v 115.9391 -22.3024 -19.3456
v 116.5910 -22.0318 0.0000
v 117.6454 -0.0000 0.0000
v 115.9391 -22.3024 -19.3456
v 101.9993 -40.9570 -18.4338
v 105.4238 -41.4846 0.0000
v 116.5910 -22.0318 0.0000
v 101.9993 -40.9570 -18.4338
v 83.3649 -54.2402 -17.7198
v 81.8298 -51.9431 0.0000
v 105.4238 -41.4846 0.0000
v 83.3649 -54.2402 -17.7198
v 60.2686 -59.2347 -17.6217
v 67.9807 -64.5817 0.0000
v 81.8298 -51.9431 0.0000
v 60.2686 -59.2347 -17.6217
v 51.5735 -76.2886 -18.1971
v 57.4318 -81.6551 0.0000
v 67.9807 -64.5817 0.0000
v 51.5735 -76.2886 -18.1971
v 34.4391 -83.7652 -19.1089
v 34.0987 -78.2055 0.0000
v 57.4318 -81.6551 0.0000
v 34.4391 -83.7652 -19.1089
v 14.2039 -77.7893 -19.8230
v 16.2143 -77.4391 0.0000
v 34.0987 -78.2055 0.0000
v 14.2039 -77.7893 -19.8230
v -2.0838 -79.6328 -19.9210
v 0.0000 -77.0803 0.0000
v 16.2143 -77.4391 0.0000
v -2.0838 -79.6328 -19.9210
v -19.5107 -83.2304 -19.3456
v -19.3417 -92.3756 0.0000
v 0.0000 -77.0803 0.0000
v -19.5107 -83.2304 -19.3456
v -45.3650 -99.2656 -18.4338
v -44.7236 -102.5738 0.0000
v -19.3417 -92.3756 0.0000
v -45.3650 -99.2656 -18.4338
v -65.9413 -90.7911 -17.7198
v -60.4198 -85.9034 0.0000
v -44.7236 -102.5738 0.0000
v -65.9413 -90.7911 -17.7198
v -76.2151 -70.4248 -17.6217
v -76.6825 -72.8484 0.0000
v -60.4198 -85.9034 0.0000
v -76.2151 -70.4248 -17.6217
v -88.6860 -54.9724 -18.1971
v -88.0806 -55.9109 0.0000
v -76.6825 -72.8484 0.0000
v -88.6860 -54.9724 -18.1971
v -96.2672 -37.0615 -19.1089
v -103.7425 -40.8230 0.0000
v -88.0806 -55.9109 0.0000
v -96.2672 -37.0615 -19.1089
v -107.6136 -19.9416 -19.8230
v -104.2247 -19.6950 0.0000
v -103.7425 -40.8230 0.0000
v -107.6136 -19.9416 -19.8230
v -91.9268 -0.0000 -19.9210
v -82.3546 -0.0000 0.0000
v -104.2247 -19.6950 0.0000
v -91.9268 -0.0000 -19.9210
v -77.2379 14.2016 -19.3456
v -79.5660 15.0353 0.0000
v -82.3546 -0.0000 0.0000
v -77.2379 14.2016 -19.3456
v -79.9694 30.6482 -18.4338
v -79.3521 31.2253 0.0000
v -79.5660 15.0353 0.0000
v -79.9694 30.6482 -18.4338
v -80.4027 49.7145 -17.7198
v -84.4641 53.6153 0.0000
v -79.3521 31.2253 0.0000
v -80.4027 49.7145 -17.7198
v -79.0043 73.0745 -17.6217
v -73.4406 69.7686 0.0000
v -84.4641 53.6153 0.0000
v -79.0043 73.0745 -17.6217
v -57.8525 79.2906 -18.1971
v -53.6823 76.3242 0.0000
v -73.4406 69.7686 0.0000
v -57.8525 79.2906 -18.1971
v -40.9349 89.1051 -19.1089
v -42.4380 97.3316 0.0000
v -53.6823 76.3242 0.0000
v -40.9349 89.1051 -19.1089
v -24.2214 105.7289 -19.8230
v -22.8038 108.9101 0.0000
v -42.4380 97.3316 0.0000
v -24.2214 105.7289 -19.8230
v -2.0838 107.4807 -19.9210
v -0.0000 112.9197 0.0000
v -22.8038 108.9101 0.0000
v -2.0838 107.4807 -19.9210
v 18.9146 100.2877 -19.3456
v 19.6763 93.9736 0.0000
v -0.0000 112.9197 0.0000
v 18.9146 100.2877 -19.3456
v 30.0089 73.6047 -18.4338
v 31.8131 72.9633 0.0000
v 19.6763 93.9736 0.0000
v 30.0089 73.6047 -18.4338
v 43.4847 64.7881 -17.7198
v 50.6943 72.0758 0.0000
v 31.8131 72.9633 0.0000
v 43.4847 64.7881 -17.7198
v 63.0577 61.8844 -17.6217
v 64.7388 61.5019 0.0000
v 50.6943 72.0758 0.0000
v 63.0577 61.8844 -17.6217
v 75.0816 48.9822 -18.1971
v 78.2133 49.6475 0.0000
v 64.7388 61.5019 0.0000
v 75.0816 48.9822 -18.1971
v 85.7015 34.5438 -19.1089
v 81.0334 31.8869 0.0000
v 78.2133 49.6475 0.0000
v 85.7015 34.5438 -19.1089
v 85.5634 16.5624 -19.8230
v 91.9323 17.3722 0.0000
v 81.0334 31.8869 0.0000
v 85.5634 16.5624 -19.8230
v 105.0347 0.0000 -19.9210
v 117.6454 0.0000 0.0000
v 91.9323 17.3722 0.0000
v 117.6454 -0.0000 0.0000
v 116.5910 -22.0318 0.0000
v 114.7669 -21.2934 19.3456
v 116.9106 -0.0000 19.9210
v 116.5910 -22.0318 0.0000
v 105.4238 -41.4846 0.0000
v 100.5363 -38.7414 18.4338
v 114.7669 -21.2934 19.3456
v 105.4238 -41.4846 0.0000
v 81.8298 -51.9431 0.0000
v 81.1918 -50.2154 17.7198
v 100.5363 -38.7414 18.4338
v 81.8298 -51.9431 0.0000
v 67.9807 -64.5817 0.0000
v 76.5710 -70.7629 17.6217
v 81.1918 -50.2154 17.7198
v 67.9807 -64.5817 0.0000
v 57.4318 -81.6551 0.0000
v 56.6647 -77.6018 18.1971
v 76.5710 -70.7629 17.6217
v 57.4318 -81.6551 0.0000
v 34.0987 -78.2055 0.0000
v 34.9699 -75.4243 19.1089
v 56.6647 -77.6018 18.1971
v 34.0987 -78.2055 0.0000
v 16.2143 -77.4391 0.0000
v 17.5194 -73.7201 19.8230
v 34.9699 -75.4243 19.1089
v 16.2143 -77.4391 0.0000
v 0.0000 -77.0803 0.0000
v 2.0838 -78.7983 19.9210
v 17.5194 -73.7201 19.8230
v 0.0000 -77.0803 0.0000
v -19.3417 -92.3756 0.0000
v -18.7478 -99.4910 19.3456
v 2.0838 -78.7983 19.9210
v -19.3417 -92.3756 0.0000
v -44.7236 -102.5738 0.0000
v -38.9154 -94.0317 18.4338
v -18.7478 -99.4910 19.3456
v -44.7236 -102.5738 0.0000
v -60.4198 -85.9034 0.0000
v -55.9375 -82.4932 17.7198
v -38.9154 -94.0317 18.4338
v -60.4198 -85.9034 0.0000
v -76.6825 -72.8484 0.0000
v -72.1140 -70.4879 17.6217
v -55.9375 -82.4932 17.7198
v -76.6825 -72.8484 0.0000
v -88.0806 -55.9109 0.0000
v -88.0207 -57.1956 18.1971
v -72.1140 -70.4879 17.6217
v -88.0806 -55.9109 0.0000
v -103.7425 -40.8230 0.0000
v -104.8912 -42.0949 19.1089
v -88.0207 -57.1956 18.1971
v -103.7425 -40.8230 0.0000
v -104.2247 -19.6950 0.0000
v -90.7666 -17.5456 19.8230
v -104.8912 -42.0949 19.1089
v -104.2247 -19.6950 0.0000
v -82.3546 -0.0000 0.0000
v -80.0509 -0.0000 19.9210
v -90.7666 -17.5456 19.8230
v -82.3546 -0.0000 0.0000
v -79.5660 15.0353 0.0000
v -78.4100 15.2107 19.3456
v -80.0509 -0.0000 19.9210
v -79.5660 15.0353 0.0000
v -79.3521 31.2253 0.0000
v -81.4324 32.8639 18.4338
v -78.4100 15.2107 19.3456
v -79.3521 31.2253 0.0000
v -84.4641 53.6153 0.0000
v -82.5757 53.7393 17.7198
v -81.4324 32.8639 18.4338
v -84.4641 53.6153 0.0000
v -73.4406 69.7686 0.0000
v -62.7018 61.5463 17.6217
v -82.5757 53.7393 17.7198
v -73.4406 69.7686 0.0000
v -53.6823 76.3242 0.0000
v -52.7613 77.9774 18.1971
v -62.7018 61.5463 17.6217
v -53.6823 76.3242 0.0000
v -42.4380 97.3316 0.0000
v -40.4041 97.4460 19.1089
v -52.7613 77.9774 18.1971
v -42.4380 97.3316 0.0000
v -22.8038 108.9101 0.0000
v -20.9059 109.7981 19.8230
v -40.4041 97.4460 19.1089
v -22.8038 108.9101 0.0000
v -0.0000 112.9197 0.0000
v 2.0838 108.3152 19.9210
v -20.9059 109.7981 19.8230
v -0.0000 112.9197 0.0000
v 19.6763 93.9736 0.0000
v 19.6775 84.0272 19.3456
v 2.0838 108.3152 19.9210
v 19.6763 93.9736 0.0000
v 31.8131 72.9633 0.0000
v 36.4585 78.8386 18.4338
v 19.6775 84.0272 19.3456
v 31.8131 72.9633 0.0000
v 50.6943 72.0758 0.0000
v 53.4885 73.0859 17.7198
v 36.4585 78.8386 18.4338
v 50.6943 72.0758 0.0000
v 64.7388 61.5019 0.0000
v 67.1588 61.8213 17.6217
v 53.4885 73.0859 17.7198
v 64.7388 61.5019 0.0000
v 78.2133 49.6475 0.0000
v 75.7469 46.7591 18.1971
v 67.1588 61.8213 17.6217
v 78.2133 49.6475 0.0000
v 81.0334 31.8869 0.0000
v 77.0776 29.5103 19.1089
v 75.7469 46.7591 18.1971
v 81.0334 31.8869 0.0000
v 91.9323 17.3722 0.0000
v 102.4104 18.9584 19.8230
v 77.0776 29.5103 19.1089
v 91.9323 17.3722 0.0000
v 117.6454 0.0000 0.0000
v 116.9106 0.0000 19.9210
v 102.4104 18.9584 19.8230
v 116.9106 -0.0000 19.9210
v 114.7669 -21.2934 19.3456
v 107.8321 -19.6011 38.1034
v 110.0038 -0.0000 39.2367
v 114.7669 -21.2934 19.3456
v 100.5363 -38.7414 18.4338
v 89.7434 -33.6992 36.3076
v 107.8321 -19.6011 38.1034
v 100.5363 -38.7414 18.4338
v 81.1918 -50.2154 17.7198
v 85.5706 -51.7124 34.9011
v 89.7434 -33.6992 36.3076
v 81.1918 -50.2154 17.7198
v 76.5710 -70.7629 17.6217
v 77.0345 -69.2837 34.7080
v 85.5706 -51.7124 34.9011
v 76.5710 -70.7629 17.6217
v 56.6647 -77.6018 18.1971
v 54.4265 -71.5469 35.8413
v 77.0345 -69.2837 34.7080
v 56.6647 -77.6018 18.1971
v 34.9699 -75.4243 19.1089
v 35.5862 -72.2039 37.6372
v 54.4265 -71.5469 35.8413
v 34.9699 -75.4243 19.1089
v 17.5194 -73.7201 19.8230
v 18.5861 -69.1651 39.0436
v 35.5862 -72.2039 37.6372
v 17.5194 -73.7201 19.8230
v 2.0838 -78.7983 19.9210
v 4.1042 -86.1782 39.2367
v 18.5861 -69.1651 39.0436
v 2.0838 -78.7983 19.9210
v -18.7478 -99.4910 19.3456
v -15.6368 -94.2826 38.1034
v 4.1042 -86.1782 39.2367
v -18.7478 -99.4910 19.3456
v -38.9154 -94.0317 18.4338
v -32.5175 -83.9921 36.3076
v -15.6368 -94.2826 38.1034
v -38.9154 -94.0317 18.4338
v -55.9375 -82.4932 17.7198
v -49.9961 -76.9185 34.9011
v -32.5175 -83.9921 36.3076
v -55.9375 -82.4932 17.7198
v -72.1140 -70.4879 17.6217
v -64.8411 -65.4981 34.7080
v -49.9961 -76.9185 34.9011
v -72.1140 -70.4879 17.6217
v -88.0207 -57.1956 18.1971
v -88.0273 -58.4823 35.8413
v -64.8411 -65.4981 34.7080
v -88.0207 -57.1956 18.1971
v -104.8912 -42.0949 19.1089
v -92.3103 -37.9394 37.6372
v -88.0273 -58.4823 35.8413
v -104.8912 -42.0949 19.1089
v -90.7666 -17.5456 19.8230
v -79.9212 -15.8780 39.0436
v -92.3103 -37.9394 37.6372
v -90.7666 -17.5456 19.8230
v -80.0509 -0.0000 19.9210
v -77.9347 -0.0000 39.2367
v -79.9212 -15.8780 39.0436
v -80.0509 -0.0000 19.9210
v -78.4100 15.2107 19.3456
v -76.4952 15.2306 38.1034
v -77.9347 -0.0000 39.2367
v -78.4100 15.2107 19.3456
v -81.4324 32.8639 18.4338
v -83.8892 34.6257 36.3076
v -76.4952 15.2306 38.1034
v -81.4324 32.8639 18.4338
v -82.5757 53.7393 17.7198
v -70.6946 47.4800 34.9011
v -83.8892 34.6257 36.3076
v -82.5757 53.7393 17.7198
v -62.7018 61.5463 17.6217
v -55.8581 56.9642 34.7080
v -70.6946 47.4800 34.9011
v -62.7018 61.5463 17.6217
v -52.7613 77.9774 18.1971
v -49.9866 76.9050 35.8413
v -55.8581 56.9642 34.7080
v -52.7613 77.9774 18.1971
v -40.4041 97.4460 19.1089
v -36.3348 92.7471 37.6372
v -49.9866 76.9050 35.8413
v -40.4041 97.4460 19.1089
v -20.9059 109.7981 19.8230
v -18.0788 105.9458 39.0436
v -36.3348 92.7471 37.6372
v -20.9059 109.7981 19.8230
v 2.0838 108.3152 19.9210
v 4.1042 92.3634 39.2367
v -18.0788 105.9458 39.0436
v 2.0838 108.3152 19.9210
v 19.6775 84.0272 19.3456
v 21.0282 80.8284 38.1034
v 4.1042 92.3634 39.2367
v 19.6775 84.0272 19.3456
v 36.4585 78.8386 18.4338
v 39.4034 80.9588 36.3076
v 21.0282 80.8284 38.1034
v 36.4585 78.8386 18.4338
v 53.4885 73.0859 17.7198
v 54.4170 71.5334 34.9011
v 39.4034 80.9588 36.3076
v 53.4885 73.0859 17.7198
v 67.1588 61.8213 17.6217
v 68.0515 60.7499 34.7080
v 54.4170 71.5334 34.9011
v 67.1588 61.8213 17.6217
v 75.7469 46.7591 18.1971
v 68.2379 40.7101 35.8413
v 68.0515 60.7499 34.7080
v 75.7469 46.7591 18.1971
v 77.0776 29.5103 19.1089
v 81.3223 30.3855 37.6372
v 68.2379 40.7101 35.8413
v 77.0776 29.5103 19.1089
v 102.4104 18.9584 19.8230
v 104.4062 18.9537 39.0436
v 81.3223 30.3855 37.6372
v 102.4104 18.9584 19.8230
v 116.9106 0.0000 19.9210
v 110.0038 0.0000 39.2367
v 104.4062 18.9537 39.0436
v 110.0038 -0.0000 39.2367
v 107.8321 -19.6011 38.1034
v 91.8205 -16.2172 55.7035
v 101.7491 -0.0000 57.3603
v 107.8321 -19.6011 38.1034
v 89.7434 -33.6992 36.3076
v 83.3504 -30.4376 53.0781
v 91.8205 -16.2172 55.7035
v 89.7434 -33.6992 36.3076
v 85.5706 -51.7124 34.9011
v 86.1730 -50.8914 51.0220
v 83.3504 -30.4376 53.0781
v 85.5706 -51.7124 34.9011
v 77.0345 -69.2837 34.7080
v 70.6689 -61.4354 50.7397
v 86.1730 -50.8914 51.0220
v 77.0345 -69.2837 34.7080
v 54.4265 -71.5469 35.8413
v 52.8221 -66.5705 52.3965
v 70.6689 -61.4354 50.7397
v 54.4265 -71.5469 35.8413
v 35.5862 -72.2039 37.6372
v 34.1287 -64.5131 55.0219
v 52.8221 -66.5705 52.3965
v 35.5862 -72.2039 37.6372
v 18.5861 -69.1651 39.0436
v 20.8778 -71.0559 57.0780
v 34.1287 -64.5131 55.0219
v 18.5861 -69.1651 39.0436
v 4.1042 -86.1782 39.2367
v 6.0000 -87.3120 57.3603
v 20.8778 -71.0559 57.0780
v 4.1042 -86.1782 39.2367
v -15.6368 -94.2826 38.1034
v -11.0956 -81.6479 55.7035
v 6.0000 -87.3120 57.3603
v -15.6368 -94.2826 38.1034
v -32.5175 -83.9921 36.3076
v -26.9719 -75.6213 53.0781
v -11.0956 -81.6479 55.7035
v -32.5175 -83.9921 36.3076
v -49.9961 -76.9185 34.9011
v -40.8042 -66.5451 51.0220
v -26.9719 -75.6213 53.0781
v -49.9961 -76.9185 34.9011
v -64.8411 -65.4981 34.7080
v -59.9725 -62.6739 50.7397
v -40.8042 -66.5451 51.0220
v -64.8411 -65.4981 34.7080
v -88.0273 -58.4823 35.8413
v -78.8692 -53.8724 52.3965
v -59.9725 -62.6739 50.7397
v -88.0273 -58.4823 35.8413
v -92.3103 -37.9394 37.6372
v -74.3501 -31.6180 55.0219
v -78.8692 -53.8724 52.3965
v -92.3103 -37.9394 37.6372
v -79.9212 -15.8780 39.0436
v -72.9245 -14.9141 57.0780
v -74.3501 -31.6180 55.0219
v -79.9212 -15.8780 39.0436
v -77.9347 -0.0000 39.2367
v -71.4559 -0.0000 57.3603
v -72.9245 -14.9141 57.0780
v -77.9347 -0.0000 39.2367
v -76.4952 15.2306 38.1034
v -78.0565 15.8839 55.7035
v -71.4559 -0.0000 57.3603
v -76.4952 15.2306 38.1034
v -83.8892 34.6257 36.3076
v -76.6702 32.5310 53.0781
v -78.0565 15.8839 55.7035
v -83.8892 34.6257 36.3076
v -70.6946 47.4800 34.9011
v -57.8417 40.5248 51.0220
v -76.6702 32.5310 53.0781
v -70.6946 47.4800 34.9011
v -55.8581 56.9642 34.7080
v -51.8056 54.9153 50.7397
v -57.8417 40.5248 51.0220
v -55.8581 56.9642 34.7080
v -49.9866 76.9050 35.8413
v -43.4055 70.2435 52.3965
v -51.8056 54.9153 50.7397
v -49.9866 76.9050 35.8413
v -36.3348 92.7471 37.6372
v -32.1541 87.5064 55.0219
v -43.4055 70.2435 52.3965
v -36.3348 92.7471 37.6372
v -18.0788 105.9458 39.0436
v -12.9129 90.3273 57.0780
v -32.1541 87.5064 55.0219
v -18.0788 105.9458 39.0436
v 4.1042 92.3634 39.2367
v 6.0000 77.2328 57.3603
v -12.9129 90.3273 57.0780
v 4.1042 92.3634 39.2367
v 21.0282 80.8284 38.1034
v 22.6951 79.7352 55.7035
v 6.0000 77.2328 57.3603
v 21.0282 80.8284 38.1034
v 39.4034 80.9588 36.3076
v 39.3108 76.3983 53.0781
v 22.6951 79.7352 55.7035
v 39.4034 80.9588 36.3076
v 54.4170 71.5334 34.9011
v 55.4234 70.2690 51.0220
v 39.3108 76.3983 53.0781
v 54.4170 71.5334 34.9011
v 68.0515 60.7499 34.7080
v 62.5020 53.6769 50.7397
v 55.4234 70.2690 51.0220
v 68.0515 60.7499 34.7080
v 68.2379 40.7101 35.8413
v 65.1456 37.5438 52.3965
v 62.5020 53.6769 50.7397
v 68.2379 40.7101 35.8413
v 81.3223 30.3855 37.6372
v 85.6705 31.3506 55.0219
v 65.1456 37.5438 52.3965
v 81.3223 30.3855 37.6372
v 104.4062 18.9537 39.0436
v 96.9525 17.1870 57.0780
v 85.6705 31.3506 55.0219
v 104.4062 18.9537 39.0436
v 110.0038 0.0000 39.2367
v 101.7491 0.0000 57.3603
v 96.9525 17.1870 57.0780
v 101.7491 -0.0000 57.3603
v 91.8205 -16.2172 55.7035
v 75.3397 -12.7791 71.6110
v 86.9995 -0.0000 73.7409
v 91.8205 -16.2172 55.7035
v 83.3504 -30.4376 53.0781
v 80.3013 -28.5635 68.2359
v 75.3397 -12.7791 71.6110
v 83.3504 -30.4376 53.0781
v 86.1730 -50.8914 51.0220
v 77.2338 -44.1294 65.5927
v 80.3013 -28.5635 68.2359
v 86.1730 -50.8914 51.0220
v 70.6689 -61.4354 50.7397
v 63.8499 -53.3296 65.2297
v 77.2338 -44.1294 65.5927
v 70.6689 -61.4354 50.7397
v 52.8221 -66.5705 52.3965
v 48.3572 -57.7862 67.3597
v 63.8499 -53.3296 65.2297
v 52.8221 -66.5705 52.3965
v 34.1287 -64.5131 55.0219
v 33.1178 -58.2650 70.7348
v 48.3572 -57.7862 67.3597
v 34.1287 -64.5131 55.0219
v 20.8778 -71.0559 57.0780
v 23.1978 -73.9526 73.3780
v 33.1178 -58.2650 70.7348
v 20.8778 -71.0559 57.0780
v 6.0000 -87.3120 57.3603
v 7.7135 -77.1662 73.7409
v 23.1978 -73.9526 73.3780
v 6.0000 -87.3120 57.3603
v -11.0956 -81.6479 55.7035
v -7.0548 -70.5330 71.6110
v 7.7135 -77.1662 73.7409
v -11.0956 -81.6479 55.7035
v -26.9719 -75.6213 53.0781
v -20.0728 -63.7279 68.2359
v -7.0548 -70.5330 71.6110
v -26.9719 -75.6213 53.0781
v -40.8042 -66.5451 51.0220
v -32.6701 -57.4163 65.5927
v -20.0728 -63.7279 68.2359
v -40.8042 -66.5451 51.0220
v -59.9725 -62.6739 50.7397
v -53.4499 -58.1052 65.2297
v -32.6701 -57.4163 65.5927
v -59.9725 -62.6739 50.7397
v -78.8692 -53.8724 52.3965
v -60.3235 -43.1878 67.3597
v -53.4499 -58.1052 65.2297
v -78.8692 -53.8724 52.3965
v -74.3501 -31.6180 55.0219
v -60.1471 -26.7033 70.7348
v -60.3235 -43.1878 67.3597
v -74.3501 -31.6180 55.0219
v -72.9245 -14.9141 57.0780
v -62.3723 -13.2439 73.3780
v -60.1471 -26.7033 70.7348
v -72.9245 -14.9141 57.0780
v -71.4559 -0.0000 57.3603
v -66.2094 -0.0000 73.7409
v -62.3723 -13.2439 73.3780
v -71.4559 -0.0000 57.3603
v -78.0565 15.8839 55.7035
v -74.9253 15.6160 71.6110
v -66.2094 -0.0000 73.7409
v -78.0565 15.8839 55.7035
v -76.6702 32.5310 53.0781
v -61.2453 27.1355 68.2359
v -74.9253 15.6160 71.6110
v -76.6702 32.5310 53.0781
v -57.8417 40.5248 51.0220
v -50.1548 36.7330 65.5927
v -61.2453 27.1355 68.2359
v -57.8417 40.5248 51.0220
v -51.8056 54.9153 50.7397
v -44.4851 49.5886 65.2297
v -50.1548 36.7330 65.5927
v -51.8056 54.9153 50.7397
v -43.4055 70.2435 52.3965
v -36.7611 63.2329 67.3597
v -44.4851 49.5886 65.2297
v -43.4055 70.2435 52.3965
v -32.1541 87.5064 55.0219
v -25.5127 76.2043 70.7348
v -36.7611 63.2329 67.3597
v -32.1541 87.5064 55.0219
v -12.9129 90.3273 57.0780
v -6.6918 68.7992 73.3780
v -25.5127 76.2043 70.7348
v -12.9129 90.3273 57.0780
v 6.0000 77.2328 57.3603
v 7.7135 68.3823 73.7409
v -6.6918 68.7992 73.3780
v 6.0000 77.2328 57.3603
v 22.6951 79.7352 55.7035
v 22.8347 72.2188 71.6110
v 7.7135 68.3823 73.7409
v 22.6951 79.7352 55.7035
v 39.3108 76.3983 53.0781
v 38.5577 70.7413 68.2359
v 22.8347 72.2188 71.6110
v 39.3108 76.3983 53.0781
v 55.4234 70.2690 51.0220
v 52.4482 63.6028 65.5927
v 38.5577 70.7413 68.2359
v 55.4234 70.2690 51.0220
v 62.5020 53.6769 50.7397
v 54.8851 44.8131 65.2297
v 52.4482 63.6028 65.5927
v 62.5020 53.6769 50.7397
v 65.1456 37.5438 52.3965
v 67.0650 37.6746 67.3597
v 54.8851 44.8131 65.2297
v 65.1456 37.5438 52.3965
v 85.6705 31.3506 55.0219
v 81.3994 28.9956 70.7348
v 67.0650 37.6746 67.3597
v 85.6705 31.3506 55.0219
v 96.9525 17.1870 57.0780
v 87.8927 15.1512 73.3780
v 81.3994 28.9956 70.7348
v 96.9525 17.1870 57.0780
v 101.7491 0.0000 57.3603
v 86.9995 0.0000 73.7409
v 87.8927 15.1512 73.3780
v 86.9995 -0.0000 73.7409
v 75.3397 -12.7791 71.6110
v 65.7138 -10.6806 85.3427
v 67.2419 -0.0000 87.8810
v 75.3397 -12.7791 71.6110
v 80.3013 -28.5635 68.2359
v 71.2630 -24.4249 81.3204
v 65.7138 -10.6806 85.3427
v 80.3013 -28.5635 68.2359
v 77.2338 -44.1294 65.5927
v 64.6784 -35.2207 78.1703
v 71.2630 -24.4249 81.3204
v 77.2338 -44.1294 65.5927
v 63.8499 -53.3296 65.2297
v 55.7204 -44.2015 77.7378
v 64.6784 -35.2207 78.1703
v 63.8499 -53.3296 65.2297
v 48.3572 -57.7862 67.3597
v 41.5702 -46.0338 80.2761
v 55.7204 -44.2015 77.7378
v 48.3572 -57.7862 67.3597
v 33.1178 -58.2650 70.7348
v 33.6080 -55.9969 84.2984
v 41.5702 -46.0338 80.2761
v 33.1178 -58.2650 70.7348
v 23.1978 -73.9526 73.3780
v 23.2886 -67.3224 87.4485
v 33.6080 -55.9969 84.2984
v 23.1978 -73.9526 73.3780
v 7.7135 -77.1662 73.7409
v 9.1925 -63.6397 87.8810
v 23.2886 -67.3224 87.4485
v 7.7135 -77.1662 73.7409
v -7.0548 -70.5330 71.6110
v -3.1286 -58.8453 85.3427
v 9.1925 -63.6397 87.8810
v -7.0548 -70.5330 71.6110
v -20.0728 -63.7279 68.2359
v -12.6481 -50.0916 81.3204
v -3.1286 -58.8453 85.3427
v -20.0728 -63.7279 68.2359
v -32.6701 -57.4163 65.5927
v -26.8438 -51.2356 78.1703
v -12.6481 -50.0916 81.3204
v -32.6701 -57.4163 65.5927
v -53.4499 -58.1052 65.2297
v -39.9422 -46.6780 77.7378
v -26.8438 -51.2356 78.1703
v -53.4499 -58.1052 65.2297
v -60.3235 -43.1878 67.3597
v -42.0855 -32.5497 80.2761
v -39.9422 -46.6780 77.7378
v -60.3235 -43.1878 67.3597
v -60.1471 -26.7033 70.7348
v -46.6164 -21.9610 84.2984
v -42.0855 -32.5497 80.2761
v -60.1471 -26.7033 70.7348
v -62.3723 -13.2439 73.3780
v -49.6529 -11.1198 87.4485
v -46.6164 -21.9610 84.2984
v -62.3723 -13.2439 73.3780
v -66.2094 -0.0000 73.7409
v -61.3157 -0.0000 87.8810
v -49.6529 -11.1198 87.4485
v -66.2094 -0.0000 73.7409
v -74.9253 15.6160 71.6110
v -60.3735 13.1457 85.3427
v -61.3157 -0.0000 87.8810
v -74.9253 15.6160 71.6110
v -61.2453 27.1355 68.2359
v -47.5087 22.3121 81.3204
v -60.3735 13.1457 85.3427
v -61.2453 27.1355 68.2359
v -50.1548 36.7330 65.5927
v -42.2133 32.6309 78.1703
v -47.5087 22.3121 81.3204
v -50.1548 36.7330 65.5927
v -44.4851 49.5886 65.2297
v -35.1835 42.1572 77.7378
v -42.2133 32.6309 78.1703
v -44.4851 49.5886 65.2297
v -36.7611 63.2329 67.3597
v -29.8525 55.5133 80.2761
v -35.1835 42.1572 77.7378
v -36.7611 63.2329 67.3597
v -25.5127 76.2043 70.7348
v -15.5888 56.8362 84.2984
v -29.8525 55.5133 80.2761
v -25.5127 76.2043 70.7348
v -6.6918 68.7992 73.3780
v -1.7917 52.4606 87.4485
v -15.5888 56.8362 84.2984
v -6.6918 68.7992 73.3780
v 7.7135 68.3823 73.7409
v 9.1925 58.4900 87.8810
v -1.7917 52.4606 87.4485
v 7.7135 68.3823 73.7409
v 22.8347 72.2188 71.6110
v 21.9517 60.9377 85.3427
v 9.1925 58.4900 87.8810
v 22.8347 72.2188 71.6110
v 38.5577 70.7413 68.2359
v 36.5487 62.7415 81.3204
v 21.9517 60.9377 85.3427
v 38.5577 70.7413 68.2359
v 52.4482 63.6028 65.5927
v 44.5789 50.3115 78.1703
v 36.5487 62.7415 81.3204
v 52.4482 63.6028 65.5927
v 54.8851 44.8131 65.2297
v 50.9616 39.6807 77.7378
v 44.5789 50.3115 78.1703
v 54.8851 44.8131 65.2297
v 67.0650 37.6746 67.3597
v 64.8062 35.3019 80.2761
v 50.9616 39.6807 77.7378
v 67.0650 37.6746 67.3597
v 81.3994 28.9956 70.7348
v 72.1553 24.7760 84.2984
v 64.8062 35.3019 80.2761
v 81.3994 28.9956 70.7348
v 87.8927 15.1512 73.3780
v 76.4344 12.7065 87.4485
v 72.1553 24.7760 84.2984
v 87.8927 15.1512 73.3780
v 86.9995 0.0000 73.7409
v 67.2419 0.0000 87.8810
v 76.4344 12.7065 87.4485
v 67.2419 -0.0000 87.8810
v 65.7138 -10.6806 85.3427
v 56.8467 -8.7783 96.4813
v 51.7688 -0.0000 99.3509
v 65.7138 -10.6806 85.3427
v 71.2630 -24.4249 81.3204
v 56.3690 -18.0920 91.9340
v 56.8467 -8.7783 96.4813
v 71.2630 -24.4249 81.3204
v 64.6784 -35.2207 78.1703
v 52.6097 -26.7983 88.3728
v 56.3690 -18.0920 91.9340
v 64.6784 -35.2207 78.1703
v 55.7204 -44.2015 77.7378
v 44.0476 -31.9726 87.8838
v 52.6097 -26.7983 88.3728
v 55.7204 -44.2015 77.7378
v 41.5702 -46.0338 80.2761
v 36.3152 -36.8565 90.7534
v 44.0476 -31.9726 87.8838
v 41.5702 -46.0338 80.2761
v 33.6080 -55.9969 84.2984
v 32.0828 -49.7472 95.3007
v 36.3152 -36.8565 90.7534
v 33.6080 -55.9969 84.2984
v 23.2886 -67.3224 87.4485
v 21.4091 -52.6158 98.8619
v 32.0828 -49.7472 95.3007
v 23.2886 -67.3224 87.4485
v 9.1925 -63.6397 87.8810
v 10.3923 -50.4033 99.3509
v 21.4091 -52.6158 98.8619
v 9.1925 -63.6397 87.8810
v -3.1286 -58.8453 85.3427
v 1.2717 -43.5598 96.4813
v 10.3923 -50.4033 99.3509
v -3.1286 -58.8453 85.3427
v -12.6481 -50.0916 81.3204
v -7.0644 -40.0370 91.9340
v 1.2717 -43.5598 96.4813
v -12.6481 -50.0916 81.3204
v -26.8438 -51.2356 78.1703
v -18.8128 -41.5231 88.3728
v -7.0644 -40.0370 91.9340
v -26.8438 -51.2356 78.1703
v -39.9422 -46.6780 77.7378
v -23.6395 -32.3302 87.8838
v -18.8128 -41.5231 88.3728
v -39.9422 -46.6780 77.7378
v -42.0855 -32.5497 80.2761
v -27.4071 -23.9939 90.7534
v -23.6395 -32.3302 87.8838
v -42.0855 -32.5497 80.2761
v -46.6164 -21.9610 84.2984
v -30.8182 -16.2165 95.3007
v -27.4071 -23.9939 90.7534
v -46.6164 -21.9610 84.2984
v -49.6529 -11.1198 87.4485
v -39.0940 -9.3513 98.8619
v -30.8182 -16.2165 95.3007
v -49.6529 -11.1198 87.4485
v -61.3157 -0.0000 87.8810
v -48.2312 -0.0000 99.3509
v -39.0940 -9.3513 98.8619
v -61.3157 -0.0000 87.8810
v -60.3735 13.1457 85.3427
v -41.2318 9.7552 96.4813
v -48.2312 -0.0000 99.3509
v -60.3735 13.1457 85.3427
v -47.5087 22.3121 81.3204
v -36.0190 18.2630 91.9340
v -41.2318 9.7552 96.4813
v -47.5087 22.3121 81.3204
v -42.2133 32.6309 78.1703
v -30.5373 25.9809 88.3728
v -36.0190 18.2630 91.9340
v -42.2133 32.6309 78.1703
v -35.1835 42.1572 77.7378
v -26.6630 35.2026 87.8838
v -30.5373 25.9809 88.3728
v -35.1835 42.1572 77.7378
v -29.8525 55.5133 80.2761
v -19.2418 42.1331 90.7534
v -26.6630 35.2026 87.8838
v -29.8525 55.5133 80.2761
v -15.5888 56.8362 84.2984
v -6.1856 38.0214 95.3007
v -19.2418 42.1331 90.7534
v -15.5888 56.8362 84.2984
v -1.7917 52.4606 87.4485
v 1.9000 40.5588 98.8619
v -6.1856 38.0214 95.3007
v -1.7917 52.4606 87.4485
v 9.1925 58.4900 87.8810
v 10.3923 44.5967 99.3509
v 1.9000 40.5588 98.8619
v 9.1925 58.4900 87.8810
v 21.9517 60.9377 85.3427
v 20.7807 49.6148 96.4813
v 10.3923 44.5967 99.3509
v 21.9517 60.9377 85.3427
v 36.5487 62.7415 81.3204
v 31.2039 47.7315 91.9340
v 20.7807 49.6148 96.4813
v 36.5487 62.7415 81.3204
v 44.5789 50.3115 78.1703
v 36.7442 37.4665 88.3728
v 31.2039 47.7315 91.9340
v 44.5789 50.3115 78.1703
v 50.9616 39.6807 77.7378
v 47.0712 34.8449 87.8838
v 36.7442 37.4665 88.3728
v 50.9616 39.6807 77.7378
v 64.8062 35.3019 80.2761
v 55.7399 28.7853 90.7534
v 47.0712 34.8449 87.8838
v 64.8062 35.3019 80.2761
v 72.1553 24.7760 84.2984
v 61.5698 20.1385 95.3007
v 55.7399 28.7853 90.7534
v 72.1553 24.7760 84.2984
v 76.4344 12.7065 87.4485
v 58.9845 9.1823 98.8619
v 61.5698 20.1385 95.3007
v 76.4344 12.7065 87.4485
v 67.2419 0.0000 87.8810
v 51.7688 0.0000 99.3509
v 58.9845 9.1823 98.8619
v 51.7688 -0.0000 99.3509
v 56.8467 -8.7783 96.4813
v 43.0487 -6.0039 104.6883
v 40.9102 -0.0000 107.8021
v 56.8467 -8.7783 96.4813
v 56.3690 -18.0920 91.9340
v 41.6178 -11.9395 99.7542
v 43.0487 -6.0039 104.6883
v 56.3690 -18.0920 91.9340
v 52.6097 -26.7983 88.3728
v 38.7261 -17.4243 95.8901
v 41.6178 -11.9395 99.7542
v 52.6097 -26.7983 88.3728
v 44.0476 -31.9726 87.8838
v 32.5240 -20.1853 95.3595
v 38.7261 -17.4243 95.8901
v 44.0476 -31.9726 87.8838
v 36.3152 -36.8565 90.7534
v 31.2471 -28.3939 98.4732
v 32.5240 -20.1853 95.3595
v 36.3152 -36.8565 90.7534
v 32.0828 -49.7472 95.3007
v 26.7346 -35.4535 103.4073
v 31.2471 -28.3939 98.4732
v 32.0828 -49.7472 95.3007
v 21.4091 -52.6158 98.8619
v 18.8857 -36.3421 107.2715
v 26.7346 -35.4535 103.4073
v 21.4091 -52.6158 98.8619
v 10.3923 -50.4033 99.3509
v 11.2763 -34.1747 107.8021
v 18.8857 -36.3421 107.2715
v 10.3923 -50.4033 99.3509
v 1.2717 -43.5598 96.4813
v 5.2137 -28.9547 104.6883
v 11.2763 -34.1747 107.8021
v 1.2717 -43.5598 96.4813
v -7.0644 -40.0370 91.9340
v -1.9314 -30.2920 99.7542
v 5.2137 -28.9547 104.6883
v -7.0644 -40.0370 91.9340
v -18.8128 -41.5231 88.3728
v -7.6536 -26.9142 95.8901
v -1.9314 -30.2920 99.7542
v -18.8128 -41.5231 88.3728
v -23.6395 -32.3302 87.8838
v -10.1335 -20.3393 95.3595
v -7.6536 -26.9142 95.8901
v -23.6395 -32.3302 87.8838
v -27.4071 -23.9939 90.7534
v -13.0280 -15.4277 98.4732
v -10.1335 -20.3393 95.3595
v -27.4071 -23.9939 90.7534
v -30.8182 -16.2165 95.3007
v -16.5854 -10.9637 103.4073
v -13.0280 -15.4277 98.4732
v -30.8182 -16.2165 95.3007
v -39.0940 -9.3513 98.8619
v -26.2291 -7.0873 107.2715
v -16.5854 -10.9637 103.4073
v -39.0940 -9.3513 98.8619
v -48.2312 -0.0000 99.3509
v -27.4939 -0.0000 107.8021
v -26.2291 -7.0873 107.2715
v -48.2312 -0.0000 99.3509
v -41.2318 9.7552 96.4813
v -24.0410 6.6738 104.6883
v -27.4939 -0.0000 107.8021
v -41.2318 9.7552 96.4813
v -36.0190 18.2630 91.9340
v -21.5793 12.9288 99.7542
v -24.0410 6.6738 104.6883
v -36.0190 18.2630 91.9340
v -30.5373 25.9809 88.3728
v -18.1498 18.6788 95.8901
v -21.5793 12.9288 99.7542
v -30.5373 25.9809 88.3728
v -26.6630 35.2026 87.8838
v -15.8450 25.7652 95.3595
v -18.1498 18.6788 95.8901
v -26.6630 35.2026 87.8838
v -19.2418 42.1331 90.7534
v -6.7562 25.6381 98.4732
v -15.8450 25.7652 95.3595
v -19.2418 42.1331 90.7534
v -6.1856 38.0214 95.3007
v 0.5575 24.5837 103.4073
v -6.7562 25.6381 98.4732
v -6.1856 38.0214 95.3007
v 1.9000 40.5588 98.8619
v 5.5407 27.3931 107.2715
v 0.5575 24.5837 103.4073
v 1.9000 40.5588 98.8619
v 10.3923 44.5967 99.3509
v 11.2763 30.8092 107.8021
v 5.5407 27.3931 107.2715
v 10.3923 44.5967 99.3509
v 20.7807 49.6148 96.4813
v 18.5587 34.7805 104.6883
v 11.2763 30.8092 107.8021
v 20.7807 49.6148 96.4813
v 31.2039 47.7315 91.9340
v 24.2457 29.7453 99.7542
v 18.5587 34.7805 104.6883
v 31.2039 47.7315 91.9340
v 36.7442 37.4665 88.3728
v 30.3496 27.1179 95.8901
v 24.2457 29.7453 99.7542
v 36.7442 37.4665 88.3728
v 47.0712 34.8449 87.8838
v 38.2355 25.6112 95.3595
v 30.3496 27.1179 95.8901
v 47.0712 34.8449 87.8838
v 55.7399 28.7853 90.7534
v 43.8478 20.6754 98.4732
v 38.2355 25.6112 95.3595
v 55.7399 28.7853 90.7534
v 61.5698 20.1385 95.3007
v 46.6117 13.9046 103.4073
v 43.8478 20.6754 98.4732
v 61.5698 20.1385 95.3007
v 58.9845 9.1823 98.8619
v 40.8606 5.5904 107.2715
v 46.6117 13.9046 103.4073
v 58.9845 9.1823 98.8619
v 51.7688 0.0000 99.3509
v 40.9102 0.0000 107.8021
v 40.8606 5.5904 107.2715
v 40.9102 -0.0000 107.8021
v 43.0487 -6.0039 104.6883
v 27.5050 -2.9644 109.7144
v 27.8743 -0.0000 112.9777
v 43.0487 -6.0039 104.6883
v 41.6178 -11.9395 99.7542
v 27.0551 -5.9960 104.5434
v 27.5050 -2.9644 109.7144
v 41.6178 -11.9395 99.7542
v 38.7261 -17.4243 95.8901
v 24.1947 -7.8566 100.4938
v 27.0551 -5.9960 104.5434
v 38.7261 -17.4243 95.8901
v 32.5240 -20.1853 95.3595
v 22.9892 -10.6130 99.9378
v 24.1947 -7.8566 100.4938
v 32.5240 -20.1853 95.3595
v 31.2471 -28.3939 98.4732
v 22.8054 -15.6221 103.2010
v 22.9892 -10.6130 99.9378
v 31.2471 -28.3939 98.4732
v 26.7346 -35.4535 103.4073
v 19.6214 -17.8978 108.3720
v 22.8054 -15.6221 103.2010
v 26.7346 -35.4535 103.4073
v 18.8857 -36.3421 107.2715
v 15.7310 -18.6900 112.4216
v 19.6214 -17.8978 108.3720
v 18.8857 -36.3421 107.2715
v 11.2763 -34.1747 107.8021
v 11.8177 -16.3945 112.9777
v 15.7310 -18.6900 112.4216
v 11.2763 -34.1747 107.8021
v 5.2137 -28.9547 104.6883
v 8.4838 -15.9223 109.7144
v 11.8177 -16.3945 112.9777
v 5.2137 -28.9547 104.6883
v -1.9314 -30.2920 99.7542
v 4.8243 -16.0394 104.5434
v 8.4838 -15.9223 109.7144
v -1.9314 -30.2920 99.7542
v -7.6536 -26.9142 95.8901
v 2.9546 -12.6013 100.4938
v 4.8243 -16.0394 104.5434
v -7.6536 -26.9142 95.8901
v -10.1335 -20.3393 95.3595
v 1.4004 -9.8964 99.9378
v 2.9546 -12.6013 100.4938
v -10.1335 -20.3393 95.3595
v -13.0280 -15.4277 98.4732
v 0.4052 -7.2443 103.2010
v 1.4004 -9.8964 99.9378
v -13.0280 -15.4277 98.4732
v -16.5854 -10.9637 103.4073
v -3.6762 -6.0969 108.3720
v 0.4052 -7.2443 103.2010
v -16.5854 -10.9637 103.4073
v -26.2291 -7.0873 107.2715
v -7.5383 -3.6576 112.4216
v -3.6762 -6.0969 108.3720
v -26.2291 -7.0873 107.2715
v -27.4939 -0.0000 107.8021
v -6.8553 -0.0000 112.9777
v -7.5383 -3.6576 112.4216
v -27.4939 -0.0000 107.8021
v -24.0410 6.6738 104.6883
v -6.5573 3.4723 109.7144
v -6.8553 -0.0000 112.9777
v -24.0410 6.6738 104.6883
v -21.5793 12.9288 99.7542
v -5.0309 6.6300 104.5434
v -6.5573 3.4723 109.7144
v -21.5793 12.9288 99.7542
v -18.1498 18.6788 95.8901
v -4.6819 10.4734 100.4938
v -5.0309 6.6300 104.5434
v -18.1498 18.6788 95.8901
v -15.8450 25.7652 95.3595
v -1.5683 12.7167 99.9378
v -4.6819 10.4734 100.4938
v -15.8450 25.7652 95.3595
v -6.7562 25.6381 98.4732
v 3.5107 11.8107 103.2010
v -1.5683 12.7167 99.9378
v -6.7562 25.6381 98.4732
v 0.5575 24.5837 103.4073
v 6.3309 12.5839 108.3720
v 3.5107 11.8107 103.2010
v 0.5575 24.5837 103.4073
v 5.5407 27.3931 107.2715
v 8.9556 13.6692 112.4216
v 6.3309 12.5839 108.3720
v 5.5407 27.3931 107.2715
v 11.2763 30.8092 107.8021
v 11.8177 16.5986 112.9777
v 8.9556 13.6692 112.4216
v 11.2763 30.8092 107.8021
v 18.5587 34.7805 104.6883
v 15.2593 16.4369 109.7144
v 11.8177 16.5986 112.9777
v 18.5587 34.7805 104.6883
v 24.2457 29.7453 99.7542
v 18.1148 14.4423 104.5434
v 15.2593 16.4369 109.7144
v 24.2457 29.7453 99.7542
v 30.3496 27.1179 95.8901
v 22.2494 14.8315 100.4938
v 18.1148 14.4423 104.5434
v 30.3496 27.1179 95.8901
v 38.2355 25.6112 95.3595
v 25.9580 13.4333 99.9378
v 22.2494 14.8315 100.4938
v 38.2355 25.6112 95.3595
v 43.8478 20.6754 98.4732
v 29.2818 11.0857 103.2010
v 25.9580 13.4333 99.9378
v 43.8478 20.6754 98.4732
v 46.6117 13.9046 103.4073
v 28.4098 6.5291 108.3720
v 29.2818 11.0857 103.2010
v 46.6117 13.9046 103.4073
v 40.8606 5.5904 107.2715
v 26.5240 2.7790 112.4216
v 28.4098 6.5291 108.3720
v 40.8606 5.5904 107.2715
v 40.9102 0.0000 107.8021
v 27.8743 0.0000 112.9777
v 26.5240 2.7790 112.4216
v 27.8743 -0.0000 112.9777
v 27.5050 -2.9644 109.7144
v 12.0000 -0.0000 111.4070
v 12.0000 -0.0000 114.7205
v 27.5050 -2.9644 109.7144
v 27.0551 -5.9960 104.5434
v 12.0000 -0.0000 106.1562
v 12.0000 -0.0000 111.4070
v 27.0551 -5.9960 104.5434
v 24.1947 -7.8566 100.4938
v 12.0000 -0.0000 102.0441
v 12.0000 -0.0000 106.1562
v 24.1947 -7.8566 100.4938
v 22.9892 -10.6130 99.9378
v 12.0000 -0.0000 101.4795
v 12.0000 -0.0000 102.0441
v 22.9892 -10.6130 99.9378
v 22.8054 -15.6221 103.2010
v 12.0000 -0.0000 104.7930
v 12.0000 -0.0000 101.4795
v 22.8054 -15.6221 103.2010
v 19.6214 -17.8978 108.3720
v 12.0000 -0.0000 110.0438
v 12.0000 -0.0000 104.7930
v 19.6214 -17.8978 108.3720
v 15.7310 -18.6900 112.4216
v 12.0000 -0.0000 114.1559
v 12.0000 -0.0000 110.0438
v 15.7310 -18.6900 112.4216
v 11.8177 -16.3945 112.9777
v 12.0000 -0.0000 114.7205
v 12.0000 -0.0000 114.1559
v 11.8177 -16.3945 112.9777
v 8.4838 -15.9223 109.7144
v 12.0000 -0.0000 111.4070
v 12.0000 -0.0000 114.7205
v 8.4838 -15.9223 109.7144
v 4.8243 -16.0394 104.5434
v 12.0000 -0.0000 106.1562
v 12.0000 -0.0000 111.4070
v 4.8243 -16.0394 104.5434
v 2.9546 -12.6013 100.4938
v 12.0000 -0.0000 102.0441
v 12.0000 -0.0000 106.1562
v 2.9546 -12.6013 100.4938
v 1.4004 -9.8964 99.9378
v 12.0000 -0.0000 101.4795
v 12.0000 -0.0000 102.0441
v 1.4004 -9.8964 99.9378
v 0.4052 -7.2443 103.2010
v 12.0000 -0.0000 104.7930
v 12.0000 -0.0000 101.4795
v 0.4052 -7.2443 103.2010
v -3.6762 -6.0969 108.3720
v 12.0000 -0.0000 110.0438
v 12.0000 -0.0000 104.7930
v -3.6762 -6.0969 108.3720
v -7.5383 -3.6576 112.4216
v 12.0000 -0.0000 114.1559
v 12.0000 -0.0000 110.0438
v -7.5383 -3.6576 112.4216
v -6.8553 -0.0000 112.9777
v 12.0000 -0.0000 114.7205
v 12.0000 -0.0000 114.1559
v -6.8553 -0.0000 112.9777
v -6.5573 3.4723 109.7144
v 12.0000 0.0000 111.4070
v 12.0000 -0.0000 114.7205
v -6.5573 3.4723 109.7144
v -5.0309 6.6300 104.5434
v 12.0000 0.0000 106.1562
v 12.0000 0.0000 111.4070
v -5.0309 6.6300 104.5434
v -4.6819 10.4734 100.4938
v 12.0000 0.0000 102.0441
v 12.0000 0.0000 106.1562
v -4.6819 10.4734 100.4938
v -1.5683 12.7167 99.9378
v 12.0000 0.0000 101.4795
v 12.0000 0.0000 102.0441
v -1.5683 12.7167 99.9378
v 3.5107 11.8107 103.2010
v 12.0000 0.0000 104.7930
v 12.0000 0.0000 101.4795
v 3.5107 11.8107 103.2010
v 6.3309 12.5839 108.3720
v 12.0000 0.0000 110.0438
v 12.0000 0.0000 104.7930
v 6.3309 12.5839 108.3720
v 8.9556 13.6692 112.4216
v 12.0000 0.0000 114.1559
v 12.0000 0.0000 110.0438
v 8.9556 13.6692 112.4216
v 11.8177 16.5986 112.9777
v 12.0000 0.0000 114.7205
v 12.0000 0.0000 114.1559
v 11.8177 16.5986 112.9777
v 15.2593 16.4369 109.7144
v 12.0000 0.0000 111.4070
v 12.0000 0.0000 114.7205
v 15.2593 16.4369 109.7144
v 18.1148 14.4423 104.5434
v 12.0000 0.0000 106.1562
v 12.0000 0.0000 111.4070
v 18.1148 14.4423 104.5434
v 22.2494 14.8315 100.4938
v 12.0000 0.0000 102.0441
v 12.0000 0.0000 106.1562
v 22.2494 14.8315 100.4938
v 25.9580 13.4333 99.9378
v 12.0000 0.0000 101.4795
v 12.0000 0.0000 102.0441
v 25.9580 13.4333 99.9378
v 29.2818 11.0857 103.2010
v 12.0000 0.0000 104.7930
v 12.0000 0.0000 101.4795
v 29.2818 11.0857 103.2010
v 28.4098 6.5291 108.3720
v 12.0000 0.0000 110.0438
v 12.0000 0.0000 104.7930
v 28.4098 6.5291 108.3720
v 26.5240 2.7790 112.4216
v 12.0000 0.0000 114.1559
v 12.0000 0.0000 110.0438
v 26.5240 2.7790 112.4216
v 27.8743 0.0000 112.9777
v 12.0000 0.0000 114.7205
v 12.0000 0.0000 114.1559
vt -0.075000 -0.717003
vt -0.075000 -0.696293
vt 0.020269 -0.685715
vt 0.037391 -0.706111
vt -0.075000 -0.696293
vt -0.075000 -0.663476
vt 0.009866 -0.653397
vt 0.020269 -0.685715
vt -0.075000 -0.663476
vt -0.075000 -0.637776
vt 0.002775 -0.628086
vt 0.009866 -0.653397
vt -0.075000 -0.637776
vt -0.075000 -0.634247
vt 0.004530 -0.624611
vt 0.002775 -0.628086
vt 0.000000 -0.634247
vt 0.000000 -0.654957
vt 0.102057 -0.645006
vt 0.074471 -0.624611
vt 0.000000 -0.654957
vt 0.000000 -0.687774
vt 0.103142 -0.677325
vt 0.102057 -0.645006
vt 0.000000 -0.687774
vt 0.000000 -0.713474
vt 0.107988 -0.702635
vt 0.103142 -0.677325
vt 0.000000 -0.713474
vt 0.000000 -0.717003
vt 0.108393 -0.706111
vt 0.107988 -0.702635
vt 0.000000 -0.717003
vt 0.000000 -0.696293
vt 0.110607 -0.685715
vt 0.108393 -0.706111
vt 0.000000 -0.696293
vt 0.000000 -0.663476
vt 0.098847 -0.653397
vt 0.110607 -0.685715
vt 0.000000 -0.663476
vt 0.000000 -0.637776
vt 0.068863 -0.628086
vt 0.098847 -0.653397
vt -0.075000 -0.637776
vt -0.075000 -0.634247
vt -0.136639 -0.624611
vt -0.122295 -0.628086
vt -0.075000 -0.634247
vt -0.075000 -0.654957
vt -0.154536 -0.645006
vt -0.136639 -0.624611
vt -0.075000 -0.654957
vt -0.075000 -0.687774
vt -0.177793 -0.677325
vt -0.154536 -0.645006
vt -0.075000 -0.687774
vt -0.075000 -0.713474
vt -0.186749 -0.702635
vt -0.177793 -0.677325
vt -0.075000 -0.713474
vt -0.075000 -0.717003
vt -0.179669 -0.706111
vt -0.186749 -0.702635
vt -0.075000 -0.717003
vt -0.075000 -0.696293
vt -0.192621 -0.685715
vt -0.179669 -0.706111
vt -0.075000 -0.696293
vt -0.075000 -0.663476
vt -0.190672 -0.653397
vt -0.192621 -0.685715
vt -0.075000 -0.663476
vt -0.075000 -0.637776
vt -0.177703 -0.628086
vt -0.190672 -0.653397
vt -0.075000 -0.637776
vt -0.075000 -0.634247
vt -0.148955 -0.624611
vt -0.177703 -0.628086
vt -0.000000 -0.634247
vt -0.000000 -0.654957
vt -0.069398 -0.645006
vt -0.071340 -0.624611
vt -0.000000 -0.654957
vt -0.000000 -0.687774
vt -0.087369 -0.677325
vt -0.069398 -0.645006
vt -0.000000 -0.687774
vt -0.000000 -0.713474
vt -0.094257 -0.702635
vt -0.087369 -0.677325
vt -0.000000 -0.713474
vt -0.000000 -0.717003
vt -0.097814 -0.706111
vt -0.094257 -0.702635
vt -0.000000 -0.717003
vt -0.000000 -0.696293
vt -0.091638 -0.685715
vt -0.097814 -0.706111
vt -0.000000 -0.696293
vt -0.000000 -0.663476
vt -0.091664 -0.653397
vt -0.091638 -0.685715
vt -0.000000 -0.663476
vt -0.000000 -0.637776
vt -0.102592 -0.628086
vt -0.091664 -0.653397
vt -0.075000 -0.637776
vt -0.075000 -0.634247
vt 0.016845 -0.624611
vt -0.001703 -0.628086
vt -0.075000 -0.634247
vt -0.075000 -0.654957
vt 0.025943 -0.645006
vt 0.016845 -0.624611
vt -0.075000 -0.654957
vt -0.075000 -0.687774
vt 0.022745 -0.677325
vt 0.025943 -0.645006
vt -0.075000 -0.687774
vt -0.075000 -0.713474
vt 0.026141 -0.702635
vt 0.022745 -0.677325
vt -0.075000 -0.713474
vt -0.075000 -0.717003
vt 0.037391 -0.706111
vt 0.026141 -0.702635
vt 0.037391 -0.706111
vt 0.020269 -0.685715
vt 0.112405 -0.654302
vt 0.142887 -0.673763
vt 0.020269 -0.685715
vt 0.009866 -0.653397
vt 0.094876 -0.623464
vt 0.112405 -0.654302
vt 0.009866 -0.653397
vt 0.002775 -0.628086
vt 0.086566 -0.599313
vt 0.094876 -0.623464
vt 0.002775 0.048646
vt 0.004530 0.074471
vt 0.097641 0.159712
vt 0.086566 0.099686
vt 0.074471 -0.624611
vt 0.102057 -0.645006
vt 0.184944 -0.615458
vt 0.159712 -0.595997
vt 0.102057 -0.645006
vt 0.103142 -0.677325
vt 0.194342 -0.646296
vt 0.184944 -0.615458
vt 0.103142 -0.677325
vt 0.107988 -0.702635
vt 0.209057 -0.670447
vt 0.194342 -0.646296
vt -0.051250 0.107988
vt -0.073861 0.108393
vt -0.070477 0.217992
vt -0.026704 0.209057
vt -0.073861 0.108393
vt -0.097020 0.110607
vt -0.118192 0.227887
vt -0.070477 0.217992
vt 0.110607 -0.685715
vt 0.098847 -0.653397
vt 0.176498 -0.623464
vt 0.227887 -0.654302
vt 0.098847 -0.653397
vt 0.068863 -0.628086
vt 0.139832 -0.599313
vt 0.176498 -0.623464
vt -0.122295 0.068863
vt -0.136639 0.059640
vt -0.201992 0.124939
vt -0.168827 0.139832
vt -0.136639 -0.624611
vt -0.154536 -0.645006
vt -0.239777 -0.615458
vt -0.201992 -0.595997
vt -0.154536 -0.645006
vt -0.177793 -0.677325
vt -0.279814 -0.646296
vt -0.239777 -0.615458
vt -0.177793 -0.677325
vt -0.186749 -0.702635
vt -0.268889 -0.670447
vt -0.279814 -0.646296
vt -0.186749 0.021332
vt -0.179669 0.000000
vt -0.284638 0.000000
vt -0.268889 0.037493
vt -0.179669 0.000000
vt -0.192621 -0.022442
vt -0.306905 -0.044677
vt -0.284638 0.000000
vt -0.192621 -0.685715
vt -0.190672 -0.653397
vt -0.300106 -0.623464
vt -0.306905 -0.654302
vt -0.190672 -0.653397
vt -0.177703 -0.628086
vt -0.268908 -0.599313
vt -0.300106 -0.623464
vt -0.177703 -0.065916
vt -0.148955 -0.071340
vt -0.204665 -0.127479
vt -0.268908 -0.125958
vt -0.148955 -0.071340
vt -0.122671 -0.069398
vt -0.177918 -0.152757
vt -0.204665 -0.127479
vt -0.069398 -0.645006
vt -0.087369 -0.677325
vt -0.180891 -0.646296
vt -0.152757 -0.615458
vt -0.087369 -0.677325
vt -0.094257 -0.702635
vt -0.189287 -0.670447
vt -0.180891 -0.646296
vt -0.093596 -0.094257
vt -0.073861 -0.097814
vt -0.070477 -0.188157
vt -0.110110 -0.189287
vt -0.097814 -0.706111
vt -0.091638 -0.685715
vt -0.170457 -0.654302
vt -0.188157 -0.673763
vt -0.091638 -0.685715
vt -0.091664 -0.653397
vt -0.198735 -0.623464
vt -0.170457 -0.654302
vt -0.033894 -0.091664
vt -0.001703 -0.102592
vt 0.068693 -0.197869
vt 0.016174 -0.198735
vt -0.001703 -0.102592
vt 0.016845 -0.086171
vt 0.100314 -0.162252
vt 0.068693 -0.197869
vt 0.016845 -0.086171
vt 0.025943 -0.063352
vt 0.115697 -0.118178
vt 0.100314 -0.162252
vt 0.025943 -0.645006
vt 0.022745 -0.677325
vt 0.115168 -0.646296
vt 0.115697 -0.615458
vt 0.022745 -0.677325
vt 0.026141 -0.702635
vt 0.150422 -0.670447
vt 0.115168 -0.646296
vt 0.026141 -0.018897
vt 0.037391 -0.000000
vt 0.142887 -0.000000
vt 0.150422 -0.041743
vt 0.142887 0.000000
vt 0.112405 0.034559
vt 0.210194 0.051993
vt 0.235927 0.000000
vt 0.112405 -0.654302
vt 0.094876 -0.623464
vt 0.177761 -0.574587
vt 0.210194 -0.603008
vt 0.094876 0.065067
vt 0.086566 0.099686
vt 0.196112 0.165715
vt 0.177761 0.095508
vt 0.086566 0.099686
vt 0.097641 0.159712
vt 0.178634 0.231406
vt 0.196112 0.165715
vt 0.097641 0.159712
vt 0.059603 0.184944
vt 0.109124 0.247497
vt 0.178634 0.231406
vt 0.059603 0.184944
vt 0.014259 0.194342
vt 0.055865 0.277094
vt 0.109124 0.247497
vt 0.014259 0.194342
vt -0.026704 0.209057
vt -0.003265 0.294615
vt 0.055865 0.277094
vt -0.026704 0.209057
vt -0.070477 0.217992
vt -0.064952 0.338014
vt -0.003265 0.294615
vt -0.070477 0.217992
vt -0.118192 0.227887
vt -0.130966 0.315281
vt -0.064952 0.338014
vt 0.227887 -0.654302
vt 0.176498 -0.623464
vt 0.244804 -0.574587
vt 0.315281 -0.603008
vt 0.176498 -0.623464
vt 0.139832 -0.599313
vt 0.221132 -0.552330
vt 0.244804 -0.574587
vt -0.168827 0.139832
vt -0.201992 0.124939
vt -0.268615 0.193480
vt -0.220484 0.221132
vt -0.201992 0.124939
vt -0.239777 0.107467
vt -0.337460 0.172980
vt -0.268615 0.193480
vt -0.239777 -0.615458
vt -0.279814 -0.646296
vt -0.350044 -0.595630
vt -0.337460 -0.567209
vt -0.279814 0.082375
vt -0.268889 0.037493
vt -0.342869 0.052517
vt -0.350044 0.112185
vt -0.268889 0.037493
vt -0.284638 0.000000
vt -0.389073 0.000000
vt -0.342869 0.052517
vt -0.284638 0.000000
vt -0.306905 -0.044677
vt -0.402797 -0.063841
vt -0.389073 0.000000
vt -0.306905 -0.044677
vt -0.300106 -0.090360
vt -0.399664 -0.131710
vt -0.402797 -0.063841
vt -0.300106 -0.090360
vt -0.268908 -0.125958
vt -0.323557 -0.164155
vt -0.399664 -0.131710
vt -0.268908 -0.125958
vt -0.204665 -0.127479
vt -0.263308 -0.188438
vt -0.323557 -0.164155
vt -0.204665 -0.127479
vt -0.177918 -0.152757
vt -0.238108 -0.246188
vt -0.263308 -0.188438
vt -0.152757 -0.615458
vt -0.180891 -0.646296
vt -0.271460 -0.595630
vt -0.246188 -0.567209
vt -0.149348 -0.180891
vt -0.110110 -0.189287
vt -0.125196 -0.287726
vt -0.183312 -0.271460
vt -0.110110 -0.189287
vt -0.070477 -0.188157
vt -0.064952 -0.255736
vt -0.125196 -0.287726
vt -0.070477 -0.188157
vt -0.034786 -0.170457
vt -0.009034 -0.267060
vt -0.064952 -0.255736
vt -0.034786 -0.170457
vt 0.016174 -0.198735
vt 0.067487 -0.303750
vt -0.009034 -0.267060
vt 0.016174 -0.198735
vt 0.068693 -0.197869
vt 0.126747 -0.272553
vt 0.067487 -0.303750
vt 0.068693 -0.197869
vt 0.100314 -0.162252
vt 0.173327 -0.226364
vt 0.126747 -0.272553
vt 0.100314 -0.162252
vt 0.115697 -0.118178
vt 0.182208 -0.156890
vt 0.173327 -0.226364
vt 0.115697 -0.118178
vt 0.115168 -0.073052
vt 0.227380 -0.115034
vt 0.182208 -0.156890
vt 0.115168 -0.646296
vt 0.150422 -0.670447
vt 0.270121 -0.617887
vt 0.227380 -0.595630
vt 0.150422 -0.041743
vt 0.142887 -0.000000
vt 0.235927 -0.000000
vt 0.270121 -0.063318
vt 0.235927 0.000000
vt 0.210194 0.051993
vt 0.295375 0.066673
vt 0.335712 0.000000
vt 0.210194 0.051993
vt 0.177761 0.095508
vt 0.288194 0.136013
vt 0.295375 0.066673
vt 0.177761 0.095508
vt 0.196112 0.165715
vt 0.311113 0.233955
vt 0.288194 0.136013
vt 0.196112 0.165715
vt 0.178634 0.231406
vt 0.232436 0.275395
vt 0.311113 0.233955
vt 0.178634 0.231406
vt 0.109124 0.247497
vt 0.158767 0.307416
vt 0.232436 0.275395
vt 0.109124 0.247497
vt 0.055865 0.277094
vt 0.088418 0.334556
vt 0.158767 0.307416
vt 0.055865 0.277094
vt -0.003265 0.294615
vt 0.023644 0.387319
vt 0.088418 0.334556
vt -0.003265 0.294615
vt -0.064952 0.338014
vt -0.057453 0.434767
vt 0.023644 0.387319
vt -0.064952 -0.620943
vt -0.130966 -0.603008
vt -0.133743 -0.533392
vt -0.057453 -0.549256
vt 0.315281 -0.603008
vt 0.244804 -0.574587
vt 0.326489 -0.508252
vt 0.364359 -0.533392
vt -0.171690 0.244804
vt -0.220484 0.221132
vt -0.267018 0.297954
vt -0.199807 0.326489
vt -0.220484 0.221132
vt -0.268615 0.193480
vt -0.351066 0.278932
vt -0.267018 0.297954
vt -0.268615 -0.549274
vt -0.337460 -0.567209
vt -0.416665 -0.501726
vt -0.351066 -0.485861
vt 0.172980 -0.567209
vt 0.112185 -0.595630
vt 0.132557 -0.526865
vt 0.228017 -0.501726
vt -0.350044 0.112185
vt -0.342869 0.052517
vt -0.431099 0.070607
vt -0.394319 0.132557
vt -0.342869 0.052517
vt -0.389073 0.000000
vt -0.467773 0.000000
vt -0.431099 0.070607
vt -0.389073 0.000000
vt -0.402797 -0.063841
vt -0.492671 -0.082242
vt -0.467773 0.000000
vt -0.063841 -0.603008
vt -0.131710 -0.574587
vt -0.156093 -0.508252
vt -0.082242 -0.533392
vt -0.399664 -0.574587
vt -0.323557 -0.552330
vt -0.356960 -0.488564
vt -0.454129 -0.508252
vt -0.323557 -0.164155
vt -0.263308 -0.188438
vt -0.335713 -0.264347
vt -0.356960 -0.190118
vt -0.188438 -0.549274
vt -0.246188 -0.567209
vt -0.327253 -0.501726
vt -0.264347 -0.485861
vt -0.238108 -0.246188
vt -0.183312 -0.271460
vt -0.219062 -0.370650
vt -0.287625 -0.327253
vt -0.183312 -0.271460
vt -0.125196 -0.287726
vt -0.133108 -0.361324
vt -0.219062 -0.370650
vt -0.125196 -0.287726
vt -0.064952 -0.255736
vt -0.057453 -0.328543
vt -0.133108 -0.361324
vt -0.064952 -0.255736
vt -0.009034 -0.267060
vt 0.023009 -0.384284
vt -0.057453 -0.328543
vt -0.009034 -0.267060
vt 0.067487 -0.303750
vt 0.107673 -0.378718
vt 0.023009 -0.384284
vt 0.067487 -0.303750
vt 0.126747 -0.272553
vt 0.179374 -0.336715
vt 0.107673 -0.378718
vt 0.126747 -0.272553
vt 0.173327 -0.226364
vt 0.217084 -0.260810
vt 0.179374 -0.336715
vt 0.173327 -0.226364
vt 0.182208 -0.156890
vt 0.251408 -0.196056
vt 0.217084 -0.260810
vt 0.182208 -0.156890
vt 0.227380 -0.115034
vt 0.348004 -0.159549
vt 0.251408 -0.196056
vt 0.227380 -0.115034
vt 0.270121 -0.063318
vt 0.356947 -0.078308
vt 0.348004 -0.159549
vt 0.270121 -0.063318
vt 0.235927 -0.000000
vt 0.335712 -0.000000
vt 0.356947 -0.078308
vt 0.335712 0.000000
vt 0.295375 0.066673
vt 0.383649 0.081607
vt 0.421749 0.000000
vt 0.295375 0.066673
vt 0.288194 0.136013
vt 0.432476 0.189151
vt 0.383649 0.081607
vt 0.136013 -0.508252
vt 0.233955 -0.488564
vt 0.276882 -0.409954
vt 0.189151 -0.426474
vt 0.311113 -0.488564
vt 0.232436 -0.485861
vt 0.282531 -0.407686
vt 0.387984 -0.409954
vt 0.232436 -0.485861
vt 0.158767 -0.501726
vt 0.198518 -0.420998
vt 0.282531 -0.407686
vt 0.158767 -0.501726
vt 0.088418 -0.526865
vt 0.119492 -0.442092
vt 0.198518 -0.420998
vt 0.088418 0.334556
vt 0.023644 0.387319
vt 0.052905 0.482917
vt 0.119492 0.384623
vt 0.023644 -0.546553
vt -0.057453 -0.549256
vt -0.048209 -0.460881
vt 0.052905 -0.458613
vt 0.434767 -0.549256
vt 0.364359 -0.533392
vt 0.414793 -0.447569
vt 0.468375 -0.460881
vt -0.133743 0.364359
vt -0.199807 0.326489
vt -0.223305 0.401583
vt -0.135059 0.414793
vt -0.199807 0.326489
vt -0.267018 0.297954
vt -0.316943 0.382079
vt -0.223305 0.401583
vt -0.267018 0.297954
vt -0.351066 0.278932
vt -0.435947 0.368351
vt -0.316943 0.382079
vt -0.351066 -0.485861
vt -0.416665 -0.501726
vt -0.451499 -0.420998
vt -0.435947 -0.407686
vt 0.228017 -0.501726
vt 0.132557 -0.526865
vt 0.160342 -0.442092
vt 0.255996 -0.420998
vt -0.394319 0.132557
vt -0.431099 0.070607
vt -0.505228 0.086361
vt -0.455682 0.160342
vt 0.070607 -0.546553
vt 0.000000 -0.549256
vt 0.000000 -0.460881
vt 0.086361 -0.458613
vt 0.000000 -0.549256
vt -0.082242 -0.533392
vt -0.095863 -0.447569
vt 0.000000 -0.460881
vt -0.082242 -0.533392
vt -0.156093 -0.508252
vt -0.158968 -0.426474
vt -0.095863 -0.447569
vt -0.454129 -0.508252
vt -0.356960 -0.488564
vt -0.408194 -0.409954
vt -0.452190 -0.426474
vt -0.356960 -0.190118
vt -0.335713 -0.264347
vt -0.394563 -0.329036
vt -0.408194 -0.228508
vt -0.335713 -0.264347
vt -0.287625 -0.327253
vt -0.333471 -0.405578
vt -0.394563 -0.329036
vt -0.287625 -0.327253
vt -0.219062 -0.370650
vt -0.246949 -0.455810
vt -0.333471 -0.405578
vt -0.219062 -0.526865
vt -0.133108 -0.546553
vt -0.133905 -0.458613
vt -0.246949 -0.442092
vt -0.133108 -0.361324
vt -0.057453 -0.328543
vt -0.048209 -0.441302
vt -0.133905 -0.409281
vt -0.057453 -0.549256
vt 0.023009 -0.533392
vt 0.051751 -0.447569
vt -0.048209 -0.460881
vt 0.023009 -0.533392
vt 0.107673 -0.508252
vt 0.143136 -0.426474
vt 0.051751 -0.447569
vt 0.107673 -0.508252
vt 0.179374 -0.488564
vt 0.215047 -0.409954
vt 0.143136 -0.426474
vt -0.336715 -0.488564
vt -0.260810 -0.485861
vt -0.274888 -0.407686
vt -0.374290 -0.409954
vt 0.217084 -0.260810
vt 0.251408 -0.196056
vt 0.344679 -0.249394
vt 0.241147 -0.274888
vt 0.251408 -0.501726
vt 0.348004 -0.526865
vt 0.428984 -0.442092
vt 0.344679 -0.420998
vt -0.159549 -0.526865
vt -0.078308 -0.546553
vt -0.091108 -0.458613
vt -0.187777 -0.442092
vt -0.078308 -0.546553
vt -0.000000 -0.549256
vt -0.000000 -0.460881
vt -0.091108 -0.458613
vt 0.421749 0.000000
vt 0.383649 0.081607
vt 0.515380 0.104476
vt 0.475727 0.000000
vt 0.383649 0.081607
vt 0.432476 0.189151
vt 0.549706 0.231067
vt 0.515380 0.104476
vt 0.189151 -0.426474
vt 0.276882 -0.409954
vt 0.301304 -0.318888
vt 0.231067 -0.331738
vt 0.387984 -0.409954
vt 0.282531 -0.407686
vt 0.333070 -0.317123
vt 0.437167 -0.318888
vt 0.282531 -0.407686
vt 0.198518 -0.420998
vt 0.223829 -0.327478
vt 0.333070 -0.317123
vt 0.198518 0.350791
vt 0.119492 0.384623
vt 0.162822 0.459438
vt 0.223829 0.371551
vt 0.384623 -0.442092
vt 0.482917 -0.458613
vt 0.525037 -0.356737
vt 0.459438 -0.343887
vt 0.052905 -0.458613
vt -0.048209 -0.460881
vt -0.037500 -0.358502
vt 0.072433 -0.356737
vt -0.048209 -0.460881
vt -0.135059 -0.447569
vt -0.135870 -0.348147
vt -0.037500 -0.358502
vt -0.135059 -0.447569
vt -0.223305 -0.426474
vt -0.238173 -0.331738
vt -0.135870 -0.348147
vt -0.223305 0.401583
vt -0.316943 0.382079
vt -0.379424 0.486139
vt -0.238173 0.460245
vt -0.316943 -0.409954
vt -0.435947 -0.407686
vt -0.477459 -0.317123
vt -0.379424 -0.318888
vt 0.368351 -0.407686
vt 0.255996 -0.420998
vt 0.279461 -0.327478
vt 0.417961 -0.317123
vt 0.255996 -0.420998
vt 0.160342 -0.442092
vt 0.192591 -0.343887
vt 0.279461 -0.327478
vt 0.160342 -0.442092
vt 0.086361 -0.458613
vt 0.097934 -0.356737
vt 0.192591 -0.343887
vt 0.086361 -0.458613
vt 0.000000 -0.460881
vt 0.000000 -0.358502
vt 0.097934 -0.356737
vt 0.000000 -0.460881
vt -0.095863 -0.447569
vt -0.096156 -0.348147
vt 0.000000 -0.358502
vt -0.555508 -0.447569
vt -0.452190 -0.426474
vt -0.450423 -0.331738
vt -0.546351 -0.348147
vt -0.158968 -0.426474
vt -0.228508 -0.409954
vt -0.270047 -0.318888
vt -0.162486 -0.331738
vt -0.228508 -0.409954
vt -0.329036 -0.407686
vt -0.375150 -0.317123
vt -0.270047 -0.318888
vt -0.329036 -0.407686
vt -0.405578 -0.420998
vt -0.483537 -0.327478
vt -0.375150 -0.317123
vt -0.333471 -0.420998
vt -0.246949 -0.442092
vt -0.251445 -0.343887
vt -0.377594 -0.327478
vt -0.246949 -0.442092
vt -0.133905 -0.458613
vt -0.138758 -0.356737
vt -0.251445 -0.343887
vt -0.133905 -0.409281
vt -0.048209 -0.441302
vt -0.037500 -0.556679
vt -0.138758 -0.483608
vt -0.048209 -0.460881
vt 0.051751 -0.447569
vt 0.075321 -0.348147
vt -0.037500 -0.358502
vt 0.051751 -0.447569
vt 0.143136 -0.426474
vt 0.176094 -0.331738
vt 0.075321 -0.348147
vt 0.143136 -0.426474
vt 0.215047 -0.409954
vt 0.221999 -0.318888
vt 0.176094 -0.331738
vt -0.374290 -0.409954
vt -0.274888 -0.407686
vt -0.309231 -0.317123
vt -0.368949 -0.318888
vt 0.241147 -0.407686
vt 0.344679 -0.420998
vt 0.422336 -0.327478
vt 0.288006 -0.317123
vt 0.344679 -0.420998
vt 0.428984 -0.442092
vt 0.473202 -0.343887
vt 0.422336 -0.327478
vt -0.187777 -0.442092
vt -0.091108 -0.458613
vt -0.102698 -0.356737
vt -0.200963 -0.343887
vt -0.091108 -0.458613
vt -0.000000 -0.460881
vt -0.000000 -0.358502
vt -0.102698 -0.356737
vt 0.475727 0.000000
vt 0.515380 0.104476
vt 0.655120 0.128643
vt 0.545872 0.000000
vt 0.104476 -0.348147
vt 0.231067 -0.331738
vt 0.248163 -0.226922
vt 0.128643 -0.238146
vt 0.549706 -0.331738
vt 0.437167 -0.318888
vt 0.489487 -0.218132
vt 0.604999 -0.226922
vt 0.437167 -0.318888
vt 0.333070 -0.317123
vt 0.359124 -0.216925
vt 0.489487 -0.218132
vt 0.333070 -0.317123
vt 0.223829 -0.327478
vt 0.263093 -0.224008
vt 0.359124 -0.216925
vt 0.371551 -0.327478
vt 0.459438 -0.343887
vt 0.523566 -0.235232
vt 0.410530 -0.224008
vt 0.162822 -0.343887
vt 0.072433 -0.356737
vt 0.080179 -0.244023
vt 0.202631 -0.235232
vt 0.072433 -0.356737
vt -0.037500 -0.358502
vt -0.025652 -0.245230
vt 0.080179 -0.244023
vt -0.037500 -0.358502
vt -0.135870 -0.348147
vt -0.129777 -0.238146
vt -0.025652 -0.245230
vt -0.135870 -0.348147
vt -0.238173 -0.331738
vt -0.259595 -0.226922
vt -0.129777 -0.238146
vt -0.238173 -0.331738
vt -0.379424 -0.318888
vt -0.421481 -0.218132
vt -0.259595 -0.226922
vt -0.379424 -0.318888
vt -0.477459 -0.317123
vt -0.475870 -0.216925
vt -0.421481 -0.218132
vt 0.417961 -0.317123
vt 0.279461 -0.327478
vt 0.316321 -0.224008
vt 0.427708 -0.216925
vt 0.279461 -0.327478
vt 0.192591 -0.343887
vt 0.213972 -0.235232
vt 0.316321 -0.224008
vt 0.192591 -0.343887
vt 0.097934 -0.356737
vt 0.111907 -0.244023
vt 0.213972 -0.235232
vt 0.097934 -0.356737
vt 0.000000 -0.358502
vt 0.000000 -0.245230
vt 0.111907 -0.244023
vt 0.000000 -0.358502
vt -0.096156 -0.348147
vt -0.089055 -0.238146
vt 0.000000 -0.245230
vt -0.546351 -0.348147
vt -0.450423 -0.331738
vt -0.480204 -0.226922
vt -0.496926 -0.238146
vt -0.162486 -0.331738
vt -0.270047 -0.318888
vt -0.292958 -0.218132
vt -0.178868 -0.226922
vt -0.270047 -0.318888
vt -0.375150 -0.317123
vt -0.423513 -0.216925
vt -0.292958 -0.218132
vt -0.375150 -0.317123
vt -0.483537 -0.327478
vt -0.517294 -0.224008
vt -0.423513 -0.216925
vt -0.377594 -0.327478
vt -0.251445 -0.343887
vt -0.246875 -0.235232
vt -0.389488 -0.224008
vt -0.251445 -0.343887
vt -0.138758 -0.356737
vt -0.148977 -0.244023
vt -0.246875 -0.235232
vt -0.138758 -0.356737
vt -0.037500 -0.358502
vt -0.025652 -0.245230
vt -0.148977 -0.244023
vt -0.037500 -0.358502
vt 0.075321 -0.348147
vt 0.099380 -0.238146
vt -0.025652 -0.245230
vt 0.075321 -0.348147
vt 0.176094 -0.331738
vt 0.189911 -0.226922
vt 0.099380 -0.238146
vt -0.489877 -0.331738
vt -0.368949 -0.318888
vt -0.365044 -0.218132
vt -0.494393 -0.226922
vt 0.221999 -0.368949
vt 0.288006 -0.309231
vt 0.354709 -0.361342
vt 0.231101 -0.365044
vt 0.288006 -0.317123
vt 0.422336 -0.327478
vt 0.452681 -0.224008
vt 0.354709 -0.216925
vt -0.291890 -0.327478
vt -0.200963 -0.343887
vt -0.213059 -0.235232
vt -0.303631 -0.224008
vt -0.200963 -0.343887
vt -0.102698 -0.356737
vt -0.105791 -0.244023
vt -0.213059 -0.235232
vt -0.102698 -0.356737
vt -0.000000 -0.358502
vt -0.000000 -0.245230
vt -0.105791 -0.244023
vt 0.000000 -0.245230
vt 0.128643 -0.238146
vt 0.139390 -0.120910
vt 0.000000 -0.124506
vt 0.128643 -0.238146
vt 0.248163 -0.226922
vt 0.255981 -0.115211
vt 0.139390 -0.120910
vt 0.604999 -0.226922
vt 0.489487 -0.218132
vt 0.521031 -0.110749
vt 0.637496 -0.115211
vt 0.489487 -0.218132
vt 0.359124 -0.216925
vt 0.376679 -0.110136
vt 0.521031 -0.110749
vt 0.359124 -0.216925
vt 0.263093 -0.224008
vt 0.322334 -0.113732
vt 0.376679 -0.110136
vt 0.410530 -0.224008
vt 0.523566 -0.235232
vt 0.523533 -0.119431
vt 0.476804 -0.113732
vt 0.202631 -0.235232
vt 0.080179 -0.244023
vt 0.088774 -0.123894
vt 0.215244 -0.119431
vt 0.080179 -0.244023
vt -0.025652 -0.245230
vt -0.013024 -0.124506
vt 0.088774 -0.123894
vt -0.025652 -0.245230
vt -0.129777 -0.238146
vt -0.121942 -0.120910
vt -0.013024 -0.124506
vt -0.129777 -0.238146
vt -0.259595 -0.226922
vt -0.283531 -0.115211
vt -0.121942 -0.120910
vt -0.259595 -0.226922
vt -0.421481 -0.218132
vt -0.412133 -0.110749
vt -0.283531 -0.115211
vt 0.562780 -0.218132
vt 0.427708 -0.216925
vt 0.440155 -0.110136
vt 0.567444 -0.110749
vt 0.427708 -0.216925
vt 0.316321 -0.224008
vt 0.343578 -0.113732
vt 0.440155 -0.110136
vt 0.316321 -0.224008
vt 0.213972 -0.235232
vt 0.231634 -0.119431
vt 0.343578 -0.113732
vt 0.213972 -0.235232
vt 0.111907 -0.244023
vt 0.124635 -0.123894
vt 0.231634 -0.119431
vt 0.111907 -0.244023
vt 0.000000 -0.245230
vt 0.000000 -0.124506
vt 0.124635 -0.123894
vt -0.628744 -0.245230
vt -0.496926 -0.238146
vt -0.482737 -0.120910
vt -0.574543 -0.124506
vt -0.089055 -0.238146
vt -0.178868 -0.226922
vt -0.191551 -0.115211
vt -0.088760 -0.120910
vt -0.178868 -0.226922
vt -0.292958 -0.218132
vt -0.310715 -0.110749
vt -0.191551 -0.115211
vt -0.292958 -0.218132
vt -0.423513 -0.216925
vt -0.456715 -0.110136
vt -0.310715 -0.110749
vt -0.423513 -0.216925
vt -0.517294 -0.224008
vt -0.495566 -0.113732
vt -0.456715 -0.110136
vt -0.389488 -0.224008
vt -0.246875 -0.235232
vt -0.255843 -0.119431
vt -0.361578 -0.113732
vt -0.246875 -0.235232
vt -0.148977 -0.244023
vt -0.151384 -0.123894
vt -0.255843 -0.119431
vt -0.148977 -0.244023
vt -0.025652 -0.245230
vt -0.013024 -0.124506
vt -0.151384 -0.123894
vt -0.025652 -0.245230
vt 0.099380 -0.238146
vt 0.118216 -0.120910
vt -0.013024 -0.124506
vt -0.597145 -0.238146
vt -0.494393 -0.226922
vt -0.460030 -0.115211
vt -0.626798 -0.120910
vt -0.494393 -0.226922
vt -0.365044 -0.218132
vt -0.404926 -0.110749
vt -0.460030 -0.115211
vt 0.231101 -0.218132
vt 0.354709 -0.216925
vt 0.394111 -0.110136
vt 0.271779 -0.110749
vt 0.354709 -0.216925
vt 0.452681 -0.224008
vt 0.469260 -0.113732
vt 0.394111 -0.110136
vt -0.303631 -0.224008
vt -0.213059 -0.235232
vt -0.215899 -0.119431
vt -0.306139 -0.113732
vt -0.213059 -0.235232
vt -0.105791 -0.244023
vt -0.103515 -0.123894
vt -0.215899 -0.119431
vt -0.105791 -0.244023
vt -0.000000 -0.245230
vt -0.000000 -0.124506
vt -0.103515 -0.123894
vt 0.000000 -0.124506
vt 0.139390 -0.120910
vt 0.137699 0.000000
vt 0.000000 0.000000
vt 0.139390 -0.120910
vt 0.255981 -0.115211
vt 0.259279 0.000000
vt 0.137699 0.000000
vt 0.637496 -0.115211
vt 0.521031 -0.110749
vt 0.511436 0.000000
vt 0.658899 0.000000
vt 0.521031 -0.110749
vt 0.376679 -0.110136
vt 0.424880 0.000000
vt 0.511436 0.000000
vt 0.370217 -0.110136
vt 0.476804 -0.113732
vt 0.510344 0.000000
vt 0.403636 0.000000
vt 0.322334 -0.113732
vt 0.215244 -0.119431
vt 0.213117 0.000000
vt 0.358948 0.000000
vt 0.215244 -0.119431
vt 0.088774 -0.123894
vt 0.101339 0.000000
vt 0.213117 0.000000
vt 0.088774 -0.123894
vt -0.013024 -0.124506
vt 0.000000 0.000000
vt 0.101339 0.000000
vt -0.013024 -0.124506
vt -0.121942 -0.120910
vt -0.120886 0.000000
vt 0.000000 0.000000
vt -0.121942 -0.120910
vt -0.283531 -0.115211
vt -0.279523 0.000000
vt -0.120886 0.000000
vt -0.283531 -0.115211
vt -0.412133 -0.110749
vt -0.377624 0.000000
vt -0.279523 0.000000
vt 0.567444 -0.110749
vt 0.440155 -0.110136
vt 0.455303 0.000000
vt 0.536896 0.000000
vt 0.440155 -0.110136
vt 0.343578 -0.113732
vt 0.349443 0.000000
vt 0.455303 0.000000
vt 0.343578 -0.113732
vt 0.231634 -0.119431
vt 0.255144 0.000000
vt 0.349443 0.000000
vt 0.231634 -0.119431
vt 0.124635 -0.123894
vt 0.123094 0.000000
vt 0.255144 0.000000
vt 0.124635 -0.123894
vt 0.000000 -0.124506
vt 0.000000 0.000000
vt 0.123094 0.000000
vt -0.574543 -0.124506
vt -0.482737 -0.120910
vt -0.497288 0.000000
vt -0.514716 0.000000
vt -0.088760 -0.120910
vt -0.191551 -0.115211
vt -0.195158 0.000000
vt -0.093971 0.000000
vt -0.191551 -0.115211
vt -0.310715 -0.110749
vt -0.335096 0.000000
vt -0.195158 0.000000
vt -0.310715 -0.110749
vt -0.456715 -0.110136
vt -0.436054 0.000000
vt -0.335096 0.000000
vt -0.493777 -0.110136
vt -0.361578 -0.113732
vt -0.335514 0.000000
vt -0.459004 0.000000
vt -0.361578 -0.113732
vt -0.255843 -0.119431
vt -0.265237 0.000000
vt -0.335514 0.000000
vt -0.255843 -0.119431
vt -0.151384 -0.123894
vt -0.142523 0.000000
vt -0.265237 0.000000
vt -0.151384 -0.123894
vt -0.013024 -0.124506
vt -0.000000 0.000000
vt -0.142523 0.000000
vt -0.013024 -0.124506
vt 0.118216 -0.120910
vt 0.122977 0.000000
vt -0.000000 0.000000
vt -0.626798 -0.120910
vt -0.460030 -0.115211
vt -0.456021 0.000000
vt -0.587335 0.000000
vt 0.187556 -0.115211
vt 0.271779 -0.110749
vt 0.316839 0.000000
vt 0.198832 0.000000
vt 0.271779 -0.110749
vt 0.394111 -0.110136
vt 0.404618 0.000000
vt 0.316839 0.000000
vt -0.386778 -0.110136
vt -0.306139 -0.113732
vt -0.310297 0.000000
vt -0.384387 0.000000
vt -0.306139 -0.113732
vt -0.215899 -0.119431
vt -0.199293 0.000000
vt -0.310297 0.000000
vt -0.215899 -0.119431
vt -0.103515 -0.123894
vt -0.108576 0.000000
vt -0.199293 0.000000
vt 0.534771 -0.123894
vt 0.656467 -0.124506
vt 0.735284 0.000000
vt 0.574577 0.000000
vt 0.000000 0.000000
vt 0.137699 0.000000
vt 0.133084 0.120910
vt 0.000000 0.124506
vt 0.137699 0.000000
vt 0.259279 0.000000
vt 0.242134 0.115211
vt 0.133084 0.120910
vt 0.658899 0.000000
vt 0.511436 0.000000
vt 0.507449 0.110749
vt 0.628352 0.115211
vt 0.511436 0.000000
vt 0.424880 0.000000
vt 0.478569 0.110136
vt 0.507449 0.110749
vt 0.403636 0.000000
vt 0.510344 0.000000
vt 0.485011 0.113732
vt 0.442268 0.110136
vt 0.358948 0.000000
vt 0.213117 0.000000
vt 0.218562 0.119431
vt 0.354154 0.113732
vt 0.213117 0.000000
vt 0.101339 0.000000
vt 0.109496 0.123894
vt 0.218562 0.119431
vt 0.101339 0.000000
vt 0.000000 0.000000
vt 0.013024 0.124506
vt 0.109496 0.123894
vt 0.000000 0.000000
vt -0.120886 0.000000
vt -0.117174 0.120910
vt 0.013024 0.124506
vt -0.120886 0.000000
vt -0.279523 0.000000
vt -0.243221 0.115211
vt -0.117174 0.120910
vt 0.641086 0.000000
vt 0.536896 0.000000
vt 0.515583 0.110749
vt 0.587698 0.115211
vt -0.377624 0.000000
vt -0.479266 0.000000
vt -0.450713 0.110136
vt -0.349609 0.110749
vt 0.455303 0.000000
vt 0.349443 0.000000
vt 0.357472 0.113732
vt 0.440550 0.110136
vt -0.550504 0.000000
vt -0.648391 0.000000
vt -0.655570 0.119431
vt -0.550129 0.113732
vt 0.255144 0.000000
vt 0.123094 0.000000
vt 0.109660 0.123894
vt 0.263093 0.119431
vt -0.651405 0.000000
vt -0.514716 0.000000
vt -0.500318 0.124506
vt -0.567291 0.123894
vt 0.000000 0.000000
vt -0.093971 0.000000
vt -0.095067 0.120910
vt 0.000000 0.124506
vt -0.093971 0.000000
vt -0.195158 0.000000
vt -0.205399 0.115211
vt -0.095067 0.120910
vt -0.195158 0.000000
vt -0.335096 0.000000
vt -0.335871 0.110749
vt -0.205399 0.115211
vt -0.335096 0.000000
vt -0.436054 0.000000
vt -0.384665 0.110136
vt -0.335871 0.110749
vt -0.459004 0.000000
vt -0.335514 0.000000
vt -0.329758 0.113732
vt -0.391887 0.110136
vt -0.477026 0.000000
vt -0.608323 0.000000
vt -0.609037 0.119431
vt -0.487359 0.113732
vt -0.265237 0.000000
vt -0.142523 0.000000
vt -0.130662 0.123894
vt -0.252525 0.119431
vt -0.142523 0.000000
vt -0.000000 0.000000
vt 0.013024 0.124506
vt -0.130662 0.123894
vt -0.000000 0.000000
vt 0.122977 0.000000
vt 0.122984 0.120910
vt 0.013024 0.124506
vt -0.587335 0.000000
vt -0.456021 0.000000
vt -0.492741 0.115211
vt -0.525170 0.120910
vt 0.198832 0.000000
vt 0.316839 0.000000
vt 0.334303 0.110749
vt 0.227866 0.115211
vt 0.316839 0.000000
vt 0.404618 0.000000
vt 0.419743 0.110136
vt 0.334303 0.110749
vt 0.404618 0.000000
vt 0.488833 0.000000
vt 0.473418 0.113732
vt 0.419743 0.110136
vt -0.310297 0.000000
vt -0.199293 0.000000
vt -0.184439 0.119431
vt -0.292244 0.113732
vt -0.199293 0.000000
vt -0.108576 0.000000
vt -0.118490 0.123894
vt -0.184439 0.119431
vt 0.574577 0.000000
vt 0.735284 0.000000
vt 0.730691 0.124506
vt 0.640065 0.123894
vt 0.000000 0.124506
vt 0.133084 0.120910
vt 0.122507 0.238146
vt 0.000000 0.245230
vt 0.133084 0.120910
vt 0.242134 0.115211
vt 0.210620 0.226922
vt 0.122507 0.238146
vt 0.628352 0.115211
vt 0.507449 0.110749
vt 0.534816 0.218132
vt 0.560896 0.226922
vt 0.313846 0.110749
vt 0.442268 0.110136
vt 0.433023 0.216925
vt 0.323202 0.218132
vt 0.478569 0.110136
vt 0.354154 0.113732
vt 0.340165 0.224008
vt 0.481466 0.216925
vt 0.354154 0.113732
vt 0.218562 0.119431
vt 0.222414 0.235232
vt 0.340165 0.224008
vt 0.218562 0.119431
vt 0.109496 0.123894
vt 0.116163 0.244023
vt 0.222414 0.235232
vt 0.109496 0.123894
vt 0.013024 0.124506
vt 0.025652 0.245230
vt 0.116163 0.244023
vt 0.013024 0.124506
vt -0.117174 0.120910
vt -0.097730 0.238146
vt 0.025652 0.245230
vt -0.117174 0.120910
vt -0.243221 0.115211
vt -0.203234 0.226922
vt -0.097730 0.238146
vt -0.243221 0.115211
vt -0.349609 0.110749
vt -0.312476 0.218132
vt -0.203234 0.226922
vt -0.349609 0.110749
vt -0.450713 0.110136
vt -0.405257 0.216925
vt -0.312476 0.218132
vt -0.450713 0.110136
vt -0.550129 0.113732
vt -0.550171 0.224008
vt -0.405257 0.216925
vt -0.550129 0.113732
vt -0.655570 0.119431
vt -0.576939 0.235232
vt -0.550171 0.224008
vt 0.263093 0.119431
vt 0.109660 0.123894
vt 0.099238 0.244023
vt 0.237121 0.235232
vt 0.109660 0.123894
vt 0.000000 0.124506
vt 0.000000 0.245230
vt 0.099238 0.244023
vt 0.000000 0.124506
vt -0.095067 0.120910
vt -0.095191 0.238146
vt 0.000000 0.245230
vt -0.095067 0.120910
vt -0.205399 0.115211
vt -0.216410 0.226922
vt -0.095191 0.238146
vt -0.205399 0.115211
vt -0.335871 0.110749
vt -0.296750 0.218132
vt -0.216410 0.226922
vt -0.516098 0.110749
vt -0.391887 0.110136
vt -0.349113 0.216925
vt -0.441841 0.218132
vt -0.384665 0.110136
vt -0.487359 0.113732
vt -0.480656 0.224008
vt -0.356026 0.216925
vt -0.487359 0.113732
vt -0.609037 0.119431
vt -0.579669 0.235232
vt -0.480656 0.224008
vt -0.252525 0.119431
vt -0.130662 0.123894
vt -0.112993 0.244023
vt -0.227092 0.235232
vt -0.130662 0.123894
vt 0.013024 0.124506
vt 0.025652 0.245230
vt -0.112993 0.244023
vt -0.676970 0.124506
vt -0.525170 0.120910
vt -0.505177 0.238146
vt -0.577271 0.245230
vt 0.122984 0.120910
vt 0.227866 0.115211
vt 0.246272 0.226922
vt 0.131426 0.238146
vt 0.227866 0.115211
vt 0.334303 0.110749
vt 0.340106 0.218132
vt 0.246272 0.226922
vt 0.334303 0.110749
vt 0.419743 0.110136
vt 0.425322 0.216925
vt 0.340106 0.218132
vt -0.386383 0.110136
vt -0.292244 0.113732
vt -0.254438 0.224008
vt -0.379687 0.216925
vt -0.292244 0.113732
vt -0.184439 0.119431
vt -0.189910 0.235232
vt -0.254438 0.224008
vt 0.481735 0.119431
vt 0.640065 0.123894
vt 0.652538 0.244023
vt 0.508264 0.235232
vt -0.118490 0.123894
vt -0.000000 0.124506
vt -0.000000 0.245230
vt -0.118461 0.244023
vt 0.000000 0.245230
vt 0.122507 0.238146
vt 0.101358 0.348147
vt 0.000000 0.358502
vt 0.673951 0.238146
vt 0.560896 0.226922
vt 0.520940 0.331738
vt 0.573878 0.348147
vt 0.210620 0.226922
vt 0.323202 0.218132
vt 0.318071 0.318888
vt 0.190235 0.331738
vt 0.323202 0.218132
vt 0.433023 0.216925
vt 0.383971 0.317123
vt 0.318071 0.318888
vt 0.481466 0.216925
vt 0.340165 0.224008
vt 0.330138 0.327478
vt 0.441680 0.317123
vt 0.340165 0.224008
vt 0.222414 0.235232
vt 0.213304 0.343887
vt 0.330138 0.327478
vt 0.222414 0.235232
vt 0.116163 0.244023
vt 0.130486 0.356737
vt 0.213304 0.343887
vt 0.432282 0.244023
vt 0.538614 0.245230
vt 0.545700 0.358502
vt 0.444099 0.356737
vt 0.025652 0.245230
vt -0.097730 0.238146
vt -0.069347 0.348147
vt 0.037500 0.358502
vt -0.097730 0.238146
vt -0.203234 0.226922
vt -0.168575 0.331738
vt -0.069347 0.348147
vt -0.203234 0.226922
vt -0.312476 0.218132
vt -0.255026 0.318888
vt -0.168575 0.331738
vt -0.312476 0.218132
vt -0.405257 0.216925
vt -0.374828 0.317123
vt -0.255026 0.318888
vt -0.405257 0.216925
vt -0.550171 0.224008
vt -0.492932 0.327478
vt -0.374828 0.317123
vt -0.550171 0.365514
vt -0.576939 0.237121
vt -0.464688 0.197612
vt -0.492932 0.336702
vt 0.237121 0.235232
vt 0.099238 0.244023
vt 0.093213 0.356737
vt 0.197612 0.343887
vt 0.099238 0.244023
vt 0.000000 0.245230
vt 0.000000 0.358502
vt 0.093213 0.356737
vt 0.000000 0.245230
vt -0.095191 0.238146
vt -0.099274 0.348147
vt 0.000000 0.358502
vt -0.095191 0.238146
vt -0.216410 0.226922
vt -0.203319 0.331738
vt -0.099274 0.348147
vt -0.524307 -0.216410
vt -0.441841 -0.296750
vt -0.361511 -0.253280
vt -0.479189 -0.203319
vt -0.441841 0.218132
vt -0.349113 0.216925
vt -0.323785 0.317123
vt -0.361511 0.318888
vt -0.356026 0.216925
vt -0.480656 0.224008
vt -0.439022 0.327478
vt -0.343221 0.317123
vt -0.480656 0.224008
vt -0.579669 0.235232
vt -0.546915 0.343887
vt -0.439022 0.327478
vt -0.227092 -0.579669
vt -0.112993 -0.662161
vt -0.080705 -0.564545
vt -0.200963 -0.546915
vt -0.112993 0.244023
vt 0.025652 0.245230
vt 0.037500 0.358502
vt -0.080705 0.356737
vt 0.025652 0.245230
vt 0.131426 0.238146
vt 0.141844 0.348147
vt 0.037500 0.358502
vt 0.131426 0.238146
vt 0.246272 0.226922
vt 0.245692 0.331738
vt 0.141844 0.348147
vt 0.246272 0.226922
vt 0.340106 0.218132
vt 0.346396 0.318888
vt 0.245692 0.331738
vt 0.340106 0.218132
vt 0.425322 0.216925
vt 0.390637 0.317123
vt 0.346396 0.318888
vt -0.379687 0.216925
vt -0.254438 0.224008
vt -0.234649 0.327478
vt -0.335481 0.317123
vt 0.426487 0.224008
vt 0.508264 0.235232
vt 0.535441 0.343887
vt 0.407160 0.327478
vt 0.508264 0.235232
vt 0.652538 0.244023
vt 0.605953 0.356737
vt 0.535441 0.343887
vt -0.118461 0.244023
vt -0.000000 0.245230
vt -0.000000 0.358502
vt -0.107419 0.356737
vt 0.635932 0.000000
vt 0.573878 0.101358
vt 0.470873 0.079869
vt 0.543747 0.000000
vt 0.101358 0.348147
vt 0.190235 0.331738
vt 0.178522 0.426474
vt 0.079869 0.447569
vt 0.190235 0.331738
vt 0.318071 0.318888
vt 0.275809 0.409954
vt 0.178522 0.426474
vt 0.538581 0.318888
vt 0.441680 0.317123
vt 0.399062 0.407686
vt 0.482711 0.409954
vt 0.441680 0.317123
vt 0.330138 0.327478
vt 0.302232 0.420998
vt 0.399062 0.407686
vt 0.330138 0.327478
vt 0.213304 0.343887
vt 0.206986 0.442092
vt 0.302232 0.420998
vt 0.213304 0.343887
vt 0.130486 0.356737
vt 0.144986 0.458613
vt 0.206986 0.442092
vt 0.444099 0.356737
vt 0.545700 0.358502
vt 0.482288 0.460881
vt 0.462204 0.458613
vt 0.037500 0.358502
vt -0.069347 0.348147
vt -0.044093 0.447569
vt 0.048209 0.460881
vt -0.069347 0.510299
vt -0.168575 0.472633
vt -0.125455 0.398299
vt -0.044093 0.440831
vt -0.168575 0.472633
vt -0.255026 0.415907
vt -0.204188 0.358852
vt -0.125455 0.398299
vt -0.255026 0.318888
vt -0.374828 0.317123
vt -0.334062 0.407686
vt -0.204188 0.409954
vt -0.374828 0.391712
vt -0.492932 0.336702
vt -0.377022 0.269924
vt -0.334062 0.363158
vt 0.336702 0.327478
vt 0.197612 0.343887
vt 0.166896 0.442092
vt 0.269924 0.420998
vt 0.197612 0.343887
vt 0.093213 0.356737
vt 0.082774 0.458613
vt 0.166896 0.442092
vt 0.093213 0.356737
vt 0.000000 0.358502
vt 0.000000 0.460881
vt 0.082774 0.458613
vt 0.000000 0.358502
vt -0.099274 0.348147
vt -0.097600 0.447569
vt 0.000000 0.460881
vt -0.487853 -0.099274
vt -0.479189 -0.203319
vt -0.382783 -0.169597
vt -0.468283 -0.097600
vt -0.479189 0.331738
vt -0.361511 0.318888
vt -0.313467 0.409954
vt -0.382783 0.426474
vt -0.253280 0.318888
vt -0.343221 0.317123
vt -0.309929 0.407686
vt -0.229581 0.409954
vt -0.343221 0.317123
vt -0.439022 0.327478
vt -0.395205 0.420998
vt -0.309929 0.407686
vt -0.439022 0.327478
vt -0.546915 0.343887
vt -0.476277 0.442092
vt -0.395205 0.420998
vt -0.200963 -0.546915
vt -0.080705 -0.564545
vt -0.041824 -0.429995
vt -0.159454 -0.476277
vt -0.080705 0.356737
vt 0.037500 0.358502
vt 0.048209 0.460881
vt -0.041824 0.458613
vt 0.037500 0.358502
vt 0.141844 0.348147
vt 0.142717 0.447569
vt 0.048209 0.460881
vt 0.141844 0.348147
vt 0.245692 0.331738
vt 0.240986 0.426474
vt 0.142717 0.447569
vt 0.245692 0.331738
vt 0.346396 0.318888
vt 0.327801 0.409954
vt 0.240986 0.426474
vt -0.439181 0.318888
vt -0.335481 0.317123
vt -0.280082 0.407686
vt -0.397517 0.409954
vt -0.335481 0.317123
vt -0.234649 0.327478
vt -0.235466 0.420998
vt -0.280082 0.407686
vt 0.407160 0.327478
vt 0.535441 0.343887
vt 0.508746 0.442092
vt 0.419156 0.420998
vt -0.195941 0.343887
vt -0.107419 0.356737
vt -0.094695 0.458613
vt -0.181223 0.442092
vt -0.107419 0.356737
vt -0.000000 0.358502
vt -0.000000 0.460881
vt -0.094695 0.458613
vt 0.543747 0.460881
vt 0.470873 0.447569
vt 0.410711 0.533392
vt 0.420262 0.549256
vt 0.079869 0.447569
vt 0.178522 0.426474
vt 0.152656 0.508252
vt 0.066754 0.533392
vt 0.501883 0.178522
vt 0.482711 0.275809
vt 0.404240 0.220130
vt 0.445393 0.152656
vt 0.482711 0.275809
vt 0.399062 0.333310
vt 0.348253 0.276259
vt 0.404240 0.220130
vt 0.399062 0.333310
vt 0.302232 0.361164
vt 0.259814 0.287711
vt 0.348253 0.276259
vt 0.302232 0.420998
vt 0.206986 0.442092
vt 0.210050 0.526865
vt 0.259814 0.501726
vt 0.364156 0.442092
vt 0.462204 0.458613
vt 0.420765 0.546553
vt 0.349981 0.526865
vt 0.144986 0.458613
vt 0.048209 0.460881
vt 0.057453 0.549256
vt 0.145554 0.546553
vt 0.048209 0.482288
vt -0.044093 0.440831
vt -0.019554 0.367783
vt 0.057453 0.397748
vt -0.044093 0.440831
vt -0.125455 0.398299
vt -0.079051 0.313072
vt -0.019554 0.367783
vt -0.125455 0.426474
vt -0.204188 0.409954
vt -0.167774 0.488564
vt -0.079051 0.508252
vt -0.204188 0.409954
vt -0.334062 0.407686
vt -0.249639 0.485861
vt -0.167774 0.488564
vt -0.334062 0.363158
vt -0.377022 0.269924
vt -0.263034 0.203436
vt -0.249639 0.291738
vt -0.377022 0.269924
vt -0.375920 0.166896
vt -0.291352 0.137256
vt -0.263034 0.203436
vt 0.166896 0.442092
vt 0.082774 0.458613
vt 0.069499 0.546553
vt 0.137256 0.526865
vt 0.082774 0.458613
vt 0.000000 0.460881
vt 0.000000 0.549256
vt 0.069499 0.546553
vt 0.000000 0.460881
vt -0.097600 0.447569
vt -0.082160 0.533392
vt 0.000000 0.549256
vt -0.468283 0.447569
vt -0.382783 0.426474
vt -0.296929 0.508252
vt -0.377334 0.533392
vt -0.382783 0.426474
vt -0.313467 0.409954
vt -0.263833 0.488564
vt -0.296929 0.508252
vt -0.313467 -0.229581
vt -0.278032 -0.309929
vt -0.219897 -0.263483
vt -0.263833 -0.203943
vt -0.309929 0.407686
vt -0.395205 0.420998
vt -0.346958 0.501726
vt -0.263483 0.485861
vt -0.229757 -0.395205
vt -0.159454 -0.476277
vt -0.097430 -0.355226
vt -0.186578 -0.346958
vt -0.159454 -0.476277
vt -0.041824 -0.429995
vt -0.011198 -0.327879
vt -0.097430 -0.355226
vt -0.041824 0.458613
vt 0.048209 0.460881
vt 0.057453 0.549256
vt -0.011198 0.546553
vt 0.048209 0.460881
vt 0.142717 0.447569
vt 0.137198 0.533392
vt 0.057453 0.549256
vt 0.142717 0.447569
vt 0.240986 0.426474
vt 0.228429 0.508252
vt 0.137198 0.533392
vt 0.240986 -0.442133
vt 0.327801 -0.397517
vt 0.278618 -0.314447
vt 0.228429 -0.392134
vt -0.397517 0.409954
vt -0.280082 0.407686
vt -0.248004 0.485861
vt -0.314447 0.488564
vt 0.343032 0.407686
vt 0.419156 0.420998
vt 0.405039 0.501726
vt 0.318510 0.485861
vt 0.419156 0.420998
vt 0.508746 0.442092
vt 0.450971 0.526865
vt 0.405039 0.501726
vt -0.181223 0.442092
vt -0.094695 0.458613
vt -0.079416 0.546553
vt -0.154850 0.526865
vt 0.549329 -0.094695
vt 0.543747 -0.000000
vt 0.420262 -0.000000
vt 0.477715 -0.079416
vt 0.000000 0.549256
vt 0.066754 0.533392
vt 0.054865 0.603008
vt 0.000000 0.620943
vt 0.410711 0.066754
vt 0.445393 0.152656
vt 0.352306 0.113075
vt 0.355292 0.054865
vt 0.445393 0.152656
vt 0.404240 0.220130
vt 0.328811 0.167490
vt 0.352306 0.113075
vt 0.404240 0.220130
vt 0.348253 0.276259
vt 0.275298 0.199829
vt 0.328811 0.167490
vt 0.348253 0.276259
vt 0.259814 0.287711
vt 0.226970 0.230353
vt 0.275298 0.199829
vt 0.287711 0.501726
vt 0.349981 0.526865
vt 0.310920 0.595630
vt 0.230353 0.567209
vt 0.349981 0.526865
vt 0.420765 0.546553
vt 0.328849 0.617887
vt 0.310920 0.595630
vt 0.145554 0.420765
vt 0.057453 0.397748
vt 0.064952 0.315020
vt 0.133807 0.328849
vt 0.057453 0.397748
vt -0.019554 0.367783
vt 0.007948 0.272249
vt 0.064952 0.315020
vt -0.019554 0.367783
vt -0.079051 0.313072
vt -0.044153 0.250231
vt 0.007948 0.272249
vt -0.079051 0.313072
vt -0.167774 0.320222
vt -0.117580 0.259519
vt -0.044153 0.250231
vt -0.167774 0.320222
vt -0.249639 0.291738
vt -0.147747 0.202064
vt -0.117580 0.259519
vt -0.249639 0.291738
vt -0.263034 0.203436
vt -0.171294 0.149962
vt -0.147747 0.202064
vt -0.263034 0.203436
vt -0.291352 0.137256
vt -0.192614 0.101353
vt -0.171294 0.149962
vt -0.291352 0.137256
vt -0.310331 0.069499
vt -0.244338 0.058445
vt -0.192614 0.101353
vt -0.310331 0.069499
vt -0.383223 0.000000
vt -0.301445 0.000000
vt -0.244338 0.058445
vt -0.383223 0.000000
vt -0.377334 -0.082160
vt -0.257699 -0.060970
vt -0.301445 0.000000
vt -0.377334 0.533392
vt -0.296929 0.508252
vt -0.225119 0.574587
vt -0.257699 0.603008
vt -0.296929 -0.139451
vt -0.263833 -0.203943
vt -0.190858 -0.162380
vt -0.225119 -0.114144
vt -0.263833 -0.203943
vt -0.219897 -0.263483
vt -0.166644 -0.220016
vt -0.190858 -0.162380
vt -0.219897 -0.263483
vt -0.186578 -0.346958
vt -0.120261 -0.263332
vt -0.166644 -0.220016
vt -0.186578 -0.346958
vt -0.097430 -0.355226
vt -0.038660 -0.237634
vt -0.120261 -0.263332
vt -0.097430 -0.355226
vt -0.011198 -0.327879
vt 0.011875 -0.253493
vt -0.038660 -0.237634
vt -0.011198 -0.327879
vt 0.057453 -0.365562
vt 0.064952 -0.278730
vt 0.011875 -0.253493
vt 0.057453 -0.365562
vt 0.137198 -0.380860
vt 0.129880 -0.310093
vt 0.064952 -0.278730
vt 0.137198 -0.380860
vt 0.228429 -0.392134
vt 0.195025 -0.298322
vt 0.129880 -0.310093
vt 0.228429 -0.392134
vt 0.278618 -0.314447
vt 0.229652 -0.234166
vt 0.195025 -0.298322
vt -0.314447 0.488564
vt -0.248004 0.485861
vt -0.217781 0.549274
vt -0.234166 0.552330
vt 0.318510 0.485861
vt 0.405039 0.501726
vt 0.348374 0.567209
vt 0.294195 0.549274
vt 0.405039 -0.220637
vt 0.450971 -0.154850
vt 0.384811 -0.125865
vt 0.348374 -0.179908
vt 0.450971 -0.154850
vt 0.477715 -0.079416
vt 0.368653 -0.057389
vt 0.384811 -0.125865
vt 0.477715 -0.079416
vt 0.420262 -0.000000
vt 0.323555 -0.000000
vt 0.368653 -0.057389
vt 0.323555 0.000000
vt 0.355292 0.054865
vt 0.269054 0.037524
vt 0.255688 0.000000
vt 0.355292 0.054865
vt 0.352306 0.113075
vt 0.260111 0.074622
vt 0.269054 0.037524
vt 0.352306 0.113075
vt 0.328811 0.167490
vt 0.242038 0.108902
vt 0.260111 0.074622
vt 0.328811 0.167490
vt 0.275298 0.199829
vt 0.203275 0.126158
vt 0.242038 0.108902
vt 0.275298 0.199829
vt 0.226970 0.230353
vt 0.195294 0.177462
vt 0.203275 0.126158
vt 0.230353 0.567209
vt 0.310920 0.595630
vt 0.221585 0.646296
vt 0.177462 0.615458
vt 0.200517 0.310920
vt 0.133807 0.328849
vt 0.118035 0.227138
vt 0.167091 0.221585
vt 0.133807 0.328849
vt 0.064952 0.315020
vt 0.070477 0.213592
vt 0.118035 0.227138
vt 0.064952 0.315020
vt 0.007948 0.272249
vt 0.032586 0.180967
vt 0.070477 0.213592
vt 0.007948 0.272249
vt -0.044153 0.250231
vt -0.012071 0.189325
vt 0.032586 0.180967
vt -0.044153 0.250231
vt -0.117580 0.259519
vt -0.047835 0.168213
vt -0.012071 0.189325
vt -0.117580 0.259519
vt -0.147747 0.202064
vt -0.063334 0.127121
vt -0.047835 0.168213
vt -0.147747 0.202064
vt -0.171294 0.149962
vt -0.081425 0.096423
vt -0.063334 0.127121
vt -0.171294 0.149962
vt -0.192614 0.101353
vt -0.103659 0.068523
vt -0.081425 0.096423
vt -0.192614 0.595630
vt -0.244338 0.617887
vt -0.163932 0.670447
vt -0.103659 0.646296
vt -0.244338 0.058445
vt -0.301445 0.000000
vt -0.171837 0.000000
vt -0.163932 0.044295
vt -0.301445 0.000000
vt -0.257699 -0.060970
vt -0.150256 -0.041711
vt -0.171837 0.000000
vt -0.257699 -0.060970
vt -0.225119 -0.114144
vt -0.134870 -0.080805
vt -0.150256 -0.041711
vt -0.225119 -0.114144
vt -0.190858 -0.162380
vt -0.113436 -0.116742
vt -0.134870 -0.080805
vt -0.190858 -0.162380
vt -0.166644 -0.220016
vt -0.099031 -0.161033
vt -0.113436 -0.116742
vt -0.166644 -0.220016
vt -0.120261 -0.263332
vt -0.042226 -0.160238
vt -0.099031 -0.161033
vt -0.120261 -0.263332
vt -0.038660 -0.237634
vt 0.003484 -0.153648
vt -0.042226 -0.160238
vt -0.038660 -0.237634
vt 0.011875 -0.253493
vt 0.034629 -0.171207
vt 0.003484 -0.153648
vt 0.011875 -0.253493
vt 0.064952 -0.278730
vt 0.070477 -0.192557
vt 0.034629 -0.171207
vt 0.064952 -0.278730
vt 0.129880 -0.310093
vt 0.115992 -0.217378
vt 0.070477 -0.192557
vt 0.129880 -0.310093
vt 0.195025 -0.298322
vt 0.151535 -0.185908
vt 0.115992 -0.217378
vt 0.195025 -0.298322
vt 0.229652 -0.234166
vt 0.189685 -0.169487
vt 0.151535 -0.185908
vt 0.229652 -0.234166
vt 0.294195 -0.217781
vt 0.238972 -0.160070
vt 0.189685 -0.169487
vt 0.294195 -0.217781
vt 0.348374 -0.179908
vt 0.274049 -0.129221
vt 0.238972 -0.160070
vt 0.348374 -0.179908
vt 0.384811 -0.125865
vt 0.291323 -0.086904
vt 0.274049 -0.129221
vt 0.384811 -0.125865
vt 0.368653 -0.057389
vt 0.255379 -0.034940
vt 0.291323 -0.086904
vt 0.368653 -0.057389
vt 0.323555 -0.000000
vt 0.255688 -0.000000
vt 0.255379 -0.034940
vt 0.255688 0.000000
vt 0.269054 0.037524
vt 0.171907 0.018527
vt 0.174215 0.000000
vt 0.269054 0.037524
vt 0.260111 0.074622
vt 0.169095 0.037475
vt 0.171907 0.018527
vt 0.260111 0.074622
vt 0.242038 0.108902
vt 0.151217 0.049104
vt 0.169095 0.037475
vt 0.242038 0.108902
vt 0.203275 0.126158
vt 0.143683 0.066331
vt 0.151217 0.049104
vt 0.203275 0.126158
vt 0.195294 0.177462
vt 0.142534 0.097638
vt 0.143683 0.066331
vt 0.195294 0.177462
vt 0.167091 0.221585
vt 0.122634 0.111861
vt 0.142534 0.097638
vt 0.167091 0.221585
vt 0.118035 0.227138
vt 0.098319 0.116813
vt 0.122634 0.111861
vt 0.118035 0.227138
vt 0.070477 0.213592
vt 0.073861 0.102466
vt 0.098319 0.116813
vt 0.070477 0.213592
vt 0.032586 0.180967
vt 0.053024 0.099515
vt 0.073861 0.102466
vt 0.032586 0.180967
vt -0.012071 0.189325
vt 0.030152 0.100246
vt 0.053024 0.099515
vt -0.012071 0.189325
vt -0.047835 0.168213
vt 0.018466 0.078758
vt 0.030152 0.100246
vt -0.047835 0.168213
vt -0.063334 0.127121
vt 0.008753 0.061852
vt 0.018466 0.078758
vt -0.063334 0.127121
vt -0.081425 0.096423
vt 0.002532 0.045277
vt 0.008753 0.061852
vt -0.081425 0.615458
vt -0.103659 0.646296
vt -0.022976 0.677325
vt 0.002532 0.645006
vt -0.103659 0.646296
vt -0.163932 0.670447
vt -0.047115 0.702635
vt -0.022976 0.677325
vt -0.163932 0.044295
vt -0.171837 0.000000
vt -0.042846 0.000000
vt -0.047115 0.022860
vt -0.171837 0.000000
vt -0.150256 -0.041711
vt -0.040983 -0.021702
vt -0.042846 0.000000
vt -0.150256 -0.041711
vt -0.134870 -0.080805
vt -0.031443 -0.041437
vt -0.040983 -0.021702
vt -0.134870 -0.080805
vt -0.113436 -0.116742
vt -0.029262 -0.065459
vt -0.031443 -0.041437
vt -0.113436 -0.116742
vt -0.099031 -0.161033
vt -0.009802 -0.079480
vt -0.029262 -0.065459
vt -0.099031 -0.161033
vt -0.042226 -0.160238
vt 0.021942 -0.073817
vt -0.009802 -0.079480
vt -0.042226 -0.160238
vt 0.003484 -0.153648
vt 0.039568 -0.078649
vt 0.021942 -0.073817
vt 0.003484 -0.153648
vt 0.034629 -0.171207
vt 0.055973 -0.085432
vt 0.039568 -0.078649
vt 0.034629 -0.171207
vt 0.070477 -0.192557
vt 0.073861 -0.103741
vt 0.055973 -0.085432
vt 0.070477 -0.192557
vt 0.115992 -0.217378
vt 0.095370 -0.102730
vt 0.073861 -0.103741
vt 0.115992 -0.217378
vt 0.151535 -0.185908
vt 0.113217 -0.090265
vt 0.095370 -0.102730
vt 0.151535 -0.185908
vt 0.189685 -0.169487
vt 0.139059 -0.092697
vt 0.113217 -0.090265
vt 0.189685 -0.169487
vt 0.238972 -0.160070
vt 0.162238 -0.083958
vt 0.139059 -0.092697
vt 0.238972 -0.160070
vt 0.274049 -0.129221
vt 0.183011 -0.069286
vt 0.162238 -0.083958
vt 0.274049 -0.129221
vt 0.291323 -0.086904
vt 0.177561 -0.040807
vt 0.183011 -0.069286
vt 0.291323 -0.086904
vt 0.255379 -0.034940
vt 0.165775 -0.017369
vt 0.177561 -0.040807
vt 0.255379 -0.034940
vt 0.255688 -0.000000
vt 0.174215 -0.000000
vt 0.165775 -0.017369
vt 0.174215 0.706111
vt 0.171907 0.685715
vt 0.075000 0.696293
vt 0.075000 0.717003
vt 0.171907 0.685715
vt 0.169095 0.653397
vt 0.075000 0.663476
vt 0.075000 0.696293
vt 0.169095 0.653397
vt 0.151217 0.628086
vt 0.075000 0.637776
vt 0.075000 0.663476
vt 0.151217 0.049104
vt 0.143683 0.066331
vt 0.075000 0.000000
vt 0.075000 0.000000
vt 0.066331 0.624611
vt 0.097638 0.645006
vt 0.000000 0.654957
vt 0.000000 0.634247
vt 0.097638 0.645006
vt 0.111861 0.677325
vt 0.000000 0.687774
vt 0.000000 0.654957
vt 0.111861 0.677325
vt 0.116813 0.702635
vt 0.000000 0.713474
vt 0.000000 0.687774
vt 0.098319 0.116813
vt 0.073861 0.102466
vt 0.075000 0.000000
vt 0.075000 0.000000
vt 0.073861 0.102466
vt 0.053024 0.099515
vt 0.075000 0.000000
vt 0.075000 0.000000
vt 0.099515 0.685715
vt 0.100246 0.653397
vt 0.000000 0.663476
vt 0.000000 0.696293
vt 0.100246 0.653397
vt 0.078758 0.628086
vt 0.000000 0.637776
vt 0.000000 0.663476
vt 0.018466 0.078758
vt 0.008753 0.061852
vt 0.075000 0.000000
vt 0.075000 0.000000
vt 0.008753 0.624611
vt 0.002532 0.645006
vt 0.075000 0.654957
vt 0.075000 0.634247
vt 0.002532 0.645006
vt -0.022976 0.677325
vt 0.075000 0.687774
vt 0.075000 0.654957
vt -0.022976 0.677325
vt -0.047115 0.702635
vt 0.075000 0.713474
vt 0.075000 0.687774
vt -0.047115 0.022860
vt -0.042846 0.000000
vt 0.075000 0.000000
vt 0.075000 0.000000
vt -0.042846 0.000000
vt -0.040983 -0.021702
vt 0.075000 -0.000000
vt 0.075000 0.000000
vt -0.040983 0.685715
vt -0.031443 0.653397
vt 0.075000 0.663476
vt 0.075000 0.696293
vt -0.031443 0.653397
vt -0.029262 0.628086
vt 0.075000 0.637776
vt 0.075000 0.663476
vt -0.029262 -0.065459
vt -0.009802 -0.079480
vt 0.075000 -0.000000
vt 0.075000 -0.000000
vt -0.009802 -0.079480
vt 0.021942 -0.073817
vt 0.075000 -0.000000
vt 0.075000 -0.000000
vt -0.073817 0.645006
vt -0.078649 0.677325
vt -0.000000 0.687774
vt -0.000000 0.654957
vt -0.078649 0.677325
vt -0.085432 0.702635
vt -0.000000 0.713474
vt -0.000000 0.687774
vt 0.055973 -0.085432
vt 0.073861 -0.103741
vt 0.075000 -0.000000
vt 0.075000 -0.000000
vt 0.073861 -0.103741
vt 0.095370 -0.102730
vt 0.075000 -0.000000
vt 0.075000 -0.000000
vt -0.102730 0.685715
vt -0.090265 0.653397
vt -0.000000 0.663476
vt -0.000000 0.696293
vt -0.090265 0.653397
vt -0.092697 0.628086
vt -0.000000 0.637776
vt -0.000000 0.663476
vt 0.139059 -0.092697
vt 0.162238 -0.083958
vt 0.075000 -0.000000
vt 0.075000 -0.000000
vt 0.162238 -0.083958
vt 0.183011 -0.069286
vt 0.075000 -0.000000
vt 0.075000 -0.000000
vt 0.183011 0.645006
vt 0.177561 0.677325
vt 0.075000 0.687774
vt 0.075000 0.654957
vt 0.177561 0.677325
vt 0.165775 0.702635
vt 0.075000 0.713474
vt 0.075000 0.687774
vt 0.165775 -0.017369
vt 0.174215 -0.000000
vt 0.075000 -0.000000
vt 0.075000 -0.000000
usemtl WetRock
s 1
f 3/3 2/2 1/1
f 4/4 3/3 1/1
f 7/7 6/6 5/5
f 8/8 7/7 5/5
f 11/11 10/10 9/9
f 12/12 11/11 9/9
f 15/15 14/14 13/13
f 16/16 15/15 13/13
f 19/19 18/18 17/17
f 20/20 19/19 17/17
f 23/23 22/22 21/21
f 24/24 23/23 21/21
f 27/27 26/26 25/25
f 28/28 27/27 25/25
f 31/31 30/30 29/29
f 32/32 31/31 29/29
f 35/35 34/34 33/33
f 36/36 35/35 33/33
f 39/39 38/38 37/37
f 40/40 39/39 37/37
f 43/43 42/42 41/41
f 44/44 43/43 41/41
f 47/47 46/46 45/45
f 48/48 47/47 45/45
f 51/51 50/50 49/49
f 52/52 51/51 49/49
f 55/55 54/54 53/53
f 56/56 55/55 53/53
f 59/59 58/58 57/57
f 60/60 59/59 57/57
f 63/63 62/62 61/61
f 64/64 63/63 61/61
f 67/67 66/66 65/65
f 68/68 67/67 65/65
f 71/71 70/70 69/69
f 72/72 71/71 69/69
f 75/75 74/74 73/73
f 76/76 75/75 73/73
f 79/79 78/78 77/77
f 80/80 79/79 77/77
f 83/83 82/82 81/81
f 84/84 83/83 81/81
f 87/87 86/86 85/85
f 88/88 87/87 85/85
f 91/91 90/90 89/89
f 92/92 91/91 89/89
f 95/95 94/94 93/93
f 96/96 95/95 93/93
f 99/99 98/98 97/97
f 100/100 99/99 97/97
f 103/103 102/102 101/101
f 104/104 103/103 101/101
f 107/107 106/106 105/105
f 108/108 107/107 105/105
f 111/111 110/110 109/109
f 112/112 111/111 109/109
f 115/115 114/114 113/113
f 116/116 115/115 113/113
f 119/119 118/118 117/117
f 120/120 119/119 117/117
f 123/123 122/122 121/121
f 124/124 123/123 121/121
f 127/127 126/126 125/125
f 128/128 127/127 125/125
f 131/131 130/130 129/129
f 132/132 131/131 129/129
f 135/135 134/134 133/133
f 136/136 135/135 133/133
f 139/139 138/138 137/137
f 140/140 139/139 137/137
f 143/143 142/142 141/141
f 144/144 143/143 141/141
f 147/147 146/146 145/145
f 148/148 147/147 145/145
f 151/151 150/150 149/149
f 152/152 151/151 149/149
f 155/155 154/154 153/153
f 156/156 155/155 153/153
f 159/159 158/158 157/157
f 160/160 159/159 157/157
f 163/163 162/162 161/161
f 164/164 163/163 161/161
f 167/167 166/166 165/165
f 168/168 167/167 165/165
f 171/171 170/170 169/169
f 172/172 171/171 169/169
f 175/175 174/174 173/173
f 176/176 175/175 173/173
f 179/179 178/178 177/177
f 180/180 179/179 177/177
f 183/183 182/182 181/181
f 184/184 183/183 181/181
f 187/187 186/186 185/185
f 188/188 187/187 185/185
f 191/191 190/190 189/189
f 192/192 191/191 189/189
f 195/195 194/194 193/193
f 196/196 195/195 193/193
f 199/199 198/198 197/197
f 200/200 199/199 197/197
f 203/203 202/202 201/201
f 204/204 203/203 201/201
f 207/207 206/206 205/205
f 208/208 207/207 205/205
f 211/211 210/210 209/209
f 212/212 211/211 209/209
f 215/215 214/214 213/213
f 216/216 215/215 213/213
f 219/219 218/218 217/217
f 220/220 219/219 217/217
f 223/223 222/222 221/221
f 224/224 223/223 221/221
f 227/227 226/226 225/225
f 228/228 227/227 225/225
f 231/231 230/230 229/229
f 232/232 231/231 229/229
f 235/235 234/234 233/233
f 236/236 235/235 233/233
f 239/239 238/238 237/237
f 240/240 239/239 237/237
f 243/243 242/242 241/241
f 244/244 243/243 241/241
f 247/247 246/246 245/245
f 248/248 247/247 245/245
f 251/251 250/250 249/249
f 252/252 251/251 249/249
f 255/255 254/254 253/253
f 256/256 255/255 253/253
f 259/259 258/258 257/257
f 260/260 259/259 257/257
f 263/263 262/262 261/261
f 264/264 263/263 261/261
f 267/267 266/266 265/265
f 268/268 267/267 265/265
f 271/271 270/270 269/269
f 272/272 271/271 269/269
f 275/275 274/274 273/273
f 276/276 275/275 273/273
f 279/279 278/278 277/277
f 280/280 279/279 277/277
f 283/283 282/282 281/281
f 284/284 283/283 281/281
f 287/287 286/286 285/285
f 288/288 287/287 285/285
f 291/291 290/290 289/289
f 292/292 291/291 289/289
f 295/295 294/294 293/293
f 296/296 295/295 293/293
f 299/299 298/298 297/297
f 300/300 299/299 297/297
f 303/303 302/302 301/301
f 304/304 303/303 301/301
f 307/307 306/306 305/305
f 308/308 307/307 305/305
f 311/311 310/310 309/309
f 312/312 311/311 309/309
f 315/315 314/314 313/313
f 316/316 315/315 313/313
f 319/319 318/318 317/317
f 320/320 319/319 317/317
f 323/323 322/322 321/321
f 324/324 323/323 321/321
f 327/327 326/326 325/325
f 328/328 327/327 325/325
f 331/331 330/330 329/329
f 332/332 331/331 329/329
f 335/335 334/334 333/333
f 336/336 335/335 333/333
f 339/339 338/338 337/337
f 340/340 339/339 337/337
f 343/343 342/342 341/341
f 344/344 343/343 341/341
f 347/347 346/346 345/345
f 348/348 347/347 345/345
f 351/351 350/350 349/349
f 352/352 351/351 349/349
f 355/355 354/354 353/353
f 356/356 355/355 353/353
f 359/359 358/358 357/357
f 360/360 359/359 357/357
f 363/363 362/362 361/361
f 364/364 363/363 361/361
f 367/367 366/366 365/365
f 368/368 367/367 365/365
f 371/371 370/370 369/369
f 372/372 371/371 369/369
f 375/375 374/374 373/373
f 376/376 375/375 373/373
f 379/379 378/378 377/377
f 380/380 379/379 377/377
f 383/383 382/382 381/381
f 384/384 383/383 381/381
f 387/387 386/386 385/385
f 388/388 387/387 385/385
f 391/391 390/390 389/389
f 392/392 391/391 389/389
f 395/395 394/394 393/393
f 396/396 395/395 393/393
f 399/399 398/398 397/397
f 400/400 399/399 397/397
f 403/403 402/402 401/401
f 404/404 403/403 401/401
f 407/407 406/406 405/405
f 408/408 407/407 405/405
f 411/411 410/410 409/409
f 412/412 411/411 409/409
f 415/415 414/414 413/413
f 416/416 415/415 413/413
f 419/419 418/418 417/417
f 420/420 419/419 417/417
f 423/423 422/422 421/421
f 424/424 423/423 421/421
f 427/427 426/426 425/425
f 428/428 427/427 425/425
f 431/431 430/430 429/429
f 432/432 431/431 429/429
f 435/435 434/434 433/433
f 436/436 435/435 433/433
f 439/439 438/438 437/437
f 440/440 439/439 437/437
f 443/443 442/442 441/441
f 444/444 443/443 441/441
f 447/447 446/446 445/445
f 448/448 447/447 445/445
f 451/451 450/450 449/449
f 452/452 451/451 449/449
f 455/455 454/454 453/453
f 456/456 455/455 453/453
f 459/459 458/458 457/457
f 460/460 459/459 457/457
f 463/463 462/462 461/461
f 464/464 463/463 461/461
f 467/467 466/466 465/465
f 468/468 467/467 465/465
f 471/471 470/470 469/469
f 472/472 471/471 469/469
f 475/475 474/474 473/473
f 476/476 475/475 473/473
f 479/479 478/478 477/477
f 480/480 479/479 477/477
f 483/483 482/482 481/481
f 484/484 483/483 481/481
f 487/487 486/486 485/485
f 488/488 487/487 485/485
f 491/491 490/490 489/489
f 492/492 491/491 489/489
f 495/495 494/494 493/493
f 496/496 495/495 493/493
f 499/499 498/498 497/497
f 500/500 499/499 497/497
f 503/503 502/502 501/501
f 504/504 503/503 501/501
f 507/507 506/506 505/505
f 508/508 507/507 505/505
f 511/511 510/510 509/509
f 512/512 511/511 509/509
f 515/515 514/514 513/513
f 516/516 515/515 513/513
f 519/519 518/518 517/517
f 520/520 519/519 517/517
f 523/523 522/522 521/521
f 524/524 523/523 521/521
f 527/527 526/526 525/525
f 528/528 527/527 525/525
f 531/531 530/530 529/529
f 532/532 531/531 529/529
f 535/535 534/534 533/533
f 536/536 535/535 533/533
f 539/539 538/538 537/537
f 540/540 539/539 537/537
f 543/543 542/542 541/541
f 544/544 543/543 541/541
f 547/547 546/546 545/545
f 548/548 547/547 545/545
f 551/551 550/550 549/549
f 552/552 551/551 549/549
f 555/555 554/554 553/553
f 556/556 555/555 553/553
f 559/559 558/558 557/557
f 560/560 559/559 557/557
f 563/563 562/562 561/561
f 564/564 563/563 561/561
f 567/567 566/566 565/565
f 568/568 567/567 565/565
f 571/571 570/570 569/569
f 572/572 571/571 569/569
f 575/575 574/574 573/573
f 576/576 575/575 573/573
f 579/579 578/578 577/577
f 580/580 579/579 577/577
f 583/583 582/582 581/581
f 584/584 583/583 581/581
f 587/587 586/586 585/585
f 588/588 587/587 585/585
f 591/591 590/590 589/589
f 592/592 591/591 589/589
f 595/595 594/594 593/593
f 596/596 595/595 593/593
f 599/599 598/598 597/597
f 600/600 599/599 597/597
f 603/603 602/602 601/601
f 604/604 603/603 601/601
f 607/607 606/606 605/605
f 608/608 607/607 605/605
f 611/611 610/610 609/609
f 612/612 611/611 609/609
f 615/615 614/614 613/613
f 616/616 615/615 613/613
f 619/619 618/618 617/617
f 620/620 619/619 617/617
f 623/623 622/622 621/621
f 624/624 623/623 621/621
f 627/627 626/626 625/625
f 628/628 627/627 625/625
f 631/631 630/630 629/629
f 632/632 631/631 629/629
f 635/635 634/634 633/633
f 636/636 635/635 633/633
f 639/639 638/638 637/637
f 640/640 639/639 637/637
f 643/643 642/642 641/641
f 644/644 643/643 641/641
f 647/647 646/646 645/645
f 648/648 647/647 645/645
f 651/651 650/650 649/649
f 652/652 651/651 649/649
f 655/655 654/654 653/653
f 656/656 655/655 653/653
f 659/659 658/658 657/657
f 660/660 659/659 657/657
f 663/663 662/662 661/661
f 664/664 663/663 661/661
f 667/667 666/666 665/665
f 668/668 667/667 665/665
f 671/671 670/670 669/669
f 672/672 671/671 669/669
f 675/675 674/674 673/673
f 676/676 675/675 673/673
f 679/679 678/678 677/677
f 680/680 679/679 677/677
f 683/683 682/682 681/681
f 684/684 683/683 681/681
f 687/687 686/686 685/685
f 688/688 687/687 685/685
f 691/691 690/690 689/689
f 692/692 691/691 689/689
f 695/695 694/694 693/693
f 696/696 695/695 693/693
f 699/699 698/698 697/697
f 700/700 699/699 697/697
f 703/703 702/702 701/701
f 704/704 703/703 701/701
f 707/707 706/706 705/705
f 708/708 707/707 705/705
f 711/711 710/710 709/709
f 712/712 711/711 709/709
f 715/715 714/714 713/713
f 716/716 715/715 713/713
f 719/719 718/718 717/717
f 720/720 719/719 717/717
f 723/723 722/722 721/721
f 724/724 723/723 721/721
f 727/727 726/726 725/725
f 728/728 727/727 725/725
f 731/731 730/730 729/729
f 732/732 731/731 729/729
f 735/735 734/734 733/733
f 736/736 735/735 733/733
f 739/739 738/738 737/737
f 740/740 739/739 737/737
f 743/743 742/742 741/741
f 744/744 743/743 741/741
f 747/747 746/746 745/745
f 748/748 747/747 745/745
f 751/751 750/750 749/749
f 752/752 751/751 749/749
f 755/755 754/754 753/753
f 756/756 755/755 753/753
f 759/759 758/758 757/757
f 760/760 759/759 757/757
f 763/763 762/762 761/761
f 764/764 763/763 761/761
f 767/767 766/766 765/765
f 768/768 767/767 765/765
f 771/771 770/770 769/769
f 772/772 771/771 769/769
f 775/775 774/774 773/773
f 776/776 775/775 773/773
f 779/779 778/778 777/777
f 780/780 779/779 777/777
f 783/783 782/782 781/781
f 784/784 783/783 781/781
f 787/787 786/786 785/785
f 788/788 787/787 785/785
f 791/791 790/790 789/789
f 792/792 791/791 789/789
f 795/795 794/794 793/793
f 796/796 795/795 793/793
f 799/799 798/798 797/797
f 800/800 799/799 797/797
f 803/803 802/802 801/801
f 804/804 803/803 801/801
f 807/807 806/806 805/805
f 808/808 807/807 805/805
f 811/811 810/810 809/809
f 812/812 811/811 809/809
f 815/815 814/814 813/813
f 816/816 815/815 813/813
f 819/819 818/818 817/817
f 820/820 819/819 817/817
f 823/823 822/822 821/821
f 824/824 823/823 821/821
f 827/827 826/826 825/825
f 828/828 827/827 825/825
f 831/831 830/830 829/829
f 832/832 831/831 829/829
f 835/835 834/834 833/833
f 836/836 835/835 833/833
f 839/839 838/838 837/837
f 840/840 839/839 837/837
f 843/843 842/842 841/841
f 844/844 843/843 841/841
f 847/847 846/846 845/845
f 848/848 847/847 845/845
f 851/851 850/850 849/849
f 852/852 851/851 849/849
f 855/855 854/854 853/853
f 856/856 855/855 853/853
f 859/859 858/858 857/857
f 860/860 859/859 857/857
f 863/863 862/862 861/861
f 864/864 863/863 861/861
f 867/867 866/866 865/865
f 868/868 867/867 865/865
f 871/871 870/870 869/869
f 872/872 871/871 869/869
f 875/875 874/874 873/873
f 876/876 875/875 873/873
f 879/879 878/878 877/877
f 880/880 879/879 877/877
f 883/883 882/882 881/881
f 884/884 883/883 881/881
f 887/887 886/886 885/885
f 888/888 887/887 885/885
f 891/891 890/890 889/889
f 892/892 891/891 889/889
f 895/895 894/894 893/893
f 896/896 895/895 893/893
f 899/899 898/898 897/897
f 900/900 899/899 897/897
f 903/903 902/902 901/901
f 904/904 903/903 901/901
f 907/907 906/906 905/905
f 908/908 907/907 905/905
f 911/911 910/910 909/909
f 912/912 911/911 909/909
f 915/915 914/914 913/913
f 916/916 915/915 913/913
f 919/919 918/918 917/917
f 920/920 919/919 917/917
f 923/923 922/922 921/921
f 924/924 923/923 921/921
f 927/927 926/926 925/925
f 928/928 927/927 925/925
f 931/931 930/930 929/929
f 932/932 931/931 929/929
f 935/935 934/934 933/933
f 936/936 935/935 933/933
f 939/939 938/938 937/937
f 940/940 939/939 937/937
f 943/943 942/942 941/941
f 944/944 943/943 941/941
f 947/947 946/946 945/945
f 948/948 947/947 945/945
f 951/951 950/950 949/949
f 952/952 951/951 949/949
f 955/955 954/954 953/953
f 956/956 955/955 953/953
f 959/959 958/958 957/957
f 960/960 959/959 957/957
f 963/963 962/962 961/961
f 964/964 963/963 961/961
f 967/967 966/966 965/965
f 968/968 967/967 965/965
f 971/971 970/970 969/969
f 972/972 971/971 969/969
f 975/975 974/974 973/973
f 976/976 975/975 973/973
f 979/979 978/978 977/977
f 980/980 979/979 977/977
f 983/983 982/982 981/981
f 984/984 983/983 981/981
f 987/987 986/986 985/985
f 988/988 987/987 985/985
f 991/991 990/990 989/989
f 992/992 991/991 989/989
f 995/995 994/994 993/993
f 996/996 995/995 993/993
f 999/999 998/998 997/997
f 1000/1000 999/999 997/997
f 1003/1003 1002/1002 1001/1001
f 1004/1004 1003/1003 1001/1001
f 1007/1007 1006/1006 1005/1005
f 1008/1008 1007/1007 1005/1005
f 1011/1011 1010/1010 1009/1009
f 1012/1012 1011/1011 1009/1009
f 1015/1015 1014/1014 1013/1013
f 1016/1016 1015/1015 1013/1013
f 1019/1019 1018/1018 1017/1017
f 1020/1020 1019/1019 1017/1017
f 1023/1023 1022/1022 1021/1021
f 1024/1024 1023/1023 1021/1021
f 1027/1027 1026/1026 1025/1025
f 1028/1028 1027/1027 1025/1025
f 1031/1031 1030/1030 1029/1029
f 1032/1032 1031/1031 1029/1029
f 1035/1035 1034/1034 1033/1033
f 1036/1036 1035/1035 1033/1033
f 1039/1039 1038/1038 1037/1037
f 1040/1040 1039/1039 1037/1037
f 1043/1043 1042/1042 1041/1041
f 1044/1044 1043/1043 1041/1041
f 1047/1047 1046/1046 1045/1045
f 1048/1048 1047/1047 1045/1045
f 1051/1051 1050/1050 1049/1049
f 1052/1052 1051/1051 1049/1049
f 1055/1055 1054/1054 1053/1053
f 1056/1056 1055/1055 1053/1053
f 1059/1059 1058/1058 1057/1057
f 1060/1060 1059/1059 1057/1057
f 1063/1063 1062/1062 1061/1061
f 1064/1064 1063/1063 1061/1061
f 1067/1067 1066/1066 1065/1065
f 1068/1068 1067/1067 1065/1065
f 1071/1071 1070/1070 1069/1069
f 1072/1072 1071/1071 1069/1069
f 1075/1075 1074/1074 1073/1073
f 1076/1076 1075/1075 1073/1073
f 1079/1079 1078/1078 1077/1077
f 1080/1080 1079/1079 1077/1077
f 1083/1083 1082/1082 1081/1081
f 1084/1084 1083/1083 1081/1081
f 1087/1087 1086/1086 1085/1085
f 1088/1088 1087/1087 1085/1085
f 1091/1091 1090/1090 1089/1089
f 1092/1092 1091/1091 1089/1089
f 1095/1095 1094/1094 1093/1093
f 1096/1096 1095/1095 1093/1093
f 1099/1099 1098/1098 1097/1097
f 1100/1100 1099/1099 1097/1097
f 1103/1103 1102/1102 1101/1101
f 1104/1104 1103/1103 1101/1101
f 1107/1107 1106/1106 1105/1105
f 1108/1108 1107/1107 1105/1105
f 1111/1111 1110/1110 1109/1109
f 1112/1112 1111/1111 1109/1109
f 1115/1115 1114/1114 1113/1113
f 1116/1116 1115/1115 1113/1113
f 1119/1119 1118/1118 1117/1117
f 1120/1120 1119/1119 1117/1117
f 1123/1123 1122/1122 1121/1121
f 1124/1124 1123/1123 1121/1121
f 1127/1127 1126/1126 1125/1125
f 1128/1128 1127/1127 1125/1125
f 1131/1131 1130/1130 1129/1129
f 1132/1132 1131/1131 1129/1129
f 1135/1135 1134/1134 1133/1133
f 1136/1136 1135/1135 1133/1133
f 1139/1139 1138/1138 1137/1137
f 1140/1140 1139/1139 1137/1137
f 1143/1143 1142/1142 1141/1141
f 1144/1144 1143/1143 1141/1141
f 1147/1147 1146/1146 1145/1145
f 1148/1148 1147/1147 1145/1145
f 1151/1151 1150/1150 1149/1149
f 1152/1152 1151/1151 1149/1149
f 1155/1155 1154/1154 1153/1153
f 1156/1156 1155/1155 1153/1153
f 1159/1159 1158/1158 1157/1157
f 1160/1160 1159/1159 1157/1157
f 1163/1163 1162/1162 1161/1161
f 1164/1164 1163/1163 1161/1161
f 1167/1167 1166/1166 1165/1165
f 1168/1168 1167/1167 1165/1165
f 1171/1171 1170/1170 1169/1169
f 1172/1172 1171/1171 1169/1169
f 1175/1175 1174/1174 1173/1173
f 1176/1176 1175/1175 1173/1173
f 1179/1179 1178/1178 1177/1177
f 1180/1180 1179/1179 1177/1177
f 1183/1183 1182/1182 1181/1181
f 1184/1184 1183/1183 1181/1181
f 1187/1187 1186/1186 1185/1185
f 1188/1188 1187/1187 1185/1185
f 1191/1191 1190/1190 1189/1189
f 1192/1192 1191/1191 1189/1189
f 1195/1195 1194/1194 1193/1193
f 1196/1196 1195/1195 1193/1193
f 1199/1199 1198/1198 1197/1197
f 1200/1200 1199/1199 1197/1197
f 1203/1203 1202/1202 1201/1201
f 1204/1204 1203/1203 1201/1201
f 1207/1207 1206/1206 1205/1205
f 1208/1208 1207/1207 1205/1205
f 1211/1211 1210/1210 1209/1209
f 1212/1212 1211/1211 1209/1209
f 1215/1215 1214/1214 1213/1213
f 1216/1216 1215/1215 1213/1213
f 1219/1219 1218/1218 1217/1217
f 1220/1220 1219/1219 1217/1217
f 1223/1223 1222/1222 1221/1221
f 1224/1224 1223/1223 1221/1221
f 1227/1227 1226/1226 1225/1225
f 1228/1228 1227/1227 1225/1225
f 1231/1231 1230/1230 1229/1229
f 1232/1232 1231/1231 1229/1229
f 1235/1235 1234/1234 1233/1233
f 1236/1236 1235/1235 1233/1233
f 1239/1239 1238/1238 1237/1237
f 1240/1240 1239/1239 1237/1237
f 1243/1243 1242/1242 1241/1241
f 1244/1244 1243/1243 1241/1241
f 1247/1247 1246/1246 1245/1245
f 1248/1248 1247/1247 1245/1245
f 1251/1251 1250/1250 1249/1249
f 1252/1252 1251/1251 1249/1249
f 1255/1255 1254/1254 1253/1253
f 1256/1256 1255/1255 1253/1253
f 1259/1259 1258/1258 1257/1257
f 1260/1260 1259/1259 1257/1257
f 1263/1263 1262/1262 1261/1261
f 1264/1264 1263/1263 1261/1261
f 1267/1267 1266/1266 1265/1265
f 1268/1268 1267/1267 1265/1265
f 1271/1271 1270/1270 1269/1269
f 1272/1272 1271/1271 1269/1269
f 1275/1275 1274/1274 1273/1273
f 1276/1276 1275/1275 1273/1273
f 1279/1279 1278/1278 1277/1277
f 1280/1280 1279/1279 1277/1277
f 1283/1283 1282/1282 1281/1281
f 1284/1284 1283/1283 1281/1281
f 1287/1287 1286/1286 1285/1285
f 1288/1288 1287/1287 1285/1285
f 1291/1291 1290/1290 1289/1289
f 1292/1292 1291/1291 1289/1289
f 1295/1295 1294/1294 1293/1293
f 1296/1296 1295/1295 1293/1293
f 1299/1299 1298/1298 1297/1297
f 1300/1300 1299/1299 1297/1297
f 1303/1303 1302/1302 1301/1301
f 1304/1304 1303/1303 1301/1301
f 1307/1307 1306/1306 1305/1305
f 1308/1308 1307/1307 1305/1305
f 1311/1311 1310/1310 1309/1309
f 1312/1312 1311/1311 1309/1309
f 1315/1315 1314/1314 1313/1313
f 1316/1316 1315/1315 1313/1313
f 1319/1319 1318/1318 1317/1317
f 1320/1320 1319/1319 1317/1317
f 1323/1323 1322/1322 1321/1321
f 1324/1324 1323/1323 1321/1321
f 1327/1327 1326/1326 1325/1325
f 1328/1328 1327/1327 1325/1325
f 1331/1331 1330/1330 1329/1329
f 1332/1332 1331/1331 1329/1329
f 1335/1335 1334/1334 1333/1333
f 1336/1336 1335/1335 1333/1333
f 1339/1339 1338/1338 1337/1337
f 1340/1340 1339/1339 1337/1337
f 1343/1343 1342/1342 1341/1341
f 1344/1344 1343/1343 1341/1341
f 1347/1347 1346/1346 1345/1345
f 1348/1348 1347/1347 1345/1345
f 1351/1351 1350/1350 1349/1349
f 1352/1352 1351/1351 1349/1349
f 1355/1355 1354/1354 1353/1353
f 1356/1356 1355/1355 1353/1353
f 1359/1359 1358/1358 1357/1357
f 1360/1360 1359/1359 1357/1357
f 1363/1363 1362/1362 1361/1361
f 1364/1364 1363/1363 1361/1361
f 1367/1367 1366/1366 1365/1365
f 1368/1368 1367/1367 1365/1365
f 1371/1371 1370/1370 1369/1369
f 1372/1372 1371/1371 1369/1369
f 1375/1375 1374/1374 1373/1373
f 1376/1376 1375/1375 1373/1373
f 1379/1379 1378/1378 1377/1377
f 1380/1380 1379/1379 1377/1377
f 1383/1383 1382/1382 1381/1381
f 1384/1384 1383/1383 1381/1381
f 1387/1387 1386/1386 1385/1385
f 1388/1388 1387/1387 1385/1385
f 1391/1391 1390/1390 1389/1389
f 1392/1392 1391/1391 1389/1389
f 1395/1395 1394/1394 1393/1393
f 1396/1396 1395/1395 1393/1393
f 1399/1399 1398/1398 1397/1397
f 1400/1400 1399/1399 1397/1397
f 1403/1403 1402/1402 1401/1401
f 1404/1404 1403/1403 1401/1401
f 1407/1407 1406/1406 1405/1405
f 1408/1408 1407/1407 1405/1405
f 1411/1411 1410/1410 1409/1409
f 1412/1412 1411/1411 1409/1409
f 1415/1415 1414/1414 1413/1413
f 1416/1416 1415/1415 1413/1413
f 1419/1419 1418/1418 1417/1417
f 1420/1420 1419/1419 1417/1417
f 1423/1423 1422/1422 1421/1421
f 1424/1424 1423/1423 1421/1421
f 1427/1427 1426/1426 1425/1425
f 1428/1428 1427/1427 1425/1425
f 1431/1431 1430/1430 1429/1429
f 1432/1432 1431/1431 1429/1429
f 1435/1435 1434/1434 1433/1433
f 1436/1436 1435/1435 1433/1433
f 1439/1439 1438/1438 1437/1437
f 1440/1440 1439/1439 1437/1437
f 1443/1443 1442/1442 1441/1441
f 1444/1444 1443/1443 1441/1441
f 1447/1447 1446/1446 1445/1445
f 1448/1448 1447/1447 1445/1445
f 1451/1451 1450/1450 1449/1449
f 1452/1452 1451/1451 1449/1449
f 1455/1455 1454/1454 1453/1453
f 1456/1456 1455/1455 1453/1453
f 1459/1459 1458/1458 1457/1457
f 1460/1460 1459/1459 1457/1457
f 1463/1463 1462/1462 1461/1461
f 1464/1464 1463/1463 1461/1461
f 1467/1467 1466/1466 1465/1465
f 1468/1468 1467/1467 1465/1465
f 1471/1471 1470/1470 1469/1469
f 1472/1472 1471/1471 1469/1469
f 1475/1475 1474/1474 1473/1473
f 1476/1476 1475/1475 1473/1473
f 1479/1479 1478/1478 1477/1477
f 1480/1480 1479/1479 1477/1477
f 1483/1483 1482/1482 1481/1481
f 1484/1484 1483/1483 1481/1481
f 1487/1487 1486/1486 1485/1485
f 1488/1488 1487/1487 1485/1485
f 1491/1491 1490/1490 1489/1489
f 1492/1492 1491/1491 1489/1489
f 1495/1495 1494/1494 1493/1493
f 1496/1496 1495/1495 1493/1493
f 1499/1499 1498/1498 1497/1497
f 1500/1500 1499/1499 1497/1497
f 1503/1503 1502/1502 1501/1501
f 1504/1504 1503/1503 1501/1501
f 1507/1507 1506/1506 1505/1505
f 1508/1508 1507/1507 1505/1505
f 1511/1511 1510/1510 1509/1509
f 1512/1512 1511/1511 1509/1509
f 1515/1515 1514/1514 1513/1513
f 1516/1516 1515/1515 1513/1513
f 1519/1519 1518/1518 1517/1517
f 1520/1520 1519/1519 1517/1517
f 1523/1523 1522/1522 1521/1521
f 1524/1524 1523/1523 1521/1521
f 1527/1527 1526/1526 1525/1525
f 1528/1528 1527/1527 1525/1525
f 1531/1531 1530/1530 1529/1529
f 1532/1532 1531/1531 1529/1529
f 1535/1535 1534/1534 1533/1533
f 1536/1536 1535/1535 1533/1533
f 1539/1539 1538/1538 1537/1537
f 1540/1540 1539/1539 1537/1537
f 1543/1543 1542/1542 1541/1541
f 1544/1544 1543/1543 1541/1541
f 1547/1547 1546/1546 1545/1545
f 1548/1548 1547/1547 1545/1545
f 1551/1551 1550/1550 1549/1549
f 1552/1552 1551/1551 1549/1549
f 1555/1555 1554/1554 1553/1553
f 1556/1556 1555/1555 1553/1553
f 1559/1559 1558/1558 1557/1557
f 1560/1560 1559/1559 1557/1557
f 1563/1563 1562/1562 1561/1561
f 1564/1564 1563/1563 1561/1561
f 1567/1567 1566/1566 1565/1565
f 1568/1568 1567/1567 1565/1565
f 1571/1571 1570/1570 1569/1569
f 1572/1572 1571/1571 1569/1569
f 1575/1575 1574/1574 1573/1573
f 1576/1576 1575/1575 1573/1573
f 1579/1579 1578/1578 1577/1577
f 1580/1580 1579/1579 1577/1577
f 1583/1583 1582/1582 1581/1581
f 1584/1584 1583/1583 1581/1581
f 1587/1587 1586/1586 1585/1585
f 1588/1588 1587/1587 1585/1585
f 1591/1591 1590/1590 1589/1589
f 1592/1592 1591/1591 1589/1589
f 1595/1595 1594/1594 1593/1593
f 1596/1596 1595/1595 1593/1593
f 1599/1599 1598/1598 1597/1597
f 1600/1600 1599/1599 1597/1597
f 1603/1603 1602/1602 1601/1601
f 1604/1604 1603/1603 1601/1601
f 1607/1607 1606/1606 1605/1605
f 1608/1608 1607/1607 1605/1605
f 1611/1611 1610/1610 1609/1609
f 1612/1612 1611/1611 1609/1609
f 1615/1615 1614/1614 1613/1613
f 1616/1616 1615/1615 1613/1613
f 1619/1619 1618/1618 1617/1617
f 1620/1620 1619/1619 1617/1617
f 1623/1623 1622/1622 1621/1621
f 1624/1624 1623/1623 1621/1621
f 1627/1627 1626/1626 1625/1625
f 1628/1628 1627/1627 1625/1625
f 1631/1631 1630/1630 1629/1629
f 1632/1632 1631/1631 1629/1629
f 1635/1635 1634/1634 1633/1633
f 1636/1636 1635/1635 1633/1633
f 1639/1639 1638/1638 1637/1637
f 1640/1640 1639/1639 1637/1637
f 1643/1643 1642/1642 1641/1641
f 1644/1644 1643/1643 1641/1641
f 1647/1647 1646/1646 1645/1645
f 1648/1648 1647/1647 1645/1645
f 1651/1651 1650/1650 1649/1649
f 1652/1652 1651/1651 1649/1649
f 1655/1655 1654/1654 1653/1653
f 1656/1656 1655/1655 1653/1653
f 1659/1659 1658/1658 1657/1657
f 1660/1660 1659/1659 1657/1657
f 1663/1663 1662/1662 1661/1661
f 1664/1664 1663/1663 1661/1661
f 1667/1667 1666/1666 1665/1665
f 1668/1668 1667/1667 1665/1665
f 1671/1671 1670/1670 1669/1669
f 1672/1672 1671/1671 1669/1669
f 1675/1675 1674/1674 1673/1673
f 1676/1676 1675/1675 1673/1673
f 1679/1679 1678/1678 1677/1677
f 1680/1680 1679/1679 1677/1677
f 1683/1683 1682/1682 1681/1681
f 1684/1684 1683/1683 1681/1681
f 1687/1687 1686/1686 1685/1685
f 1688/1688 1687/1687 1685/1685
f 1691/1691 1690/1690 1689/1689
f 1692/1692 1691/1691 1689/1689
f 1695/1695 1694/1694 1693/1693
f 1696/1696 1695/1695 1693/1693
f 1699/1699 1698/1698 1697/1697
f 1700/1700 1699/1699 1697/1697
f 1703/1703 1702/1702 1701/1701
f 1704/1704 1703/1703 1701/1701
f 1707/1707 1706/1706 1705/1705
f 1708/1708 1707/1707 1705/1705
f 1711/1711 1710/1710 1709/1709
f 1712/1712 1711/1711 1709/1709
f 1715/1715 1714/1714 1713/1713
f 1716/1716 1715/1715 1713/1713
f 1719/1719 1718/1718 1717/1717
f 1720/1720 1719/1719 1717/1717
f 1723/1723 1722/1722 1721/1721
f 1724/1724 1723/1723 1721/1721
f 1727/1727 1726/1726 1725/1725
f 1728/1728 1727/1727 1725/1725
f 1731/1731 1730/1730 1729/1729
f 1732/1732 1731/1731 1729/1729
f 1735/1735 1734/1734 1733/1733
f 1736/1736 1735/1735 1733/1733
f 1739/1739 1738/1738 1737/1737
f 1740/1740 1739/1739 1737/1737
f 1743/1743 1742/1742 1741/1741
f 1744/1744 1743/1743 1741/1741
f 1747/1747 1746/1746 1745/1745
f 1748/1748 1747/1747 1745/1745
f 1751/1751 1750/1750 1749/1749
f 1752/1752 1751/1751 1749/1749
f 1755/1755 1754/1754 1753/1753
f 1756/1756 1755/1755 1753/1753
f 1759/1759 1758/1758 1757/1757
f 1760/1760 1759/1759 1757/1757
f 1763/1763 1762/1762 1761/1761
f 1764/1764 1763/1763 1761/1761
f 1767/1767 1766/1766 1765/1765
f 1768/1768 1767/1767 1765/1765
f 1771/1771 1770/1770 1769/1769
f 1772/1772 1771/1771 1769/1769
f 1775/1775 1774/1774 1773/1773
f 1776/1776 1775/1775 1773/1773
f 1779/1779 1778/1778 1777/1777
f 1780/1780 1779/1779 1777/1777
f 1783/1783 1782/1782 1781/1781
f 1784/1784 1783/1783 1781/1781
f 1787/1787 1786/1786 1785/1785
f 1788/1788 1787/1787 1785/1785
f 1791/1791 1790/1790 1789/1789
f 1792/1792 1791/1791 1789/1789
f 1795/1795 1794/1794 1793/1793
f 1796/1796 1795/1795 1793/1793
f 1799/1799 1798/1798 1797/1797
f 1800/1800 1799/1799 1797/1797
f 1803/1803 1802/1802 1801/1801
f 1804/1804 1803/1803 1801/1801
f 1807/1807 1806/1806 1805/1805
f 1808/1808 1807/1807 1805/1805
f 1811/1811 1810/1810 1809/1809
f 1812/1812 1811/1811 1809/1809
f 1815/1815 1814/1814 1813/1813
f 1816/1816 1815/1815 1813/1813
f 1819/1819 1818/1818 1817/1817
f 1820/1820 1819/1819 1817/1817
f 1823/1823 1822/1822 1821/1821
f 1824/1824 1823/1823 1821/1821
f 1827/1827 1826/1826 1825/1825
f 1828/1828 1827/1827 1825/1825
f 1831/1831 1830/1830 1829/1829
f 1832/1832 1831/1831 1829/1829
f 1835/1835 1834/1834 1833/1833
f 1836/1836 1835/1835 1833/1833
f 1839/1839 1838/1838 1837/1837
f 1840/1840 1839/1839 1837/1837
f 1843/1843 1842/1842 1841/1841
f 1844/1844 1843/1843 1841/1841
f 1847/1847 1846/1846 1845/1845
f 1848/1848 1847/1847 1845/1845
f 1851/1851 1850/1850 1849/1849
f 1852/1852 1851/1851 1849/1849
f 1855/1855 1854/1854 1853/1853
f 1856/1856 1855/1855 1853/1853
f 1859/1859 1858/1858 1857/1857
f 1860/1860 1859/1859 1857/1857
f 1863/1863 1862/1862 1861/1861
f 1864/1864 1863/1863 1861/1861
f 1867/1867 1866/1866 1865/1865
f 1868/1868 1867/1867 1865/1865
f 1871/1871 1870/1870 1869/1869
f 1872/1872 1871/1871 1869/1869
f 1875/1875 1874/1874 1873/1873
f 1876/1876 1875/1875 1873/1873
f 1879/1879 1878/1878 1877/1877
f 1880/1880 1879/1879 1877/1877
f 1883/1883 1882/1882 1881/1881
f 1884/1884 1883/1883 1881/1881
f 1887/1887 1886/1886 1885/1885
f 1888/1888 1887/1887 1885/1885
f 1891/1891 1890/1890 1889/1889
f 1892/1892 1891/1891 1889/1889
f 1895/1895 1894/1894 1893/1893
f 1896/1896 1895/1895 1893/1893
f 1899/1899 1898/1898 1897/1897
f 1900/1900 1899/1899 1897/1897
f 1903/1903 1902/1902 1901/1901
f 1904/1904 1903/1903 1901/1901
f 1907/1907 1906/1906 1905/1905
f 1908/1908 1907/1907 1905/1905
f 1911/1911 1910/1910 1909/1909
f 1912/1912 1911/1911 1909/1909
f 1915/1915 1914/1914 1913/1913
f 1916/1916 1915/1915 1913/1913
f 1919/1919 1918/1918 1917/1917
f 1920/1920 1919/1919 1917/1917
f 1923/1923 1922/1922 1921/1921
f 1924/1924 1923/1923 1921/1921
f 1927/1927 1926/1926 1925/1925
f 1928/1928 1927/1927 1925/1925
f 1931/1931 1930/1930 1929/1929
f 1932/1932 1931/1931 1929/1929
f 1935/1935 1934/1934 1933/1933
f 1936/1936 1935/1935 1933/1933
f 1939/1939 1938/1938 1937/1937
f 1940/1940 1939/1939 1937/1937
f 1943/1943 1942/1942 1941/1941
f 1944/1944 1943/1943 1941/1941
f 1947/1947 1946/1946 1945/1945
f 1948/1948 1947/1947 1945/1945
f 1951/1951 1950/1950 1949/1949
f 1952/1952 1951/1951 1949/1949
f 1955/1955 1954/1954 1953/1953
f 1956/1956 1955/1955 1953/1953
f 1959/1959 1958/1958 1957/1957
f 1960/1960 1959/1959 1957/1957
f 1963/1963 1962/1962 1961/1961
f 1964/1964 1963/1963 1961/1961
f 1967/1967 1966/1966 1965/1965
f 1968/1968 1967/1967 1965/1965
f 1971/1971 1970/1970 1969/1969
f 1972/1972 1971/1971 1969/1969
f 1975/1975 1974/1974 1973/1973
f 1976/1976 1975/1975 1973/1973
f 1979/1979 1978/1978 1977/1977
f 1980/1980 1979/1979 1977/1977
f 1983/1983 1982/1982 1981/1981
f 1984/1984 1983/1983 1981/1981
f 1987/1987 1986/1986 1985/1985
f 1988/1988 1987/1987 1985/1985
f 1991/1991 1990/1990 1989/1989
f 1992/1992 1991/1991 1989/1989
f 1995/1995 1994/1994 1993/1993
f 1996/1996 1995/1995 1993/1993
f 1999/1999 1998/1998 1997/1997
f 2000/2000 1999/1999 1997/1997
f 2003/2003 2002/2002 2001/2001
f 2004/2004 2003/2003 2001/2001
f 2007/2007 2006/2006 2005/2005
f 2008/2008 2007/2007 2005/2005
f 2011/2011 2010/2010 2009/2009
f 2012/2012 2011/2011 2009/2009
f 2015/2015 2014/2014 2013/2013
f 2016/2016 2015/2015 2013/2013
f 2019/2019 2018/2018 2017/2017
f 2020/2020 2019/2019 2017/2017
f 2023/2023 2022/2022 2021/2021
f 2024/2024 2023/2023 2021/2021
f 2027/2027 2026/2026 2025/2025
f 2028/2028 2027/2027 2025/2025
f 2031/2031 2030/2030 2029/2029
f 2032/2032 2031/2031 2029/2029
f 2035/2035 2034/2034 2033/2033
f 2036/2036 2035/2035 2033/2033
f 2039/2039 2038/2038 2037/2037
f 2040/2040 2039/2039 2037/2037
f 2043/2043 2042/2042 2041/2041
f 2044/2044 2043/2043 2041/2041
f 2047/2047 2046/2046 2045/2045
f 2048/2048 2047/2047 2045/2045
f 2051/2051 2050/2050 2049/2049
f 2052/2052 2051/2051 2049/2049
f 2055/2055 2054/2054 2053/2053
f 2056/2056 2055/2055 2053/2053
f 2059/2059 2058/2058 2057/2057
f 2060/2060 2059/2059 2057/2057
f 2063/2063 2062/2062 2061/2061
f 2064/2064 2063/2063 2061/2061
f 2067/2067 2066/2066 2065/2065
f 2068/2068 2067/2067 2065/2065
f 2071/2071 2070/2070 2069/2069
f 2072/2072 2071/2071 2069/2069
f 2075/2075 2074/2074 2073/2073
f 2076/2076 2075/2075 2073/2073
f 2079/2079 2078/2078 2077/2077
f 2080/2080 2079/2079 2077/2077
f 2083/2083 2082/2082 2081/2081
f 2084/2084 2083/2083 2081/2081
f 2087/2087 2086/2086 2085/2085
f 2088/2088 2087/2087 2085/2085
f 2091/2091 2090/2090 2089/2089
f 2092/2092 2091/2091 2089/2089
f 2095/2095 2094/2094 2093/2093
f 2096/2096 2095/2095 2093/2093
f 2099/2099 2098/2098 2097/2097
f 2100/2100 2099/2099 2097/2097
f 2103/2103 2102/2102 2101/2101
f 2104/2104 2103/2103 2101/2101
f 2107/2107 2106/2106 2105/2105
f 2108/2108 2107/2107 2105/2105
f 2111/2111 2110/2110 2109/2109
f 2112/2112 2111/2111 2109/2109
f 2115/2115 2114/2114 2113/2113
f 2116/2116 2115/2115 2113/2113
f 2119/2119 2118/2118 2117/2117
f 2120/2120 2119/2119 2117/2117
f 2123/2123 2122/2122 2121/2121
f 2124/2124 2123/2123 2121/2121
f 2127/2127 2126/2126 2125/2125
f 2128/2128 2127/2127 2125/2125
f 2131/2131 2130/2130 2129/2129
f 2132/2132 2131/2131 2129/2129
f 2135/2135 2134/2134 2133/2133
f 2136/2136 2135/2135 2133/2133
f 2139/2139 2138/2138 2137/2137
f 2140/2140 2139/2139 2137/2137
f 2143/2143 2142/2142 2141/2141
f 2144/2144 2143/2143 2141/2141
f 2147/2147 2146/2146 2145/2145
f 2148/2148 2147/2147 2145/2145
f 2151/2151 2150/2150 2149/2149
f 2152/2152 2151/2151 2149/2149
f 2155/2155 2154/2154 2153/2153
f 2156/2156 2155/2155 2153/2153
f 2159/2159 2158/2158 2157/2157
f 2160/2160 2159/2159 2157/2157
f 2163/2163 2162/2162 2161/2161
f 2164/2164 2163/2163 2161/2161
f 2167/2167 2166/2166 2165/2165
f 2168/2168 2167/2167 2165/2165
f 2171/2171 2170/2170 2169/2169
f 2172/2172 2171/2171 2169/2169
f 2175/2175 2174/2174 2173/2173
f 2176/2176 2175/2175 2173/2173
f 2179/2179 2178/2178 2177/2177
f 2180/2180 2179/2179 2177/2177
f 2183/2183 2182/2182 2181/2181
f 2184/2184 2183/2183 2181/2181
f 2187/2187 2186/2186 2185/2185
f 2188/2188 2187/2187 2185/2185
f 2191/2191 2190/2190 2189/2189
f 2192/2192 2191/2191 2189/2189
f 2195/2195 2194/2194 2193/2193
f 2196/2196 2195/2195 2193/2193
f 2199/2199 2198/2198 2197/2197
f 2200/2200 2199/2199 2197/2197
f 2203/2203 2202/2202 2201/2201
f 2204/2204 2203/2203 2201/2201
f 2207/2207 2206/2206 2205/2205
f 2208/2208 2207/2207 2205/2205
f 2211/2211 2210/2210 2209/2209
f 2212/2212 2211/2211 2209/2209
f 2215/2215 2214/2214 2213/2213
f 2216/2216 2215/2215 2213/2213
f 2219/2219 2218/2218 2217/2217
f 2220/2220 2219/2219 2217/2217
f 2223/2223 2222/2222 2221/2221
f 2224/2224 2223/2223 2221/2221
f 2227/2227 2226/2226 2225/2225
f 2228/2228 2227/2227 2225/2225
f 2231/2231 2230/2230 2229/2229
f 2232/2232 2231/2231 2229/2229
f 2235/2235 2234/2234 2233/2233
f 2236/2236 2235/2235 2233/2233
f 2239/2239 2238/2238 2237/2237
f 2240/2240 2239/2239 2237/2237
f 2243/2243 2242/2242 2241/2241
f 2244/2244 2243/2243 2241/2241
f 2247/2247 2246/2246 2245/2245
f 2248/2248 2247/2247 2245/2245
f 2251/2251 2250/2250 2249/2249
f 2252/2252 2251/2251 2249/2249
f 2255/2255 2254/2254 2253/2253
f 2256/2256 2255/2255 2253/2253
f 2259/2259 2258/2258 2257/2257
f 2260/2260 2259/2259 2257/2257
f 2263/2263 2262/2262 2261/2261
f 2264/2264 2263/2263 2261/2261
f 2267/2267 2266/2266 2265/2265
f 2268/2268 2267/2267 2265/2265
f 2271/2271 2270/2270 2269/2269
f 2272/2272 2271/2271 2269/2269
f 2275/2275 2274/2274 2273/2273
f 2276/2276 2275/2275 2273/2273
f 2279/2279 2278/2278 2277/2277
f 2280/2280 2279/2279 2277/2277
f 2283/2283 2282/2282 2281/2281
f 2284/2284 2283/2283 2281/2281
f 2287/2287 2286/2286 2285/2285
f 2288/2288 2287/2287 2285/2285
f 2291/2291 2290/2290 2289/2289
f 2292/2292 2291/2291 2289/2289
f 2295/2295 2294/2294 2293/2293
f 2296/2296 2295/2295 2293/2293
f 2299/2299 2298/2298 2297/2297
f 2300/2300 2299/2299 2297/2297
f 2303/2303 2302/2302 2301/2301
f 2304/2304 2303/2303 2301/2301
