mtllib SM_BB_LH_TowerShell.mtl
o SM_BB_LH_TowerShell
v 302.0000 0.0000 0.0000
v 299.4163 39.4189 0.0000
v 291.7096 78.1634 0.0000
v 279.0116 115.5704 0.0000
v 261.5397 151.0000 0.0000
v 239.5927 183.8460 0.0000
v 213.5462 213.5462 0.0000
v 183.8460 239.5927 0.0000
v 151.0000 261.5397 0.0000
v 115.5704 279.0116 0.0000
v 78.1634 291.7096 0.0000
v 39.4189 299.4163 0.0000
v 0.0000 302.0000 0.0000
v -39.4189 299.4163 0.0000
v -78.1634 291.7096 0.0000
v -115.5704 279.0116 0.0000
v -151.0000 261.5397 0.0000
v -183.8460 239.5927 0.0000
v -213.5462 213.5462 0.0000
v -239.5927 183.8460 0.0000
v -261.5397 151.0000 0.0000
v -279.0116 115.5704 0.0000
v -291.7096 78.1634 0.0000
v -299.4163 39.4189 0.0000
v -302.0000 0.0000 0.0000
v -299.4163 -39.4189 0.0000
v -291.7096 -78.1634 0.0000
v -279.0116 -115.5704 0.0000
v -261.5397 -151.0000 0.0000
v -239.5927 -183.8460 0.0000
v -213.5462 -213.5462 0.0000
v -183.8460 -239.5927 0.0000
v -151.0000 -261.5397 0.0000
v -115.5704 -279.0116 0.0000
v -78.1634 -291.7096 0.0000
v -39.4189 -299.4163 0.0000
v -0.0000 -302.0000 0.0000
v 39.4189 -299.4163 0.0000
v 78.1634 -291.7096 0.0000
v 115.5704 -279.0116 0.0000
v 151.0000 -261.5397 0.0000
v 183.8460 -239.5927 0.0000
v 213.5462 -213.5462 0.0000
v 239.5927 -183.8460 0.0000
v 261.5397 -151.0000 0.0000
v 279.0116 -115.5704 0.0000
v 291.7096 -78.1634 0.0000
v 299.4163 -39.4189 0.0000
v 302.0000 -0.0000 0.0000
v 300.0000 0.0000 70.0000
v 297.4335 39.1579 70.0000
v 289.7777 77.6457 70.0000
v 277.1639 114.8050 70.0000
v 259.8076 150.0000 70.0000
v 238.0060 182.6284 70.0000
v 212.1320 212.1320 70.0000
v 182.6284 238.0060 70.0000
v 150.0000 259.8076 70.0000
v 114.8050 277.1639 70.0000
v 77.6457 289.7777 70.0000
v 39.1579 297.4335 70.0000
v 0.0000 300.0000 70.0000
v -39.1579 297.4335 70.0000
v -77.6457 289.7777 70.0000
v -114.8050 277.1639 70.0000
v -150.0000 259.8076 70.0000
v -182.6284 238.0060 70.0000
v -212.1320 212.1320 70.0000
v -238.0060 182.6284 70.0000
v -259.8076 150.0000 70.0000
v -277.1639 114.8050 70.0000
v -289.7777 77.6457 70.0000
v -297.4335 39.1579 70.0000
v -300.0000 0.0000 70.0000
v -297.4335 -39.1579 70.0000
v -289.7777 -77.6457 70.0000
v -277.1639 -114.8050 70.0000
v -259.8076 -150.0000 70.0000
v -238.0060 -182.6284 70.0000
v -212.1320 -212.1320 70.0000
v -182.6284 -238.0060 70.0000
v -150.0000 -259.8076 70.0000
v -114.8050 -277.1639 70.0000
v -77.6457 -289.7777 70.0000
v -39.1579 -297.4335 70.0000
v -0.0000 -300.0000 70.0000
v 39.1579 -297.4335 70.0000
v 77.6457 -289.7777 70.0000
v 114.8050 -277.1639 70.0000
v 150.0000 -259.8076 70.0000
v 182.6284 -238.0060 70.0000
v 212.1320 -212.1320 70.0000
v 238.0060 -182.6284 70.0000
v 259.8076 -150.0000 70.0000
v 277.1639 -114.8050 70.0000
v 289.7777 -77.6457 70.0000
v 297.4335 -39.1579 70.0000
v 300.0000 -0.0000 70.0000
v 276.0000 0.0000 520.0000
v 273.6388 36.0252 520.0000
v 266.5955 71.4341 520.0000
v 254.9908 105.6206 520.0000
v 239.0230 138.0000 520.0000
v 218.9655 168.0182 520.0000
v 195.1615 195.1615 520.0000
v 168.0182 218.9655 520.0000
v 138.0000 239.0230 520.0000
v 105.6206 254.9908 520.0000
v 71.4341 266.5955 520.0000
v 36.0252 273.6388 520.0000
v 0.0000 276.0000 520.0000
v -36.0252 273.6388 520.0000
v -71.4341 266.5955 520.0000
v -105.6206 254.9908 520.0000
v -138.0000 239.0230 520.0000
v -168.0182 218.9655 520.0000
v -195.1615 195.1615 520.0000
v -218.9655 168.0182 520.0000
v -239.0230 138.0000 520.0000
v -254.9908 105.6206 520.0000
v -266.5955 71.4341 520.0000
v -273.6388 36.0252 520.0000
v -276.0000 0.0000 520.0000
v -273.6388 -36.0252 520.0000
v -266.5955 -71.4341 520.0000
v -254.9908 -105.6206 520.0000
v -239.0230 -138.0000 520.0000
v -218.9655 -168.0182 520.0000
v -195.1615 -195.1615 520.0000
v -168.0182 -218.9655 520.0000
v -138.0000 -239.0230 520.0000
v -105.6206 -254.9908 520.0000
v -71.4341 -266.5955 520.0000
v -36.0252 -273.6388 520.0000
v -0.0000 -276.0000 520.0000
v 36.0252 -273.6388 520.0000
v 71.4341 -266.5955 520.0000
v 105.6206 -254.9908 520.0000
v 138.0000 -239.0230 520.0000
v 168.0182 -218.9655 520.0000
v 195.1615 -195.1615 520.0000
v 218.9655 -168.0182 520.0000
v 239.0230 -138.0000 520.0000
v 254.9908 -105.6206 520.0000
v 266.5955 -71.4341 520.0000
v 273.6388 -36.0252 520.0000
v 276.0000 -0.0000 520.0000
v 244.0000 0.0000 1040.0000
v 241.9125 31.8484 1040.0000
v 235.6859 63.1518 1040.0000
v 225.4266 93.3748 1040.0000
v 211.3102 122.0000 1040.0000
v 193.5782 148.5378 1040.0000
v 172.5341 172.5341 1040.0000
v 148.5378 193.5782 1040.0000
v 122.0000 211.3102 1040.0000
v 93.3748 225.4266 1040.0000
v 63.1518 235.6859 1040.0000
v 31.8484 241.9125 1040.0000
v 0.0000 244.0000 1040.0000
v -31.8484 241.9125 1040.0000
v -63.1518 235.6859 1040.0000
v -93.3748 225.4266 1040.0000
v -122.0000 211.3102 1040.0000
v -148.5378 193.5782 1040.0000
v -172.5341 172.5341 1040.0000
v -193.5782 148.5378 1040.0000
v -211.3102 122.0000 1040.0000
v -225.4266 93.3748 1040.0000
v -235.6859 63.1518 1040.0000
v -241.9125 31.8484 1040.0000
v -244.0000 0.0000 1040.0000
v -241.9125 -31.8484 1040.0000
v -235.6859 -63.1518 1040.0000
v -225.4266 -93.3748 1040.0000
v -211.3102 -122.0000 1040.0000
v -193.5782 -148.5378 1040.0000
v -172.5341 -172.5341 1040.0000
v -148.5378 -193.5782 1040.0000
v -122.0000 -211.3102 1040.0000
v -93.3748 -225.4266 1040.0000
v -63.1518 -235.6859 1040.0000
v -31.8484 -241.9125 1040.0000
v -0.0000 -244.0000 1040.0000
v 31.8484 -241.9125 1040.0000
v 63.1518 -235.6859 1040.0000
v 93.3748 -225.4266 1040.0000
v 122.0000 -211.3102 1040.0000
v 148.5378 -193.5782 1040.0000
v 172.5341 -172.5341 1040.0000
v 193.5782 -148.5378 1040.0000
v 211.3102 -122.0000 1040.0000
v 225.4266 -93.3748 1040.0000
v 235.6859 -63.1518 1040.0000
v 241.9125 -31.8484 1040.0000
v 244.0000 -0.0000 1040.0000
v 218.0000 0.0000 1460.0000
v 216.1350 28.4547 1460.0000
v 210.5718 56.4226 1460.0000
v 201.4057 83.4250 1460.0000
v 188.7935 109.0000 1460.0000
v 172.9510 132.7100 1460.0000
v 154.1493 154.1493 1460.0000
v 132.7100 172.9510 1460.0000
v 109.0000 188.7935 1460.0000
v 83.4250 201.4057 1460.0000
v 56.4226 210.5718 1460.0000
v 28.4547 216.1350 1460.0000
v 0.0000 218.0000 1460.0000
v -28.4547 216.1350 1460.0000
v -56.4226 210.5718 1460.0000
v -83.4250 201.4057 1460.0000
v -109.0000 188.7935 1460.0000
v -132.7100 172.9510 1460.0000
v -154.1493 154.1493 1460.0000
v -172.9510 132.7100 1460.0000
v -188.7935 109.0000 1460.0000
v -201.4057 83.4250 1460.0000
v -210.5718 56.4226 1460.0000
v -216.1350 28.4547 1460.0000
v -218.0000 0.0000 1460.0000
v -216.1350 -28.4547 1460.0000
v -210.5718 -56.4226 1460.0000
v -201.4057 -83.4250 1460.0000
v -188.7935 -109.0000 1460.0000
v -172.9510 -132.7100 1460.0000
v -154.1493 -154.1493 1460.0000
v -132.7100 -172.9510 1460.0000
v -109.0000 -188.7935 1460.0000
v -83.4250 -201.4057 1460.0000
v -56.4226 -210.5718 1460.0000
v -28.4547 -216.1350 1460.0000
v -0.0000 -218.0000 1460.0000
v 28.4547 -216.1350 1460.0000
v 56.4226 -210.5718 1460.0000
v 83.4250 -201.4057 1460.0000
v 109.0000 -188.7935 1460.0000
v 132.7100 -172.9510 1460.0000
v 154.1493 -154.1493 1460.0000
v 172.9510 -132.7100 1460.0000
v 188.7935 -109.0000 1460.0000
v 201.4057 -83.4250 1460.0000
v 210.5718 -56.4226 1460.0000
v 216.1350 -28.4547 1460.0000
v 218.0000 -0.0000 1460.0000
v 212.0000 0.0000 1560.0000
v 210.1863 27.6716 1560.0000
v 204.7763 54.8696 1560.0000
v 195.8625 81.1289 1560.0000
v 183.5974 106.0000 1560.0000
v 168.1909 129.0574 1560.0000
v 149.9066 149.9066 1560.0000
v 129.0574 168.1909 1560.0000
v 106.0000 183.5974 1560.0000
v 81.1289 195.8625 1560.0000
v 54.8696 204.7763 1560.0000
v 27.6716 210.1863 1560.0000
v 0.0000 212.0000 1560.0000
v -27.6716 210.1863 1560.0000
v -54.8696 204.7763 1560.0000
v -81.1289 195.8625 1560.0000
v -106.0000 183.5974 1560.0000
v -129.0574 168.1909 1560.0000
v -149.9066 149.9066 1560.0000
v -168.1909 129.0574 1560.0000
v -183.5974 106.0000 1560.0000
v -195.8625 81.1289 1560.0000
v -204.7763 54.8696 1560.0000
v -210.1863 27.6716 1560.0000
v -212.0000 0.0000 1560.0000
v -210.1863 -27.6716 1560.0000
v -204.7763 -54.8696 1560.0000
v -195.8625 -81.1289 1560.0000
v -183.5974 -106.0000 1560.0000
v -168.1909 -129.0574 1560.0000
v -149.9066 -149.9066 1560.0000
v -129.0574 -168.1909 1560.0000
v -106.0000 -183.5974 1560.0000
v -81.1289 -195.8625 1560.0000
v -54.8696 -204.7763 1560.0000
v -27.6716 -210.1863 1560.0000
v -0.0000 -212.0000 1560.0000
v 27.6716 -210.1863 1560.0000
v 54.8696 -204.7763 1560.0000
v 81.1289 -195.8625 1560.0000
v 106.0000 -183.5974 1560.0000
v 129.0574 -168.1909 1560.0000
v 149.9066 -149.9066 1560.0000
v 168.1909 -129.0574 1560.0000
v 183.5974 -106.0000 1560.0000
v 195.8625 -81.1289 1560.0000
v 204.7763 -54.8696 1560.0000
v 210.1863 -27.6716 1560.0000
v 212.0000 -0.0000 1560.0000
v 282.0000 0.0000 0.0000
v 279.5875 36.8084 0.0000
v 272.3911 72.9870 0.0000
v 260.5340 107.9167 0.0000
v 244.2192 141.0000 0.0000
v 223.7256 171.6707 0.0000
v 199.4041 199.4041 0.0000
v 171.6707 223.7256 0.0000
v 141.0000 244.2192 0.0000
v 107.9167 260.5340 0.0000
v 72.9870 272.3911 0.0000
v 36.8084 279.5875 0.0000
v 0.0000 282.0000 0.0000
v -36.8084 279.5875 0.0000
v -72.9870 272.3911 0.0000
v -107.9167 260.5340 0.0000
v -141.0000 244.2192 0.0000
v -171.6707 223.7256 0.0000
v -199.4041 199.4041 0.0000
v -223.7256 171.6707 0.0000
v -244.2192 141.0000 0.0000
v -260.5340 107.9167 0.0000
v -272.3911 72.9870 0.0000
v -279.5875 36.8084 0.0000
v -282.0000 0.0000 0.0000
v -279.5875 -36.8084 0.0000
v -272.3911 -72.9870 0.0000
v -260.5340 -107.9167 0.0000
v -244.2192 -141.0000 0.0000
v -223.7256 -171.6707 0.0000
v -199.4041 -199.4041 0.0000
v -171.6707 -223.7256 0.0000
v -141.0000 -244.2192 0.0000
v -107.9167 -260.5340 0.0000
v -72.9870 -272.3911 0.0000
v -36.8084 -279.5875 0.0000
v -0.0000 -282.0000 0.0000
v 36.8084 -279.5875 0.0000
v 72.9870 -272.3911 0.0000
v 107.9167 -260.5340 0.0000
v 141.0000 -244.2192 0.0000
v 171.6707 -223.7256 0.0000
v 199.4041 -199.4041 0.0000
v 223.7256 -171.6707 0.0000
v 244.2192 -141.0000 0.0000
v 260.5340 -107.9167 0.0000
v 272.3911 -72.9870 0.0000
v 279.5875 -36.8084 0.0000
v 282.0000 -0.0000 0.0000
v 280.0000 0.0000 70.0000
v 277.6046 36.5473 70.0000
v 270.4592 72.4693 70.0000
v 258.6863 107.1514 70.0000
v 242.4871 140.0000 70.0000
v 222.1389 170.4532 70.0000
v 197.9899 197.9899 70.0000
v 170.4532 222.1389 70.0000
v 140.0000 242.4871 70.0000
v 107.1514 258.6863 70.0000
v 72.4693 270.4592 70.0000
v 36.5473 277.6046 70.0000
v 0.0000 280.0000 70.0000
v -36.5473 277.6046 70.0000
v -72.4693 270.4592 70.0000
v -107.1514 258.6863 70.0000
v -140.0000 242.4871 70.0000
v -170.4532 222.1389 70.0000
v -197.9899 197.9899 70.0000
v -222.1389 170.4532 70.0000
v -242.4871 140.0000 70.0000
v -258.6863 107.1514 70.0000
v -270.4592 72.4693 70.0000
v -277.6046 36.5473 70.0000
v -280.0000 0.0000 70.0000
v -277.6046 -36.5473 70.0000
v -270.4592 -72.4693 70.0000
v -258.6863 -107.1514 70.0000
v -242.4871 -140.0000 70.0000
v -222.1389 -170.4532 70.0000
v -197.9899 -197.9899 70.0000
v -170.4532 -222.1389 70.0000
v -140.0000 -242.4871 70.0000
v -107.1514 -258.6863 70.0000
v -72.4693 -270.4592 70.0000
v -36.5473 -277.6046 70.0000
v -0.0000 -280.0000 70.0000
v 36.5473 -277.6046 70.0000
v 72.4693 -270.4592 70.0000
v 107.1514 -258.6863 70.0000
v 140.0000 -242.4871 70.0000
v 170.4532 -222.1389 70.0000
v 197.9899 -197.9899 70.0000
v 222.1389 -170.4532 70.0000
v 242.4871 -140.0000 70.0000
v 258.6863 -107.1514 70.0000
v 270.4592 -72.4693 70.0000
v 277.6046 -36.5473 70.0000
v 280.0000 -0.0000 70.0000
v 256.0000 0.0000 520.0000
v 253.8099 33.4147 520.0000
v 247.2770 66.2577 520.0000
v 236.5132 97.9670 520.0000
v 221.7025 128.0000 520.0000
v 203.0985 155.8429 520.0000
v 181.0193 181.0193 520.0000
v 155.8429 203.0985 520.0000
v 128.0000 221.7025 520.0000
v 97.9670 236.5132 520.0000
v 66.2577 247.2770 520.0000
v 33.4147 253.8099 520.0000
v 0.0000 256.0000 520.0000
v -33.4147 253.8099 520.0000
v -66.2577 247.2770 520.0000
v -97.9670 236.5132 520.0000
v -128.0000 221.7025 520.0000
v -155.8429 203.0985 520.0000
v -181.0193 181.0193 520.0000
v -203.0985 155.8429 520.0000
v -221.7025 128.0000 520.0000
v -236.5132 97.9670 520.0000
v -247.2770 66.2577 520.0000
v -253.8099 33.4147 520.0000
v -256.0000 0.0000 520.0000
v -253.8099 -33.4147 520.0000
v -247.2770 -66.2577 520.0000
v -236.5132 -97.9670 520.0000
v -221.7025 -128.0000 520.0000
v -203.0985 -155.8429 520.0000
v -181.0193 -181.0193 520.0000
v -155.8429 -203.0985 520.0000
v -128.0000 -221.7025 520.0000
v -97.9670 -236.5132 520.0000
v -66.2577 -247.2770 520.0000
v -33.4147 -253.8099 520.0000
v -0.0000 -256.0000 520.0000
v 33.4147 -253.8099 520.0000
v 66.2577 -247.2770 520.0000
v 97.9670 -236.5132 520.0000
v 128.0000 -221.7025 520.0000
v 155.8429 -203.0985 520.0000
v 181.0193 -181.0193 520.0000
v 203.0985 -155.8429 520.0000
v 221.7025 -128.0000 520.0000
v 236.5132 -97.9670 520.0000
v 247.2770 -66.2577 520.0000
v 253.8099 -33.4147 520.0000
v 256.0000 -0.0000 520.0000
v 224.0000 0.0000 1040.0000
v 222.0836 29.2379 1040.0000
v 216.3674 57.9755 1040.0000
v 206.9490 85.7211 1040.0000
v 193.9897 112.0000 1040.0000
v 177.7111 136.3626 1040.0000
v 158.3919 158.3919 1040.0000
v 136.3626 177.7111 1040.0000
v 112.0000 193.9897 1040.0000
v 85.7211 206.9490 1040.0000
v 57.9755 216.3674 1040.0000
v 29.2379 222.0836 1040.0000
v 0.0000 224.0000 1040.0000
v -29.2379 222.0836 1040.0000
v -57.9755 216.3674 1040.0000
v -85.7211 206.9490 1040.0000
v -112.0000 193.9897 1040.0000
v -136.3626 177.7111 1040.0000
v -158.3919 158.3919 1040.0000
v -177.7111 136.3626 1040.0000
v -193.9897 112.0000 1040.0000
v -206.9490 85.7211 1040.0000
v -216.3674 57.9755 1040.0000
v -222.0836 29.2379 1040.0000
v -224.0000 0.0000 1040.0000
v -222.0836 -29.2379 1040.0000
v -216.3674 -57.9755 1040.0000
v -206.9490 -85.7211 1040.0000
v -193.9897 -112.0000 1040.0000
v -177.7111 -136.3626 1040.0000
v -158.3919 -158.3919 1040.0000
v -136.3626 -177.7111 1040.0000
v -112.0000 -193.9897 1040.0000
v -85.7211 -206.9490 1040.0000
v -57.9755 -216.3674 1040.0000
v -29.2379 -222.0836 1040.0000
v -0.0000 -224.0000 1040.0000
v 29.2379 -222.0836 1040.0000
v 57.9755 -216.3674 1040.0000
v 85.7211 -206.9490 1040.0000
v 112.0000 -193.9897 1040.0000
v 136.3626 -177.7111 1040.0000
v 158.3919 -158.3919 1040.0000
v 177.7111 -136.3626 1040.0000
v 193.9897 -112.0000 1040.0000
v 206.9490 -85.7211 1040.0000
v 216.3674 -57.9755 1040.0000
v 222.0836 -29.2379 1040.0000
v 224.0000 -0.0000 1040.0000
v 198.0000 0.0000 1460.0000
v 196.3061 25.8442 1460.0000
v 191.2533 51.2462 1460.0000
v 182.9281 75.7713 1460.0000
v 171.4730 99.0000 1460.0000
v 157.0840 120.5348 1460.0000
v 140.0071 140.0071 1460.0000
v 120.5348 157.0840 1460.0000
v 99.0000 171.4730 1460.0000
v 75.7713 182.9281 1460.0000
v 51.2462 191.2533 1460.0000
v 25.8442 196.3061 1460.0000
v 0.0000 198.0000 1460.0000
v -25.8442 196.3061 1460.0000
v -51.2462 191.2533 1460.0000
v -75.7713 182.9281 1460.0000
v -99.0000 171.4730 1460.0000
v -120.5348 157.0840 1460.0000
v -140.0071 140.0071 1460.0000
v -157.0840 120.5348 1460.0000
v -171.4730 99.0000 1460.0000
v -182.9281 75.7713 1460.0000
v -191.2533 51.2462 1460.0000
v -196.3061 25.8442 1460.0000
v -198.0000 0.0000 1460.0000
v -196.3061 -25.8442 1460.0000
v -191.2533 -51.2462 1460.0000
v -182.9281 -75.7713 1460.0000
v -171.4730 -99.0000 1460.0000
v -157.0840 -120.5348 1460.0000
v -140.0071 -140.0071 1460.0000
v -120.5348 -157.0840 1460.0000
v -99.0000 -171.4730 1460.0000
v -75.7713 -182.9281 1460.0000
v -51.2462 -191.2533 1460.0000
v -25.8442 -196.3061 1460.0000
v -0.0000 -198.0000 1460.0000
v 25.8442 -196.3061 1460.0000
v 51.2462 -191.2533 1460.0000
v 75.7713 -182.9281 1460.0000
v 99.0000 -171.4730 1460.0000
v 120.5348 -157.0840 1460.0000
v 140.0071 -140.0071 1460.0000
v 157.0840 -120.5348 1460.0000
v 171.4730 -99.0000 1460.0000
v 182.9281 -75.7713 1460.0000
v 191.2533 -51.2462 1460.0000
v 196.3061 -25.8442 1460.0000
v 198.0000 -0.0000 1460.0000
v 192.0000 0.0000 1560.0000
v 190.3574 25.0610 1560.0000
v 185.4578 49.6933 1560.0000
v 177.3849 73.4752 1560.0000
v 166.2769 96.0000 1560.0000
v 152.3238 116.8822 1560.0000
v 135.7645 135.7645 1560.0000
v 116.8822 152.3238 1560.0000
v 96.0000 166.2769 1560.0000
v 73.4752 177.3849 1560.0000
v 49.6933 185.4578 1560.0000
v 25.0610 190.3574 1560.0000
v 0.0000 192.0000 1560.0000
v -25.0610 190.3574 1560.0000
v -49.6933 185.4578 1560.0000
v -73.4752 177.3849 1560.0000
v -96.0000 166.2769 1560.0000
v -116.8822 152.3238 1560.0000
v -135.7645 135.7645 1560.0000
v -152.3238 116.8822 1560.0000
v -166.2769 96.0000 1560.0000
v -177.3849 73.4752 1560.0000
v -185.4578 49.6933 1560.0000
v -190.3574 25.0610 1560.0000
v -192.0000 0.0000 1560.0000
v -190.3574 -25.0610 1560.0000
v -185.4578 -49.6933 1560.0000
v -177.3849 -73.4752 1560.0000
v -166.2769 -96.0000 1560.0000
v -152.3238 -116.8822 1560.0000
v -135.7645 -135.7645 1560.0000
v -116.8822 -152.3238 1560.0000
v -96.0000 -166.2769 1560.0000
v -73.4752 -177.3849 1560.0000
v -49.6933 -185.4578 1560.0000
v -25.0610 -190.3574 1560.0000
v -0.0000 -192.0000 1560.0000
v 25.0610 -190.3574 1560.0000
v 49.6933 -185.4578 1560.0000
v 73.4752 -177.3849 1560.0000
v 96.0000 -166.2769 1560.0000
v 116.8822 -152.3238 1560.0000
v 135.7645 -135.7645 1560.0000
v 152.3238 -116.8822 1560.0000
v 166.2769 -96.0000 1560.0000
v 177.3849 -73.4752 1560.0000
v 185.4578 -49.6933 1560.0000
v 190.3574 -25.0610 1560.0000
v 192.0000 -0.0000 1560.0000
v 258.5000 -12.5000 50.0000
v 258.5000 12.5000 50.0000
v 245.5000 12.5000 50.0000
v 245.5000 -12.5000 50.0000
v 258.5000 -12.5000 1530.0000
v 245.5000 -12.5000 1530.0000
v 245.5000 12.5000 1530.0000
v 258.5000 12.5000 1530.0000
v 258.5000 -12.5000 50.0000
v 258.5000 -12.5000 1530.0000
v 258.5000 12.5000 1530.0000
v 258.5000 12.5000 50.0000
v 245.5000 -12.5000 50.0000
v 245.5000 12.5000 50.0000
v 245.5000 12.5000 1530.0000
v 245.5000 -12.5000 1530.0000
v 258.5000 -12.5000 50.0000
v 245.5000 -12.5000 50.0000
v 245.5000 -12.5000 1530.0000
v 258.5000 -12.5000 1530.0000
v 258.5000 12.5000 50.0000
v 258.5000 12.5000 1530.0000
v 245.5000 12.5000 1530.0000
v 245.5000 12.5000 50.0000
v 243.6064 87.3752 50.0000
v 234.0393 110.4722 50.0000
v 222.0289 105.4973 50.0000
v 231.5960 82.4003 50.0000
v 243.6064 87.3752 1530.0000
v 231.5960 82.4003 1530.0000
v 222.0289 105.4973 1530.0000
v 234.0393 110.4722 1530.0000
v 243.6064 87.3752 50.0000
v 243.6064 87.3752 1530.0000
v 234.0393 110.4722 1530.0000
v 234.0393 110.4722 50.0000
v 231.5960 82.4003 50.0000
v 222.0289 105.4973 50.0000
v 222.0289 105.4973 1530.0000
v 231.5960 82.4003 1530.0000
v 243.6064 87.3752 50.0000
v 231.5960 82.4003 50.0000
v 231.5960 82.4003 1530.0000
v 243.6064 87.3752 1530.0000
v 234.0393 110.4722 50.0000
v 234.0393 110.4722 1530.0000
v 222.0289 105.4973 1530.0000
v 222.0289 105.4973 50.0000
v 191.6259 173.9483 50.0000
v 173.9483 191.6259 50.0000
v 164.7559 182.4335 50.0000
v 182.4335 164.7559 50.0000
v 191.6259 173.9483 1530.0000
v 182.4335 164.7559 1530.0000
v 164.7559 182.4335 1530.0000
v 173.9483 191.6259 1530.0000
v 191.6259 173.9483 50.0000
v 191.6259 173.9483 1530.0000
v 173.9483 191.6259 1530.0000
v 173.9483 191.6259 50.0000
v 182.4335 164.7559 50.0000
v 164.7559 182.4335 50.0000
v 164.7559 182.4335 1530.0000
v 182.4335 164.7559 1530.0000
v 191.6259 173.9483 50.0000
v 182.4335 164.7559 50.0000
v 182.4335 164.7559 1530.0000
v 191.6259 173.9483 1530.0000
v 173.9483 191.6259 50.0000
v 173.9483 191.6259 1530.0000
v 164.7559 182.4335 1530.0000
v 164.7559 182.4335 50.0000
v 110.4722 234.0393 50.0000
v 87.3752 243.6064 50.0000
v 82.4003 231.5960 50.0000
v 105.4973 222.0289 50.0000
v 110.4722 234.0393 1530.0000
v 105.4973 222.0289 1530.0000
v 82.4003 231.5960 1530.0000
v 87.3752 243.6064 1530.0000
v 110.4722 234.0393 50.0000
v 110.4722 234.0393 1530.0000
v 87.3752 243.6064 1530.0000
v 87.3752 243.6064 50.0000
v 105.4973 222.0289 50.0000
v 82.4003 231.5960 50.0000
v 82.4003 231.5960 1530.0000
v 105.4973 222.0289 1530.0000
v 110.4722 234.0393 50.0000
v 105.4973 222.0289 50.0000
v 105.4973 222.0289 1530.0000
v 110.4722 234.0393 1530.0000
v 87.3752 243.6064 50.0000
v 87.3752 243.6064 1530.0000
v 82.4003 231.5960 1530.0000
v 82.4003 231.5960 50.0000
v 12.5000 258.5000 50.0000
v -12.5000 258.5000 50.0000
v -12.5000 245.5000 50.0000
v 12.5000 245.5000 50.0000
v 12.5000 258.5000 1530.0000
v 12.5000 245.5000 1530.0000
v -12.5000 245.5000 1530.0000
v -12.5000 258.5000 1530.0000
v 12.5000 258.5000 50.0000
v 12.5000 258.5000 1530.0000
v -12.5000 258.5000 1530.0000
v -12.5000 258.5000 50.0000
v 12.5000 245.5000 50.0000
v -12.5000 245.5000 50.0000
v -12.5000 245.5000 1530.0000
v 12.5000 245.5000 1530.0000
v 12.5000 258.5000 50.0000
v 12.5000 245.5000 50.0000
v 12.5000 245.5000 1530.0000
v 12.5000 258.5000 1530.0000
v -12.5000 258.5000 50.0000
v -12.5000 258.5000 1530.0000
v -12.5000 245.5000 1530.0000
v -12.5000 245.5000 50.0000
v -87.3752 243.6064 50.0000
v -110.4722 234.0393 50.0000
v -105.4973 222.0289 50.0000
v -82.4003 231.5960 50.0000
v -87.3752 243.6064 1530.0000
v -82.4003 231.5960 1530.0000
v -105.4973 222.0289 1530.0000
v -110.4722 234.0393 1530.0000
v -87.3752 243.6064 50.0000
v -87.3752 243.6064 1530.0000
v -110.4722 234.0393 1530.0000
v -110.4722 234.0393 50.0000
v -82.4003 231.5960 50.0000
v -105.4973 222.0289 50.0000
v -105.4973 222.0289 1530.0000
v -82.4003 231.5960 1530.0000
v -87.3752 243.6064 50.0000
v -82.4003 231.5960 50.0000
v -82.4003 231.5960 1530.0000
v -87.3752 243.6064 1530.0000
v -110.4722 234.0393 50.0000
v -110.4722 234.0393 1530.0000
v -105.4973 222.0289 1530.0000
v -105.4973 222.0289 50.0000
v -173.9483 191.6259 50.0000
v -191.6259 173.9483 50.0000
v -182.4335 164.7559 50.0000
v -164.7559 182.4335 50.0000
v -173.9483 191.6259 1530.0000
v -164.7559 182.4335 1530.0000
v -182.4335 164.7559 1530.0000
v -191.6259 173.9483 1530.0000
v -173.9483 191.6259 50.0000
v -173.9483 191.6259 1530.0000
v -191.6259 173.9483 1530.0000
v -191.6259 173.9483 50.0000
v -164.7559 182.4335 50.0000
v -182.4335 164.7559 50.0000
v -182.4335 164.7559 1530.0000
v -164.7559 182.4335 1530.0000
v -173.9483 191.6259 50.0000
v -164.7559 182.4335 50.0000
v -164.7559 182.4335 1530.0000
v -173.9483 191.6259 1530.0000
v -191.6259 173.9483 50.0000
v -191.6259 173.9483 1530.0000
v -182.4335 164.7559 1530.0000
v -182.4335 164.7559 50.0000
v -234.0393 110.4722 50.0000
v -243.6064 87.3752 50.0000
v -231.5960 82.4003 50.0000
v -222.0289 105.4973 50.0000
v -234.0393 110.4722 1530.0000
v -222.0289 105.4973 1530.0000
v -231.5960 82.4003 1530.0000
v -243.6064 87.3752 1530.0000
v -234.0393 110.4722 50.0000
v -234.0393 110.4722 1530.0000
v -243.6064 87.3752 1530.0000
v -243.6064 87.3752 50.0000
v -222.0289 105.4973 50.0000
v -231.5960 82.4003 50.0000
v -231.5960 82.4003 1530.0000
v -222.0289 105.4973 1530.0000
v -234.0393 110.4722 50.0000
v -222.0289 105.4973 50.0000
v -222.0289 105.4973 1530.0000
v -234.0393 110.4722 1530.0000
v -243.6064 87.3752 50.0000
v -243.6064 87.3752 1530.0000
v -231.5960 82.4003 1530.0000
v -231.5960 82.4003 50.0000
v -258.5000 12.5000 50.0000
v -258.5000 -12.5000 50.0000
v -245.5000 -12.5000 50.0000
v -245.5000 12.5000 50.0000
v -258.5000 12.5000 1530.0000
v -245.5000 12.5000 1530.0000
v -245.5000 -12.5000 1530.0000
v -258.5000 -12.5000 1530.0000
v -258.5000 12.5000 50.0000
v -258.5000 12.5000 1530.0000
v -258.5000 -12.5000 1530.0000
v -258.5000 -12.5000 50.0000
v -245.5000 12.5000 50.0000
v -245.5000 -12.5000 50.0000
v -245.5000 -12.5000 1530.0000
v -245.5000 12.5000 1530.0000
v -258.5000 12.5000 50.0000
v -245.5000 12.5000 50.0000
v -245.5000 12.5000 1530.0000
v -258.5000 12.5000 1530.0000
v -258.5000 -12.5000 50.0000
v -258.5000 -12.5000 1530.0000
v -245.5000 -12.5000 1530.0000
v -245.5000 -12.5000 50.0000
v -243.6064 -87.3752 50.0000
v -234.0393 -110.4722 50.0000
v -222.0289 -105.4973 50.0000
v -231.5960 -82.4003 50.0000
v -243.6064 -87.3752 1530.0000
v -231.5960 -82.4003 1530.0000
v -222.0289 -105.4973 1530.0000
v -234.0393 -110.4722 1530.0000
v -243.6064 -87.3752 50.0000
v -243.6064 -87.3752 1530.0000
v -234.0393 -110.4722 1530.0000
v -234.0393 -110.4722 50.0000
v -231.5960 -82.4003 50.0000
v -222.0289 -105.4973 50.0000
v -222.0289 -105.4973 1530.0000
v -231.5960 -82.4003 1530.0000
v -243.6064 -87.3752 50.0000
v -231.5960 -82.4003 50.0000
v -231.5960 -82.4003 1530.0000
v -243.6064 -87.3752 1530.0000
v -234.0393 -110.4722 50.0000
v -234.0393 -110.4722 1530.0000
v -222.0289 -105.4973 1530.0000
v -222.0289 -105.4973 50.0000
v -191.6259 -173.9483 50.0000
v -173.9483 -191.6259 50.0000
v -164.7559 -182.4335 50.0000
v -182.4335 -164.7559 50.0000
v -191.6259 -173.9483 1530.0000
v -182.4335 -164.7559 1530.0000
v -164.7559 -182.4335 1530.0000
v -173.9483 -191.6259 1530.0000
v -191.6259 -173.9483 50.0000
v -191.6259 -173.9483 1530.0000
v -173.9483 -191.6259 1530.0000
v -173.9483 -191.6259 50.0000
v -182.4335 -164.7559 50.0000
v -164.7559 -182.4335 50.0000
v -164.7559 -182.4335 1530.0000
v -182.4335 -164.7559 1530.0000
v -191.6259 -173.9483 50.0000
v -182.4335 -164.7559 50.0000
v -182.4335 -164.7559 1530.0000
v -191.6259 -173.9483 1530.0000
v -173.9483 -191.6259 50.0000
v -173.9483 -191.6259 1530.0000
v -164.7559 -182.4335 1530.0000
v -164.7559 -182.4335 50.0000
v -110.4722 -234.0393 50.0000
v -87.3752 -243.6064 50.0000
v -82.4003 -231.5960 50.0000
v -105.4973 -222.0289 50.0000
v -110.4722 -234.0393 1530.0000
v -105.4973 -222.0289 1530.0000
v -82.4003 -231.5960 1530.0000
v -87.3752 -243.6064 1530.0000
v -110.4722 -234.0393 50.0000
v -110.4722 -234.0393 1530.0000
v -87.3752 -243.6064 1530.0000
v -87.3752 -243.6064 50.0000
v -105.4973 -222.0289 50.0000
v -82.4003 -231.5960 50.0000
v -82.4003 -231.5960 1530.0000
v -105.4973 -222.0289 1530.0000
v -110.4722 -234.0393 50.0000
v -105.4973 -222.0289 50.0000
v -105.4973 -222.0289 1530.0000
v -110.4722 -234.0393 1530.0000
v -87.3752 -243.6064 50.0000
v -87.3752 -243.6064 1530.0000
v -82.4003 -231.5960 1530.0000
v -82.4003 -231.5960 50.0000
v -12.5000 -258.5000 50.0000
v 12.5000 -258.5000 50.0000
v 12.5000 -245.5000 50.0000
v -12.5000 -245.5000 50.0000
v -12.5000 -258.5000 1530.0000
v -12.5000 -245.5000 1530.0000
v 12.5000 -245.5000 1530.0000
v 12.5000 -258.5000 1530.0000
v -12.5000 -258.5000 50.0000
v -12.5000 -258.5000 1530.0000
v 12.5000 -258.5000 1530.0000
v 12.5000 -258.5000 50.0000
v -12.5000 -245.5000 50.0000
v 12.5000 -245.5000 50.0000
v 12.5000 -245.5000 1530.0000
v -12.5000 -245.5000 1530.0000
v -12.5000 -258.5000 50.0000
v -12.5000 -245.5000 50.0000
v -12.5000 -245.5000 1530.0000
v -12.5000 -258.5000 1530.0000
v 12.5000 -258.5000 50.0000
v 12.5000 -258.5000 1530.0000
v 12.5000 -245.5000 1530.0000
v 12.5000 -245.5000 50.0000
v 87.3752 -243.6064 50.0000
v 110.4722 -234.0393 50.0000
v 105.4973 -222.0289 50.0000
v 82.4003 -231.5960 50.0000
v 87.3752 -243.6064 1530.0000
v 82.4003 -231.5960 1530.0000
v 105.4973 -222.0289 1530.0000
v 110.4722 -234.0393 1530.0000
v 87.3752 -243.6064 50.0000
v 87.3752 -243.6064 1530.0000
v 110.4722 -234.0393 1530.0000
v 110.4722 -234.0393 50.0000
v 82.4003 -231.5960 50.0000
v 105.4973 -222.0289 50.0000
v 105.4973 -222.0289 1530.0000
v 82.4003 -231.5960 1530.0000
v 87.3752 -243.6064 50.0000
v 82.4003 -231.5960 50.0000
v 82.4003 -231.5960 1530.0000
v 87.3752 -243.6064 1530.0000
v 110.4722 -234.0393 50.0000
v 110.4722 -234.0393 1530.0000
v 105.4973 -222.0289 1530.0000
v 105.4973 -222.0289 50.0000
v 173.9483 -191.6259 50.0000
v 191.6259 -173.9483 50.0000
v 182.4335 -164.7559 50.0000
v 164.7559 -182.4335 50.0000
v 173.9483 -191.6259 1530.0000
v 164.7559 -182.4335 1530.0000
v 182.4335 -164.7559 1530.0000
v 191.6259 -173.9483 1530.0000
v 173.9483 -191.6259 50.0000
v 173.9483 -191.6259 1530.0000
v 191.6259 -173.9483 1530.0000
v 191.6259 -173.9483 50.0000
v 164.7559 -182.4335 50.0000
v 182.4335 -164.7559 50.0000
v 182.4335 -164.7559 1530.0000
v 164.7559 -182.4335 1530.0000
v 173.9483 -191.6259 50.0000
v 164.7559 -182.4335 50.0000
v 164.7559 -182.4335 1530.0000
v 173.9483 -191.6259 1530.0000
v 191.6259 -173.9483 50.0000
v 191.6259 -173.9483 1530.0000
v 182.4335 -164.7559 1530.0000
v 182.4335 -164.7559 50.0000
v 234.0393 -110.4722 50.0000
v 243.6064 -87.3752 50.0000
v 231.5960 -82.4003 50.0000
v 222.0289 -105.4973 50.0000
v 234.0393 -110.4722 1530.0000
v 222.0289 -105.4973 1530.0000
v 231.5960 -82.4003 1530.0000
v 243.6064 -87.3752 1530.0000
v 234.0393 -110.4722 50.0000
v 234.0393 -110.4722 1530.0000
v 243.6064 -87.3752 1530.0000
v 243.6064 -87.3752 50.0000
v 222.0289 -105.4973 50.0000
v 231.5960 -82.4003 50.0000
v 231.5960 -82.4003 1530.0000
v 222.0289 -105.4973 1530.0000
v 234.0393 -110.4722 50.0000
v 222.0289 -105.4973 50.0000
v 222.0289 -105.4973 1530.0000
v 234.0393 -110.4722 1530.0000
v 243.6064 -87.3752 50.0000
v 243.6064 -87.3752 1530.0000
v 231.5960 -82.4003 1530.0000
v 231.5960 -82.4003 50.0000
v 301.0000 0.0000 59.0000
v 299.0000 0.0000 77.0000
v 298.4249 39.2884 59.0000
v 296.4420 39.0273 77.0000
v 290.7437 77.9045 59.0000
v 288.8118 77.3869 77.0000
v 278.0877 115.1877 59.0000
v 276.2400 114.4223 77.0000
v 260.6736 150.5000 59.0000
v 258.9416 149.5000 77.0000
v 238.7994 183.2372 59.0000
v 237.2126 182.0197 77.0000
v 212.8391 212.8391 59.0000
v 211.4249 211.4249 77.0000
v 183.2372 238.7994 59.0000
v 182.0197 237.2126 77.0000
v 150.5000 260.6736 59.0000
v 149.5000 258.9416 77.0000
v 115.1877 278.0877 59.0000
v 114.4223 276.2400 77.0000
v 77.9045 290.7437 59.0000
v 77.3869 288.8118 77.0000
v 39.2884 298.4249 59.0000
v 39.0273 296.4420 77.0000
v 0.0000 301.0000 59.0000
v 0.0000 299.0000 77.0000
v -39.2884 298.4249 59.0000
v -39.0273 296.4420 77.0000
v -77.9045 290.7437 59.0000
v -77.3869 288.8118 77.0000
v -115.1877 278.0877 59.0000
v -114.4223 276.2400 77.0000
v -150.5000 260.6736 59.0000
v -149.5000 258.9416 77.0000
v -183.2372 238.7994 59.0000
v -182.0197 237.2126 77.0000
v -212.8391 212.8391 59.0000
v -211.4249 211.4249 77.0000
v -238.7994 183.2372 59.0000
v -237.2126 182.0197 77.0000
v -260.6736 150.5000 59.0000
v -258.9416 149.5000 77.0000
v -278.0877 115.1877 59.0000
v -276.2400 114.4223 77.0000
v -290.7437 77.9045 59.0000
v -288.8118 77.3869 77.0000
v -298.4249 39.2884 59.0000
v -296.4420 39.0273 77.0000
v -301.0000 0.0000 59.0000
v -299.0000 0.0000 77.0000
v -298.4249 -39.2884 59.0000
v -296.4420 -39.0273 77.0000
v -290.7437 -77.9045 59.0000
v -288.8118 -77.3869 77.0000
v -278.0877 -115.1877 59.0000
v -276.2400 -114.4223 77.0000
v -260.6736 -150.5000 59.0000
v -258.9416 -149.5000 77.0000
v -238.7994 -183.2372 59.0000
v -237.2126 -182.0197 77.0000
v -212.8391 -212.8391 59.0000
v -211.4249 -211.4249 77.0000
v -183.2372 -238.7994 59.0000
v -182.0197 -237.2126 77.0000
v -150.5000 -260.6736 59.0000
v -149.5000 -258.9416 77.0000
v -115.1877 -278.0877 59.0000
v -114.4223 -276.2400 77.0000
v -77.9045 -290.7437 59.0000
v -77.3869 -288.8118 77.0000
v -39.2884 -298.4249 59.0000
v -39.0273 -296.4420 77.0000
v -0.0000 -301.0000 59.0000
v -0.0000 -299.0000 77.0000
v 39.2884 -298.4249 59.0000
v 39.0273 -296.4420 77.0000
v 77.9045 -290.7437 59.0000
v 77.3869 -288.8118 77.0000
v 115.1877 -278.0877 59.0000
v 114.4223 -276.2400 77.0000
v 150.5000 -260.6736 59.0000
v 149.5000 -258.9416 77.0000
v 183.2372 -238.7994 59.0000
v 182.0197 -237.2126 77.0000
v 212.8391 -212.8391 59.0000
v 211.4249 -211.4249 77.0000
v 238.7994 -183.2372 59.0000
v 237.2126 -182.0197 77.0000
v 260.6736 -150.5000 59.0000
v 258.9416 -149.5000 77.0000
v 278.0877 -115.1877 59.0000
v 276.2400 -114.4223 77.0000
v 290.7437 -77.9045 59.0000
v 288.8118 -77.3869 77.0000
v 298.4249 -39.2884 59.0000
v 296.4420 -39.0273 77.0000
v 306.0000 0.0000 80.0000
v 303.5000 0.0000 84.3301
v 298.5000 0.0000 84.3301
v 296.0000 0.0000 80.0000
v 298.5000 0.0000 75.6699
v 303.5000 0.0000 75.6699
v 303.3821 39.9410 80.0000
v 300.9035 39.6147 84.3301
v 295.9463 38.9621 84.3301
v 293.4677 38.6358 80.0000
v 295.9463 38.9621 75.6699
v 300.9035 39.6147 75.6699
v 295.5733 79.1986 80.0000
v 293.1585 78.5516 84.3301
v 288.3289 77.2575 84.3301
v 285.9140 76.6104 80.0000
v 288.3289 77.2575 75.6699
v 293.1585 78.5516 75.6699
v 282.7071 117.1011 80.0000
v 280.3974 116.1444 84.3301
v 275.7780 114.2310 84.3301
v 273.4683 113.2743 80.0000
v 275.7780 114.2310 75.6699
v 280.3974 116.1444 75.6699
v 265.0038 153.0000 80.0000
v 262.8387 151.7500 84.3301
v 258.5086 149.2500 84.3301
v 256.3435 148.0000 80.0000
v 258.5086 149.2500 75.6699
v 262.8387 151.7500 75.6699
v 242.7661 186.2810 80.0000
v 240.7827 184.7591 84.3301
v 236.8160 181.7153 84.3301
v 234.8326 180.1934 80.0000
v 236.8160 181.7153 75.6699
v 240.7827 184.7591 75.6699
v 216.3747 216.3747 80.0000
v 214.6069 214.6069 84.3301
v 211.0714 211.0714 84.3301
v 209.3036 209.3036 80.0000
v 211.0714 211.0714 75.6699
v 214.6069 214.6069 75.6699
v 186.2810 242.7661 80.0000
v 184.7591 240.7827 84.3301
v 181.7153 236.8160 84.3301
v 180.1934 234.8326 80.0000
v 181.7153 236.8160 75.6699
v 184.7591 240.7827 75.6699
v 153.0000 265.0038 80.0000
v 151.7500 262.8387 84.3301
v 149.2500 258.5086 84.3301
v 148.0000 256.3435 80.0000
v 149.2500 258.5086 75.6699
v 151.7500 262.8387 75.6699
v 117.1011 282.7071 80.0000
v 116.1444 280.3974 84.3301
v 114.2310 275.7780 84.3301
v 113.2743 273.4683 80.0000
v 114.2310 275.7780 75.6699
v 116.1444 280.3974 75.6699
v 79.1986 295.5733 80.0000
v 78.5516 293.1585 84.3301
v 77.2575 288.3289 84.3301
v 76.6104 285.9140 80.0000
v 77.2575 288.3289 75.6699
v 78.5516 293.1585 75.6699
v 39.9410 303.3821 80.0000
v 39.6147 300.9035 84.3301
v 38.9621 295.9463 84.3301
v 38.6358 293.4677 80.0000
v 38.9621 295.9463 75.6699
v 39.6147 300.9035 75.6699
v 0.0000 306.0000 80.0000
v 0.0000 303.5000 84.3301
v 0.0000 298.5000 84.3301
v 0.0000 296.0000 80.0000
v 0.0000 298.5000 75.6699
v 0.0000 303.5000 75.6699
v -39.9410 303.3821 80.0000
v -39.6147 300.9035 84.3301
v -38.9621 295.9463 84.3301
v -38.6358 293.4677 80.0000
v -38.9621 295.9463 75.6699
v -39.6147 300.9035 75.6699
v -79.1986 295.5733 80.0000
v -78.5516 293.1585 84.3301
v -77.2575 288.3289 84.3301
v -76.6104 285.9140 80.0000
v -77.2575 288.3289 75.6699
v -78.5516 293.1585 75.6699
v -117.1011 282.7071 80.0000
v -116.1444 280.3974 84.3301
v -114.2310 275.7780 84.3301
v -113.2743 273.4683 80.0000
v -114.2310 275.7780 75.6699
v -116.1444 280.3974 75.6699
v -153.0000 265.0038 80.0000
v -151.7500 262.8387 84.3301
v -149.2500 258.5086 84.3301
v -148.0000 256.3435 80.0000
v -149.2500 258.5086 75.6699
v -151.7500 262.8387 75.6699
v -186.2810 242.7661 80.0000
v -184.7591 240.7827 84.3301
v -181.7153 236.8160 84.3301
v -180.1934 234.8326 80.0000
v -181.7153 236.8160 75.6699
v -184.7591 240.7827 75.6699
v -216.3747 216.3747 80.0000
v -214.6069 214.6069 84.3301
v -211.0714 211.0714 84.3301
v -209.3036 209.3036 80.0000
v -211.0714 211.0714 75.6699
v -214.6069 214.6069 75.6699
v -242.7661 186.2810 80.0000
v -240.7827 184.7591 84.3301
v -236.8160 181.7153 84.3301
v -234.8326 180.1934 80.0000
v -236.8160 181.7153 75.6699
v -240.7827 184.7591 75.6699
v -265.0038 153.0000 80.0000
v -262.8387 151.7500 84.3301
v -258.5086 149.2500 84.3301
v -256.3435 148.0000 80.0000
v -258.5086 149.2500 75.6699
v -262.8387 151.7500 75.6699
v -282.7071 117.1011 80.0000
v -280.3974 116.1444 84.3301
v -275.7780 114.2310 84.3301
v -273.4683 113.2743 80.0000
v -275.7780 114.2310 75.6699
v -280.3974 116.1444 75.6699
v -295.5733 79.1986 80.0000
v -293.1585 78.5516 84.3301
v -288.3289 77.2575 84.3301
v -285.9140 76.6104 80.0000
v -288.3289 77.2575 75.6699
v -293.1585 78.5516 75.6699
v -303.3821 39.9410 80.0000
v -300.9035 39.6147 84.3301
v -295.9463 38.9621 84.3301
v -293.4677 38.6358 80.0000
v -295.9463 38.9621 75.6699
v -300.9035 39.6147 75.6699
v -306.0000 0.0000 80.0000
v -303.5000 0.0000 84.3301
v -298.5000 0.0000 84.3301
v -296.0000 0.0000 80.0000
v -298.5000 0.0000 75.6699
v -303.5000 0.0000 75.6699
v -303.3821 -39.9410 80.0000
v -300.9035 -39.6147 84.3301
v -295.9463 -38.9621 84.3301
v -293.4677 -38.6358 80.0000
v -295.9463 -38.9621 75.6699
v -300.9035 -39.6147 75.6699
v -295.5733 -79.1986 80.0000
v -293.1585 -78.5516 84.3301
v -288.3289 -77.2575 84.3301
v -285.9140 -76.6104 80.0000
v -288.3289 -77.2575 75.6699
v -293.1585 -78.5516 75.6699
v -282.7071 -117.1011 80.0000
v -280.3974 -116.1444 84.3301
v -275.7780 -114.2310 84.3301
v -273.4683 -113.2743 80.0000
v -275.7780 -114.2310 75.6699
v -280.3974 -116.1444 75.6699
v -265.0038 -153.0000 80.0000
v -262.8387 -151.7500 84.3301
v -258.5086 -149.2500 84.3301
v -256.3435 -148.0000 80.0000
v -258.5086 -149.2500 75.6699
v -262.8387 -151.7500 75.6699
v -242.7661 -186.2810 80.0000
v -240.7827 -184.7591 84.3301
v -236.8160 -181.7153 84.3301
v -234.8326 -180.1934 80.0000
v -236.8160 -181.7153 75.6699
v -240.7827 -184.7591 75.6699
v -216.3747 -216.3747 80.0000
v -214.6069 -214.6069 84.3301
v -211.0714 -211.0714 84.3301
v -209.3036 -209.3036 80.0000
v -211.0714 -211.0714 75.6699
v -214.6069 -214.6069 75.6699
v -186.2810 -242.7661 80.0000
v -184.7591 -240.7827 84.3301
v -181.7153 -236.8160 84.3301
v -180.1934 -234.8326 80.0000
v -181.7153 -236.8160 75.6699
v -184.7591 -240.7827 75.6699
v -153.0000 -265.0038 80.0000
v -151.7500 -262.8387 84.3301
v -149.2500 -258.5086 84.3301
v -148.0000 -256.3435 80.0000
v -149.2500 -258.5086 75.6699
v -151.7500 -262.8387 75.6699
v -117.1011 -282.7071 80.0000
v -116.1444 -280.3974 84.3301
v -114.2310 -275.7780 84.3301
v -113.2743 -273.4683 80.0000
v -114.2310 -275.7780 75.6699
v -116.1444 -280.3974 75.6699
v -79.1986 -295.5733 80.0000
v -78.5516 -293.1585 84.3301
v -77.2575 -288.3289 84.3301
v -76.6104 -285.9140 80.0000
v -77.2575 -288.3289 75.6699
v -78.5516 -293.1585 75.6699
v -39.9410 -303.3821 80.0000
v -39.6147 -300.9035 84.3301
v -38.9621 -295.9463 84.3301
v -38.6358 -293.4677 80.0000
v -38.9621 -295.9463 75.6699
v -39.6147 -300.9035 75.6699
v -0.0000 -306.0000 80.0000
v -0.0000 -303.5000 84.3301
v -0.0000 -298.5000 84.3301
v -0.0000 -296.0000 80.0000
v -0.0000 -298.5000 75.6699
v -0.0000 -303.5000 75.6699
v 39.9410 -303.3821 80.0000
v 39.6147 -300.9035 84.3301
v 38.9621 -295.9463 84.3301
v 38.6358 -293.4677 80.0000
v 38.9621 -295.9463 75.6699
v 39.6147 -300.9035 75.6699
v 79.1986 -295.5733 80.0000
v 78.5516 -293.1585 84.3301
v 77.2575 -288.3289 84.3301
v 76.6104 -285.9140 80.0000
v 77.2575 -288.3289 75.6699
v 78.5516 -293.1585 75.6699
v 117.1011 -282.7071 80.0000
v 116.1444 -280.3974 84.3301
v 114.2310 -275.7780 84.3301
v 113.2743 -273.4683 80.0000
v 114.2310 -275.7780 75.6699
v 116.1444 -280.3974 75.6699
v 153.0000 -265.0038 80.0000
v 151.7500 -262.8387 84.3301
v 149.2500 -258.5086 84.3301
v 148.0000 -256.3435 80.0000
v 149.2500 -258.5086 75.6699
v 151.7500 -262.8387 75.6699
v 186.2810 -242.7661 80.0000
v 184.7591 -240.7827 84.3301
v 181.7153 -236.8160 84.3301
v 180.1934 -234.8326 80.0000
v 181.7153 -236.8160 75.6699
v 184.7591 -240.7827 75.6699
v 216.3747 -216.3747 80.0000
v 214.6069 -214.6069 84.3301
v 211.0714 -211.0714 84.3301
v 209.3036 -209.3036 80.0000
v 211.0714 -211.0714 75.6699
v 214.6069 -214.6069 75.6699
v 242.7661 -186.2810 80.0000
v 240.7827 -184.7591 84.3301
v 236.8160 -181.7153 84.3301
v 234.8326 -180.1934 80.0000
v 236.8160 -181.7153 75.6699
v 240.7827 -184.7591 75.6699
v 265.0038 -153.0000 80.0000
v 262.8387 -151.7500 84.3301
v 258.5086 -149.2500 84.3301
v 256.3435 -148.0000 80.0000
v 258.5086 -149.2500 75.6699
v 262.8387 -151.7500 75.6699
v 282.7071 -117.1011 80.0000
v 280.3974 -116.1444 84.3301
v 275.7780 -114.2310 84.3301
v 273.4683 -113.2743 80.0000
v 275.7780 -114.2310 75.6699
v 280.3974 -116.1444 75.6699
v 295.5733 -79.1986 80.0000
v 293.1585 -78.5516 84.3301
v 288.3289 -77.2575 84.3301
v 285.9140 -76.6104 80.0000
v 288.3289 -77.2575 75.6699
v 293.1585 -78.5516 75.6699
v 303.3821 -39.9410 80.0000
v 300.9035 -39.6147 84.3301
v 295.9463 -38.9621 84.3301
v 293.4677 -38.6358 80.0000
v 295.9463 -38.9621 75.6699
v 300.9035 -39.6147 75.6699
v 277.0000 0.0000 505.0000
v 275.0000 0.0000 523.0000
v 274.6302 36.1558 505.0000
v 272.6473 35.8947 523.0000
v 267.5615 71.6929 505.0000
v 265.6296 71.1752 523.0000
v 255.9146 106.0033 505.0000
v 254.0669 105.2379 523.0000
v 239.8890 138.5000 505.0000
v 238.1570 137.5000 523.0000
v 219.7589 168.6269 505.0000
v 218.1722 167.4094 523.0000
v 195.8686 195.8686 505.0000
v 194.4544 194.4544 523.0000
v 168.6269 219.7589 505.0000
v 167.4094 218.1722 523.0000
v 138.5000 239.8890 505.0000
v 137.5000 238.1570 523.0000
v 106.0033 255.9146 505.0000
v 105.2379 254.0669 523.0000
v 71.6929 267.5615 505.0000
v 71.1752 265.6296 523.0000
v 36.1558 274.6302 505.0000
v 35.8947 272.6473 523.0000
v 0.0000 277.0000 505.0000
v 0.0000 275.0000 523.0000
v -36.1558 274.6302 505.0000
v -35.8947 272.6473 523.0000
v -71.6929 267.5615 505.0000
v -71.1752 265.6296 523.0000
v -106.0033 255.9146 505.0000
v -105.2379 254.0669 523.0000
v -138.5000 239.8890 505.0000
v -137.5000 238.1570 523.0000
v -168.6269 219.7589 505.0000
v -167.4094 218.1722 523.0000
v -195.8686 195.8686 505.0000
v -194.4544 194.4544 523.0000
v -219.7589 168.6269 505.0000
v -218.1722 167.4094 523.0000
v -239.8890 138.5000 505.0000
v -238.1570 137.5000 523.0000
v -255.9146 106.0033 505.0000
v -254.0669 105.2379 523.0000
v -267.5615 71.6929 505.0000
v -265.6296 71.1752 523.0000
v -274.6302 36.1558 505.0000
v -272.6473 35.8947 523.0000
v -277.0000 0.0000 505.0000
v -275.0000 0.0000 523.0000
v -274.6302 -36.1558 505.0000
v -272.6473 -35.8947 523.0000
v -267.5615 -71.6929 505.0000
v -265.6296 -71.1752 523.0000
v -255.9146 -106.0033 505.0000
v -254.0669 -105.2379 523.0000
v -239.8890 -138.5000 505.0000
v -238.1570 -137.5000 523.0000
v -219.7589 -168.6269 505.0000
v -218.1722 -167.4094 523.0000
v -195.8686 -195.8686 505.0000
v -194.4544 -194.4544 523.0000
v -168.6269 -219.7589 505.0000
v -167.4094 -218.1722 523.0000
v -138.5000 -239.8890 505.0000
v -137.5000 -238.1570 523.0000
v -106.0033 -255.9146 505.0000
v -105.2379 -254.0669 523.0000
v -71.6929 -267.5615 505.0000
v -71.1752 -265.6296 523.0000
v -36.1558 -274.6302 505.0000
v -35.8947 -272.6473 523.0000
v -0.0000 -277.0000 505.0000
v -0.0000 -275.0000 523.0000
v 36.1558 -274.6302 505.0000
v 35.8947 -272.6473 523.0000
v 71.6929 -267.5615 505.0000
v 71.1752 -265.6296 523.0000
v 106.0033 -255.9146 505.0000
v 105.2379 -254.0669 523.0000
v 138.5000 -239.8890 505.0000
v 137.5000 -238.1570 523.0000
v 168.6269 -219.7589 505.0000
v 167.4094 -218.1722 523.0000
v 195.8686 -195.8686 505.0000
v 194.4544 -194.4544 523.0000
v 219.7589 -168.6269 505.0000
v 218.1722 -167.4094 523.0000
v 239.8890 -138.5000 505.0000
v 238.1570 -137.5000 523.0000
v 255.9146 -106.0033 505.0000
v 254.0669 -105.2379 523.0000
v 267.5615 -71.6929 505.0000
v 265.6296 -71.1752 523.0000
v 274.6302 -36.1558 505.0000
v 272.6473 -35.8947 523.0000
v 282.0000 0.0000 526.0000
v 279.5000 0.0000 530.3301
v 274.5000 0.0000 530.3301
v 272.0000 0.0000 526.0000
v 274.5000 0.0000 521.6699
v 279.5000 0.0000 521.6699
v 279.5875 36.8084 526.0000
v 277.1088 36.4821 530.3301
v 272.1516 35.8294 530.3301
v 269.6730 35.5031 526.0000
v 272.1516 35.8294 521.6699
v 277.1088 36.4821 521.6699
v 272.3911 72.9870 526.0000
v 269.9763 72.3399 530.3301
v 265.1466 71.0458 530.3301
v 262.7318 70.3988 526.0000
v 265.1466 71.0458 521.6699
v 269.9763 72.3399 521.6699
v 260.5340 107.9167 526.0000
v 258.2243 106.9600 530.3301
v 253.6049 105.0466 530.3301
v 251.2952 104.0899 526.0000
v 253.6049 105.0466 521.6699
v 258.2243 106.9600 521.6699
v 244.2192 141.0000 526.0000
v 242.0541 139.7500 530.3301
v 237.7240 137.2500 530.3301
v 235.5589 136.0000 526.0000
v 237.7240 137.2500 521.6699
v 242.0541 139.7500 521.6699
v 223.7256 171.6707 526.0000
v 221.7423 170.1488 530.3301
v 217.7755 167.1050 530.3301
v 215.7921 165.5831 526.0000
v 217.7755 167.1050 521.6699
v 221.7423 170.1488 521.6699
v 199.4041 199.4041 526.0000
v 197.6363 197.6363 530.3301
v 194.1008 194.1008 530.3301
v 192.3330 192.3330 526.0000
v 194.1008 194.1008 521.6699
v 197.6363 197.6363 521.6699
v 171.6707 223.7256 526.0000
v 170.1488 221.7423 530.3301
v 167.1050 217.7755 530.3301
v 165.5831 215.7921 526.0000
v 167.1050 217.7755 521.6699
v 170.1488 221.7423 521.6699
v 141.0000 244.2192 526.0000
v 139.7500 242.0541 530.3301
v 137.2500 237.7240 530.3301
v 136.0000 235.5589 526.0000
v 137.2500 237.7240 521.6699
v 139.7500 242.0541 521.6699
v 107.9167 260.5340 526.0000
v 106.9600 258.2243 530.3301
v 105.0466 253.6049 530.3301
v 104.0899 251.2952 526.0000
v 105.0466 253.6049 521.6699
v 106.9600 258.2243 521.6699
v 72.9870 272.3911 526.0000
v 72.3399 269.9763 530.3301
v 71.0458 265.1466 530.3301
v 70.3988 262.7318 526.0000
v 71.0458 265.1466 521.6699
v 72.3399 269.9763 521.6699
v 36.8084 279.5875 526.0000
v 36.4821 277.1088 530.3301
v 35.8294 272.1516 530.3301
v 35.5031 269.6730 526.0000
v 35.8294 272.1516 521.6699
v 36.4821 277.1088 521.6699
v 0.0000 282.0000 526.0000
v 0.0000 279.5000 530.3301
v 0.0000 274.5000 530.3301
v 0.0000 272.0000 526.0000
v 0.0000 274.5000 521.6699
v 0.0000 279.5000 521.6699
v -36.8084 279.5875 526.0000
v -36.4821 277.1088 530.3301
v -35.8294 272.1516 530.3301
v -35.5031 269.6730 526.0000
v -35.8294 272.1516 521.6699
v -36.4821 277.1088 521.6699
v -72.9870 272.3911 526.0000
v -72.3399 269.9763 530.3301
v -71.0458 265.1466 530.3301
v -70.3988 262.7318 526.0000
v -71.0458 265.1466 521.6699
v -72.3399 269.9763 521.6699
v -107.9167 260.5340 526.0000
v -106.9600 258.2243 530.3301
v -105.0466 253.6049 530.3301
v -104.0899 251.2952 526.0000
v -105.0466 253.6049 521.6699
v -106.9600 258.2243 521.6699
v -141.0000 244.2192 526.0000
v -139.7500 242.0541 530.3301
v -137.2500 237.7240 530.3301
v -136.0000 235.5589 526.0000
v -137.2500 237.7240 521.6699
v -139.7500 242.0541 521.6699
v -171.6707 223.7256 526.0000
v -170.1488 221.7423 530.3301
v -167.1050 217.7755 530.3301
v -165.5831 215.7921 526.0000
v -167.1050 217.7755 521.6699
v -170.1488 221.7423 521.6699
v -199.4041 199.4041 526.0000
v -197.6363 197.6363 530.3301
v -194.1008 194.1008 530.3301
v -192.3330 192.3330 526.0000
v -194.1008 194.1008 521.6699
v -197.6363 197.6363 521.6699
v -223.7256 171.6707 526.0000
v -221.7423 170.1488 530.3301
v -217.7755 167.1050 530.3301
v -215.7921 165.5831 526.0000
v -217.7755 167.1050 521.6699
v -221.7423 170.1488 521.6699
v -244.2192 141.0000 526.0000
v -242.0541 139.7500 530.3301
v -237.7240 137.2500 530.3301
v -235.5589 136.0000 526.0000
v -237.7240 137.2500 521.6699
v -242.0541 139.7500 521.6699
v -260.5340 107.9167 526.0000
v -258.2243 106.9600 530.3301
v -253.6049 105.0466 530.3301
v -251.2952 104.0899 526.0000
v -253.6049 105.0466 521.6699
v -258.2243 106.9600 521.6699
v -272.3911 72.9870 526.0000
v -269.9763 72.3399 530.3301
v -265.1466 71.0458 530.3301
v -262.7318 70.3988 526.0000
v -265.1466 71.0458 521.6699
v -269.9763 72.3399 521.6699
v -279.5875 36.8084 526.0000
v -277.1088 36.4821 530.3301
v -272.1516 35.8294 530.3301
v -269.6730 35.5031 526.0000
v -272.1516 35.8294 521.6699
v -277.1088 36.4821 521.6699
v -282.0000 0.0000 526.0000
v -279.5000 0.0000 530.3301
v -274.5000 0.0000 530.3301
v -272.0000 0.0000 526.0000
v -274.5000 0.0000 521.6699
v -279.5000 0.0000 521.6699
v -279.5875 -36.8084 526.0000
v -277.1088 -36.4821 530.3301
v -272.1516 -35.8294 530.3301
v -269.6730 -35.5031 526.0000
v -272.1516 -35.8294 521.6699
v -277.1088 -36.4821 521.6699
v -272.3911 -72.9870 526.0000
v -269.9763 -72.3399 530.3301
v -265.1466 -71.0458 530.3301
v -262.7318 -70.3988 526.0000
v -265.1466 -71.0458 521.6699
v -269.9763 -72.3399 521.6699
v -260.5340 -107.9167 526.0000
v -258.2243 -106.9600 530.3301
v -253.6049 -105.0466 530.3301
v -251.2952 -104.0899 526.0000
v -253.6049 -105.0466 521.6699
v -258.2243 -106.9600 521.6699
v -244.2192 -141.0000 526.0000
v -242.0541 -139.7500 530.3301
v -237.7240 -137.2500 530.3301
v -235.5589 -136.0000 526.0000
v -237.7240 -137.2500 521.6699
v -242.0541 -139.7500 521.6699
v -223.7256 -171.6707 526.0000
v -221.7423 -170.1488 530.3301
v -217.7755 -167.1050 530.3301
v -215.7921 -165.5831 526.0000
v -217.7755 -167.1050 521.6699
v -221.7423 -170.1488 521.6699
v -199.4041 -199.4041 526.0000
v -197.6363 -197.6363 530.3301
v -194.1008 -194.1008 530.3301
v -192.3330 -192.3330 526.0000
v -194.1008 -194.1008 521.6699
v -197.6363 -197.6363 521.6699
v -171.6707 -223.7256 526.0000
v -170.1488 -221.7423 530.3301
v -167.1050 -217.7755 530.3301
v -165.5831 -215.7921 526.0000
v -167.1050 -217.7755 521.6699
v -170.1488 -221.7423 521.6699
v -141.0000 -244.2192 526.0000
v -139.7500 -242.0541 530.3301
v -137.2500 -237.7240 530.3301
v -136.0000 -235.5589 526.0000
v -137.2500 -237.7240 521.6699
v -139.7500 -242.0541 521.6699
v -107.9167 -260.5340 526.0000
v -106.9600 -258.2243 530.3301
v -105.0466 -253.6049 530.3301
v -104.0899 -251.2952 526.0000
v -105.0466 -253.6049 521.6699
v -106.9600 -258.2243 521.6699
v -72.9870 -272.3911 526.0000
v -72.3399 -269.9763 530.3301
v -71.0458 -265.1466 530.3301
v -70.3988 -262.7318 526.0000
v -71.0458 -265.1466 521.6699
v -72.3399 -269.9763 521.6699
v -36.8084 -279.5875 526.0000
v -36.4821 -277.1088 530.3301
v -35.8294 -272.1516 530.3301
v -35.5031 -269.6730 526.0000
v -35.8294 -272.1516 521.6699
v -36.4821 -277.1088 521.6699
v -0.0000 -282.0000 526.0000
v -0.0000 -279.5000 530.3301
v -0.0000 -274.5000 530.3301
v -0.0000 -272.0000 526.0000
v -0.0000 -274.5000 521.6699
v -0.0000 -279.5000 521.6699
v 36.8084 -279.5875 526.0000
v 36.4821 -277.1088 530.3301
v 35.8294 -272.1516 530.3301
v 35.5031 -269.6730 526.0000
v 35.8294 -272.1516 521.6699
v 36.4821 -277.1088 521.6699
v 72.9870 -272.3911 526.0000
v 72.3399 -269.9763 530.3301
v 71.0458 -265.1466 530.3301
v 70.3988 -262.7318 526.0000
v 71.0458 -265.1466 521.6699
v 72.3399 -269.9763 521.6699
v 107.9167 -260.5340 526.0000
v 106.9600 -258.2243 530.3301
v 105.0466 -253.6049 530.3301
v 104.0899 -251.2952 526.0000
v 105.0466 -253.6049 521.6699
v 106.9600 -258.2243 521.6699
v 141.0000 -244.2192 526.0000
v 139.7500 -242.0541 530.3301
v 137.2500 -237.7240 530.3301
v 136.0000 -235.5589 526.0000
v 137.2500 -237.7240 521.6699
v 139.7500 -242.0541 521.6699
v 171.6707 -223.7256 526.0000
v 170.1488 -221.7423 530.3301
v 167.1050 -217.7755 530.3301
v 165.5831 -215.7921 526.0000
v 167.1050 -217.7755 521.6699
v 170.1488 -221.7423 521.6699
v 199.4041 -199.4041 526.0000
v 197.6363 -197.6363 530.3301
v 194.1008 -194.1008 530.3301
v 192.3330 -192.3330 526.0000
v 194.1008 -194.1008 521.6699
v 197.6363 -197.6363 521.6699
v 223.7256 -171.6707 526.0000
v 221.7423 -170.1488 530.3301
v 217.7755 -167.1050 530.3301
v 215.7921 -165.5831 526.0000
v 217.7755 -167.1050 521.6699
v 221.7423 -170.1488 521.6699
v 244.2192 -141.0000 526.0000
v 242.0541 -139.7500 530.3301
v 237.7240 -137.2500 530.3301
v 235.5589 -136.0000 526.0000
v 237.7240 -137.2500 521.6699
v 242.0541 -139.7500 521.6699
v 260.5340 -107.9167 526.0000
v 258.2243 -106.9600 530.3301
v 253.6049 -105.0466 530.3301
v 251.2952 -104.0899 526.0000
v 253.6049 -105.0466 521.6699
v 258.2243 -106.9600 521.6699
v 272.3911 -72.9870 526.0000
v 269.9763 -72.3399 530.3301
v 265.1466 -71.0458 530.3301
v 262.7318 -70.3988 526.0000
v 265.1466 -71.0458 521.6699
v 269.9763 -72.3399 521.6699
v 279.5875 -36.8084 526.0000
v 277.1088 -36.4821 530.3301
v 272.1516 -35.8294 530.3301
v 269.6730 -35.5031 526.0000
v 272.1516 -35.8294 521.6699
v 277.1088 -36.4821 521.6699
v 245.0000 0.0000 1025.0000
v 243.0000 0.0000 1043.0000
v 242.9040 31.9789 1025.0000
v 240.9211 31.7179 1043.0000
v 236.6518 63.4107 1025.0000
v 234.7200 62.8930 1043.0000
v 226.3505 93.7574 1025.0000
v 224.5027 92.9921 1043.0000
v 212.1762 122.5000 1025.0000
v 210.4442 121.5000 1043.0000
v 194.3716 149.1466 1025.0000
v 192.7849 147.9290 1043.0000
v 173.2412 173.2412 1025.0000
v 171.8269 171.8269 1043.0000
v 149.1466 194.3716 1025.0000
v 147.9290 192.7849 1043.0000
v 122.5000 212.1762 1025.0000
v 121.5000 210.4442 1043.0000
v 93.7574 226.3505 1025.0000
v 92.9921 224.5027 1043.0000
v 63.4107 236.6518 1025.0000
v 62.8930 234.7200 1043.0000
v 31.9789 242.9040 1025.0000
v 31.7179 240.9211 1043.0000
v 0.0000 245.0000 1025.0000
v 0.0000 243.0000 1043.0000
v -31.9789 242.9040 1025.0000
v -31.7179 240.9211 1043.0000
v -63.4107 236.6518 1025.0000
v -62.8930 234.7200 1043.0000
v -93.7574 226.3505 1025.0000
v -92.9921 224.5027 1043.0000
v -122.5000 212.1762 1025.0000
v -121.5000 210.4442 1043.0000
v -149.1466 194.3716 1025.0000
v -147.9290 192.7849 1043.0000
v -173.2412 173.2412 1025.0000
v -171.8269 171.8269 1043.0000
v -194.3716 149.1466 1025.0000
v -192.7849 147.9290 1043.0000
v -212.1762 122.5000 1025.0000
v -210.4442 121.5000 1043.0000
v -226.3505 93.7574 1025.0000
v -224.5027 92.9921 1043.0000
v -236.6518 63.4107 1025.0000
v -234.7200 62.8930 1043.0000
v -242.9040 31.9789 1025.0000
v -240.9211 31.7179 1043.0000
v -245.0000 0.0000 1025.0000
v -243.0000 0.0000 1043.0000
v -242.9040 -31.9789 1025.0000
v -240.9211 -31.7179 1043.0000
v -236.6518 -63.4107 1025.0000
v -234.7200 -62.8930 1043.0000
v -226.3505 -93.7574 1025.0000
v -224.5027 -92.9921 1043.0000
v -212.1762 -122.5000 1025.0000
v -210.4442 -121.5000 1043.0000
v -194.3716 -149.1466 1025.0000
v -192.7849 -147.9290 1043.0000
v -173.2412 -173.2412 1025.0000
v -171.8269 -171.8269 1043.0000
v -149.1466 -194.3716 1025.0000
v -147.9290 -192.7849 1043.0000
v -122.5000 -212.1762 1025.0000
v -121.5000 -210.4442 1043.0000
v -93.7574 -226.3505 1025.0000
v -92.9921 -224.5027 1043.0000
v -63.4107 -236.6518 1025.0000
v -62.8930 -234.7200 1043.0000
v -31.9789 -242.9040 1025.0000
v -31.7179 -240.9211 1043.0000
v -0.0000 -245.0000 1025.0000
v -0.0000 -243.0000 1043.0000
v 31.9789 -242.9040 1025.0000
v 31.7179 -240.9211 1043.0000
v 63.4107 -236.6518 1025.0000
v 62.8930 -234.7200 1043.0000
v 93.7574 -226.3505 1025.0000
v 92.9921 -224.5027 1043.0000
v 122.5000 -212.1762 1025.0000
v 121.5000 -210.4442 1043.0000
v 149.1466 -194.3716 1025.0000
v 147.9290 -192.7849 1043.0000
v 173.2412 -173.2412 1025.0000
v 171.8269 -171.8269 1043.0000
v 194.3716 -149.1466 1025.0000
v 192.7849 -147.9290 1043.0000
v 212.1762 -122.5000 1025.0000
v 210.4442 -121.5000 1043.0000
v 226.3505 -93.7574 1025.0000
v 224.5027 -92.9921 1043.0000
v 236.6518 -63.4107 1025.0000
v 234.7200 -62.8930 1043.0000
v 242.9040 -31.9789 1025.0000
v 240.9211 -31.7179 1043.0000
v 250.0000 0.0000 1046.0000
v 247.5000 0.0000 1050.3301
v 242.5000 0.0000 1050.3301
v 240.0000 0.0000 1046.0000
v 242.5000 0.0000 1041.6699
v 247.5000 0.0000 1041.6699
v 247.8612 32.6315 1046.0000
v 245.3826 32.3052 1050.3301
v 240.4254 31.6526 1050.3301
v 237.9468 31.3263 1046.0000
v 240.4254 31.6526 1041.6699
v 245.3826 32.3052 1041.6699
v 241.4815 64.7048 1046.0000
v 239.0666 64.0577 1050.3301
v 234.2370 62.7636 1050.3301
v 231.8222 62.1166 1046.0000
v 234.2370 62.7636 1041.6699
v 239.0666 64.0577 1041.6699
v 230.9699 95.6709 1046.0000
v 228.6602 94.7141 1050.3301
v 224.0408 92.8007 1050.3301
v 221.7311 91.8440 1046.0000
v 224.0408 92.8007 1041.6699
v 228.6602 94.7141 1041.6699
v 216.5064 125.0000 1046.0000
v 214.3413 123.7500 1050.3301
v 210.0112 121.2500 1050.3301
v 207.8461 120.0000 1046.0000
v 210.0112 121.2500 1041.6699
v 214.3413 123.7500 1041.6699
v 198.3383 152.1904 1046.0000
v 196.3550 150.6685 1050.3301
v 192.3882 147.6246 1050.3301
v 190.4048 146.1027 1046.0000
v 192.3882 147.6246 1041.6699
v 196.3550 150.6685 1041.6699
v 176.7767 176.7767 1046.0000
v 175.0089 175.0089 1050.3301
v 171.4734 171.4734 1050.3301
v 169.7056 169.7056 1046.0000
v 171.4734 171.4734 1041.6699
v 175.0089 175.0089 1041.6699
v 152.1904 198.3383 1046.0000
v 150.6685 196.3550 1050.3301
v 147.6246 192.3882 1050.3301
v 146.1027 190.4048 1046.0000
v 147.6246 192.3882 1041.6699
v 150.6685 196.3550 1041.6699
v 125.0000 216.5064 1046.0000
v 123.7500 214.3413 1050.3301
v 121.2500 210.0112 1050.3301
v 120.0000 207.8461 1046.0000
v 121.2500 210.0112 1041.6699
v 123.7500 214.3413 1041.6699
v 95.6709 230.9699 1046.0000
v 94.7141 228.6602 1050.3301
v 92.8007 224.0408 1050.3301
v 91.8440 221.7311 1046.0000
v 92.8007 224.0408 1041.6699
v 94.7141 228.6602 1041.6699
v 64.7048 241.4815 1046.0000
v 64.0577 239.0666 1050.3301
v 62.7636 234.2370 1050.3301
v 62.1166 231.8222 1046.0000
v 62.7636 234.2370 1041.6699
v 64.0577 239.0666 1041.6699
v 32.6315 247.8612 1046.0000
v 32.3052 245.3826 1050.3301
v 31.6526 240.4254 1050.3301
v 31.3263 237.9468 1046.0000
v 31.6526 240.4254 1041.6699
v 32.3052 245.3826 1041.6699
v 0.0000 250.0000 1046.0000
v 0.0000 247.5000 1050.3301
v 0.0000 242.5000 1050.3301
v 0.0000 240.0000 1046.0000
v 0.0000 242.5000 1041.6699
v 0.0000 247.5000 1041.6699
v -32.6315 247.8612 1046.0000
v -32.3052 245.3826 1050.3301
v -31.6526 240.4254 1050.3301
v -31.3263 237.9468 1046.0000
v -31.6526 240.4254 1041.6699
v -32.3052 245.3826 1041.6699
v -64.7048 241.4815 1046.0000
v -64.0577 239.0666 1050.3301
v -62.7636 234.2370 1050.3301
v -62.1166 231.8222 1046.0000
v -62.7636 234.2370 1041.6699
v -64.0577 239.0666 1041.6699
v -95.6709 230.9699 1046.0000
v -94.7141 228.6602 1050.3301
v -92.8007 224.0408 1050.3301
v -91.8440 221.7311 1046.0000
v -92.8007 224.0408 1041.6699
v -94.7141 228.6602 1041.6699
v -125.0000 216.5064 1046.0000
v -123.7500 214.3413 1050.3301
v -121.2500 210.0112 1050.3301
v -120.0000 207.8461 1046.0000
v -121.2500 210.0112 1041.6699
v -123.7500 214.3413 1041.6699
v -152.1904 198.3383 1046.0000
v -150.6685 196.3550 1050.3301
v -147.6246 192.3882 1050.3301
v -146.1027 190.4048 1046.0000
v -147.6246 192.3882 1041.6699
v -150.6685 196.3550 1041.6699
v -176.7767 176.7767 1046.0000
v -175.0089 175.0089 1050.3301
v -171.4734 171.4734 1050.3301
v -169.7056 169.7056 1046.0000
v -171.4734 171.4734 1041.6699
v -175.0089 175.0089 1041.6699
v -198.3383 152.1904 1046.0000
v -196.3550 150.6685 1050.3301
v -192.3882 147.6246 1050.3301
v -190.4048 146.1027 1046.0000
v -192.3882 147.6246 1041.6699
v -196.3550 150.6685 1041.6699
v -216.5064 125.0000 1046.0000
v -214.3413 123.7500 1050.3301
v -210.0112 121.2500 1050.3301
v -207.8461 120.0000 1046.0000
v -210.0112 121.2500 1041.6699
v -214.3413 123.7500 1041.6699
v -230.9699 95.6709 1046.0000
v -228.6602 94.7141 1050.3301
v -224.0408 92.8007 1050.3301
v -221.7311 91.8440 1046.0000
v -224.0408 92.8007 1041.6699
v -228.6602 94.7141 1041.6699
v -241.4815 64.7048 1046.0000
v -239.0666 64.0577 1050.3301
v -234.2370 62.7636 1050.3301
v -231.8222 62.1166 1046.0000
v -234.2370 62.7636 1041.6699
v -239.0666 64.0577 1041.6699
v -247.8612 32.6315 1046.0000
v -245.3826 32.3052 1050.3301
v -240.4254 31.6526 1050.3301
v -237.9468 31.3263 1046.0000
v -240.4254 31.6526 1041.6699
v -245.3826 32.3052 1041.6699
v -250.0000 0.0000 1046.0000
v -247.5000 0.0000 1050.3301
v -242.5000 0.0000 1050.3301
v -240.0000 0.0000 1046.0000
v -242.5000 0.0000 1041.6699
v -247.5000 0.0000 1041.6699
v -247.8612 -32.6315 1046.0000
v -245.3826 -32.3052 1050.3301
v -240.4254 -31.6526 1050.3301
v -237.9468 -31.3263 1046.0000
v -240.4254 -31.6526 1041.6699
v -245.3826 -32.3052 1041.6699
v -241.4815 -64.7048 1046.0000
v -239.0666 -64.0577 1050.3301
v -234.2370 -62.7636 1050.3301
v -231.8222 -62.1166 1046.0000
v -234.2370 -62.7636 1041.6699
v -239.0666 -64.0577 1041.6699
v -230.9699 -95.6709 1046.0000
v -228.6602 -94.7141 1050.3301
v -224.0408 -92.8007 1050.3301
v -221.7311 -91.8440 1046.0000
v -224.0408 -92.8007 1041.6699
v -228.6602 -94.7141 1041.6699
v -216.5064 -125.0000 1046.0000
v -214.3413 -123.7500 1050.3301
v -210.0112 -121.2500 1050.3301
v -207.8461 -120.0000 1046.0000
v -210.0112 -121.2500 1041.6699
v -214.3413 -123.7500 1041.6699
v -198.3383 -152.1904 1046.0000
v -196.3550 -150.6685 1050.3301
v -192.3882 -147.6246 1050.3301
v -190.4048 -146.1027 1046.0000
v -192.3882 -147.6246 1041.6699
v -196.3550 -150.6685 1041.6699
v -176.7767 -176.7767 1046.0000
v -175.0089 -175.0089 1050.3301
v -171.4734 -171.4734 1050.3301
v -169.7056 -169.7056 1046.0000
v -171.4734 -171.4734 1041.6699
v -175.0089 -175.0089 1041.6699
v -152.1904 -198.3383 1046.0000
v -150.6685 -196.3550 1050.3301
v -147.6246 -192.3882 1050.3301
v -146.1027 -190.4048 1046.0000
v -147.6246 -192.3882 1041.6699
v -150.6685 -196.3550 1041.6699
v -125.0000 -216.5064 1046.0000
v -123.7500 -214.3413 1050.3301
v -121.2500 -210.0112 1050.3301
v -120.0000 -207.8461 1046.0000
v -121.2500 -210.0112 1041.6699
v -123.7500 -214.3413 1041.6699
v -95.6709 -230.9699 1046.0000
v -94.7141 -228.6602 1050.3301
v -92.8007 -224.0408 1050.3301
v -91.8440 -221.7311 1046.0000
v -92.8007 -224.0408 1041.6699
v -94.7141 -228.6602 1041.6699
v -64.7048 -241.4815 1046.0000
v -64.0577 -239.0666 1050.3301
v -62.7636 -234.2370 1050.3301
v -62.1166 -231.8222 1046.0000
v -62.7636 -234.2370 1041.6699
v -64.0577 -239.0666 1041.6699
v -32.6315 -247.8612 1046.0000
v -32.3052 -245.3826 1050.3301
v -31.6526 -240.4254 1050.3301
v -31.3263 -237.9468 1046.0000
v -31.6526 -240.4254 1041.6699
v -32.3052 -245.3826 1041.6699
v -0.0000 -250.0000 1046.0000
v -0.0000 -247.5000 1050.3301
v -0.0000 -242.5000 1050.3301
v -0.0000 -240.0000 1046.0000
v -0.0000 -242.5000 1041.6699
v -0.0000 -247.5000 1041.6699
v 32.6315 -247.8612 1046.0000
v 32.3052 -245.3826 1050.3301
v 31.6526 -240.4254 1050.3301
v 31.3263 -237.9468 1046.0000
v 31.6526 -240.4254 1041.6699
v 32.3052 -245.3826 1041.6699
v 64.7048 -241.4815 1046.0000
v 64.0577 -239.0666 1050.3301
v 62.7636 -234.2370 1050.3301
v 62.1166 -231.8222 1046.0000
v 62.7636 -234.2370 1041.6699
v 64.0577 -239.0666 1041.6699
v 95.6709 -230.9699 1046.0000
v 94.7141 -228.6602 1050.3301
v 92.8007 -224.0408 1050.3301
v 91.8440 -221.7311 1046.0000
v 92.8007 -224.0408 1041.6699
v 94.7141 -228.6602 1041.6699
v 125.0000 -216.5064 1046.0000
v 123.7500 -214.3413 1050.3301
v 121.2500 -210.0112 1050.3301
v 120.0000 -207.8461 1046.0000
v 121.2500 -210.0112 1041.6699
v 123.7500 -214.3413 1041.6699
v 152.1904 -198.3383 1046.0000
v 150.6685 -196.3550 1050.3301
v 147.6246 -192.3882 1050.3301
v 146.1027 -190.4048 1046.0000
v 147.6246 -192.3882 1041.6699
v 150.6685 -196.3550 1041.6699
v 176.7767 -176.7767 1046.0000
v 175.0089 -175.0089 1050.3301
v 171.4734 -171.4734 1050.3301
v 169.7056 -169.7056 1046.0000
v 171.4734 -171.4734 1041.6699
v 175.0089 -175.0089 1041.6699
v 198.3383 -152.1904 1046.0000
v 196.3550 -150.6685 1050.3301
v 192.3882 -147.6246 1050.3301
v 190.4048 -146.1027 1046.0000
v 192.3882 -147.6246 1041.6699
v 196.3550 -150.6685 1041.6699
v 216.5064 -125.0000 1046.0000
v 214.3413 -123.7500 1050.3301
v 210.0112 -121.2500 1050.3301
v 207.8461 -120.0000 1046.0000
v 210.0112 -121.2500 1041.6699
v 214.3413 -123.7500 1041.6699
v 230.9699 -95.6709 1046.0000
v 228.6602 -94.7141 1050.3301
v 224.0408 -92.8007 1050.3301
v 221.7311 -91.8440 1046.0000
v 224.0408 -92.8007 1041.6699
v 228.6602 -94.7141 1041.6699
v 241.4815 -64.7048 1046.0000
v 239.0666 -64.0577 1050.3301
v 234.2370 -62.7636 1050.3301
v 231.8222 -62.1166 1046.0000
v 234.2370 -62.7636 1041.6699
v 239.0666 -64.0577 1041.6699
v 247.8612 -32.6315 1046.0000
v 245.3826 -32.3052 1050.3301
v 240.4254 -31.6526 1050.3301
v 237.9468 -31.3263 1046.0000
v 240.4254 -31.6526 1041.6699
v 245.3826 -32.3052 1041.6699
v 220.0000 0.0000 1443.0000
v 218.0000 0.0000 1461.0000
v 218.1179 28.7158 1443.0000
v 216.1350 28.4547 1461.0000
v 212.5037 56.9402 1443.0000
v 210.5718 56.4226 1461.0000
v 203.2535 84.1904 1443.0000
v 201.4057 83.4250 1461.0000
v 190.5256 110.0000 1443.0000
v 188.7935 109.0000 1461.0000
v 174.5377 133.9275 1443.0000
v 172.9510 132.7100 1461.0000
v 155.5635 155.5635 1443.0000
v 154.1493 154.1493 1461.0000
v 133.9275 174.5377 1443.0000
v 132.7100 172.9510 1461.0000
v 110.0000 190.5256 1443.0000
v 109.0000 188.7935 1461.0000
v 84.1904 203.2535 1443.0000
v 83.4250 201.4057 1461.0000
v 56.9402 212.5037 1443.0000
v 56.4226 210.5718 1461.0000
v 28.7158 218.1179 1443.0000
v 28.4547 216.1350 1461.0000
v 0.0000 220.0000 1443.0000
v 0.0000 218.0000 1461.0000
v -28.7158 218.1179 1443.0000
v -28.4547 216.1350 1461.0000
v -56.9402 212.5037 1443.0000
v -56.4226 210.5718 1461.0000
v -84.1904 203.2535 1443.0000
v -83.4250 201.4057 1461.0000
v -110.0000 190.5256 1443.0000
v -109.0000 188.7935 1461.0000
v -133.9275 174.5377 1443.0000
v -132.7100 172.9510 1461.0000
v -155.5635 155.5635 1443.0000
v -154.1493 154.1493 1461.0000
v -174.5377 133.9275 1443.0000
v -172.9510 132.7100 1461.0000
v -190.5256 110.0000 1443.0000
v -188.7935 109.0000 1461.0000
v -203.2535 84.1904 1443.0000
v -201.4057 83.4250 1461.0000
v -212.5037 56.9402 1443.0000
v -210.5718 56.4226 1461.0000
v -218.1179 28.7158 1443.0000
v -216.1350 28.4547 1461.0000
v -220.0000 0.0000 1443.0000
v -218.0000 0.0000 1461.0000
v -218.1179 -28.7158 1443.0000
v -216.1350 -28.4547 1461.0000
v -212.5037 -56.9402 1443.0000
v -210.5718 -56.4226 1461.0000
v -203.2535 -84.1904 1443.0000
v -201.4057 -83.4250 1461.0000
v -190.5256 -110.0000 1443.0000
v -188.7935 -109.0000 1461.0000
v -174.5377 -133.9275 1443.0000
v -172.9510 -132.7100 1461.0000
v -155.5635 -155.5635 1443.0000
v -154.1493 -154.1493 1461.0000
v -133.9275 -174.5377 1443.0000
v -132.7100 -172.9510 1461.0000
v -110.0000 -190.5256 1443.0000
v -109.0000 -188.7935 1461.0000
v -84.1904 -203.2535 1443.0000
v -83.4250 -201.4057 1461.0000
v -56.9402 -212.5037 1443.0000
v -56.4226 -210.5718 1461.0000
v -28.7158 -218.1179 1443.0000
v -28.4547 -216.1350 1461.0000
v -0.0000 -220.0000 1443.0000
v -0.0000 -218.0000 1461.0000
v 28.7158 -218.1179 1443.0000
v 28.4547 -216.1350 1461.0000
v 56.9402 -212.5037 1443.0000
v 56.4226 -210.5718 1461.0000
v 84.1904 -203.2535 1443.0000
v 83.4250 -201.4057 1461.0000
v 110.0000 -190.5256 1443.0000
v 109.0000 -188.7935 1461.0000
v 133.9275 -174.5377 1443.0000
v 132.7100 -172.9510 1461.0000
v 155.5635 -155.5635 1443.0000
v 154.1493 -154.1493 1461.0000
v 174.5377 -133.9275 1443.0000
v 172.9510 -132.7100 1461.0000
v 190.5256 -110.0000 1443.0000
v 188.7935 -109.0000 1461.0000
v 203.2535 -84.1904 1443.0000
v 201.4057 -83.4250 1461.0000
v 212.5037 -56.9402 1443.0000
v 210.5718 -56.4226 1461.0000
v 218.1179 -28.7158 1443.0000
v 216.1350 -28.4547 1461.0000
v 225.0000 0.0000 1464.0000
v 222.5000 0.0000 1468.3301
v 217.5000 0.0000 1468.3301
v 215.0000 0.0000 1464.0000
v 217.5000 0.0000 1459.6699
v 222.5000 0.0000 1459.6699
v 223.0751 29.3684 1464.0000
v 220.5965 29.0421 1468.3301
v 215.6393 28.3894 1468.3301
v 213.1606 28.0631 1464.0000
v 215.6393 28.3894 1459.6699
v 220.5965 29.0421 1459.6699
v 217.3333 58.2343 1464.0000
v 214.9185 57.5872 1468.3301
v 210.0889 56.2931 1468.3301
v 207.6741 55.6461 1464.0000
v 210.0889 56.2931 1459.6699
v 214.9185 57.5872 1459.6699
v 207.8729 86.1038 1464.0000
v 205.5632 85.1471 1468.3301
v 200.9438 83.2336 1468.3301
v 198.6341 82.2769 1464.0000
v 200.9438 83.2336 1459.6699
v 205.5632 85.1471 1459.6699
v 194.8557 112.5000 1464.0000
v 192.6907 111.2500 1468.3301
v 188.3605 108.7500 1468.3301
v 186.1955 107.5000 1464.0000
v 188.3605 108.7500 1459.6699
v 192.6907 111.2500 1459.6699
v 178.5045 136.9713 1464.0000
v 176.5211 135.4494 1468.3301
v 172.5544 132.4056 1468.3301
v 170.5710 130.8837 1464.0000
v 172.5544 132.4056 1459.6699
v 176.5211 135.4494 1459.6699
v 159.0990 159.0990 1464.0000
v 157.3313 157.3313 1468.3301
v 153.7957 153.7957 1468.3301
v 152.0280 152.0280 1464.0000
v 153.7957 153.7957 1459.6699
v 157.3313 157.3313 1459.6699
v 136.9713 178.5045 1464.0000
v 135.4494 176.5211 1468.3301
v 132.4056 172.5544 1468.3301
v 130.8837 170.5710 1464.0000
v 132.4056 172.5544 1459.6699
v 135.4494 176.5211 1459.6699
v 112.5000 194.8557 1464.0000
v 111.2500 192.6907 1468.3301
v 108.7500 188.3605 1468.3301
v 107.5000 186.1955 1464.0000
v 108.7500 188.3605 1459.6699
v 111.2500 192.6907 1459.6699
v 86.1038 207.8729 1464.0000
v 85.1471 205.5632 1468.3301
v 83.2336 200.9438 1468.3301
v 82.2769 198.6341 1464.0000
v 83.2336 200.9438 1459.6699
v 85.1471 205.5632 1459.6699
v 58.2343 217.3333 1464.0000
v 57.5872 214.9185 1468.3301
v 56.2931 210.0889 1468.3301
v 55.6461 207.6741 1464.0000
v 56.2931 210.0889 1459.6699
v 57.5872 214.9185 1459.6699
v 29.3684 223.0751 1464.0000
v 29.0421 220.5965 1468.3301
v 28.3894 215.6393 1468.3301
v 28.0631 213.1606 1464.0000
v 28.3894 215.6393 1459.6699
v 29.0421 220.5965 1459.6699
v 0.0000 225.0000 1464.0000
v 0.0000 222.5000 1468.3301
v 0.0000 217.5000 1468.3301
v 0.0000 215.0000 1464.0000
v 0.0000 217.5000 1459.6699
v 0.0000 222.5000 1459.6699
v -29.3684 223.0751 1464.0000
v -29.0421 220.5965 1468.3301
v -28.3894 215.6393 1468.3301
v -28.0631 213.1606 1464.0000
v -28.3894 215.6393 1459.6699
v -29.0421 220.5965 1459.6699
v -58.2343 217.3333 1464.0000
v -57.5872 214.9185 1468.3301
v -56.2931 210.0889 1468.3301
v -55.6461 207.6741 1464.0000
v -56.2931 210.0889 1459.6699
v -57.5872 214.9185 1459.6699
v -86.1038 207.8729 1464.0000
v -85.1471 205.5632 1468.3301
v -83.2336 200.9438 1468.3301
v -82.2769 198.6341 1464.0000
v -83.2336 200.9438 1459.6699
v -85.1471 205.5632 1459.6699
v -112.5000 194.8557 1464.0000
v -111.2500 192.6907 1468.3301
v -108.7500 188.3605 1468.3301
v -107.5000 186.1955 1464.0000
v -108.7500 188.3605 1459.6699
v -111.2500 192.6907 1459.6699
v -136.9713 178.5045 1464.0000
v -135.4494 176.5211 1468.3301
v -132.4056 172.5544 1468.3301
v -130.8837 170.5710 1464.0000
v -132.4056 172.5544 1459.6699
v -135.4494 176.5211 1459.6699
v -159.0990 159.0990 1464.0000
v -157.3313 157.3313 1468.3301
v -153.7957 153.7957 1468.3301
v -152.0280 152.0280 1464.0000
v -153.7957 153.7957 1459.6699
v -157.3313 157.3313 1459.6699
v -178.5045 136.9713 1464.0000
v -176.5211 135.4494 1468.3301
v -172.5544 132.4056 1468.3301
v -170.5710 130.8837 1464.0000
v -172.5544 132.4056 1459.6699
v -176.5211 135.4494 1459.6699
v -194.8557 112.5000 1464.0000
v -192.6907 111.2500 1468.3301
v -188.3605 108.7500 1468.3301
v -186.1955 107.5000 1464.0000
v -188.3605 108.7500 1459.6699
v -192.6907 111.2500 1459.6699
v -207.8729 86.1038 1464.0000
v -205.5632 85.1471 1468.3301
v -200.9438 83.2336 1468.3301
v -198.6341 82.2769 1464.0000
v -200.9438 83.2336 1459.6699
v -205.5632 85.1471 1459.6699
v -217.3333 58.2343 1464.0000
v -214.9185 57.5872 1468.3301
v -210.0889 56.2931 1468.3301
v -207.6741 55.6461 1464.0000
v -210.0889 56.2931 1459.6699
v -214.9185 57.5872 1459.6699
v -223.0751 29.3684 1464.0000
v -220.5965 29.0421 1468.3301
v -215.6393 28.3894 1468.3301
v -213.1606 28.0631 1464.0000
v -215.6393 28.3894 1459.6699
v -220.5965 29.0421 1459.6699
v -225.0000 0.0000 1464.0000
v -222.5000 0.0000 1468.3301
v -217.5000 0.0000 1468.3301
v -215.0000 0.0000 1464.0000
v -217.5000 0.0000 1459.6699
v -222.5000 0.0000 1459.6699
v -223.0751 -29.3684 1464.0000
v -220.5965 -29.0421 1468.3301
v -215.6393 -28.3894 1468.3301
v -213.1606 -28.0631 1464.0000
v -215.6393 -28.3894 1459.6699
v -220.5965 -29.0421 1459.6699
v -217.3333 -58.2343 1464.0000
v -214.9185 -57.5872 1468.3301
v -210.0889 -56.2931 1468.3301
v -207.6741 -55.6461 1464.0000
v -210.0889 -56.2931 1459.6699
v -214.9185 -57.5872 1459.6699
v -207.8729 -86.1038 1464.0000
v -205.5632 -85.1471 1468.3301
v -200.9438 -83.2336 1468.3301
v -198.6341 -82.2769 1464.0000
v -200.9438 -83.2336 1459.6699
v -205.5632 -85.1471 1459.6699
v -194.8557 -112.5000 1464.0000
v -192.6907 -111.2500 1468.3301
v -188.3605 -108.7500 1468.3301
v -186.1955 -107.5000 1464.0000
v -188.3605 -108.7500 1459.6699
v -192.6907 -111.2500 1459.6699
v -178.5045 -136.9713 1464.0000
v -176.5211 -135.4494 1468.3301
v -172.5544 -132.4056 1468.3301
v -170.5710 -130.8837 1464.0000
v -172.5544 -132.4056 1459.6699
v -176.5211 -135.4494 1459.6699
v -159.0990 -159.0990 1464.0000
v -157.3313 -157.3313 1468.3301
v -153.7957 -153.7957 1468.3301
v -152.0280 -152.0280 1464.0000
v -153.7957 -153.7957 1459.6699
v -157.3313 -157.3313 1459.6699
v -136.9713 -178.5045 1464.0000
v -135.4494 -176.5211 1468.3301
v -132.4056 -172.5544 1468.3301
v -130.8837 -170.5710 1464.0000
v -132.4056 -172.5544 1459.6699
v -135.4494 -176.5211 1459.6699
v -112.5000 -194.8557 1464.0000
v -111.2500 -192.6907 1468.3301
v -108.7500 -188.3605 1468.3301
v -107.5000 -186.1955 1464.0000
v -108.7500 -188.3605 1459.6699
v -111.2500 -192.6907 1459.6699
v -86.1038 -207.8729 1464.0000
v -85.1471 -205.5632 1468.3301
v -83.2336 -200.9438 1468.3301
v -82.2769 -198.6341 1464.0000
v -83.2336 -200.9438 1459.6699
v -85.1471 -205.5632 1459.6699
v -58.2343 -217.3333 1464.0000
v -57.5872 -214.9185 1468.3301
v -56.2931 -210.0889 1468.3301
v -55.6461 -207.6741 1464.0000
v -56.2931 -210.0889 1459.6699
v -57.5872 -214.9185 1459.6699
v -29.3684 -223.0751 1464.0000
v -29.0421 -220.5965 1468.3301
v -28.3894 -215.6393 1468.3301
v -28.0631 -213.1606 1464.0000
v -28.3894 -215.6393 1459.6699
v -29.0421 -220.5965 1459.6699
v -0.0000 -225.0000 1464.0000
v -0.0000 -222.5000 1468.3301
v -0.0000 -217.5000 1468.3301
v -0.0000 -215.0000 1464.0000
v -0.0000 -217.5000 1459.6699
v -0.0000 -222.5000 1459.6699
v 29.3684 -223.0751 1464.0000
v 29.0421 -220.5965 1468.3301
v 28.3894 -215.6393 1468.3301
v 28.0631 -213.1606 1464.0000
v 28.3894 -215.6393 1459.6699
v 29.0421 -220.5965 1459.6699
v 58.2343 -217.3333 1464.0000
v 57.5872 -214.9185 1468.3301
v 56.2931 -210.0889 1468.3301
v 55.6461 -207.6741 1464.0000
v 56.2931 -210.0889 1459.6699
v 57.5872 -214.9185 1459.6699
v 86.1038 -207.8729 1464.0000
v 85.1471 -205.5632 1468.3301
v 83.2336 -200.9438 1468.3301
v 82.2769 -198.6341 1464.0000
v 83.2336 -200.9438 1459.6699
v 85.1471 -205.5632 1459.6699
v 112.5000 -194.8557 1464.0000
v 111.2500 -192.6907 1468.3301
v 108.7500 -188.3605 1468.3301
v 107.5000 -186.1955 1464.0000
v 108.7500 -188.3605 1459.6699
v 111.2500 -192.6907 1459.6699
v 136.9713 -178.5045 1464.0000
v 135.4494 -176.5211 1468.3301
v 132.4056 -172.5544 1468.3301
v 130.8837 -170.5710 1464.0000
v 132.4056 -172.5544 1459.6699
v 135.4494 -176.5211 1459.6699
v 159.0990 -159.0990 1464.0000
v 157.3313 -157.3313 1468.3301
v 153.7957 -153.7957 1468.3301
v 152.0280 -152.0280 1464.0000
v 153.7957 -153.7957 1459.6699
v 157.3313 -157.3313 1459.6699
v 178.5045 -136.9713 1464.0000
v 176.5211 -135.4494 1468.3301
v 172.5544 -132.4056 1468.3301
v 170.5710 -130.8837 1464.0000
v 172.5544 -132.4056 1459.6699
v 176.5211 -135.4494 1459.6699
v 194.8557 -112.5000 1464.0000
v 192.6907 -111.2500 1468.3301
v 188.3605 -108.7500 1468.3301
v 186.1955 -107.5000 1464.0000
v 188.3605 -108.7500 1459.6699
v 192.6907 -111.2500 1459.6699
v 207.8729 -86.1038 1464.0000
v 205.5632 -85.1471 1468.3301
v 200.9438 -83.2336 1468.3301
v 198.6341 -82.2769 1464.0000
v 200.9438 -83.2336 1459.6699
v 205.5632 -85.1471 1459.6699
v 217.3333 -58.2343 1464.0000
v 214.9185 -57.5872 1468.3301
v 210.0889 -56.2931 1468.3301
v 207.6741 -55.6461 1464.0000
v 210.0889 -56.2931 1459.6699
v 214.9185 -57.5872 1459.6699
v 223.0751 -29.3684 1464.0000
v 220.5965 -29.0421 1468.3301
v 215.6393 -28.3894 1468.3301
v 213.1606 -28.0631 1464.0000
v 215.6393 -28.3894 1459.6699
v 220.5965 -29.0421 1459.6699
v 225.0000 0.0000 1541.0000
v 223.0000 0.0000 1559.0000
v 223.0751 29.3684 1541.0000
v 221.0922 29.1073 1559.0000
v 217.3333 58.2343 1541.0000
v 215.4015 57.7166 1559.0000
v 207.8729 86.1038 1541.0000
v 206.0251 85.3384 1559.0000
v 194.8557 112.5000 1541.0000
v 193.1237 111.5000 1559.0000
v 178.5045 136.9713 1541.0000
v 176.9178 135.7538 1559.0000
v 159.0990 159.0990 1541.0000
v 157.6848 157.6848 1559.0000
v 136.9713 178.5045 1541.0000
v 135.7538 176.9178 1559.0000
v 112.5000 194.8557 1541.0000
v 111.5000 193.1237 1559.0000
v 86.1038 207.8729 1541.0000
v 85.3384 206.0251 1559.0000
v 58.2343 217.3333 1541.0000
v 57.7166 215.4015 1559.0000
v 29.3684 223.0751 1541.0000
v 29.1073 221.0922 1559.0000
v 0.0000 225.0000 1541.0000
v 0.0000 223.0000 1559.0000
v -29.3684 223.0751 1541.0000
v -29.1073 221.0922 1559.0000
v -58.2343 217.3333 1541.0000
v -57.7166 215.4015 1559.0000
v -86.1038 207.8729 1541.0000
v -85.3384 206.0251 1559.0000
v -112.5000 194.8557 1541.0000
v -111.5000 193.1237 1559.0000
v -136.9713 178.5045 1541.0000
v -135.7538 176.9178 1559.0000
v -159.0990 159.0990 1541.0000
v -157.6848 157.6848 1559.0000
v -178.5045 136.9713 1541.0000
v -176.9178 135.7538 1559.0000
v -194.8557 112.5000 1541.0000
v -193.1237 111.5000 1559.0000
v -207.8729 86.1038 1541.0000
v -206.0251 85.3384 1559.0000
v -217.3333 58.2343 1541.0000
v -215.4015 57.7166 1559.0000
v -223.0751 29.3684 1541.0000
v -221.0922 29.1073 1559.0000
v -225.0000 0.0000 1541.0000
v -223.0000 0.0000 1559.0000
v -223.0751 -29.3684 1541.0000
v -221.0922 -29.1073 1559.0000
v -217.3333 -58.2343 1541.0000
v -215.4015 -57.7166 1559.0000
v -207.8729 -86.1038 1541.0000
v -206.0251 -85.3384 1559.0000
v -194.8557 -112.5000 1541.0000
v -193.1237 -111.5000 1559.0000
v -178.5045 -136.9713 1541.0000
v -176.9178 -135.7538 1559.0000
v -159.0990 -159.0990 1541.0000
v -157.6848 -157.6848 1559.0000
v -136.9713 -178.5045 1541.0000
v -135.7538 -176.9178 1559.0000
v -112.5000 -194.8557 1541.0000
v -111.5000 -193.1237 1559.0000
v -86.1038 -207.8729 1541.0000
v -85.3384 -206.0251 1559.0000
v -58.2343 -217.3333 1541.0000
v -57.7166 -215.4015 1559.0000
v -29.3684 -223.0751 1541.0000
v -29.1073 -221.0922 1559.0000
v -0.0000 -225.0000 1541.0000
v -0.0000 -223.0000 1559.0000
v 29.3684 -223.0751 1541.0000
v 29.1073 -221.0922 1559.0000
v 58.2343 -217.3333 1541.0000
v 57.7166 -215.4015 1559.0000
v 86.1038 -207.8729 1541.0000
v 85.3384 -206.0251 1559.0000
v 112.5000 -194.8557 1541.0000
v 111.5000 -193.1237 1559.0000
v 136.9713 -178.5045 1541.0000
v 135.7538 -176.9178 1559.0000
v 159.0990 -159.0990 1541.0000
v 157.6848 -157.6848 1559.0000
v 178.5045 -136.9713 1541.0000
v 176.9178 -135.7538 1559.0000
v 194.8557 -112.5000 1541.0000
v 193.1237 -111.5000 1559.0000
v 207.8729 -86.1038 1541.0000
v 206.0251 -85.3384 1559.0000
v 217.3333 -58.2343 1541.0000
v 215.4015 -57.7166 1559.0000
v 223.0751 -29.3684 1541.0000
v 221.0922 -29.1073 1559.0000
v 230.0000 0.0000 1562.0000
v 227.5000 0.0000 1566.3301
v 222.5000 0.0000 1566.3301
v 220.0000 0.0000 1562.0000
v 222.5000 0.0000 1557.6699
v 227.5000 0.0000 1557.6699
v 228.0323 30.0210 1562.0000
v 225.5537 29.6947 1566.3301
v 220.5965 29.0421 1566.3301
v 218.1179 28.7158 1562.0000
v 220.5965 29.0421 1557.6699
v 225.5537 29.6947 1557.6699
v 222.1629 59.5284 1562.0000
v 219.7481 58.8813 1566.3301
v 214.9185 57.5872 1566.3301
v 212.5037 56.9402 1562.0000
v 214.9185 57.5872 1557.6699
v 219.7481 58.8813 1557.6699
v 212.4923 88.0172 1562.0000
v 210.1826 87.0605 1566.3301
v 205.5632 85.1471 1566.3301
v 203.2535 84.1904 1562.0000
v 205.5632 85.1471 1557.6699
v 210.1826 87.0605 1557.6699
v 199.1858 115.0000 1562.0000
v 197.0208 113.7500 1566.3301
v 192.6907 111.2500 1566.3301
v 190.5256 110.0000 1562.0000
v 192.6907 111.2500 1557.6699
v 197.0208 113.7500 1557.6699
v 182.4713 140.0151 1562.0000
v 180.4879 138.4932 1566.3301
v 176.5211 135.4494 1566.3301
v 174.5377 133.9275 1562.0000
v 176.5211 135.4494 1557.6699
v 180.4879 138.4932 1557.6699
v 162.6346 162.6346 1562.0000
v 160.8668 160.8668 1566.3301
v 157.3313 157.3313 1566.3301
v 155.5635 155.5635 1562.0000
v 157.3313 157.3313 1557.6699
v 160.8668 160.8668 1557.6699
v 140.0151 182.4713 1562.0000
v 138.4932 180.4879 1566.3301
v 135.4494 176.5211 1566.3301
v 133.9275 174.5377 1562.0000
v 135.4494 176.5211 1557.6699
v 138.4932 180.4879 1557.6699
v 115.0000 199.1858 1562.0000
v 113.7500 197.0208 1566.3301
v 111.2500 192.6907 1566.3301
v 110.0000 190.5256 1562.0000
v 111.2500 192.6907 1557.6699
v 113.7500 197.0208 1557.6699
v 88.0172 212.4923 1562.0000
v 87.0605 210.1826 1566.3301
v 85.1471 205.5632 1566.3301
v 84.1904 203.2535 1562.0000
v 85.1471 205.5632 1557.6699
v 87.0605 210.1826 1557.6699
v 59.5284 222.1629 1562.0000
v 58.8813 219.7481 1566.3301
v 57.5872 214.9185 1566.3301
v 56.9402 212.5037 1562.0000
v 57.5872 214.9185 1557.6699
v 58.8813 219.7481 1557.6699
v 30.0210 228.0323 1562.0000
v 29.6947 225.5537 1566.3301
v 29.0421 220.5965 1566.3301
v 28.7158 218.1179 1562.0000
v 29.0421 220.5965 1557.6699
v 29.6947 225.5537 1557.6699
v 0.0000 230.0000 1562.0000
v 0.0000 227.5000 1566.3301
v 0.0000 222.5000 1566.3301
v 0.0000 220.0000 1562.0000
v 0.0000 222.5000 1557.6699
v 0.0000 227.5000 1557.6699
v -30.0210 228.0323 1562.0000
v -29.6947 225.5537 1566.3301
v -29.0421 220.5965 1566.3301
v -28.7158 218.1179 1562.0000
v -29.0421 220.5965 1557.6699
v -29.6947 225.5537 1557.6699
v -59.5284 222.1629 1562.0000
v -58.8813 219.7481 1566.3301
v -57.5872 214.9185 1566.3301
v -56.9402 212.5037 1562.0000
v -57.5872 214.9185 1557.6699
v -58.8813 219.7481 1557.6699
v -88.0172 212.4923 1562.0000
v -87.0605 210.1826 1566.3301
v -85.1471 205.5632 1566.3301
v -84.1904 203.2535 1562.0000
v -85.1471 205.5632 1557.6699
v -87.0605 210.1826 1557.6699
v -115.0000 199.1858 1562.0000
v -113.7500 197.0208 1566.3301
v -111.2500 192.6907 1566.3301
v -110.0000 190.5256 1562.0000
v -111.2500 192.6907 1557.6699
v -113.7500 197.0208 1557.6699
v -140.0151 182.4713 1562.0000
v -138.4932 180.4879 1566.3301
v -135.4494 176.5211 1566.3301
v -133.9275 174.5377 1562.0000
v -135.4494 176.5211 1557.6699
v -138.4932 180.4879 1557.6699
v -162.6346 162.6346 1562.0000
v -160.8668 160.8668 1566.3301
v -157.3313 157.3313 1566.3301
v -155.5635 155.5635 1562.0000
v -157.3313 157.3313 1557.6699
v -160.8668 160.8668 1557.6699
v -182.4713 140.0151 1562.0000
v -180.4879 138.4932 1566.3301
v -176.5211 135.4494 1566.3301
v -174.5377 133.9275 1562.0000
v -176.5211 135.4494 1557.6699
v -180.4879 138.4932 1557.6699
v -199.1858 115.0000 1562.0000
v -197.0208 113.7500 1566.3301
v -192.6907 111.2500 1566.3301
v -190.5256 110.0000 1562.0000
v -192.6907 111.2500 1557.6699
v -197.0208 113.7500 1557.6699
v -212.4923 88.0172 1562.0000
v -210.1826 87.0605 1566.3301
v -205.5632 85.1471 1566.3301
v -203.2535 84.1904 1562.0000
v -205.5632 85.1471 1557.6699
v -210.1826 87.0605 1557.6699
v -222.1629 59.5284 1562.0000
v -219.7481 58.8813 1566.3301
v -214.9185 57.5872 1566.3301
v -212.5037 56.9402 1562.0000
v -214.9185 57.5872 1557.6699
v -219.7481 58.8813 1557.6699
v -228.0323 30.0210 1562.0000
v -225.5537 29.6947 1566.3301
v -220.5965 29.0421 1566.3301
v -218.1179 28.7158 1562.0000
v -220.5965 29.0421 1557.6699
v -225.5537 29.6947 1557.6699
v -230.0000 0.0000 1562.0000
v -227.5000 0.0000 1566.3301
v -222.5000 0.0000 1566.3301
v -220.0000 0.0000 1562.0000
v -222.5000 0.0000 1557.6699
v -227.5000 0.0000 1557.6699
v -228.0323 -30.0210 1562.0000
v -225.5537 -29.6947 1566.3301
v -220.5965 -29.0421 1566.3301
v -218.1179 -28.7158 1562.0000
v -220.5965 -29.0421 1557.6699
v -225.5537 -29.6947 1557.6699
v -222.1629 -59.5284 1562.0000
v -219.7481 -58.8813 1566.3301
v -214.9185 -57.5872 1566.3301
v -212.5037 -56.9402 1562.0000
v -214.9185 -57.5872 1557.6699
v -219.7481 -58.8813 1557.6699
v -212.4923 -88.0172 1562.0000
v -210.1826 -87.0605 1566.3301
v -205.5632 -85.1471 1566.3301
v -203.2535 -84.1904 1562.0000
v -205.5632 -85.1471 1557.6699
v -210.1826 -87.0605 1557.6699
v -199.1858 -115.0000 1562.0000
v -197.0208 -113.7500 1566.3301
v -192.6907 -111.2500 1566.3301
v -190.5256 -110.0000 1562.0000
v -192.6907 -111.2500 1557.6699
v -197.0208 -113.7500 1557.6699
v -182.4713 -140.0151 1562.0000
v -180.4879 -138.4932 1566.3301
v -176.5211 -135.4494 1566.3301
v -174.5377 -133.9275 1562.0000
v -176.5211 -135.4494 1557.6699
v -180.4879 -138.4932 1557.6699
v -162.6346 -162.6346 1562.0000
v -160.8668 -160.8668 1566.3301
v -157.3313 -157.3313 1566.3301
v -155.5635 -155.5635 1562.0000
v -157.3313 -157.3313 1557.6699
v -160.8668 -160.8668 1557.6699
v -140.0151 -182.4713 1562.0000
v -138.4932 -180.4879 1566.3301
v -135.4494 -176.5211 1566.3301
v -133.9275 -174.5377 1562.0000
v -135.4494 -176.5211 1557.6699
v -138.4932 -180.4879 1557.6699
v -115.0000 -199.1858 1562.0000
v -113.7500 -197.0208 1566.3301
v -111.2500 -192.6907 1566.3301
v -110.0000 -190.5256 1562.0000
v -111.2500 -192.6907 1557.6699
v -113.7500 -197.0208 1557.6699
v -88.0172 -212.4923 1562.0000
v -87.0605 -210.1826 1566.3301
v -85.1471 -205.5632 1566.3301
v -84.1904 -203.2535 1562.0000
v -85.1471 -205.5632 1557.6699
v -87.0605 -210.1826 1557.6699
v -59.5284 -222.1629 1562.0000
v -58.8813 -219.7481 1566.3301
v -57.5872 -214.9185 1566.3301
v -56.9402 -212.5037 1562.0000
v -57.5872 -214.9185 1557.6699
v -58.8813 -219.7481 1557.6699
v -30.0210 -228.0323 1562.0000
v -29.6947 -225.5537 1566.3301
v -29.0421 -220.5965 1566.3301
v -28.7158 -218.1179 1562.0000
v -29.0421 -220.5965 1557.6699
v -29.6947 -225.5537 1557.6699
v -0.0000 -230.0000 1562.0000
v -0.0000 -227.5000 1566.3301
v -0.0000 -222.5000 1566.3301
v -0.0000 -220.0000 1562.0000
v -0.0000 -222.5000 1557.6699
v -0.0000 -227.5000 1557.6699
v 30.0210 -228.0323 1562.0000
v 29.6947 -225.5537 1566.3301
v 29.0421 -220.5965 1566.3301
v 28.7158 -218.1179 1562.0000
v 29.0421 -220.5965 1557.6699
v 29.6947 -225.5537 1557.6699
v 59.5284 -222.1629 1562.0000
v 58.8813 -219.7481 1566.3301
v 57.5872 -214.9185 1566.3301
v 56.9402 -212.5037 1562.0000
v 57.5872 -214.9185 1557.6699
v 58.8813 -219.7481 1557.6699
v 88.0172 -212.4923 1562.0000
v 87.0605 -210.1826 1566.3301
v 85.1471 -205.5632 1566.3301
v 84.1904 -203.2535 1562.0000
v 85.1471 -205.5632 1557.6699
v 87.0605 -210.1826 1557.6699
v 115.0000 -199.1858 1562.0000
v 113.7500 -197.0208 1566.3301
v 111.2500 -192.6907 1566.3301
v 110.0000 -190.5256 1562.0000
v 111.2500 -192.6907 1557.6699
v 113.7500 -197.0208 1557.6699
v 140.0151 -182.4713 1562.0000
v 138.4932 -180.4879 1566.3301
v 135.4494 -176.5211 1566.3301
v 133.9275 -174.5377 1562.0000
v 135.4494 -176.5211 1557.6699
v 138.4932 -180.4879 1557.6699
v 162.6346 -162.6346 1562.0000
v 160.8668 -160.8668 1566.3301
v 157.3313 -157.3313 1566.3301
v 155.5635 -155.5635 1562.0000
v 157.3313 -157.3313 1557.6699
v 160.8668 -160.8668 1557.6699
v 182.4713 -140.0151 1562.0000
v 180.4879 -138.4932 1566.3301
v 176.5211 -135.4494 1566.3301
v 174.5377 -133.9275 1562.0000
v 176.5211 -135.4494 1557.6699
v 180.4879 -138.4932 1557.6699
v 199.1858 -115.0000 1562.0000
v 197.0208 -113.7500 1566.3301
v 192.6907 -111.2500 1566.3301
v 190.5256 -110.0000 1562.0000
v 192.6907 -111.2500 1557.6699
v 197.0208 -113.7500 1557.6699
v 212.4923 -88.0172 1562.0000
v 210.1826 -87.0605 1566.3301
v 205.5632 -85.1471 1566.3301
v 203.2535 -84.1904 1562.0000
v 205.5632 -85.1471 1557.6699
v 210.1826 -87.0605 1557.6699
v 222.1629 -59.5284 1562.0000
v 219.7481 -58.8813 1566.3301
v 214.9185 -57.5872 1566.3301
v 212.5037 -56.9402 1562.0000
v 214.9185 -57.5872 1557.6699
v 219.7481 -58.8813 1557.6699
v 228.0323 -30.0210 1562.0000
v 225.5537 -29.6947 1566.3301
v 220.5965 -29.0421 1566.3301
v 218.1179 -28.7158 1562.0000
v 220.5965 -29.0421 1557.6699
v 225.5537 -29.6947 1557.6699
v 290.4742 63.8884 185.0000
v 272.5512 119.0497 185.0000
v 257.3343 114.1054 185.0000
v 275.2573 58.9441 185.0000
v 290.4742 63.8884 335.0000
v 275.2573 58.9441 335.0000
v 257.3343 114.1054 335.0000
v 272.5512 119.0497 335.0000
v 290.4742 63.8884 185.0000
v 290.4742 63.8884 335.0000
v 272.5512 119.0497 335.0000
v 272.5512 119.0497 185.0000
v 275.2573 58.9441 185.0000
v 257.3343 114.1054 185.0000
v 257.3343 114.1054 335.0000
v 275.2573 58.9441 335.0000
v 290.4742 63.8884 185.0000
v 275.2573 58.9441 185.0000
v 275.2573 58.9441 335.0000
v 290.4742 63.8884 335.0000
v 272.5512 119.0497 185.0000
v 272.5512 119.0497 335.0000
v 257.3343 114.1054 335.0000
v 257.3343 114.1054 185.0000
v 302.0999 53.9968 173.0000
v 298.3917 65.4095 173.0000
v 281.2727 59.8472 173.0000
v 284.9809 48.4345 173.0000
v 302.0999 53.9968 347.0000
v 284.9809 48.4345 347.0000
v 281.2727 59.8472 347.0000
v 298.3917 65.4095 347.0000
v 302.0999 53.9968 173.0000
v 302.0999 53.9968 347.0000
v 298.3917 65.4095 347.0000
v 298.3917 65.4095 173.0000
v 284.9809 48.4345 173.0000
v 281.2727 59.8472 173.0000
v 281.2727 59.8472 347.0000
v 284.9809 48.4345 347.0000
v 302.0999 53.9968 173.0000
v 284.9809 48.4345 173.0000
v 284.9809 48.4345 347.0000
v 302.0999 53.9968 347.0000
v 298.3917 65.4095 173.0000
v 298.3917 65.4095 347.0000
v 281.2727 59.8472 347.0000
v 281.2727 59.8472 173.0000
v 279.8507 122.4729 173.0000
v 276.1425 133.8855 173.0000
v 259.0234 128.3232 173.0000
v 262.7317 116.9106 173.0000
v 279.8507 122.4729 347.0000
v 262.7317 116.9106 347.0000
v 259.0234 128.3232 347.0000
v 276.1425 133.8855 347.0000
v 279.8507 122.4729 173.0000
v 279.8507 122.4729 347.0000
v 276.1425 133.8855 347.0000
v 276.1425 133.8855 173.0000
v 262.7317 116.9106 173.0000
v 259.0234 128.3232 173.0000
v 259.0234 128.3232 347.0000
v 262.7317 116.9106 347.0000
v 279.8507 122.4729 173.0000
v 262.7317 116.9106 173.0000
v 262.7317 116.9106 347.0000
v 279.8507 122.4729 347.0000
v 276.1425 133.8855 173.0000
v 276.1425 133.8855 347.0000
v 259.0234 128.3232 347.0000
v 259.0234 128.3232 173.0000
v 308.7813 59.3221 254.0000
v 284.6780 133.5045 254.0000
v 258.0484 124.8520 254.0000
v 282.1517 50.6696 254.0000
v 308.7813 59.3221 266.0000
v 282.1517 50.6696 266.0000
v 258.0484 124.8520 266.0000
v 284.6780 133.5045 266.0000
v 308.7813 59.3221 254.0000
v 308.7813 59.3221 266.0000
v 284.6780 133.5045 266.0000
v 284.6780 133.5045 254.0000
v 282.1517 50.6696 254.0000
v 258.0484 124.8520 254.0000
v 258.0484 124.8520 266.0000
v 282.1517 50.6696 266.0000
v 308.7813 59.3221 254.0000
v 282.1517 50.6696 254.0000
v 282.1517 50.6696 266.0000
v 308.7813 59.3221 266.0000
v 284.6780 133.5045 254.0000
v 284.6780 133.5045 266.0000
v 258.0484 124.8520 266.0000
v 258.0484 124.8520 254.0000
v 308.7813 59.3221 164.0000
v 284.6780 133.5045 164.0000
v 258.0484 124.8520 164.0000
v 282.1517 50.6696 164.0000
v 308.7813 59.3221 180.0000
v 282.1517 50.6696 180.0000
v 258.0484 124.8520 180.0000
v 284.6780 133.5045 180.0000
v 308.7813 59.3221 164.0000
v 308.7813 59.3221 180.0000
v 284.6780 133.5045 180.0000
v 284.6780 133.5045 164.0000
v 282.1517 50.6696 164.0000
v 258.0484 124.8520 164.0000
v 258.0484 124.8520 180.0000
v 282.1517 50.6696 180.0000
v 308.7813 59.3221 164.0000
v 282.1517 50.6696 164.0000
v 282.1517 50.6696 180.0000
v 308.7813 59.3221 180.0000
v 284.6780 133.5045 164.0000
v 284.6780 133.5045 180.0000
v 258.0484 124.8520 180.0000
v 258.0484 124.8520 164.0000
v -63.8884 290.4742 185.0000
v -119.0497 272.5512 185.0000
v -114.1054 257.3343 185.0000
v -58.9441 275.2573 185.0000
v -63.8884 290.4742 335.0000
v -58.9441 275.2573 335.0000
v -114.1054 257.3343 335.0000
v -119.0497 272.5512 335.0000
v -63.8884 290.4742 185.0000
v -63.8884 290.4742 335.0000
v -119.0497 272.5512 335.0000
v -119.0497 272.5512 185.0000
v -58.9441 275.2573 185.0000
v -114.1054 257.3343 185.0000
v -114.1054 257.3343 335.0000
v -58.9441 275.2573 335.0000
v -63.8884 290.4742 185.0000
v -58.9441 275.2573 185.0000
v -58.9441 275.2573 335.0000
v -63.8884 290.4742 335.0000
v -119.0497 272.5512 185.0000
v -119.0497 272.5512 335.0000
v -114.1054 257.3343 335.0000
v -114.1054 257.3343 185.0000
v -53.9968 302.0999 173.0000
v -65.4095 298.3917 173.0000
v -59.8472 281.2727 173.0000
v -48.4345 284.9809 173.0000
v -53.9968 302.0999 347.0000
v -48.4345 284.9809 347.0000
v -59.8472 281.2727 347.0000
v -65.4095 298.3917 347.0000
v -53.9968 302.0999 173.0000
v -53.9968 302.0999 347.0000
v -65.4095 298.3917 347.0000
v -65.4095 298.3917 173.0000
v -48.4345 284.9809 173.0000
v -59.8472 281.2727 173.0000
v -59.8472 281.2727 347.0000
v -48.4345 284.9809 347.0000
v -53.9968 302.0999 173.0000
v -48.4345 284.9809 173.0000
v -48.4345 284.9809 347.0000
v -53.9968 302.0999 347.0000
v -65.4095 298.3917 173.0000
v -65.4095 298.3917 347.0000
v -59.8472 281.2727 347.0000
v -59.8472 281.2727 173.0000
v -122.4729 279.8507 173.0000
v -133.8855 276.1425 173.0000
v -128.3232 259.0234 173.0000
v -116.9106 262.7317 173.0000
v -122.4729 279.8507 347.0000
v -116.9106 262.7317 347.0000
v -128.3232 259.0234 347.0000
v -133.8855 276.1425 347.0000
v -122.4729 279.8507 173.0000
v -122.4729 279.8507 347.0000
v -133.8855 276.1425 347.0000
v -133.8855 276.1425 173.0000
v -116.9106 262.7317 173.0000
v -128.3232 259.0234 173.0000
v -128.3232 259.0234 347.0000
v -116.9106 262.7317 347.0000
v -122.4729 279.8507 173.0000
v -116.9106 262.7317 173.0000
v -116.9106 262.7317 347.0000
v -122.4729 279.8507 347.0000
v -133.8855 276.1425 173.0000
v -133.8855 276.1425 347.0000
v -128.3232 259.0234 347.0000
v -128.3232 259.0234 173.0000
v -59.3221 308.7813 254.0000
v -133.5045 284.6780 254.0000
v -124.8520 258.0484 254.0000
v -50.6696 282.1517 254.0000
v -59.3221 308.7813 266.0000
v -50.6696 282.1517 266.0000
v -124.8520 258.0484 266.0000
v -133.5045 284.6780 266.0000
v -59.3221 308.7813 254.0000
v -59.3221 308.7813 266.0000
v -133.5045 284.6780 266.0000
v -133.5045 284.6780 254.0000
v -50.6696 282.1517 254.0000
v -124.8520 258.0484 254.0000
v -124.8520 258.0484 266.0000
v -50.6696 282.1517 266.0000
v -59.3221 308.7813 254.0000
v -50.6696 282.1517 254.0000
v -50.6696 282.1517 266.0000
v -59.3221 308.7813 266.0000
v -133.5045 284.6780 254.0000
v -133.5045 284.6780 266.0000
v -124.8520 258.0484 266.0000
v -124.8520 258.0484 254.0000
v -59.3221 308.7813 164.0000
v -133.5045 284.6780 164.0000
v -124.8520 258.0484 164.0000
v -50.6696 282.1517 164.0000
v -59.3221 308.7813 180.0000
v -50.6696 282.1517 180.0000
v -124.8520 258.0484 180.0000
v -133.5045 284.6780 180.0000
v -59.3221 308.7813 164.0000
v -59.3221 308.7813 180.0000
v -133.5045 284.6780 180.0000
v -133.5045 284.6780 164.0000
v -50.6696 282.1517 164.0000
v -124.8520 258.0484 164.0000
v -124.8520 258.0484 180.0000
v -50.6696 282.1517 180.0000
v -59.3221 308.7813 164.0000
v -50.6696 282.1517 164.0000
v -50.6696 282.1517 180.0000
v -59.3221 308.7813 180.0000
v -133.5045 284.6780 164.0000
v -133.5045 284.6780 180.0000
v -124.8520 258.0484 180.0000
v -124.8520 258.0484 164.0000
v -290.4742 -63.8884 185.0000
v -272.5512 -119.0497 185.0000
v -257.3343 -114.1054 185.0000
v -275.2573 -58.9441 185.0000
v -290.4742 -63.8884 335.0000
v -275.2573 -58.9441 335.0000
v -257.3343 -114.1054 335.0000
v -272.5512 -119.0497 335.0000
v -290.4742 -63.8884 185.0000
v -290.4742 -63.8884 335.0000
v -272.5512 -119.0497 335.0000
v -272.5512 -119.0497 185.0000
v -275.2573 -58.9441 185.0000
v -257.3343 -114.1054 185.0000
v -257.3343 -114.1054 335.0000
v -275.2573 -58.9441 335.0000
v -290.4742 -63.8884 185.0000
v -275.2573 -58.9441 185.0000
v -275.2573 -58.9441 335.0000
v -290.4742 -63.8884 335.0000
v -272.5512 -119.0497 185.0000
v -272.5512 -119.0497 335.0000
v -257.3343 -114.1054 335.0000
v -257.3343 -114.1054 185.0000
v -302.0999 -53.9968 173.0000
v -298.3917 -65.4095 173.0000
v -281.2727 -59.8472 173.0000
v -284.9809 -48.4345 173.0000
v -302.0999 -53.9968 347.0000
v -284.9809 -48.4345 347.0000
v -281.2727 -59.8472 347.0000
v -298.3917 -65.4095 347.0000
v -302.0999 -53.9968 173.0000
v -302.0999 -53.9968 347.0000
v -298.3917 -65.4095 347.0000
v -298.3917 -65.4095 173.0000
v -284.9809 -48.4345 173.0000
v -281.2727 -59.8472 173.0000
v -281.2727 -59.8472 347.0000
v -284.9809 -48.4345 347.0000
v -302.0999 -53.9968 173.0000
v -284.9809 -48.4345 173.0000
v -284.9809 -48.4345 347.0000
v -302.0999 -53.9968 347.0000
v -298.3917 -65.4095 173.0000
v -298.3917 -65.4095 347.0000
v -281.2727 -59.8472 347.0000
v -281.2727 -59.8472 173.0000
v -279.8507 -122.4729 173.0000
v -276.1425 -133.8855 173.0000
v -259.0234 -128.3232 173.0000
v -262.7317 -116.9106 173.0000
v -279.8507 -122.4729 347.0000
v -262.7317 -116.9106 347.0000
v -259.0234 -128.3232 347.0000
v -276.1425 -133.8855 347.0000
v -279.8507 -122.4729 173.0000
v -279.8507 -122.4729 347.0000
v -276.1425 -133.8855 347.0000
v -276.1425 -133.8855 173.0000
v -262.7317 -116.9106 173.0000
v -259.0234 -128.3232 173.0000
v -259.0234 -128.3232 347.0000
v -262.7317 -116.9106 347.0000
v -279.8507 -122.4729 173.0000
v -262.7317 -116.9106 173.0000
v -262.7317 -116.9106 347.0000
v -279.8507 -122.4729 347.0000
v -276.1425 -133.8855 173.0000
v -276.1425 -133.8855 347.0000
v -259.0234 -128.3232 347.0000
v -259.0234 -128.3232 173.0000
v -308.7813 -59.3221 254.0000
v -284.6780 -133.5045 254.0000
v -258.0484 -124.8520 254.0000
v -282.1517 -50.6696 254.0000
v -308.7813 -59.3221 266.0000
v -282.1517 -50.6696 266.0000
v -258.0484 -124.8520 266.0000
v -284.6780 -133.5045 266.0000
v -308.7813 -59.3221 254.0000
v -308.7813 -59.3221 266.0000
v -284.6780 -133.5045 266.0000
v -284.6780 -133.5045 254.0000
v -282.1517 -50.6696 254.0000
v -258.0484 -124.8520 254.0000
v -258.0484 -124.8520 266.0000
v -282.1517 -50.6696 266.0000
v -308.7813 -59.3221 254.0000
v -282.1517 -50.6696 254.0000
v -282.1517 -50.6696 266.0000
v -308.7813 -59.3221 266.0000
v -284.6780 -133.5045 254.0000
v -284.6780 -133.5045 266.0000
v -258.0484 -124.8520 266.0000
v -258.0484 -124.8520 254.0000
v -308.7813 -59.3221 164.0000
v -284.6780 -133.5045 164.0000
v -258.0484 -124.8520 164.0000
v -282.1517 -50.6696 164.0000
v -308.7813 -59.3221 180.0000
v -282.1517 -50.6696 180.0000
v -258.0484 -124.8520 180.0000
v -284.6780 -133.5045 180.0000
v -308.7813 -59.3221 164.0000
v -308.7813 -59.3221 180.0000
v -284.6780 -133.5045 180.0000
v -284.6780 -133.5045 164.0000
v -282.1517 -50.6696 164.0000
v -258.0484 -124.8520 164.0000
v -258.0484 -124.8520 180.0000
v -282.1517 -50.6696 180.0000
v -308.7813 -59.3221 164.0000
v -282.1517 -50.6696 164.0000
v -282.1517 -50.6696 180.0000
v -308.7813 -59.3221 180.0000
v -284.6780 -133.5045 164.0000
v -284.6780 -133.5045 180.0000
v -258.0484 -124.8520 180.0000
v -258.0484 -124.8520 164.0000
v 63.8884 -290.4742 185.0000
v 119.0497 -272.5512 185.0000
v 114.1054 -257.3343 185.0000
v 58.9441 -275.2573 185.0000
v 63.8884 -290.4742 335.0000
v 58.9441 -275.2573 335.0000
v 114.1054 -257.3343 335.0000
v 119.0497 -272.5512 335.0000
v 63.8884 -290.4742 185.0000
v 63.8884 -290.4742 335.0000
v 119.0497 -272.5512 335.0000
v 119.0497 -272.5512 185.0000
v 58.9441 -275.2573 185.0000
v 114.1054 -257.3343 185.0000
v 114.1054 -257.3343 335.0000
v 58.9441 -275.2573 335.0000
v 63.8884 -290.4742 185.0000
v 58.9441 -275.2573 185.0000
v 58.9441 -275.2573 335.0000
v 63.8884 -290.4742 335.0000
v 119.0497 -272.5512 185.0000
v 119.0497 -272.5512 335.0000
v 114.1054 -257.3343 335.0000
v 114.1054 -257.3343 185.0000
v 53.9968 -302.0999 173.0000
v 65.4095 -298.3917 173.0000
v 59.8472 -281.2727 173.0000
v 48.4345 -284.9809 173.0000
v 53.9968 -302.0999 347.0000
v 48.4345 -284.9809 347.0000
v 59.8472 -281.2727 347.0000
v 65.4095 -298.3917 347.0000
v 53.9968 -302.0999 173.0000
v 53.9968 -302.0999 347.0000
v 65.4095 -298.3917 347.0000
v 65.4095 -298.3917 173.0000
v 48.4345 -284.9809 173.0000
v 59.8472 -281.2727 173.0000
v 59.8472 -281.2727 347.0000
v 48.4345 -284.9809 347.0000
v 53.9968 -302.0999 173.0000
v 48.4345 -284.9809 173.0000
v 48.4345 -284.9809 347.0000
v 53.9968 -302.0999 347.0000
v 65.4095 -298.3917 173.0000
v 65.4095 -298.3917 347.0000
v 59.8472 -281.2727 347.0000
v 59.8472 -281.2727 173.0000
v 122.4729 -279.8507 173.0000
v 133.8855 -276.1425 173.0000
v 128.3232 -259.0234 173.0000
v 116.9106 -262.7317 173.0000
v 122.4729 -279.8507 347.0000
v 116.9106 -262.7317 347.0000
v 128.3232 -259.0234 347.0000
v 133.8855 -276.1425 347.0000
v 122.4729 -279.8507 173.0000
v 122.4729 -279.8507 347.0000
v 133.8855 -276.1425 347.0000
v 133.8855 -276.1425 173.0000
v 116.9106 -262.7317 173.0000
v 128.3232 -259.0234 173.0000
v 128.3232 -259.0234 347.0000
v 116.9106 -262.7317 347.0000
v 122.4729 -279.8507 173.0000
v 116.9106 -262.7317 173.0000
v 116.9106 -262.7317 347.0000
v 122.4729 -279.8507 347.0000
v 133.8855 -276.1425 173.0000
v 133.8855 -276.1425 347.0000
v 128.3232 -259.0234 347.0000
v 128.3232 -259.0234 173.0000
v 59.3221 -308.7813 254.0000
v 133.5045 -284.6780 254.0000
v 124.8520 -258.0484 254.0000
v 50.6696 -282.1517 254.0000
v 59.3221 -308.7813 266.0000
v 50.6696 -282.1517 266.0000
v 124.8520 -258.0484 266.0000
v 133.5045 -284.6780 266.0000
v 59.3221 -308.7813 254.0000
v 59.3221 -308.7813 266.0000
v 133.5045 -284.6780 266.0000
v 133.5045 -284.6780 254.0000
v 50.6696 -282.1517 254.0000
v 124.8520 -258.0484 254.0000
v 124.8520 -258.0484 266.0000
v 50.6696 -282.1517 266.0000
v 59.3221 -308.7813 254.0000
v 50.6696 -282.1517 254.0000
v 50.6696 -282.1517 266.0000
v 59.3221 -308.7813 266.0000
v 133.5045 -284.6780 254.0000
v 133.5045 -284.6780 266.0000
v 124.8520 -258.0484 266.0000
v 124.8520 -258.0484 254.0000
v 59.3221 -308.7813 164.0000
v 133.5045 -284.6780 164.0000
v 124.8520 -258.0484 164.0000
v 50.6696 -282.1517 164.0000
v 59.3221 -308.7813 180.0000
v 50.6696 -282.1517 180.0000
v 124.8520 -258.0484 180.0000
v 133.5045 -284.6780 180.0000
v 59.3221 -308.7813 164.0000
v 59.3221 -308.7813 180.0000
v 133.5045 -284.6780 180.0000
v 133.5045 -284.6780 164.0000
v 50.6696 -282.1517 164.0000
v 124.8520 -258.0484 164.0000
v 124.8520 -258.0484 180.0000
v 50.6696 -282.1517 180.0000
v 59.3221 -308.7813 164.0000
v 50.6696 -282.1517 164.0000
v 50.6696 -282.1517 180.0000
v 59.3221 -308.7813 180.0000
v 133.5045 -284.6780 164.0000
v 133.5045 -284.6780 180.0000
v 124.8520 -258.0484 180.0000
v 124.8520 -258.0484 164.0000
v 186.9735 192.2113 695.0000
v 141.2688 227.9197 695.0000
v 131.4182 215.3115 695.0000
v 177.1229 179.6031 695.0000
v 186.9735 192.2113 845.0000
v 177.1229 179.6031 845.0000
v 131.4182 215.3115 845.0000
v 141.2688 227.9197 845.0000
v 186.9735 192.2113 695.0000
v 186.9735 192.2113 845.0000
v 141.2688 227.9197 845.0000
v 141.2688 227.9197 695.0000
v 177.1229 179.6031 695.0000
v 131.4182 215.3115 695.0000
v 131.4182 215.3115 845.0000
v 177.1229 179.6031 845.0000
v 186.9735 192.2113 695.0000
v 177.1229 179.6031 695.0000
v 177.1229 179.6031 845.0000
v 186.9735 192.2113 845.0000
v 141.2688 227.9197 695.0000
v 141.2688 227.9197 845.0000
v 131.4182 215.3115 845.0000
v 131.4182 215.3115 695.0000
v 202.1429 190.5118 683.0000
v 192.6868 197.8997 683.0000
v 181.6048 183.7155 683.0000
v 191.0610 176.3276 683.0000
v 202.1429 190.5118 857.0000
v 191.0610 176.3276 857.0000
v 181.6048 183.7155 857.0000
v 192.6868 197.8997 857.0000
v 202.1429 190.5118 683.0000
v 202.1429 190.5118 857.0000
v 192.6868 197.8997 857.0000
v 192.6868 197.8997 683.0000
v 191.0610 176.3276 683.0000
v 181.6048 183.7155 683.0000
v 181.6048 183.7155 857.0000
v 191.0610 176.3276 857.0000
v 202.1429 190.5118 683.0000
v 191.0610 176.3276 683.0000
v 191.0610 176.3276 857.0000
v 202.1429 190.5118 857.0000
v 192.6868 197.8997 683.0000
v 192.6868 197.8997 857.0000
v 181.6048 183.7155 857.0000
v 181.6048 183.7155 683.0000
v 145.4061 234.8394 683.0000
v 135.9500 242.2274 683.0000
v 124.8681 228.0432 683.0000
v 134.3242 220.6552 683.0000
v 145.4061 234.8394 857.0000
v 134.3242 220.6552 857.0000
v 124.8681 228.0432 857.0000
v 135.9500 242.2274 857.0000
v 145.4061 234.8394 683.0000
v 145.4061 234.8394 857.0000
v 135.9500 242.2274 857.0000
v 135.9500 242.2274 683.0000
v 134.3242 220.6552 683.0000
v 124.8681 228.0432 683.0000
v 124.8681 228.0432 857.0000
v 134.3242 220.6552 857.0000
v 145.4061 234.8394 683.0000
v 134.3242 220.6552 683.0000
v 134.3242 220.6552 857.0000
v 145.4061 234.8394 857.0000
v 135.9500 242.2274 683.0000
v 135.9500 242.2274 857.0000
v 124.8681 228.0432 857.0000
v 124.8681 228.0432 683.0000
v 204.7041 198.6629 764.0000
v 143.2393 246.6845 764.0000
v 126.0008 224.6202 764.0000
v 187.4656 176.5986 764.0000
v 204.7041 198.6629 776.0000
v 187.4656 176.5986 776.0000
v 126.0008 224.6202 776.0000
v 143.2393 246.6845 776.0000
v 204.7041 198.6629 764.0000
v 204.7041 198.6629 776.0000
v 143.2393 246.6845 776.0000
v 143.2393 246.6845 764.0000
v 187.4656 176.5986 764.0000
v 126.0008 224.6202 764.0000
v 126.0008 224.6202 776.0000
v 187.4656 176.5986 776.0000
v 204.7041 198.6629 764.0000
v 187.4656 176.5986 764.0000
v 187.4656 176.5986 776.0000
v 204.7041 198.6629 776.0000
v 143.2393 246.6845 764.0000
v 143.2393 246.6845 776.0000
v 126.0008 224.6202 776.0000
v 126.0008 224.6202 764.0000
v 204.7041 198.6629 674.0000
v 143.2393 246.6845 674.0000
v 126.0008 224.6202 674.0000
v 187.4656 176.5986 674.0000
v 204.7041 198.6629 690.0000
v 187.4656 176.5986 690.0000
v 126.0008 224.6202 690.0000
v 143.2393 246.6845 690.0000
v 204.7041 198.6629 674.0000
v 204.7041 198.6629 690.0000
v 143.2393 246.6845 690.0000
v 143.2393 246.6845 674.0000
v 187.4656 176.5986 674.0000
v 126.0008 224.6202 674.0000
v 126.0008 224.6202 690.0000
v 187.4656 176.5986 690.0000
v 204.7041 198.6629 674.0000
v 187.4656 176.5986 674.0000
v 187.4656 176.5986 690.0000
v 204.7041 198.6629 690.0000
v 143.2393 246.6845 674.0000
v 143.2393 246.6845 690.0000
v 126.0008 224.6202 690.0000
v 126.0008 224.6202 674.0000
v -192.2113 186.9735 695.0000
v -227.9197 141.2688 695.0000
v -215.3115 131.4182 695.0000
v -179.6031 177.1229 695.0000
v -192.2113 186.9735 845.0000
v -179.6031 177.1229 845.0000
v -215.3115 131.4182 845.0000
v -227.9197 141.2688 845.0000
v -192.2113 186.9735 695.0000
v -192.2113 186.9735 845.0000
v -227.9197 141.2688 845.0000
v -227.9197 141.2688 695.0000
v -179.6031 177.1229 695.0000
v -215.3115 131.4182 695.0000
v -215.3115 131.4182 845.0000
v -179.6031 177.1229 845.0000
v -192.2113 186.9735 695.0000
v -179.6031 177.1229 695.0000
v -179.6031 177.1229 845.0000
v -192.2113 186.9735 845.0000
v -227.9197 141.2688 695.0000
v -227.9197 141.2688 845.0000
v -215.3115 131.4182 845.0000
v -215.3115 131.4182 695.0000
v -190.5118 202.1429 683.0000
v -197.8997 192.6868 683.0000
v -183.7155 181.6048 683.0000
v -176.3276 191.0610 683.0000
v -190.5118 202.1429 857.0000
v -176.3276 191.0610 857.0000
v -183.7155 181.6048 857.0000
v -197.8997 192.6868 857.0000
v -190.5118 202.1429 683.0000
v -190.5118 202.1429 857.0000
v -197.8997 192.6868 857.0000
v -197.8997 192.6868 683.0000
v -176.3276 191.0610 683.0000
v -183.7155 181.6048 683.0000
v -183.7155 181.6048 857.0000
v -176.3276 191.0610 857.0000
v -190.5118 202.1429 683.0000
v -176.3276 191.0610 683.0000
v -176.3276 191.0610 857.0000
v -190.5118 202.1429 857.0000
v -197.8997 192.6868 683.0000
v -197.8997 192.6868 857.0000
v -183.7155 181.6048 857.0000
v -183.7155 181.6048 683.0000
v -234.8394 145.4061 683.0000
v -242.2274 135.9500 683.0000
v -228.0432 124.8681 683.0000
v -220.6552 134.3242 683.0000
v -234.8394 145.4061 857.0000
v -220.6552 134.3242 857.0000
v -228.0432 124.8681 857.0000
v -242.2274 135.9500 857.0000
v -234.8394 145.4061 683.0000
v -234.8394 145.4061 857.0000
v -242.2274 135.9500 857.0000
v -242.2274 135.9500 683.0000
v -220.6552 134.3242 683.0000
v -228.0432 124.8681 683.0000
v -228.0432 124.8681 857.0000
v -220.6552 134.3242 857.0000
v -234.8394 145.4061 683.0000
v -220.6552 134.3242 683.0000
v -220.6552 134.3242 857.0000
v -234.8394 145.4061 857.0000
v -242.2274 135.9500 683.0000
v -242.2274 135.9500 857.0000
v -228.0432 124.8681 857.0000
v -228.0432 124.8681 683.0000
v -198.6629 204.7041 764.0000
v -246.6845 143.2393 764.0000
v -224.6202 126.0008 764.0000
v -176.5986 187.4656 764.0000
v -198.6629 204.7041 776.0000
v -176.5986 187.4656 776.0000
v -224.6202 126.0008 776.0000
v -246.6845 143.2393 776.0000
v -198.6629 204.7041 764.0000
v -198.6629 204.7041 776.0000
v -246.6845 143.2393 776.0000
v -246.6845 143.2393 764.0000
v -176.5986 187.4656 764.0000
v -224.6202 126.0008 764.0000
v -224.6202 126.0008 776.0000
v -176.5986 187.4656 776.0000
v -198.6629 204.7041 764.0000
v -176.5986 187.4656 764.0000
v -176.5986 187.4656 776.0000
v -198.6629 204.7041 776.0000
v -246.6845 143.2393 764.0000
v -246.6845 143.2393 776.0000
v -224.6202 126.0008 776.0000
v -224.6202 126.0008 764.0000
v -198.6629 204.7041 674.0000
v -246.6845 143.2393 674.0000
v -224.6202 126.0008 674.0000
v -176.5986 187.4656 674.0000
v -198.6629 204.7041 690.0000
v -176.5986 187.4656 690.0000
v -224.6202 126.0008 690.0000
v -246.6845 143.2393 690.0000
v -198.6629 204.7041 674.0000
v -198.6629 204.7041 690.0000
v -246.6845 143.2393 690.0000
v -246.6845 143.2393 674.0000
v -176.5986 187.4656 674.0000
v -224.6202 126.0008 674.0000
v -224.6202 126.0008 690.0000
v -176.5986 187.4656 690.0000
v -198.6629 204.7041 674.0000
v -176.5986 187.4656 674.0000
v -176.5986 187.4656 690.0000
v -198.6629 204.7041 690.0000
v -246.6845 143.2393 674.0000
v -246.6845 143.2393 690.0000
v -224.6202 126.0008 690.0000
v -224.6202 126.0008 674.0000
v -186.9735 -192.2113 695.0000
v -141.2688 -227.9197 695.0000
v -131.4182 -215.3115 695.0000
v -177.1229 -179.6031 695.0000
v -186.9735 -192.2113 845.0000
v -177.1229 -179.6031 845.0000
v -131.4182 -215.3115 845.0000
v -141.2688 -227.9197 845.0000
v -186.9735 -192.2113 695.0000
v -186.9735 -192.2113 845.0000
v -141.2688 -227.9197 845.0000
v -141.2688 -227.9197 695.0000
v -177.1229 -179.6031 695.0000
v -131.4182 -215.3115 695.0000
v -131.4182 -215.3115 845.0000
v -177.1229 -179.6031 845.0000
v -186.9735 -192.2113 695.0000
v -177.1229 -179.6031 695.0000
v -177.1229 -179.6031 845.0000
v -186.9735 -192.2113 845.0000
v -141.2688 -227.9197 695.0000
v -141.2688 -227.9197 845.0000
v -131.4182 -215.3115 845.0000
v -131.4182 -215.3115 695.0000
v -202.1429 -190.5118 683.0000
v -192.6868 -197.8997 683.0000
v -181.6048 -183.7155 683.0000
v -191.0610 -176.3276 683.0000
v -202.1429 -190.5118 857.0000
v -191.0610 -176.3276 857.0000
v -181.6048 -183.7155 857.0000
v -192.6868 -197.8997 857.0000
v -202.1429 -190.5118 683.0000
v -202.1429 -190.5118 857.0000
v -192.6868 -197.8997 857.0000
v -192.6868 -197.8997 683.0000
v -191.0610 -176.3276 683.0000
v -181.6048 -183.7155 683.0000
v -181.6048 -183.7155 857.0000
v -191.0610 -176.3276 857.0000
v -202.1429 -190.5118 683.0000
v -191.0610 -176.3276 683.0000
v -191.0610 -176.3276 857.0000
v -202.1429 -190.5118 857.0000
v -192.6868 -197.8997 683.0000
v -192.6868 -197.8997 857.0000
v -181.6048 -183.7155 857.0000
v -181.6048 -183.7155 683.0000
v -145.4061 -234.8394 683.0000
v -135.9500 -242.2274 683.0000
v -124.8681 -228.0432 683.0000
v -134.3242 -220.6552 683.0000
v -145.4061 -234.8394 857.0000
v -134.3242 -220.6552 857.0000
v -124.8681 -228.0432 857.0000
v -135.9500 -242.2274 857.0000
v -145.4061 -234.8394 683.0000
v -145.4061 -234.8394 857.0000
v -135.9500 -242.2274 857.0000
v -135.9500 -242.2274 683.0000
v -134.3242 -220.6552 683.0000
v -124.8681 -228.0432 683.0000
v -124.8681 -228.0432 857.0000
v -134.3242 -220.6552 857.0000
v -145.4061 -234.8394 683.0000
v -134.3242 -220.6552 683.0000
v -134.3242 -220.6552 857.0000
v -145.4061 -234.8394 857.0000
v -135.9500 -242.2274 683.0000
v -135.9500 -242.2274 857.0000
v -124.8681 -228.0432 857.0000
v -124.8681 -228.0432 683.0000
v -204.7041 -198.6629 764.0000
v -143.2393 -246.6845 764.0000
v -126.0008 -224.6202 764.0000
v -187.4656 -176.5986 764.0000
v -204.7041 -198.6629 776.0000
v -187.4656 -176.5986 776.0000
v -126.0008 -224.6202 776.0000
v -143.2393 -246.6845 776.0000
v -204.7041 -198.6629 764.0000
v -204.7041 -198.6629 776.0000
v -143.2393 -246.6845 776.0000
v -143.2393 -246.6845 764.0000
v -187.4656 -176.5986 764.0000
v -126.0008 -224.6202 764.0000
v -126.0008 -224.6202 776.0000
v -187.4656 -176.5986 776.0000
v -204.7041 -198.6629 764.0000
v -187.4656 -176.5986 764.0000
v -187.4656 -176.5986 776.0000
v -204.7041 -198.6629 776.0000
v -143.2393 -246.6845 764.0000
v -143.2393 -246.6845 776.0000
v -126.0008 -224.6202 776.0000
v -126.0008 -224.6202 764.0000
v -204.7041 -198.6629 674.0000
v -143.2393 -246.6845 674.0000
v -126.0008 -224.6202 674.0000
v -187.4656 -176.5986 674.0000
v -204.7041 -198.6629 690.0000
v -187.4656 -176.5986 690.0000
v -126.0008 -224.6202 690.0000
v -143.2393 -246.6845 690.0000
v -204.7041 -198.6629 674.0000
v -204.7041 -198.6629 690.0000
v -143.2393 -246.6845 690.0000
v -143.2393 -246.6845 674.0000
v -187.4656 -176.5986 674.0000
v -126.0008 -224.6202 674.0000
v -126.0008 -224.6202 690.0000
v -187.4656 -176.5986 690.0000
v -204.7041 -198.6629 674.0000
v -187.4656 -176.5986 674.0000
v -187.4656 -176.5986 690.0000
v -204.7041 -198.6629 690.0000
v -143.2393 -246.6845 674.0000
v -143.2393 -246.6845 690.0000
v -126.0008 -224.6202 690.0000
v -126.0008 -224.6202 674.0000
v 192.2113 -186.9735 695.0000
v 227.9197 -141.2688 695.0000
v 215.3115 -131.4182 695.0000
v 179.6031 -177.1229 695.0000
v 192.2113 -186.9735 845.0000
v 179.6031 -177.1229 845.0000
v 215.3115 -131.4182 845.0000
v 227.9197 -141.2688 845.0000
v 192.2113 -186.9735 695.0000
v 192.2113 -186.9735 845.0000
v 227.9197 -141.2688 845.0000
v 227.9197 -141.2688 695.0000
v 179.6031 -177.1229 695.0000
v 215.3115 -131.4182 695.0000
v 215.3115 -131.4182 845.0000
v 179.6031 -177.1229 845.0000
v 192.2113 -186.9735 695.0000
v 179.6031 -177.1229 695.0000
v 179.6031 -177.1229 845.0000
v 192.2113 -186.9735 845.0000
v 227.9197 -141.2688 695.0000
v 227.9197 -141.2688 845.0000
v 215.3115 -131.4182 845.0000
v 215.3115 -131.4182 695.0000
v 190.5118 -202.1429 683.0000
v 197.8997 -192.6868 683.0000
v 183.7155 -181.6048 683.0000
v 176.3276 -191.0610 683.0000
v 190.5118 -202.1429 857.0000
v 176.3276 -191.0610 857.0000
v 183.7155 -181.6048 857.0000
v 197.8997 -192.6868 857.0000
v 190.5118 -202.1429 683.0000
v 190.5118 -202.1429 857.0000
v 197.8997 -192.6868 857.0000
v 197.8997 -192.6868 683.0000
v 176.3276 -191.0610 683.0000
v 183.7155 -181.6048 683.0000
v 183.7155 -181.6048 857.0000
v 176.3276 -191.0610 857.0000
v 190.5118 -202.1429 683.0000
v 176.3276 -191.0610 683.0000
v 176.3276 -191.0610 857.0000
v 190.5118 -202.1429 857.0000
v 197.8997 -192.6868 683.0000
v 197.8997 -192.6868 857.0000
v 183.7155 -181.6048 857.0000
v 183.7155 -181.6048 683.0000
v 234.8394 -145.4061 683.0000
v 242.2274 -135.9500 683.0000
v 228.0432 -124.8681 683.0000
v 220.6552 -134.3242 683.0000
v 234.8394 -145.4061 857.0000
v 220.6552 -134.3242 857.0000
v 228.0432 -124.8681 857.0000
v 242.2274 -135.9500 857.0000
v 234.8394 -145.4061 683.0000
v 234.8394 -145.4061 857.0000
v 242.2274 -135.9500 857.0000
v 242.2274 -135.9500 683.0000
v 220.6552 -134.3242 683.0000
v 228.0432 -124.8681 683.0000
v 228.0432 -124.8681 857.0000
v 220.6552 -134.3242 857.0000
v 234.8394 -145.4061 683.0000
v 220.6552 -134.3242 683.0000
v 220.6552 -134.3242 857.0000
v 234.8394 -145.4061 857.0000
v 242.2274 -135.9500 683.0000
v 242.2274 -135.9500 857.0000
v 228.0432 -124.8681 857.0000
v 228.0432 -124.8681 683.0000
v 198.6629 -204.7041 764.0000
v 246.6845 -143.2393 764.0000
v 224.6202 -126.0008 764.0000
v 176.5986 -187.4656 764.0000
v 198.6629 -204.7041 776.0000
v 176.5986 -187.4656 776.0000
v 224.6202 -126.0008 776.0000
v 246.6845 -143.2393 776.0000
v 198.6629 -204.7041 764.0000
v 198.6629 -204.7041 776.0000
v 246.6845 -143.2393 776.0000
v 246.6845 -143.2393 764.0000
v 176.5986 -187.4656 764.0000
v 224.6202 -126.0008 764.0000
v 224.6202 -126.0008 776.0000
v 176.5986 -187.4656 776.0000
v 198.6629 -204.7041 764.0000
v 176.5986 -187.4656 764.0000
v 176.5986 -187.4656 776.0000
v 198.6629 -204.7041 776.0000
v 246.6845 -143.2393 764.0000
v 246.6845 -143.2393 776.0000
v 224.6202 -126.0008 776.0000
v 224.6202 -126.0008 764.0000
v 198.6629 -204.7041 674.0000
v 246.6845 -143.2393 674.0000
v 224.6202 -126.0008 674.0000
v 176.5986 -187.4656 674.0000
v 198.6629 -204.7041 690.0000
v 176.5986 -187.4656 690.0000
v 224.6202 -126.0008 690.0000
v 246.6845 -143.2393 690.0000
v 198.6629 -204.7041 674.0000
v 198.6629 -204.7041 690.0000
v 246.6845 -143.2393 690.0000
v 246.6845 -143.2393 674.0000
v 176.5986 -187.4656 674.0000
v 224.6202 -126.0008 674.0000
v 224.6202 -126.0008 690.0000
v 176.5986 -187.4656 690.0000
v 198.6629 -204.7041 674.0000
v 176.5986 -187.4656 674.0000
v 176.5986 -187.4656 690.0000
v 198.6629 -204.7041 690.0000
v 246.6845 -143.2393 674.0000
v 246.6845 -143.2393 690.0000
v 224.6202 -126.0008 690.0000
v 224.6202 -126.0008 674.0000
v 45.4925 234.8410 1200.0000
v -12.3662 238.8868 1200.0000
v -13.4823 222.9258 1200.0000
v 44.3764 218.8799 1200.0000
v 45.4925 234.8410 1350.0000
v 44.3764 218.8799 1350.0000
v -13.4823 222.9258 1350.0000
v -12.3662 238.8868 1350.0000
v 45.4925 234.8410 1200.0000
v 45.4925 234.8410 1350.0000
v -12.3662 238.8868 1350.0000
v -12.3662 238.8868 1200.0000
v 44.3764 218.8799 1200.0000
v -13.4823 222.9258 1200.0000
v -13.4823 222.9258 1350.0000
v 44.3764 218.8799 1350.0000
v 45.4925 234.8410 1200.0000
v 44.3764 218.8799 1200.0000
v 44.3764 218.8799 1350.0000
v 45.4925 234.8410 1350.0000
v -12.3662 238.8868 1200.0000
v -12.3662 238.8868 1350.0000
v -13.4823 222.9258 1350.0000
v -13.4823 222.9258 1200.0000
v 59.0189 241.9147 1188.0000
v 47.0481 242.7517 1188.0000
v 45.7925 224.7956 1188.0000
v 57.7633 223.9585 1188.0000
v 59.0189 241.9147 1362.0000
v 57.7633 223.9585 1362.0000
v 45.7925 224.7956 1362.0000
v 47.0481 242.7517 1362.0000
v 59.0189 241.9147 1188.0000
v 59.0189 241.9147 1362.0000
v 47.0481 242.7517 1362.0000
v 47.0481 242.7517 1188.0000
v 57.7633 223.9585 1188.0000
v 45.7925 224.7956 1188.0000
v 45.7925 224.7956 1362.0000
v 57.7633 223.9585 1362.0000
v 59.0189 241.9147 1188.0000
v 57.7633 223.9585 1188.0000
v 57.7633 223.9585 1362.0000
v 59.0189 241.9147 1362.0000
v 47.0481 242.7517 1188.0000
v 47.0481 242.7517 1362.0000
v 45.7925 224.7956 1362.0000
v 45.7925 224.7956 1188.0000
v -12.8057 246.9371 1188.0000
v -24.7765 247.7742 1188.0000
v -26.0321 229.8180 1188.0000
v -14.0613 228.9810 1188.0000
v -12.8057 246.9371 1362.0000
v -14.0613 228.9810 1362.0000
v -26.0321 229.8180 1362.0000
v -24.7765 247.7742 1362.0000
v -12.8057 246.9371 1188.0000
v -12.8057 246.9371 1362.0000
v -24.7765 247.7742 1362.0000
v -24.7765 247.7742 1188.0000
v -14.0613 228.9810 1188.0000
v -26.0321 229.8180 1188.0000
v -26.0321 229.8180 1362.0000
v -14.0613 228.9810 1362.0000
v -12.8057 246.9371 1188.0000
v -14.0613 228.9810 1188.0000
v -14.0613 228.9810 1362.0000
v -12.8057 246.9371 1362.0000
v -24.7765 247.7742 1188.0000
v -24.7765 247.7742 1362.0000
v -26.0321 229.8180 1362.0000
v -26.0321 229.8180 1188.0000
v 56.5842 250.1044 1269.0000
v -21.2258 255.5454 1269.0000
v -23.1789 227.6136 1269.0000
v 54.6311 222.1726 1269.0000
v 56.5842 250.1044 1281.0000
v 54.6311 222.1726 1281.0000
v -23.1789 227.6136 1281.0000
v -21.2258 255.5454 1281.0000
v 56.5842 250.1044 1269.0000
v 56.5842 250.1044 1281.0000
v -21.2258 255.5454 1281.0000
v -21.2258 255.5454 1269.0000
v 54.6311 222.1726 1269.0000
v -23.1789 227.6136 1269.0000
v -23.1789 227.6136 1281.0000
v 54.6311 222.1726 1281.0000
v 56.5842 250.1044 1269.0000
v 54.6311 222.1726 1269.0000
v 54.6311 222.1726 1281.0000
v 56.5842 250.1044 1281.0000
v -21.2258 255.5454 1269.0000
v -21.2258 255.5454 1281.0000
v -23.1789 227.6136 1281.0000
v -23.1789 227.6136 1269.0000
v 56.5842 250.1044 1179.0000
v -21.2258 255.5454 1179.0000
v -23.1789 227.6136 1179.0000
v 54.6311 222.1726 1179.0000
v 56.5842 250.1044 1195.0000
v 54.6311 222.1726 1195.0000
v -23.1789 227.6136 1195.0000
v -21.2258 255.5454 1195.0000
v 56.5842 250.1044 1179.0000
v 56.5842 250.1044 1195.0000
v -21.2258 255.5454 1195.0000
v -21.2258 255.5454 1179.0000
v 54.6311 222.1726 1179.0000
v -23.1789 227.6136 1179.0000
v -23.1789 227.6136 1195.0000
v 54.6311 222.1726 1195.0000
v 56.5842 250.1044 1179.0000
v 54.6311 222.1726 1179.0000
v 54.6311 222.1726 1195.0000
v 56.5842 250.1044 1195.0000
v -21.2258 255.5454 1179.0000
v -21.2258 255.5454 1195.0000
v -23.1789 227.6136 1195.0000
v -23.1789 227.6136 1179.0000
v -234.8410 45.4925 1200.0000
v -238.8868 -12.3662 1200.0000
v -222.9258 -13.4823 1200.0000
v -218.8799 44.3764 1200.0000
v -234.8410 45.4925 1350.0000
v -218.8799 44.3764 1350.0000
v -222.9258 -13.4823 1350.0000
v -238.8868 -12.3662 1350.0000
v -234.8410 45.4925 1200.0000
v -234.8410 45.4925 1350.0000
v -238.8868 -12.3662 1350.0000
v -238.8868 -12.3662 1200.0000
v -218.8799 44.3764 1200.0000
v -222.9258 -13.4823 1200.0000
v -222.9258 -13.4823 1350.0000
v -218.8799 44.3764 1350.0000
v -234.8410 45.4925 1200.0000
v -218.8799 44.3764 1200.0000
v -218.8799 44.3764 1350.0000
v -234.8410 45.4925 1350.0000
v -238.8868 -12.3662 1200.0000
v -238.8868 -12.3662 1350.0000
v -222.9258 -13.4823 1350.0000
v -222.9258 -13.4823 1200.0000
v -241.9147 59.0189 1188.0000
v -242.7517 47.0481 1188.0000
v -224.7956 45.7925 1188.0000
v -223.9585 57.7633 1188.0000
v -241.9147 59.0189 1362.0000
v -223.9585 57.7633 1362.0000
v -224.7956 45.7925 1362.0000
v -242.7517 47.0481 1362.0000
v -241.9147 59.0189 1188.0000
v -241.9147 59.0189 1362.0000
v -242.7517 47.0481 1362.0000
v -242.7517 47.0481 1188.0000
v -223.9585 57.7633 1188.0000
v -224.7956 45.7925 1188.0000
v -224.7956 45.7925 1362.0000
v -223.9585 57.7633 1362.0000
v -241.9147 59.0189 1188.0000
v -223.9585 57.7633 1188.0000
v -223.9585 57.7633 1362.0000
v -241.9147 59.0189 1362.0000
v -242.7517 47.0481 1188.0000
v -242.7517 47.0481 1362.0000
v -224.7956 45.7925 1362.0000
v -224.7956 45.7925 1188.0000
v -246.9371 -12.8057 1188.0000
v -247.7742 -24.7765 1188.0000
v -229.8180 -26.0321 1188.0000
v -228.9810 -14.0613 1188.0000
v -246.9371 -12.8057 1362.0000
v -228.9810 -14.0613 1362.0000
v -229.8180 -26.0321 1362.0000
v -247.7742 -24.7765 1362.0000
v -246.9371 -12.8057 1188.0000
v -246.9371 -12.8057 1362.0000
v -247.7742 -24.7765 1362.0000
v -247.7742 -24.7765 1188.0000
v -228.9810 -14.0613 1188.0000
v -229.8180 -26.0321 1188.0000
v -229.8180 -26.0321 1362.0000
v -228.9810 -14.0613 1362.0000
v -246.9371 -12.8057 1188.0000
v -228.9810 -14.0613 1188.0000
v -228.9810 -14.0613 1362.0000
v -246.9371 -12.8057 1362.0000
v -247.7742 -24.7765 1188.0000
v -247.7742 -24.7765 1362.0000
v -229.8180 -26.0321 1362.0000
v -229.8180 -26.0321 1188.0000
v -250.1044 56.5842 1269.0000
v -255.5454 -21.2258 1269.0000
v -227.6136 -23.1789 1269.0000
v -222.1726 54.6311 1269.0000
v -250.1044 56.5842 1281.0000
v -222.1726 54.6311 1281.0000
v -227.6136 -23.1789 1281.0000
v -255.5454 -21.2258 1281.0000
v -250.1044 56.5842 1269.0000
v -250.1044 56.5842 1281.0000
v -255.5454 -21.2258 1281.0000
v -255.5454 -21.2258 1269.0000
v -222.1726 54.6311 1269.0000
v -227.6136 -23.1789 1269.0000
v -227.6136 -23.1789 1281.0000
v -222.1726 54.6311 1281.0000
v -250.1044 56.5842 1269.0000
v -222.1726 54.6311 1269.0000
v -222.1726 54.6311 1281.0000
v -250.1044 56.5842 1281.0000
v -255.5454 -21.2258 1269.0000
v -255.5454 -21.2258 1281.0000
v -227.6136 -23.1789 1281.0000
v -227.6136 -23.1789 1269.0000
v -250.1044 56.5842 1179.0000
v -255.5454 -21.2258 1179.0000
v -227.6136 -23.1789 1179.0000
v -222.1726 54.6311 1179.0000
v -250.1044 56.5842 1195.0000
v -222.1726 54.6311 1195.0000
v -227.6136 -23.1789 1195.0000
v -255.5454 -21.2258 1195.0000
v -250.1044 56.5842 1179.0000
v -250.1044 56.5842 1195.0000
v -255.5454 -21.2258 1195.0000
v -255.5454 -21.2258 1179.0000
v -222.1726 54.6311 1179.0000
v -227.6136 -23.1789 1179.0000
v -227.6136 -23.1789 1195.0000
v -222.1726 54.6311 1195.0000
v -250.1044 56.5842 1179.0000
v -222.1726 54.6311 1179.0000
v -222.1726 54.6311 1195.0000
v -250.1044 56.5842 1195.0000
v -255.5454 -21.2258 1179.0000
v -255.5454 -21.2258 1195.0000
v -227.6136 -23.1789 1195.0000
v -227.6136 -23.1789 1179.0000
v -45.4925 -234.8410 1200.0000
v 12.3662 -238.8868 1200.0000
v 13.4823 -222.9258 1200.0000
v -44.3764 -218.8799 1200.0000
v -45.4925 -234.8410 1350.0000
v -44.3764 -218.8799 1350.0000
v 13.4823 -222.9258 1350.0000
v 12.3662 -238.8868 1350.0000
v -45.4925 -234.8410 1200.0000
v -45.4925 -234.8410 1350.0000
v 12.3662 -238.8868 1350.0000
v 12.3662 -238.8868 1200.0000
v -44.3764 -218.8799 1200.0000
v 13.4823 -222.9258 1200.0000
v 13.4823 -222.9258 1350.0000
v -44.3764 -218.8799 1350.0000
v -45.4925 -234.8410 1200.0000
v -44.3764 -218.8799 1200.0000
v -44.3764 -218.8799 1350.0000
v -45.4925 -234.8410 1350.0000
v 12.3662 -238.8868 1200.0000
v 12.3662 -238.8868 1350.0000
v 13.4823 -222.9258 1350.0000
v 13.4823 -222.9258 1200.0000
v -59.0189 -241.9147 1188.0000
v -47.0481 -242.7517 1188.0000
v -45.7925 -224.7956 1188.0000
v -57.7633 -223.9585 1188.0000
v -59.0189 -241.9147 1362.0000
v -57.7633 -223.9585 1362.0000
v -45.7925 -224.7956 1362.0000
v -47.0481 -242.7517 1362.0000
v -59.0189 -241.9147 1188.0000
v -59.0189 -241.9147 1362.0000
v -47.0481 -242.7517 1362.0000
v -47.0481 -242.7517 1188.0000
v -57.7633 -223.9585 1188.0000
v -45.7925 -224.7956 1188.0000
v -45.7925 -224.7956 1362.0000
v -57.7633 -223.9585 1362.0000
v -59.0189 -241.9147 1188.0000
v -57.7633 -223.9585 1188.0000
v -57.7633 -223.9585 1362.0000
v -59.0189 -241.9147 1362.0000
v -47.0481 -242.7517 1188.0000
v -47.0481 -242.7517 1362.0000
v -45.7925 -224.7956 1362.0000
v -45.7925 -224.7956 1188.0000
v 12.8057 -246.9371 1188.0000
v 24.7765 -247.7742 1188.0000
v 26.0321 -229.8180 1188.0000
v 14.0613 -228.9810 1188.0000
v 12.8057 -246.9371 1362.0000
v 14.0613 -228.9810 1362.0000
v 26.0321 -229.8180 1362.0000
v 24.7765 -247.7742 1362.0000
v 12.8057 -246.9371 1188.0000
v 12.8057 -246.9371 1362.0000
v 24.7765 -247.7742 1362.0000
v 24.7765 -247.7742 1188.0000
v 14.0613 -228.9810 1188.0000
v 26.0321 -229.8180 1188.0000
v 26.0321 -229.8180 1362.0000
v 14.0613 -228.9810 1362.0000
v 12.8057 -246.9371 1188.0000
v 14.0613 -228.9810 1188.0000
v 14.0613 -228.9810 1362.0000
v 12.8057 -246.9371 1362.0000
v 24.7765 -247.7742 1188.0000
v 24.7765 -247.7742 1362.0000
v 26.0321 -229.8180 1362.0000
v 26.0321 -229.8180 1188.0000
v -56.5842 -250.1044 1269.0000
v 21.2258 -255.5454 1269.0000
v 23.1789 -227.6136 1269.0000
v -54.6311 -222.1726 1269.0000
v -56.5842 -250.1044 1281.0000
v -54.6311 -222.1726 1281.0000
v 23.1789 -227.6136 1281.0000
v 21.2258 -255.5454 1281.0000
v -56.5842 -250.1044 1269.0000
v -56.5842 -250.1044 1281.0000
v 21.2258 -255.5454 1281.0000
v 21.2258 -255.5454 1269.0000
v -54.6311 -222.1726 1269.0000
v 23.1789 -227.6136 1269.0000
v 23.1789 -227.6136 1281.0000
v -54.6311 -222.1726 1281.0000
v -56.5842 -250.1044 1269.0000
v -54.6311 -222.1726 1269.0000
v -54.6311 -222.1726 1281.0000
v -56.5842 -250.1044 1281.0000
v 21.2258 -255.5454 1269.0000
v 21.2258 -255.5454 1281.0000
v 23.1789 -227.6136 1281.0000
v 23.1789 -227.6136 1269.0000
v -56.5842 -250.1044 1179.0000
v 21.2258 -255.5454 1179.0000
v 23.1789 -227.6136 1179.0000
v -54.6311 -222.1726 1179.0000
v -56.5842 -250.1044 1195.0000
v -54.6311 -222.1726 1195.0000
v 23.1789 -227.6136 1195.0000
v 21.2258 -255.5454 1195.0000
v -56.5842 -250.1044 1179.0000
v -56.5842 -250.1044 1195.0000
v 21.2258 -255.5454 1195.0000
v 21.2258 -255.5454 1179.0000
v -54.6311 -222.1726 1179.0000
v 23.1789 -227.6136 1179.0000
v 23.1789 -227.6136 1195.0000
v -54.6311 -222.1726 1195.0000
v -56.5842 -250.1044 1179.0000
v -54.6311 -222.1726 1179.0000
v -54.6311 -222.1726 1195.0000
v -56.5842 -250.1044 1195.0000
v 21.2258 -255.5454 1179.0000
v 21.2258 -255.5454 1195.0000
v 23.1789 -227.6136 1195.0000
v 23.1789 -227.6136 1179.0000
v 234.8410 -45.4925 1200.0000
v 238.8868 12.3662 1200.0000
v 222.9258 13.4823 1200.0000
v 218.8799 -44.3764 1200.0000
v 234.8410 -45.4925 1350.0000
v 218.8799 -44.3764 1350.0000
v 222.9258 13.4823 1350.0000
v 238.8868 12.3662 1350.0000
v 234.8410 -45.4925 1200.0000
v 234.8410 -45.4925 1350.0000
v 238.8868 12.3662 1350.0000
v 238.8868 12.3662 1200.0000
v 218.8799 -44.3764 1200.0000
v 222.9258 13.4823 1200.0000
v 222.9258 13.4823 1350.0000
v 218.8799 -44.3764 1350.0000
v 234.8410 -45.4925 1200.0000
v 218.8799 -44.3764 1200.0000
v 218.8799 -44.3764 1350.0000
v 234.8410 -45.4925 1350.0000
v 238.8868 12.3662 1200.0000
v 238.8868 12.3662 1350.0000
v 222.9258 13.4823 1350.0000
v 222.9258 13.4823 1200.0000
v 241.9147 -59.0189 1188.0000
v 242.7517 -47.0481 1188.0000
v 224.7956 -45.7925 1188.0000
v 223.9585 -57.7633 1188.0000
v 241.9147 -59.0189 1362.0000
v 223.9585 -57.7633 1362.0000
v 224.7956 -45.7925 1362.0000
v 242.7517 -47.0481 1362.0000
v 241.9147 -59.0189 1188.0000
v 241.9147 -59.0189 1362.0000
v 242.7517 -47.0481 1362.0000
v 242.7517 -47.0481 1188.0000
v 223.9585 -57.7633 1188.0000
v 224.7956 -45.7925 1188.0000
v 224.7956 -45.7925 1362.0000
v 223.9585 -57.7633 1362.0000
v 241.9147 -59.0189 1188.0000
v 223.9585 -57.7633 1188.0000
v 223.9585 -57.7633 1362.0000
v 241.9147 -59.0189 1362.0000
v 242.7517 -47.0481 1188.0000
v 242.7517 -47.0481 1362.0000
v 224.7956 -45.7925 1362.0000
v 224.7956 -45.7925 1188.0000
v 246.9371 12.8057 1188.0000
v 247.7742 24.7765 1188.0000
v 229.8180 26.0321 1188.0000
v 228.9810 14.0613 1188.0000
v 246.9371 12.8057 1362.0000
v 228.9810 14.0613 1362.0000
v 229.8180 26.0321 1362.0000
v 247.7742 24.7765 1362.0000
v 246.9371 12.8057 1188.0000
v 246.9371 12.8057 1362.0000
v 247.7742 24.7765 1362.0000
v 247.7742 24.7765 1188.0000
v 228.9810 14.0613 1188.0000
v 229.8180 26.0321 1188.0000
v 229.8180 26.0321 1362.0000
v 228.9810 14.0613 1362.0000
v 246.9371 12.8057 1188.0000
v 228.9810 14.0613 1188.0000
v 228.9810 14.0613 1362.0000
v 246.9371 12.8057 1362.0000
v 247.7742 24.7765 1188.0000
v 247.7742 24.7765 1362.0000
v 229.8180 26.0321 1362.0000
v 229.8180 26.0321 1188.0000
v 250.1044 -56.5842 1269.0000
v 255.5454 21.2258 1269.0000
v 227.6136 23.1789 1269.0000
v 222.1726 -54.6311 1269.0000
v 250.1044 -56.5842 1281.0000
v 222.1726 -54.6311 1281.0000
v 227.6136 23.1789 1281.0000
v 255.5454 21.2258 1281.0000
v 250.1044 -56.5842 1269.0000
v 250.1044 -56.5842 1281.0000
v 255.5454 21.2258 1281.0000
v 255.5454 21.2258 1269.0000
v 222.1726 -54.6311 1269.0000
v 227.6136 23.1789 1269.0000
v 227.6136 23.1789 1281.0000
v 222.1726 -54.6311 1281.0000
v 250.1044 -56.5842 1269.0000
v 222.1726 -54.6311 1269.0000
v 222.1726 -54.6311 1281.0000
v 250.1044 -56.5842 1281.0000
v 255.5454 21.2258 1269.0000
v 255.5454 21.2258 1281.0000
v 227.6136 23.1789 1281.0000
v 227.6136 23.1789 1269.0000
v 250.1044 -56.5842 1179.0000
v 255.5454 21.2258 1179.0000
v 227.6136 23.1789 1179.0000
v 222.1726 -54.6311 1179.0000
v 250.1044 -56.5842 1195.0000
v 222.1726 -54.6311 1195.0000
v 227.6136 23.1789 1195.0000
v 255.5454 21.2258 1195.0000
v 250.1044 -56.5842 1179.0000
v 250.1044 -56.5842 1195.0000
v 255.5454 21.2258 1195.0000
v 255.5454 21.2258 1179.0000
v 222.1726 -54.6311 1179.0000
v 227.6136 23.1789 1179.0000
v 227.6136 23.1789 1195.0000
v 222.1726 -54.6311 1195.0000
v 250.1044 -56.5842 1179.0000
v 222.1726 -54.6311 1179.0000
v 222.1726 -54.6311 1195.0000
v 250.1044 -56.5842 1195.0000
v 255.5454 21.2258 1179.0000
v 255.5454 21.2258 1195.0000
v 227.6136 23.1789 1195.0000
v 227.6136 23.1789 1179.0000
vt 0.000000 0.000000
vt 0.163625 0.000000
vt 0.327249 0.000000
vt 0.490874 0.000000
vt 0.654498 0.000000
vt 0.818123 0.000000
vt 0.981748 0.000000
vt 1.145372 0.000000
vt 1.308997 0.000000
vt 1.472622 0.000000
vt 1.636246 0.000000
vt 1.799871 0.000000
vt 1.963495 0.000000
vt 2.127120 0.000000
vt 2.290745 0.000000
vt 2.454369 0.000000
vt 2.617994 0.000000
vt 2.781618 0.000000
vt 2.945243 0.000000
vt 3.108868 0.000000
vt 3.272492 0.000000
vt 3.436117 0.000000
vt 3.599742 0.000000
vt 3.763366 0.000000
vt 3.926991 0.000000
vt 4.090615 0.000000
vt 4.254240 0.000000
vt 4.417865 0.000000
vt 4.581489 0.000000
vt 4.745114 0.000000
vt 4.908739 0.000000
vt 5.072363 0.000000
vt 5.235988 0.000000
vt 5.399612 0.000000
vt 5.563237 0.000000
vt 5.726862 0.000000
vt 5.890486 0.000000
vt 6.054111 0.000000
vt 6.217735 0.000000
vt 6.381360 0.000000
vt 6.544985 0.000000
vt 6.708609 0.000000
vt 6.872234 0.000000
vt 7.035859 0.000000
vt 7.199483 0.000000
vt 7.363108 0.000000
vt 7.526732 0.000000
vt 7.690357 0.000000
vt 7.853982 0.000000
vt 0.000000 0.350000
vt 0.163625 0.350000
vt 0.327249 0.350000
vt 0.490874 0.350000
vt 0.654498 0.350000
vt 0.818123 0.350000
vt 0.981748 0.350000
vt 1.145372 0.350000
vt 1.308997 0.350000
vt 1.472622 0.350000
vt 1.636246 0.350000
vt 1.799871 0.350000
vt 1.963495 0.350000
vt 2.127120 0.350000
vt 2.290745 0.350000
vt 2.454369 0.350000
vt 2.617994 0.350000
vt 2.781618 0.350000
vt 2.945243 0.350000
vt 3.108868 0.350000
vt 3.272492 0.350000
vt 3.436117 0.350000
vt 3.599742 0.350000
vt 3.763366 0.350000
vt 3.926991 0.350000
vt 4.090615 0.350000
vt 4.254240 0.350000
vt 4.417865 0.350000
vt 4.581489 0.350000
vt 4.745114 0.350000
vt 4.908739 0.350000
vt 5.072363 0.350000
vt 5.235988 0.350000
vt 5.399612 0.350000
vt 5.563237 0.350000
vt 5.726862 0.350000
vt 5.890486 0.350000
vt 6.054111 0.350000
vt 6.217735 0.350000
vt 6.381360 0.350000
vt 6.544985 0.350000
vt 6.708609 0.350000
vt 6.872234 0.350000
vt 7.035859 0.350000
vt 7.199483 0.350000
vt 7.363108 0.350000
vt 7.526732 0.350000
vt 7.690357 0.350000
vt 7.853982 0.350000
vt 0.000000 2.600000
vt 0.163625 2.600000
vt 0.327249 2.600000
vt 0.490874 2.600000
vt 0.654498 2.600000
vt 0.818123 2.600000
vt 0.981748 2.600000
vt 1.145372 2.600000
vt 1.308997 2.600000
vt 1.472622 2.600000
vt 1.636246 2.600000
vt 1.799871 2.600000
vt 1.963495 2.600000
vt 2.127120 2.600000
vt 2.290745 2.600000
vt 2.454369 2.600000
vt 2.617994 2.600000
vt 2.781618 2.600000
vt 2.945243 2.600000
vt 3.108868 2.600000
vt 3.272492 2.600000
vt 3.436117 2.600000
vt 3.599742 2.600000
vt 3.763366 2.600000
vt 3.926991 2.600000
vt 4.090615 2.600000
vt 4.254240 2.600000
vt 4.417865 2.600000
vt 4.581489 2.600000
vt 4.745114 2.600000
vt 4.908739 2.600000
vt 5.072363 2.600000
vt 5.235988 2.600000
vt 5.399612 2.600000
vt 5.563237 2.600000
vt 5.726862 2.600000
vt 5.890486 2.600000
vt 6.054111 2.600000
vt 6.217735 2.600000
vt 6.381360 2.600000
vt 6.544985 2.600000
vt 6.708609 2.600000
vt 6.872234 2.600000
vt 7.035859 2.600000
vt 7.199483 2.600000
vt 7.363108 2.600000
vt 7.526732 2.600000
vt 7.690357 2.600000
vt 7.853982 2.600000
vt 0.000000 5.200000
vt 0.163625 5.200000
vt 0.327249 5.200000
vt 0.490874 5.200000
vt 0.654498 5.200000
vt 0.818123 5.200000
vt 0.981748 5.200000
vt 1.145372 5.200000
vt 1.308997 5.200000
vt 1.472622 5.200000
vt 1.636246 5.200000
vt 1.799871 5.200000
vt 1.963495 5.200000
vt 2.127120 5.200000
vt 2.290745 5.200000
vt 2.454369 5.200000
vt 2.617994 5.200000
vt 2.781618 5.200000
vt 2.945243 5.200000
vt 3.108868 5.200000
vt 3.272492 5.200000
vt 3.436117 5.200000
vt 3.599742 5.200000
vt 3.763366 5.200000
vt 3.926991 5.200000
vt 4.090615 5.200000
vt 4.254240 5.200000
vt 4.417865 5.200000
vt 4.581489 5.200000
vt 4.745114 5.200000
vt 4.908739 5.200000
vt 5.072363 5.200000
vt 5.235988 5.200000
vt 5.399612 5.200000
vt 5.563237 5.200000
vt 5.726862 5.200000
vt 5.890486 5.200000
vt 6.054111 5.200000
vt 6.217735 5.200000
vt 6.381360 5.200000
vt 6.544985 5.200000
vt 6.708609 5.200000
vt 6.872234 5.200000
vt 7.035859 5.200000
vt 7.199483 5.200000
vt 7.363108 5.200000
vt 7.526732 5.200000
vt 7.690357 5.200000
vt 7.853982 5.200000
vt 0.000000 7.300000
vt 0.163625 7.300000
vt 0.327249 7.300000
vt 0.490874 7.300000
vt 0.654498 7.300000
vt 0.818123 7.300000
vt 0.981748 7.300000
vt 1.145372 7.300000
vt 1.308997 7.300000
vt 1.472622 7.300000
vt 1.636246 7.300000
vt 1.799871 7.300000
vt 1.963495 7.300000
vt 2.127120 7.300000
vt 2.290745 7.300000
vt 2.454369 7.300000
vt 2.617994 7.300000
vt 2.781618 7.300000
vt 2.945243 7.300000
vt 3.108868 7.300000
vt 3.272492 7.300000
vt 3.436117 7.300000
vt 3.599742 7.300000
vt 3.763366 7.300000
vt 3.926991 7.300000
vt 4.090615 7.300000
vt 4.254240 7.300000
vt 4.417865 7.300000
vt 4.581489 7.300000
vt 4.745114 7.300000
vt 4.908739 7.300000
vt 5.072363 7.300000
vt 5.235988 7.300000
vt 5.399612 7.300000
vt 5.563237 7.300000
vt 5.726862 7.300000
vt 5.890486 7.300000
vt 6.054111 7.300000
vt 6.217735 7.300000
vt 6.381360 7.300000
vt 6.544985 7.300000
vt 6.708609 7.300000
vt 6.872234 7.300000
vt 7.035859 7.300000
vt 7.199483 7.300000
vt 7.363108 7.300000
vt 7.526732 7.300000
vt 7.690357 7.300000
vt 7.853982 7.300000
vt 0.000000 7.800000
vt 0.163625 7.800000
vt 0.327249 7.800000
vt 0.490874 7.800000
vt 0.654498 7.800000
vt 0.818123 7.800000
vt 0.981748 7.800000
vt 1.145372 7.800000
vt 1.308997 7.800000
vt 1.472622 7.800000
vt 1.636246 7.800000
vt 1.799871 7.800000
vt 1.963495 7.800000
vt 2.127120 7.800000
vt 2.290745 7.800000
vt 2.454369 7.800000
vt 2.617994 7.800000
vt 2.781618 7.800000
vt 2.945243 7.800000
vt 3.108868 7.800000
vt 3.272492 7.800000
vt 3.436117 7.800000
vt 3.599742 7.800000
vt 3.763366 7.800000
vt 3.926991 7.800000
vt 4.090615 7.800000
vt 4.254240 7.800000
vt 4.417865 7.800000
vt 4.581489 7.800000
vt 4.745114 7.800000
vt 4.908739 7.800000
vt 5.072363 7.800000
vt 5.235988 7.800000
vt 5.399612 7.800000
vt 5.563237 7.800000
vt 5.726862 7.800000
vt 5.890486 7.800000
vt 6.054111 7.800000
vt 6.217735 7.800000
vt 6.381360 7.800000
vt 6.544985 7.800000
vt 6.708609 7.800000
vt 6.872234 7.800000
vt 7.035859 7.800000
vt 7.199483 7.800000
vt 7.363108 7.800000
vt 7.526732 7.800000
vt 7.690357 7.800000
vt 7.853982 7.800000
vt 0.000000 0.000000
vt 0.150535 0.000000
vt 0.301069 0.000000
vt 0.451604 0.000000
vt 0.602139 0.000000
vt 0.752673 0.000000
vt 0.903208 0.000000
vt 1.053743 0.000000
vt 1.204277 0.000000
vt 1.354812 0.000000
vt 1.505346 0.000000
vt 1.655881 0.000000
vt 1.806416 0.000000
vt 1.956950 0.000000
vt 2.107485 0.000000
vt 2.258020 0.000000
vt 2.408554 0.000000
vt 2.559089 0.000000
vt 2.709624 0.000000
vt 2.860158 0.000000
vt 3.010693 0.000000
vt 3.161228 0.000000
vt 3.311762 0.000000
vt 3.462297 0.000000
vt 3.612832 0.000000
vt 3.763366 0.000000
vt 3.913901 0.000000
vt 4.064435 0.000000
vt 4.214970 0.000000
vt 4.365505 0.000000
vt 4.516039 0.000000
vt 4.666574 0.000000
vt 4.817109 0.000000
vt 4.967643 0.000000
vt 5.118178 0.000000
vt 5.268713 0.000000
vt 5.419247 0.000000
vt 5.569782 0.000000
vt 5.720317 0.000000
vt 5.870851 0.000000
vt 6.021386 0.000000
vt 6.171921 0.000000
vt 6.322455 0.000000
vt 6.472990 0.000000
vt 6.623525 0.000000
vt 6.774059 0.000000
vt 6.924594 0.000000
vt 7.075128 0.000000
vt 7.225663 0.000000
vt 0.000000 0.350000
vt 0.150535 0.350000
vt 0.301069 0.350000
vt 0.451604 0.350000
vt 0.602139 0.350000
vt 0.752673 0.350000
vt 0.903208 0.350000
vt 1.053743 0.350000
vt 1.204277 0.350000
vt 1.354812 0.350000
vt 1.505346 0.350000
vt 1.655881 0.350000
vt 1.806416 0.350000
vt 1.956950 0.350000
vt 2.107485 0.350000
vt 2.258020 0.350000
vt 2.408554 0.350000
vt 2.559089 0.350000
vt 2.709624 0.350000
vt 2.860158 0.350000
vt 3.010693 0.350000
vt 3.161228 0.350000
vt 3.311762 0.350000
vt 3.462297 0.350000
vt 3.612832 0.350000
vt 3.763366 0.350000
vt 3.913901 0.350000
vt 4.064435 0.350000
vt 4.214970 0.350000
vt 4.365505 0.350000
vt 4.516039 0.350000
vt 4.666574 0.350000
vt 4.817109 0.350000
vt 4.967643 0.350000
vt 5.118178 0.350000
vt 5.268713 0.350000
vt 5.419247 0.350000
vt 5.569782 0.350000
vt 5.720317 0.350000
vt 5.870851 0.350000
vt 6.021386 0.350000
vt 6.171921 0.350000
vt 6.322455 0.350000
vt 6.472990 0.350000
vt 6.623525 0.350000
vt 6.774059 0.350000
vt 6.924594 0.350000
vt 7.075128 0.350000
vt 7.225663 0.350000
vt 0.000000 2.600000
vt 0.150535 2.600000
vt 0.301069 2.600000
vt 0.451604 2.600000
vt 0.602139 2.600000
vt 0.752673 2.600000
vt 0.903208 2.600000
vt 1.053743 2.600000
vt 1.204277 2.600000
vt 1.354812 2.600000
vt 1.505346 2.600000
vt 1.655881 2.600000
vt 1.806416 2.600000
vt 1.956950 2.600000
vt 2.107485 2.600000
vt 2.258020 2.600000
vt 2.408554 2.600000
vt 2.559089 2.600000
vt 2.709624 2.600000
vt 2.860158 2.600000
vt 3.010693 2.600000
vt 3.161228 2.600000
vt 3.311762 2.600000
vt 3.462297 2.600000
vt 3.612832 2.600000
vt 3.763366 2.600000
vt 3.913901 2.600000
vt 4.064435 2.600000
vt 4.214970 2.600000
vt 4.365505 2.600000
vt 4.516039 2.600000
vt 4.666574 2.600000
vt 4.817109 2.600000
vt 4.967643 2.600000
vt 5.118178 2.600000
vt 5.268713 2.600000
vt 5.419247 2.600000
vt 5.569782 2.600000
vt 5.720317 2.600000
vt 5.870851 2.600000
vt 6.021386 2.600000
vt 6.171921 2.600000
vt 6.322455 2.600000
vt 6.472990 2.600000
vt 6.623525 2.600000
vt 6.774059 2.600000
vt 6.924594 2.600000
vt 7.075128 2.600000
vt 7.225663 2.600000
vt 0.000000 5.200000
vt 0.150535 5.200000
vt 0.301069 5.200000
vt 0.451604 5.200000
vt 0.602139 5.200000
vt 0.752673 5.200000
vt 0.903208 5.200000
vt 1.053743 5.200000
vt 1.204277 5.200000
vt 1.354812 5.200000
vt 1.505346 5.200000
vt 1.655881 5.200000
vt 1.806416 5.200000
vt 1.956950 5.200000
vt 2.107485 5.200000
vt 2.258020 5.200000
vt 2.408554 5.200000
vt 2.559089 5.200000
vt 2.709624 5.200000
vt 2.860158 5.200000
vt 3.010693 5.200000
vt 3.161228 5.200000
vt 3.311762 5.200000
vt 3.462297 5.200000
vt 3.612832 5.200000
vt 3.763366 5.200000
vt 3.913901 5.200000
vt 4.064435 5.200000
vt 4.214970 5.200000
vt 4.365505 5.200000
vt 4.516039 5.200000
vt 4.666574 5.200000
vt 4.817109 5.200000
vt 4.967643 5.200000
vt 5.118178 5.200000
vt 5.268713 5.200000
vt 5.419247 5.200000
vt 5.569782 5.200000
vt 5.720317 5.200000
vt 5.870851 5.200000
vt 6.021386 5.200000
vt 6.171921 5.200000
vt 6.322455 5.200000
vt 6.472990 5.200000
vt 6.623525 5.200000
vt 6.774059 5.200000
vt 6.924594 5.200000
vt 7.075128 5.200000
vt 7.225663 5.200000
vt 0.000000 7.300000
vt 0.150535 7.300000
vt 0.301069 7.300000
vt 0.451604 7.300000
vt 0.602139 7.300000
vt 0.752673 7.300000
vt 0.903208 7.300000
vt 1.053743 7.300000
vt 1.204277 7.300000
vt 1.354812 7.300000
vt 1.505346 7.300000
vt 1.655881 7.300000
vt 1.806416 7.300000
vt 1.956950 7.300000
vt 2.107485 7.300000
vt 2.258020 7.300000
vt 2.408554 7.300000
vt 2.559089 7.300000
vt 2.709624 7.300000
vt 2.860158 7.300000
vt 3.010693 7.300000
vt 3.161228 7.300000
vt 3.311762 7.300000
vt 3.462297 7.300000
vt 3.612832 7.300000
vt 3.763366 7.300000
vt 3.913901 7.300000
vt 4.064435 7.300000
vt 4.214970 7.300000
vt 4.365505 7.300000
vt 4.516039 7.300000
vt 4.666574 7.300000
vt 4.817109 7.300000
vt 4.967643 7.300000
vt 5.118178 7.300000
vt 5.268713 7.300000
vt 5.419247 7.300000
vt 5.569782 7.300000
vt 5.720317 7.300000
vt 5.870851 7.300000
vt 6.021386 7.300000
vt 6.171921 7.300000
vt 6.322455 7.300000
vt 6.472990 7.300000
vt 6.623525 7.300000
vt 6.774059 7.300000
vt 6.924594 7.300000
vt 7.075128 7.300000
vt 7.225663 7.300000
vt 0.000000 7.800000
vt 0.150535 7.800000
vt 0.301069 7.800000
vt 0.451604 7.800000
vt 0.602139 7.800000
vt 0.752673 7.800000
vt 0.903208 7.800000
vt 1.053743 7.800000
vt 1.204277 7.800000
vt 1.354812 7.800000
vt 1.505346 7.800000
vt 1.655881 7.800000
vt 1.806416 7.800000
vt 1.956950 7.800000
vt 2.107485 7.800000
vt 2.258020 7.800000
vt 2.408554 7.800000
vt 2.559089 7.800000
vt 2.709624 7.800000
vt 2.860158 7.800000
vt 3.010693 7.800000
vt 3.161228 7.800000
vt 3.311762 7.800000
vt 3.462297 7.800000
vt 3.612832 7.800000
vt 3.763366 7.800000
vt 3.913901 7.800000
vt 4.064435 7.800000
vt 4.214970 7.800000
vt 4.365505 7.800000
vt 4.516039 7.800000
vt 4.666574 7.800000
vt 4.817109 7.800000
vt 4.967643 7.800000
vt 5.118178 7.800000
vt 5.268713 7.800000
vt 5.419247 7.800000
vt 5.569782 7.800000
vt 5.720317 7.800000
vt 5.870851 7.800000
vt 6.021386 7.800000
vt 6.171921 7.800000
vt 6.322455 7.800000
vt 6.472990 7.800000
vt 6.623525 7.800000
vt 6.774059 7.800000
vt 6.924594 7.800000
vt 7.075128 7.800000
vt 7.225663 7.800000
vt 0.032500 -0.062500
vt 0.032500 0.062500
vt -0.032500 0.062500
vt -0.032500 -0.062500
vt 0.032500 -0.062500
vt -0.032500 -0.062500
vt -0.032500 0.062500
vt 0.032500 0.062500
vt -0.062500 -3.700000
vt -0.062500 3.700000
vt 0.062500 3.700000
vt 0.062500 -3.700000
vt -0.032500 -0.062500
vt -0.032500 0.062500
vt -0.032500 0.062500
vt -0.032500 -0.062500
vt 0.032500 -0.062500
vt -0.032500 -0.062500
vt -0.032500 -0.062500
vt 0.032500 -0.062500
vt 0.062500 -3.700000
vt 0.062500 3.700000
vt 0.062500 3.700000
vt 0.062500 -3.700000
vt 0.053944 -0.045305
vt 0.006108 0.070180
vt -0.053944 0.045305
vt -0.006108 -0.070180
vt 0.053944 -0.045305
vt -0.006108 -0.070180
vt -0.053944 0.045305
vt 0.006108 0.070180
vt -0.045305 -3.700000
vt -0.045305 3.700000
vt 0.070180 3.700000
vt 0.070180 -3.700000
vt -0.006108 -0.070180
vt -0.053944 0.045305
vt -0.053944 0.045305
vt -0.006108 -0.070180
vt 0.053944 -0.045305
vt -0.006108 -0.070180
vt -0.006108 -0.070180
vt 0.053944 -0.045305
vt 0.070180 -3.700000
vt 0.070180 3.700000
vt 0.045305 3.700000
vt 0.045305 -3.700000
vt 0.067175 -0.021213
vt -0.021213 0.067175
vt -0.067175 0.021213
vt 0.021213 -0.067175
vt 0.067175 -0.021213
vt 0.021213 -0.067175
vt -0.067175 0.021213
vt -0.021213 0.067175
vt -0.021213 -3.700000
vt -0.021213 3.700000
vt 0.067175 3.700000
vt 0.067175 -3.700000
vt 0.021213 -0.067175
vt -0.067175 0.021213
vt -0.067175 0.021213
vt 0.021213 -0.067175
vt 0.067175 -0.021213
vt 0.021213 -0.067175
vt 0.021213 -0.067175
vt 0.067175 -0.021213
vt 0.067175 -3.700000
vt 0.067175 3.700000
vt 0.021213 3.700000
vt 0.021213 -3.700000
vt 0.070180 0.006108
vt -0.045305 0.053944
vt -0.070180 -0.006108
vt 0.045305 -0.053944
vt 0.070180 0.006108
vt 0.045305 -0.053944
vt -0.070180 -0.006108
vt -0.045305 0.053944
vt 0.006108 -3.700000
vt 0.006108 3.700000
vt 0.053944 3.700000
vt 0.053944 -3.700000
vt 0.045305 -0.053944
vt -0.070180 -0.006108
vt -0.070180 -0.006108
vt 0.045305 -0.053944
vt 0.070180 0.006108
vt 0.045305 -0.053944
vt 0.045305 -0.053944
vt 0.070180 0.006108
vt 0.053944 -3.700000
vt 0.053944 3.700000
vt -0.006108 3.700000
vt -0.006108 -3.700000
vt 0.062500 0.032500
vt -0.062500 0.032500
vt -0.062500 -0.032500
vt 0.062500 -0.032500
vt 0.062500 0.032500
vt 0.062500 -0.032500
vt -0.062500 -0.032500
vt -0.062500 0.032500
vt 0.032500 -3.700000
vt 0.032500 3.700000
vt 0.032500 3.700000
vt 0.032500 -3.700000
vt 0.062500 -0.032500
vt -0.062500 -0.032500
vt -0.062500 -0.032500
vt 0.062500 -0.032500
vt 0.062500 0.032500
vt 0.062500 -0.032500
vt 0.062500 -0.032500
vt 0.062500 0.032500
vt 0.032500 -3.700000
vt 0.032500 3.700000
vt -0.032500 3.700000
vt -0.032500 -3.700000
vt 0.045305 0.053944
vt -0.070180 0.006108
vt -0.045305 -0.053944
vt 0.070180 -0.006108
vt 0.045305 0.053944
vt 0.070180 -0.006108
vt -0.045305 -0.053944
vt -0.070180 0.006108
vt 0.053944 -3.700000
vt 0.053944 3.700000
vt 0.006108 3.700000
vt 0.006108 -3.700000
vt 0.070180 -0.006108
vt -0.045305 -0.053944
vt -0.045305 -0.053944
vt 0.070180 -0.006108
vt 0.045305 0.053944
vt 0.070180 -0.006108
vt 0.070180 -0.006108
vt 0.045305 0.053944
vt 0.006108 -3.700000
vt 0.006108 3.700000
vt -0.053944 3.700000
vt -0.053944 -3.700000
vt 0.021213 0.067175
vt -0.067175 -0.021213
vt -0.021213 -0.067175
vt 0.067175 0.021213
vt 0.021213 0.067175
vt 0.067175 0.021213
vt -0.021213 -0.067175
vt -0.067175 -0.021213
vt 0.067175 -3.700000
vt 0.067175 3.700000
vt -0.021213 3.700000
vt -0.021213 -3.700000
vt 0.067175 0.021213
vt -0.021213 -0.067175
vt -0.021213 -0.067175
vt 0.067175 0.021213
vt 0.021213 0.067175
vt 0.067175 0.021213
vt 0.067175 0.021213
vt 0.021213 0.067175
vt -0.021213 -3.700000
vt -0.021213 3.700000
vt -0.067175 3.700000
vt -0.067175 -3.700000
vt -0.006108 0.070180
vt -0.053944 -0.045305
vt 0.006108 -0.070180
vt 0.053944 0.045305
vt -0.006108 0.070180
vt 0.053944 0.045305
vt 0.006108 -0.070180
vt -0.053944 -0.045305
vt 0.070180 -3.700000
vt 0.070180 3.700000
vt -0.045305 3.700000
vt -0.045305 -3.700000
vt 0.053944 0.045305
vt 0.006108 -0.070180
vt 0.006108 -0.070180
vt 0.053944 0.045305
vt -0.006108 0.070180
vt 0.053944 0.045305
vt 0.053944 0.045305
vt -0.006108 0.070180
vt -0.045305 -3.700000
vt -0.045305 3.700000
vt -0.070180 3.700000
vt -0.070180 -3.700000
vt -0.032500 0.062500
vt -0.032500 -0.062500
vt 0.032500 -0.062500
vt 0.032500 0.062500
vt -0.032500 0.062500
vt 0.032500 0.062500
vt 0.032500 -0.062500
vt -0.032500 -0.062500
vt 0.062500 -3.700000
vt 0.062500 3.700000
vt -0.062500 3.700000
vt -0.062500 -3.700000
vt 0.032500 0.062500
vt 0.032500 -0.062500
vt 0.032500 -0.062500
vt 0.032500 0.062500
vt -0.032500 0.062500
vt 0.032500 0.062500
vt 0.032500 0.062500
vt -0.032500 0.062500
vt -0.062500 -3.700000
vt -0.062500 3.700000
vt -0.062500 3.700000
vt -0.062500 -3.700000
vt -0.053944 0.045305
vt -0.006108 -0.070180
vt 0.053944 -0.045305
vt 0.006108 0.070180
vt -0.053944 0.045305
vt 0.006108 0.070180
vt 0.053944 -0.045305
vt -0.006108 -0.070180
vt 0.045305 -3.700000
vt 0.045305 3.700000
vt -0.070180 3.700000
vt -0.070180 -3.700000
vt 0.006108 0.070180
vt 0.053944 -0.045305
vt 0.053944 -0.045305
vt 0.006108 0.070180
vt -0.053944 0.045305
vt 0.006108 0.070180
vt 0.006108 0.070180
vt -0.053944 0.045305
vt -0.070180 -3.700000
vt -0.070180 3.700000
vt -0.045305 3.700000
vt -0.045305 -3.700000
vt -0.067175 0.021213
vt 0.021213 -0.067175
vt 0.067175 -0.021213
vt -0.021213 0.067175
vt -0.067175 0.021213
vt -0.021213 0.067175
vt 0.067175 -0.021213
vt 0.021213 -0.067175
vt 0.021213 -3.700000
vt 0.021213 3.700000
vt -0.067175 3.700000
vt -0.067175 -3.700000
vt -0.021213 0.067175
vt 0.067175 -0.021213
vt 0.067175 -0.021213
vt -0.021213 0.067175
vt -0.067175 0.021213
vt -0.021213 0.067175
vt -0.021213 0.067175
vt -0.067175 0.021213
vt -0.067175 -3.700000
vt -0.067175 3.700000
vt -0.021213 3.700000
vt -0.021213 -3.700000
vt -0.070180 -0.006108
vt 0.045305 -0.053944
vt 0.070180 0.006108
vt -0.045305 0.053944
vt -0.070180 -0.006108
vt -0.045305 0.053944
vt 0.070180 0.006108
vt 0.045305 -0.053944
vt -0.006108 -3.700000
vt -0.006108 3.700000
vt -0.053944 3.700000
vt -0.053944 -3.700000
vt -0.045305 0.053944
vt 0.070180 0.006108
vt 0.070180 0.006108
vt -0.045305 0.053944
vt -0.070180 -0.006108
vt -0.045305 0.053944
vt -0.045305 0.053944
vt -0.070180 -0.006108
vt -0.053944 -3.700000
vt -0.053944 3.700000
vt 0.006108 3.700000
vt 0.006108 -3.700000
vt -0.062500 -0.032500
vt 0.062500 -0.032500
vt 0.062500 0.032500
vt -0.062500 0.032500
vt -0.062500 -0.032500
vt -0.062500 0.032500
vt 0.062500 0.032500
vt 0.062500 -0.032500
vt -0.032500 -3.700000
vt -0.032500 3.700000
vt -0.032500 3.700000
vt -0.032500 -3.700000
vt -0.062500 0.032500
vt 0.062500 0.032500
vt 0.062500 0.032500
vt -0.062500 0.032500
vt -0.062500 -0.032500
vt -0.062500 0.032500
vt -0.062500 0.032500
vt -0.062500 -0.032500
vt -0.032500 -3.700000
vt -0.032500 3.700000
vt 0.032500 3.700000
vt 0.032500 -3.700000
vt -0.045305 -0.053944
vt 0.070180 -0.006108
vt 0.045305 0.053944
vt -0.070180 0.006108
vt -0.045305 -0.053944
vt -0.070180 0.006108
vt 0.045305 0.053944
vt 0.070180 -0.006108
vt -0.053944 -3.700000
vt -0.053944 3.700000
vt -0.006108 3.700000
vt -0.006108 -3.700000
vt -0.070180 0.006108
vt 0.045305 0.053944
vt 0.045305 0.053944
vt -0.070180 0.006108
vt -0.045305 -0.053944
vt -0.070180 0.006108
vt -0.070180 0.006108
vt -0.045305 -0.053944
vt -0.006108 -3.700000
vt -0.006108 3.700000
vt 0.053944 3.700000
vt 0.053944 -3.700000
vt -0.021213 -0.067175
vt 0.067175 0.021213
vt 0.021213 0.067175
vt -0.067175 -0.021213
vt -0.021213 -0.067175
vt -0.067175 -0.021213
vt 0.021213 0.067175
vt 0.067175 0.021213
vt -0.067175 -3.700000
vt -0.067175 3.700000
vt 0.021213 3.700000
vt 0.021213 -3.700000
vt -0.067175 -0.021213
vt 0.021213 0.067175
vt 0.021213 0.067175
vt -0.067175 -0.021213
vt -0.021213 -0.067175
vt -0.067175 -0.021213
vt -0.067175 -0.021213
vt -0.021213 -0.067175
vt 0.021213 -3.700000
vt 0.021213 3.700000
vt 0.067175 3.700000
vt 0.067175 -3.700000
vt 0.006108 -0.070180
vt 0.053944 0.045305
vt -0.006108 0.070180
vt -0.053944 -0.045305
vt 0.006108 -0.070180
vt -0.053944 -0.045305
vt -0.006108 0.070180
vt 0.053944 0.045305
vt -0.070180 -3.700000
vt -0.070180 3.700000
vt 0.045305 3.700000
vt 0.045305 -3.700000
vt -0.053944 -0.045305
vt -0.006108 0.070180
vt -0.006108 0.070180
vt -0.053944 -0.045305
vt 0.006108 -0.070180
vt -0.053944 -0.045305
vt -0.053944 -0.045305
vt 0.006108 -0.070180
vt 0.045305 -3.700000
vt 0.045305 3.700000
vt 0.070180 3.700000
vt 0.070180 -3.700000
vt 0.301000 0.059000
vt 0.299000 0.077000
vt 0.298425 0.059000
vt 0.296442 0.077000
vt 0.290744 0.059000
vt 0.288812 0.077000
vt 0.278088 0.059000
vt 0.276240 0.077000
vt 0.260674 0.059000
vt 0.258942 0.077000
vt 0.238799 0.059000
vt 0.237213 0.077000
vt 0.212839 0.059000
vt 0.211425 0.077000
vt 0.183237 0.059000
vt 0.182020 0.077000
vt 0.150500 0.059000
vt 0.149500 0.077000
vt 0.115188 0.059000
vt 0.114422 0.077000
vt 0.077905 0.059000
vt 0.077387 0.077000
vt 0.039288 0.059000
vt 0.039027 0.077000
vt 0.000000 0.059000
vt 0.000000 0.077000
vt -0.039288 0.059000
vt -0.039027 0.077000
vt -0.077905 0.059000
vt -0.077387 0.077000
vt -0.115188 0.059000
vt -0.114422 0.077000
vt -0.150500 0.059000
vt -0.149500 0.077000
vt -0.183237 0.059000
vt -0.182020 0.077000
vt -0.212839 0.059000
vt -0.211425 0.077000
vt -0.238799 0.059000
vt -0.237213 0.077000
vt -0.260674 0.059000
vt -0.258942 0.077000
vt -0.278088 0.059000
vt -0.276240 0.077000
vt -0.290744 0.059000
vt -0.288812 0.077000
vt -0.298425 0.059000
vt -0.296442 0.077000
vt -0.301000 0.059000
vt -0.299000 0.077000
vt -0.298425 0.059000
vt -0.296442 0.077000
vt -0.290744 0.059000
vt -0.288812 0.077000
vt -0.278088 0.059000
vt -0.276240 0.077000
vt -0.260674 0.059000
vt -0.258942 0.077000
vt -0.238799 0.059000
vt -0.237213 0.077000
vt -0.212839 0.059000
vt -0.211425 0.077000
vt -0.183237 0.059000
vt -0.182020 0.077000
vt -0.150500 0.059000
vt -0.149500 0.077000
vt -0.115188 0.059000
vt -0.114422 0.077000
vt -0.077905 0.059000
vt -0.077387 0.077000
vt -0.039288 0.059000
vt -0.039027 0.077000
vt -0.000000 0.059000
vt -0.000000 0.077000
vt 0.039288 0.059000
vt 0.039027 0.077000
vt 0.077905 0.059000
vt 0.077387 0.077000
vt 0.115188 0.059000
vt 0.114422 0.077000
vt 0.150500 0.059000
vt 0.149500 0.077000
vt 0.183237 0.059000
vt 0.182020 0.077000
vt 0.212839 0.059000
vt 0.211425 0.077000
vt 0.238799 0.059000
vt 0.237213 0.077000
vt 0.260674 0.059000
vt 0.258942 0.077000
vt 0.278088 0.059000
vt 0.276240 0.077000
vt 0.290744 0.059000
vt 0.288812 0.077000
vt 0.298425 0.059000
vt 0.296442 0.077000
vt 0.306000 0.080000
vt 0.303500 0.084330
vt 0.298500 0.084330
vt 0.296000 0.080000
vt 0.298500 0.075670
vt 0.303500 0.075670
vt 0.303382 0.080000
vt 0.300904 0.084330
vt 0.295946 0.084330
vt 0.293468 0.080000
vt 0.295946 0.075670
vt 0.300904 0.075670
vt 0.295573 0.080000
vt 0.293158 0.084330
vt 0.288329 0.084330
vt 0.285914 0.080000
vt 0.288329 0.075670
vt 0.293158 0.075670
vt 0.282707 0.080000
vt 0.280397 0.084330
vt 0.275778 0.084330
vt 0.273468 0.080000
vt 0.275778 0.075670
vt 0.280397 0.075670
vt 0.265004 0.080000
vt 0.262839 0.084330
vt 0.258509 0.084330
vt 0.256344 0.080000
vt 0.258509 0.075670
vt 0.262839 0.075670
vt 0.242766 0.080000
vt 0.240783 0.084330
vt 0.236816 0.084330
vt 0.234833 0.080000
vt 0.236816 0.075670
vt 0.240783 0.075670
vt 0.216375 0.080000
vt 0.214607 0.084330
vt 0.211071 0.084330
vt 0.209304 0.080000
vt 0.211071 0.075670
vt 0.214607 0.075670
vt 0.186281 0.080000
vt 0.184759 0.084330
vt 0.181715 0.084330
vt 0.180193 0.080000
vt 0.181715 0.075670
vt 0.184759 0.075670
vt 0.153000 0.080000
vt 0.151750 0.084330
vt 0.149250 0.084330
vt 0.148000 0.080000
vt 0.149250 0.075670
vt 0.151750 0.075670
vt 0.117101 0.080000
vt 0.116144 0.084330
vt 0.114231 0.084330
vt 0.113274 0.080000
vt 0.114231 0.075670
vt 0.116144 0.075670
vt 0.079199 0.080000
vt 0.078552 0.084330
vt 0.077257 0.084330
vt 0.076610 0.080000
vt 0.077257 0.075670
vt 0.078552 0.075670
vt 0.039941 0.080000
vt 0.039615 0.084330
vt 0.038962 0.084330
vt 0.038636 0.080000
vt 0.038962 0.075670
vt 0.039615 0.075670
vt 0.000000 0.080000
vt 0.000000 0.084330
vt 0.000000 0.084330
vt 0.000000 0.080000
vt 0.000000 0.075670
vt 0.000000 0.075670
vt -0.039941 0.080000
vt -0.039615 0.084330
vt -0.038962 0.084330
vt -0.038636 0.080000
vt -0.038962 0.075670
vt -0.039615 0.075670
vt -0.079199 0.080000
vt -0.078552 0.084330
vt -0.077257 0.084330
vt -0.076610 0.080000
vt -0.077257 0.075670
vt -0.078552 0.075670
vt -0.117101 0.080000
vt -0.116144 0.084330
vt -0.114231 0.084330
vt -0.113274 0.080000
vt -0.114231 0.075670
vt -0.116144 0.075670
vt -0.153000 0.080000
vt -0.151750 0.084330
vt -0.149250 0.084330
vt -0.148000 0.080000
vt -0.149250 0.075670
vt -0.151750 0.075670
vt -0.186281 0.080000
vt -0.184759 0.084330
vt -0.181715 0.084330
vt -0.180193 0.080000
vt -0.181715 0.075670
vt -0.184759 0.075670
vt -0.216375 0.080000
vt -0.214607 0.084330
vt -0.211071 0.084330
vt -0.209304 0.080000
vt -0.211071 0.075670
vt -0.214607 0.075670
vt -0.242766 0.080000
vt -0.240783 0.084330
vt -0.236816 0.084330
vt -0.234833 0.080000
vt -0.236816 0.075670
vt -0.240783 0.075670
vt -0.265004 0.080000
vt -0.262839 0.084330
vt -0.258509 0.084330
vt -0.256344 0.080000
vt -0.258509 0.075670
vt -0.262839 0.075670
vt -0.282707 0.080000
vt -0.280397 0.084330
vt -0.275778 0.084330
vt -0.273468 0.080000
vt -0.275778 0.075670
vt -0.280397 0.075670
vt -0.295573 0.080000
vt -0.293158 0.084330
vt -0.288329 0.084330
vt -0.285914 0.080000
vt -0.288329 0.075670
vt -0.293158 0.075670
vt -0.303382 0.080000
vt -0.300904 0.084330
vt -0.295946 0.084330
vt -0.293468 0.080000
vt -0.295946 0.075670
vt -0.300904 0.075670
vt -0.306000 0.080000
vt -0.303500 0.084330
vt -0.298500 0.084330
vt -0.296000 0.080000
vt -0.298500 0.075670
vt -0.303500 0.075670
vt -0.303382 0.080000
vt -0.300904 0.084330
vt -0.295946 0.084330
vt -0.293468 0.080000
vt -0.295946 0.075670
vt -0.300904 0.075670
vt -0.295573 0.080000
vt -0.293158 0.084330
vt -0.288329 0.084330
vt -0.285914 0.080000
vt -0.288329 0.075670
vt -0.293158 0.075670
vt -0.282707 0.080000
vt -0.280397 0.084330
vt -0.275778 0.084330
vt -0.273468 0.080000
vt -0.275778 0.075670
vt -0.280397 0.075670
vt -0.265004 0.080000
vt -0.262839 0.084330
vt -0.258509 0.084330
vt -0.256344 0.080000
vt -0.258509 0.075670
vt -0.262839 0.075670
vt -0.242766 0.080000
vt -0.240783 0.084330
vt -0.236816 0.084330
vt -0.234833 0.080000
vt -0.236816 0.075670
vt -0.240783 0.075670
vt -0.216375 0.080000
vt -0.214607 0.084330
vt -0.211071 0.084330
vt -0.209304 0.080000
vt -0.211071 0.075670
vt -0.214607 0.075670
vt -0.186281 0.080000
vt -0.184759 0.084330
vt -0.181715 0.084330
vt -0.180193 0.080000
vt -0.181715 0.075670
vt -0.184759 0.075670
vt -0.153000 0.080000
vt -0.151750 0.084330
vt -0.149250 0.084330
vt -0.148000 0.080000
vt -0.149250 0.075670
vt -0.151750 0.075670
vt -0.117101 0.080000
vt -0.116144 0.084330
vt -0.114231 0.084330
vt -0.113274 0.080000
vt -0.114231 0.075670
vt -0.116144 0.075670
vt -0.079199 0.080000
vt -0.078552 0.084330
vt -0.077257 0.084330
vt -0.076610 0.080000
vt -0.077257 0.075670
vt -0.078552 0.075670
vt -0.039941 0.080000
vt -0.039615 0.084330
vt -0.038962 0.084330
vt -0.038636 0.080000
vt -0.038962 0.075670
vt -0.039615 0.075670
vt -0.000000 0.080000
vt -0.000000 0.084330
vt -0.000000 0.084330
vt -0.000000 0.080000
vt -0.000000 0.075670
vt -0.000000 0.075670
vt 0.039941 0.080000
vt 0.039615 0.084330
vt 0.038962 0.084330
vt 0.038636 0.080000
vt 0.038962 0.075670
vt 0.039615 0.075670
vt 0.079199 0.080000
vt 0.078552 0.084330
vt 0.077257 0.084330
vt 0.076610 0.080000
vt 0.077257 0.075670
vt 0.078552 0.075670
vt 0.117101 0.080000
vt 0.116144 0.084330
vt 0.114231 0.084330
vt 0.113274 0.080000
vt 0.114231 0.075670
vt 0.116144 0.075670
vt 0.153000 0.080000
vt 0.151750 0.084330
vt 0.149250 0.084330
vt 0.148000 0.080000
vt 0.149250 0.075670
vt 0.151750 0.075670
vt 0.186281 0.080000
vt 0.184759 0.084330
vt 0.181715 0.084330
vt 0.180193 0.080000
vt 0.181715 0.075670
vt 0.184759 0.075670
vt 0.216375 0.080000
vt 0.214607 0.084330
vt 0.211071 0.084330
vt 0.209304 0.080000
vt 0.211071 0.075670
vt 0.214607 0.075670
vt 0.242766 0.080000
vt 0.240783 0.084330
vt 0.236816 0.084330
vt 0.234833 0.080000
vt 0.236816 0.075670
vt 0.240783 0.075670
vt 0.265004 0.080000
vt 0.262839 0.084330
vt 0.258509 0.084330
vt 0.256344 0.080000
vt 0.258509 0.075670
vt 0.262839 0.075670
vt 0.282707 0.080000
vt 0.280397 0.084330
vt 0.275778 0.084330
vt 0.273468 0.080000
vt 0.275778 0.075670
vt 0.280397 0.075670
vt 0.295573 0.080000
vt 0.293158 0.084330
vt 0.288329 0.084330
vt 0.285914 0.080000
vt 0.288329 0.075670
vt 0.293158 0.075670
vt 0.303382 0.080000
vt 0.300904 0.084330
vt 0.295946 0.084330
vt 0.293468 0.080000
vt 0.295946 0.075670
vt 0.300904 0.075670
vt 0.277000 0.505000
vt 0.275000 0.523000
vt 0.274630 0.505000
vt 0.272647 0.523000
vt 0.267561 0.505000
vt 0.265630 0.523000
vt 0.255915 0.505000
vt 0.254067 0.523000
vt 0.239889 0.505000
vt 0.238157 0.523000
vt 0.219759 0.505000
vt 0.218172 0.523000
vt 0.195869 0.505000
vt 0.194454 0.523000
vt 0.168627 0.505000
vt 0.167409 0.523000
vt 0.138500 0.505000
vt 0.137500 0.523000
vt 0.106003 0.505000
vt 0.105238 0.523000
vt 0.071693 0.505000
vt 0.071175 0.523000
vt 0.036156 0.505000
vt 0.035895 0.523000
vt 0.000000 0.505000
vt 0.000000 0.523000
vt -0.036156 0.505000
vt -0.035895 0.523000
vt -0.071693 0.505000
vt -0.071175 0.523000
vt -0.106003 0.505000
vt -0.105238 0.523000
vt -0.138500 0.505000
vt -0.137500 0.523000
vt -0.168627 0.505000
vt -0.167409 0.523000
vt -0.195869 0.505000
vt -0.194454 0.523000
vt -0.219759 0.505000
vt -0.218172 0.523000
vt -0.239889 0.505000
vt -0.238157 0.523000
vt -0.255915 0.505000
vt -0.254067 0.523000
vt -0.267561 0.505000
vt -0.265630 0.523000
vt -0.274630 0.505000
vt -0.272647 0.523000
vt -0.277000 0.505000
vt -0.275000 0.523000
vt -0.274630 0.505000
vt -0.272647 0.523000
vt -0.267561 0.505000
vt -0.265630 0.523000
vt -0.255915 0.505000
vt -0.254067 0.523000
vt -0.239889 0.505000
vt -0.238157 0.523000
vt -0.219759 0.505000
vt -0.218172 0.523000
vt -0.195869 0.505000
vt -0.194454 0.523000
vt -0.168627 0.505000
vt -0.167409 0.523000
vt -0.138500 0.505000
vt -0.137500 0.523000
vt -0.106003 0.505000
vt -0.105238 0.523000
vt -0.071693 0.505000
vt -0.071175 0.523000
vt -0.036156 0.505000
vt -0.035895 0.523000
vt -0.000000 0.505000
vt -0.000000 0.523000
vt 0.036156 0.505000
vt 0.035895 0.523000
vt 0.071693 0.505000
vt 0.071175 0.523000
vt 0.106003 0.505000
vt 0.105238 0.523000
vt 0.138500 0.505000
vt 0.137500 0.523000
vt 0.168627 0.505000
vt 0.167409 0.523000
vt 0.195869 0.505000
vt 0.194454 0.523000
vt 0.219759 0.505000
vt 0.218172 0.523000
vt 0.239889 0.505000
vt 0.238157 0.523000
vt 0.255915 0.505000
vt 0.254067 0.523000
vt 0.267561 0.505000
vt 0.265630 0.523000
vt 0.274630 0.505000
vt 0.272647 0.523000
vt 0.282000 0.526000
vt 0.279500 0.530330
vt 0.274500 0.530330
vt 0.272000 0.526000
vt 0.274500 0.521670
vt 0.279500 0.521670
vt 0.279587 0.526000
vt 0.277109 0.530330
vt 0.272152 0.530330
vt 0.269673 0.526000
vt 0.272152 0.521670
vt 0.277109 0.521670
vt 0.272391 0.526000
vt 0.269976 0.530330
vt 0.265147 0.530330
vt 0.262732 0.526000
vt 0.265147 0.521670
vt 0.269976 0.521670
vt 0.260534 0.526000
vt 0.258224 0.530330
vt 0.253605 0.530330
vt 0.251295 0.526000
vt 0.253605 0.521670
vt 0.258224 0.521670
vt 0.244219 0.526000
vt 0.242054 0.530330
vt 0.237724 0.530330
vt 0.235559 0.526000
vt 0.237724 0.521670
vt 0.242054 0.521670
vt 0.223726 0.526000
vt 0.221742 0.530330
vt 0.217775 0.530330
vt 0.215792 0.526000
vt 0.217775 0.521670
vt 0.221742 0.521670
vt 0.199404 0.526000
vt 0.197636 0.530330
vt 0.194101 0.530330
vt 0.192333 0.526000
vt 0.194101 0.521670
vt 0.197636 0.521670
vt 0.171671 0.526000
vt 0.170149 0.530330
vt 0.167105 0.530330
vt 0.165583 0.526000
vt 0.167105 0.521670
vt 0.170149 0.521670
vt 0.141000 0.526000
vt 0.139750 0.530330
vt 0.137250 0.530330
vt 0.136000 0.526000
vt 0.137250 0.521670
vt 0.139750 0.521670
vt 0.107917 0.526000
vt 0.106960 0.530330
vt 0.105047 0.530330
vt 0.104090 0.526000
vt 0.105047 0.521670
vt 0.106960 0.521670
vt 0.072987 0.526000
vt 0.072340 0.530330
vt 0.071046 0.530330
vt 0.070399 0.526000
vt 0.071046 0.521670
vt 0.072340 0.521670
vt 0.036808 0.526000
vt 0.036482 0.530330
vt 0.035829 0.530330
vt 0.035503 0.526000
vt 0.035829 0.521670
vt 0.036482 0.521670
vt 0.000000 0.526000
vt 0.000000 0.530330
vt 0.000000 0.530330
vt 0.000000 0.526000
vt 0.000000 0.521670
vt 0.000000 0.521670
vt -0.036808 0.526000
vt -0.036482 0.530330
vt -0.035829 0.530330
vt -0.035503 0.526000
vt -0.035829 0.521670
vt -0.036482 0.521670
vt -0.072987 0.526000
vt -0.072340 0.530330
vt -0.071046 0.530330
vt -0.070399 0.526000
vt -0.071046 0.521670
vt -0.072340 0.521670
vt -0.107917 0.526000
vt -0.106960 0.530330
vt -0.105047 0.530330
vt -0.104090 0.526000
vt -0.105047 0.521670
vt -0.106960 0.521670
vt -0.141000 0.526000
vt -0.139750 0.530330
vt -0.137250 0.530330
vt -0.136000 0.526000
vt -0.137250 0.521670
vt -0.139750 0.521670
vt -0.171671 0.526000
vt -0.170149 0.530330
vt -0.167105 0.530330
vt -0.165583 0.526000
vt -0.167105 0.521670
vt -0.170149 0.521670
vt -0.199404 0.526000
vt -0.197636 0.530330
vt -0.194101 0.530330
vt -0.192333 0.526000
vt -0.194101 0.521670
vt -0.197636 0.521670
vt -0.223726 0.526000
vt -0.221742 0.530330
vt -0.217775 0.530330
vt -0.215792 0.526000
vt -0.217775 0.521670
vt -0.221742 0.521670
vt -0.244219 0.526000
vt -0.242054 0.530330
vt -0.237724 0.530330
vt -0.235559 0.526000
vt -0.237724 0.521670
vt -0.242054 0.521670
vt -0.260534 0.526000
vt -0.258224 0.530330
vt -0.253605 0.530330
vt -0.251295 0.526000
vt -0.253605 0.521670
vt -0.258224 0.521670
vt -0.272391 0.526000
vt -0.269976 0.530330
vt -0.265147 0.530330
vt -0.262732 0.526000
vt -0.265147 0.521670
vt -0.269976 0.521670
vt -0.279587 0.526000
vt -0.277109 0.530330
vt -0.272152 0.530330
vt -0.269673 0.526000
vt -0.272152 0.521670
vt -0.277109 0.521670
vt -0.282000 0.526000
vt -0.279500 0.530330
vt -0.274500 0.530330
vt -0.272000 0.526000
vt -0.274500 0.521670
vt -0.279500 0.521670
vt -0.279587 0.526000
vt -0.277109 0.530330
vt -0.272152 0.530330
vt -0.269673 0.526000
vt -0.272152 0.521670
vt -0.277109 0.521670
vt -0.272391 0.526000
vt -0.269976 0.530330
vt -0.265147 0.530330
vt -0.262732 0.526000
vt -0.265147 0.521670
vt -0.269976 0.521670
vt -0.260534 0.526000
vt -0.258224 0.530330
vt -0.253605 0.530330
vt -0.251295 0.526000
vt -0.253605 0.521670
vt -0.258224 0.521670
vt -0.244219 0.526000
vt -0.242054 0.530330
vt -0.237724 0.530330
vt -0.235559 0.526000
vt -0.237724 0.521670
vt -0.242054 0.521670
vt -0.223726 0.526000
vt -0.221742 0.530330
vt -0.217775 0.530330
vt -0.215792 0.526000
vt -0.217775 0.521670
vt -0.221742 0.521670
vt -0.199404 0.526000
vt -0.197636 0.530330
vt -0.194101 0.530330
vt -0.192333 0.526000
vt -0.194101 0.521670
vt -0.197636 0.521670
vt -0.171671 0.526000
vt -0.170149 0.530330
vt -0.167105 0.530330
vt -0.165583 0.526000
vt -0.167105 0.521670
vt -0.170149 0.521670
vt -0.141000 0.526000
vt -0.139750 0.530330
vt -0.137250 0.530330
vt -0.136000 0.526000
vt -0.137250 0.521670
vt -0.139750 0.521670
vt -0.107917 0.526000
vt -0.106960 0.530330
vt -0.105047 0.530330
vt -0.104090 0.526000
vt -0.105047 0.521670
vt -0.106960 0.521670
vt -0.072987 0.526000
vt -0.072340 0.530330
vt -0.071046 0.530330
vt -0.070399 0.526000
vt -0.071046 0.521670
vt -0.072340 0.521670
vt -0.036808 0.526000
vt -0.036482 0.530330
vt -0.035829 0.530330
vt -0.035503 0.526000
vt -0.035829 0.521670
vt -0.036482 0.521670
vt -0.000000 0.526000
vt -0.000000 0.530330
vt -0.000000 0.530330
vt -0.000000 0.526000
vt -0.000000 0.521670
vt -0.000000 0.521670
vt 0.036808 0.526000
vt 0.036482 0.530330
vt 0.035829 0.530330
vt 0.035503 0.526000
vt 0.035829 0.521670
vt 0.036482 0.521670
vt 0.072987 0.526000
vt 0.072340 0.530330
vt 0.071046 0.530330
vt 0.070399 0.526000
vt 0.071046 0.521670
vt 0.072340 0.521670
vt 0.107917 0.526000
vt 0.106960 0.530330
vt 0.105047 0.530330
vt 0.104090 0.526000
vt 0.105047 0.521670
vt 0.106960 0.521670
vt 0.141000 0.526000
vt 0.139750 0.530330
vt 0.137250 0.530330
vt 0.136000 0.526000
vt 0.137250 0.521670
vt 0.139750 0.521670
vt 0.171671 0.526000
vt 0.170149 0.530330
vt 0.167105 0.530330
vt 0.165583 0.526000
vt 0.167105 0.521670
vt 0.170149 0.521670
vt 0.199404 0.526000
vt 0.197636 0.530330
vt 0.194101 0.530330
vt 0.192333 0.526000
vt 0.194101 0.521670
vt 0.197636 0.521670
vt 0.223726 0.526000
vt 0.221742 0.530330
vt 0.217775 0.530330
vt 0.215792 0.526000
vt 0.217775 0.521670
vt 0.221742 0.521670
vt 0.244219 0.526000
vt 0.242054 0.530330
vt 0.237724 0.530330
vt 0.235559 0.526000
vt 0.237724 0.521670
vt 0.242054 0.521670
vt 0.260534 0.526000
vt 0.258224 0.530330
vt 0.253605 0.530330
vt 0.251295 0.526000
vt 0.253605 0.521670
vt 0.258224 0.521670
vt 0.272391 0.526000
vt 0.269976 0.530330
vt 0.265147 0.530330
vt 0.262732 0.526000
vt 0.265147 0.521670
vt 0.269976 0.521670
vt 0.279587 0.526000
vt 0.277109 0.530330
vt 0.272152 0.530330
vt 0.269673 0.526000
vt 0.272152 0.521670
vt 0.277109 0.521670
vt 0.245000 1.025000
vt 0.243000 1.043000
vt 0.242904 1.025000
vt 0.240921 1.043000
vt 0.236652 1.025000
vt 0.234720 1.043000
vt 0.226350 1.025000
vt 0.224503 1.043000
vt 0.212176 1.025000
vt 0.210444 1.043000
vt 0.194372 1.025000
vt 0.192785 1.043000
vt 0.173241 1.025000
vt 0.171827 1.043000
vt 0.149147 1.025000
vt 0.147929 1.043000
vt 0.122500 1.025000
vt 0.121500 1.043000
vt 0.093757 1.025000
vt 0.092992 1.043000
vt 0.063411 1.025000
vt 0.062893 1.043000
vt 0.031979 1.025000
vt 0.031718 1.043000
vt 0.000000 1.025000
vt 0.000000 1.043000
vt -0.031979 1.025000
vt -0.031718 1.043000
vt -0.063411 1.025000
vt -0.062893 1.043000
vt -0.093757 1.025000
vt -0.092992 1.043000
vt -0.122500 1.025000
vt -0.121500 1.043000
vt -0.149147 1.025000
vt -0.147929 1.043000
vt -0.173241 1.025000
vt -0.171827 1.043000
vt -0.194372 1.025000
vt -0.192785 1.043000
vt -0.212176 1.025000
vt -0.210444 1.043000
vt -0.226350 1.025000
vt -0.224503 1.043000
vt -0.236652 1.025000
vt -0.234720 1.043000
vt -0.242904 1.025000
vt -0.240921 1.043000
vt -0.245000 1.025000
vt -0.243000 1.043000
vt -0.242904 1.025000
vt -0.240921 1.043000
vt -0.236652 1.025000
vt -0.234720 1.043000
vt -0.226350 1.025000
vt -0.224503 1.043000
vt -0.212176 1.025000
vt -0.210444 1.043000
vt -0.194372 1.025000
vt -0.192785 1.043000
vt -0.173241 1.025000
vt -0.171827 1.043000
vt -0.149147 1.025000
vt -0.147929 1.043000
vt -0.122500 1.025000
vt -0.121500 1.043000
vt -0.093757 1.025000
vt -0.092992 1.043000
vt -0.063411 1.025000
vt -0.062893 1.043000
vt -0.031979 1.025000
vt -0.031718 1.043000
vt -0.000000 1.025000
vt -0.000000 1.043000
vt 0.031979 1.025000
vt 0.031718 1.043000
vt 0.063411 1.025000
vt 0.062893 1.043000
vt 0.093757 1.025000
vt 0.092992 1.043000
vt 0.122500 1.025000
vt 0.121500 1.043000
vt 0.149147 1.025000
vt 0.147929 1.043000
vt 0.173241 1.025000
vt 0.171827 1.043000
vt 0.194372 1.025000
vt 0.192785 1.043000
vt 0.212176 1.025000
vt 0.210444 1.043000
vt 0.226350 1.025000
vt 0.224503 1.043000
vt 0.236652 1.025000
vt 0.234720 1.043000
vt 0.242904 1.025000
vt 0.240921 1.043000
vt 0.250000 1.046000
vt 0.247500 1.050330
vt 0.242500 1.050330
vt 0.240000 1.046000
vt 0.242500 1.041670
vt 0.247500 1.041670
vt 0.247861 1.046000
vt 0.245383 1.050330
vt 0.240425 1.050330
vt 0.237947 1.046000
vt 0.240425 1.041670
vt 0.245383 1.041670
vt 0.241481 1.046000
vt 0.239067 1.050330
vt 0.234237 1.050330
vt 0.231822 1.046000
vt 0.234237 1.041670
vt 0.239067 1.041670
vt 0.230970 1.046000
vt 0.228660 1.050330
vt 0.224041 1.050330
vt 0.221731 1.046000
vt 0.224041 1.041670
vt 0.228660 1.041670
vt 0.216506 1.046000
vt 0.214341 1.050330
vt 0.210011 1.050330
vt 0.207846 1.046000
vt 0.210011 1.041670
vt 0.214341 1.041670
vt 0.198338 1.046000
vt 0.196355 1.050330
vt 0.192388 1.050330
vt 0.190405 1.046000
vt 0.192388 1.041670
vt 0.196355 1.041670
vt 0.176777 1.046000
vt 0.175009 1.050330
vt 0.171473 1.050330
vt 0.169706 1.046000
vt 0.171473 1.041670
vt 0.175009 1.041670
vt 0.152190 1.046000
vt 0.150668 1.050330
vt 0.147625 1.050330
vt 0.146103 1.046000
vt 0.147625 1.041670
vt 0.150668 1.041670
vt 0.125000 1.046000
vt 0.123750 1.050330
vt 0.121250 1.050330
vt 0.120000 1.046000
vt 0.121250 1.041670
vt 0.123750 1.041670
vt 0.095671 1.046000
vt 0.094714 1.050330
vt 0.092801 1.050330
vt 0.091844 1.046000
vt 0.092801 1.041670
vt 0.094714 1.041670
vt 0.064705 1.046000
vt 0.064058 1.050330
vt 0.062764 1.050330
vt 0.062117 1.046000
vt 0.062764 1.041670
vt 0.064058 1.041670
vt 0.032632 1.046000
vt 0.032305 1.050330
vt 0.031653 1.050330
vt 0.031326 1.046000
vt 0.031653 1.041670
vt 0.032305 1.041670
vt 0.000000 1.046000
vt 0.000000 1.050330
vt 0.000000 1.050330
vt 0.000000 1.046000
vt 0.000000 1.041670
vt 0.000000 1.041670
vt -0.032632 1.046000
vt -0.032305 1.050330
vt -0.031653 1.050330
vt -0.031326 1.046000
vt -0.031653 1.041670
vt -0.032305 1.041670
vt -0.064705 1.046000
vt -0.064058 1.050330
vt -0.062764 1.050330
vt -0.062117 1.046000
vt -0.062764 1.041670
vt -0.064058 1.041670
vt -0.095671 1.046000
vt -0.094714 1.050330
vt -0.092801 1.050330
vt -0.091844 1.046000
vt -0.092801 1.041670
vt -0.094714 1.041670
vt -0.125000 1.046000
vt -0.123750 1.050330
vt -0.121250 1.050330
vt -0.120000 1.046000
vt -0.121250 1.041670
vt -0.123750 1.041670
vt -0.152190 1.046000
vt -0.150668 1.050330
vt -0.147625 1.050330
vt -0.146103 1.046000
vt -0.147625 1.041670
vt -0.150668 1.041670
vt -0.176777 1.046000
vt -0.175009 1.050330
vt -0.171473 1.050330
vt -0.169706 1.046000
vt -0.171473 1.041670
vt -0.175009 1.041670
vt -0.198338 1.046000
vt -0.196355 1.050330
vt -0.192388 1.050330
vt -0.190405 1.046000
vt -0.192388 1.041670
vt -0.196355 1.041670
vt -0.216506 1.046000
vt -0.214341 1.050330
vt -0.210011 1.050330
vt -0.207846 1.046000
vt -0.210011 1.041670
vt -0.214341 1.041670
vt -0.230970 1.046000
vt -0.228660 1.050330
vt -0.224041 1.050330
vt -0.221731 1.046000
vt -0.224041 1.041670
vt -0.228660 1.041670
vt -0.241481 1.046000
vt -0.239067 1.050330
vt -0.234237 1.050330
vt -0.231822 1.046000
vt -0.234237 1.041670
vt -0.239067 1.041670
vt -0.247861 1.046000
vt -0.245383 1.050330
vt -0.240425 1.050330
vt -0.237947 1.046000
vt -0.240425 1.041670
vt -0.245383 1.041670
vt -0.250000 1.046000
vt -0.247500 1.050330
vt -0.242500 1.050330
vt -0.240000 1.046000
vt -0.242500 1.041670
vt -0.247500 1.041670
vt -0.247861 1.046000
vt -0.245383 1.050330
vt -0.240425 1.050330
vt -0.237947 1.046000
vt -0.240425 1.041670
vt -0.245383 1.041670
vt -0.241481 1.046000
vt -0.239067 1.050330
vt -0.234237 1.050330
vt -0.231822 1.046000
vt -0.234237 1.041670
vt -0.239067 1.041670
vt -0.230970 1.046000
vt -0.228660 1.050330
vt -0.224041 1.050330
vt -0.221731 1.046000
vt -0.224041 1.041670
vt -0.228660 1.041670
vt -0.216506 1.046000
vt -0.214341 1.050330
vt -0.210011 1.050330
vt -0.207846 1.046000
vt -0.210011 1.041670
vt -0.214341 1.041670
vt -0.198338 1.046000
vt -0.196355 1.050330
vt -0.192388 1.050330
vt -0.190405 1.046000
vt -0.192388 1.041670
vt -0.196355 1.041670
vt -0.176777 1.046000
vt -0.175009 1.050330
vt -0.171473 1.050330
vt -0.169706 1.046000
vt -0.171473 1.041670
vt -0.175009 1.041670
vt -0.152190 1.046000
vt -0.150668 1.050330
vt -0.147625 1.050330
vt -0.146103 1.046000
vt -0.147625 1.041670
vt -0.150668 1.041670
vt -0.125000 1.046000
vt -0.123750 1.050330
vt -0.121250 1.050330
vt -0.120000 1.046000
vt -0.121250 1.041670
vt -0.123750 1.041670
vt -0.095671 1.046000
vt -0.094714 1.050330
vt -0.092801 1.050330
vt -0.091844 1.046000
vt -0.092801 1.041670
vt -0.094714 1.041670
vt -0.064705 1.046000
vt -0.064058 1.050330
vt -0.062764 1.050330
vt -0.062117 1.046000
vt -0.062764 1.041670
vt -0.064058 1.041670
vt -0.032632 1.046000
vt -0.032305 1.050330
vt -0.031653 1.050330
vt -0.031326 1.046000
vt -0.031653 1.041670
vt -0.032305 1.041670
vt -0.000000 1.046000
vt -0.000000 1.050330
vt -0.000000 1.050330
vt -0.000000 1.046000
vt -0.000000 1.041670
vt -0.000000 1.041670
vt 0.032632 1.046000
vt 0.032305 1.050330
vt 0.031653 1.050330
vt 0.031326 1.046000
vt 0.031653 1.041670
vt 0.032305 1.041670
vt 0.064705 1.046000
vt 0.064058 1.050330
vt 0.062764 1.050330
vt 0.062117 1.046000
vt 0.062764 1.041670
vt 0.064058 1.041670
vt 0.095671 1.046000
vt 0.094714 1.050330
vt 0.092801 1.050330
vt 0.091844 1.046000
vt 0.092801 1.041670
vt 0.094714 1.041670
vt 0.125000 1.046000
vt 0.123750 1.050330
vt 0.121250 1.050330
vt 0.120000 1.046000
vt 0.121250 1.041670
vt 0.123750 1.041670
vt 0.152190 1.046000
vt 0.150668 1.050330
vt 0.147625 1.050330
vt 0.146103 1.046000
vt 0.147625 1.041670
vt 0.150668 1.041670
vt 0.176777 1.046000
vt 0.175009 1.050330
vt 0.171473 1.050330
vt 0.169706 1.046000
vt 0.171473 1.041670
vt 0.175009 1.041670
vt 0.198338 1.046000
vt 0.196355 1.050330
vt 0.192388 1.050330
vt 0.190405 1.046000
vt 0.192388 1.041670
vt 0.196355 1.041670
vt 0.216506 1.046000
vt 0.214341 1.050330
vt 0.210011 1.050330
vt 0.207846 1.046000
vt 0.210011 1.041670
vt 0.214341 1.041670
vt 0.230970 1.046000
vt 0.228660 1.050330
vt 0.224041 1.050330
vt 0.221731 1.046000
vt 0.224041 1.041670
vt 0.228660 1.041670
vt 0.241481 1.046000
vt 0.239067 1.050330
vt 0.234237 1.050330
vt 0.231822 1.046000
vt 0.234237 1.041670
vt 0.239067 1.041670
vt 0.247861 1.046000
vt 0.245383 1.050330
vt 0.240425 1.050330
vt 0.237947 1.046000
vt 0.240425 1.041670
vt 0.245383 1.041670
vt 0.220000 1.443000
vt 0.218000 1.461000
vt 0.218118 1.443000
vt 0.216135 1.461000
vt 0.212504 1.443000
vt 0.210572 1.461000
vt 0.203253 1.443000
vt 0.201406 1.461000
vt 0.190526 1.443000
vt 0.188794 1.461000
vt 0.174538 1.443000
vt 0.172951 1.461000
vt 0.155563 1.443000
vt 0.154149 1.461000
vt 0.133928 1.443000
vt 0.132710 1.461000
vt 0.110000 1.443000
vt 0.109000 1.461000
vt 0.084190 1.443000
vt 0.083425 1.461000
vt 0.056940 1.443000
vt 0.056423 1.461000
vt 0.028716 1.443000
vt 0.028455 1.461000
vt 0.000000 1.443000
vt 0.000000 1.461000
vt -0.028716 1.443000
vt -0.028455 1.461000
vt -0.056940 1.443000
vt -0.056423 1.461000
vt -0.084190 1.443000
vt -0.083425 1.461000
vt -0.110000 1.443000
vt -0.109000 1.461000
vt -0.133928 1.443000
vt -0.132710 1.461000
vt -0.155563 1.443000
vt -0.154149 1.461000
vt -0.174538 1.443000
vt -0.172951 1.461000
vt -0.190526 1.443000
vt -0.188794 1.461000
vt -0.203253 1.443000
vt -0.201406 1.461000
vt -0.212504 1.443000
vt -0.210572 1.461000
vt -0.218118 1.443000
vt -0.216135 1.461000
vt -0.220000 1.443000
vt -0.218000 1.461000
vt -0.218118 1.443000
vt -0.216135 1.461000
vt -0.212504 1.443000
vt -0.210572 1.461000
vt -0.203253 1.443000
vt -0.201406 1.461000
vt -0.190526 1.443000
vt -0.188794 1.461000
vt -0.174538 1.443000
vt -0.172951 1.461000
vt -0.155563 1.443000
vt -0.154149 1.461000
vt -0.133928 1.443000
vt -0.132710 1.461000
vt -0.110000 1.443000
vt -0.109000 1.461000
vt -0.084190 1.443000
vt -0.083425 1.461000
vt -0.056940 1.443000
vt -0.056423 1.461000
vt -0.028716 1.443000
vt -0.028455 1.461000
vt -0.000000 1.443000
vt -0.000000 1.461000
vt 0.028716 1.443000
vt 0.028455 1.461000
vt 0.056940 1.443000
vt 0.056423 1.461000
vt 0.084190 1.443000
vt 0.083425 1.461000
vt 0.110000 1.443000
vt 0.109000 1.461000
vt 0.133928 1.443000
vt 0.132710 1.461000
vt 0.155563 1.443000
vt 0.154149 1.461000
vt 0.174538 1.443000
vt 0.172951 1.461000
vt 0.190526 1.443000
vt 0.188794 1.461000
vt 0.203253 1.443000
vt 0.201406 1.461000
vt 0.212504 1.443000
vt 0.210572 1.461000
vt 0.218118 1.443000
vt 0.216135 1.461000
vt 0.225000 1.464000
vt 0.222500 1.468330
vt 0.217500 1.468330
vt 0.215000 1.464000
vt 0.217500 1.459670
vt 0.222500 1.459670
vt 0.223075 1.464000
vt 0.220596 1.468330
vt 0.215639 1.468330
vt 0.213161 1.464000
vt 0.215639 1.459670
vt 0.220596 1.459670
vt 0.217333 1.464000
vt 0.214918 1.468330
vt 0.210089 1.468330
vt 0.207674 1.464000
vt 0.210089 1.459670
vt 0.214918 1.459670
vt 0.207873 1.464000
vt 0.205563 1.468330
vt 0.200944 1.468330
vt 0.198634 1.464000
vt 0.200944 1.459670
vt 0.205563 1.459670
vt 0.194856 1.464000
vt 0.192691 1.468330
vt 0.188361 1.468330
vt 0.186195 1.464000
vt 0.188361 1.459670
vt 0.192691 1.459670
vt 0.178505 1.464000
vt 0.176521 1.468330
vt 0.172554 1.468330
vt 0.170571 1.464000
vt 0.172554 1.459670
vt 0.176521 1.459670
vt 0.159099 1.464000
vt 0.157331 1.468330
vt 0.153796 1.468330
vt 0.152028 1.464000
vt 0.153796 1.459670
vt 0.157331 1.459670
vt 0.136971 1.464000
vt 0.135449 1.468330
vt 0.132406 1.468330
vt 0.130884 1.464000
vt 0.132406 1.459670
vt 0.135449 1.459670
vt 0.112500 1.464000
vt 0.111250 1.468330
vt 0.108750 1.468330
vt 0.107500 1.464000
vt 0.108750 1.459670
vt 0.111250 1.459670
vt 0.086104 1.464000
vt 0.085147 1.468330
vt 0.083234 1.468330
vt 0.082277 1.464000
vt 0.083234 1.459670
vt 0.085147 1.459670
vt 0.058234 1.464000
vt 0.057587 1.468330
vt 0.056293 1.468330
vt 0.055646 1.464000
vt 0.056293 1.459670
vt 0.057587 1.459670
vt 0.029368 1.464000
vt 0.029042 1.468330
vt 0.028389 1.468330
vt 0.028063 1.464000
vt 0.028389 1.459670
vt 0.029042 1.459670
vt 0.000000 1.464000
vt 0.000000 1.468330
vt 0.000000 1.468330
vt 0.000000 1.464000
vt 0.000000 1.459670
vt 0.000000 1.459670
vt -0.029368 1.464000
vt -0.029042 1.468330
vt -0.028389 1.468330
vt -0.028063 1.464000
vt -0.028389 1.459670
vt -0.029042 1.459670
vt -0.058234 1.464000
vt -0.057587 1.468330
vt -0.056293 1.468330
vt -0.055646 1.464000
vt -0.056293 1.459670
vt -0.057587 1.459670
vt -0.086104 1.464000
vt -0.085147 1.468330
vt -0.083234 1.468330
vt -0.082277 1.464000
vt -0.083234 1.459670
vt -0.085147 1.459670
vt -0.112500 1.464000
vt -0.111250 1.468330
vt -0.108750 1.468330
vt -0.107500 1.464000
vt -0.108750 1.459670
vt -0.111250 1.459670
vt -0.136971 1.464000
vt -0.135449 1.468330
vt -0.132406 1.468330
vt -0.130884 1.464000
vt -0.132406 1.459670
vt -0.135449 1.459670
vt -0.159099 1.464000
vt -0.157331 1.468330
vt -0.153796 1.468330
vt -0.152028 1.464000
vt -0.153796 1.459670
vt -0.157331 1.459670
vt -0.178505 1.464000
vt -0.176521 1.468330
vt -0.172554 1.468330
vt -0.170571 1.464000
vt -0.172554 1.459670
vt -0.176521 1.459670
vt -0.194856 1.464000
vt -0.192691 1.468330
vt -0.188361 1.468330
vt -0.186195 1.464000
vt -0.188361 1.459670
vt -0.192691 1.459670
vt -0.207873 1.464000
vt -0.205563 1.468330
vt -0.200944 1.468330
vt -0.198634 1.464000
vt -0.200944 1.459670
vt -0.205563 1.459670
vt -0.217333 1.464000
vt -0.214918 1.468330
vt -0.210089 1.468330
vt -0.207674 1.464000
vt -0.210089 1.459670
vt -0.214918 1.459670
vt -0.223075 1.464000
vt -0.220596 1.468330
vt -0.215639 1.468330
vt -0.213161 1.464000
vt -0.215639 1.459670
vt -0.220596 1.459670
vt -0.225000 1.464000
vt -0.222500 1.468330
vt -0.217500 1.468330
vt -0.215000 1.464000
vt -0.217500 1.459670
vt -0.222500 1.459670
vt -0.223075 1.464000
vt -0.220596 1.468330
vt -0.215639 1.468330
vt -0.213161 1.464000
vt -0.215639 1.459670
vt -0.220596 1.459670
vt -0.217333 1.464000
vt -0.214918 1.468330
vt -0.210089 1.468330
vt -0.207674 1.464000
vt -0.210089 1.459670
vt -0.214918 1.459670
vt -0.207873 1.464000
vt -0.205563 1.468330
vt -0.200944 1.468330
vt -0.198634 1.464000
vt -0.200944 1.459670
vt -0.205563 1.459670
vt -0.194856 1.464000
vt -0.192691 1.468330
vt -0.188361 1.468330
vt -0.186195 1.464000
vt -0.188361 1.459670
vt -0.192691 1.459670
vt -0.178505 1.464000
vt -0.176521 1.468330
vt -0.172554 1.468330
vt -0.170571 1.464000
vt -0.172554 1.459670
vt -0.176521 1.459670
vt -0.159099 1.464000
vt -0.157331 1.468330
vt -0.153796 1.468330
vt -0.152028 1.464000
vt -0.153796 1.459670
vt -0.157331 1.459670
vt -0.136971 1.464000
vt -0.135449 1.468330
vt -0.132406 1.468330
vt -0.130884 1.464000
vt -0.132406 1.459670
vt -0.135449 1.459670
vt -0.112500 1.464000
vt -0.111250 1.468330
vt -0.108750 1.468330
vt -0.107500 1.464000
vt -0.108750 1.459670
vt -0.111250 1.459670
vt -0.086104 1.464000
vt -0.085147 1.468330
vt -0.083234 1.468330
vt -0.082277 1.464000
vt -0.083234 1.459670
vt -0.085147 1.459670
vt -0.058234 1.464000
vt -0.057587 1.468330
vt -0.056293 1.468330
vt -0.055646 1.464000
vt -0.056293 1.459670
vt -0.057587 1.459670
vt -0.029368 1.464000
vt -0.029042 1.468330
vt -0.028389 1.468330
vt -0.028063 1.464000
vt -0.028389 1.459670
vt -0.029042 1.459670
vt -0.000000 1.464000
vt -0.000000 1.468330
vt -0.000000 1.468330
vt -0.000000 1.464000
vt -0.000000 1.459670
vt -0.000000 1.459670
vt 0.029368 1.464000
vt 0.029042 1.468330
vt 0.028389 1.468330
vt 0.028063 1.464000
vt 0.028389 1.459670
vt 0.029042 1.459670
vt 0.058234 1.464000
vt 0.057587 1.468330
vt 0.056293 1.468330
vt 0.055646 1.464000
vt 0.056293 1.459670
vt 0.057587 1.459670
vt 0.086104 1.464000
vt 0.085147 1.468330
vt 0.083234 1.468330
vt 0.082277 1.464000
vt 0.083234 1.459670
vt 0.085147 1.459670
vt 0.112500 1.464000
vt 0.111250 1.468330
vt 0.108750 1.468330
vt 0.107500 1.464000
vt 0.108750 1.459670
vt 0.111250 1.459670
vt 0.136971 1.464000
vt 0.135449 1.468330
vt 0.132406 1.468330
vt 0.130884 1.464000
vt 0.132406 1.459670
vt 0.135449 1.459670
vt 0.159099 1.464000
vt 0.157331 1.468330
vt 0.153796 1.468330
vt 0.152028 1.464000
vt 0.153796 1.459670
vt 0.157331 1.459670
vt 0.178505 1.464000
vt 0.176521 1.468330
vt 0.172554 1.468330
vt 0.170571 1.464000
vt 0.172554 1.459670
vt 0.176521 1.459670
vt 0.194856 1.464000
vt 0.192691 1.468330
vt 0.188361 1.468330
vt 0.186195 1.464000
vt 0.188361 1.459670
vt 0.192691 1.459670
vt 0.207873 1.464000
vt 0.205563 1.468330
vt 0.200944 1.468330
vt 0.198634 1.464000
vt 0.200944 1.459670
vt 0.205563 1.459670
vt 0.217333 1.464000
vt 0.214918 1.468330
vt 0.210089 1.468330
vt 0.207674 1.464000
vt 0.210089 1.459670
vt 0.214918 1.459670
vt 0.223075 1.464000
vt 0.220596 1.468330
vt 0.215639 1.468330
vt 0.213161 1.464000
vt 0.215639 1.459670
vt 0.220596 1.459670
vt 0.225000 1.541000
vt 0.223000 1.559000
vt 0.223075 1.541000
vt 0.221092 1.559000
vt 0.217333 1.541000
vt 0.215401 1.559000
vt 0.207873 1.541000
vt 0.206025 1.559000
vt 0.194856 1.541000
vt 0.193124 1.559000
vt 0.178505 1.541000
vt 0.176918 1.559000
vt 0.159099 1.541000
vt 0.157685 1.559000
vt 0.136971 1.541000
vt 0.135754 1.559000
vt 0.112500 1.541000
vt 0.111500 1.559000
vt 0.086104 1.541000
vt 0.085338 1.559000
vt 0.058234 1.541000
vt 0.057717 1.559000
vt 0.029368 1.541000
vt 0.029107 1.559000
vt 0.000000 1.541000
vt 0.000000 1.559000
vt -0.029368 1.541000
vt -0.029107 1.559000
vt -0.058234 1.541000
vt -0.057717 1.559000
vt -0.086104 1.541000
vt -0.085338 1.559000
vt -0.112500 1.541000
vt -0.111500 1.559000
vt -0.136971 1.541000
vt -0.135754 1.559000
vt -0.159099 1.541000
vt -0.157685 1.559000
vt -0.178505 1.541000
vt -0.176918 1.559000
vt -0.194856 1.541000
vt -0.193124 1.559000
vt -0.207873 1.541000
vt -0.206025 1.559000
vt -0.217333 1.541000
vt -0.215401 1.559000
vt -0.223075 1.541000
vt -0.221092 1.559000
vt -0.225000 1.541000
vt -0.223000 1.559000
vt -0.223075 1.541000
vt -0.221092 1.559000
vt -0.217333 1.541000
vt -0.215401 1.559000
vt -0.207873 1.541000
vt -0.206025 1.559000
vt -0.194856 1.541000
vt -0.193124 1.559000
vt -0.178505 1.541000
vt -0.176918 1.559000
vt -0.159099 1.541000
vt -0.157685 1.559000
vt -0.136971 1.541000
vt -0.135754 1.559000
vt -0.112500 1.541000
vt -0.111500 1.559000
vt -0.086104 1.541000
vt -0.085338 1.559000
vt -0.058234 1.541000
vt -0.057717 1.559000
vt -0.029368 1.541000
vt -0.029107 1.559000
vt -0.000000 1.541000
vt -0.000000 1.559000
vt 0.029368 1.541000
vt 0.029107 1.559000
vt 0.058234 1.541000
vt 0.057717 1.559000
vt 0.086104 1.541000
vt 0.085338 1.559000
vt 0.112500 1.541000
vt 0.111500 1.559000
vt 0.136971 1.541000
vt 0.135754 1.559000
vt 0.159099 1.541000
vt 0.157685 1.559000
vt 0.178505 1.541000
vt 0.176918 1.559000
vt 0.194856 1.541000
vt 0.193124 1.559000
vt 0.207873 1.541000
vt 0.206025 1.559000
vt 0.217333 1.541000
vt 0.215401 1.559000
vt 0.223075 1.541000
vt 0.221092 1.559000
vt 0.230000 1.562000
vt 0.227500 1.566330
vt 0.222500 1.566330
vt 0.220000 1.562000
vt 0.222500 1.557670
vt 0.227500 1.557670
vt 0.228032 1.562000
vt 0.225554 1.566330
vt 0.220596 1.566330
vt 0.218118 1.562000
vt 0.220596 1.557670
vt 0.225554 1.557670
vt 0.222163 1.562000
vt 0.219748 1.566330
vt 0.214918 1.566330
vt 0.212504 1.562000
vt 0.214918 1.557670
vt 0.219748 1.557670
vt 0.212492 1.562000
vt 0.210183 1.566330
vt 0.205563 1.566330
vt 0.203253 1.562000
vt 0.205563 1.557670
vt 0.210183 1.557670
vt 0.199186 1.562000
vt 0.197021 1.566330
vt 0.192691 1.566330
vt 0.190526 1.562000
vt 0.192691 1.557670
vt 0.197021 1.557670
vt 0.182471 1.562000
vt 0.180488 1.566330
vt 0.176521 1.566330
vt 0.174538 1.562000
vt 0.176521 1.557670
vt 0.180488 1.557670
vt 0.162635 1.562000
vt 0.160867 1.566330
vt 0.157331 1.566330
vt 0.155563 1.562000
vt 0.157331 1.557670
vt 0.160867 1.557670
vt 0.140015 1.562000
vt 0.138493 1.566330
vt 0.135449 1.566330
vt 0.133928 1.562000
vt 0.135449 1.557670
vt 0.138493 1.557670
vt 0.115000 1.562000
vt 0.113750 1.566330
vt 0.111250 1.566330
vt 0.110000 1.562000
vt 0.111250 1.557670
vt 0.113750 1.557670
vt 0.088017 1.562000
vt 0.087060 1.566330
vt 0.085147 1.566330
vt 0.084190 1.562000
vt 0.085147 1.557670
vt 0.087060 1.557670
vt 0.059528 1.562000
vt 0.058881 1.566330
vt 0.057587 1.566330
vt 0.056940 1.562000
vt 0.057587 1.557670
vt 0.058881 1.557670
vt 0.030021 1.562000
vt 0.029695 1.566330
vt 0.029042 1.566330
vt 0.028716 1.562000
vt 0.029042 1.557670
vt 0.029695 1.557670
vt 0.000000 1.562000
vt 0.000000 1.566330
vt 0.000000 1.566330
vt 0.000000 1.562000
vt 0.000000 1.557670
vt 0.000000 1.557670
vt -0.030021 1.562000
vt -0.029695 1.566330
vt -0.029042 1.566330
vt -0.028716 1.562000
vt -0.029042 1.557670
vt -0.029695 1.557670
vt -0.059528 1.562000
vt -0.058881 1.566330
vt -0.057587 1.566330
vt -0.056940 1.562000
vt -0.057587 1.557670
vt -0.058881 1.557670
vt -0.088017 1.562000
vt -0.087060 1.566330
vt -0.085147 1.566330
vt -0.084190 1.562000
vt -0.085147 1.557670
vt -0.087060 1.557670
vt -0.115000 1.562000
vt -0.113750 1.566330
vt -0.111250 1.566330
vt -0.110000 1.562000
vt -0.111250 1.557670
vt -0.113750 1.557670
vt -0.140015 1.562000
vt -0.138493 1.566330
vt -0.135449 1.566330
vt -0.133928 1.562000
vt -0.135449 1.557670
vt -0.138493 1.557670
vt -0.162635 1.562000
vt -0.160867 1.566330
vt -0.157331 1.566330
vt -0.155563 1.562000
vt -0.157331 1.557670
vt -0.160867 1.557670
vt -0.182471 1.562000
vt -0.180488 1.566330
vt -0.176521 1.566330
vt -0.174538 1.562000
vt -0.176521 1.557670
vt -0.180488 1.557670
vt -0.199186 1.562000
vt -0.197021 1.566330
vt -0.192691 1.566330
vt -0.190526 1.562000
vt -0.192691 1.557670
vt -0.197021 1.557670
vt -0.212492 1.562000
vt -0.210183 1.566330
vt -0.205563 1.566330
vt -0.203253 1.562000
vt -0.205563 1.557670
vt -0.210183 1.557670
vt -0.222163 1.562000
vt -0.219748 1.566330
vt -0.214918 1.566330
vt -0.212504 1.562000
vt -0.214918 1.557670
vt -0.219748 1.557670
vt -0.228032 1.562000
vt -0.225554 1.566330
vt -0.220596 1.566330
vt -0.218118 1.562000
vt -0.220596 1.557670
vt -0.225554 1.557670
vt -0.230000 1.562000
vt -0.227500 1.566330
vt -0.222500 1.566330
vt -0.220000 1.562000
vt -0.222500 1.557670
vt -0.227500 1.557670
vt -0.228032 1.562000
vt -0.225554 1.566330
vt -0.220596 1.566330
vt -0.218118 1.562000
vt -0.220596 1.557670
vt -0.225554 1.557670
vt -0.222163 1.562000
vt -0.219748 1.566330
vt -0.214918 1.566330
vt -0.212504 1.562000
vt -0.214918 1.557670
vt -0.219748 1.557670
vt -0.212492 1.562000
vt -0.210183 1.566330
vt -0.205563 1.566330
vt -0.203253 1.562000
vt -0.205563 1.557670
vt -0.210183 1.557670
vt -0.199186 1.562000
vt -0.197021 1.566330
vt -0.192691 1.566330
vt -0.190526 1.562000
vt -0.192691 1.557670
vt -0.197021 1.557670
vt -0.182471 1.562000
vt -0.180488 1.566330
vt -0.176521 1.566330
vt -0.174538 1.562000
vt -0.176521 1.557670
vt -0.180488 1.557670
vt -0.162635 1.562000
vt -0.160867 1.566330
vt -0.157331 1.566330
vt -0.155563 1.562000
vt -0.157331 1.557670
vt -0.160867 1.557670
vt -0.140015 1.562000
vt -0.138493 1.566330
vt -0.135449 1.566330
vt -0.133928 1.562000
vt -0.135449 1.557670
vt -0.138493 1.557670
vt -0.115000 1.562000
vt -0.113750 1.566330
vt -0.111250 1.566330
vt -0.110000 1.562000
vt -0.111250 1.557670
vt -0.113750 1.557670
vt -0.088017 1.562000
vt -0.087060 1.566330
vt -0.085147 1.566330
vt -0.084190 1.562000
vt -0.085147 1.557670
vt -0.087060 1.557670
vt -0.059528 1.562000
vt -0.058881 1.566330
vt -0.057587 1.566330
vt -0.056940 1.562000
vt -0.057587 1.557670
vt -0.058881 1.557670
vt -0.030021 1.562000
vt -0.029695 1.566330
vt -0.029042 1.566330
vt -0.028716 1.562000
vt -0.029042 1.557670
vt -0.029695 1.557670
vt -0.000000 1.562000
vt -0.000000 1.566330
vt -0.000000 1.566330
vt -0.000000 1.562000
vt -0.000000 1.557670
vt -0.000000 1.557670
vt 0.030021 1.562000
vt 0.029695 1.566330
vt 0.029042 1.566330
vt 0.028716 1.562000
vt 0.029042 1.557670
vt 0.029695 1.557670
vt 0.059528 1.562000
vt 0.058881 1.566330
vt 0.057587 1.566330
vt 0.056940 1.562000
vt 0.057587 1.557670
vt 0.058881 1.557670
vt 0.088017 1.562000
vt 0.087060 1.566330
vt 0.085147 1.566330
vt 0.084190 1.562000
vt 0.085147 1.557670
vt 0.087060 1.557670
vt 0.115000 1.562000
vt 0.113750 1.566330
vt 0.111250 1.566330
vt 0.110000 1.562000
vt 0.111250 1.557670
vt 0.113750 1.557670
vt 0.140015 1.562000
vt 0.138493 1.566330
vt 0.135449 1.566330
vt 0.133928 1.562000
vt 0.135449 1.557670
vt 0.138493 1.557670
vt 0.162635 1.562000
vt 0.160867 1.566330
vt 0.157331 1.566330
vt 0.155563 1.562000
vt 0.157331 1.557670
vt 0.160867 1.557670
vt 0.182471 1.562000
vt 0.180488 1.566330
vt 0.176521 1.566330
vt 0.174538 1.562000
vt 0.176521 1.557670
vt 0.180488 1.557670
vt 0.199186 1.562000
vt 0.197021 1.566330
vt 0.192691 1.566330
vt 0.190526 1.562000
vt 0.192691 1.557670
vt 0.197021 1.557670
vt 0.212492 1.562000
vt 0.210183 1.566330
vt 0.205563 1.566330
vt 0.203253 1.562000
vt 0.205563 1.557670
vt 0.210183 1.557670
vt 0.222163 1.562000
vt 0.219748 1.566330
vt 0.214918 1.566330
vt 0.212504 1.562000
vt 0.214918 1.557670
vt 0.219748 1.557670
vt 0.228032 1.562000
vt 0.225554 1.566330
vt 0.220596 1.566330
vt 0.218118 1.562000
vt 0.220596 1.557670
vt 0.225554 1.557670
vt 0.082850 -0.125543
vt -0.006765 0.150264
vt -0.082850 0.125543
vt 0.006765 -0.150264
vt 0.082850 -0.125543
vt 0.006765 -0.150264
vt -0.082850 0.125543
vt -0.006765 0.150264
vt -0.125543 -0.375000
vt -0.125543 0.375000
vt 0.150264 0.375000
vt 0.150264 -0.375000
vt 0.006765 -0.150264
vt -0.082850 0.125543
vt -0.082850 0.125543
vt 0.006765 -0.150264
vt 0.082850 -0.125543
vt 0.006765 -0.150264
vt 0.006765 -0.150264
vt 0.082850 -0.125543
vt 0.150264 -0.375000
vt 0.150264 0.375000
vt 0.125543 0.375000
vt 0.125543 -0.375000
vt 0.052068 -0.014626
vt 0.033527 0.042437
vt -0.052068 0.014626
vt -0.033527 -0.042437
vt 0.052068 -0.014626
vt -0.033527 -0.042437
vt -0.052068 0.014626
vt 0.033527 0.042437
vt -0.014626 -0.435000
vt -0.014626 0.435000
vt 0.042437 0.435000
vt 0.042437 -0.435000
vt -0.033527 -0.042437
vt -0.052068 0.014626
vt -0.052068 0.014626
vt -0.033527 -0.042437
vt 0.052068 -0.014626
vt -0.033527 -0.042437
vt -0.033527 -0.042437
vt 0.052068 -0.014626
vt 0.042437 -0.435000
vt 0.042437 0.435000
vt 0.014626 0.435000
vt 0.014626 -0.435000
vt 0.052068 -0.014626
vt 0.033527 0.042437
vt -0.052068 0.014626
vt -0.033527 -0.042437
vt 0.052068 -0.014626
vt -0.033527 -0.042437
vt -0.052068 0.014626
vt 0.033527 0.042437
vt -0.014626 -0.435000
vt -0.014626 0.435000
vt 0.042437 0.435000
vt 0.042437 -0.435000
vt -0.033527 -0.042437
vt -0.052068 0.014626
vt -0.052068 0.014626
vt -0.033527 -0.042437
vt 0.052068 -0.014626
vt -0.033527 -0.042437
vt -0.033527 -0.042437
vt 0.052068 -0.014626
vt 0.042437 -0.435000
vt 0.042437 0.435000
vt 0.014626 0.435000
vt 0.014626 -0.435000
vt 0.126832 -0.163825
vt 0.006316 0.207087
vt -0.126832 0.163825
vt -0.006316 -0.207087
vt 0.126832 -0.163825
vt -0.006316 -0.207087
vt -0.126832 0.163825
vt 0.006316 0.207087
vt -0.163825 -0.030000
vt -0.163825 0.030000
vt 0.207087 0.030000
vt 0.207087 -0.030000
vt -0.006316 -0.207087
vt -0.126832 0.163825
vt -0.126832 0.163825
vt -0.006316 -0.207087
vt 0.126832 -0.163825
vt -0.006316 -0.207087
vt -0.006316 -0.207087
vt 0.126832 -0.163825
vt 0.207087 -0.030000
vt 0.207087 0.030000
vt 0.163825 0.030000
vt 0.163825 -0.030000
vt 0.126832 -0.163825
vt 0.006316 0.207087
vt -0.126832 0.163825
vt -0.006316 -0.207087
vt 0.126832 -0.163825
vt -0.006316 -0.207087
vt -0.126832 0.163825
vt 0.006316 0.207087
vt -0.163825 -0.040000
vt -0.163825 0.040000
vt 0.207087 0.040000
vt 0.207087 -0.040000
vt -0.006316 -0.207087
vt -0.126832 0.163825
vt -0.126832 0.163825
vt -0.006316 -0.207087
vt 0.126832 -0.163825
vt -0.006316 -0.207087
vt -0.006316 -0.207087
vt 0.126832 -0.163825
vt 0.207087 -0.040000
vt 0.207087 0.040000
vt 0.163825 0.040000
vt 0.163825 -0.040000
vt 0.125543 0.082850
vt -0.150264 -0.006765
vt -0.125543 -0.082850
vt 0.150264 0.006765
vt 0.125543 0.082850
vt 0.150264 0.006765
vt -0.125543 -0.082850
vt -0.150264 -0.006765
vt 0.082850 -0.375000
vt 0.082850 0.375000
vt -0.006765 0.375000
vt -0.006765 -0.375000
vt 0.150264 0.006765
vt -0.125543 -0.082850
vt -0.125543 -0.082850
vt 0.150264 0.006765
vt 0.125543 0.082850
vt 0.150264 0.006765
vt 0.150264 0.006765
vt 0.125543 0.082850
vt -0.006765 -0.375000
vt -0.006765 0.375000
vt -0.082850 0.375000
vt -0.082850 -0.375000
vt 0.014626 0.052068
vt -0.042437 0.033527
vt -0.014626 -0.052068
vt 0.042437 -0.033527
vt 0.014626 0.052068
vt 0.042437 -0.033527
vt -0.014626 -0.052068
vt -0.042437 0.033527
vt 0.052068 -0.435000
vt 0.052068 0.435000
vt 0.033527 0.435000
vt 0.033527 -0.435000
vt 0.042437 -0.033527
vt -0.014626 -0.052068
vt -0.014626 -0.052068
vt 0.042437 -0.033527
vt 0.014626 0.052068
vt 0.042437 -0.033527
vt 0.042437 -0.033527
vt 0.014626 0.052068
vt 0.033527 -0.435000
vt 0.033527 0.435000
vt -0.052068 0.435000
vt -0.052068 -0.435000
vt 0.014626 0.052068
vt -0.042437 0.033527
vt -0.014626 -0.052068
vt 0.042437 -0.033527
vt 0.014626 0.052068
vt 0.042437 -0.033527
vt -0.014626 -0.052068
vt -0.042437 0.033527
vt 0.052068 -0.435000
vt 0.052068 0.435000
vt 0.033527 0.435000
vt 0.033527 -0.435000
vt 0.042437 -0.033527
vt -0.014626 -0.052068
vt -0.014626 -0.052068
vt 0.042437 -0.033527
vt 0.014626 0.052068
vt 0.042437 -0.033527
vt 0.042437 -0.033527
vt 0.014626 0.052068
vt 0.033527 -0.435000
vt 0.033527 0.435000
vt -0.052068 0.435000
vt -0.052068 -0.435000
vt 0.163825 0.126832
vt -0.207087 0.006316
vt -0.163825 -0.126832
vt 0.207087 -0.006316
vt 0.163825 0.126832
vt 0.207087 -0.006316
vt -0.163825 -0.126832
vt -0.207087 0.006316
vt 0.126832 -0.030000
vt 0.126832 0.030000
vt 0.006316 0.030000
vt 0.006316 -0.030000
vt 0.207087 -0.006316
vt -0.163825 -0.126832
vt -0.163825 -0.126832
vt 0.207087 -0.006316
vt 0.163825 0.126832
vt 0.207087 -0.006316
vt 0.207087 -0.006316
vt 0.163825 0.126832
vt 0.006316 -0.030000
vt 0.006316 0.030000
vt -0.126832 0.030000
vt -0.126832 -0.030000
vt 0.163825 0.126832
vt -0.207087 0.006316
vt -0.163825 -0.126832
vt 0.207087 -0.006316
vt 0.163825 0.126832
vt 0.207087 -0.006316
vt -0.163825 -0.126832
vt -0.207087 0.006316
vt 0.126832 -0.040000
vt 0.126832 0.040000
vt 0.006316 0.040000
vt 0.006316 -0.040000
vt 0.207087 -0.006316
vt -0.163825 -0.126832
vt -0.163825 -0.126832
vt 0.207087 -0.006316
vt 0.163825 0.126832
vt 0.207087 -0.006316
vt 0.207087 -0.006316
vt 0.163825 0.126832
vt 0.006316 -0.040000
vt 0.006316 0.040000
vt -0.126832 0.040000
vt -0.126832 -0.040000
vt -0.082850 0.125543
vt 0.006765 -0.150264
vt 0.082850 -0.125543
vt -0.006765 0.150264
vt -0.082850 0.125543
vt -0.006765 0.150264
vt 0.082850 -0.125543
vt 0.006765 -0.150264
vt 0.125543 -0.375000
vt 0.125543 0.375000
vt -0.150264 0.375000
vt -0.150264 -0.375000
vt -0.006765 0.150264
vt 0.082850 -0.125543
vt 0.082850 -0.125543
vt -0.006765 0.150264
vt -0.082850 0.125543
vt -0.006765 0.150264
vt -0.006765 0.150264
vt -0.082850 0.125543
vt -0.150264 -0.375000
vt -0.150264 0.375000
vt -0.125543 0.375000
vt -0.125543 -0.375000
vt -0.052068 0.014626
vt -0.033527 -0.042437
vt 0.052068 -0.014626
vt 0.033527 0.042437
vt -0.052068 0.014626
vt 0.033527 0.042437
vt 0.052068 -0.014626
vt -0.033527 -0.042437
vt 0.014626 -0.435000
vt 0.014626 0.435000
vt -0.042437 0.435000
vt -0.042437 -0.435000
vt 0.033527 0.042437
vt 0.052068 -0.014626
vt 0.052068 -0.014626
vt 0.033527 0.042437
vt -0.052068 0.014626
vt 0.033527 0.042437
vt 0.033527 0.042437
vt -0.052068 0.014626
vt -0.042437 -0.435000
vt -0.042437 0.435000
vt -0.014626 0.435000
vt -0.014626 -0.435000
vt -0.052068 0.014626
vt -0.033527 -0.042437
vt 0.052068 -0.014626
vt 0.033527 0.042437
vt -0.052068 0.014626
vt 0.033527 0.042437
vt 0.052068 -0.014626
vt -0.033527 -0.042437
vt 0.014626 -0.435000
vt 0.014626 0.435000
vt -0.042437 0.435000
vt -0.042437 -0.435000
vt 0.033527 0.042437
vt 0.052068 -0.014626
vt 0.052068 -0.014626
vt 0.033527 0.042437
vt -0.052068 0.014626
vt 0.033527 0.042437
vt 0.033527 0.042437
vt -0.052068 0.014626
vt -0.042437 -0.435000
vt -0.042437 0.435000
vt -0.014626 0.435000
vt -0.014626 -0.435000
vt -0.126832 0.163825
vt -0.006316 -0.207087
vt 0.126832 -0.163825
vt 0.006316 0.207087
vt -0.126832 0.163825
vt 0.006316 0.207087
vt 0.126832 -0.163825
vt -0.006316 -0.207087
vt 0.163825 -0.030000
vt 0.163825 0.030000
vt -0.207087 0.030000
vt -0.207087 -0.030000
vt 0.006316 0.207087
vt 0.126832 -0.163825
vt 0.126832 -0.163825
vt 0.006316 0.207087
vt -0.126832 0.163825
vt 0.006316 0.207087
vt 0.006316 0.207087
vt -0.126832 0.163825
vt -0.207087 -0.030000
vt -0.207087 0.030000
vt -0.163825 0.030000
vt -0.163825 -0.030000
vt -0.126832 0.163825
vt -0.006316 -0.207087
vt 0.126832 -0.163825
vt 0.006316 0.207087
vt -0.126832 0.163825
vt 0.006316 0.207087
vt 0.126832 -0.163825
vt -0.006316 -0.207087
vt 0.163825 -0.040000
vt 0.163825 0.040000
vt -0.207087 0.040000
vt -0.207087 -0.040000
vt 0.006316 0.207087
vt 0.126832 -0.163825
vt 0.126832 -0.163825
vt 0.006316 0.207087
vt -0.126832 0.163825
vt 0.006316 0.207087
vt 0.006316 0.207087
vt -0.126832 0.163825
vt -0.207087 -0.040000
vt -0.207087 0.040000
vt -0.163825 0.040000
vt -0.163825 -0.040000
vt -0.125543 -0.082850
vt 0.150264 0.006765
vt 0.125543 0.082850
vt -0.150264 -0.006765
vt -0.125543 -0.082850
vt -0.150264 -0.006765
vt 0.125543 0.082850
vt 0.150264 0.006765
vt -0.082850 -0.375000
vt -0.082850 0.375000
vt 0.006765 0.375000
vt 0.006765 -0.375000
vt -0.150264 -0.006765
vt 0.125543 0.082850
vt 0.125543 0.082850
vt -0.150264 -0.006765
vt -0.125543 -0.082850
vt -0.150264 -0.006765
vt -0.150264 -0.006765
vt -0.125543 -0.082850
vt 0.006765 -0.375000
vt 0.006765 0.375000
vt 0.082850 0.375000
vt 0.082850 -0.375000
vt -0.014626 -0.052068
vt 0.042437 -0.033527
vt 0.014626 0.052068
vt -0.042437 0.033527
vt -0.014626 -0.052068
vt -0.042437 0.033527
vt 0.014626 0.052068
vt 0.042437 -0.033527
vt -0.052068 -0.435000
vt -0.052068 0.435000
vt -0.033527 0.435000
vt -0.033527 -0.435000
vt -0.042437 0.033527
vt 0.014626 0.052068
vt 0.014626 0.052068
vt -0.042437 0.033527
vt -0.014626 -0.052068
vt -0.042437 0.033527
vt -0.042437 0.033527
vt -0.014626 -0.052068
vt -0.033527 -0.435000
vt -0.033527 0.435000
vt 0.052068 0.435000
vt 0.052068 -0.435000
vt -0.014626 -0.052068
vt 0.042437 -0.033527
vt 0.014626 0.052068
vt -0.042437 0.033527
vt -0.014626 -0.052068
vt -0.042437 0.033527
vt 0.014626 0.052068
vt 0.042437 -0.033527
vt -0.052068 -0.435000
vt -0.052068 0.435000
vt -0.033527 0.435000
vt -0.033527 -0.435000
vt -0.042437 0.033527
vt 0.014626 0.052068
vt 0.014626 0.052068
vt -0.042437 0.033527
vt -0.014626 -0.052068
vt -0.042437 0.033527
vt -0.042437 0.033527
vt -0.014626 -0.052068
vt -0.033527 -0.435000
vt -0.033527 0.435000
vt 0.052068 0.435000
vt 0.052068 -0.435000
vt -0.163825 -0.126832
vt 0.207087 -0.006316
vt 0.163825 0.126832
vt -0.207087 0.006316
vt -0.163825 -0.126832
vt -0.207087 0.006316
vt 0.163825 0.126832
vt 0.207087 -0.006316
vt -0.126832 -0.030000
vt -0.126832 0.030000
vt -0.006316 0.030000
vt -0.006316 -0.030000
vt -0.207087 0.006316
vt 0.163825 0.126832
vt 0.163825 0.126832
vt -0.207087 0.006316
vt -0.163825 -0.126832
vt -0.207087 0.006316
vt -0.207087 0.006316
vt -0.163825 -0.126832
vt -0.006316 -0.030000
vt -0.006316 0.030000
vt 0.126832 0.030000
vt 0.126832 -0.030000
vt -0.163825 -0.126832
vt 0.207087 -0.006316
vt 0.163825 0.126832
vt -0.207087 0.006316
vt -0.163825 -0.126832
vt -0.207087 0.006316
vt 0.163825 0.126832
vt 0.207087 -0.006316
vt -0.126832 -0.040000
vt -0.126832 0.040000
vt -0.006316 0.040000
vt -0.006316 -0.040000
vt -0.207087 0.006316
vt 0.163825 0.126832
vt 0.163825 0.126832
vt -0.207087 0.006316
vt -0.163825 -0.126832
vt -0.207087 0.006316
vt -0.207087 0.006316
vt -0.163825 -0.126832
vt -0.006316 -0.040000
vt -0.006316 0.040000
vt 0.126832 0.040000
vt 0.126832 -0.040000
vt 0.138888 -0.057750
vt -0.089635 0.120791
vt -0.138888 0.057750
vt 0.089635 -0.120791
vt 0.138888 -0.057750
vt 0.089635 -0.120791
vt -0.138888 0.057750
vt -0.089635 0.120791
vt -0.057750 -0.375000
vt -0.057750 0.375000
vt 0.120791 0.375000
vt 0.120791 -0.375000
vt 0.089635 -0.120791
vt -0.138888 0.057750
vt -0.138888 0.057750
vt 0.089635 -0.120791
vt 0.138888 -0.057750
vt 0.089635 -0.120791
vt 0.089635 -0.120791
vt 0.138888 -0.057750
vt 0.120791 -0.375000
vt 0.120791 0.375000
vt 0.057750 0.375000
vt 0.057750 -0.375000
vt 0.051345 0.016991
vt 0.004064 0.053930
vt -0.051345 -0.016991
vt -0.004064 -0.053930
vt 0.051345 0.016991
vt -0.004064 -0.053930
vt -0.051345 -0.016991
vt 0.004064 0.053930
vt 0.016991 -0.435000
vt 0.016991 0.435000
vt 0.053930 0.435000
vt 0.053930 -0.435000
vt -0.004064 -0.053930
vt -0.051345 -0.016991
vt -0.051345 -0.016991
vt -0.004064 -0.053930
vt 0.051345 0.016991
vt -0.004064 -0.053930
vt -0.004064 -0.053930
vt 0.051345 0.016991
vt 0.053930 -0.435000
vt 0.053930 0.435000
vt -0.016991 0.435000
vt -0.016991 -0.435000
vt 0.051345 0.016991
vt 0.004064 0.053930
vt -0.051345 -0.016991
vt -0.004064 -0.053930
vt 0.051345 0.016991
vt -0.004064 -0.053930
vt -0.051345 -0.016991
vt 0.004064 0.053930
vt 0.016991 -0.435000
vt 0.016991 0.435000
vt 0.053930 0.435000
vt 0.053930 -0.435000
vt -0.004064 -0.053930
vt -0.051345 -0.016991
vt -0.051345 -0.016991
vt -0.004064 -0.053930
vt 0.051345 0.016991
vt -0.004064 -0.053930
vt -0.004064 -0.053930
vt 0.051345 0.016991
vt 0.053930 -0.435000
vt 0.053930 0.435000
vt -0.016991 0.435000
vt -0.016991 -0.435000
vt 0.196758 -0.064893
vt -0.110566 0.175215
vt -0.196758 0.064893
vt 0.110566 -0.175215
vt 0.196758 -0.064893
vt 0.110566 -0.175215
vt -0.196758 0.064893
vt -0.110566 0.175215
vt -0.064893 -0.030000
vt -0.064893 0.030000
vt 0.175215 0.030000
vt 0.175215 -0.030000
vt 0.110566 -0.175215
vt -0.196758 0.064893
vt -0.196758 0.064893
vt 0.110566 -0.175215
vt 0.196758 -0.064893
vt 0.110566 -0.175215
vt 0.110566 -0.175215
vt 0.196758 -0.064893
vt 0.175215 -0.030000
vt 0.175215 0.030000
vt 0.064893 0.030000
vt 0.064893 -0.030000
vt 0.196758 -0.064893
vt -0.110566 0.175215
vt -0.196758 0.064893
vt 0.110566 -0.175215
vt 0.196758 -0.064893
vt 0.110566 -0.175215
vt -0.196758 0.064893
vt -0.110566 0.175215
vt -0.064893 -0.040000
vt -0.064893 0.040000
vt 0.175215 0.040000
vt 0.175215 -0.040000
vt 0.110566 -0.175215
vt -0.196758 0.064893
vt -0.196758 0.064893
vt 0.110566 -0.175215
vt 0.196758 -0.064893
vt 0.110566 -0.175215
vt 0.110566 -0.175215
vt 0.196758 -0.064893
vt 0.175215 -0.040000
vt 0.175215 0.040000
vt 0.064893 0.040000
vt 0.064893 -0.040000
vt 0.057750 0.138888
vt -0.120791 -0.089635
vt -0.057750 -0.138888
vt 0.120791 0.089635
vt 0.057750 0.138888
vt 0.120791 0.089635
vt -0.057750 -0.138888
vt -0.120791 -0.089635
vt 0.138888 -0.375000
vt 0.138888 0.375000
vt -0.089635 0.375000
vt -0.089635 -0.375000
vt 0.120791 0.089635
vt -0.057750 -0.138888
vt -0.057750 -0.138888
vt 0.120791 0.089635
vt 0.057750 0.138888
vt 0.120791 0.089635
vt 0.120791 0.089635
vt 0.057750 0.138888
vt -0.089635 -0.375000
vt -0.089635 0.375000
vt -0.138888 0.375000
vt -0.138888 -0.375000
vt -0.016991 0.051345
vt -0.053930 0.004064
vt 0.016991 -0.051345
vt 0.053930 -0.004064
vt -0.016991 0.051345
vt 0.053930 -0.004064
vt 0.016991 -0.051345
vt -0.053930 0.004064
vt 0.051345 -0.435000
vt 0.051345 0.435000
vt 0.004064 0.435000
vt 0.004064 -0.435000
vt 0.053930 -0.004064
vt 0.016991 -0.051345
vt 0.016991 -0.051345
vt 0.053930 -0.004064
vt -0.016991 0.051345
vt 0.053930 -0.004064
vt 0.053930 -0.004064
vt -0.016991 0.051345
vt 0.004064 -0.435000
vt 0.004064 0.435000
vt -0.051345 0.435000
vt -0.051345 -0.435000
vt -0.016991 0.051345
vt -0.053930 0.004064
vt 0.016991 -0.051345
vt 0.053930 -0.004064
vt -0.016991 0.051345
vt 0.053930 -0.004064
vt 0.016991 -0.051345
vt -0.053930 0.004064
vt 0.051345 -0.435000
vt 0.051345 0.435000
vt 0.004064 0.435000
vt 0.004064 -0.435000
vt 0.053930 -0.004064
vt 0.016991 -0.051345
vt 0.016991 -0.051345
vt 0.053930 -0.004064
vt -0.016991 0.051345
vt 0.053930 -0.004064
vt 0.053930 -0.004064
vt -0.016991 0.051345
vt 0.004064 -0.435000
vt 0.004064 0.435000
vt -0.051345 0.435000
vt -0.051345 -0.435000
vt 0.064893 0.196758
vt -0.175215 -0.110566
vt -0.064893 -0.196758
vt 0.175215 0.110566
vt 0.064893 0.196758
vt 0.175215 0.110566
vt -0.064893 -0.196758
vt -0.175215 -0.110566
vt 0.196758 -0.030000
vt 0.196758 0.030000
vt -0.110566 0.030000
vt -0.110566 -0.030000
vt 0.175215 0.110566
vt -0.064893 -0.196758
vt -0.064893 -0.196758
vt 0.175215 0.110566
vt 0.064893 0.196758
vt 0.175215 0.110566
vt 0.175215 0.110566
vt 0.064893 0.196758
vt -0.110566 -0.030000
vt -0.110566 0.030000
vt -0.196758 0.030000
vt -0.196758 -0.030000
vt 0.064893 0.196758
vt -0.175215 -0.110566
vt -0.064893 -0.196758
vt 0.175215 0.110566
vt 0.064893 0.196758
vt 0.175215 0.110566
vt -0.064893 -0.196758
vt -0.175215 -0.110566
vt 0.196758 -0.040000
vt 0.196758 0.040000
vt -0.110566 0.040000
vt -0.110566 -0.040000
vt 0.175215 0.110566
vt -0.064893 -0.196758
vt -0.064893 -0.196758
vt 0.175215 0.110566
vt 0.064893 0.196758
vt 0.175215 0.110566
vt 0.175215 0.110566
vt 0.064893 0.196758
vt -0.110566 -0.040000
vt -0.110566 0.040000
vt -0.196758 0.040000
vt -0.196758 -0.040000
vt -0.138888 0.057750
vt 0.089635 -0.120791
vt 0.138888 -0.057750
vt -0.089635 0.120791
vt -0.138888 0.057750
vt -0.089635 0.120791
vt 0.138888 -0.057750
vt 0.089635 -0.120791
vt 0.057750 -0.375000
vt 0.057750 0.375000
vt -0.120791 0.375000
vt -0.120791 -0.375000
vt -0.089635 0.120791
vt 0.138888 -0.057750
vt 0.138888 -0.057750
vt -0.089635 0.120791
vt -0.138888 0.057750
vt -0.089635 0.120791
vt -0.089635 0.120791
vt -0.138888 0.057750
vt -0.120791 -0.375000
vt -0.120791 0.375000
vt -0.057750 0.375000
vt -0.057750 -0.375000
vt -0.051345 -0.016991
vt -0.004064 -0.053930
vt 0.051345 0.016991
vt 0.004064 0.053930
vt -0.051345 -0.016991
vt 0.004064 0.053930
vt 0.051345 0.016991
vt -0.004064 -0.053930
vt -0.016991 -0.435000
vt -0.016991 0.435000
vt -0.053930 0.435000
vt -0.053930 -0.435000
vt 0.004064 0.053930
vt 0.051345 0.016991
vt 0.051345 0.016991
vt 0.004064 0.053930
vt -0.051345 -0.016991
vt 0.004064 0.053930
vt 0.004064 0.053930
vt -0.051345 -0.016991
vt -0.053930 -0.435000
vt -0.053930 0.435000
vt 0.016991 0.435000
vt 0.016991 -0.435000
vt -0.051345 -0.016991
vt -0.004064 -0.053930
vt 0.051345 0.016991
vt 0.004064 0.053930
vt -0.051345 -0.016991
vt 0.004064 0.053930
vt 0.051345 0.016991
vt -0.004064 -0.053930
vt -0.016991 -0.435000
vt -0.016991 0.435000
vt -0.053930 0.435000
vt -0.053930 -0.435000
vt 0.004064 0.053930
vt 0.051345 0.016991
vt 0.051345 0.016991
vt 0.004064 0.053930
vt -0.051345 -0.016991
vt 0.004064 0.053930
vt 0.004064 0.053930
vt -0.051345 -0.016991
vt -0.053930 -0.435000
vt -0.053930 0.435000
vt 0.016991 0.435000
vt 0.016991 -0.435000
vt -0.196758 0.064893
vt 0.110566 -0.175215
vt 0.196758 -0.064893
vt -0.110566 0.175215
vt -0.196758 0.064893
vt -0.110566 0.175215
vt 0.196758 -0.064893
vt 0.110566 -0.175215
vt 0.064893 -0.030000
vt 0.064893 0.030000
vt -0.175215 0.030000
vt -0.175215 -0.030000
vt -0.110566 0.175215
vt 0.196758 -0.064893
vt 0.196758 -0.064893
vt -0.110566 0.175215
vt -0.196758 0.064893
vt -0.110566 0.175215
vt -0.110566 0.175215
vt -0.196758 0.064893
vt -0.175215 -0.030000
vt -0.175215 0.030000
vt -0.064893 0.030000
vt -0.064893 -0.030000
vt -0.196758 0.064893
vt 0.110566 -0.175215
vt 0.196758 -0.064893
vt -0.110566 0.175215
vt -0.196758 0.064893
vt -0.110566 0.175215
vt 0.196758 -0.064893
vt 0.110566 -0.175215
vt 0.064893 -0.040000
vt 0.064893 0.040000
vt -0.175215 0.040000
vt -0.175215 -0.040000
vt -0.110566 0.175215
vt 0.196758 -0.064893
vt 0.196758 -0.064893
vt -0.110566 0.175215
vt -0.196758 0.064893
vt -0.110566 0.175215
vt -0.110566 0.175215
vt -0.196758 0.064893
vt -0.175215 -0.040000
vt -0.175215 0.040000
vt -0.064893 0.040000
vt -0.064893 -0.040000
vt -0.057750 -0.138888
vt 0.120791 0.089635
vt 0.057750 0.138888
vt -0.120791 -0.089635
vt -0.057750 -0.138888
vt -0.120791 -0.089635
vt 0.057750 0.138888
vt 0.120791 0.089635
vt -0.138888 -0.375000
vt -0.138888 0.375000
vt 0.089635 0.375000
vt 0.089635 -0.375000
vt -0.120791 -0.089635
vt 0.057750 0.138888
vt 0.057750 0.138888
vt -0.120791 -0.089635
vt -0.057750 -0.138888
vt -0.120791 -0.089635
vt -0.120791 -0.089635
vt -0.057750 -0.138888
vt 0.089635 -0.375000
vt 0.089635 0.375000
vt 0.138888 0.375000
vt 0.138888 -0.375000
vt 0.016991 -0.051345
vt 0.053930 -0.004064
vt -0.016991 0.051345
vt -0.053930 0.004064
vt 0.016991 -0.051345
vt -0.053930 0.004064
vt -0.016991 0.051345
vt 0.053930 -0.004064
vt -0.051345 -0.435000
vt -0.051345 0.435000
vt -0.004064 0.435000
vt -0.004064 -0.435000
vt -0.053930 0.004064
vt -0.016991 0.051345
vt -0.016991 0.051345
vt -0.053930 0.004064
vt 0.016991 -0.051345
vt -0.053930 0.004064
vt -0.053930 0.004064
vt 0.016991 -0.051345
vt -0.004064 -0.435000
vt -0.004064 0.435000
vt 0.051345 0.435000
vt 0.051345 -0.435000
vt 0.016991 -0.051345
vt 0.053930 -0.004064
vt -0.016991 0.051345
vt -0.053930 0.004064
vt 0.016991 -0.051345
vt -0.053930 0.004064
vt -0.016991 0.051345
vt 0.053930 -0.004064
vt -0.051345 -0.435000
vt -0.051345 0.435000
vt -0.004064 0.435000
vt -0.004064 -0.435000
vt -0.053930 0.004064
vt -0.016991 0.051345
vt -0.016991 0.051345
vt -0.053930 0.004064
vt 0.016991 -0.051345
vt -0.053930 0.004064
vt -0.053930 0.004064
vt 0.016991 -0.051345
vt -0.004064 -0.435000
vt -0.004064 0.435000
vt 0.051345 0.435000
vt 0.051345 -0.435000
vt -0.064893 -0.196758
vt 0.175215 0.110566
vt 0.064893 0.196758
vt -0.175215 -0.110566
vt -0.064893 -0.196758
vt -0.175215 -0.110566
vt 0.064893 0.196758
vt 0.175215 0.110566
vt -0.196758 -0.030000
vt -0.196758 0.030000
vt 0.110566 0.030000
vt 0.110566 -0.030000
vt -0.175215 -0.110566
vt 0.064893 0.196758
vt 0.064893 0.196758
vt -0.175215 -0.110566
vt -0.064893 -0.196758
vt -0.175215 -0.110566
vt -0.175215 -0.110566
vt -0.064893 -0.196758
vt 0.110566 -0.030000
vt 0.110566 0.030000
vt 0.196758 0.030000
vt 0.196758 -0.030000
vt -0.064893 -0.196758
vt 0.175215 0.110566
vt 0.064893 0.196758
vt -0.175215 -0.110566
vt -0.064893 -0.196758
vt -0.175215 -0.110566
vt 0.064893 0.196758
vt 0.175215 0.110566
vt -0.196758 -0.040000
vt -0.196758 0.040000
vt 0.110566 0.040000
vt 0.110566 -0.040000
vt -0.175215 -0.110566
vt 0.064893 0.196758
vt 0.064893 0.196758
vt -0.175215 -0.110566
vt -0.064893 -0.196758
vt -0.175215 -0.110566
vt -0.175215 -0.110566
vt -0.064893 -0.196758
vt 0.110566 -0.040000
vt 0.110566 0.040000
vt 0.196758 0.040000
vt 0.196758 -0.040000
vt 0.147437 0.029788
vt -0.141857 0.050017
vt -0.147437 -0.029788
vt 0.141857 -0.050017
vt 0.147437 0.029788
vt 0.141857 -0.050017
vt -0.147437 -0.029788
vt -0.141857 0.050017
vt 0.029788 -0.375000
vt 0.029788 0.375000
vt 0.050017 0.375000
vt 0.050017 -0.375000
vt 0.141857 -0.050017
vt -0.147437 -0.029788
vt -0.147437 -0.029788
vt 0.141857 -0.050017
vt 0.147437 0.029788
vt 0.141857 -0.050017
vt 0.141857 -0.050017
vt 0.147437 0.029788
vt 0.050017 -0.375000
vt 0.050017 0.375000
vt -0.029788 0.375000
vt -0.029788 -0.375000
vt 0.033066 0.042798
vt -0.026788 0.046983
vt -0.033066 -0.042798
vt 0.026788 -0.046983
vt 0.033066 0.042798
vt 0.026788 -0.046983
vt -0.033066 -0.042798
vt -0.026788 0.046983
vt 0.042798 -0.435000
vt 0.042798 0.435000
vt 0.046983 0.435000
vt 0.046983 -0.435000
vt 0.026788 -0.046983
vt -0.033066 -0.042798
vt -0.033066 -0.042798
vt 0.026788 -0.046983
vt 0.033066 0.042798
vt 0.026788 -0.046983
vt 0.026788 -0.046983
vt 0.033066 0.042798
vt 0.046983 -0.435000
vt 0.046983 0.435000
vt -0.042798 0.435000
vt -0.042798 -0.435000
vt 0.033066 0.042798
vt -0.026788 0.046983
vt -0.033066 -0.042798
vt 0.026788 -0.046983
vt 0.033066 0.042798
vt 0.026788 -0.046983
vt -0.033066 -0.042798
vt -0.026788 0.046983
vt 0.042798 -0.435000
vt 0.042798 0.435000
vt 0.046983 0.435000
vt 0.046983 -0.435000
vt 0.026788 -0.046983
vt -0.033066 -0.042798
vt -0.033066 -0.042798
vt 0.026788 -0.046983
vt 0.033066 0.042798
vt 0.026788 -0.046983
vt 0.026788 -0.046983
vt 0.033066 0.042798
vt 0.046983 -0.435000
vt 0.046983 0.435000
vt -0.042798 0.435000
vt -0.042798 -0.435000
vt 0.199408 0.056227
vt -0.189642 0.083432
vt -0.199408 -0.056227
vt 0.189642 -0.083432
vt 0.199408 0.056227
vt 0.189642 -0.083432
vt -0.199408 -0.056227
vt -0.189642 0.083432
vt 0.056227 -0.030000
vt 0.056227 0.030000
vt 0.083432 0.030000
vt 0.083432 -0.030000
vt 0.189642 -0.083432
vt -0.199408 -0.056227
vt -0.199408 -0.056227
vt 0.189642 -0.083432
vt 0.199408 0.056227
vt 0.189642 -0.083432
vt 0.189642 -0.083432
vt 0.199408 0.056227
vt 0.083432 -0.030000
vt 0.083432 0.030000
vt -0.056227 0.030000
vt -0.056227 -0.030000
vt 0.199408 0.056227
vt -0.189642 0.083432
vt -0.199408 -0.056227
vt 0.189642 -0.083432
vt 0.199408 0.056227
vt 0.189642 -0.083432
vt -0.199408 -0.056227
vt -0.189642 0.083432
vt 0.056227 -0.040000
vt 0.056227 0.040000
vt 0.083432 0.040000
vt 0.083432 -0.040000
vt 0.189642 -0.083432
vt -0.199408 -0.056227
vt -0.199408 -0.056227
vt 0.189642 -0.083432
vt 0.199408 0.056227
vt 0.189642 -0.083432
vt 0.189642 -0.083432
vt 0.199408 0.056227
vt 0.083432 -0.040000
vt 0.083432 0.040000
vt -0.056227 0.040000
vt -0.056227 -0.040000
vt -0.029788 0.147437
vt -0.050017 -0.141857
vt 0.029788 -0.147437
vt 0.050017 0.141857
vt -0.029788 0.147437
vt 0.050017 0.141857
vt 0.029788 -0.147437
vt -0.050017 -0.141857
vt 0.147437 -0.375000
vt 0.147437 0.375000
vt -0.141857 0.375000
vt -0.141857 -0.375000
vt 0.050017 0.141857
vt 0.029788 -0.147437
vt 0.029788 -0.147437
vt 0.050017 0.141857
vt -0.029788 0.147437
vt 0.050017 0.141857
vt 0.050017 0.141857
vt -0.029788 0.147437
vt -0.141857 -0.375000
vt -0.141857 0.375000
vt -0.147437 0.375000
vt -0.147437 -0.375000
vt -0.042798 0.033066
vt -0.046983 -0.026788
vt 0.042798 -0.033066
vt 0.046983 0.026788
vt -0.042798 0.033066
vt 0.046983 0.026788
vt 0.042798 -0.033066
vt -0.046983 -0.026788
vt 0.033066 -0.435000
vt 0.033066 0.435000
vt -0.026788 0.435000
vt -0.026788 -0.435000
vt 0.046983 0.026788
vt 0.042798 -0.033066
vt 0.042798 -0.033066
vt 0.046983 0.026788
vt -0.042798 0.033066
vt 0.046983 0.026788
vt 0.046983 0.026788
vt -0.042798 0.033066
vt -0.026788 -0.435000
vt -0.026788 0.435000
vt -0.033066 0.435000
vt -0.033066 -0.435000
vt -0.042798 0.033066
vt -0.046983 -0.026788
vt 0.042798 -0.033066
vt 0.046983 0.026788
vt -0.042798 0.033066
vt 0.046983 0.026788
vt 0.042798 -0.033066
vt -0.046983 -0.026788
vt 0.033066 -0.435000
vt 0.033066 0.435000
vt -0.026788 0.435000
vt -0.026788 -0.435000
vt 0.046983 0.026788
vt 0.042798 -0.033066
vt 0.042798 -0.033066
vt 0.046983 0.026788
vt -0.042798 0.033066
vt 0.046983 0.026788
vt 0.046983 0.026788
vt -0.042798 0.033066
vt -0.026788 -0.435000
vt -0.026788 0.435000
vt -0.033066 0.435000
vt -0.033066 -0.435000
vt -0.056227 0.199408
vt -0.083432 -0.189642
vt 0.056227 -0.199408
vt 0.083432 0.189642
vt -0.056227 0.199408
vt 0.083432 0.189642
vt 0.056227 -0.199408
vt -0.083432 -0.189642
vt 0.199408 -0.030000
vt 0.199408 0.030000
vt -0.189642 0.030000
vt -0.189642 -0.030000
vt 0.083432 0.189642
vt 0.056227 -0.199408
vt 0.056227 -0.199408
vt 0.083432 0.189642
vt -0.056227 0.199408
vt 0.083432 0.189642
vt 0.083432 0.189642
vt -0.056227 0.199408
vt -0.189642 -0.030000
vt -0.189642 0.030000
vt -0.199408 0.030000
vt -0.199408 -0.030000
vt -0.056227 0.199408
vt -0.083432 -0.189642
vt 0.056227 -0.199408
vt 0.083432 0.189642
vt -0.056227 0.199408
vt 0.083432 0.189642
vt 0.056227 -0.199408
vt -0.083432 -0.189642
vt 0.199408 -0.040000
vt 0.199408 0.040000
vt -0.189642 0.040000
vt -0.189642 -0.040000
vt 0.083432 0.189642
vt 0.056227 -0.199408
vt 0.056227 -0.199408
vt 0.083432 0.189642
vt -0.056227 0.199408
vt 0.083432 0.189642
vt 0.083432 0.189642
vt -0.056227 0.199408
vt -0.189642 -0.040000
vt -0.189642 0.040000
vt -0.199408 0.040000
vt -0.199408 -0.040000
vt -0.147437 -0.029788
vt 0.141857 -0.050017
vt 0.147437 0.029788
vt -0.141857 0.050017
vt -0.147437 -0.029788
vt -0.141857 0.050017
vt 0.147437 0.029788
vt 0.141857 -0.050017
vt -0.029788 -0.375000
vt -0.029788 0.375000
vt -0.050017 0.375000
vt -0.050017 -0.375000
vt -0.141857 0.050017
vt 0.147437 0.029788
vt 0.147437 0.029788
vt -0.141857 0.050017
vt -0.147437 -0.029788
vt -0.141857 0.050017
vt -0.141857 0.050017
vt -0.147437 -0.029788
vt -0.050017 -0.375000
vt -0.050017 0.375000
vt 0.029788 0.375000
vt 0.029788 -0.375000
vt -0.033066 -0.042798
vt 0.026788 -0.046983
vt 0.033066 0.042798
vt -0.026788 0.046983
vt -0.033066 -0.042798
vt -0.026788 0.046983
vt 0.033066 0.042798
vt 0.026788 -0.046983
vt -0.042798 -0.435000
vt -0.042798 0.435000
vt -0.046983 0.435000
vt -0.046983 -0.435000
vt -0.026788 0.046983
vt 0.033066 0.042798
vt 0.033066 0.042798
vt -0.026788 0.046983
vt -0.033066 -0.042798
vt -0.026788 0.046983
vt -0.026788 0.046983
vt -0.033066 -0.042798
vt -0.046983 -0.435000
vt -0.046983 0.435000
vt 0.042798 0.435000
vt 0.042798 -0.435000
vt -0.033066 -0.042798
vt 0.026788 -0.046983
vt 0.033066 0.042798
vt -0.026788 0.046983
vt -0.033066 -0.042798
vt -0.026788 0.046983
vt 0.033066 0.042798
vt 0.026788 -0.046983
vt -0.042798 -0.435000
vt -0.042798 0.435000
vt -0.046983 0.435000
vt -0.046983 -0.435000
vt -0.026788 0.046983
vt 0.033066 0.042798
vt 0.033066 0.042798
vt -0.026788 0.046983
vt -0.033066 -0.042798
vt -0.026788 0.046983
vt -0.026788 0.046983
vt -0.033066 -0.042798
vt -0.046983 -0.435000
vt -0.046983 0.435000
vt 0.042798 0.435000
vt 0.042798 -0.435000
vt -0.199408 -0.056227
vt 0.189642 -0.083432
vt 0.199408 0.056227
vt -0.189642 0.083432
vt -0.199408 -0.056227
vt -0.189642 0.083432
vt 0.199408 0.056227
vt 0.189642 -0.083432
vt -0.056227 -0.030000
vt -0.056227 0.030000
vt -0.083432 0.030000
vt -0.083432 -0.030000
vt -0.189642 0.083432
vt 0.199408 0.056227
vt 0.199408 0.056227
vt -0.189642 0.083432
vt -0.199408 -0.056227
vt -0.189642 0.083432
vt -0.189642 0.083432
vt -0.199408 -0.056227
vt -0.083432 -0.030000
vt -0.083432 0.030000
vt 0.056227 0.030000
vt 0.056227 -0.030000
vt -0.199408 -0.056227
vt 0.189642 -0.083432
vt 0.199408 0.056227
vt -0.189642 0.083432
vt -0.199408 -0.056227
vt -0.189642 0.083432
vt 0.199408 0.056227
vt 0.189642 -0.083432
vt -0.056227 -0.040000
vt -0.056227 0.040000
vt -0.083432 0.040000
vt -0.083432 -0.040000
vt -0.189642 0.083432
vt 0.199408 0.056227
vt 0.199408 0.056227
vt -0.189642 0.083432
vt -0.199408 -0.056227
vt -0.189642 0.083432
vt -0.189642 0.083432
vt -0.199408 -0.056227
vt -0.083432 -0.040000
vt -0.083432 0.040000
vt 0.056227 0.040000
vt 0.056227 -0.040000
vt 0.029788 -0.147437
vt 0.050017 0.141857
vt -0.029788 0.147437
vt -0.050017 -0.141857
vt 0.029788 -0.147437
vt -0.050017 -0.141857
vt -0.029788 0.147437
vt 0.050017 0.141857
vt -0.147437 -0.375000
vt -0.147437 0.375000
vt 0.141857 0.375000
vt 0.141857 -0.375000
vt -0.050017 -0.141857
vt -0.029788 0.147437
vt -0.029788 0.147437
vt -0.050017 -0.141857
vt 0.029788 -0.147437
vt -0.050017 -0.141857
vt -0.050017 -0.141857
vt 0.029788 -0.147437
vt 0.141857 -0.375000
vt 0.141857 0.375000
vt 0.147437 0.375000
vt 0.147437 -0.375000
vt 0.042798 -0.033066
vt 0.046983 0.026788
vt -0.042798 0.033066
vt -0.046983 -0.026788
vt 0.042798 -0.033066
vt -0.046983 -0.026788
vt -0.042798 0.033066
vt 0.046983 0.026788
vt -0.033066 -0.435000
vt -0.033066 0.435000
vt 0.026788 0.435000
vt 0.026788 -0.435000
vt -0.046983 -0.026788
vt -0.042798 0.033066
vt -0.042798 0.033066
vt -0.046983 -0.026788
vt 0.042798 -0.033066
vt -0.046983 -0.026788
vt -0.046983 -0.026788
vt 0.042798 -0.033066
vt 0.026788 -0.435000
vt 0.026788 0.435000
vt 0.033066 0.435000
vt 0.033066 -0.435000
vt 0.042798 -0.033066
vt 0.046983 0.026788
vt -0.042798 0.033066
vt -0.046983 -0.026788
vt 0.042798 -0.033066
vt -0.046983 -0.026788
vt -0.042798 0.033066
vt 0.046983 0.026788
vt -0.033066 -0.435000
vt -0.033066 0.435000
vt 0.026788 0.435000
vt 0.026788 -0.435000
vt -0.046983 -0.026788
vt -0.042798 0.033066
vt -0.042798 0.033066
vt -0.046983 -0.026788
vt 0.042798 -0.033066
vt -0.046983 -0.026788
vt -0.046983 -0.026788
vt 0.042798 -0.033066
vt 0.026788 -0.435000
vt 0.026788 0.435000
vt 0.033066 0.435000
vt 0.033066 -0.435000
vt 0.056227 -0.199408
vt 0.083432 0.189642
vt -0.056227 0.199408
vt -0.083432 -0.189642
vt 0.056227 -0.199408
vt -0.083432 -0.189642
vt -0.056227 0.199408
vt 0.083432 0.189642
vt -0.199408 -0.030000
vt -0.199408 0.030000
vt 0.189642 0.030000
vt 0.189642 -0.030000
vt -0.083432 -0.189642
vt -0.056227 0.199408
vt -0.056227 0.199408
vt -0.083432 -0.189642
vt 0.056227 -0.199408
vt -0.083432 -0.189642
vt -0.083432 -0.189642
vt 0.056227 -0.199408
vt 0.189642 -0.030000
vt 0.189642 0.030000
vt 0.199408 0.030000
vt 0.199408 -0.030000
vt 0.056227 -0.199408
vt 0.083432 0.189642
vt -0.056227 0.199408
vt -0.083432 -0.189642
vt 0.056227 -0.199408
vt -0.083432 -0.189642
vt -0.056227 0.199408
vt 0.083432 0.189642
vt -0.199408 -0.040000
vt -0.199408 0.040000
vt 0.189642 0.040000
vt 0.189642 -0.040000
vt -0.083432 -0.189642
vt -0.056227 0.199408
vt -0.056227 0.199408
vt -0.083432 -0.189642
vt 0.056227 -0.199408
vt -0.083432 -0.189642
vt -0.083432 -0.189642
vt 0.056227 -0.199408
vt 0.189642 -0.040000
vt 0.189642 0.040000
vt 0.199408 0.040000
vt 0.199408 -0.040000
usemtl TowerPaint
f 1/1 2/2 51/51
f 1/1 51/51 50/50
f 2/2 3/3 52/52
f 2/2 52/52 51/51
f 3/3 4/4 53/53
f 3/3 53/53 52/52
f 4/4 5/5 54/54
f 4/4 54/54 53/53
f 5/5 6/6 55/55
f 5/5 55/55 54/54
f 6/6 7/7 56/56
f 6/6 56/56 55/55
f 7/7 8/8 57/57
f 7/7 57/57 56/56
f 8/8 9/9 58/58
f 8/8 58/58 57/57
f 9/9 10/10 59/59
f 9/9 59/59 58/58
f 10/10 11/11 60/60
f 10/10 60/60 59/59
f 11/11 12/12 61/61
f 11/11 61/61 60/60
f 12/12 13/13 62/62
f 12/12 62/62 61/61
f 13/13 14/14 63/63
f 13/13 63/63 62/62
f 14/14 15/15 64/64
f 14/14 64/64 63/63
f 15/15 16/16 65/65
f 15/15 65/65 64/64
f 16/16 17/17 66/66
f 16/16 66/66 65/65
f 17/17 18/18 67/67
f 17/17 67/67 66/66
f 18/18 19/19 68/68
f 18/18 68/68 67/67
f 19/19 20/20 69/69
f 19/19 69/69 68/68
f 20/20 21/21 70/70
f 20/20 70/70 69/69
f 21/21 22/22 71/71
f 21/21 71/71 70/70
f 22/22 23/23 72/72
f 22/22 72/72 71/71
f 23/23 24/24 73/73
f 23/23 73/73 72/72
f 24/24 25/25 74/74
f 24/24 74/74 73/73
f 25/25 26/26 75/75
f 25/25 75/75 74/74
f 26/26 27/27 76/76
f 26/26 76/76 75/75
f 27/27 28/28 77/77
f 27/27 77/77 76/76
f 28/28 29/29 78/78
f 28/28 78/78 77/77
f 29/29 30/30 79/79
f 29/29 79/79 78/78
f 30/30 31/31 80/80
f 30/30 80/80 79/79
f 31/31 32/32 81/81
f 31/31 81/81 80/80
f 32/32 33/33 82/82
f 32/32 82/82 81/81
f 33/33 34/34 83/83
f 33/33 83/83 82/82
f 34/34 35/35 84/84
f 34/34 84/84 83/83
f 35/35 36/36 85/85
f 35/35 85/85 84/84
f 36/36 37/37 86/86
f 36/36 86/86 85/85
f 37/37 38/38 87/87
f 37/37 87/87 86/86
f 38/38 39/39 88/88
f 38/38 88/88 87/87
f 39/39 40/40 89/89
f 39/39 89/89 88/88
f 40/40 41/41 90/90
f 40/40 90/90 89/89
f 41/41 42/42 91/91
f 41/41 91/91 90/90
f 42/42 43/43 92/92
f 42/42 92/92 91/91
f 43/43 44/44 93/93
f 43/43 93/93 92/92
f 44/44 45/45 94/94
f 44/44 94/94 93/93
f 45/45 46/46 95/95
f 45/45 95/95 94/94
f 46/46 47/47 96/96
f 46/46 96/96 95/95
f 47/47 48/48 97/97
f 47/47 97/97 96/96
f 48/48 49/49 98/98
f 48/48 98/98 97/97
f 50/50 51/51 100/100
f 50/50 100/100 99/99
f 51/51 52/52 101/101
f 51/51 101/101 100/100
f 52/52 53/53 102/102
f 52/52 102/102 101/101
f 53/53 54/54 103/103
f 53/53 103/103 102/102
f 54/54 55/55 104/104
f 54/54 104/104 103/103
f 55/55 56/56 105/105
f 55/55 105/105 104/104
f 56/56 57/57 106/106
f 56/56 106/106 105/105
f 57/57 58/58 107/107
f 57/57 107/107 106/106
f 58/58 59/59 108/108
f 58/58 108/108 107/107
f 59/59 60/60 109/109
f 59/59 109/109 108/108
f 60/60 61/61 110/110
f 60/60 110/110 109/109
f 61/61 62/62 111/111
f 61/61 111/111 110/110
f 62/62 63/63 112/112
f 62/62 112/112 111/111
f 63/63 64/64 113/113
f 63/63 113/113 112/112
f 64/64 65/65 114/114
f 64/64 114/114 113/113
f 65/65 66/66 115/115
f 65/65 115/115 114/114
f 66/66 67/67 116/116
f 66/66 116/116 115/115
f 67/67 68/68 117/117
f 67/67 117/117 116/116
f 68/68 69/69 118/118
f 68/68 118/118 117/117
f 69/69 70/70 119/119
f 69/69 119/119 118/118
f 70/70 71/71 120/120
f 70/70 120/120 119/119
f 71/71 72/72 121/121
f 71/71 121/121 120/120
f 72/72 73/73 122/122
f 72/72 122/122 121/121
f 73/73 74/74 123/123
f 73/73 123/123 122/122
f 74/74 75/75 124/124
f 74/74 124/124 123/123
f 75/75 76/76 125/125
f 75/75 125/125 124/124
f 76/76 77/77 126/126
f 76/76 126/126 125/125
f 77/77 78/78 127/127
f 77/77 127/127 126/126
f 78/78 79/79 128/128
f 78/78 128/128 127/127
f 79/79 80/80 129/129
f 79/79 129/129 128/128
f 80/80 81/81 130/130
f 80/80 130/130 129/129
f 81/81 82/82 131/131
f 81/81 131/131 130/130
f 82/82 83/83 132/132
f 82/82 132/132 131/131
f 83/83 84/84 133/133
f 83/83 133/133 132/132
f 84/84 85/85 134/134
f 84/84 134/134 133/133
f 85/85 86/86 135/135
f 85/85 135/135 134/134
f 86/86 87/87 136/136
f 86/86 136/136 135/135
f 87/87 88/88 137/137
f 87/87 137/137 136/136
f 88/88 89/89 138/138
f 88/88 138/138 137/137
f 89/89 90/90 139/139
f 89/89 139/139 138/138
f 90/90 91/91 140/140
f 90/90 140/140 139/139
f 91/91 92/92 141/141
f 91/91 141/141 140/140
f 92/92 93/93 142/142
f 92/92 142/142 141/141
f 93/93 94/94 143/143
f 93/93 143/143 142/142
f 94/94 95/95 144/144
f 94/94 144/144 143/143
f 95/95 96/96 145/145
f 95/95 145/145 144/144
f 96/96 97/97 146/146
f 96/96 146/146 145/145
f 97/97 98/98 147/147
f 97/97 147/147 146/146
f 99/99 100/100 149/149
f 99/99 149/149 148/148
f 100/100 101/101 150/150
f 100/100 150/150 149/149
f 101/101 102/102 151/151
f 101/101 151/151 150/150
f 102/102 103/103 152/152
f 102/102 152/152 151/151
f 103/103 104/104 153/153
f 103/103 153/153 152/152
f 104/104 105/105 154/154
f 104/104 154/154 153/153
f 105/105 106/106 155/155
f 105/105 155/155 154/154
f 106/106 107/107 156/156
f 106/106 156/156 155/155
f 107/107 108/108 157/157
f 107/107 157/157 156/156
f 108/108 109/109 158/158
f 108/108 158/158 157/157
f 109/109 110/110 159/159
f 109/109 159/159 158/158
f 110/110 111/111 160/160
f 110/110 160/160 159/159
f 111/111 112/112 161/161
f 111/111 161/161 160/160
f 112/112 113/113 162/162
f 112/112 162/162 161/161
f 113/113 114/114 163/163
f 113/113 163/163 162/162
f 114/114 115/115 164/164
f 114/114 164/164 163/163
f 115/115 116/116 165/165
f 115/115 165/165 164/164
f 116/116 117/117 166/166
f 116/116 166/166 165/165
f 117/117 118/118 167/167
f 117/117 167/167 166/166
f 118/118 119/119 168/168
f 118/118 168/168 167/167
f 119/119 120/120 169/169
f 119/119 169/169 168/168
f 120/120 121/121 170/170
f 120/120 170/170 169/169
f 121/121 122/122 171/171
f 121/121 171/171 170/170
f 122/122 123/123 172/172
f 122/122 172/172 171/171
f 123/123 124/124 173/173
f 123/123 173/173 172/172
f 124/124 125/125 174/174
f 124/124 174/174 173/173
f 125/125 126/126 175/175
f 125/125 175/175 174/174
f 126/126 127/127 176/176
f 126/126 176/176 175/175
f 127/127 128/128 177/177
f 127/127 177/177 176/176
f 128/128 129/129 178/178
f 128/128 178/178 177/177
f 129/129 130/130 179/179
f 129/129 179/179 178/178
f 130/130 131/131 180/180
f 130/130 180/180 179/179
f 131/131 132/132 181/181
f 131/131 181/181 180/180
f 132/132 133/133 182/182
f 132/132 182/182 181/181
f 133/133 134/134 183/183
f 133/133 183/183 182/182
f 134/134 135/135 184/184
f 134/134 184/184 183/183
f 135/135 136/136 185/185
f 135/135 185/185 184/184
f 136/136 137/137 186/186
f 136/136 186/186 185/185
f 137/137 138/138 187/187
f 137/137 187/187 186/186
f 138/138 139/139 188/188
f 138/138 188/188 187/187
f 139/139 140/140 189/189
f 139/139 189/189 188/188
f 140/140 141/141 190/190
f 140/140 190/190 189/189
f 141/141 142/142 191/191
f 141/141 191/191 190/190
f 142/142 143/143 192/192
f 142/142 192/192 191/191
f 143/143 144/144 193/193
f 143/143 193/193 192/192
f 144/144 145/145 194/194
f 144/144 194/194 193/193
f 145/145 146/146 195/195
f 145/145 195/195 194/194
f 146/146 147/147 196/196
f 146/146 196/196 195/195
f 148/148 149/149 198/198
f 148/148 198/198 197/197
f 149/149 150/150 199/199
f 149/149 199/199 198/198
f 150/150 151/151 200/200
f 150/150 200/200 199/199
f 151/151 152/152 201/201
f 151/151 201/201 200/200
f 152/152 153/153 202/202
f 152/152 202/202 201/201
f 153/153 154/154 203/203
f 153/153 203/203 202/202
f 154/154 155/155 204/204
f 154/154 204/204 203/203
f 155/155 156/156 205/205
f 155/155 205/205 204/204
f 156/156 157/157 206/206
f 156/156 206/206 205/205
f 157/157 158/158 207/207
f 157/157 207/207 206/206
f 158/158 159/159 208/208
f 158/158 208/208 207/207
f 159/159 160/160 209/209
f 159/159 209/209 208/208
f 160/160 161/161 210/210
f 160/160 210/210 209/209
f 161/161 162/162 211/211
f 161/161 211/211 210/210
f 162/162 163/163 212/212
f 162/162 212/212 211/211
f 163/163 164/164 213/213
f 163/163 213/213 212/212
f 164/164 165/165 214/214
f 164/164 214/214 213/213
f 165/165 166/166 215/215
f 165/165 215/215 214/214
f 166/166 167/167 216/216
f 166/166 216/216 215/215
f 167/167 168/168 217/217
f 167/167 217/217 216/216
f 168/168 169/169 218/218
f 168/168 218/218 217/217
f 169/169 170/170 219/219
f 169/169 219/219 218/218
f 170/170 171/171 220/220
f 170/170 220/220 219/219
f 171/171 172/172 221/221
f 171/171 221/221 220/220
f 172/172 173/173 222/222
f 172/172 222/222 221/221
f 173/173 174/174 223/223
f 173/173 223/223 222/222
f 174/174 175/175 224/224
f 174/174 224/224 223/223
f 175/175 176/176 225/225
f 175/175 225/225 224/224
f 176/176 177/177 226/226
f 176/176 226/226 225/225
f 177/177 178/178 227/227
f 177/177 227/227 226/226
f 178/178 179/179 228/228
f 178/178 228/228 227/227
f 179/179 180/180 229/229
f 179/179 229/229 228/228
f 180/180 181/181 230/230
f 180/180 230/230 229/229
f 181/181 182/182 231/231
f 181/181 231/231 230/230
f 182/182 183/183 232/232
f 182/182 232/232 231/231
f 183/183 184/184 233/233
f 183/183 233/233 232/232
f 184/184 185/185 234/234
f 184/184 234/234 233/233
f 185/185 186/186 235/235
f 185/185 235/235 234/234
f 186/186 187/187 236/236
f 186/186 236/236 235/235
f 187/187 188/188 237/237
f 187/187 237/237 236/236
f 188/188 189/189 238/238
f 188/188 238/238 237/237
f 189/189 190/190 239/239
f 189/189 239/239 238/238
f 190/190 191/191 240/240
f 190/190 240/240 239/239
f 191/191 192/192 241/241
f 191/191 241/241 240/240
f 192/192 193/193 242/242
f 192/192 242/242 241/241
f 193/193 194/194 243/243
f 193/193 243/243 242/242
f 194/194 195/195 244/244
f 194/194 244/244 243/243
f 195/195 196/196 245/245
f 195/195 245/245 244/244
f 197/197 198/198 247/247
f 197/197 247/247 246/246
f 198/198 199/199 248/248
f 198/198 248/248 247/247
f 199/199 200/200 249/249
f 199/199 249/249 248/248
f 200/200 201/201 250/250
f 200/200 250/250 249/249
f 201/201 202/202 251/251
f 201/201 251/251 250/250
f 202/202 203/203 252/252
f 202/202 252/252 251/251
f 203/203 204/204 253/253
f 203/203 253/253 252/252
f 204/204 205/205 254/254
f 204/204 254/254 253/253
f 205/205 206/206 255/255
f 205/205 255/255 254/254
f 206/206 207/207 256/256
f 206/206 256/256 255/255
f 207/207 208/208 257/257
f 207/207 257/257 256/256
f 208/208 209/209 258/258
f 208/208 258/258 257/257
f 209/209 210/210 259/259
f 209/209 259/259 258/258
f 210/210 211/211 260/260
f 210/210 260/260 259/259
f 211/211 212/212 261/261
f 211/211 261/261 260/260
f 212/212 213/213 262/262
f 212/212 262/262 261/261
f 213/213 214/214 263/263
f 213/213 263/263 262/262
f 214/214 215/215 264/264
f 214/214 264/264 263/263
f 215/215 216/216 265/265
f 215/215 265/265 264/264
f 216/216 217/217 266/266
f 216/216 266/266 265/265
f 217/217 218/218 267/267
f 217/217 267/267 266/266
f 218/218 219/219 268/268
f 218/218 268/268 267/267
f 219/219 220/220 269/269
f 219/219 269/269 268/268
f 220/220 221/221 270/270
f 220/220 270/270 269/269
f 221/221 222/222 271/271
f 221/221 271/271 270/270
f 222/222 223/223 272/272
f 222/222 272/272 271/271
f 223/223 224/224 273/273
f 223/223 273/273 272/272
f 224/224 225/225 274/274
f 224/224 274/274 273/273
f 225/225 226/226 275/275
f 225/225 275/275 274/274
f 226/226 227/227 276/276
f 226/226 276/276 275/275
f 227/227 228/228 277/277
f 227/227 277/277 276/276
f 228/228 229/229 278/278
f 228/228 278/278 277/277
f 229/229 230/230 279/279
f 229/229 279/279 278/278
f 230/230 231/231 280/280
f 230/230 280/280 279/279
f 231/231 232/232 281/281
f 231/231 281/281 280/280
f 232/232 233/233 282/282
f 232/232 282/282 281/281
f 233/233 234/234 283/283
f 233/233 283/283 282/282
f 234/234 235/235 284/284
f 234/234 284/284 283/283
f 235/235 236/236 285/285
f 235/235 285/285 284/284
f 236/236 237/237 286/286
f 236/236 286/286 285/285
f 237/237 238/238 287/287
f 237/237 287/287 286/286
f 238/238 239/239 288/288
f 238/238 288/288 287/287
f 239/239 240/240 289/289
f 239/239 289/289 288/288
f 240/240 241/241 290/290
f 240/240 290/290 289/289
f 241/241 242/242 291/291
f 241/241 291/291 290/290
f 242/242 243/243 292/292
f 242/242 292/292 291/291
f 243/243 244/244 293/293
f 243/243 293/293 292/292
f 244/244 245/245 294/294
f 244/244 294/294 293/293
f 296/296 295/295 344/344
f 296/296 344/344 345/345
f 297/297 296/296 345/345
f 297/297 345/345 346/346
f 298/298 297/297 346/346
f 298/298 346/346 347/347
f 299/299 298/298 347/347
f 299/299 347/347 348/348
f 300/300 299/299 348/348
f 300/300 348/348 349/349
f 301/301 300/300 349/349
f 301/301 349/349 350/350
f 302/302 301/301 350/350
f 302/302 350/350 351/351
f 303/303 302/302 351/351
f 303/303 351/351 352/352
f 304/304 303/303 352/352
f 304/304 352/352 353/353
f 305/305 304/304 353/353
f 305/305 353/353 354/354
f 306/306 305/305 354/354
f 306/306 354/354 355/355
f 307/307 306/306 355/355
f 307/307 355/355 356/356
f 308/308 307/307 356/356
f 308/308 356/356 357/357
f 309/309 308/308 357/357
f 309/309 357/357 358/358
f 310/310 309/309 358/358
f 310/310 358/358 359/359
f 311/311 310/310 359/359
f 311/311 359/359 360/360
f 312/312 311/311 360/360
f 312/312 360/360 361/361
f 313/313 312/312 361/361
f 313/313 361/361 362/362
f 314/314 313/313 362/362
f 314/314 362/362 363/363
f 315/315 314/314 363/363
f 315/315 363/363 364/364
f 316/316 315/315 364/364
f 316/316 364/364 365/365
f 317/317 316/316 365/365
f 317/317 365/365 366/366
f 318/318 317/317 366/366
f 318/318 366/366 367/367
f 319/319 318/318 367/367
f 319/319 367/367 368/368
f 320/320 319/319 368/368
f 320/320 368/368 369/369
f 321/321 320/320 369/369
f 321/321 369/369 370/370
f 322/322 321/321 370/370
f 322/322 370/370 371/371
f 323/323 322/322 371/371
f 323/323 371/371 372/372
f 324/324 323/323 372/372
f 324/324 372/372 373/373
f 325/325 324/324 373/373
f 325/325 373/373 374/374
f 326/326 325/325 374/374
f 326/326 374/374 375/375
f 327/327 326/326 375/375
f 327/327 375/375 376/376
f 328/328 327/327 376/376
f 328/328 376/376 377/377
f 329/329 328/328 377/377
f 329/329 377/377 378/378
f 330/330 329/329 378/378
f 330/330 378/378 379/379
f 331/331 330/330 379/379
f 331/331 379/379 380/380
f 332/332 331/331 380/380
f 332/332 380/380 381/381
f 333/333 332/332 381/381
f 333/333 381/381 382/382
f 334/334 333/333 382/382
f 334/334 382/382 383/383
f 335/335 334/334 383/383
f 335/335 383/383 384/384
f 336/336 335/335 384/384
f 336/336 384/384 385/385
f 337/337 336/336 385/385
f 337/337 385/385 386/386
f 338/338 337/337 386/386
f 338/338 386/386 387/387
f 339/339 338/338 387/387
f 339/339 387/387 388/388
f 340/340 339/339 388/388
f 340/340 388/388 389/389
f 341/341 340/340 389/389
f 341/341 389/389 390/390
f 342/342 341/341 390/390
f 342/342 390/390 391/391
f 343/343 342/342 391/391
f 343/343 391/391 392/392
f 345/345 344/344 393/393
f 345/345 393/393 394/394
f 346/346 345/345 394/394
f 346/346 394/394 395/395
f 347/347 346/346 395/395
f 347/347 395/395 396/396
f 348/348 347/347 396/396
f 348/348 396/396 397/397
f 349/349 348/348 397/397
f 349/349 397/397 398/398
f 350/350 349/349 398/398
f 350/350 398/398 399/399
f 351/351 350/350 399/399
f 351/351 399/399 400/400
f 352/352 351/351 400/400
f 352/352 400/400 401/401
f 353/353 352/352 401/401
f 353/353 401/401 402/402
f 354/354 353/353 402/402
f 354/354 402/402 403/403
f 355/355 354/354 403/403
f 355/355 403/403 404/404
f 356/356 355/355 404/404
f 356/356 404/404 405/405
f 357/357 356/356 405/405
f 357/357 405/405 406/406
f 358/358 357/357 406/406
f 358/358 406/406 407/407
f 359/359 358/358 407/407
f 359/359 407/407 408/408
f 360/360 359/359 408/408
f 360/360 408/408 409/409
f 361/361 360/360 409/409
f 361/361 409/409 410/410
f 362/362 361/361 410/410
f 362/362 410/410 411/411
f 363/363 362/362 411/411
f 363/363 411/411 412/412
f 364/364 363/363 412/412
f 364/364 412/412 413/413
f 365/365 364/364 413/413
f 365/365 413/413 414/414
f 366/366 365/365 414/414
f 366/366 414/414 415/415
f 367/367 366/366 415/415
f 367/367 415/415 416/416
f 368/368 367/367 416/416
f 368/368 416/416 417/417
f 369/369 368/368 417/417
f 369/369 417/417 418/418
f 370/370 369/369 418/418
f 370/370 418/418 419/419
f 371/371 370/370 419/419
f 371/371 419/419 420/420
f 372/372 371/371 420/420
f 372/372 420/420 421/421
f 373/373 372/372 421/421
f 373/373 421/421 422/422
f 374/374 373/373 422/422
f 374/374 422/422 423/423
f 375/375 374/374 423/423
f 375/375 423/423 424/424
f 376/376 375/375 424/424
f 376/376 424/424 425/425
f 377/377 376/376 425/425
f 377/377 425/425 426/426
f 378/378 377/377 426/426
f 378/378 426/426 427/427
f 379/379 378/378 427/427
f 379/379 427/427 428/428
f 380/380 379/379 428/428
f 380/380 428/428 429/429
f 381/381 380/380 429/429
f 381/381 429/429 430/430
f 382/382 381/381 430/430
f 382/382 430/430 431/431
f 383/383 382/382 431/431
f 383/383 431/431 432/432
f 384/384 383/383 432/432
f 384/384 432/432 433/433
f 385/385 384/384 433/433
f 385/385 433/433 434/434
f 386/386 385/385 434/434
f 386/386 434/434 435/435
f 387/387 386/386 435/435
f 387/387 435/435 436/436
f 388/388 387/387 436/436
f 388/388 436/436 437/437
f 389/389 388/388 437/437
f 389/389 437/437 438/438
f 390/390 389/389 438/438
f 390/390 438/438 439/439
f 391/391 390/390 439/439
f 391/391 439/439 440/440
f 392/392 391/391 440/440
f 392/392 440/440 441/441
f 394/394 393/393 442/442
f 394/394 442/442 443/443
f 395/395 394/394 443/443
f 395/395 443/443 444/444
f 396/396 395/395 444/444
f 396/396 444/444 445/445
f 397/397 396/396 445/445
f 397/397 445/445 446/446
f 398/398 397/397 446/446
f 398/398 446/446 447/447
f 399/399 398/398 447/447
f 399/399 447/447 448/448
f 400/400 399/399 448/448
f 400/400 448/448 449/449
f 401/401 400/400 449/449
f 401/401 449/449 450/450
f 402/402 401/401 450/450
f 402/402 450/450 451/451
f 403/403 402/402 451/451
f 403/403 451/451 452/452
f 404/404 403/403 452/452
f 404/404 452/452 453/453
f 405/405 404/404 453/453
f 405/405 453/453 454/454
f 406/406 405/405 454/454
f 406/406 454/454 455/455
f 407/407 406/406 455/455
f 407/407 455/455 456/456
f 408/408 407/407 456/456
f 408/408 456/456 457/457
f 409/409 408/408 457/457
f 409/409 457/457 458/458
f 410/410 409/409 458/458
f 410/410 458/458 459/459
f 411/411 410/410 459/459
f 411/411 459/459 460/460
f 412/412 411/411 460/460
f 412/412 460/460 461/461
f 413/413 412/412 461/461
f 413/413 461/461 462/462
f 414/414 413/413 462/462
f 414/414 462/462 463/463
f 415/415 414/414 463/463
f 415/415 463/463 464/464
f 416/416 415/415 464/464
f 416/416 464/464 465/465
f 417/417 416/416 465/465
f 417/417 465/465 466/466
f 418/418 417/417 466/466
f 418/418 466/466 467/467
f 419/419 418/418 467/467
f 419/419 467/467 468/468
f 420/420 419/419 468/468
f 420/420 468/468 469/469
f 421/421 420/420 469/469
f 421/421 469/469 470/470
f 422/422 421/421 470/470
f 422/422 470/470 471/471
f 423/423 422/422 471/471
f 423/423 471/471 472/472
f 424/424 423/423 472/472
f 424/424 472/472 473/473
f 425/425 424/424 473/473
f 425/425 473/473 474/474
f 426/426 425/425 474/474
f 426/426 474/474 475/475
f 427/427 426/426 475/475
f 427/427 475/475 476/476
f 428/428 427/427 476/476
f 428/428 476/476 477/477
f 429/429 428/428 477/477
f 429/429 477/477 478/478
f 430/430 429/429 478/478
f 430/430 478/478 479/479
f 431/431 430/430 479/479
f 431/431 479/479 480/480
f 432/432 431/431 480/480
f 432/432 480/480 481/481
f 433/433 432/432 481/481
f 433/433 481/481 482/482
f 434/434 433/433 482/482
f 434/434 482/482 483/483
f 435/435 434/434 483/483
f 435/435 483/483 484/484
f 436/436 435/435 484/484
f 436/436 484/484 485/485
f 437/437 436/436 485/485
f 437/437 485/485 486/486
f 438/438 437/437 486/486
f 438/438 486/486 487/487
f 439/439 438/438 487/487
f 439/439 487/487 488/488
f 440/440 439/439 488/488
f 440/440 488/488 489/489
f 441/441 440/440 489/489
f 441/441 489/489 490/490
f 443/443 442/442 491/491
f 443/443 491/491 492/492
f 444/444 443/443 492/492
f 444/444 492/492 493/493
f 445/445 444/444 493/493
f 445/445 493/493 494/494
f 446/446 445/445 494/494
f 446/446 494/494 495/495
f 447/447 446/446 495/495
f 447/447 495/495 496/496
f 448/448 447/447 496/496
f 448/448 496/496 497/497
f 449/449 448/448 497/497
f 449/449 497/497 498/498
f 450/450 449/449 498/498
f 450/450 498/498 499/499
f 451/451 450/450 499/499
f 451/451 499/499 500/500
f 452/452 451/451 500/500
f 452/452 500/500 501/501
f 453/453 452/452 501/501
f 453/453 501/501 502/502
f 454/454 453/453 502/502
f 454/454 502/502 503/503
f 455/455 454/454 503/503
f 455/455 503/503 504/504
f 456/456 455/455 504/504
f 456/456 504/504 505/505
f 457/457 456/456 505/505
f 457/457 505/505 506/506
f 458/458 457/457 506/506
f 458/458 506/506 507/507
f 459/459 458/458 507/507
f 459/459 507/507 508/508
f 460/460 459/459 508/508
f 460/460 508/508 509/509
f 461/461 460/460 509/509
f 461/461 509/509 510/510
f 462/462 461/461 510/510
f 462/462 510/510 511/511
f 463/463 462/462 511/511
f 463/463 511/511 512/512
f 464/464 463/463 512/512
f 464/464 512/512 513/513
f 465/465 464/464 513/513
f 465/465 513/513 514/514
f 466/466 465/465 514/514
f 466/466 514/514 515/515
f 467/467 466/466 515/515
f 467/467 515/515 516/516
f 468/468 467/467 516/516
f 468/468 516/516 517/517
f 469/469 468/468 517/517
f 469/469 517/517 518/518
f 470/470 469/469 518/518
f 470/470 518/518 519/519
f 471/471 470/470 519/519
f 471/471 519/519 520/520
f 472/472 471/471 520/520
f 472/472 520/520 521/521
f 473/473 472/472 521/521
f 473/473 521/521 522/522
f 474/474 473/473 522/522
f 474/474 522/522 523/523
f 475/475 474/474 523/523
f 475/475 523/523 524/524
f 476/476 475/475 524/524
f 476/476 524/524 525/525
f 477/477 476/476 525/525
f 477/477 525/525 526/526
f 478/478 477/477 526/526
f 478/478 526/526 527/527
f 479/479 478/478 527/527
f 479/479 527/527 528/528
f 480/480 479/479 528/528
f 480/480 528/528 529/529
f 481/481 480/480 529/529
f 481/481 529/529 530/530
f 482/482 481/481 530/530
f 482/482 530/530 531/531
f 483/483 482/482 531/531
f 483/483 531/531 532/532
f 484/484 483/483 532/532
f 484/484 532/532 533/533
f 485/485 484/484 533/533
f 485/485 533/533 534/534
f 486/486 485/485 534/534
f 486/486 534/534 535/535
f 487/487 486/486 535/535
f 487/487 535/535 536/536
f 488/488 487/487 536/536
f 488/488 536/536 537/537
f 489/489 488/488 537/537
f 489/489 537/537 538/538
f 490/490 489/489 538/538
f 490/490 538/538 539/539
f 492/492 491/491 540/540
f 492/492 540/540 541/541
f 493/493 492/492 541/541
f 493/493 541/541 542/542
f 494/494 493/493 542/542
f 494/494 542/542 543/543
f 495/495 494/494 543/543
f 495/495 543/543 544/544
f 496/496 495/495 544/544
f 496/496 544/544 545/545
f 497/497 496/496 545/545
f 497/497 545/545 546/546
f 498/498 497/497 546/546
f 498/498 546/546 547/547
f 499/499 498/498 547/547
f 499/499 547/547 548/548
f 500/500 499/499 548/548
f 500/500 548/548 549/549
f 501/501 500/500 549/549
f 501/501 549/549 550/550
f 502/502 501/501 550/550
f 502/502 550/550 551/551
f 503/503 502/502 551/551
f 503/503 551/551 552/552
f 504/504 503/503 552/552
f 504/504 552/552 553/553
f 505/505 504/504 553/553
f 505/505 553/553 554/554
f 506/506 505/505 554/554
f 506/506 554/554 555/555
f 507/507 506/506 555/555
f 507/507 555/555 556/556
f 508/508 507/507 556/556
f 508/508 556/556 557/557
f 509/509 508/508 557/557
f 509/509 557/557 558/558
f 510/510 509/509 558/558
f 510/510 558/558 559/559
f 511/511 510/510 559/559
f 511/511 559/559 560/560
f 512/512 511/511 560/560
f 512/512 560/560 561/561
f 513/513 512/512 561/561
f 513/513 561/561 562/562
f 514/514 513/513 562/562
f 514/514 562/562 563/563
f 515/515 514/514 563/563
f 515/515 563/563 564/564
f 516/516 515/515 564/564
f 516/516 564/564 565/565
f 517/517 516/516 565/565
f 517/517 565/565 566/566
f 518/518 517/517 566/566
f 518/518 566/566 567/567
f 519/519 518/518 567/567
f 519/519 567/567 568/568
f 520/520 519/519 568/568
f 520/520 568/568 569/569
f 521/521 520/520 569/569
f 521/521 569/569 570/570
f 522/522 521/521 570/570
f 522/522 570/570 571/571
f 523/523 522/522 571/571
f 523/523 571/571 572/572
f 524/524 523/523 572/572
f 524/524 572/572 573/573
f 525/525 524/524 573/573
f 525/525 573/573 574/574
f 526/526 525/525 574/574
f 526/526 574/574 575/575
f 527/527 526/526 575/575
f 527/527 575/575 576/576
f 528/528 527/527 576/576
f 528/528 576/576 577/577
f 529/529 528/528 577/577
f 529/529 577/577 578/578
f 530/530 529/529 578/578
f 530/530 578/578 579/579
f 531/531 530/530 579/579
f 531/531 579/579 580/580
f 532/532 531/531 580/580
f 532/532 580/580 581/581
f 533/533 532/532 581/581
f 533/533 581/581 582/582
f 534/534 533/533 582/582
f 534/534 582/582 583/583
f 535/535 534/534 583/583
f 535/535 583/583 584/584
f 536/536 535/535 584/584
f 536/536 584/584 585/585
f 537/537 536/536 585/585
f 537/537 585/585 586/586
f 538/538 537/537 586/586
f 538/538 586/586 587/587
f 539/539 538/538 587/587
f 539/539 587/587 588/588
f 589/589 590/590 591/591
f 589/589 591/591 592/592
f 593/593 594/594 595/595
f 593/593 595/595 596/596
f 597/597 598/598 599/599
f 597/597 599/599 600/600
f 601/601 602/602 603/603
f 601/601 603/603 604/604
f 605/605 606/606 607/607
f 605/605 607/607 608/608
f 609/609 610/610 611/611
f 609/609 611/611 612/612
f 613/613 614/614 615/615
f 613/613 615/615 616/616
f 617/617 618/618 619/619
f 617/617 619/619 620/620
f 621/621 622/622 623/623
f 621/621 623/623 624/624
f 625/625 626/626 627/627
f 625/625 627/627 628/628
f 629/629 630/630 631/631
f 629/629 631/631 632/632
f 633/633 634/634 635/635
f 633/633 635/635 636/636
f 637/637 638/638 639/639
f 637/637 639/639 640/640
f 641/641 642/642 643/643
f 641/641 643/643 644/644
f 645/645 646/646 647/647
f 645/645 647/647 648/648
f 649/649 650/650 651/651
f 649/649 651/651 652/652
f 653/653 654/654 655/655
f 653/653 655/655 656/656
f 657/657 658/658 659/659
f 657/657 659/659 660/660
f 661/661 662/662 663/663
f 661/661 663/663 664/664
f 665/665 666/666 667/667
f 665/665 667/667 668/668
f 669/669 670/670 671/671
f 669/669 671/671 672/672
f 673/673 674/674 675/675
f 673/673 675/675 676/676
f 677/677 678/678 679/679
f 677/677 679/679 680/680
f 681/681 682/682 683/683
f 681/681 683/683 684/684
f 685/685 686/686 687/687
f 685/685 687/687 688/688
f 689/689 690/690 691/691
f 689/689 691/691 692/692
f 693/693 694/694 695/695
f 693/693 695/695 696/696
f 697/697 698/698 699/699
f 697/697 699/699 700/700
f 701/701 702/702 703/703
f 701/701 703/703 704/704
f 705/705 706/706 707/707
f 705/705 707/707 708/708
f 709/709 710/710 711/711
f 709/709 711/711 712/712
f 713/713 714/714 715/715
f 713/713 715/715 716/716
f 717/717 718/718 719/719
f 717/717 719/719 720/720
f 721/721 722/722 723/723
f 721/721 723/723 724/724
f 725/725 726/726 727/727
f 725/725 727/727 728/728
f 729/729 730/730 731/731
f 729/729 731/731 732/732
f 733/733 734/734 735/735
f 733/733 735/735 736/736
f 737/737 738/738 739/739
f 737/737 739/739 740/740
f 741/741 742/742 743/743
f 741/741 743/743 744/744
f 745/745 746/746 747/747
f 745/745 747/747 748/748
f 749/749 750/750 751/751
f 749/749 751/751 752/752
f 753/753 754/754 755/755
f 753/753 755/755 756/756
f 757/757 758/758 759/759
f 757/757 759/759 760/760
f 761/761 762/762 763/763
f 761/761 763/763 764/764
f 765/765 766/766 767/767
f 765/765 767/767 768/768
f 769/769 770/770 771/771
f 769/769 771/771 772/772
f 773/773 774/774 775/775
f 773/773 775/775 776/776
f 777/777 778/778 779/779
f 777/777 779/779 780/780
f 781/781 782/782 783/783
f 781/781 783/783 784/784
f 785/785 786/786 787/787
f 785/785 787/787 788/788
f 789/789 790/790 791/791
f 789/789 791/791 792/792
f 793/793 794/794 795/795
f 793/793 795/795 796/796
f 797/797 798/798 799/799
f 797/797 799/799 800/800
f 801/801 802/802 803/803
f 801/801 803/803 804/804
f 805/805 806/806 807/807
f 805/805 807/807 808/808
f 809/809 810/810 811/811
f 809/809 811/811 812/812
f 813/813 814/814 815/815
f 813/813 815/815 816/816
f 817/817 818/818 819/819
f 817/817 819/819 820/820
f 821/821 822/822 823/823
f 821/821 823/823 824/824
f 825/825 826/826 827/827
f 825/825 827/827 828/828
f 829/829 830/830 831/831
f 829/829 831/831 832/832
f 833/833 834/834 835/835
f 833/833 835/835 836/836
f 837/837 838/838 839/839
f 837/837 839/839 840/840
f 841/841 842/842 843/843
f 841/841 843/843 844/844
f 845/845 846/846 847/847
f 845/845 847/847 848/848
f 849/849 850/850 851/851
f 849/849 851/851 852/852
f 853/853 854/854 855/855
f 853/853 855/855 856/856
f 857/857 858/858 859/859
f 857/857 859/859 860/860
f 861/861 862/862 863/863
f 861/861 863/863 864/864
f 865/865 866/866 867/867
f 865/865 867/867 868/868
f 869/869 870/870 871/871
f 869/869 871/871 872/872
f 873/873 874/874 875/875
f 873/873 875/875 876/876
f 877/877 878/878 879/879
f 877/877 879/879 880/880
f 881/881 882/882 883/883
f 881/881 883/883 884/884
f 885/885 886/886 887/887
f 885/885 887/887 888/888
f 889/889 890/890 891/891
f 889/889 891/891 892/892
f 893/893 894/894 895/895
f 893/893 895/895 896/896
f 897/897 898/898 899/899
f 897/897 899/899 900/900
f 901/901 902/902 903/903
f 901/901 903/903 904/904
f 905/905 906/906 907/907
f 905/905 907/907 908/908
f 909/909 910/910 911/911
f 909/909 911/911 912/912
f 913/913 914/914 915/915
f 913/913 915/915 916/916
f 917/917 918/918 919/919
f 917/917 919/919 920/920
f 921/921 922/922 923/923
f 921/921 923/923 924/924
f 925/925 926/926 927/927
f 925/925 927/927 928/928
f 929/929 930/930 931/931
f 929/929 931/931 932/932
f 933/933 934/934 935/935
f 933/933 935/935 936/936
f 937/937 938/938 939/939
f 937/937 939/939 940/940
f 941/941 942/942 943/943
f 941/941 943/943 944/944
f 945/945 946/946 947/947
f 945/945 947/947 948/948
f 949/949 950/950 951/951
f 949/949 951/951 952/952
f 953/953 954/954 955/955
f 953/953 955/955 956/956
f 957/957 958/958 959/959
f 957/957 959/959 960/960
f 961/961 962/962 963/963
f 961/961 963/963 964/964
f 965/965 966/966 967/967
f 965/965 967/967 968/968
f 969/969 970/970 971/971
f 969/969 971/971 972/972
f 973/973 975/975 976/976
f 973/973 976/976 974/974
f 975/975 977/977 978/978
f 975/975 978/978 976/976
f 977/977 979/979 980/980
f 977/977 980/980 978/978
f 979/979 981/981 982/982
f 979/979 982/982 980/980
f 981/981 983/983 984/984
f 981/981 984/984 982/982
f 983/983 985/985 986/986
f 983/983 986/986 984/984
f 985/985 987/987 988/988
f 985/985 988/988 986/986
f 987/987 989/989 990/990
f 987/987 990/990 988/988
f 989/989 991/991 992/992
f 989/989 992/992 990/990
f 991/991 993/993 994/994
f 991/991 994/994 992/992
f 993/993 995/995 996/996
f 993/993 996/996 994/994
f 995/995 997/997 998/998
f 995/995 998/998 996/996
f 997/997 999/999 1000/1000
f 997/997 1000/1000 998/998
f 999/999 1001/1001 1002/1002
f 999/999 1002/1002 1000/1000
f 1001/1001 1003/1003 1004/1004
f 1001/1001 1004/1004 1002/1002
f 1003/1003 1005/1005 1006/1006
f 1003/1003 1006/1006 1004/1004
f 1005/1005 1007/1007 1008/1008
f 1005/1005 1008/1008 1006/1006
f 1007/1007 1009/1009 1010/1010
f 1007/1007 1010/1010 1008/1008
f 1009/1009 1011/1011 1012/1012
f 1009/1009 1012/1012 1010/1010
f 1011/1011 1013/1013 1014/1014
f 1011/1011 1014/1014 1012/1012
f 1013/1013 1015/1015 1016/1016
f 1013/1013 1016/1016 1014/1014
f 1015/1015 1017/1017 1018/1018
f 1015/1015 1018/1018 1016/1016
f 1017/1017 1019/1019 1020/1020
f 1017/1017 1020/1020 1018/1018
f 1019/1019 1021/1021 1022/1022
f 1019/1019 1022/1022 1020/1020
f 1021/1021 1023/1023 1024/1024
f 1021/1021 1024/1024 1022/1022
f 1023/1023 1025/1025 1026/1026
f 1023/1023 1026/1026 1024/1024
f 1025/1025 1027/1027 1028/1028
f 1025/1025 1028/1028 1026/1026
f 1027/1027 1029/1029 1030/1030
f 1027/1027 1030/1030 1028/1028
f 1029/1029 1031/1031 1032/1032
f 1029/1029 1032/1032 1030/1030
f 1031/1031 1033/1033 1034/1034
f 1031/1031 1034/1034 1032/1032
f 1033/1033 1035/1035 1036/1036
f 1033/1033 1036/1036 1034/1034
f 1035/1035 1037/1037 1038/1038
f 1035/1035 1038/1038 1036/1036
f 1037/1037 1039/1039 1040/1040
f 1037/1037 1040/1040 1038/1038
f 1039/1039 1041/1041 1042/1042
f 1039/1039 1042/1042 1040/1040
f 1041/1041 1043/1043 1044/1044
f 1041/1041 1044/1044 1042/1042
f 1043/1043 1045/1045 1046/1046
f 1043/1043 1046/1046 1044/1044
f 1045/1045 1047/1047 1048/1048
f 1045/1045 1048/1048 1046/1046
f 1047/1047 1049/1049 1050/1050
f 1047/1047 1050/1050 1048/1048
f 1049/1049 1051/1051 1052/1052
f 1049/1049 1052/1052 1050/1050
f 1051/1051 1053/1053 1054/1054
f 1051/1051 1054/1054 1052/1052
f 1053/1053 1055/1055 1056/1056
f 1053/1053 1056/1056 1054/1054
f 1055/1055 1057/1057 1058/1058
f 1055/1055 1058/1058 1056/1056
f 1057/1057 1059/1059 1060/1060
f 1057/1057 1060/1060 1058/1058
f 1059/1059 1061/1061 1062/1062
f 1059/1059 1062/1062 1060/1060
f 1061/1061 1063/1063 1064/1064
f 1061/1061 1064/1064 1062/1062
f 1063/1063 1065/1065 1066/1066
f 1063/1063 1066/1066 1064/1064
f 1065/1065 1067/1067 1068/1068
f 1065/1065 1068/1068 1066/1066
f 1067/1067 973/973 974/974
f 1067/1067 974/974 1068/1068
f 1067/1067 1065/1065 1063/1063 1061/1061 1059/1059 1057/1057 1055/1055 1053/1053 1051/1051 1049/1049 1047/1047 1045/1045 1043/1043 1041/1041 1039/1039 1037/1037 1035/1035 1033/1033 1031/1031 1029/1029 1027/1027 1025/1025 1023/1023 1021/1021 1019/1019 1017/1017 1015/1015 1013/1013 1011/1011 1009/1009 1007/1007 1005/1005 1003/1003 1001/1001 999/999 997/997 995/995 993/993 991/991 989/989 987/987 985/985 983/983 981/981 979/979 977/977 975/975 973/973
f 974/974 976/976 978/978 980/980 982/982 984/984 986/986 988/988 990/990 992/992 994/994 996/996 998/998 1000/1000 1002/1002 1004/1004 1006/1006 1008/1008 1010/1010 1012/1012 1014/1014 1016/1016 1018/1018 1020/1020 1022/1022 1024/1024 1026/1026 1028/1028 1030/1030 1032/1032 1034/1034 1036/1036 1038/1038 1040/1040 1042/1042 1044/1044 1046/1046 1048/1048 1050/1050 1052/1052 1054/1054 1056/1056 1058/1058 1060/1060 1062/1062 1064/1064 1066/1066 1068/1068
usemtl DarkIron
f 1069/1069 1075/1075 1076/1076
f 1069/1069 1076/1076 1070/1070
f 1070/1070 1076/1076 1077/1077
f 1070/1070 1077/1077 1071/1071
f 1071/1071 1077/1077 1078/1078
f 1071/1071 1078/1078 1072/1072
f 1072/1072 1078/1078 1079/1079
f 1072/1072 1079/1079 1073/1073
f 1073/1073 1079/1079 1080/1080
f 1073/1073 1080/1080 1074/1074
f 1074/1074 1080/1080 1075/1075
f 1074/1074 1075/1075 1069/1069
f 1075/1075 1081/1081 1082/1082
f 1075/1075 1082/1082 1076/1076
f 1076/1076 1082/1082 1083/1083
f 1076/1076 1083/1083 1077/1077
f 1077/1077 1083/1083 1084/1084
f 1077/1077 1084/1084 1078/1078
f 1078/1078 1084/1084 1085/1085
f 1078/1078 1085/1085 1079/1079
f 1079/1079 1085/1085 1086/1086
f 1079/1079 1086/1086 1080/1080
f 1080/1080 1086/1086 1081/1081
f 1080/1080 1081/1081 1075/1075
f 1081/1081 1087/1087 1088/1088
f 1081/1081 1088/1088 1082/1082
f 1082/1082 1088/1088 1089/1089
f 1082/1082 1089/1089 1083/1083
f 1083/1083 1089/1089 1090/1090
f 1083/1083 1090/1090 1084/1084
f 1084/1084 1090/1090 1091/1091
f 1084/1084 1091/1091 1085/1085
f 1085/1085 1091/1091 1092/1092
f 1085/1085 1092/1092 1086/1086
f 1086/1086 1092/1092 1087/1087
f 1086/1086 1087/1087 1081/1081
f 1087/1087 1093/1093 1094/1094
f 1087/1087 1094/1094 1088/1088
f 1088/1088 1094/1094 1095/1095
f 1088/1088 1095/1095 1089/1089
f 1089/1089 1095/1095 1096/1096
f 1089/1089 1096/1096 1090/1090
f 1090/1090 1096/1096 1097/1097
f 1090/1090 1097/1097 1091/1091
f 1091/1091 1097/1097 1098/1098
f 1091/1091 1098/1098 1092/1092
f 1092/1092 1098/1098 1093/1093
f 1092/1092 1093/1093 1087/1087
f 1093/1093 1099/1099 1100/1100
f 1093/1093 1100/1100 1094/1094
f 1094/1094 1100/1100 1101/1101
f 1094/1094 1101/1101 1095/1095
f 1095/1095 1101/1101 1102/1102
f 1095/1095 1102/1102 1096/1096
f 1096/1096 1102/1102 1103/1103
f 1096/1096 1103/1103 1097/1097
f 1097/1097 1103/1103 1104/1104
f 1097/1097 1104/1104 1098/1098
f 1098/1098 1104/1104 1099/1099
f 1098/1098 1099/1099 1093/1093
f 1099/1099 1105/1105 1106/1106
f 1099/1099 1106/1106 1100/1100
f 1100/1100 1106/1106 1107/1107
f 1100/1100 1107/1107 1101/1101
f 1101/1101 1107/1107 1108/1108
f 1101/1101 1108/1108 1102/1102
f 1102/1102 1108/1108 1109/1109
f 1102/1102 1109/1109 1103/1103
f 1103/1103 1109/1109 1110/1110
f 1103/1103 1110/1110 1104/1104
f 1104/1104 1110/1110 1105/1105
f 1104/1104 1105/1105 1099/1099
f 1105/1105 1111/1111 1112/1112
f 1105/1105 1112/1112 1106/1106
f 1106/1106 1112/1112 1113/1113
f 1106/1106 1113/1113 1107/1107
f 1107/1107 1113/1113 1114/1114
f 1107/1107 1114/1114 1108/1108
f 1108/1108 1114/1114 1115/1115
f 1108/1108 1115/1115 1109/1109
f 1109/1109 1115/1115 1116/1116
f 1109/1109 1116/1116 1110/1110
f 1110/1110 1116/1116 1111/1111
f 1110/1110 1111/1111 1105/1105
f 1111/1111 1117/1117 1118/1118
f 1111/1111 1118/1118 1112/1112
f 1112/1112 1118/1118 1119/1119
f 1112/1112 1119/1119 1113/1113
f 1113/1113 1119/1119 1120/1120
f 1113/1113 1120/1120 1114/1114
f 1114/1114 1120/1120 1121/1121
f 1114/1114 1121/1121 1115/1115
f 1115/1115 1121/1121 1122/1122
f 1115/1115 1122/1122 1116/1116
f 1116/1116 1122/1122 1117/1117
f 1116/1116 1117/1117 1111/1111
f 1117/1117 1123/1123 1124/1124
f 1117/1117 1124/1124 1118/1118
f 1118/1118 1124/1124 1125/1125
f 1118/1118 1125/1125 1119/1119
f 1119/1119 1125/1125 1126/1126
f 1119/1119 1126/1126 1120/1120
f 1120/1120 1126/1126 1127/1127
f 1120/1120 1127/1127 1121/1121
f 1121/1121 1127/1127 1128/1128
f 1121/1121 1128/1128 1122/1122
f 1122/1122 1128/1128 1123/1123
f 1122/1122 1123/1123 1117/1117
f 1123/1123 1129/1129 1130/1130
f 1123/1123 1130/1130 1124/1124
f 1124/1124 1130/1130 1131/1131
f 1124/1124 1131/1131 1125/1125
f 1125/1125 1131/1131 1132/1132
f 1125/1125 1132/1132 1126/1126
f 1126/1126 1132/1132 1133/1133
f 1126/1126 1133/1133 1127/1127
f 1127/1127 1133/1133 1134/1134
f 1127/1127 1134/1134 1128/1128
f 1128/1128 1134/1134 1129/1129
f 1128/1128 1129/1129 1123/1123
f 1129/1129 1135/1135 1136/1136
f 1129/1129 1136/1136 1130/1130
f 1130/1130 1136/1136 1137/1137
f 1130/1130 1137/1137 1131/1131
f 1131/1131 1137/1137 1138/1138
f 1131/1131 1138/1138 1132/1132
f 1132/1132 1138/1138 1139/1139
f 1132/1132 1139/1139 1133/1133
f 1133/1133 1139/1139 1140/1140
f 1133/1133 1140/1140 1134/1134
f 1134/1134 1140/1140 1135/1135
f 1134/1134 1135/1135 1129/1129
f 1135/1135 1141/1141 1142/1142
f 1135/1135 1142/1142 1136/1136
f 1136/1136 1142/1142 1143/1143
f 1136/1136 1143/1143 1137/1137
f 1137/1137 1143/1143 1144/1144
f 1137/1137 1144/1144 1138/1138
f 1138/1138 1144/1144 1145/1145
f 1138/1138 1145/1145 1139/1139
f 1139/1139 1145/1145 1146/1146
f 1139/1139 1146/1146 1140/1140
f 1140/1140 1146/1146 1141/1141
f 1140/1140 1141/1141 1135/1135
f 1141/1141 1147/1147 1148/1148
f 1141/1141 1148/1148 1142/1142
f 1142/1142 1148/1148 1149/1149
f 1142/1142 1149/1149 1143/1143
f 1143/1143 1149/1149 1150/1150
f 1143/1143 1150/1150 1144/1144
f 1144/1144 1150/1150 1151/1151
f 1144/1144 1151/1151 1145/1145
f 1145/1145 1151/1151 1152/1152
f 1145/1145 1152/1152 1146/1146
f 1146/1146 1152/1152 1147/1147
f 1146/1146 1147/1147 1141/1141
f 1147/1147 1153/1153 1154/1154
f 1147/1147 1154/1154 1148/1148
f 1148/1148 1154/1154 1155/1155
f 1148/1148 1155/1155 1149/1149
f 1149/1149 1155/1155 1156/1156
f 1149/1149 1156/1156 1150/1150
f 1150/1150 1156/1156 1157/1157
f 1150/1150 1157/1157 1151/1151
f 1151/1151 1157/1157 1158/1158
f 1151/1151 1158/1158 1152/1152
f 1152/1152 1158/1158 1153/1153
f 1152/1152 1153/1153 1147/1147
f 1153/1153 1159/1159 1160/1160
f 1153/1153 1160/1160 1154/1154
f 1154/1154 1160/1160 1161/1161
f 1154/1154 1161/1161 1155/1155
f 1155/1155 1161/1161 1162/1162
f 1155/1155 1162/1162 1156/1156
f 1156/1156 1162/1162 1163/1163
f 1156/1156 1163/1163 1157/1157
f 1157/1157 1163/1163 1164/1164
f 1157/1157 1164/1164 1158/1158
f 1158/1158 1164/1164 1159/1159
f 1158/1158 1159/1159 1153/1153
f 1159/1159 1165/1165 1166/1166
f 1159/1159 1166/1166 1160/1160
f 1160/1160 1166/1166 1167/1167
f 1160/1160 1167/1167 1161/1161
f 1161/1161 1167/1167 1168/1168
f 1161/1161 1168/1168 1162/1162
f 1162/1162 1168/1168 1169/1169
f 1162/1162 1169/1169 1163/1163
f 1163/1163 1169/1169 1170/1170
f 1163/1163 1170/1170 1164/1164
f 1164/1164 1170/1170 1165/1165
f 1164/1164 1165/1165 1159/1159
f 1165/1165 1171/1171 1172/1172
f 1165/1165 1172/1172 1166/1166
f 1166/1166 1172/1172 1173/1173
f 1166/1166 1173/1173 1167/1167
f 1167/1167 1173/1173 1174/1174
f 1167/1167 1174/1174 1168/1168
f 1168/1168 1174/1174 1175/1175
f 1168/1168 1175/1175 1169/1169
f 1169/1169 1175/1175 1176/1176
f 1169/1169 1176/1176 1170/1170
f 1170/1170 1176/1176 1171/1171
f 1170/1170 1171/1171 1165/1165
f 1171/1171 1177/1177 1178/1178
f 1171/1171 1178/1178 1172/1172
f 1172/1172 1178/1178 1179/1179
f 1172/1172 1179/1179 1173/1173
f 1173/1173 1179/1179 1180/1180
f 1173/1173 1180/1180 1174/1174
f 1174/1174 1180/1180 1181/1181
f 1174/1174 1181/1181 1175/1175
f 1175/1175 1181/1181 1182/1182
f 1175/1175 1182/1182 1176/1176
f 1176/1176 1182/1182 1177/1177
f 1176/1176 1177/1177 1171/1171
f 1177/1177 1183/1183 1184/1184
f 1177/1177 1184/1184 1178/1178
f 1178/1178 1184/1184 1185/1185
f 1178/1178 1185/1185 1179/1179
f 1179/1179 1185/1185 1186/1186
f 1179/1179 1186/1186 1180/1180
f 1180/1180 1186/1186 1187/1187
f 1180/1180 1187/1187 1181/1181
f 1181/1181 1187/1187 1188/1188
f 1181/1181 1188/1188 1182/1182
f 1182/1182 1188/1188 1183/1183
f 1182/1182 1183/1183 1177/1177
f 1183/1183 1189/1189 1190/1190
f 1183/1183 1190/1190 1184/1184
f 1184/1184 1190/1190 1191/1191
f 1184/1184 1191/1191 1185/1185
f 1185/1185 1191/1191 1192/1192
f 1185/1185 1192/1192 1186/1186
f 1186/1186 1192/1192 1193/1193
f 1186/1186 1193/1193 1187/1187
f 1187/1187 1193/1193 1194/1194
f 1187/1187 1194/1194 1188/1188
f 1188/1188 1194/1194 1189/1189
f 1188/1188 1189/1189 1183/1183
f 1189/1189 1195/1195 1196/1196
f 1189/1189 1196/1196 1190/1190
f 1190/1190 1196/1196 1197/1197
f 1190/1190 1197/1197 1191/1191
f 1191/1191 1197/1197 1198/1198
f 1191/1191 1198/1198 1192/1192
f 1192/1192 1198/1198 1199/1199
f 1192/1192 1199/1199 1193/1193
f 1193/1193 1199/1199 1200/1200
f 1193/1193 1200/1200 1194/1194
f 1194/1194 1200/1200 1195/1195
f 1194/1194 1195/1195 1189/1189
f 1195/1195 1201/1201 1202/1202
f 1195/1195 1202/1202 1196/1196
f 1196/1196 1202/1202 1203/1203
f 1196/1196 1203/1203 1197/1197
f 1197/1197 1203/1203 1204/1204
f 1197/1197 1204/1204 1198/1198
f 1198/1198 1204/1204 1205/1205
f 1198/1198 1205/1205 1199/1199
f 1199/1199 1205/1205 1206/1206
f 1199/1199 1206/1206 1200/1200
f 1200/1200 1206/1206 1201/1201
f 1200/1200 1201/1201 1195/1195
f 1201/1201 1207/1207 1208/1208
f 1201/1201 1208/1208 1202/1202
f 1202/1202 1208/1208 1209/1209
f 1202/1202 1209/1209 1203/1203
f 1203/1203 1209/1209 1210/1210
f 1203/1203 1210/1210 1204/1204
f 1204/1204 1210/1210 1211/1211
f 1204/1204 1211/1211 1205/1205
f 1205/1205 1211/1211 1212/1212
f 1205/1205 1212/1212 1206/1206
f 1206/1206 1212/1212 1207/1207
f 1206/1206 1207/1207 1201/1201
f 1207/1207 1213/1213 1214/1214
f 1207/1207 1214/1214 1208/1208
f 1208/1208 1214/1214 1215/1215
f 1208/1208 1215/1215 1209/1209
f 1209/1209 1215/1215 1216/1216
f 1209/1209 1216/1216 1210/1210
f 1210/1210 1216/1216 1217/1217
f 1210/1210 1217/1217 1211/1211
f 1211/1211 1217/1217 1218/1218
f 1211/1211 1218/1218 1212/1212
f 1212/1212 1218/1218 1213/1213
f 1212/1212 1213/1213 1207/1207
f 1213/1213 1219/1219 1220/1220
f 1213/1213 1220/1220 1214/1214
f 1214/1214 1220/1220 1221/1221
f 1214/1214 1221/1221 1215/1215
f 1215/1215 1221/1221 1222/1222
f 1215/1215 1222/1222 1216/1216
f 1216/1216 1222/1222 1223/1223
f 1216/1216 1223/1223 1217/1217
f 1217/1217 1223/1223 1224/1224
f 1217/1217 1224/1224 1218/1218
f 1218/1218 1224/1224 1219/1219
f 1218/1218 1219/1219 1213/1213
f 1219/1219 1225/1225 1226/1226
f 1219/1219 1226/1226 1220/1220
f 1220/1220 1226/1226 1227/1227
f 1220/1220 1227/1227 1221/1221
f 1221/1221 1227/1227 1228/1228
f 1221/1221 1228/1228 1222/1222
f 1222/1222 1228/1228 1229/1229
f 1222/1222 1229/1229 1223/1223
f 1223/1223 1229/1229 1230/1230
f 1223/1223 1230/1230 1224/1224
f 1224/1224 1230/1230 1225/1225
f 1224/1224 1225/1225 1219/1219
f 1225/1225 1231/1231 1232/1232
f 1225/1225 1232/1232 1226/1226
f 1226/1226 1232/1232 1233/1233
f 1226/1226 1233/1233 1227/1227
f 1227/1227 1233/1233 1234/1234
f 1227/1227 1234/1234 1228/1228
f 1228/1228 1234/1234 1235/1235
f 1228/1228 1235/1235 1229/1229
f 1229/1229 1235/1235 1236/1236
f 1229/1229 1236/1236 1230/1230
f 1230/1230 1236/1236 1231/1231
f 1230/1230 1231/1231 1225/1225
f 1231/1231 1237/1237 1238/1238
f 1231/1231 1238/1238 1232/1232
f 1232/1232 1238/1238 1239/1239
f 1232/1232 1239/1239 1233/1233
f 1233/1233 1239/1239 1240/1240
f 1233/1233 1240/1240 1234/1234
f 1234/1234 1240/1240 1241/1241
f 1234/1234 1241/1241 1235/1235
f 1235/1235 1241/1241 1242/1242
f 1235/1235 1242/1242 1236/1236
f 1236/1236 1242/1242 1237/1237
f 1236/1236 1237/1237 1231/1231
f 1237/1237 1243/1243 1244/1244
f 1237/1237 1244/1244 1238/1238
f 1238/1238 1244/1244 1245/1245
f 1238/1238 1245/1245 1239/1239
f 1239/1239 1245/1245 1246/1246
f 1239/1239 1246/1246 1240/1240
f 1240/1240 1246/1246 1247/1247
f 1240/1240 1247/1247 1241/1241
f 1241/1241 1247/1247 1248/1248
f 1241/1241 1248/1248 1242/1242
f 1242/1242 1248/1248 1243/1243
f 1242/1242 1243/1243 1237/1237
f 1243/1243 1249/1249 1250/1250
f 1243/1243 1250/1250 1244/1244
f 1244/1244 1250/1250 1251/1251
f 1244/1244 1251/1251 1245/1245
f 1245/1245 1251/1251 1252/1252
f 1245/1245 1252/1252 1246/1246
f 1246/1246 1252/1252 1253/1253
f 1246/1246 1253/1253 1247/1247
f 1247/1247 1253/1253 1254/1254
f 1247/1247 1254/1254 1248/1248
f 1248/1248 1254/1254 1249/1249
f 1248/1248 1249/1249 1243/1243
f 1249/1249 1255/1255 1256/1256
f 1249/1249 1256/1256 1250/1250
f 1250/1250 1256/1256 1257/1257
f 1250/1250 1257/1257 1251/1251
f 1251/1251 1257/1257 1258/1258
f 1251/1251 1258/1258 1252/1252
f 1252/1252 1258/1258 1259/1259
f 1252/1252 1259/1259 1253/1253
f 1253/1253 1259/1259 1260/1260
f 1253/1253 1260/1260 1254/1254
f 1254/1254 1260/1260 1255/1255
f 1254/1254 1255/1255 1249/1249
f 1255/1255 1261/1261 1262/1262
f 1255/1255 1262/1262 1256/1256
f 1256/1256 1262/1262 1263/1263
f 1256/1256 1263/1263 1257/1257
f 1257/1257 1263/1263 1264/1264
f 1257/1257 1264/1264 1258/1258
f 1258/1258 1264/1264 1265/1265
f 1258/1258 1265/1265 1259/1259
f 1259/1259 1265/1265 1266/1266
f 1259/1259 1266/1266 1260/1260
f 1260/1260 1266/1266 1261/1261
f 1260/1260 1261/1261 1255/1255
f 1261/1261 1267/1267 1268/1268
f 1261/1261 1268/1268 1262/1262
f 1262/1262 1268/1268 1269/1269
f 1262/1262 1269/1269 1263/1263
f 1263/1263 1269/1269 1270/1270
f 1263/1263 1270/1270 1264/1264
f 1264/1264 1270/1270 1271/1271
f 1264/1264 1271/1271 1265/1265
f 1265/1265 1271/1271 1272/1272
f 1265/1265 1272/1272 1266/1266
f 1266/1266 1272/1272 1267/1267
f 1266/1266 1267/1267 1261/1261
f 1267/1267 1273/1273 1274/1274
f 1267/1267 1274/1274 1268/1268
f 1268/1268 1274/1274 1275/1275
f 1268/1268 1275/1275 1269/1269
f 1269/1269 1275/1275 1276/1276
f 1269/1269 1276/1276 1270/1270
f 1270/1270 1276/1276 1277/1277
f 1270/1270 1277/1277 1271/1271
f 1271/1271 1277/1277 1278/1278
f 1271/1271 1278/1278 1272/1272
f 1272/1272 1278/1278 1273/1273
f 1272/1272 1273/1273 1267/1267
f 1273/1273 1279/1279 1280/1280
f 1273/1273 1280/1280 1274/1274
f 1274/1274 1280/1280 1281/1281
f 1274/1274 1281/1281 1275/1275
f 1275/1275 1281/1281 1282/1282
f 1275/1275 1282/1282 1276/1276
f 1276/1276 1282/1282 1283/1283
f 1276/1276 1283/1283 1277/1277
f 1277/1277 1283/1283 1284/1284
f 1277/1277 1284/1284 1278/1278
f 1278/1278 1284/1284 1279/1279
f 1278/1278 1279/1279 1273/1273
f 1279/1279 1285/1285 1286/1286
f 1279/1279 1286/1286 1280/1280
f 1280/1280 1286/1286 1287/1287
f 1280/1280 1287/1287 1281/1281
f 1281/1281 1287/1287 1288/1288
f 1281/1281 1288/1288 1282/1282
f 1282/1282 1288/1288 1289/1289
f 1282/1282 1289/1289 1283/1283
f 1283/1283 1289/1289 1290/1290
f 1283/1283 1290/1290 1284/1284
f 1284/1284 1290/1290 1285/1285
f 1284/1284 1285/1285 1279/1279
f 1285/1285 1291/1291 1292/1292
f 1285/1285 1292/1292 1286/1286
f 1286/1286 1292/1292 1293/1293
f 1286/1286 1293/1293 1287/1287
f 1287/1287 1293/1293 1294/1294
f 1287/1287 1294/1294 1288/1288
f 1288/1288 1294/1294 1295/1295
f 1288/1288 1295/1295 1289/1289
f 1289/1289 1295/1295 1296/1296
f 1289/1289 1296/1296 1290/1290
f 1290/1290 1296/1296 1291/1291
f 1290/1290 1291/1291 1285/1285
f 1291/1291 1297/1297 1298/1298
f 1291/1291 1298/1298 1292/1292
f 1292/1292 1298/1298 1299/1299
f 1292/1292 1299/1299 1293/1293
f 1293/1293 1299/1299 1300/1300
f 1293/1293 1300/1300 1294/1294
f 1294/1294 1300/1300 1301/1301
f 1294/1294 1301/1301 1295/1295
f 1295/1295 1301/1301 1302/1302
f 1295/1295 1302/1302 1296/1296
f 1296/1296 1302/1302 1297/1297
f 1296/1296 1297/1297 1291/1291
f 1297/1297 1303/1303 1304/1304
f 1297/1297 1304/1304 1298/1298
f 1298/1298 1304/1304 1305/1305
f 1298/1298 1305/1305 1299/1299
f 1299/1299 1305/1305 1306/1306
f 1299/1299 1306/1306 1300/1300
f 1300/1300 1306/1306 1307/1307
f 1300/1300 1307/1307 1301/1301
f 1301/1301 1307/1307 1308/1308
f 1301/1301 1308/1308 1302/1302
f 1302/1302 1308/1308 1303/1303
f 1302/1302 1303/1303 1297/1297
f 1303/1303 1309/1309 1310/1310
f 1303/1303 1310/1310 1304/1304
f 1304/1304 1310/1310 1311/1311
f 1304/1304 1311/1311 1305/1305
f 1305/1305 1311/1311 1312/1312
f 1305/1305 1312/1312 1306/1306
f 1306/1306 1312/1312 1313/1313
f 1306/1306 1313/1313 1307/1307
f 1307/1307 1313/1313 1314/1314
f 1307/1307 1314/1314 1308/1308
f 1308/1308 1314/1314 1309/1309
f 1308/1308 1309/1309 1303/1303
f 1309/1309 1315/1315 1316/1316
f 1309/1309 1316/1316 1310/1310
f 1310/1310 1316/1316 1317/1317
f 1310/1310 1317/1317 1311/1311
f 1311/1311 1317/1317 1318/1318
f 1311/1311 1318/1318 1312/1312
f 1312/1312 1318/1318 1319/1319
f 1312/1312 1319/1319 1313/1313
f 1313/1313 1319/1319 1320/1320
f 1313/1313 1320/1320 1314/1314
f 1314/1314 1320/1320 1315/1315
f 1314/1314 1315/1315 1309/1309
f 1315/1315 1321/1321 1322/1322
f 1315/1315 1322/1322 1316/1316
f 1316/1316 1322/1322 1323/1323
f 1316/1316 1323/1323 1317/1317
f 1317/1317 1323/1323 1324/1324
f 1317/1317 1324/1324 1318/1318
f 1318/1318 1324/1324 1325/1325
f 1318/1318 1325/1325 1319/1319
f 1319/1319 1325/1325 1326/1326
f 1319/1319 1326/1326 1320/1320
f 1320/1320 1326/1326 1321/1321
f 1320/1320 1321/1321 1315/1315
f 1321/1321 1327/1327 1328/1328
f 1321/1321 1328/1328 1322/1322
f 1322/1322 1328/1328 1329/1329
f 1322/1322 1329/1329 1323/1323
f 1323/1323 1329/1329 1330/1330
f 1323/1323 1330/1330 1324/1324
f 1324/1324 1330/1330 1331/1331
f 1324/1324 1331/1331 1325/1325
f 1325/1325 1331/1331 1332/1332
f 1325/1325 1332/1332 1326/1326
f 1326/1326 1332/1332 1327/1327
f 1326/1326 1327/1327 1321/1321
f 1327/1327 1333/1333 1334/1334
f 1327/1327 1334/1334 1328/1328
f 1328/1328 1334/1334 1335/1335
f 1328/1328 1335/1335 1329/1329
f 1329/1329 1335/1335 1336/1336
f 1329/1329 1336/1336 1330/1330
f 1330/1330 1336/1336 1337/1337
f 1330/1330 1337/1337 1331/1331
f 1331/1331 1337/1337 1338/1338
f 1331/1331 1338/1338 1332/1332
f 1332/1332 1338/1338 1333/1333
f 1332/1332 1333/1333 1327/1327
f 1333/1333 1339/1339 1340/1340
f 1333/1333 1340/1340 1334/1334
f 1334/1334 1340/1340 1341/1341
f 1334/1334 1341/1341 1335/1335
f 1335/1335 1341/1341 1342/1342
f 1335/1335 1342/1342 1336/1336
f 1336/1336 1342/1342 1343/1343
f 1336/1336 1343/1343 1337/1337
f 1337/1337 1343/1343 1344/1344
f 1337/1337 1344/1344 1338/1338
f 1338/1338 1344/1344 1339/1339
f 1338/1338 1339/1339 1333/1333
f 1339/1339 1345/1345 1346/1346
f 1339/1339 1346/1346 1340/1340
f 1340/1340 1346/1346 1347/1347
f 1340/1340 1347/1347 1341/1341
f 1341/1341 1347/1347 1348/1348
f 1341/1341 1348/1348 1342/1342
f 1342/1342 1348/1348 1349/1349
f 1342/1342 1349/1349 1343/1343
f 1343/1343 1349/1349 1350/1350
f 1343/1343 1350/1350 1344/1344
f 1344/1344 1350/1350 1345/1345
f 1344/1344 1345/1345 1339/1339
f 1345/1345 1351/1351 1352/1352
f 1345/1345 1352/1352 1346/1346
f 1346/1346 1352/1352 1353/1353
f 1346/1346 1353/1353 1347/1347
f 1347/1347 1353/1353 1354/1354
f 1347/1347 1354/1354 1348/1348
f 1348/1348 1354/1354 1355/1355
f 1348/1348 1355/1355 1349/1349
f 1349/1349 1355/1355 1356/1356
f 1349/1349 1356/1356 1350/1350
f 1350/1350 1356/1356 1351/1351
f 1350/1350 1351/1351 1345/1345
f 1351/1351 1069/1069 1070/1070
f 1351/1351 1070/1070 1352/1352
f 1352/1352 1070/1070 1071/1071
f 1352/1352 1071/1071 1353/1353
f 1353/1353 1071/1071 1072/1072
f 1353/1353 1072/1072 1354/1354
f 1354/1354 1072/1072 1073/1073
f 1354/1354 1073/1073 1355/1355
f 1355/1355 1073/1073 1074/1074
f 1355/1355 1074/1074 1356/1356
f 1356/1356 1074/1074 1069/1069
f 1356/1356 1069/1069 1351/1351
usemtl TowerPaint
f 1357/1357 1359/1359 1360/1360
f 1357/1357 1360/1360 1358/1358
f 1359/1359 1361/1361 1362/1362
f 1359/1359 1362/1362 1360/1360
f 1361/1361 1363/1363 1364/1364
f 1361/1361 1364/1364 1362/1362
f 1363/1363 1365/1365 1366/1366
f 1363/1363 1366/1366 1364/1364
f 1365/1365 1367/1367 1368/1368
f 1365/1365 1368/1368 1366/1366
f 1367/1367 1369/1369 1370/1370
f 1367/1367 1370/1370 1368/1368
f 1369/1369 1371/1371 1372/1372
f 1369/1369 1372/1372 1370/1370
f 1371/1371 1373/1373 1374/1374
f 1371/1371 1374/1374 1372/1372
f 1373/1373 1375/1375 1376/1376
f 1373/1373 1376/1376 1374/1374
f 1375/1375 1377/1377 1378/1378
f 1375/1375 1378/1378 1376/1376
f 1377/1377 1379/1379 1380/1380
f 1377/1377 1380/1380 1378/1378
f 1379/1379 1381/1381 1382/1382
f 1379/1379 1382/1382 1380/1380
f 1381/1381 1383/1383 1384/1384
f 1381/1381 1384/1384 1382/1382
f 1383/1383 1385/1385 1386/1386
f 1383/1383 1386/1386 1384/1384
f 1385/1385 1387/1387 1388/1388
f 1385/1385 1388/1388 1386/1386
f 1387/1387 1389/1389 1390/1390
f 1387/1387 1390/1390 1388/1388
f 1389/1389 1391/1391 1392/1392
f 1389/1389 1392/1392 1390/1390
f 1391/1391 1393/1393 1394/1394
f 1391/1391 1394/1394 1392/1392
f 1393/1393 1395/1395 1396/1396
f 1393/1393 1396/1396 1394/1394
f 1395/1395 1397/1397 1398/1398
f 1395/1395 1398/1398 1396/1396
f 1397/1397 1399/1399 1400/1400
f 1397/1397 1400/1400 1398/1398
f 1399/1399 1401/1401 1402/1402
f 1399/1399 1402/1402 1400/1400
f 1401/1401 1403/1403 1404/1404
f 1401/1401 1404/1404 1402/1402
f 1403/1403 1405/1405 1406/1406
f 1403/1403 1406/1406 1404/1404
f 1405/1405 1407/1407 1408/1408
f 1405/1405 1408/1408 1406/1406
f 1407/1407 1409/1409 1410/1410
f 1407/1407 1410/1410 1408/1408
f 1409/1409 1411/1411 1412/1412
f 1409/1409 1412/1412 1410/1410
f 1411/1411 1413/1413 1414/1414
f 1411/1411 1414/1414 1412/1412
f 1413/1413 1415/1415 1416/1416
f 1413/1413 1416/1416 1414/1414
f 1415/1415 1417/1417 1418/1418
f 1415/1415 1418/1418 1416/1416
f 1417/1417 1419/1419 1420/1420
f 1417/1417 1420/1420 1418/1418
f 1419/1419 1421/1421 1422/1422
f 1419/1419 1422/1422 1420/1420
f 1421/1421 1423/1423 1424/1424
f 1421/1421 1424/1424 1422/1422
f 1423/1423 1425/1425 1426/1426
f 1423/1423 1426/1426 1424/1424
f 1425/1425 1427/1427 1428/1428
f 1425/1425 1428/1428 1426/1426
f 1427/1427 1429/1429 1430/1430
f 1427/1427 1430/1430 1428/1428
f 1429/1429 1431/1431 1432/1432
f 1429/1429 1432/1432 1430/1430
f 1431/1431 1433/1433 1434/1434
f 1431/1431 1434/1434 1432/1432
f 1433/1433 1435/1435 1436/1436
f 1433/1433 1436/1436 1434/1434
f 1435/1435 1437/1437 1438/1438
f 1435/1435 1438/1438 1436/1436
f 1437/1437 1439/1439 1440/1440
f 1437/1437 1440/1440 1438/1438
f 1439/1439 1441/1441 1442/1442
f 1439/1439 1442/1442 1440/1440
f 1441/1441 1443/1443 1444/1444
f 1441/1441 1444/1444 1442/1442
f 1443/1443 1445/1445 1446/1446
f 1443/1443 1446/1446 1444/1444
f 1445/1445 1447/1447 1448/1448
f 1445/1445 1448/1448 1446/1446
f 1447/1447 1449/1449 1450/1450
f 1447/1447 1450/1450 1448/1448
f 1449/1449 1451/1451 1452/1452
f 1449/1449 1452/1452 1450/1450
f 1451/1451 1357/1357 1358/1358
f 1451/1451 1358/1358 1452/1452
f 1451/1451 1449/1449 1447/1447 1445/1445 1443/1443 1441/1441 1439/1439 1437/1437 1435/1435 1433/1433 1431/1431 1429/1429 1427/1427 1425/1425 1423/1423 1421/1421 1419/1419 1417/1417 1415/1415 1413/1413 1411/1411 1409/1409 1407/1407 1405/1405 1403/1403 1401/1401 1399/1399 1397/1397 1395/1395 1393/1393 1391/1391 1389/1389 1387/1387 1385/1385 1383/1383 1381/1381 1379/1379 1377/1377 1375/1375 1373/1373 1371/1371 1369/1369 1367/1367 1365/1365 1363/1363 1361/1361 1359/1359 1357/1357
f 1358/1358 1360/1360 1362/1362 1364/1364 1366/1366 1368/1368 1370/1370 1372/1372 1374/1374 1376/1376 1378/1378 1380/1380 1382/1382 1384/1384 1386/1386 1388/1388 1390/1390 1392/1392 1394/1394 1396/1396 1398/1398 1400/1400 1402/1402 1404/1404 1406/1406 1408/1408 1410/1410 1412/1412 1414/1414 1416/1416 1418/1418 1420/1420 1422/1422 1424/1424 1426/1426 1428/1428 1430/1430 1432/1432 1434/1434 1436/1436 1438/1438 1440/1440 1442/1442 1444/1444 1446/1446 1448/1448 1450/1450 1452/1452
usemtl DarkIron
f 1453/1453 1459/1459 1460/1460
f 1453/1453 1460/1460 1454/1454
f 1454/1454 1460/1460 1461/1461
f 1454/1454 1461/1461 1455/1455
f 1455/1455 1461/1461 1462/1462
f 1455/1455 1462/1462 1456/1456
f 1456/1456 1462/1462 1463/1463
f 1456/1456 1463/1463 1457/1457
f 1457/1457 1463/1463 1464/1464
f 1457/1457 1464/1464 1458/1458
f 1458/1458 1464/1464 1459/1459
f 1458/1458 1459/1459 1453/1453
f 1459/1459 1465/1465 1466/1466
f 1459/1459 1466/1466 1460/1460
f 1460/1460 1466/1466 1467/1467
f 1460/1460 1467/1467 1461/1461
f 1461/1461 1467/1467 1468/1468
f 1461/1461 1468/1468 1462/1462
f 1462/1462 1468/1468 1469/1469
f 1462/1462 1469/1469 1463/1463
f 1463/1463 1469/1469 1470/1470
f 1463/1463 1470/1470 1464/1464
f 1464/1464 1470/1470 1465/1465
f 1464/1464 1465/1465 1459/1459
f 1465/1465 1471/1471 1472/1472
f 1465/1465 1472/1472 1466/1466
f 1466/1466 1472/1472 1473/1473
f 1466/1466 1473/1473 1467/1467
f 1467/1467 1473/1473 1474/1474
f 1467/1467 1474/1474 1468/1468
f 1468/1468 1474/1474 1475/1475
f 1468/1468 1475/1475 1469/1469
f 1469/1469 1475/1475 1476/1476
f 1469/1469 1476/1476 1470/1470
f 1470/1470 1476/1476 1471/1471
f 1470/1470 1471/1471 1465/1465
f 1471/1471 1477/1477 1478/1478
f 1471/1471 1478/1478 1472/1472
f 1472/1472 1478/1478 1479/1479
f 1472/1472 1479/1479 1473/1473
f 1473/1473 1479/1479 1480/1480
f 1473/1473 1480/1480 1474/1474
f 1474/1474 1480/1480 1481/1481
f 1474/1474 1481/1481 1475/1475
f 1475/1475 1481/1481 1482/1482
f 1475/1475 1482/1482 1476/1476
f 1476/1476 1482/1482 1477/1477
f 1476/1476 1477/1477 1471/1471
f 1477/1477 1483/1483 1484/1484
f 1477/1477 1484/1484 1478/1478
f 1478/1478 1484/1484 1485/1485
f 1478/1478 1485/1485 1479/1479
f 1479/1479 1485/1485 1486/1486
f 1479/1479 1486/1486 1480/1480
f 1480/1480 1486/1486 1487/1487
f 1480/1480 1487/1487 1481/1481
f 1481/1481 1487/1487 1488/1488
f 1481/1481 1488/1488 1482/1482
f 1482/1482 1488/1488 1483/1483
f 1482/1482 1483/1483 1477/1477
f 1483/1483 1489/1489 1490/1490
f 1483/1483 1490/1490 1484/1484
f 1484/1484 1490/1490 1491/1491
f 1484/1484 1491/1491 1485/1485
f 1485/1485 1491/1491 1492/1492
f 1485/1485 1492/1492 1486/1486
f 1486/1486 1492/1492 1493/1493
f 1486/1486 1493/1493 1487/1487
f 1487/1487 1493/1493 1494/1494
f 1487/1487 1494/1494 1488/1488
f 1488/1488 1494/1494 1489/1489
f 1488/1488 1489/1489 1483/1483
f 1489/1489 1495/1495 1496/1496
f 1489/1489 1496/1496 1490/1490
f 1490/1490 1496/1496 1497/1497
f 1490/1490 1497/1497 1491/1491
f 1491/1491 1497/1497 1498/1498
f 1491/1491 1498/1498 1492/1492
f 1492/1492 1498/1498 1499/1499
f 1492/1492 1499/1499 1493/1493
f 1493/1493 1499/1499 1500/1500
f 1493/1493 1500/1500 1494/1494
f 1494/1494 1500/1500 1495/1495
f 1494/1494 1495/1495 1489/1489
f 1495/1495 1501/1501 1502/1502
f 1495/1495 1502/1502 1496/1496
f 1496/1496 1502/1502 1503/1503
f 1496/1496 1503/1503 1497/1497
f 1497/1497 1503/1503 1504/1504
f 1497/1497 1504/1504 1498/1498
f 1498/1498 1504/1504 1505/1505
f 1498/1498 1505/1505 1499/1499
f 1499/1499 1505/1505 1506/1506
f 1499/1499 1506/1506 1500/1500
f 1500/1500 1506/1506 1501/1501
f 1500/1500 1501/1501 1495/1495
f 1501/1501 1507/1507 1508/1508
f 1501/1501 1508/1508 1502/1502
f 1502/1502 1508/1508 1509/1509
f 1502/1502 1509/1509 1503/1503
f 1503/1503 1509/1509 1510/1510
f 1503/1503 1510/1510 1504/1504
f 1504/1504 1510/1510 1511/1511
f 1504/1504 1511/1511 1505/1505
f 1505/1505 1511/1511 1512/1512
f 1505/1505 1512/1512 1506/1506
f 1506/1506 1512/1512 1507/1507
f 1506/1506 1507/1507 1501/1501
f 1507/1507 1513/1513 1514/1514
f 1507/1507 1514/1514 1508/1508
f 1508/1508 1514/1514 1515/1515
f 1508/1508 1515/1515 1509/1509
f 1509/1509 1515/1515 1516/1516
f 1509/1509 1516/1516 1510/1510
f 1510/1510 1516/1516 1517/1517
f 1510/1510 1517/1517 1511/1511
f 1511/1511 1517/1517 1518/1518
f 1511/1511 1518/1518 1512/1512
f 1512/1512 1518/1518 1513/1513
f 1512/1512 1513/1513 1507/1507
f 1513/1513 1519/1519 1520/1520
f 1513/1513 1520/1520 1514/1514
f 1514/1514 1520/1520 1521/1521
f 1514/1514 1521/1521 1515/1515
f 1515/1515 1521/1521 1522/1522
f 1515/1515 1522/1522 1516/1516
f 1516/1516 1522/1522 1523/1523
f 1516/1516 1523/1523 1517/1517
f 1517/1517 1523/1523 1524/1524
f 1517/1517 1524/1524 1518/1518
f 1518/1518 1524/1524 1519/1519
f 1518/1518 1519/1519 1513/1513
f 1519/1519 1525/1525 1526/1526
f 1519/1519 1526/1526 1520/1520
f 1520/1520 1526/1526 1527/1527
f 1520/1520 1527/1527 1521/1521
f 1521/1521 1527/1527 1528/1528
f 1521/1521 1528/1528 1522/1522
f 1522/1522 1528/1528 1529/1529
f 1522/1522 1529/1529 1523/1523
f 1523/1523 1529/1529 1530/1530
f 1523/1523 1530/1530 1524/1524
f 1524/1524 1530/1530 1525/1525
f 1524/1524 1525/1525 1519/1519
f 1525/1525 1531/1531 1532/1532
f 1525/1525 1532/1532 1526/1526
f 1526/1526 1532/1532 1533/1533
f 1526/1526 1533/1533 1527/1527
f 1527/1527 1533/1533 1534/1534
f 1527/1527 1534/1534 1528/1528
f 1528/1528 1534/1534 1535/1535
f 1528/1528 1535/1535 1529/1529
f 1529/1529 1535/1535 1536/1536
f 1529/1529 1536/1536 1530/1530
f 1530/1530 1536/1536 1531/1531
f 1530/1530 1531/1531 1525/1525
f 1531/1531 1537/1537 1538/1538
f 1531/1531 1538/1538 1532/1532
f 1532/1532 1538/1538 1539/1539
f 1532/1532 1539/1539 1533/1533
f 1533/1533 1539/1539 1540/1540
f 1533/1533 1540/1540 1534/1534
f 1534/1534 1540/1540 1541/1541
f 1534/1534 1541/1541 1535/1535
f 1535/1535 1541/1541 1542/1542
f 1535/1535 1542/1542 1536/1536
f 1536/1536 1542/1542 1537/1537
f 1536/1536 1537/1537 1531/1531
f 1537/1537 1543/1543 1544/1544
f 1537/1537 1544/1544 1538/1538
f 1538/1538 1544/1544 1545/1545
f 1538/1538 1545/1545 1539/1539
f 1539/1539 1545/1545 1546/1546
f 1539/1539 1546/1546 1540/1540
f 1540/1540 1546/1546 1547/1547
f 1540/1540 1547/1547 1541/1541
f 1541/1541 1547/1547 1548/1548
f 1541/1541 1548/1548 1542/1542
f 1542/1542 1548/1548 1543/1543
f 1542/1542 1543/1543 1537/1537
f 1543/1543 1549/1549 1550/1550
f 1543/1543 1550/1550 1544/1544
f 1544/1544 1550/1550 1551/1551
f 1544/1544 1551/1551 1545/1545
f 1545/1545 1551/1551 1552/1552
f 1545/1545 1552/1552 1546/1546
f 1546/1546 1552/1552 1553/1553
f 1546/1546 1553/1553 1547/1547
f 1547/1547 1553/1553 1554/1554
f 1547/1547 1554/1554 1548/1548
f 1548/1548 1554/1554 1549/1549
f 1548/1548 1549/1549 1543/1543
f 1549/1549 1555/1555 1556/1556
f 1549/1549 1556/1556 1550/1550
f 1550/1550 1556/1556 1557/1557
f 1550/1550 1557/1557 1551/1551
f 1551/1551 1557/1557 1558/1558
f 1551/1551 1558/1558 1552/1552
f 1552/1552 1558/1558 1559/1559
f 1552/1552 1559/1559 1553/1553
f 1553/1553 1559/1559 1560/1560
f 1553/1553 1560/1560 1554/1554
f 1554/1554 1560/1560 1555/1555
f 1554/1554 1555/1555 1549/1549
f 1555/1555 1561/1561 1562/1562
f 1555/1555 1562/1562 1556/1556
f 1556/1556 1562/1562 1563/1563
f 1556/1556 1563/1563 1557/1557
f 1557/1557 1563/1563 1564/1564
f 1557/1557 1564/1564 1558/1558
f 1558/1558 1564/1564 1565/1565
f 1558/1558 1565/1565 1559/1559
f 1559/1559 1565/1565 1566/1566
f 1559/1559 1566/1566 1560/1560
f 1560/1560 1566/1566 1561/1561
f 1560/1560 1561/1561 1555/1555
f 1561/1561 1567/1567 1568/1568
f 1561/1561 1568/1568 1562/1562
f 1562/1562 1568/1568 1569/1569
f 1562/1562 1569/1569 1563/1563
f 1563/1563 1569/1569 1570/1570
f 1563/1563 1570/1570 1564/1564
f 1564/1564 1570/1570 1571/1571
f 1564/1564 1571/1571 1565/1565
f 1565/1565 1571/1571 1572/1572
f 1565/1565 1572/1572 1566/1566
f 1566/1566 1572/1572 1567/1567
f 1566/1566 1567/1567 1561/1561
f 1567/1567 1573/1573 1574/1574
f 1567/1567 1574/1574 1568/1568
f 1568/1568 1574/1574 1575/1575
f 1568/1568 1575/1575 1569/1569
f 1569/1569 1575/1575 1576/1576
f 1569/1569 1576/1576 1570/1570
f 1570/1570 1576/1576 1577/1577
f 1570/1570 1577/1577 1571/1571
f 1571/1571 1577/1577 1578/1578
f 1571/1571 1578/1578 1572/1572
f 1572/1572 1578/1578 1573/1573
f 1572/1572 1573/1573 1567/1567
f 1573/1573 1579/1579 1580/1580
f 1573/1573 1580/1580 1574/1574
f 1574/1574 1580/1580 1581/1581
f 1574/1574 1581/1581 1575/1575
f 1575/1575 1581/1581 1582/1582
f 1575/1575 1582/1582 1576/1576
f 1576/1576 1582/1582 1583/1583
f 1576/1576 1583/1583 1577/1577
f 1577/1577 1583/1583 1584/1584
f 1577/1577 1584/1584 1578/1578
f 1578/1578 1584/1584 1579/1579
f 1578/1578 1579/1579 1573/1573
f 1579/1579 1585/1585 1586/1586
f 1579/1579 1586/1586 1580/1580
f 1580/1580 1586/1586 1587/1587
f 1580/1580 1587/1587 1581/1581
f 1581/1581 1587/1587 1588/1588
f 1581/1581 1588/1588 1582/1582
f 1582/1582 1588/1588 1589/1589
f 1582/1582 1589/1589 1583/1583
f 1583/1583 1589/1589 1590/1590
f 1583/1583 1590/1590 1584/1584
f 1584/1584 1590/1590 1585/1585
f 1584/1584 1585/1585 1579/1579
f 1585/1585 1591/1591 1592/1592
f 1585/1585 1592/1592 1586/1586
f 1586/1586 1592/1592 1593/1593
f 1586/1586 1593/1593 1587/1587
f 1587/1587 1593/1593 1594/1594
f 1587/1587 1594/1594 1588/1588
f 1588/1588 1594/1594 1595/1595
f 1588/1588 1595/1595 1589/1589
f 1589/1589 1595/1595 1596/1596
f 1589/1589 1596/1596 1590/1590
f 1590/1590 1596/1596 1591/1591
f 1590/1590 1591/1591 1585/1585
f 1591/1591 1597/1597 1598/1598
f 1591/1591 1598/1598 1592/1592
f 1592/1592 1598/1598 1599/1599
f 1592/1592 1599/1599 1593/1593
f 1593/1593 1599/1599 1600/1600
f 1593/1593 1600/1600 1594/1594
f 1594/1594 1600/1600 1601/1601
f 1594/1594 1601/1601 1595/1595
f 1595/1595 1601/1601 1602/1602
f 1595/1595 1602/1602 1596/1596
f 1596/1596 1602/1602 1597/1597
f 1596/1596 1597/1597 1591/1591
f 1597/1597 1603/1603 1604/1604
f 1597/1597 1604/1604 1598/1598
f 1598/1598 1604/1604 1605/1605
f 1598/1598 1605/1605 1599/1599
f 1599/1599 1605/1605 1606/1606
f 1599/1599 1606/1606 1600/1600
f 1600/1600 1606/1606 1607/1607
f 1600/1600 1607/1607 1601/1601
f 1601/1601 1607/1607 1608/1608
f 1601/1601 1608/1608 1602/1602
f 1602/1602 1608/1608 1603/1603
f 1602/1602 1603/1603 1597/1597
f 1603/1603 1609/1609 1610/1610
f 1603/1603 1610/1610 1604/1604
f 1604/1604 1610/1610 1611/1611
f 1604/1604 1611/1611 1605/1605
f 1605/1605 1611/1611 1612/1612
f 1605/1605 1612/1612 1606/1606
f 1606/1606 1612/1612 1613/1613
f 1606/1606 1613/1613 1607/1607
f 1607/1607 1613/1613 1614/1614
f 1607/1607 1614/1614 1608/1608
f 1608/1608 1614/1614 1609/1609
f 1608/1608 1609/1609 1603/1603
f 1609/1609 1615/1615 1616/1616
f 1609/1609 1616/1616 1610/1610
f 1610/1610 1616/1616 1617/1617
f 1610/1610 1617/1617 1611/1611
f 1611/1611 1617/1617 1618/1618
f 1611/1611 1618/1618 1612/1612
f 1612/1612 1618/1618 1619/1619
f 1612/1612 1619/1619 1613/1613
f 1613/1613 1619/1619 1620/1620
f 1613/1613 1620/1620 1614/1614
f 1614/1614 1620/1620 1615/1615
f 1614/1614 1615/1615 1609/1609
f 1615/1615 1621/1621 1622/1622
f 1615/1615 1622/1622 1616/1616
f 1616/1616 1622/1622 1623/1623
f 1616/1616 1623/1623 1617/1617
f 1617/1617 1623/1623 1624/1624
f 1617/1617 1624/1624 1618/1618
f 1618/1618 1624/1624 1625/1625
f 1618/1618 1625/1625 1619/1619
f 1619/1619 1625/1625 1626/1626
f 1619/1619 1626/1626 1620/1620
f 1620/1620 1626/1626 1621/1621
f 1620/1620 1621/1621 1615/1615
f 1621/1621 1627/1627 1628/1628
f 1621/1621 1628/1628 1622/1622
f 1622/1622 1628/1628 1629/1629
f 1622/1622 1629/1629 1623/1623
f 1623/1623 1629/1629 1630/1630
f 1623/1623 1630/1630 1624/1624
f 1624/1624 1630/1630 1631/1631
f 1624/1624 1631/1631 1625/1625
f 1625/1625 1631/1631 1632/1632
f 1625/1625 1632/1632 1626/1626
f 1626/1626 1632/1632 1627/1627
f 1626/1626 1627/1627 1621/1621
f 1627/1627 1633/1633 1634/1634
f 1627/1627 1634/1634 1628/1628
f 1628/1628 1634/1634 1635/1635
f 1628/1628 1635/1635 1629/1629
f 1629/1629 1635/1635 1636/1636
f 1629/1629 1636/1636 1630/1630
f 1630/1630 1636/1636 1637/1637
f 1630/1630 1637/1637 1631/1631
f 1631/1631 1637/1637 1638/1638
f 1631/1631 1638/1638 1632/1632
f 1632/1632 1638/1638 1633/1633
f 1632/1632 1633/1633 1627/1627
f 1633/1633 1639/1639 1640/1640
f 1633/1633 1640/1640 1634/1634
f 1634/1634 1640/1640 1641/1641
f 1634/1634 1641/1641 1635/1635
f 1635/1635 1641/1641 1642/1642
f 1635/1635 1642/1642 1636/1636
f 1636/1636 1642/1642 1643/1643
f 1636/1636 1643/1643 1637/1637
f 1637/1637 1643/1643 1644/1644
f 1637/1637 1644/1644 1638/1638
f 1638/1638 1644/1644 1639/1639
f 1638/1638 1639/1639 1633/1633
f 1639/1639 1645/1645 1646/1646
f 1639/1639 1646/1646 1640/1640
f 1640/1640 1646/1646 1647/1647
f 1640/1640 1647/1647 1641/1641
f 1641/1641 1647/1647 1648/1648
f 1641/1641 1648/1648 1642/1642
f 1642/1642 1648/1648 1649/1649
f 1642/1642 1649/1649 1643/1643
f 1643/1643 1649/1649 1650/1650
f 1643/1643 1650/1650 1644/1644
f 1644/1644 1650/1650 1645/1645
f 1644/1644 1645/1645 1639/1639
f 1645/1645 1651/1651 1652/1652
f 1645/1645 1652/1652 1646/1646
f 1646/1646 1652/1652 1653/1653
f 1646/1646 1653/1653 1647/1647
f 1647/1647 1653/1653 1654/1654
f 1647/1647 1654/1654 1648/1648
f 1648/1648 1654/1654 1655/1655
f 1648/1648 1655/1655 1649/1649
f 1649/1649 1655/1655 1656/1656
f 1649/1649 1656/1656 1650/1650
f 1650/1650 1656/1656 1651/1651
f 1650/1650 1651/1651 1645/1645
f 1651/1651 1657/1657 1658/1658
f 1651/1651 1658/1658 1652/1652
f 1652/1652 1658/1658 1659/1659
f 1652/1652 1659/1659 1653/1653
f 1653/1653 1659/1659 1660/1660
f 1653/1653 1660/1660 1654/1654
f 1654/1654 1660/1660 1661/1661
f 1654/1654 1661/1661 1655/1655
f 1655/1655 1661/1661 1662/1662
f 1655/1655 1662/1662 1656/1656
f 1656/1656 1662/1662 1657/1657
f 1656/1656 1657/1657 1651/1651
f 1657/1657 1663/1663 1664/1664
f 1657/1657 1664/1664 1658/1658
f 1658/1658 1664/1664 1665/1665
f 1658/1658 1665/1665 1659/1659
f 1659/1659 1665/1665 1666/1666
f 1659/1659 1666/1666 1660/1660
f 1660/1660 1666/1666 1667/1667
f 1660/1660 1667/1667 1661/1661
f 1661/1661 1667/1667 1668/1668
f 1661/1661 1668/1668 1662/1662
f 1662/1662 1668/1668 1663/1663
f 1662/1662 1663/1663 1657/1657
f 1663/1663 1669/1669 1670/1670
f 1663/1663 1670/1670 1664/1664
f 1664/1664 1670/1670 1671/1671
f 1664/1664 1671/1671 1665/1665
f 1665/1665 1671/1671 1672/1672
f 1665/1665 1672/1672 1666/1666
f 1666/1666 1672/1672 1673/1673
f 1666/1666 1673/1673 1667/1667
f 1667/1667 1673/1673 1674/1674
f 1667/1667 1674/1674 1668/1668
f 1668/1668 1674/1674 1669/1669
f 1668/1668 1669/1669 1663/1663
f 1669/1669 1675/1675 1676/1676
f 1669/1669 1676/1676 1670/1670
f 1670/1670 1676/1676 1677/1677
f 1670/1670 1677/1677 1671/1671
f 1671/1671 1677/1677 1678/1678
f 1671/1671 1678/1678 1672/1672
f 1672/1672 1678/1678 1679/1679
f 1672/1672 1679/1679 1673/1673
f 1673/1673 1679/1679 1680/1680
f 1673/1673 1680/1680 1674/1674
f 1674/1674 1680/1680 1675/1675
f 1674/1674 1675/1675 1669/1669
f 1675/1675 1681/1681 1682/1682
f 1675/1675 1682/1682 1676/1676
f 1676/1676 1682/1682 1683/1683
f 1676/1676 1683/1683 1677/1677
f 1677/1677 1683/1683 1684/1684
f 1677/1677 1684/1684 1678/1678
f 1678/1678 1684/1684 1685/1685
f 1678/1678 1685/1685 1679/1679
f 1679/1679 1685/1685 1686/1686
f 1679/1679 1686/1686 1680/1680
f 1680/1680 1686/1686 1681/1681
f 1680/1680 1681/1681 1675/1675
f 1681/1681 1687/1687 1688/1688
f 1681/1681 1688/1688 1682/1682
f 1682/1682 1688/1688 1689/1689
f 1682/1682 1689/1689 1683/1683
f 1683/1683 1689/1689 1690/1690
f 1683/1683 1690/1690 1684/1684
f 1684/1684 1690/1690 1691/1691
f 1684/1684 1691/1691 1685/1685
f 1685/1685 1691/1691 1692/1692
f 1685/1685 1692/1692 1686/1686
f 1686/1686 1692/1692 1687/1687
f 1686/1686 1687/1687 1681/1681
f 1687/1687 1693/1693 1694/1694
f 1687/1687 1694/1694 1688/1688
f 1688/1688 1694/1694 1695/1695
f 1688/1688 1695/1695 1689/1689
f 1689/1689 1695/1695 1696/1696
f 1689/1689 1696/1696 1690/1690
f 1690/1690 1696/1696 1697/1697
f 1690/1690 1697/1697 1691/1691
f 1691/1691 1697/1697 1698/1698
f 1691/1691 1698/1698 1692/1692
f 1692/1692 1698/1698 1693/1693
f 1692/1692 1693/1693 1687/1687
f 1693/1693 1699/1699 1700/1700
f 1693/1693 1700/1700 1694/1694
f 1694/1694 1700/1700 1701/1701
f 1694/1694 1701/1701 1695/1695
f 1695/1695 1701/1701 1702/1702
f 1695/1695 1702/1702 1696/1696
f 1696/1696 1702/1702 1703/1703
f 1696/1696 1703/1703 1697/1697
f 1697/1697 1703/1703 1704/1704
f 1697/1697 1704/1704 1698/1698
f 1698/1698 1704/1704 1699/1699
f 1698/1698 1699/1699 1693/1693
f 1699/1699 1705/1705 1706/1706
f 1699/1699 1706/1706 1700/1700
f 1700/1700 1706/1706 1707/1707
f 1700/1700 1707/1707 1701/1701
f 1701/1701 1707/1707 1708/1708
f 1701/1701 1708/1708 1702/1702
f 1702/1702 1708/1708 1709/1709
f 1702/1702 1709/1709 1703/1703
f 1703/1703 1709/1709 1710/1710
f 1703/1703 1710/1710 1704/1704
f 1704/1704 1710/1710 1705/1705
f 1704/1704 1705/1705 1699/1699
f 1705/1705 1711/1711 1712/1712
f 1705/1705 1712/1712 1706/1706
f 1706/1706 1712/1712 1713/1713
f 1706/1706 1713/1713 1707/1707
f 1707/1707 1713/1713 1714/1714
f 1707/1707 1714/1714 1708/1708
f 1708/1708 1714/1714 1715/1715
f 1708/1708 1715/1715 1709/1709
f 1709/1709 1715/1715 1716/1716
f 1709/1709 1716/1716 1710/1710
f 1710/1710 1716/1716 1711/1711
f 1710/1710 1711/1711 1705/1705
f 1711/1711 1717/1717 1718/1718
f 1711/1711 1718/1718 1712/1712
f 1712/1712 1718/1718 1719/1719
f 1712/1712 1719/1719 1713/1713
f 1713/1713 1719/1719 1720/1720
f 1713/1713 1720/1720 1714/1714
f 1714/1714 1720/1720 1721/1721
f 1714/1714 1721/1721 1715/1715
f 1715/1715 1721/1721 1722/1722
f 1715/1715 1722/1722 1716/1716
f 1716/1716 1722/1722 1717/1717
f 1716/1716 1717/1717 1711/1711
f 1717/1717 1723/1723 1724/1724
f 1717/1717 1724/1724 1718/1718
f 1718/1718 1724/1724 1725/1725
f 1718/1718 1725/1725 1719/1719
f 1719/1719 1725/1725 1726/1726
f 1719/1719 1726/1726 1720/1720
f 1720/1720 1726/1726 1727/1727
f 1720/1720 1727/1727 1721/1721
f 1721/1721 1727/1727 1728/1728
f 1721/1721 1728/1728 1722/1722
f 1722/1722 1728/1728 1723/1723
f 1722/1722 1723/1723 1717/1717
f 1723/1723 1729/1729 1730/1730
f 1723/1723 1730/1730 1724/1724
f 1724/1724 1730/1730 1731/1731
f 1724/1724 1731/1731 1725/1725
f 1725/1725 1731/1731 1732/1732
f 1725/1725 1732/1732 1726/1726
f 1726/1726 1732/1732 1733/1733
f 1726/1726 1733/1733 1727/1727
f 1727/1727 1733/1733 1734/1734
f 1727/1727 1734/1734 1728/1728
f 1728/1728 1734/1734 1729/1729
f 1728/1728 1729/1729 1723/1723
f 1729/1729 1735/1735 1736/1736
f 1729/1729 1736/1736 1730/1730
f 1730/1730 1736/1736 1737/1737
f 1730/1730 1737/1737 1731/1731
f 1731/1731 1737/1737 1738/1738
f 1731/1731 1738/1738 1732/1732
f 1732/1732 1738/1738 1739/1739
f 1732/1732 1739/1739 1733/1733
f 1733/1733 1739/1739 1740/1740
f 1733/1733 1740/1740 1734/1734
f 1734/1734 1740/1740 1735/1735
f 1734/1734 1735/1735 1729/1729
f 1735/1735 1453/1453 1454/1454
f 1735/1735 1454/1454 1736/1736
f 1736/1736 1454/1454 1455/1455
f 1736/1736 1455/1455 1737/1737
f 1737/1737 1455/1455 1456/1456
f 1737/1737 1456/1456 1738/1738
f 1738/1738 1456/1456 1457/1457
f 1738/1738 1457/1457 1739/1739
f 1739/1739 1457/1457 1458/1458
f 1739/1739 1458/1458 1740/1740
f 1740/1740 1458/1458 1453/1453
f 1740/1740 1453/1453 1735/1735
usemtl TowerPaint
f 1741/1741 1743/1743 1744/1744
f 1741/1741 1744/1744 1742/1742
f 1743/1743 1745/1745 1746/1746
f 1743/1743 1746/1746 1744/1744
f 1745/1745 1747/1747 1748/1748
f 1745/1745 1748/1748 1746/1746
f 1747/1747 1749/1749 1750/1750
f 1747/1747 1750/1750 1748/1748
f 1749/1749 1751/1751 1752/1752
f 1749/1749 1752/1752 1750/1750
f 1751/1751 1753/1753 1754/1754
f 1751/1751 1754/1754 1752/1752
f 1753/1753 1755/1755 1756/1756
f 1753/1753 1756/1756 1754/1754
f 1755/1755 1757/1757 1758/1758
f 1755/1755 1758/1758 1756/1756
f 1757/1757 1759/1759 1760/1760
f 1757/1757 1760/1760 1758/1758
f 1759/1759 1761/1761 1762/1762
f 1759/1759 1762/1762 1760/1760
f 1761/1761 1763/1763 1764/1764
f 1761/1761 1764/1764 1762/1762
f 1763/1763 1765/1765 1766/1766
f 1763/1763 1766/1766 1764/1764
f 1765/1765 1767/1767 1768/1768
f 1765/1765 1768/1768 1766/1766
f 1767/1767 1769/1769 1770/1770
f 1767/1767 1770/1770 1768/1768
f 1769/1769 1771/1771 1772/1772
f 1769/1769 1772/1772 1770/1770
f 1771/1771 1773/1773 1774/1774
f 1771/1771 1774/1774 1772/1772
f 1773/1773 1775/1775 1776/1776
f 1773/1773 1776/1776 1774/1774
f 1775/1775 1777/1777 1778/1778
f 1775/1775 1778/1778 1776/1776
f 1777/1777 1779/1779 1780/1780
f 1777/1777 1780/1780 1778/1778
f 1779/1779 1781/1781 1782/1782
f 1779/1779 1782/1782 1780/1780
f 1781/1781 1783/1783 1784/1784
f 1781/1781 1784/1784 1782/1782
f 1783/1783 1785/1785 1786/1786
f 1783/1783 1786/1786 1784/1784
f 1785/1785 1787/1787 1788/1788
f 1785/1785 1788/1788 1786/1786
f 1787/1787 1789/1789 1790/1790
f 1787/1787 1790/1790 1788/1788
f 1789/1789 1791/1791 1792/1792
f 1789/1789 1792/1792 1790/1790
f 1791/1791 1793/1793 1794/1794
f 1791/1791 1794/1794 1792/1792
f 1793/1793 1795/1795 1796/1796
f 1793/1793 1796/1796 1794/1794
f 1795/1795 1797/1797 1798/1798
f 1795/1795 1798/1798 1796/1796
f 1797/1797 1799/1799 1800/1800
f 1797/1797 1800/1800 1798/1798
f 1799/1799 1801/1801 1802/1802
f 1799/1799 1802/1802 1800/1800
f 1801/1801 1803/1803 1804/1804
f 1801/1801 1804/1804 1802/1802
f 1803/1803 1805/1805 1806/1806
f 1803/1803 1806/1806 1804/1804
f 1805/1805 1807/1807 1808/1808
f 1805/1805 1808/1808 1806/1806
f 1807/1807 1809/1809 1810/1810
f 1807/1807 1810/1810 1808/1808
f 1809/1809 1811/1811 1812/1812
f 1809/1809 1812/1812 1810/1810
f 1811/1811 1813/1813 1814/1814
f 1811/1811 1814/1814 1812/1812
f 1813/1813 1815/1815 1816/1816
f 1813/1813 1816/1816 1814/1814
f 1815/1815 1817/1817 1818/1818
f 1815/1815 1818/1818 1816/1816
f 1817/1817 1819/1819 1820/1820
f 1817/1817 1820/1820 1818/1818
f 1819/1819 1821/1821 1822/1822
f 1819/1819 1822/1822 1820/1820
f 1821/1821 1823/1823 1824/1824
f 1821/1821 1824/1824 1822/1822
f 1823/1823 1825/1825 1826/1826
f 1823/1823 1826/1826 1824/1824
f 1825/1825 1827/1827 1828/1828
f 1825/1825 1828/1828 1826/1826
f 1827/1827 1829/1829 1830/1830
f 1827/1827 1830/1830 1828/1828
f 1829/1829 1831/1831 1832/1832
f 1829/1829 1832/1832 1830/1830
f 1831/1831 1833/1833 1834/1834
f 1831/1831 1834/1834 1832/1832
f 1833/1833 1835/1835 1836/1836
f 1833/1833 1836/1836 1834/1834
f 1835/1835 1741/1741 1742/1742
f 1835/1835 1742/1742 1836/1836
f 1835/1835 1833/1833 1831/1831 1829/1829 1827/1827 1825/1825 1823/1823 1821/1821 1819/1819 1817/1817 1815/1815 1813/1813 1811/1811 1809/1809 1807/1807 1805/1805 1803/1803 1801/1801 1799/1799 1797/1797 1795/1795 1793/1793 1791/1791 1789/1789 1787/1787 1785/1785 1783/1783 1781/1781 1779/1779 1777/1777 1775/1775 1773/1773 1771/1771 1769/1769 1767/1767 1765/1765 1763/1763 1761/1761 1759/1759 1757/1757 1755/1755 1753/1753 1751/1751 1749/1749 1747/1747 1745/1745 1743/1743 1741/1741
f 1742/1742 1744/1744 1746/1746 1748/1748 1750/1750 1752/1752 1754/1754 1756/1756 1758/1758 1760/1760 1762/1762 1764/1764 1766/1766 1768/1768 1770/1770 1772/1772 1774/1774 1776/1776 1778/1778 1780/1780 1782/1782 1784/1784 1786/1786 1788/1788 1790/1790 1792/1792 1794/1794 1796/1796 1798/1798 1800/1800 1802/1802 1804/1804 1806/1806 1808/1808 1810/1810 1812/1812 1814/1814 1816/1816 1818/1818 1820/1820 1822/1822 1824/1824 1826/1826 1828/1828 1830/1830 1832/1832 1834/1834 1836/1836
usemtl DarkIron
f 1837/1837 1843/1843 1844/1844
f 1837/1837 1844/1844 1838/1838
f 1838/1838 1844/1844 1845/1845
f 1838/1838 1845/1845 1839/1839
f 1839/1839 1845/1845 1846/1846
f 1839/1839 1846/1846 1840/1840
f 1840/1840 1846/1846 1847/1847
f 1840/1840 1847/1847 1841/1841
f 1841/1841 1847/1847 1848/1848
f 1841/1841 1848/1848 1842/1842
f 1842/1842 1848/1848 1843/1843
f 1842/1842 1843/1843 1837/1837
f 1843/1843 1849/1849 1850/1850
f 1843/1843 1850/1850 1844/1844
f 1844/1844 1850/1850 1851/1851
f 1844/1844 1851/1851 1845/1845
f 1845/1845 1851/1851 1852/1852
f 1845/1845 1852/1852 1846/1846
f 1846/1846 1852/1852 1853/1853
f 1846/1846 1853/1853 1847/1847
f 1847/1847 1853/1853 1854/1854
f 1847/1847 1854/1854 1848/1848
f 1848/1848 1854/1854 1849/1849
f 1848/1848 1849/1849 1843/1843
f 1849/1849 1855/1855 1856/1856
f 1849/1849 1856/1856 1850/1850
f 1850/1850 1856/1856 1857/1857
f 1850/1850 1857/1857 1851/1851
f 1851/1851 1857/1857 1858/1858
f 1851/1851 1858/1858 1852/1852
f 1852/1852 1858/1858 1859/1859
f 1852/1852 1859/1859 1853/1853
f 1853/1853 1859/1859 1860/1860
f 1853/1853 1860/1860 1854/1854
f 1854/1854 1860/1860 1855/1855
f 1854/1854 1855/1855 1849/1849
f 1855/1855 1861/1861 1862/1862
f 1855/1855 1862/1862 1856/1856
f 1856/1856 1862/1862 1863/1863
f 1856/1856 1863/1863 1857/1857
f 1857/1857 1863/1863 1864/1864
f 1857/1857 1864/1864 1858/1858
f 1858/1858 1864/1864 1865/1865
f 1858/1858 1865/1865 1859/1859
f 1859/1859 1865/1865 1866/1866
f 1859/1859 1866/1866 1860/1860
f 1860/1860 1866/1866 1861/1861
f 1860/1860 1861/1861 1855/1855
f 1861/1861 1867/1867 1868/1868
f 1861/1861 1868/1868 1862/1862
f 1862/1862 1868/1868 1869/1869
f 1862/1862 1869/1869 1863/1863
f 1863/1863 1869/1869 1870/1870
f 1863/1863 1870/1870 1864/1864
f 1864/1864 1870/1870 1871/1871
f 1864/1864 1871/1871 1865/1865
f 1865/1865 1871/1871 1872/1872
f 1865/1865 1872/1872 1866/1866
f 1866/1866 1872/1872 1867/1867
f 1866/1866 1867/1867 1861/1861
f 1867/1867 1873/1873 1874/1874
f 1867/1867 1874/1874 1868/1868
f 1868/1868 1874/1874 1875/1875
f 1868/1868 1875/1875 1869/1869
f 1869/1869 1875/1875 1876/1876
f 1869/1869 1876/1876 1870/1870
f 1870/1870 1876/1876 1877/1877
f 1870/1870 1877/1877 1871/1871
f 1871/1871 1877/1877 1878/1878
f 1871/1871 1878/1878 1872/1872
f 1872/1872 1878/1878 1873/1873
f 1872/1872 1873/1873 1867/1867
f 1873/1873 1879/1879 1880/1880
f 1873/1873 1880/1880 1874/1874
f 1874/1874 1880/1880 1881/1881
f 1874/1874 1881/1881 1875/1875
f 1875/1875 1881/1881 1882/1882
f 1875/1875 1882/1882 1876/1876
f 1876/1876 1882/1882 1883/1883
f 1876/1876 1883/1883 1877/1877
f 1877/1877 1883/1883 1884/1884
f 1877/1877 1884/1884 1878/1878
f 1878/1878 1884/1884 1879/1879
f 1878/1878 1879/1879 1873/1873
f 1879/1879 1885/1885 1886/1886
f 1879/1879 1886/1886 1880/1880
f 1880/1880 1886/1886 1887/1887
f 1880/1880 1887/1887 1881/1881
f 1881/1881 1887/1887 1888/1888
f 1881/1881 1888/1888 1882/1882
f 1882/1882 1888/1888 1889/1889
f 1882/1882 1889/1889 1883/1883
f 1883/1883 1889/1889 1890/1890
f 1883/1883 1890/1890 1884/1884
f 1884/1884 1890/1890 1885/1885
f 1884/1884 1885/1885 1879/1879
f 1885/1885 1891/1891 1892/1892
f 1885/1885 1892/1892 1886/1886
f 1886/1886 1892/1892 1893/1893
f 1886/1886 1893/1893 1887/1887
f 1887/1887 1893/1893 1894/1894
f 1887/1887 1894/1894 1888/1888
f 1888/1888 1894/1894 1895/1895
f 1888/1888 1895/1895 1889/1889
f 1889/1889 1895/1895 1896/1896
f 1889/1889 1896/1896 1890/1890
f 1890/1890 1896/1896 1891/1891
f 1890/1890 1891/1891 1885/1885
f 1891/1891 1897/1897 1898/1898
f 1891/1891 1898/1898 1892/1892
f 1892/1892 1898/1898 1899/1899
f 1892/1892 1899/1899 1893/1893
f 1893/1893 1899/1899 1900/1900
f 1893/1893 1900/1900 1894/1894
f 1894/1894 1900/1900 1901/1901
f 1894/1894 1901/1901 1895/1895
f 1895/1895 1901/1901 1902/1902
f 1895/1895 1902/1902 1896/1896
f 1896/1896 1902/1902 1897/1897
f 1896/1896 1897/1897 1891/1891
f 1897/1897 1903/1903 1904/1904
f 1897/1897 1904/1904 1898/1898
f 1898/1898 1904/1904 1905/1905
f 1898/1898 1905/1905 1899/1899
f 1899/1899 1905/1905 1906/1906
f 1899/1899 1906/1906 1900/1900
f 1900/1900 1906/1906 1907/1907
f 1900/1900 1907/1907 1901/1901
f 1901/1901 1907/1907 1908/1908
f 1901/1901 1908/1908 1902/1902
f 1902/1902 1908/1908 1903/1903
f 1902/1902 1903/1903 1897/1897
f 1903/1903 1909/1909 1910/1910
f 1903/1903 1910/1910 1904/1904
f 1904/1904 1910/1910 1911/1911
f 1904/1904 1911/1911 1905/1905
f 1905/1905 1911/1911 1912/1912
f 1905/1905 1912/1912 1906/1906
f 1906/1906 1912/1912 1913/1913
f 1906/1906 1913/1913 1907/1907
f 1907/1907 1913/1913 1914/1914
f 1907/1907 1914/1914 1908/1908
f 1908/1908 1914/1914 1909/1909
f 1908/1908 1909/1909 1903/1903
f 1909/1909 1915/1915 1916/1916
f 1909/1909 1916/1916 1910/1910
f 1910/1910 1916/1916 1917/1917
f 1910/1910 1917/1917 1911/1911
f 1911/1911 1917/1917 1918/1918
f 1911/1911 1918/1918 1912/1912
f 1912/1912 1918/1918 1919/1919
f 1912/1912 1919/1919 1913/1913
f 1913/1913 1919/1919 1920/1920
f 1913/1913 1920/1920 1914/1914
f 1914/1914 1920/1920 1915/1915
f 1914/1914 1915/1915 1909/1909
f 1915/1915 1921/1921 1922/1922
f 1915/1915 1922/1922 1916/1916
f 1916/1916 1922/1922 1923/1923
f 1916/1916 1923/1923 1917/1917
f 1917/1917 1923/1923 1924/1924
f 1917/1917 1924/1924 1918/1918
f 1918/1918 1924/1924 1925/1925
f 1918/1918 1925/1925 1919/1919
f 1919/1919 1925/1925 1926/1926
f 1919/1919 1926/1926 1920/1920
f 1920/1920 1926/1926 1921/1921
f 1920/1920 1921/1921 1915/1915
f 1921/1921 1927/1927 1928/1928
f 1921/1921 1928/1928 1922/1922
f 1922/1922 1928/1928 1929/1929
f 1922/1922 1929/1929 1923/1923
f 1923/1923 1929/1929 1930/1930
f 1923/1923 1930/1930 1924/1924
f 1924/1924 1930/1930 1931/1931
f 1924/1924 1931/1931 1925/1925
f 1925/1925 1931/1931 1932/1932
f 1925/1925 1932/1932 1926/1926
f 1926/1926 1932/1932 1927/1927
f 1926/1926 1927/1927 1921/1921
f 1927/1927 1933/1933 1934/1934
f 1927/1927 1934/1934 1928/1928
f 1928/1928 1934/1934 1935/1935
f 1928/1928 1935/1935 1929/1929
f 1929/1929 1935/1935 1936/1936
f 1929/1929 1936/1936 1930/1930
f 1930/1930 1936/1936 1937/1937
f 1930/1930 1937/1937 1931/1931
f 1931/1931 1937/1937 1938/1938
f 1931/1931 1938/1938 1932/1932
f 1932/1932 1938/1938 1933/1933
f 1932/1932 1933/1933 1927/1927
f 1933/1933 1939/1939 1940/1940
f 1933/1933 1940/1940 1934/1934
f 1934/1934 1940/1940 1941/1941
f 1934/1934 1941/1941 1935/1935
f 1935/1935 1941/1941 1942/1942
f 1935/1935 1942/1942 1936/1936
f 1936/1936 1942/1942 1943/1943
f 1936/1936 1943/1943 1937/1937
f 1937/1937 1943/1943 1944/1944
f 1937/1937 1944/1944 1938/1938
f 1938/1938 1944/1944 1939/1939
f 1938/1938 1939/1939 1933/1933
f 1939/1939 1945/1945 1946/1946
f 1939/1939 1946/1946 1940/1940
f 1940/1940 1946/1946 1947/1947
f 1940/1940 1947/1947 1941/1941
f 1941/1941 1947/1947 1948/1948
f 1941/1941 1948/1948 1942/1942
f 1942/1942 1948/1948 1949/1949
f 1942/1942 1949/1949 1943/1943
f 1943/1943 1949/1949 1950/1950
f 1943/1943 1950/1950 1944/1944
f 1944/1944 1950/1950 1945/1945
f 1944/1944 1945/1945 1939/1939
f 1945/1945 1951/1951 1952/1952
f 1945/1945 1952/1952 1946/1946
f 1946/1946 1952/1952 1953/1953
f 1946/1946 1953/1953 1947/1947
f 1947/1947 1953/1953 1954/1954
f 1947/1947 1954/1954 1948/1948
f 1948/1948 1954/1954 1955/1955
f 1948/1948 1955/1955 1949/1949
f 1949/1949 1955/1955 1956/1956
f 1949/1949 1956/1956 1950/1950
f 1950/1950 1956/1956 1951/1951
f 1950/1950 1951/1951 1945/1945
f 1951/1951 1957/1957 1958/1958
f 1951/1951 1958/1958 1952/1952
f 1952/1952 1958/1958 1959/1959
f 1952/1952 1959/1959 1953/1953
f 1953/1953 1959/1959 1960/1960
f 1953/1953 1960/1960 1954/1954
f 1954/1954 1960/1960 1961/1961
f 1954/1954 1961/1961 1955/1955
f 1955/1955 1961/1961 1962/1962
f 1955/1955 1962/1962 1956/1956
f 1956/1956 1962/1962 1957/1957
f 1956/1956 1957/1957 1951/1951
f 1957/1957 1963/1963 1964/1964
f 1957/1957 1964/1964 1958/1958
f 1958/1958 1964/1964 1965/1965
f 1958/1958 1965/1965 1959/1959
f 1959/1959 1965/1965 1966/1966
f 1959/1959 1966/1966 1960/1960
f 1960/1960 1966/1966 1967/1967
f 1960/1960 1967/1967 1961/1961
f 1961/1961 1967/1967 1968/1968
f 1961/1961 1968/1968 1962/1962
f 1962/1962 1968/1968 1963/1963
f 1962/1962 1963/1963 1957/1957
f 1963/1963 1969/1969 1970/1970
f 1963/1963 1970/1970 1964/1964
f 1964/1964 1970/1970 1971/1971
f 1964/1964 1971/1971 1965/1965
f 1965/1965 1971/1971 1972/1972
f 1965/1965 1972/1972 1966/1966
f 1966/1966 1972/1972 1973/1973
f 1966/1966 1973/1973 1967/1967
f 1967/1967 1973/1973 1974/1974
f 1967/1967 1974/1974 1968/1968
f 1968/1968 1974/1974 1969/1969
f 1968/1968 1969/1969 1963/1963
f 1969/1969 1975/1975 1976/1976
f 1969/1969 1976/1976 1970/1970
f 1970/1970 1976/1976 1977/1977
f 1970/1970 1977/1977 1971/1971
f 1971/1971 1977/1977 1978/1978
f 1971/1971 1978/1978 1972/1972
f 1972/1972 1978/1978 1979/1979
f 1972/1972 1979/1979 1973/1973
f 1973/1973 1979/1979 1980/1980
f 1973/1973 1980/1980 1974/1974
f 1974/1974 1980/1980 1975/1975
f 1974/1974 1975/1975 1969/1969
f 1975/1975 1981/1981 1982/1982
f 1975/1975 1982/1982 1976/1976
f 1976/1976 1982/1982 1983/1983
f 1976/1976 1983/1983 1977/1977
f 1977/1977 1983/1983 1984/1984
f 1977/1977 1984/1984 1978/1978
f 1978/1978 1984/1984 1985/1985
f 1978/1978 1985/1985 1979/1979
f 1979/1979 1985/1985 1986/1986
f 1979/1979 1986/1986 1980/1980
f 1980/1980 1986/1986 1981/1981
f 1980/1980 1981/1981 1975/1975
f 1981/1981 1987/1987 1988/1988
f 1981/1981 1988/1988 1982/1982
f 1982/1982 1988/1988 1989/1989
f 1982/1982 1989/1989 1983/1983
f 1983/1983 1989/1989 1990/1990
f 1983/1983 1990/1990 1984/1984
f 1984/1984 1990/1990 1991/1991
f 1984/1984 1991/1991 1985/1985
f 1985/1985 1991/1991 1992/1992
f 1985/1985 1992/1992 1986/1986
f 1986/1986 1992/1992 1987/1987
f 1986/1986 1987/1987 1981/1981
f 1987/1987 1993/1993 1994/1994
f 1987/1987 1994/1994 1988/1988
f 1988/1988 1994/1994 1995/1995
f 1988/1988 1995/1995 1989/1989
f 1989/1989 1995/1995 1996/1996
f 1989/1989 1996/1996 1990/1990
f 1990/1990 1996/1996 1997/1997
f 1990/1990 1997/1997 1991/1991
f 1991/1991 1997/1997 1998/1998
f 1991/1991 1998/1998 1992/1992
f 1992/1992 1998/1998 1993/1993
f 1992/1992 1993/1993 1987/1987
f 1993/1993 1999/1999 2000/2000
f 1993/1993 2000/2000 1994/1994
f 1994/1994 2000/2000 2001/2001
f 1994/1994 2001/2001 1995/1995
f 1995/1995 2001/2001 2002/2002
f 1995/1995 2002/2002 1996/1996
f 1996/1996 2002/2002 2003/2003
f 1996/1996 2003/2003 1997/1997
f 1997/1997 2003/2003 2004/2004
f 1997/1997 2004/2004 1998/1998
f 1998/1998 2004/2004 1999/1999
f 1998/1998 1999/1999 1993/1993
f 1999/1999 2005/2005 2006/2006
f 1999/1999 2006/2006 2000/2000
f 2000/2000 2006/2006 2007/2007
f 2000/2000 2007/2007 2001/2001
f 2001/2001 2007/2007 2008/2008
f 2001/2001 2008/2008 2002/2002
f 2002/2002 2008/2008 2009/2009
f 2002/2002 2009/2009 2003/2003
f 2003/2003 2009/2009 2010/2010
f 2003/2003 2010/2010 2004/2004
f 2004/2004 2010/2010 2005/2005
f 2004/2004 2005/2005 1999/1999
f 2005/2005 2011/2011 2012/2012
f 2005/2005 2012/2012 2006/2006
f 2006/2006 2012/2012 2013/2013
f 2006/2006 2013/2013 2007/2007
f 2007/2007 2013/2013 2014/2014
f 2007/2007 2014/2014 2008/2008
f 2008/2008 2014/2014 2015/2015
f 2008/2008 2015/2015 2009/2009
f 2009/2009 2015/2015 2016/2016
f 2009/2009 2016/2016 2010/2010
f 2010/2010 2016/2016 2011/2011
f 2010/2010 2011/2011 2005/2005
f 2011/2011 2017/2017 2018/2018
f 2011/2011 2018/2018 2012/2012
f 2012/2012 2018/2018 2019/2019
f 2012/2012 2019/2019 2013/2013
f 2013/2013 2019/2019 2020/2020
f 2013/2013 2020/2020 2014/2014
f 2014/2014 2020/2020 2021/2021
f 2014/2014 2021/2021 2015/2015
f 2015/2015 2021/2021 2022/2022
f 2015/2015 2022/2022 2016/2016
f 2016/2016 2022/2022 2017/2017
f 2016/2016 2017/2017 2011/2011
f 2017/2017 2023/2023 2024/2024
f 2017/2017 2024/2024 2018/2018
f 2018/2018 2024/2024 2025/2025
f 2018/2018 2025/2025 2019/2019
f 2019/2019 2025/2025 2026/2026
f 2019/2019 2026/2026 2020/2020
f 2020/2020 2026/2026 2027/2027
f 2020/2020 2027/2027 2021/2021
f 2021/2021 2027/2027 2028/2028
f 2021/2021 2028/2028 2022/2022
f 2022/2022 2028/2028 2023/2023
f 2022/2022 2023/2023 2017/2017
f 2023/2023 2029/2029 2030/2030
f 2023/2023 2030/2030 2024/2024
f 2024/2024 2030/2030 2031/2031
f 2024/2024 2031/2031 2025/2025
f 2025/2025 2031/2031 2032/2032
f 2025/2025 2032/2032 2026/2026
f 2026/2026 2032/2032 2033/2033
f 2026/2026 2033/2033 2027/2027
f 2027/2027 2033/2033 2034/2034
f 2027/2027 2034/2034 2028/2028
f 2028/2028 2034/2034 2029/2029
f 2028/2028 2029/2029 2023/2023
f 2029/2029 2035/2035 2036/2036
f 2029/2029 2036/2036 2030/2030
f 2030/2030 2036/2036 2037/2037
f 2030/2030 2037/2037 2031/2031
f 2031/2031 2037/2037 2038/2038
f 2031/2031 2038/2038 2032/2032
f 2032/2032 2038/2038 2039/2039
f 2032/2032 2039/2039 2033/2033
f 2033/2033 2039/2039 2040/2040
f 2033/2033 2040/2040 2034/2034
f 2034/2034 2040/2040 2035/2035
f 2034/2034 2035/2035 2029/2029
f 2035/2035 2041/2041 2042/2042
f 2035/2035 2042/2042 2036/2036
f 2036/2036 2042/2042 2043/2043
f 2036/2036 2043/2043 2037/2037
f 2037/2037 2043/2043 2044/2044
f 2037/2037 2044/2044 2038/2038
f 2038/2038 2044/2044 2045/2045
f 2038/2038 2045/2045 2039/2039
f 2039/2039 2045/2045 2046/2046
f 2039/2039 2046/2046 2040/2040
f 2040/2040 2046/2046 2041/2041
f 2040/2040 2041/2041 2035/2035
f 2041/2041 2047/2047 2048/2048
f 2041/2041 2048/2048 2042/2042
f 2042/2042 2048/2048 2049/2049
f 2042/2042 2049/2049 2043/2043
f 2043/2043 2049/2049 2050/2050
f 2043/2043 2050/2050 2044/2044
f 2044/2044 2050/2050 2051/2051
f 2044/2044 2051/2051 2045/2045
f 2045/2045 2051/2051 2052/2052
f 2045/2045 2052/2052 2046/2046
f 2046/2046 2052/2052 2047/2047
f 2046/2046 2047/2047 2041/2041
f 2047/2047 2053/2053 2054/2054
f 2047/2047 2054/2054 2048/2048
f 2048/2048 2054/2054 2055/2055
f 2048/2048 2055/2055 2049/2049
f 2049/2049 2055/2055 2056/2056
f 2049/2049 2056/2056 2050/2050
f 2050/2050 2056/2056 2057/2057
f 2050/2050 2057/2057 2051/2051
f 2051/2051 2057/2057 2058/2058
f 2051/2051 2058/2058 2052/2052
f 2052/2052 2058/2058 2053/2053
f 2052/2052 2053/2053 2047/2047
f 2053/2053 2059/2059 2060/2060
f 2053/2053 2060/2060 2054/2054
f 2054/2054 2060/2060 2061/2061
f 2054/2054 2061/2061 2055/2055
f 2055/2055 2061/2061 2062/2062
f 2055/2055 2062/2062 2056/2056
f 2056/2056 2062/2062 2063/2063
f 2056/2056 2063/2063 2057/2057
f 2057/2057 2063/2063 2064/2064
f 2057/2057 2064/2064 2058/2058
f 2058/2058 2064/2064 2059/2059
f 2058/2058 2059/2059 2053/2053
f 2059/2059 2065/2065 2066/2066
f 2059/2059 2066/2066 2060/2060
f 2060/2060 2066/2066 2067/2067
f 2060/2060 2067/2067 2061/2061
f 2061/2061 2067/2067 2068/2068
f 2061/2061 2068/2068 2062/2062
f 2062/2062 2068/2068 2069/2069
f 2062/2062 2069/2069 2063/2063
f 2063/2063 2069/2069 2070/2070
f 2063/2063 2070/2070 2064/2064
f 2064/2064 2070/2070 2065/2065
f 2064/2064 2065/2065 2059/2059
f 2065/2065 2071/2071 2072/2072
f 2065/2065 2072/2072 2066/2066
f 2066/2066 2072/2072 2073/2073
f 2066/2066 2073/2073 2067/2067
f 2067/2067 2073/2073 2074/2074
f 2067/2067 2074/2074 2068/2068
f 2068/2068 2074/2074 2075/2075
f 2068/2068 2075/2075 2069/2069
f 2069/2069 2075/2075 2076/2076
f 2069/2069 2076/2076 2070/2070
f 2070/2070 2076/2076 2071/2071
f 2070/2070 2071/2071 2065/2065
f 2071/2071 2077/2077 2078/2078
f 2071/2071 2078/2078 2072/2072
f 2072/2072 2078/2078 2079/2079
f 2072/2072 2079/2079 2073/2073
f 2073/2073 2079/2079 2080/2080
f 2073/2073 2080/2080 2074/2074
f 2074/2074 2080/2080 2081/2081
f 2074/2074 2081/2081 2075/2075
f 2075/2075 2081/2081 2082/2082
f 2075/2075 2082/2082 2076/2076
f 2076/2076 2082/2082 2077/2077
f 2076/2076 2077/2077 2071/2071
f 2077/2077 2083/2083 2084/2084
f 2077/2077 2084/2084 2078/2078
f 2078/2078 2084/2084 2085/2085
f 2078/2078 2085/2085 2079/2079
f 2079/2079 2085/2085 2086/2086
f 2079/2079 2086/2086 2080/2080
f 2080/2080 2086/2086 2087/2087
f 2080/2080 2087/2087 2081/2081
f 2081/2081 2087/2087 2088/2088
f 2081/2081 2088/2088 2082/2082
f 2082/2082 2088/2088 2083/2083
f 2082/2082 2083/2083 2077/2077
f 2083/2083 2089/2089 2090/2090
f 2083/2083 2090/2090 2084/2084
f 2084/2084 2090/2090 2091/2091
f 2084/2084 2091/2091 2085/2085
f 2085/2085 2091/2091 2092/2092
f 2085/2085 2092/2092 2086/2086
f 2086/2086 2092/2092 2093/2093
f 2086/2086 2093/2093 2087/2087
f 2087/2087 2093/2093 2094/2094
f 2087/2087 2094/2094 2088/2088
f 2088/2088 2094/2094 2089/2089
f 2088/2088 2089/2089 2083/2083
f 2089/2089 2095/2095 2096/2096
f 2089/2089 2096/2096 2090/2090
f 2090/2090 2096/2096 2097/2097
f 2090/2090 2097/2097 2091/2091
f 2091/2091 2097/2097 2098/2098
f 2091/2091 2098/2098 2092/2092
f 2092/2092 2098/2098 2099/2099
f 2092/2092 2099/2099 2093/2093
f 2093/2093 2099/2099 2100/2100
f 2093/2093 2100/2100 2094/2094
f 2094/2094 2100/2100 2095/2095
f 2094/2094 2095/2095 2089/2089
f 2095/2095 2101/2101 2102/2102
f 2095/2095 2102/2102 2096/2096
f 2096/2096 2102/2102 2103/2103
f 2096/2096 2103/2103 2097/2097
f 2097/2097 2103/2103 2104/2104
f 2097/2097 2104/2104 2098/2098
f 2098/2098 2104/2104 2105/2105
f 2098/2098 2105/2105 2099/2099
f 2099/2099 2105/2105 2106/2106
f 2099/2099 2106/2106 2100/2100
f 2100/2100 2106/2106 2101/2101
f 2100/2100 2101/2101 2095/2095
f 2101/2101 2107/2107 2108/2108
f 2101/2101 2108/2108 2102/2102
f 2102/2102 2108/2108 2109/2109
f 2102/2102 2109/2109 2103/2103
f 2103/2103 2109/2109 2110/2110
f 2103/2103 2110/2110 2104/2104
f 2104/2104 2110/2110 2111/2111
f 2104/2104 2111/2111 2105/2105
f 2105/2105 2111/2111 2112/2112
f 2105/2105 2112/2112 2106/2106
f 2106/2106 2112/2112 2107/2107
f 2106/2106 2107/2107 2101/2101
f 2107/2107 2113/2113 2114/2114
f 2107/2107 2114/2114 2108/2108
f 2108/2108 2114/2114 2115/2115
f 2108/2108 2115/2115 2109/2109
f 2109/2109 2115/2115 2116/2116
f 2109/2109 2116/2116 2110/2110
f 2110/2110 2116/2116 2117/2117
f 2110/2110 2117/2117 2111/2111
f 2111/2111 2117/2117 2118/2118
f 2111/2111 2118/2118 2112/2112
f 2112/2112 2118/2118 2113/2113
f 2112/2112 2113/2113 2107/2107
f 2113/2113 2119/2119 2120/2120
f 2113/2113 2120/2120 2114/2114
f 2114/2114 2120/2120 2121/2121
f 2114/2114 2121/2121 2115/2115
f 2115/2115 2121/2121 2122/2122
f 2115/2115 2122/2122 2116/2116
f 2116/2116 2122/2122 2123/2123
f 2116/2116 2123/2123 2117/2117
f 2117/2117 2123/2123 2124/2124
f 2117/2117 2124/2124 2118/2118
f 2118/2118 2124/2124 2119/2119
f 2118/2118 2119/2119 2113/2113
f 2119/2119 1837/1837 1838/1838
f 2119/2119 1838/1838 2120/2120
f 2120/2120 1838/1838 1839/1839
f 2120/2120 1839/1839 2121/2121
f 2121/2121 1839/1839 1840/1840
f 2121/2121 1840/1840 2122/2122
f 2122/2122 1840/1840 1841/1841
f 2122/2122 1841/1841 2123/2123
f 2123/2123 1841/1841 1842/1842
f 2123/2123 1842/1842 2124/2124
f 2124/2124 1842/1842 1837/1837
f 2124/2124 1837/1837 2119/2119
usemtl TowerPaint
f 2125/2125 2127/2127 2128/2128
f 2125/2125 2128/2128 2126/2126
f 2127/2127 2129/2129 2130/2130
f 2127/2127 2130/2130 2128/2128
f 2129/2129 2131/2131 2132/2132
f 2129/2129 2132/2132 2130/2130
f 2131/2131 2133/2133 2134/2134
f 2131/2131 2134/2134 2132/2132
f 2133/2133 2135/2135 2136/2136
f 2133/2133 2136/2136 2134/2134
f 2135/2135 2137/2137 2138/2138
f 2135/2135 2138/2138 2136/2136
f 2137/2137 2139/2139 2140/2140
f 2137/2137 2140/2140 2138/2138
f 2139/2139 2141/2141 2142/2142
f 2139/2139 2142/2142 2140/2140
f 2141/2141 2143/2143 2144/2144
f 2141/2141 2144/2144 2142/2142
f 2143/2143 2145/2145 2146/2146
f 2143/2143 2146/2146 2144/2144
f 2145/2145 2147/2147 2148/2148
f 2145/2145 2148/2148 2146/2146
f 2147/2147 2149/2149 2150/2150
f 2147/2147 2150/2150 2148/2148
f 2149/2149 2151/2151 2152/2152
f 2149/2149 2152/2152 2150/2150
f 2151/2151 2153/2153 2154/2154
f 2151/2151 2154/2154 2152/2152
f 2153/2153 2155/2155 2156/2156
f 2153/2153 2156/2156 2154/2154
f 2155/2155 2157/2157 2158/2158
f 2155/2155 2158/2158 2156/2156
f 2157/2157 2159/2159 2160/2160
f 2157/2157 2160/2160 2158/2158
f 2159/2159 2161/2161 2162/2162
f 2159/2159 2162/2162 2160/2160
f 2161/2161 2163/2163 2164/2164
f 2161/2161 2164/2164 2162/2162
f 2163/2163 2165/2165 2166/2166
f 2163/2163 2166/2166 2164/2164
f 2165/2165 2167/2167 2168/2168
f 2165/2165 2168/2168 2166/2166
f 2167/2167 2169/2169 2170/2170
f 2167/2167 2170/2170 2168/2168
f 2169/2169 2171/2171 2172/2172
f 2169/2169 2172/2172 2170/2170
f 2171/2171 2173/2173 2174/2174
f 2171/2171 2174/2174 2172/2172
f 2173/2173 2175/2175 2176/2176
f 2173/2173 2176/2176 2174/2174
f 2175/2175 2177/2177 2178/2178
f 2175/2175 2178/2178 2176/2176
f 2177/2177 2179/2179 2180/2180
f 2177/2177 2180/2180 2178/2178
f 2179/2179 2181/2181 2182/2182
f 2179/2179 2182/2182 2180/2180
f 2181/2181 2183/2183 2184/2184
f 2181/2181 2184/2184 2182/2182
f 2183/2183 2185/2185 2186/2186
f 2183/2183 2186/2186 2184/2184
f 2185/2185 2187/2187 2188/2188
f 2185/2185 2188/2188 2186/2186
f 2187/2187 2189/2189 2190/2190
f 2187/2187 2190/2190 2188/2188
f 2189/2189 2191/2191 2192/2192
f 2189/2189 2192/2192 2190/2190
f 2191/2191 2193/2193 2194/2194
f 2191/2191 2194/2194 2192/2192
f 2193/2193 2195/2195 2196/2196
f 2193/2193 2196/2196 2194/2194
f 2195/2195 2197/2197 2198/2198
f 2195/2195 2198/2198 2196/2196
f 2197/2197 2199/2199 2200/2200
f 2197/2197 2200/2200 2198/2198
f 2199/2199 2201/2201 2202/2202
f 2199/2199 2202/2202 2200/2200
f 2201/2201 2203/2203 2204/2204
f 2201/2201 2204/2204 2202/2202
f 2203/2203 2205/2205 2206/2206
f 2203/2203 2206/2206 2204/2204
f 2205/2205 2207/2207 2208/2208
f 2205/2205 2208/2208 2206/2206
f 2207/2207 2209/2209 2210/2210
f 2207/2207 2210/2210 2208/2208
f 2209/2209 2211/2211 2212/2212
f 2209/2209 2212/2212 2210/2210
f 2211/2211 2213/2213 2214/2214
f 2211/2211 2214/2214 2212/2212
f 2213/2213 2215/2215 2216/2216
f 2213/2213 2216/2216 2214/2214
f 2215/2215 2217/2217 2218/2218
f 2215/2215 2218/2218 2216/2216
f 2217/2217 2219/2219 2220/2220
f 2217/2217 2220/2220 2218/2218
f 2219/2219 2125/2125 2126/2126
f 2219/2219 2126/2126 2220/2220
f 2219/2219 2217/2217 2215/2215 2213/2213 2211/2211 2209/2209 2207/2207 2205/2205 2203/2203 2201/2201 2199/2199 2197/2197 2195/2195 2193/2193 2191/2191 2189/2189 2187/2187 2185/2185 2183/2183 2181/2181 2179/2179 2177/2177 2175/2175 2173/2173 2171/2171 2169/2169 2167/2167 2165/2165 2163/2163 2161/2161 2159/2159 2157/2157 2155/2155 2153/2153 2151/2151 2149/2149 2147/2147 2145/2145 2143/2143 2141/2141 2139/2139 2137/2137 2135/2135 2133/2133 2131/2131 2129/2129 2127/2127 2125/2125
f 2126/2126 2128/2128 2130/2130 2132/2132 2134/2134 2136/2136 2138/2138 2140/2140 2142/2142 2144/2144 2146/2146 2148/2148 2150/2150 2152/2152 2154/2154 2156/2156 2158/2158 2160/2160 2162/2162 2164/2164 2166/2166 2168/2168 2170/2170 2172/2172 2174/2174 2176/2176 2178/2178 2180/2180 2182/2182 2184/2184 2186/2186 2188/2188 2190/2190 2192/2192 2194/2194 2196/2196 2198/2198 2200/2200 2202/2202 2204/2204 2206/2206 2208/2208 2210/2210 2212/2212 2214/2214 2216/2216 2218/2218 2220/2220
usemtl DarkIron
f 2221/2221 2227/2227 2228/2228
f 2221/2221 2228/2228 2222/2222
f 2222/2222 2228/2228 2229/2229
f 2222/2222 2229/2229 2223/2223
f 2223/2223 2229/2229 2230/2230
f 2223/2223 2230/2230 2224/2224
f 2224/2224 2230/2230 2231/2231
f 2224/2224 2231/2231 2225/2225
f 2225/2225 2231/2231 2232/2232
f 2225/2225 2232/2232 2226/2226
f 2226/2226 2232/2232 2227/2227
f 2226/2226 2227/2227 2221/2221
f 2227/2227 2233/2233 2234/2234
f 2227/2227 2234/2234 2228/2228
f 2228/2228 2234/2234 2235/2235
f 2228/2228 2235/2235 2229/2229
f 2229/2229 2235/2235 2236/2236
f 2229/2229 2236/2236 2230/2230
f 2230/2230 2236/2236 2237/2237
f 2230/2230 2237/2237 2231/2231
f 2231/2231 2237/2237 2238/2238
f 2231/2231 2238/2238 2232/2232
f 2232/2232 2238/2238 2233/2233
f 2232/2232 2233/2233 2227/2227
f 2233/2233 2239/2239 2240/2240
f 2233/2233 2240/2240 2234/2234
f 2234/2234 2240/2240 2241/2241
f 2234/2234 2241/2241 2235/2235
f 2235/2235 2241/2241 2242/2242
f 2235/2235 2242/2242 2236/2236
f 2236/2236 2242/2242 2243/2243
f 2236/2236 2243/2243 2237/2237
f 2237/2237 2243/2243 2244/2244
f 2237/2237 2244/2244 2238/2238
f 2238/2238 2244/2244 2239/2239
f 2238/2238 2239/2239 2233/2233
f 2239/2239 2245/2245 2246/2246
f 2239/2239 2246/2246 2240/2240
f 2240/2240 2246/2246 2247/2247
f 2240/2240 2247/2247 2241/2241
f 2241/2241 2247/2247 2248/2248
f 2241/2241 2248/2248 2242/2242
f 2242/2242 2248/2248 2249/2249
f 2242/2242 2249/2249 2243/2243
f 2243/2243 2249/2249 2250/2250
f 2243/2243 2250/2250 2244/2244
f 2244/2244 2250/2250 2245/2245
f 2244/2244 2245/2245 2239/2239
f 2245/2245 2251/2251 2252/2252
f 2245/2245 2252/2252 2246/2246
f 2246/2246 2252/2252 2253/2253
f 2246/2246 2253/2253 2247/2247
f 2247/2247 2253/2253 2254/2254
f 2247/2247 2254/2254 2248/2248
f 2248/2248 2254/2254 2255/2255
f 2248/2248 2255/2255 2249/2249
f 2249/2249 2255/2255 2256/2256
f 2249/2249 2256/2256 2250/2250
f 2250/2250 2256/2256 2251/2251
f 2250/2250 2251/2251 2245/2245
f 2251/2251 2257/2257 2258/2258
f 2251/2251 2258/2258 2252/2252
f 2252/2252 2258/2258 2259/2259
f 2252/2252 2259/2259 2253/2253
f 2253/2253 2259/2259 2260/2260
f 2253/2253 2260/2260 2254/2254
f 2254/2254 2260/2260 2261/2261
f 2254/2254 2261/2261 2255/2255
f 2255/2255 2261/2261 2262/2262
f 2255/2255 2262/2262 2256/2256
f 2256/2256 2262/2262 2257/2257
f 2256/2256 2257/2257 2251/2251
f 2257/2257 2263/2263 2264/2264
f 2257/2257 2264/2264 2258/2258
f 2258/2258 2264/2264 2265/2265
f 2258/2258 2265/2265 2259/2259
f 2259/2259 2265/2265 2266/2266
f 2259/2259 2266/2266 2260/2260
f 2260/2260 2266/2266 2267/2267
f 2260/2260 2267/2267 2261/2261
f 2261/2261 2267/2267 2268/2268
f 2261/2261 2268/2268 2262/2262
f 2262/2262 2268/2268 2263/2263
f 2262/2262 2263/2263 2257/2257
f 2263/2263 2269/2269 2270/2270
f 2263/2263 2270/2270 2264/2264
f 2264/2264 2270/2270 2271/2271
f 2264/2264 2271/2271 2265/2265
f 2265/2265 2271/2271 2272/2272
f 2265/2265 2272/2272 2266/2266
f 2266/2266 2272/2272 2273/2273
f 2266/2266 2273/2273 2267/2267
f 2267/2267 2273/2273 2274/2274
f 2267/2267 2274/2274 2268/2268
f 2268/2268 2274/2274 2269/2269
f 2268/2268 2269/2269 2263/2263
f 2269/2269 2275/2275 2276/2276
f 2269/2269 2276/2276 2270/2270
f 2270/2270 2276/2276 2277/2277
f 2270/2270 2277/2277 2271/2271
f 2271/2271 2277/2277 2278/2278
f 2271/2271 2278/2278 2272/2272
f 2272/2272 2278/2278 2279/2279
f 2272/2272 2279/2279 2273/2273
f 2273/2273 2279/2279 2280/2280
f 2273/2273 2280/2280 2274/2274
f 2274/2274 2280/2280 2275/2275
f 2274/2274 2275/2275 2269/2269
f 2275/2275 2281/2281 2282/2282
f 2275/2275 2282/2282 2276/2276
f 2276/2276 2282/2282 2283/2283
f 2276/2276 2283/2283 2277/2277
f 2277/2277 2283/2283 2284/2284
f 2277/2277 2284/2284 2278/2278
f 2278/2278 2284/2284 2285/2285
f 2278/2278 2285/2285 2279/2279
f 2279/2279 2285/2285 2286/2286
f 2279/2279 2286/2286 2280/2280
f 2280/2280 2286/2286 2281/2281
f 2280/2280 2281/2281 2275/2275
f 2281/2281 2287/2287 2288/2288
f 2281/2281 2288/2288 2282/2282
f 2282/2282 2288/2288 2289/2289
f 2282/2282 2289/2289 2283/2283
f 2283/2283 2289/2289 2290/2290
f 2283/2283 2290/2290 2284/2284
f 2284/2284 2290/2290 2291/2291
f 2284/2284 2291/2291 2285/2285
f 2285/2285 2291/2291 2292/2292
f 2285/2285 2292/2292 2286/2286
f 2286/2286 2292/2292 2287/2287
f 2286/2286 2287/2287 2281/2281
f 2287/2287 2293/2293 2294/2294
f 2287/2287 2294/2294 2288/2288
f 2288/2288 2294/2294 2295/2295
f 2288/2288 2295/2295 2289/2289
f 2289/2289 2295/2295 2296/2296
f 2289/2289 2296/2296 2290/2290
f 2290/2290 2296/2296 2297/2297
f 2290/2290 2297/2297 2291/2291
f 2291/2291 2297/2297 2298/2298
f 2291/2291 2298/2298 2292/2292
f 2292/2292 2298/2298 2293/2293
f 2292/2292 2293/2293 2287/2287
f 2293/2293 2299/2299 2300/2300
f 2293/2293 2300/2300 2294/2294
f 2294/2294 2300/2300 2301/2301
f 2294/2294 2301/2301 2295/2295
f 2295/2295 2301/2301 2302/2302
f 2295/2295 2302/2302 2296/2296
f 2296/2296 2302/2302 2303/2303
f 2296/2296 2303/2303 2297/2297
f 2297/2297 2303/2303 2304/2304
f 2297/2297 2304/2304 2298/2298
f 2298/2298 2304/2304 2299/2299
f 2298/2298 2299/2299 2293/2293
f 2299/2299 2305/2305 2306/2306
f 2299/2299 2306/2306 2300/2300
f 2300/2300 2306/2306 2307/2307
f 2300/2300 2307/2307 2301/2301
f 2301/2301 2307/2307 2308/2308
f 2301/2301 2308/2308 2302/2302
f 2302/2302 2308/2308 2309/2309
f 2302/2302 2309/2309 2303/2303
f 2303/2303 2309/2309 2310/2310
f 2303/2303 2310/2310 2304/2304
f 2304/2304 2310/2310 2305/2305
f 2304/2304 2305/2305 2299/2299
f 2305/2305 2311/2311 2312/2312
f 2305/2305 2312/2312 2306/2306
f 2306/2306 2312/2312 2313/2313
f 2306/2306 2313/2313 2307/2307
f 2307/2307 2313/2313 2314/2314
f 2307/2307 2314/2314 2308/2308
f 2308/2308 2314/2314 2315/2315
f 2308/2308 2315/2315 2309/2309
f 2309/2309 2315/2315 2316/2316
f 2309/2309 2316/2316 2310/2310
f 2310/2310 2316/2316 2311/2311
f 2310/2310 2311/2311 2305/2305
f 2311/2311 2317/2317 2318/2318
f 2311/2311 2318/2318 2312/2312
f 2312/2312 2318/2318 2319/2319
f 2312/2312 2319/2319 2313/2313
f 2313/2313 2319/2319 2320/2320
f 2313/2313 2320/2320 2314/2314
f 2314/2314 2320/2320 2321/2321
f 2314/2314 2321/2321 2315/2315
f 2315/2315 2321/2321 2322/2322
f 2315/2315 2322/2322 2316/2316
f 2316/2316 2322/2322 2317/2317
f 2316/2316 2317/2317 2311/2311
f 2317/2317 2323/2323 2324/2324
f 2317/2317 2324/2324 2318/2318
f 2318/2318 2324/2324 2325/2325
f 2318/2318 2325/2325 2319/2319
f 2319/2319 2325/2325 2326/2326
f 2319/2319 2326/2326 2320/2320
f 2320/2320 2326/2326 2327/2327
f 2320/2320 2327/2327 2321/2321
f 2321/2321 2327/2327 2328/2328
f 2321/2321 2328/2328 2322/2322
f 2322/2322 2328/2328 2323/2323
f 2322/2322 2323/2323 2317/2317
f 2323/2323 2329/2329 2330/2330
f 2323/2323 2330/2330 2324/2324
f 2324/2324 2330/2330 2331/2331
f 2324/2324 2331/2331 2325/2325
f 2325/2325 2331/2331 2332/2332
f 2325/2325 2332/2332 2326/2326
f 2326/2326 2332/2332 2333/2333
f 2326/2326 2333/2333 2327/2327
f 2327/2327 2333/2333 2334/2334
f 2327/2327 2334/2334 2328/2328
f 2328/2328 2334/2334 2329/2329
f 2328/2328 2329/2329 2323/2323
f 2329/2329 2335/2335 2336/2336
f 2329/2329 2336/2336 2330/2330
f 2330/2330 2336/2336 2337/2337
f 2330/2330 2337/2337 2331/2331
f 2331/2331 2337/2337 2338/2338
f 2331/2331 2338/2338 2332/2332
f 2332/2332 2338/2338 2339/2339
f 2332/2332 2339/2339 2333/2333
f 2333/2333 2339/2339 2340/2340
f 2333/2333 2340/2340 2334/2334
f 2334/2334 2340/2340 2335/2335
f 2334/2334 2335/2335 2329/2329
f 2335/2335 2341/2341 2342/2342
f 2335/2335 2342/2342 2336/2336
f 2336/2336 2342/2342 2343/2343
f 2336/2336 2343/2343 2337/2337
f 2337/2337 2343/2343 2344/2344
f 2337/2337 2344/2344 2338/2338
f 2338/2338 2344/2344 2345/2345
f 2338/2338 2345/2345 2339/2339
f 2339/2339 2345/2345 2346/2346
f 2339/2339 2346/2346 2340/2340
f 2340/2340 2346/2346 2341/2341
f 2340/2340 2341/2341 2335/2335
f 2341/2341 2347/2347 2348/2348
f 2341/2341 2348/2348 2342/2342
f 2342/2342 2348/2348 2349/2349
f 2342/2342 2349/2349 2343/2343
f 2343/2343 2349/2349 2350/2350
f 2343/2343 2350/2350 2344/2344
f 2344/2344 2350/2350 2351/2351
f 2344/2344 2351/2351 2345/2345
f 2345/2345 2351/2351 2352/2352
f 2345/2345 2352/2352 2346/2346
f 2346/2346 2352/2352 2347/2347
f 2346/2346 2347/2347 2341/2341
f 2347/2347 2353/2353 2354/2354
f 2347/2347 2354/2354 2348/2348
f 2348/2348 2354/2354 2355/2355
f 2348/2348 2355/2355 2349/2349
f 2349/2349 2355/2355 2356/2356
f 2349/2349 2356/2356 2350/2350
f 2350/2350 2356/2356 2357/2357
f 2350/2350 2357/2357 2351/2351
f 2351/2351 2357/2357 2358/2358
f 2351/2351 2358/2358 2352/2352
f 2352/2352 2358/2358 2353/2353
f 2352/2352 2353/2353 2347/2347
f 2353/2353 2359/2359 2360/2360
f 2353/2353 2360/2360 2354/2354
f 2354/2354 2360/2360 2361/2361
f 2354/2354 2361/2361 2355/2355
f 2355/2355 2361/2361 2362/2362
f 2355/2355 2362/2362 2356/2356
f 2356/2356 2362/2362 2363/2363
f 2356/2356 2363/2363 2357/2357
f 2357/2357 2363/2363 2364/2364
f 2357/2357 2364/2364 2358/2358
f 2358/2358 2364/2364 2359/2359
f 2358/2358 2359/2359 2353/2353
f 2359/2359 2365/2365 2366/2366
f 2359/2359 2366/2366 2360/2360
f 2360/2360 2366/2366 2367/2367
f 2360/2360 2367/2367 2361/2361
f 2361/2361 2367/2367 2368/2368
f 2361/2361 2368/2368 2362/2362
f 2362/2362 2368/2368 2369/2369
f 2362/2362 2369/2369 2363/2363
f 2363/2363 2369/2369 2370/2370
f 2363/2363 2370/2370 2364/2364
f 2364/2364 2370/2370 2365/2365
f 2364/2364 2365/2365 2359/2359
f 2365/2365 2371/2371 2372/2372
f 2365/2365 2372/2372 2366/2366
f 2366/2366 2372/2372 2373/2373
f 2366/2366 2373/2373 2367/2367
f 2367/2367 2373/2373 2374/2374
f 2367/2367 2374/2374 2368/2368
f 2368/2368 2374/2374 2375/2375
f 2368/2368 2375/2375 2369/2369
f 2369/2369 2375/2375 2376/2376
f 2369/2369 2376/2376 2370/2370
f 2370/2370 2376/2376 2371/2371
f 2370/2370 2371/2371 2365/2365
f 2371/2371 2377/2377 2378/2378
f 2371/2371 2378/2378 2372/2372
f 2372/2372 2378/2378 2379/2379
f 2372/2372 2379/2379 2373/2373
f 2373/2373 2379/2379 2380/2380
f 2373/2373 2380/2380 2374/2374
f 2374/2374 2380/2380 2381/2381
f 2374/2374 2381/2381 2375/2375
f 2375/2375 2381/2381 2382/2382
f 2375/2375 2382/2382 2376/2376
f 2376/2376 2382/2382 2377/2377
f 2376/2376 2377/2377 2371/2371
f 2377/2377 2383/2383 2384/2384
f 2377/2377 2384/2384 2378/2378
f 2378/2378 2384/2384 2385/2385
f 2378/2378 2385/2385 2379/2379
f 2379/2379 2385/2385 2386/2386
f 2379/2379 2386/2386 2380/2380
f 2380/2380 2386/2386 2387/2387
f 2380/2380 2387/2387 2381/2381
f 2381/2381 2387/2387 2388/2388
f 2381/2381 2388/2388 2382/2382
f 2382/2382 2388/2388 2383/2383
f 2382/2382 2383/2383 2377/2377
f 2383/2383 2389/2389 2390/2390
f 2383/2383 2390/2390 2384/2384
f 2384/2384 2390/2390 2391/2391
f 2384/2384 2391/2391 2385/2385
f 2385/2385 2391/2391 2392/2392
f 2385/2385 2392/2392 2386/2386
f 2386/2386 2392/2392 2393/2393
f 2386/2386 2393/2393 2387/2387
f 2387/2387 2393/2393 2394/2394
f 2387/2387 2394/2394 2388/2388
f 2388/2388 2394/2394 2389/2389
f 2388/2388 2389/2389 2383/2383
f 2389/2389 2395/2395 2396/2396
f 2389/2389 2396/2396 2390/2390
f 2390/2390 2396/2396 2397/2397
f 2390/2390 2397/2397 2391/2391
f 2391/2391 2397/2397 2398/2398
f 2391/2391 2398/2398 2392/2392
f 2392/2392 2398/2398 2399/2399
f 2392/2392 2399/2399 2393/2393
f 2393/2393 2399/2399 2400/2400
f 2393/2393 2400/2400 2394/2394
f 2394/2394 2400/2400 2395/2395
f 2394/2394 2395/2395 2389/2389
f 2395/2395 2401/2401 2402/2402
f 2395/2395 2402/2402 2396/2396
f 2396/2396 2402/2402 2403/2403
f 2396/2396 2403/2403 2397/2397
f 2397/2397 2403/2403 2404/2404
f 2397/2397 2404/2404 2398/2398
f 2398/2398 2404/2404 2405/2405
f 2398/2398 2405/2405 2399/2399
f 2399/2399 2405/2405 2406/2406
f 2399/2399 2406/2406 2400/2400
f 2400/2400 2406/2406 2401/2401
f 2400/2400 2401/2401 2395/2395
f 2401/2401 2407/2407 2408/2408
f 2401/2401 2408/2408 2402/2402
f 2402/2402 2408/2408 2409/2409
f 2402/2402 2409/2409 2403/2403
f 2403/2403 2409/2409 2410/2410
f 2403/2403 2410/2410 2404/2404
f 2404/2404 2410/2410 2411/2411
f 2404/2404 2411/2411 2405/2405
f 2405/2405 2411/2411 2412/2412
f 2405/2405 2412/2412 2406/2406
f 2406/2406 2412/2412 2407/2407
f 2406/2406 2407/2407 2401/2401
f 2407/2407 2413/2413 2414/2414
f 2407/2407 2414/2414 2408/2408
f 2408/2408 2414/2414 2415/2415
f 2408/2408 2415/2415 2409/2409
f 2409/2409 2415/2415 2416/2416
f 2409/2409 2416/2416 2410/2410
f 2410/2410 2416/2416 2417/2417
f 2410/2410 2417/2417 2411/2411
f 2411/2411 2417/2417 2418/2418
f 2411/2411 2418/2418 2412/2412
f 2412/2412 2418/2418 2413/2413
f 2412/2412 2413/2413 2407/2407
f 2413/2413 2419/2419 2420/2420
f 2413/2413 2420/2420 2414/2414
f 2414/2414 2420/2420 2421/2421
f 2414/2414 2421/2421 2415/2415
f 2415/2415 2421/2421 2422/2422
f 2415/2415 2422/2422 2416/2416
f 2416/2416 2422/2422 2423/2423
f 2416/2416 2423/2423 2417/2417
f 2417/2417 2423/2423 2424/2424
f 2417/2417 2424/2424 2418/2418
f 2418/2418 2424/2424 2419/2419
f 2418/2418 2419/2419 2413/2413
f 2419/2419 2425/2425 2426/2426
f 2419/2419 2426/2426 2420/2420
f 2420/2420 2426/2426 2427/2427
f 2420/2420 2427/2427 2421/2421
f 2421/2421 2427/2427 2428/2428
f 2421/2421 2428/2428 2422/2422
f 2422/2422 2428/2428 2429/2429
f 2422/2422 2429/2429 2423/2423
f 2423/2423 2429/2429 2430/2430
f 2423/2423 2430/2430 2424/2424
f 2424/2424 2430/2430 2425/2425
f 2424/2424 2425/2425 2419/2419
f 2425/2425 2431/2431 2432/2432
f 2425/2425 2432/2432 2426/2426
f 2426/2426 2432/2432 2433/2433
f 2426/2426 2433/2433 2427/2427
f 2427/2427 2433/2433 2434/2434
f 2427/2427 2434/2434 2428/2428
f 2428/2428 2434/2434 2435/2435
f 2428/2428 2435/2435 2429/2429
f 2429/2429 2435/2435 2436/2436
f 2429/2429 2436/2436 2430/2430
f 2430/2430 2436/2436 2431/2431
f 2430/2430 2431/2431 2425/2425
f 2431/2431 2437/2437 2438/2438
f 2431/2431 2438/2438 2432/2432
f 2432/2432 2438/2438 2439/2439
f 2432/2432 2439/2439 2433/2433
f 2433/2433 2439/2439 2440/2440
f 2433/2433 2440/2440 2434/2434
f 2434/2434 2440/2440 2441/2441
f 2434/2434 2441/2441 2435/2435
f 2435/2435 2441/2441 2442/2442
f 2435/2435 2442/2442 2436/2436
f 2436/2436 2442/2442 2437/2437
f 2436/2436 2437/2437 2431/2431
f 2437/2437 2443/2443 2444/2444
f 2437/2437 2444/2444 2438/2438
f 2438/2438 2444/2444 2445/2445
f 2438/2438 2445/2445 2439/2439
f 2439/2439 2445/2445 2446/2446
f 2439/2439 2446/2446 2440/2440
f 2440/2440 2446/2446 2447/2447
f 2440/2440 2447/2447 2441/2441
f 2441/2441 2447/2447 2448/2448
f 2441/2441 2448/2448 2442/2442
f 2442/2442 2448/2448 2443/2443
f 2442/2442 2443/2443 2437/2437
f 2443/2443 2449/2449 2450/2450
f 2443/2443 2450/2450 2444/2444
f 2444/2444 2450/2450 2451/2451
f 2444/2444 2451/2451 2445/2445
f 2445/2445 2451/2451 2452/2452
f 2445/2445 2452/2452 2446/2446
f 2446/2446 2452/2452 2453/2453
f 2446/2446 2453/2453 2447/2447
f 2447/2447 2453/2453 2454/2454
f 2447/2447 2454/2454 2448/2448
f 2448/2448 2454/2454 2449/2449
f 2448/2448 2449/2449 2443/2443
f 2449/2449 2455/2455 2456/2456
f 2449/2449 2456/2456 2450/2450
f 2450/2450 2456/2456 2457/2457
f 2450/2450 2457/2457 2451/2451
f 2451/2451 2457/2457 2458/2458
f 2451/2451 2458/2458 2452/2452
f 2452/2452 2458/2458 2459/2459
f 2452/2452 2459/2459 2453/2453
f 2453/2453 2459/2459 2460/2460
f 2453/2453 2460/2460 2454/2454
f 2454/2454 2460/2460 2455/2455
f 2454/2454 2455/2455 2449/2449
f 2455/2455 2461/2461 2462/2462
f 2455/2455 2462/2462 2456/2456
f 2456/2456 2462/2462 2463/2463
f 2456/2456 2463/2463 2457/2457
f 2457/2457 2463/2463 2464/2464
f 2457/2457 2464/2464 2458/2458
f 2458/2458 2464/2464 2465/2465
f 2458/2458 2465/2465 2459/2459
f 2459/2459 2465/2465 2466/2466
f 2459/2459 2466/2466 2460/2460
f 2460/2460 2466/2466 2461/2461
f 2460/2460 2461/2461 2455/2455
f 2461/2461 2467/2467 2468/2468
f 2461/2461 2468/2468 2462/2462
f 2462/2462 2468/2468 2469/2469
f 2462/2462 2469/2469 2463/2463
f 2463/2463 2469/2469 2470/2470
f 2463/2463 2470/2470 2464/2464
f 2464/2464 2470/2470 2471/2471
f 2464/2464 2471/2471 2465/2465
f 2465/2465 2471/2471 2472/2472
f 2465/2465 2472/2472 2466/2466
f 2466/2466 2472/2472 2467/2467
f 2466/2466 2467/2467 2461/2461
f 2467/2467 2473/2473 2474/2474
f 2467/2467 2474/2474 2468/2468
f 2468/2468 2474/2474 2475/2475
f 2468/2468 2475/2475 2469/2469
f 2469/2469 2475/2475 2476/2476
f 2469/2469 2476/2476 2470/2470
f 2470/2470 2476/2476 2477/2477
f 2470/2470 2477/2477 2471/2471
f 2471/2471 2477/2477 2478/2478
f 2471/2471 2478/2478 2472/2472
f 2472/2472 2478/2478 2473/2473
f 2472/2472 2473/2473 2467/2467
f 2473/2473 2479/2479 2480/2480
f 2473/2473 2480/2480 2474/2474
f 2474/2474 2480/2480 2481/2481
f 2474/2474 2481/2481 2475/2475
f 2475/2475 2481/2481 2482/2482
f 2475/2475 2482/2482 2476/2476
f 2476/2476 2482/2482 2483/2483
f 2476/2476 2483/2483 2477/2477
f 2477/2477 2483/2483 2484/2484
f 2477/2477 2484/2484 2478/2478
f 2478/2478 2484/2484 2479/2479
f 2478/2478 2479/2479 2473/2473
f 2479/2479 2485/2485 2486/2486
f 2479/2479 2486/2486 2480/2480
f 2480/2480 2486/2486 2487/2487
f 2480/2480 2487/2487 2481/2481
f 2481/2481 2487/2487 2488/2488
f 2481/2481 2488/2488 2482/2482
f 2482/2482 2488/2488 2489/2489
f 2482/2482 2489/2489 2483/2483
f 2483/2483 2489/2489 2490/2490
f 2483/2483 2490/2490 2484/2484
f 2484/2484 2490/2490 2485/2485
f 2484/2484 2485/2485 2479/2479
f 2485/2485 2491/2491 2492/2492
f 2485/2485 2492/2492 2486/2486
f 2486/2486 2492/2492 2493/2493
f 2486/2486 2493/2493 2487/2487
f 2487/2487 2493/2493 2494/2494
f 2487/2487 2494/2494 2488/2488
f 2488/2488 2494/2494 2495/2495
f 2488/2488 2495/2495 2489/2489
f 2489/2489 2495/2495 2496/2496
f 2489/2489 2496/2496 2490/2490
f 2490/2490 2496/2496 2491/2491
f 2490/2490 2491/2491 2485/2485
f 2491/2491 2497/2497 2498/2498
f 2491/2491 2498/2498 2492/2492
f 2492/2492 2498/2498 2499/2499
f 2492/2492 2499/2499 2493/2493
f 2493/2493 2499/2499 2500/2500
f 2493/2493 2500/2500 2494/2494
f 2494/2494 2500/2500 2501/2501
f 2494/2494 2501/2501 2495/2495
f 2495/2495 2501/2501 2502/2502
f 2495/2495 2502/2502 2496/2496
f 2496/2496 2502/2502 2497/2497
f 2496/2496 2497/2497 2491/2491
f 2497/2497 2503/2503 2504/2504
f 2497/2497 2504/2504 2498/2498
f 2498/2498 2504/2504 2505/2505
f 2498/2498 2505/2505 2499/2499
f 2499/2499 2505/2505 2506/2506
f 2499/2499 2506/2506 2500/2500
f 2500/2500 2506/2506 2507/2507
f 2500/2500 2507/2507 2501/2501
f 2501/2501 2507/2507 2508/2508
f 2501/2501 2508/2508 2502/2502
f 2502/2502 2508/2508 2503/2503
f 2502/2502 2503/2503 2497/2497
f 2503/2503 2221/2221 2222/2222
f 2503/2503 2222/2222 2504/2504
f 2504/2504 2222/2222 2223/2223
f 2504/2504 2223/2223 2505/2505
f 2505/2505 2223/2223 2224/2224
f 2505/2505 2224/2224 2506/2506
f 2506/2506 2224/2224 2225/2225
f 2506/2506 2225/2225 2507/2507
f 2507/2507 2225/2225 2226/2226
f 2507/2507 2226/2226 2508/2508
f 2508/2508 2226/2226 2221/2221
f 2508/2508 2221/2221 2503/2503
usemtl TowerPaint
f 2509/2509 2511/2511 2512/2512
f 2509/2509 2512/2512 2510/2510
f 2511/2511 2513/2513 2514/2514
f 2511/2511 2514/2514 2512/2512
f 2513/2513 2515/2515 2516/2516
f 2513/2513 2516/2516 2514/2514
f 2515/2515 2517/2517 2518/2518
f 2515/2515 2518/2518 2516/2516
f 2517/2517 2519/2519 2520/2520
f 2517/2517 2520/2520 2518/2518
f 2519/2519 2521/2521 2522/2522
f 2519/2519 2522/2522 2520/2520
f 2521/2521 2523/2523 2524/2524
f 2521/2521 2524/2524 2522/2522
f 2523/2523 2525/2525 2526/2526
f 2523/2523 2526/2526 2524/2524
f 2525/2525 2527/2527 2528/2528
f 2525/2525 2528/2528 2526/2526
f 2527/2527 2529/2529 2530/2530
f 2527/2527 2530/2530 2528/2528
f 2529/2529 2531/2531 2532/2532
f 2529/2529 2532/2532 2530/2530
f 2531/2531 2533/2533 2534/2534
f 2531/2531 2534/2534 2532/2532
f 2533/2533 2535/2535 2536/2536
f 2533/2533 2536/2536 2534/2534
f 2535/2535 2537/2537 2538/2538
f 2535/2535 2538/2538 2536/2536
f 2537/2537 2539/2539 2540/2540
f 2537/2537 2540/2540 2538/2538
f 2539/2539 2541/2541 2542/2542
f 2539/2539 2542/2542 2540/2540
f 2541/2541 2543/2543 2544/2544
f 2541/2541 2544/2544 2542/2542
f 2543/2543 2545/2545 2546/2546
f 2543/2543 2546/2546 2544/2544
f 2545/2545 2547/2547 2548/2548
f 2545/2545 2548/2548 2546/2546
f 2547/2547 2549/2549 2550/2550
f 2547/2547 2550/2550 2548/2548
f 2549/2549 2551/2551 2552/2552
f 2549/2549 2552/2552 2550/2550
f 2551/2551 2553/2553 2554/2554
f 2551/2551 2554/2554 2552/2552
f 2553/2553 2555/2555 2556/2556
f 2553/2553 2556/2556 2554/2554
f 2555/2555 2557/2557 2558/2558
f 2555/2555 2558/2558 2556/2556
f 2557/2557 2559/2559 2560/2560
f 2557/2557 2560/2560 2558/2558
f 2559/2559 2561/2561 2562/2562
f 2559/2559 2562/2562 2560/2560
f 2561/2561 2563/2563 2564/2564
f 2561/2561 2564/2564 2562/2562
f 2563/2563 2565/2565 2566/2566
f 2563/2563 2566/2566 2564/2564
f 2565/2565 2567/2567 2568/2568
f 2565/2565 2568/2568 2566/2566
f 2567/2567 2569/2569 2570/2570
f 2567/2567 2570/2570 2568/2568
f 2569/2569 2571/2571 2572/2572
f 2569/2569 2572/2572 2570/2570
f 2571/2571 2573/2573 2574/2574
f 2571/2571 2574/2574 2572/2572
f 2573/2573 2575/2575 2576/2576
f 2573/2573 2576/2576 2574/2574
f 2575/2575 2577/2577 2578/2578
f 2575/2575 2578/2578 2576/2576
f 2577/2577 2579/2579 2580/2580
f 2577/2577 2580/2580 2578/2578
f 2579/2579 2581/2581 2582/2582
f 2579/2579 2582/2582 2580/2580
f 2581/2581 2583/2583 2584/2584
f 2581/2581 2584/2584 2582/2582
f 2583/2583 2585/2585 2586/2586
f 2583/2583 2586/2586 2584/2584
f 2585/2585 2587/2587 2588/2588
f 2585/2585 2588/2588 2586/2586
f 2587/2587 2589/2589 2590/2590
f 2587/2587 2590/2590 2588/2588
f 2589/2589 2591/2591 2592/2592
f 2589/2589 2592/2592 2590/2590
f 2591/2591 2593/2593 2594/2594
f 2591/2591 2594/2594 2592/2592
f 2593/2593 2595/2595 2596/2596
f 2593/2593 2596/2596 2594/2594
f 2595/2595 2597/2597 2598/2598
f 2595/2595 2598/2598 2596/2596
f 2597/2597 2599/2599 2600/2600
f 2597/2597 2600/2600 2598/2598
f 2599/2599 2601/2601 2602/2602
f 2599/2599 2602/2602 2600/2600
f 2601/2601 2603/2603 2604/2604
f 2601/2601 2604/2604 2602/2602
f 2603/2603 2509/2509 2510/2510
f 2603/2603 2510/2510 2604/2604
f 2603/2603 2601/2601 2599/2599 2597/2597 2595/2595 2593/2593 2591/2591 2589/2589 2587/2587 2585/2585 2583/2583 2581/2581 2579/2579 2577/2577 2575/2575 2573/2573 2571/2571 2569/2569 2567/2567 2565/2565 2563/2563 2561/2561 2559/2559 2557/2557 2555/2555 2553/2553 2551/2551 2549/2549 2547/2547 2545/2545 2543/2543 2541/2541 2539/2539 2537/2537 2535/2535 2533/2533 2531/2531 2529/2529 2527/2527 2525/2525 2523/2523 2521/2521 2519/2519 2517/2517 2515/2515 2513/2513 2511/2511 2509/2509
f 2510/2510 2512/2512 2514/2514 2516/2516 2518/2518 2520/2520 2522/2522 2524/2524 2526/2526 2528/2528 2530/2530 2532/2532 2534/2534 2536/2536 2538/2538 2540/2540 2542/2542 2544/2544 2546/2546 2548/2548 2550/2550 2552/2552 2554/2554 2556/2556 2558/2558 2560/2560 2562/2562 2564/2564 2566/2566 2568/2568 2570/2570 2572/2572 2574/2574 2576/2576 2578/2578 2580/2580 2582/2582 2584/2584 2586/2586 2588/2588 2590/2590 2592/2592 2594/2594 2596/2596 2598/2598 2600/2600 2602/2602 2604/2604
usemtl DarkIron
f 2605/2605 2611/2611 2612/2612
f 2605/2605 2612/2612 2606/2606
f 2606/2606 2612/2612 2613/2613
f 2606/2606 2613/2613 2607/2607
f 2607/2607 2613/2613 2614/2614
f 2607/2607 2614/2614 2608/2608
f 2608/2608 2614/2614 2615/2615
f 2608/2608 2615/2615 2609/2609
f 2609/2609 2615/2615 2616/2616
f 2609/2609 2616/2616 2610/2610
f 2610/2610 2616/2616 2611/2611
f 2610/2610 2611/2611 2605/2605
f 2611/2611 2617/2617 2618/2618
f 2611/2611 2618/2618 2612/2612
f 2612/2612 2618/2618 2619/2619
f 2612/2612 2619/2619 2613/2613
f 2613/2613 2619/2619 2620/2620
f 2613/2613 2620/2620 2614/2614
f 2614/2614 2620/2620 2621/2621
f 2614/2614 2621/2621 2615/2615
f 2615/2615 2621/2621 2622/2622
f 2615/2615 2622/2622 2616/2616
f 2616/2616 2622/2622 2617/2617
f 2616/2616 2617/2617 2611/2611
f 2617/2617 2623/2623 2624/2624
f 2617/2617 2624/2624 2618/2618
f 2618/2618 2624/2624 2625/2625
f 2618/2618 2625/2625 2619/2619
f 2619/2619 2625/2625 2626/2626
f 2619/2619 2626/2626 2620/2620
f 2620/2620 2626/2626 2627/2627
f 2620/2620 2627/2627 2621/2621
f 2621/2621 2627/2627 2628/2628
f 2621/2621 2628/2628 2622/2622
f 2622/2622 2628/2628 2623/2623
f 2622/2622 2623/2623 2617/2617
f 2623/2623 2629/2629 2630/2630
f 2623/2623 2630/2630 2624/2624
f 2624/2624 2630/2630 2631/2631
f 2624/2624 2631/2631 2625/2625
f 2625/2625 2631/2631 2632/2632
f 2625/2625 2632/2632 2626/2626
f 2626/2626 2632/2632 2633/2633
f 2626/2626 2633/2633 2627/2627
f 2627/2627 2633/2633 2634/2634
f 2627/2627 2634/2634 2628/2628
f 2628/2628 2634/2634 2629/2629
f 2628/2628 2629/2629 2623/2623
f 2629/2629 2635/2635 2636/2636
f 2629/2629 2636/2636 2630/2630
f 2630/2630 2636/2636 2637/2637
f 2630/2630 2637/2637 2631/2631
f 2631/2631 2637/2637 2638/2638
f 2631/2631 2638/2638 2632/2632
f 2632/2632 2638/2638 2639/2639
f 2632/2632 2639/2639 2633/2633
f 2633/2633 2639/2639 2640/2640
f 2633/2633 2640/2640 2634/2634
f 2634/2634 2640/2640 2635/2635
f 2634/2634 2635/2635 2629/2629
f 2635/2635 2641/2641 2642/2642
f 2635/2635 2642/2642 2636/2636
f 2636/2636 2642/2642 2643/2643
f 2636/2636 2643/2643 2637/2637
f 2637/2637 2643/2643 2644/2644
f 2637/2637 2644/2644 2638/2638
f 2638/2638 2644/2644 2645/2645
f 2638/2638 2645/2645 2639/2639
f 2639/2639 2645/2645 2646/2646
f 2639/2639 2646/2646 2640/2640
f 2640/2640 2646/2646 2641/2641
f 2640/2640 2641/2641 2635/2635
f 2641/2641 2647/2647 2648/2648
f 2641/2641 2648/2648 2642/2642
f 2642/2642 2648/2648 2649/2649
f 2642/2642 2649/2649 2643/2643
f 2643/2643 2649/2649 2650/2650
f 2643/2643 2650/2650 2644/2644
f 2644/2644 2650/2650 2651/2651
f 2644/2644 2651/2651 2645/2645
f 2645/2645 2651/2651 2652/2652
f 2645/2645 2652/2652 2646/2646
f 2646/2646 2652/2652 2647/2647
f 2646/2646 2647/2647 2641/2641
f 2647/2647 2653/2653 2654/2654
f 2647/2647 2654/2654 2648/2648
f 2648/2648 2654/2654 2655/2655
f 2648/2648 2655/2655 2649/2649
f 2649/2649 2655/2655 2656/2656
f 2649/2649 2656/2656 2650/2650
f 2650/2650 2656/2656 2657/2657
f 2650/2650 2657/2657 2651/2651
f 2651/2651 2657/2657 2658/2658
f 2651/2651 2658/2658 2652/2652
f 2652/2652 2658/2658 2653/2653
f 2652/2652 2653/2653 2647/2647
f 2653/2653 2659/2659 2660/2660
f 2653/2653 2660/2660 2654/2654
f 2654/2654 2660/2660 2661/2661
f 2654/2654 2661/2661 2655/2655
f 2655/2655 2661/2661 2662/2662
f 2655/2655 2662/2662 2656/2656
f 2656/2656 2662/2662 2663/2663
f 2656/2656 2663/2663 2657/2657
f 2657/2657 2663/2663 2664/2664
f 2657/2657 2664/2664 2658/2658
f 2658/2658 2664/2664 2659/2659
f 2658/2658 2659/2659 2653/2653
f 2659/2659 2665/2665 2666/2666
f 2659/2659 2666/2666 2660/2660
f 2660/2660 2666/2666 2667/2667
f 2660/2660 2667/2667 2661/2661
f 2661/2661 2667/2667 2668/2668
f 2661/2661 2668/2668 2662/2662
f 2662/2662 2668/2668 2669/2669
f 2662/2662 2669/2669 2663/2663
f 2663/2663 2669/2669 2670/2670
f 2663/2663 2670/2670 2664/2664
f 2664/2664 2670/2670 2665/2665
f 2664/2664 2665/2665 2659/2659
f 2665/2665 2671/2671 2672/2672
f 2665/2665 2672/2672 2666/2666
f 2666/2666 2672/2672 2673/2673
f 2666/2666 2673/2673 2667/2667
f 2667/2667 2673/2673 2674/2674
f 2667/2667 2674/2674 2668/2668
f 2668/2668 2674/2674 2675/2675
f 2668/2668 2675/2675 2669/2669
f 2669/2669 2675/2675 2676/2676
f 2669/2669 2676/2676 2670/2670
f 2670/2670 2676/2676 2671/2671
f 2670/2670 2671/2671 2665/2665
f 2671/2671 2677/2677 2678/2678
f 2671/2671 2678/2678 2672/2672
f 2672/2672 2678/2678 2679/2679
f 2672/2672 2679/2679 2673/2673
f 2673/2673 2679/2679 2680/2680
f 2673/2673 2680/2680 2674/2674
f 2674/2674 2680/2680 2681/2681
f 2674/2674 2681/2681 2675/2675
f 2675/2675 2681/2681 2682/2682
f 2675/2675 2682/2682 2676/2676
f 2676/2676 2682/2682 2677/2677
f 2676/2676 2677/2677 2671/2671
f 2677/2677 2683/2683 2684/2684
f 2677/2677 2684/2684 2678/2678
f 2678/2678 2684/2684 2685/2685
f 2678/2678 2685/2685 2679/2679
f 2679/2679 2685/2685 2686/2686
f 2679/2679 2686/2686 2680/2680
f 2680/2680 2686/2686 2687/2687
f 2680/2680 2687/2687 2681/2681
f 2681/2681 2687/2687 2688/2688
f 2681/2681 2688/2688 2682/2682
f 2682/2682 2688/2688 2683/2683
f 2682/2682 2683/2683 2677/2677
f 2683/2683 2689/2689 2690/2690
f 2683/2683 2690/2690 2684/2684
f 2684/2684 2690/2690 2691/2691
f 2684/2684 2691/2691 2685/2685
f 2685/2685 2691/2691 2692/2692
f 2685/2685 2692/2692 2686/2686
f 2686/2686 2692/2692 2693/2693
f 2686/2686 2693/2693 2687/2687
f 2687/2687 2693/2693 2694/2694
f 2687/2687 2694/2694 2688/2688
f 2688/2688 2694/2694 2689/2689
f 2688/2688 2689/2689 2683/2683
f 2689/2689 2695/2695 2696/2696
f 2689/2689 2696/2696 2690/2690
f 2690/2690 2696/2696 2697/2697
f 2690/2690 2697/2697 2691/2691
f 2691/2691 2697/2697 2698/2698
f 2691/2691 2698/2698 2692/2692
f 2692/2692 2698/2698 2699/2699
f 2692/2692 2699/2699 2693/2693
f 2693/2693 2699/2699 2700/2700
f 2693/2693 2700/2700 2694/2694
f 2694/2694 2700/2700 2695/2695
f 2694/2694 2695/2695 2689/2689
f 2695/2695 2701/2701 2702/2702
f 2695/2695 2702/2702 2696/2696
f 2696/2696 2702/2702 2703/2703
f 2696/2696 2703/2703 2697/2697
f 2697/2697 2703/2703 2704/2704
f 2697/2697 2704/2704 2698/2698
f 2698/2698 2704/2704 2705/2705
f 2698/2698 2705/2705 2699/2699
f 2699/2699 2705/2705 2706/2706
f 2699/2699 2706/2706 2700/2700
f 2700/2700 2706/2706 2701/2701
f 2700/2700 2701/2701 2695/2695
f 2701/2701 2707/2707 2708/2708
f 2701/2701 2708/2708 2702/2702
f 2702/2702 2708/2708 2709/2709
f 2702/2702 2709/2709 2703/2703
f 2703/2703 2709/2709 2710/2710
f 2703/2703 2710/2710 2704/2704
f 2704/2704 2710/2710 2711/2711
f 2704/2704 2711/2711 2705/2705
f 2705/2705 2711/2711 2712/2712
f 2705/2705 2712/2712 2706/2706
f 2706/2706 2712/2712 2707/2707
f 2706/2706 2707/2707 2701/2701
f 2707/2707 2713/2713 2714/2714
f 2707/2707 2714/2714 2708/2708
f 2708/2708 2714/2714 2715/2715
f 2708/2708 2715/2715 2709/2709
f 2709/2709 2715/2715 2716/2716
f 2709/2709 2716/2716 2710/2710
f 2710/2710 2716/2716 2717/2717
f 2710/2710 2717/2717 2711/2711
f 2711/2711 2717/2717 2718/2718
f 2711/2711 2718/2718 2712/2712
f 2712/2712 2718/2718 2713/2713
f 2712/2712 2713/2713 2707/2707
f 2713/2713 2719/2719 2720/2720
f 2713/2713 2720/2720 2714/2714
f 2714/2714 2720/2720 2721/2721
f 2714/2714 2721/2721 2715/2715
f 2715/2715 2721/2721 2722/2722
f 2715/2715 2722/2722 2716/2716
f 2716/2716 2722/2722 2723/2723
f 2716/2716 2723/2723 2717/2717
f 2717/2717 2723/2723 2724/2724
f 2717/2717 2724/2724 2718/2718
f 2718/2718 2724/2724 2719/2719
f 2718/2718 2719/2719 2713/2713
f 2719/2719 2725/2725 2726/2726
f 2719/2719 2726/2726 2720/2720
f 2720/2720 2726/2726 2727/2727
f 2720/2720 2727/2727 2721/2721
f 2721/2721 2727/2727 2728/2728
f 2721/2721 2728/2728 2722/2722
f 2722/2722 2728/2728 2729/2729
f 2722/2722 2729/2729 2723/2723
f 2723/2723 2729/2729 2730/2730
f 2723/2723 2730/2730 2724/2724
f 2724/2724 2730/2730 2725/2725
f 2724/2724 2725/2725 2719/2719
f 2725/2725 2731/2731 2732/2732
f 2725/2725 2732/2732 2726/2726
f 2726/2726 2732/2732 2733/2733
f 2726/2726 2733/2733 2727/2727
f 2727/2727 2733/2733 2734/2734
f 2727/2727 2734/2734 2728/2728
f 2728/2728 2734/2734 2735/2735
f 2728/2728 2735/2735 2729/2729
f 2729/2729 2735/2735 2736/2736
f 2729/2729 2736/2736 2730/2730
f 2730/2730 2736/2736 2731/2731
f 2730/2730 2731/2731 2725/2725
f 2731/2731 2737/2737 2738/2738
f 2731/2731 2738/2738 2732/2732
f 2732/2732 2738/2738 2739/2739
f 2732/2732 2739/2739 2733/2733
f 2733/2733 2739/2739 2740/2740
f 2733/2733 2740/2740 2734/2734
f 2734/2734 2740/2740 2741/2741
f 2734/2734 2741/2741 2735/2735
f 2735/2735 2741/2741 2742/2742
f 2735/2735 2742/2742 2736/2736
f 2736/2736 2742/2742 2737/2737
f 2736/2736 2737/2737 2731/2731
f 2737/2737 2743/2743 2744/2744
f 2737/2737 2744/2744 2738/2738
f 2738/2738 2744/2744 2745/2745
f 2738/2738 2745/2745 2739/2739
f 2739/2739 2745/2745 2746/2746
f 2739/2739 2746/2746 2740/2740
f 2740/2740 2746/2746 2747/2747
f 2740/2740 2747/2747 2741/2741
f 2741/2741 2747/2747 2748/2748
f 2741/2741 2748/2748 2742/2742
f 2742/2742 2748/2748 2743/2743
f 2742/2742 2743/2743 2737/2737
f 2743/2743 2749/2749 2750/2750
f 2743/2743 2750/2750 2744/2744
f 2744/2744 2750/2750 2751/2751
f 2744/2744 2751/2751 2745/2745
f 2745/2745 2751/2751 2752/2752
f 2745/2745 2752/2752 2746/2746
f 2746/2746 2752/2752 2753/2753
f 2746/2746 2753/2753 2747/2747
f 2747/2747 2753/2753 2754/2754
f 2747/2747 2754/2754 2748/2748
f 2748/2748 2754/2754 2749/2749
f 2748/2748 2749/2749 2743/2743
f 2749/2749 2755/2755 2756/2756
f 2749/2749 2756/2756 2750/2750
f 2750/2750 2756/2756 2757/2757
f 2750/2750 2757/2757 2751/2751
f 2751/2751 2757/2757 2758/2758
f 2751/2751 2758/2758 2752/2752
f 2752/2752 2758/2758 2759/2759
f 2752/2752 2759/2759 2753/2753
f 2753/2753 2759/2759 2760/2760
f 2753/2753 2760/2760 2754/2754
f 2754/2754 2760/2760 2755/2755
f 2754/2754 2755/2755 2749/2749
f 2755/2755 2761/2761 2762/2762
f 2755/2755 2762/2762 2756/2756
f 2756/2756 2762/2762 2763/2763
f 2756/2756 2763/2763 2757/2757
f 2757/2757 2763/2763 2764/2764
f 2757/2757 2764/2764 2758/2758
f 2758/2758 2764/2764 2765/2765
f 2758/2758 2765/2765 2759/2759
f 2759/2759 2765/2765 2766/2766
f 2759/2759 2766/2766 2760/2760
f 2760/2760 2766/2766 2761/2761
f 2760/2760 2761/2761 2755/2755
f 2761/2761 2767/2767 2768/2768
f 2761/2761 2768/2768 2762/2762
f 2762/2762 2768/2768 2769/2769
f 2762/2762 2769/2769 2763/2763
f 2763/2763 2769/2769 2770/2770
f 2763/2763 2770/2770 2764/2764
f 2764/2764 2770/2770 2771/2771
f 2764/2764 2771/2771 2765/2765
f 2765/2765 2771/2771 2772/2772
f 2765/2765 2772/2772 2766/2766
f 2766/2766 2772/2772 2767/2767
f 2766/2766 2767/2767 2761/2761
f 2767/2767 2773/2773 2774/2774
f 2767/2767 2774/2774 2768/2768
f 2768/2768 2774/2774 2775/2775
f 2768/2768 2775/2775 2769/2769
f 2769/2769 2775/2775 2776/2776
f 2769/2769 2776/2776 2770/2770
f 2770/2770 2776/2776 2777/2777
f 2770/2770 2777/2777 2771/2771
f 2771/2771 2777/2777 2778/2778
f 2771/2771 2778/2778 2772/2772
f 2772/2772 2778/2778 2773/2773
f 2772/2772 2773/2773 2767/2767
f 2773/2773 2779/2779 2780/2780
f 2773/2773 2780/2780 2774/2774
f 2774/2774 2780/2780 2781/2781
f 2774/2774 2781/2781 2775/2775
f 2775/2775 2781/2781 2782/2782
f 2775/2775 2782/2782 2776/2776
f 2776/2776 2782/2782 2783/2783
f 2776/2776 2783/2783 2777/2777
f 2777/2777 2783/2783 2784/2784
f 2777/2777 2784/2784 2778/2778
f 2778/2778 2784/2784 2779/2779
f 2778/2778 2779/2779 2773/2773
f 2779/2779 2785/2785 2786/2786
f 2779/2779 2786/2786 2780/2780
f 2780/2780 2786/2786 2787/2787
f 2780/2780 2787/2787 2781/2781
f 2781/2781 2787/2787 2788/2788
f 2781/2781 2788/2788 2782/2782
f 2782/2782 2788/2788 2789/2789
f 2782/2782 2789/2789 2783/2783
f 2783/2783 2789/2789 2790/2790
f 2783/2783 2790/2790 2784/2784
f 2784/2784 2790/2790 2785/2785
f 2784/2784 2785/2785 2779/2779
f 2785/2785 2791/2791 2792/2792
f 2785/2785 2792/2792 2786/2786
f 2786/2786 2792/2792 2793/2793
f 2786/2786 2793/2793 2787/2787
f 2787/2787 2793/2793 2794/2794
f 2787/2787 2794/2794 2788/2788
f 2788/2788 2794/2794 2795/2795
f 2788/2788 2795/2795 2789/2789
f 2789/2789 2795/2795 2796/2796
f 2789/2789 2796/2796 2790/2790
f 2790/2790 2796/2796 2791/2791
f 2790/2790 2791/2791 2785/2785
f 2791/2791 2797/2797 2798/2798
f 2791/2791 2798/2798 2792/2792
f 2792/2792 2798/2798 2799/2799
f 2792/2792 2799/2799 2793/2793
f 2793/2793 2799/2799 2800/2800
f 2793/2793 2800/2800 2794/2794
f 2794/2794 2800/2800 2801/2801
f 2794/2794 2801/2801 2795/2795
f 2795/2795 2801/2801 2802/2802
f 2795/2795 2802/2802 2796/2796
f 2796/2796 2802/2802 2797/2797
f 2796/2796 2797/2797 2791/2791
f 2797/2797 2803/2803 2804/2804
f 2797/2797 2804/2804 2798/2798
f 2798/2798 2804/2804 2805/2805
f 2798/2798 2805/2805 2799/2799
f 2799/2799 2805/2805 2806/2806
f 2799/2799 2806/2806 2800/2800
f 2800/2800 2806/2806 2807/2807
f 2800/2800 2807/2807 2801/2801
f 2801/2801 2807/2807 2808/2808
f 2801/2801 2808/2808 2802/2802
f 2802/2802 2808/2808 2803/2803
f 2802/2802 2803/2803 2797/2797
f 2803/2803 2809/2809 2810/2810
f 2803/2803 2810/2810 2804/2804
f 2804/2804 2810/2810 2811/2811
f 2804/2804 2811/2811 2805/2805
f 2805/2805 2811/2811 2812/2812
f 2805/2805 2812/2812 2806/2806
f 2806/2806 2812/2812 2813/2813
f 2806/2806 2813/2813 2807/2807
f 2807/2807 2813/2813 2814/2814
f 2807/2807 2814/2814 2808/2808
f 2808/2808 2814/2814 2809/2809
f 2808/2808 2809/2809 2803/2803
f 2809/2809 2815/2815 2816/2816
f 2809/2809 2816/2816 2810/2810
f 2810/2810 2816/2816 2817/2817
f 2810/2810 2817/2817 2811/2811
f 2811/2811 2817/2817 2818/2818
f 2811/2811 2818/2818 2812/2812
f 2812/2812 2818/2818 2819/2819
f 2812/2812 2819/2819 2813/2813
f 2813/2813 2819/2819 2820/2820
f 2813/2813 2820/2820 2814/2814
f 2814/2814 2820/2820 2815/2815
f 2814/2814 2815/2815 2809/2809
f 2815/2815 2821/2821 2822/2822
f 2815/2815 2822/2822 2816/2816
f 2816/2816 2822/2822 2823/2823
f 2816/2816 2823/2823 2817/2817
f 2817/2817 2823/2823 2824/2824
f 2817/2817 2824/2824 2818/2818
f 2818/2818 2824/2824 2825/2825
f 2818/2818 2825/2825 2819/2819
f 2819/2819 2825/2825 2826/2826
f 2819/2819 2826/2826 2820/2820
f 2820/2820 2826/2826 2821/2821
f 2820/2820 2821/2821 2815/2815
f 2821/2821 2827/2827 2828/2828
f 2821/2821 2828/2828 2822/2822
f 2822/2822 2828/2828 2829/2829
f 2822/2822 2829/2829 2823/2823
f 2823/2823 2829/2829 2830/2830
f 2823/2823 2830/2830 2824/2824
f 2824/2824 2830/2830 2831/2831
f 2824/2824 2831/2831 2825/2825
f 2825/2825 2831/2831 2832/2832
f 2825/2825 2832/2832 2826/2826
f 2826/2826 2832/2832 2827/2827
f 2826/2826 2827/2827 2821/2821
f 2827/2827 2833/2833 2834/2834
f 2827/2827 2834/2834 2828/2828
f 2828/2828 2834/2834 2835/2835
f 2828/2828 2835/2835 2829/2829
f 2829/2829 2835/2835 2836/2836
f 2829/2829 2836/2836 2830/2830
f 2830/2830 2836/2836 2837/2837
f 2830/2830 2837/2837 2831/2831
f 2831/2831 2837/2837 2838/2838
f 2831/2831 2838/2838 2832/2832
f 2832/2832 2838/2838 2833/2833
f 2832/2832 2833/2833 2827/2827
f 2833/2833 2839/2839 2840/2840
f 2833/2833 2840/2840 2834/2834
f 2834/2834 2840/2840 2841/2841
f 2834/2834 2841/2841 2835/2835
f 2835/2835 2841/2841 2842/2842
f 2835/2835 2842/2842 2836/2836
f 2836/2836 2842/2842 2843/2843
f 2836/2836 2843/2843 2837/2837
f 2837/2837 2843/2843 2844/2844
f 2837/2837 2844/2844 2838/2838
f 2838/2838 2844/2844 2839/2839
f 2838/2838 2839/2839 2833/2833
f 2839/2839 2845/2845 2846/2846
f 2839/2839 2846/2846 2840/2840
f 2840/2840 2846/2846 2847/2847
f 2840/2840 2847/2847 2841/2841
f 2841/2841 2847/2847 2848/2848
f 2841/2841 2848/2848 2842/2842
f 2842/2842 2848/2848 2849/2849
f 2842/2842 2849/2849 2843/2843
f 2843/2843 2849/2849 2850/2850
f 2843/2843 2850/2850 2844/2844
f 2844/2844 2850/2850 2845/2845
f 2844/2844 2845/2845 2839/2839
f 2845/2845 2851/2851 2852/2852
f 2845/2845 2852/2852 2846/2846
f 2846/2846 2852/2852 2853/2853
f 2846/2846 2853/2853 2847/2847
f 2847/2847 2853/2853 2854/2854
f 2847/2847 2854/2854 2848/2848
f 2848/2848 2854/2854 2855/2855
f 2848/2848 2855/2855 2849/2849
f 2849/2849 2855/2855 2856/2856
f 2849/2849 2856/2856 2850/2850
f 2850/2850 2856/2856 2851/2851
f 2850/2850 2851/2851 2845/2845
f 2851/2851 2857/2857 2858/2858
f 2851/2851 2858/2858 2852/2852
f 2852/2852 2858/2858 2859/2859
f 2852/2852 2859/2859 2853/2853
f 2853/2853 2859/2859 2860/2860
f 2853/2853 2860/2860 2854/2854
f 2854/2854 2860/2860 2861/2861
f 2854/2854 2861/2861 2855/2855
f 2855/2855 2861/2861 2862/2862
f 2855/2855 2862/2862 2856/2856
f 2856/2856 2862/2862 2857/2857
f 2856/2856 2857/2857 2851/2851
f 2857/2857 2863/2863 2864/2864
f 2857/2857 2864/2864 2858/2858
f 2858/2858 2864/2864 2865/2865
f 2858/2858 2865/2865 2859/2859
f 2859/2859 2865/2865 2866/2866
f 2859/2859 2866/2866 2860/2860
f 2860/2860 2866/2866 2867/2867
f 2860/2860 2867/2867 2861/2861
f 2861/2861 2867/2867 2868/2868
f 2861/2861 2868/2868 2862/2862
f 2862/2862 2868/2868 2863/2863
f 2862/2862 2863/2863 2857/2857
f 2863/2863 2869/2869 2870/2870
f 2863/2863 2870/2870 2864/2864
f 2864/2864 2870/2870 2871/2871
f 2864/2864 2871/2871 2865/2865
f 2865/2865 2871/2871 2872/2872
f 2865/2865 2872/2872 2866/2866
f 2866/2866 2872/2872 2873/2873
f 2866/2866 2873/2873 2867/2867
f 2867/2867 2873/2873 2874/2874
f 2867/2867 2874/2874 2868/2868
f 2868/2868 2874/2874 2869/2869
f 2868/2868 2869/2869 2863/2863
f 2869/2869 2875/2875 2876/2876
f 2869/2869 2876/2876 2870/2870
f 2870/2870 2876/2876 2877/2877
f 2870/2870 2877/2877 2871/2871
f 2871/2871 2877/2877 2878/2878
f 2871/2871 2878/2878 2872/2872
f 2872/2872 2878/2878 2879/2879
f 2872/2872 2879/2879 2873/2873
f 2873/2873 2879/2879 2880/2880
f 2873/2873 2880/2880 2874/2874
f 2874/2874 2880/2880 2875/2875
f 2874/2874 2875/2875 2869/2869
f 2875/2875 2881/2881 2882/2882
f 2875/2875 2882/2882 2876/2876
f 2876/2876 2882/2882 2883/2883
f 2876/2876 2883/2883 2877/2877
f 2877/2877 2883/2883 2884/2884
f 2877/2877 2884/2884 2878/2878
f 2878/2878 2884/2884 2885/2885
f 2878/2878 2885/2885 2879/2879
f 2879/2879 2885/2885 2886/2886
f 2879/2879 2886/2886 2880/2880
f 2880/2880 2886/2886 2881/2881
f 2880/2880 2881/2881 2875/2875
f 2881/2881 2887/2887 2888/2888
f 2881/2881 2888/2888 2882/2882
f 2882/2882 2888/2888 2889/2889
f 2882/2882 2889/2889 2883/2883
f 2883/2883 2889/2889 2890/2890
f 2883/2883 2890/2890 2884/2884
f 2884/2884 2890/2890 2891/2891
f 2884/2884 2891/2891 2885/2885
f 2885/2885 2891/2891 2892/2892
f 2885/2885 2892/2892 2886/2886
f 2886/2886 2892/2892 2887/2887
f 2886/2886 2887/2887 2881/2881
f 2887/2887 2605/2605 2606/2606
f 2887/2887 2606/2606 2888/2888
f 2888/2888 2606/2606 2607/2607
f 2888/2888 2607/2607 2889/2889
f 2889/2889 2607/2607 2608/2608
f 2889/2889 2608/2608 2890/2890
f 2890/2890 2608/2608 2609/2609
f 2890/2890 2609/2609 2891/2891
f 2891/2891 2609/2609 2610/2610
f 2891/2891 2610/2610 2892/2892
f 2892/2892 2610/2610 2605/2605
f 2892/2892 2605/2605 2887/2887
usemtl LanternGlass
f 2893/2893 2894/2894 2895/2895
f 2893/2893 2895/2895 2896/2896
f 2897/2897 2898/2898 2899/2899
f 2897/2897 2899/2899 2900/2900
f 2901/2901 2902/2902 2903/2903
f 2901/2901 2903/2903 2904/2904
f 2905/2905 2906/2906 2907/2907
f 2905/2905 2907/2907 2908/2908
f 2909/2909 2910/2910 2911/2911
f 2909/2909 2911/2911 2912/2912
f 2913/2913 2914/2914 2915/2915
f 2913/2913 2915/2915 2916/2916
usemtl TowerPaint
f 2917/2917 2918/2918 2919/2919
f 2917/2917 2919/2919 2920/2920
f 2921/2921 2922/2922 2923/2923
f 2921/2921 2923/2923 2924/2924
f 2925/2925 2926/2926 2927/2927
f 2925/2925 2927/2927 2928/2928
f 2929/2929 2930/2930 2931/2931
f 2929/2929 2931/2931 2932/2932
f 2933/2933 2934/2934 2935/2935
f 2933/2933 2935/2935 2936/2936
f 2937/2937 2938/2938 2939/2939
f 2937/2937 2939/2939 2940/2940
f 2941/2941 2942/2942 2943/2943
f 2941/2941 2943/2943 2944/2944
f 2945/2945 2946/2946 2947/2947
f 2945/2945 2947/2947 2948/2948
f 2949/2949 2950/2950 2951/2951
f 2949/2949 2951/2951 2952/2952
f 2953/2953 2954/2954 2955/2955
f 2953/2953 2955/2955 2956/2956
f 2957/2957 2958/2958 2959/2959
f 2957/2957 2959/2959 2960/2960
f 2961/2961 2962/2962 2963/2963
f 2961/2961 2963/2963 2964/2964
f 2965/2965 2966/2966 2967/2967
f 2965/2965 2967/2967 2968/2968
f 2969/2969 2970/2970 2971/2971
f 2969/2969 2971/2971 2972/2972
f 2973/2973 2974/2974 2975/2975
f 2973/2973 2975/2975 2976/2976
f 2977/2977 2978/2978 2979/2979
f 2977/2977 2979/2979 2980/2980
f 2981/2981 2982/2982 2983/2983
f 2981/2981 2983/2983 2984/2984
f 2985/2985 2986/2986 2987/2987
f 2985/2985 2987/2987 2988/2988
f 2989/2989 2990/2990 2991/2991
f 2989/2989 2991/2991 2992/2992
f 2993/2993 2994/2994 2995/2995
f 2993/2993 2995/2995 2996/2996
f 2997/2997 2998/2998 2999/2999
f 2997/2997 2999/2999 3000/3000
f 3001/3001 3002/3002 3003/3003
f 3001/3001 3003/3003 3004/3004
f 3005/3005 3006/3006 3007/3007
f 3005/3005 3007/3007 3008/3008
f 3009/3009 3010/3010 3011/3011
f 3009/3009 3011/3011 3012/3012
usemtl LanternGlass
f 3013/3013 3014/3014 3015/3015
f 3013/3013 3015/3015 3016/3016
f 3017/3017 3018/3018 3019/3019
f 3017/3017 3019/3019 3020/3020
f 3021/3021 3022/3022 3023/3023
f 3021/3021 3023/3023 3024/3024
f 3025/3025 3026/3026 3027/3027
f 3025/3025 3027/3027 3028/3028
f 3029/3029 3030/3030 3031/3031
f 3029/3029 3031/3031 3032/3032
f 3033/3033 3034/3034 3035/3035
f 3033/3033 3035/3035 3036/3036
usemtl TowerPaint
f 3037/3037 3038/3038 3039/3039
f 3037/3037 3039/3039 3040/3040
f 3041/3041 3042/3042 3043/3043
f 3041/3041 3043/3043 3044/3044
f 3045/3045 3046/3046 3047/3047
f 3045/3045 3047/3047 3048/3048
f 3049/3049 3050/3050 3051/3051
f 3049/3049 3051/3051 3052/3052
f 3053/3053 3054/3054 3055/3055
f 3053/3053 3055/3055 3056/3056
f 3057/3057 3058/3058 3059/3059
f 3057/3057 3059/3059 3060/3060
f 3061/3061 3062/3062 3063/3063
f 3061/3061 3063/3063 3064/3064
f 3065/3065 3066/3066 3067/3067
f 3065/3065 3067/3067 3068/3068
f 3069/3069 3070/3070 3071/3071
f 3069/3069 3071/3071 3072/3072
f 3073/3073 3074/3074 3075/3075
f 3073/3073 3075/3075 3076/3076
f 3077/3077 3078/3078 3079/3079
f 3077/3077 3079/3079 3080/3080
f 3081/3081 3082/3082 3083/3083
f 3081/3081 3083/3083 3084/3084
f 3085/3085 3086/3086 3087/3087
f 3085/3085 3087/3087 3088/3088
f 3089/3089 3090/3090 3091/3091
f 3089/3089 3091/3091 3092/3092
f 3093/3093 3094/3094 3095/3095
f 3093/3093 3095/3095 3096/3096
f 3097/3097 3098/3098 3099/3099
f 3097/3097 3099/3099 3100/3100
f 3101/3101 3102/3102 3103/3103
f 3101/3101 3103/3103 3104/3104
f 3105/3105 3106/3106 3107/3107
f 3105/3105 3107/3107 3108/3108
f 3109/3109 3110/3110 3111/3111
f 3109/3109 3111/3111 3112/3112
f 3113/3113 3114/3114 3115/3115
f 3113/3113 3115/3115 3116/3116
f 3117/3117 3118/3118 3119/3119
f 3117/3117 3119/3119 3120/3120
f 3121/3121 3122/3122 3123/3123
f 3121/3121 3123/3123 3124/3124
f 3125/3125 3126/3126 3127/3127
f 3125/3125 3127/3127 3128/3128
f 3129/3129 3130/3130 3131/3131
f 3129/3129 3131/3131 3132/3132
usemtl LanternGlass
f 3133/3133 3134/3134 3135/3135
f 3133/3133 3135/3135 3136/3136
f 3137/3137 3138/3138 3139/3139
f 3137/3137 3139/3139 3140/3140
f 3141/3141 3142/3142 3143/3143
f 3141/3141 3143/3143 3144/3144
f 3145/3145 3146/3146 3147/3147
f 3145/3145 3147/3147 3148/3148
f 3149/3149 3150/3150 3151/3151
f 3149/3149 3151/3151 3152/3152
f 3153/3153 3154/3154 3155/3155
f 3153/3153 3155/3155 3156/3156
usemtl TowerPaint
f 3157/3157 3158/3158 3159/3159
f 3157/3157 3159/3159 3160/3160
f 3161/3161 3162/3162 3163/3163
f 3161/3161 3163/3163 3164/3164
f 3165/3165 3166/3166 3167/3167
f 3165/3165 3167/3167 3168/3168
f 3169/3169 3170/3170 3171/3171
f 3169/3169 3171/3171 3172/3172
f 3173/3173 3174/3174 3175/3175
f 3173/3173 3175/3175 3176/3176
f 3177/3177 3178/3178 3179/3179
f 3177/3177 3179/3179 3180/3180
f 3181/3181 3182/3182 3183/3183
f 3181/3181 3183/3183 3184/3184
f 3185/3185 3186/3186 3187/3187
f 3185/3185 3187/3187 3188/3188
f 3189/3189 3190/3190 3191/3191
f 3189/3189 3191/3191 3192/3192
f 3193/3193 3194/3194 3195/3195
f 3193/3193 3195/3195 3196/3196
f 3197/3197 3198/3198 3199/3199
f 3197/3197 3199/3199 3200/3200
f 3201/3201 3202/3202 3203/3203
f 3201/3201 3203/3203 3204/3204
f 3205/3205 3206/3206 3207/3207
f 3205/3205 3207/3207 3208/3208
f 3209/3209 3210/3210 3211/3211
f 3209/3209 3211/3211 3212/3212
f 3213/3213 3214/3214 3215/3215
f 3213/3213 3215/3215 3216/3216
f 3217/3217 3218/3218 3219/3219
f 3217/3217 3219/3219 3220/3220
f 3221/3221 3222/3222 3223/3223
f 3221/3221 3223/3223 3224/3224
f 3225/3225 3226/3226 3227/3227
f 3225/3225 3227/3227 3228/3228
f 3229/3229 3230/3230 3231/3231
f 3229/3229 3231/3231 3232/3232
f 3233/3233 3234/3234 3235/3235
f 3233/3233 3235/3235 3236/3236
f 3237/3237 3238/3238 3239/3239
f 3237/3237 3239/3239 3240/3240
f 3241/3241 3242/3242 3243/3243
f 3241/3241 3243/3243 3244/3244
f 3245/3245 3246/3246 3247/3247
f 3245/3245 3247/3247 3248/3248
f 3249/3249 3250/3250 3251/3251
f 3249/3249 3251/3251 3252/3252
usemtl LanternGlass
f 3253/3253 3254/3254 3255/3255
f 3253/3253 3255/3255 3256/3256
f 3257/3257 3258/3258 3259/3259
f 3257/3257 3259/3259 3260/3260
f 3261/3261 3262/3262 3263/3263
f 3261/3261 3263/3263 3264/3264
f 3265/3265 3266/3266 3267/3267
f 3265/3265 3267/3267 3268/3268
f 3269/3269 3270/3270 3271/3271
f 3269/3269 3271/3271 3272/3272
f 3273/3273 3274/3274 3275/3275
f 3273/3273 3275/3275 3276/3276
usemtl TowerPaint
f 3277/3277 3278/3278 3279/3279
f 3277/3277 3279/3279 3280/3280
f 3281/3281 3282/3282 3283/3283
f 3281/3281 3283/3283 3284/3284
f 3285/3285 3286/3286 3287/3287
f 3285/3285 3287/3287 3288/3288
f 3289/3289 3290/3290 3291/3291
f 3289/3289 3291/3291 3292/3292
f 3293/3293 3294/3294 3295/3295
f 3293/3293 3295/3295 3296/3296
f 3297/3297 3298/3298 3299/3299
f 3297/3297 3299/3299 3300/3300
f 3301/3301 3302/3302 3303/3303
f 3301/3301 3303/3303 3304/3304
f 3305/3305 3306/3306 3307/3307
f 3305/3305 3307/3307 3308/3308
f 3309/3309 3310/3310 3311/3311
f 3309/3309 3311/3311 3312/3312
f 3313/3313 3314/3314 3315/3315
f 3313/3313 3315/3315 3316/3316
f 3317/3317 3318/3318 3319/3319
f 3317/3317 3319/3319 3320/3320
f 3321/3321 3322/3322 3323/3323
f 3321/3321 3323/3323 3324/3324
f 3325/3325 3326/3326 3327/3327
f 3325/3325 3327/3327 3328/3328
f 3329/3329 3330/3330 3331/3331
f 3329/3329 3331/3331 3332/3332
f 3333/3333 3334/3334 3335/3335
f 3333/3333 3335/3335 3336/3336
f 3337/3337 3338/3338 3339/3339
f 3337/3337 3339/3339 3340/3340
f 3341/3341 3342/3342 3343/3343
f 3341/3341 3343/3343 3344/3344
f 3345/3345 3346/3346 3347/3347
f 3345/3345 3347/3347 3348/3348
f 3349/3349 3350/3350 3351/3351
f 3349/3349 3351/3351 3352/3352
f 3353/3353 3354/3354 3355/3355
f 3353/3353 3355/3355 3356/3356
f 3357/3357 3358/3358 3359/3359
f 3357/3357 3359/3359 3360/3360
f 3361/3361 3362/3362 3363/3363
f 3361/3361 3363/3363 3364/3364
f 3365/3365 3366/3366 3367/3367
f 3365/3365 3367/3367 3368/3368
f 3369/3369 3370/3370 3371/3371
f 3369/3369 3371/3371 3372/3372
usemtl LanternGlass
f 3373/3373 3374/3374 3375/3375
f 3373/3373 3375/3375 3376/3376
f 3377/3377 3378/3378 3379/3379
f 3377/3377 3379/3379 3380/3380
f 3381/3381 3382/3382 3383/3383
f 3381/3381 3383/3383 3384/3384
f 3385/3385 3386/3386 3387/3387
f 3385/3385 3387/3387 3388/3388
f 3389/3389 3390/3390 3391/3391
f 3389/3389 3391/3391 3392/3392
f 3393/3393 3394/3394 3395/3395
f 3393/3393 3395/3395 3396/3396
usemtl TowerPaint
f 3397/3397 3398/3398 3399/3399
f 3397/3397 3399/3399 3400/3400
f 3401/3401 3402/3402 3403/3403
f 3401/3401 3403/3403 3404/3404
f 3405/3405 3406/3406 3407/3407
f 3405/3405 3407/3407 3408/3408
f 3409/3409 3410/3410 3411/3411
f 3409/3409 3411/3411 3412/3412
f 3413/3413 3414/3414 3415/3415
f 3413/3413 3415/3415 3416/3416
f 3417/3417 3418/3418 3419/3419
f 3417/3417 3419/3419 3420/3420
f 3421/3421 3422/3422 3423/3423
f 3421/3421 3423/3423 3424/3424
f 3425/3425 3426/3426 3427/3427
f 3425/3425 3427/3427 3428/3428
f 3429/3429 3430/3430 3431/3431
f 3429/3429 3431/3431 3432/3432
f 3433/3433 3434/3434 3435/3435
f 3433/3433 3435/3435 3436/3436
f 3437/3437 3438/3438 3439/3439
f 3437/3437 3439/3439 3440/3440
f 3441/3441 3442/3442 3443/3443
f 3441/3441 3443/3443 3444/3444
f 3445/3445 3446/3446 3447/3447
f 3445/3445 3447/3447 3448/3448
f 3449/3449 3450/3450 3451/3451
f 3449/3449 3451/3451 3452/3452
f 3453/3453 3454/3454 3455/3455
f 3453/3453 3455/3455 3456/3456
f 3457/3457 3458/3458 3459/3459
f 3457/3457 3459/3459 3460/3460
f 3461/3461 3462/3462 3463/3463
f 3461/3461 3463/3463 3464/3464
f 3465/3465 3466/3466 3467/3467
f 3465/3465 3467/3467 3468/3468
f 3469/3469 3470/3470 3471/3471
f 3469/3469 3471/3471 3472/3472
f 3473/3473 3474/3474 3475/3475
f 3473/3473 3475/3475 3476/3476
f 3477/3477 3478/3478 3479/3479
f 3477/3477 3479/3479 3480/3480
f 3481/3481 3482/3482 3483/3483
f 3481/3481 3483/3483 3484/3484
f 3485/3485 3486/3486 3487/3487
f 3485/3485 3487/3487 3488/3488
f 3489/3489 3490/3490 3491/3491
f 3489/3489 3491/3491 3492/3492
usemtl LanternGlass
f 3493/3493 3494/3494 3495/3495
f 3493/3493 3495/3495 3496/3496
f 3497/3497 3498/3498 3499/3499
f 3497/3497 3499/3499 3500/3500
f 3501/3501 3502/3502 3503/3503
f 3501/3501 3503/3503 3504/3504
f 3505/3505 3506/3506 3507/3507
f 3505/3505 3507/3507 3508/3508
f 3509/3509 3510/3510 3511/3511
f 3509/3509 3511/3511 3512/3512
f 3513/3513 3514/3514 3515/3515
f 3513/3513 3515/3515 3516/3516
usemtl TowerPaint
f 3517/3517 3518/3518 3519/3519
f 3517/3517 3519/3519 3520/3520
f 3521/3521 3522/3522 3523/3523
f 3521/3521 3523/3523 3524/3524
f 3525/3525 3526/3526 3527/3527
f 3525/3525 3527/3527 3528/3528
f 3529/3529 3530/3530 3531/3531
f 3529/3529 3531/3531 3532/3532
f 3533/3533 3534/3534 3535/3535
f 3533/3533 3535/3535 3536/3536
f 3537/3537 3538/3538 3539/3539
f 3537/3537 3539/3539 3540/3540
f 3541/3541 3542/3542 3543/3543
f 3541/3541 3543/3543 3544/3544
f 3545/3545 3546/3546 3547/3547
f 3545/3545 3547/3547 3548/3548
f 3549/3549 3550/3550 3551/3551
f 3549/3549 3551/3551 3552/3552
f 3553/3553 3554/3554 3555/3555
f 3553/3553 3555/3555 3556/3556
f 3557/3557 3558/3558 3559/3559
f 3557/3557 3559/3559 3560/3560
f 3561/3561 3562/3562 3563/3563
f 3561/3561 3563/3563 3564/3564
f 3565/3565 3566/3566 3567/3567
f 3565/3565 3567/3567 3568/3568
f 3569/3569 3570/3570 3571/3571
f 3569/3569 3571/3571 3572/3572
f 3573/3573 3574/3574 3575/3575
f 3573/3573 3575/3575 3576/3576
f 3577/3577 3578/3578 3579/3579
f 3577/3577 3579/3579 3580/3580
f 3581/3581 3582/3582 3583/3583
f 3581/3581 3583/3583 3584/3584
f 3585/3585 3586/3586 3587/3587
f 3585/3585 3587/3587 3588/3588
f 3589/3589 3590/3590 3591/3591
f 3589/3589 3591/3591 3592/3592
f 3593/3593 3594/3594 3595/3595
f 3593/3593 3595/3595 3596/3596
f 3597/3597 3598/3598 3599/3599
f 3597/3597 3599/3599 3600/3600
f 3601/3601 3602/3602 3603/3603
f 3601/3601 3603/3603 3604/3604
f 3605/3605 3606/3606 3607/3607
f 3605/3605 3607/3607 3608/3608
f 3609/3609 3610/3610 3611/3611
f 3609/3609 3611/3611 3612/3612
usemtl LanternGlass
f 3613/3613 3614/3614 3615/3615
f 3613/3613 3615/3615 3616/3616
f 3617/3617 3618/3618 3619/3619
f 3617/3617 3619/3619 3620/3620
f 3621/3621 3622/3622 3623/3623
f 3621/3621 3623/3623 3624/3624
f 3625/3625 3626/3626 3627/3627
f 3625/3625 3627/3627 3628/3628
f 3629/3629 3630/3630 3631/3631
f 3629/3629 3631/3631 3632/3632
f 3633/3633 3634/3634 3635/3635
f 3633/3633 3635/3635 3636/3636
usemtl TowerPaint
f 3637/3637 3638/3638 3639/3639
f 3637/3637 3639/3639 3640/3640
f 3641/3641 3642/3642 3643/3643
f 3641/3641 3643/3643 3644/3644
f 3645/3645 3646/3646 3647/3647
f 3645/3645 3647/3647 3648/3648
f 3649/3649 3650/3650 3651/3651
f 3649/3649 3651/3651 3652/3652
f 3653/3653 3654/3654 3655/3655
f 3653/3653 3655/3655 3656/3656
f 3657/3657 3658/3658 3659/3659
f 3657/3657 3659/3659 3660/3660
f 3661/3661 3662/3662 3663/3663
f 3661/3661 3663/3663 3664/3664
f 3665/3665 3666/3666 3667/3667
f 3665/3665 3667/3667 3668/3668
f 3669/3669 3670/3670 3671/3671
f 3669/3669 3671/3671 3672/3672
f 3673/3673 3674/3674 3675/3675
f 3673/3673 3675/3675 3676/3676
f 3677/3677 3678/3678 3679/3679
f 3677/3677 3679/3679 3680/3680
f 3681/3681 3682/3682 3683/3683
f 3681/3681 3683/3683 3684/3684
f 3685/3685 3686/3686 3687/3687
f 3685/3685 3687/3687 3688/3688
f 3689/3689 3690/3690 3691/3691
f 3689/3689 3691/3691 3692/3692
f 3693/3693 3694/3694 3695/3695
f 3693/3693 3695/3695 3696/3696
f 3697/3697 3698/3698 3699/3699
f 3697/3697 3699/3699 3700/3700
f 3701/3701 3702/3702 3703/3703
f 3701/3701 3703/3703 3704/3704
f 3705/3705 3706/3706 3707/3707
f 3705/3705 3707/3707 3708/3708
f 3709/3709 3710/3710 3711/3711
f 3709/3709 3711/3711 3712/3712
f 3713/3713 3714/3714 3715/3715
f 3713/3713 3715/3715 3716/3716
f 3717/3717 3718/3718 3719/3719
f 3717/3717 3719/3719 3720/3720
f 3721/3721 3722/3722 3723/3723
f 3721/3721 3723/3723 3724/3724
f 3725/3725 3726/3726 3727/3727
f 3725/3725 3727/3727 3728/3728
f 3729/3729 3730/3730 3731/3731
f 3729/3729 3731/3731 3732/3732
usemtl LanternGlass
f 3733/3733 3734/3734 3735/3735
f 3733/3733 3735/3735 3736/3736
f 3737/3737 3738/3738 3739/3739
f 3737/3737 3739/3739 3740/3740
f 3741/3741 3742/3742 3743/3743
f 3741/3741 3743/3743 3744/3744
f 3745/3745 3746/3746 3747/3747
f 3745/3745 3747/3747 3748/3748
f 3749/3749 3750/3750 3751/3751
f 3749/3749 3751/3751 3752/3752
f 3753/3753 3754/3754 3755/3755
f 3753/3753 3755/3755 3756/3756
usemtl TowerPaint
f 3757/3757 3758/3758 3759/3759
f 3757/3757 3759/3759 3760/3760
f 3761/3761 3762/3762 3763/3763
f 3761/3761 3763/3763 3764/3764
f 3765/3765 3766/3766 3767/3767
f 3765/3765 3767/3767 3768/3768
f 3769/3769 3770/3770 3771/3771
f 3769/3769 3771/3771 3772/3772
f 3773/3773 3774/3774 3775/3775
f 3773/3773 3775/3775 3776/3776
f 3777/3777 3778/3778 3779/3779
f 3777/3777 3779/3779 3780/3780
f 3781/3781 3782/3782 3783/3783
f 3781/3781 3783/3783 3784/3784
f 3785/3785 3786/3786 3787/3787
f 3785/3785 3787/3787 3788/3788
f 3789/3789 3790/3790 3791/3791
f 3789/3789 3791/3791 3792/3792
f 3793/3793 3794/3794 3795/3795
f 3793/3793 3795/3795 3796/3796
f 3797/3797 3798/3798 3799/3799
f 3797/3797 3799/3799 3800/3800
f 3801/3801 3802/3802 3803/3803
f 3801/3801 3803/3803 3804/3804
f 3805/3805 3806/3806 3807/3807
f 3805/3805 3807/3807 3808/3808
f 3809/3809 3810/3810 3811/3811
f 3809/3809 3811/3811 3812/3812
f 3813/3813 3814/3814 3815/3815
f 3813/3813 3815/3815 3816/3816
f 3817/3817 3818/3818 3819/3819
f 3817/3817 3819/3819 3820/3820
f 3821/3821 3822/3822 3823/3823
f 3821/3821 3823/3823 3824/3824
f 3825/3825 3826/3826 3827/3827
f 3825/3825 3827/3827 3828/3828
f 3829/3829 3830/3830 3831/3831
f 3829/3829 3831/3831 3832/3832
f 3833/3833 3834/3834 3835/3835
f 3833/3833 3835/3835 3836/3836
f 3837/3837 3838/3838 3839/3839
f 3837/3837 3839/3839 3840/3840
f 3841/3841 3842/3842 3843/3843
f 3841/3841 3843/3843 3844/3844
f 3845/3845 3846/3846 3847/3847
f 3845/3845 3847/3847 3848/3848
f 3849/3849 3850/3850 3851/3851
f 3849/3849 3851/3851 3852/3852
usemtl LanternGlass
f 3853/3853 3854/3854 3855/3855
f 3853/3853 3855/3855 3856/3856
f 3857/3857 3858/3858 3859/3859
f 3857/3857 3859/3859 3860/3860
f 3861/3861 3862/3862 3863/3863
f 3861/3861 3863/3863 3864/3864
f 3865/3865 3866/3866 3867/3867
f 3865/3865 3867/3867 3868/3868
f 3869/3869 3870/3870 3871/3871
f 3869/3869 3871/3871 3872/3872
f 3873/3873 3874/3874 3875/3875
f 3873/3873 3875/3875 3876/3876
usemtl TowerPaint
f 3877/3877 3878/3878 3879/3879
f 3877/3877 3879/3879 3880/3880
f 3881/3881 3882/3882 3883/3883
f 3881/3881 3883/3883 3884/3884
f 3885/3885 3886/3886 3887/3887
f 3885/3885 3887/3887 3888/3888
f 3889/3889 3890/3890 3891/3891
f 3889/3889 3891/3891 3892/3892
f 3893/3893 3894/3894 3895/3895
f 3893/3893 3895/3895 3896/3896
f 3897/3897 3898/3898 3899/3899
f 3897/3897 3899/3899 3900/3900
f 3901/3901 3902/3902 3903/3903
f 3901/3901 3903/3903 3904/3904
f 3905/3905 3906/3906 3907/3907
f 3905/3905 3907/3907 3908/3908
f 3909/3909 3910/3910 3911/3911
f 3909/3909 3911/3911 3912/3912
f 3913/3913 3914/3914 3915/3915
f 3913/3913 3915/3915 3916/3916
f 3917/3917 3918/3918 3919/3919
f 3917/3917 3919/3919 3920/3920
f 3921/3921 3922/3922 3923/3923
f 3921/3921 3923/3923 3924/3924
f 3925/3925 3926/3926 3927/3927
f 3925/3925 3927/3927 3928/3928
f 3929/3929 3930/3930 3931/3931
f 3929/3929 3931/3931 3932/3932
f 3933/3933 3934/3934 3935/3935
f 3933/3933 3935/3935 3936/3936
f 3937/3937 3938/3938 3939/3939
f 3937/3937 3939/3939 3940/3940
f 3941/3941 3942/3942 3943/3943
f 3941/3941 3943/3943 3944/3944
f 3945/3945 3946/3946 3947/3947
f 3945/3945 3947/3947 3948/3948
f 3949/3949 3950/3950 3951/3951
f 3949/3949 3951/3951 3952/3952
f 3953/3953 3954/3954 3955/3955
f 3953/3953 3955/3955 3956/3956
f 3957/3957 3958/3958 3959/3959
f 3957/3957 3959/3959 3960/3960
f 3961/3961 3962/3962 3963/3963
f 3961/3961 3963/3963 3964/3964
f 3965/3965 3966/3966 3967/3967
f 3965/3965 3967/3967 3968/3968
f 3969/3969 3970/3970 3971/3971
f 3969/3969 3971/3971 3972/3972
usemtl LanternGlass
f 3973/3973 3974/3974 3975/3975
f 3973/3973 3975/3975 3976/3976
f 3977/3977 3978/3978 3979/3979
f 3977/3977 3979/3979 3980/3980
f 3981/3981 3982/3982 3983/3983
f 3981/3981 3983/3983 3984/3984
f 3985/3985 3986/3986 3987/3987
f 3985/3985 3987/3987 3988/3988
f 3989/3989 3990/3990 3991/3991
f 3989/3989 3991/3991 3992/3992
f 3993/3993 3994/3994 3995/3995
f 3993/3993 3995/3995 3996/3996
usemtl TowerPaint
f 3997/3997 3998/3998 3999/3999
f 3997/3997 3999/3999 4000/4000
f 4001/4001 4002/4002 4003/4003
f 4001/4001 4003/4003 4004/4004
f 4005/4005 4006/4006 4007/4007
f 4005/4005 4007/4007 4008/4008
f 4009/4009 4010/4010 4011/4011
f 4009/4009 4011/4011 4012/4012
f 4013/4013 4014/4014 4015/4015
f 4013/4013 4015/4015 4016/4016
f 4017/4017 4018/4018 4019/4019
f 4017/4017 4019/4019 4020/4020
f 4021/4021 4022/4022 4023/4023
f 4021/4021 4023/4023 4024/4024
f 4025/4025 4026/4026 4027/4027
f 4025/4025 4027/4027 4028/4028
f 4029/4029 4030/4030 4031/4031
f 4029/4029 4031/4031 4032/4032
f 4033/4033 4034/4034 4035/4035
f 4033/4033 4035/4035 4036/4036
f 4037/4037 4038/4038 4039/4039
f 4037/4037 4039/4039 4040/4040
f 4041/4041 4042/4042 4043/4043
f 4041/4041 4043/4043 4044/4044
f 4045/4045 4046/4046 4047/4047
f 4045/4045 4047/4047 4048/4048
f 4049/4049 4050/4050 4051/4051
f 4049/4049 4051/4051 4052/4052
f 4053/4053 4054/4054 4055/4055
f 4053/4053 4055/4055 4056/4056
f 4057/4057 4058/4058 4059/4059
f 4057/4057 4059/4059 4060/4060
f 4061/4061 4062/4062 4063/4063
f 4061/4061 4063/4063 4064/4064
f 4065/4065 4066/4066 4067/4067
f 4065/4065 4067/4067 4068/4068
f 4069/4069 4070/4070 4071/4071
f 4069/4069 4071/4071 4072/4072
f 4073/4073 4074/4074 4075/4075
f 4073/4073 4075/4075 4076/4076
f 4077/4077 4078/4078 4079/4079
f 4077/4077 4079/4079 4080/4080
f 4081/4081 4082/4082 4083/4083
f 4081/4081 4083/4083 4084/4084
f 4085/4085 4086/4086 4087/4087
f 4085/4085 4087/4087 4088/4088
f 4089/4089 4090/4090 4091/4091
f 4089/4089 4091/4091 4092/4092
usemtl LanternGlass
f 4093/4093 4094/4094 4095/4095
f 4093/4093 4095/4095 4096/4096
f 4097/4097 4098/4098 4099/4099
f 4097/4097 4099/4099 4100/4100
f 4101/4101 4102/4102 4103/4103
f 4101/4101 4103/4103 4104/4104
f 4105/4105 4106/4106 4107/4107
f 4105/4105 4107/4107 4108/4108
f 4109/4109 4110/4110 4111/4111
f 4109/4109 4111/4111 4112/4112
f 4113/4113 4114/4114 4115/4115
f 4113/4113 4115/4115 4116/4116
usemtl TowerPaint
f 4117/4117 4118/4118 4119/4119
f 4117/4117 4119/4119 4120/4120
f 4121/4121 4122/4122 4123/4123
f 4121/4121 4123/4123 4124/4124
f 4125/4125 4126/4126 4127/4127
f 4125/4125 4127/4127 4128/4128
f 4129/4129 4130/4130 4131/4131
f 4129/4129 4131/4131 4132/4132
f 4133/4133 4134/4134 4135/4135
f 4133/4133 4135/4135 4136/4136
f 4137/4137 4138/4138 4139/4139
f 4137/4137 4139/4139 4140/4140
f 4141/4141 4142/4142 4143/4143
f 4141/4141 4143/4143 4144/4144
f 4145/4145 4146/4146 4147/4147
f 4145/4145 4147/4147 4148/4148
f 4149/4149 4150/4150 4151/4151
f 4149/4149 4151/4151 4152/4152
f 4153/4153 4154/4154 4155/4155
f 4153/4153 4155/4155 4156/4156
f 4157/4157 4158/4158 4159/4159
f 4157/4157 4159/4159 4160/4160
f 4161/4161 4162/4162 4163/4163
f 4161/4161 4163/4163 4164/4164
f 4165/4165 4166/4166 4167/4167
f 4165/4165 4167/4167 4168/4168
f 4169/4169 4170/4170 4171/4171
f 4169/4169 4171/4171 4172/4172
f 4173/4173 4174/4174 4175/4175
f 4173/4173 4175/4175 4176/4176
f 4177/4177 4178/4178 4179/4179
f 4177/4177 4179/4179 4180/4180
f 4181/4181 4182/4182 4183/4183
f 4181/4181 4183/4183 4184/4184
f 4185/4185 4186/4186 4187/4187
f 4185/4185 4187/4187 4188/4188
f 4189/4189 4190/4190 4191/4191
f 4189/4189 4191/4191 4192/4192
f 4193/4193 4194/4194 4195/4195
f 4193/4193 4195/4195 4196/4196
f 4197/4197 4198/4198 4199/4199
f 4197/4197 4199/4199 4200/4200
f 4201/4201 4202/4202 4203/4203
f 4201/4201 4203/4203 4204/4204
f 4205/4205 4206/4206 4207/4207
f 4205/4205 4207/4207 4208/4208
f 4209/4209 4210/4210 4211/4211
f 4209/4209 4211/4211 4212/4212
usemtl LanternGlass
f 4213/4213 4214/4214 4215/4215
f 4213/4213 4215/4215 4216/4216
f 4217/4217 4218/4218 4219/4219
f 4217/4217 4219/4219 4220/4220
f 4221/4221 4222/4222 4223/4223
f 4221/4221 4223/4223 4224/4224
f 4225/4225 4226/4226 4227/4227
f 4225/4225 4227/4227 4228/4228
f 4229/4229 4230/4230 4231/4231
f 4229/4229 4231/4231 4232/4232
f 4233/4233 4234/4234 4235/4235
f 4233/4233 4235/4235 4236/4236
usemtl TowerPaint
f 4237/4237 4238/4238 4239/4239
f 4237/4237 4239/4239 4240/4240
f 4241/4241 4242/4242 4243/4243
f 4241/4241 4243/4243 4244/4244
f 4245/4245 4246/4246 4247/4247
f 4245/4245 4247/4247 4248/4248
f 4249/4249 4250/4250 4251/4251
f 4249/4249 4251/4251 4252/4252
f 4253/4253 4254/4254 4255/4255
f 4253/4253 4255/4255 4256/4256
f 4257/4257 4258/4258 4259/4259
f 4257/4257 4259/4259 4260/4260
f 4261/4261 4262/4262 4263/4263
f 4261/4261 4263/4263 4264/4264
f 4265/4265 4266/4266 4267/4267
f 4265/4265 4267/4267 4268/4268
f 4269/4269 4270/4270 4271/4271
f 4269/4269 4271/4271 4272/4272
f 4273/4273 4274/4274 4275/4275
f 4273/4273 4275/4275 4276/4276
f 4277/4277 4278/4278 4279/4279
f 4277/4277 4279/4279 4280/4280
f 4281/4281 4282/4282 4283/4283
f 4281/4281 4283/4283 4284/4284
f 4285/4285 4286/4286 4287/4287
f 4285/4285 4287/4287 4288/4288
f 4289/4289 4290/4290 4291/4291
f 4289/4289 4291/4291 4292/4292
f 4293/4293 4294/4294 4295/4295
f 4293/4293 4295/4295 4296/4296
f 4297/4297 4298/4298 4299/4299
f 4297/4297 4299/4299 4300/4300
f 4301/4301 4302/4302 4303/4303
f 4301/4301 4303/4303 4304/4304
f 4305/4305 4306/4306 4307/4307
f 4305/4305 4307/4307 4308/4308
f 4309/4309 4310/4310 4311/4311
f 4309/4309 4311/4311 4312/4312
f 4313/4313 4314/4314 4315/4315
f 4313/4313 4315/4315 4316/4316
f 4317/4317 4318/4318 4319/4319
f 4317/4317 4319/4319 4320/4320
f 4321/4321 4322/4322 4323/4323
f 4321/4321 4323/4323 4324/4324
f 4325/4325 4326/4326 4327/4327
f 4325/4325 4327/4327 4328/4328
f 4329/4329 4330/4330 4331/4331
f 4329/4329 4331/4331 4332/4332
