# Blender 5.0.1
# www.blender.org
mtllib BB_Reusable_Mullion_Vertical.mtl
o Mullion_Vertical
v 2.410000 1.500000 0.015000
v 2.410000 1.510000 0.025000
v 2.400000 1.510000 0.015000
v 2.410000 1.501336 0.019993
v 2.405007 1.501336 0.015000
v 2.405218 1.502634 0.019782
v 2.405007 1.510000 0.023664
v 2.410000 1.505007 0.023664
v 2.405218 1.505218 0.022366
v 2.401336 1.505007 0.015000
v 2.401336 1.510000 0.019993
v 2.402634 1.505218 0.019782
v 2.410000 3.990000 0.025000
v 2.410000 4.000000 0.015000
v 2.400000 3.990000 0.015000
v 2.410000 3.994993 0.023664
v 2.405007 3.990000 0.023664
v 2.405218 3.994782 0.022366
v 2.405007 3.998664 0.015000
v 2.410000 3.998664 0.019993
v 2.405218 3.997366 0.019782
v 2.401336 3.990000 0.019993
v 2.401336 3.994993 0.015000
v 2.402634 3.994782 0.019782
v 2.410000 1.500000 -0.015000
v 2.400000 1.510000 -0.015000
v 2.410000 1.510000 -0.025000
v 2.405007 1.501336 -0.015000
v 2.410000 1.501336 -0.019993
v 2.405218 1.502634 -0.019782
v 2.401336 1.510000 -0.019993
v 2.401336 1.505007 -0.015000
v 2.402634 1.505218 -0.019782
v 2.410000 1.505007 -0.023664
v 2.405007 1.510000 -0.023664
v 2.405218 1.505218 -0.022366
v 2.410000 4.000000 -0.015000
v 2.410000 3.990000 -0.025000
v 2.400000 3.990000 -0.015000
v 2.410000 3.998664 -0.019993
v 2.405007 3.998664 -0.015000
v 2.405218 3.997366 -0.019782
v 2.405007 3.990000 -0.023664
v 2.410000 3.994993 -0.023664
v 2.405218 3.994782 -0.022366
v 2.401336 3.994993 -0.015000
v 2.401336 3.990000 -0.019993
v 2.402634 3.994782 -0.019782
v 2.490000 1.500000 0.015000
v 2.500000 1.510000 0.015000
v 2.490000 1.510000 0.025000
v 2.494993 1.501336 0.015000
v 2.490000 1.501336 0.019993
v 2.494782 1.502634 0.019782
v 2.498664 1.510000 0.019993
v 2.498664 1.505007 0.015000
v 2.497366 1.505218 0.019782
v 2.490000 1.505007 0.023664
v 2.494993 1.510000 0.023664
v 2.494782 1.505218 0.022366
v 2.490000 4.000000 0.015000
v 2.490000 3.990000 0.025000
v 2.500000 3.990000 0.015000
v 2.490000 3.998664 0.019993
v 2.494993 3.998664 0.015000
v 2.494782 3.997366 0.019782
v 2.494993 3.990000 0.023664
v 2.490000 3.994993 0.023664
v 2.494782 3.994782 0.022366
v 2.498664 3.994993 0.015000
v 2.498664 3.990000 0.019993
v 2.497366 3.994782 0.019782
v 2.490000 1.500000 -0.015000
v 2.490000 1.510000 -0.025000
v 2.500000 1.510000 -0.015000
v 2.490000 1.501336 -0.019993
v 2.494993 1.501336 -0.015000
v 2.494782 1.502634 -0.019782
v 2.494993 1.510000 -0.023664
v 2.490000 1.505007 -0.023664
v 2.494782 1.505218 -0.022366
v 2.498664 1.505007 -0.015000
v 2.498664 1.510000 -0.019993
v 2.497366 1.505218 -0.019782
v 2.490000 4.000000 -0.015000
v 2.500000 3.990000 -0.015000
v 2.490000 3.990000 -0.025000
v 2.494993 3.998664 -0.015000
v 2.490000 3.998664 -0.019993
v 2.494782 3.997366 -0.019782
v 2.498664 3.990000 -0.019993
v 2.498664 3.994993 -0.015000
v 2.497366 3.994782 -0.019782
v 2.490000 3.994993 -0.023664
v 2.494993 3.990000 -0.023664
v 2.494782 3.994782 -0.022366
v -0.027141 1.500000 0.032990
v -0.022141 1.510000 0.041651
v -0.035801 1.510000 0.037990
v -0.024644 1.501336 0.037315
v -0.031466 1.501336 0.035487
v -0.028891 1.502634 0.039523
v -0.027133 1.510000 0.042990
v -0.022809 1.505007 0.040494
v -0.027599 1.505218 0.041761
v -0.034644 1.505007 0.037322
v -0.032148 1.510000 0.041647
v -0.031129 1.505218 0.040815
v -0.022141 3.990000 0.041651
v -0.027141 4.000000 0.032990
v -0.035801 3.990000 0.037990
v -0.022809 3.994993 0.040494
v -0.027133 3.990000 0.042990
v -0.027599 3.994782 0.041761
v -0.031466 3.998664 0.035487
v -0.024644 3.998664 0.037315
v -0.028891 3.997366 0.039523
v -0.032148 3.990000 0.041647
v -0.034644 3.994993 0.037322
v -0.031129 3.994782 0.040815
v -0.042141 1.500000 0.007010
v -0.050801 1.510000 0.012010
v -0.047141 1.510000 -0.001651
v -0.046465 1.501336 0.009506
v -0.044638 1.501336 0.002685
v -0.048673 1.502634 0.005259
v -0.052141 1.510000 0.007017
v -0.049644 1.505007 0.011342
v -0.050911 1.505218 0.006551
v -0.046473 1.505007 -0.000494
v -0.050797 1.510000 0.002003
v -0.049966 1.505218 0.003021
v -0.042141 4.000000 0.007010
v -0.047141 3.990000 -0.001651
v -0.050801 3.990000 0.012010
v -0.044638 3.998664 0.002685
v -0.046465 3.998664 0.009506
v -0.048673 3.997366 0.005259
v -0.050797 3.990000 0.002003
v -0.046473 3.994993 -0.000494
v -0.049966 3.994782 0.003021
v -0.049644 3.994993 0.011342
v -0.052141 3.990000 0.007017
v -0.050911 3.994782 0.006551
v 0.042141 1.500000 -0.007010
v 0.050801 1.510000 -0.012010
v 0.047141 1.510000 0.001651
v 0.046465 1.501336 -0.009506
v 0.044638 1.501336 -0.002685
v 0.048673 1.502634 -0.005259
v 0.052141 1.510000 -0.007017
v 0.049644 1.505007 -0.011342
v 0.050911 1.505218 -0.006551
v 0.046473 1.505007 0.000494
v 0.050797 1.510000 -0.002003
v 0.049966 1.505218 -0.003021
v 0.042141 4.000000 -0.007010
v 0.047141 3.990000 0.001651
v 0.050801 3.990000 -0.012010
v 0.044638 3.998664 -0.002685
v 0.046465 3.998664 -0.009506
v 0.048673 3.997366 -0.005259
v 0.050797 3.990000 -0.002003
v 0.046473 3.994993 0.000494
v 0.049966 3.994782 -0.003021
v 0.049644 3.994993 -0.011342
v 0.052141 3.990000 -0.007017
v 0.050911 3.994782 -0.006551
v 0.027141 1.500000 -0.032990
v 0.022141 1.510000 -0.041651
v 0.035801 1.510000 -0.037990
v 0.024644 1.501336 -0.037315
v 0.031466 1.501336 -0.035487
v 0.028891 1.502634 -0.039523
v 0.027133 1.510000 -0.042990
v 0.022809 1.505007 -0.040494
v 0.027599 1.505218 -0.041761
v 0.034644 1.505007 -0.037322
v 0.032148 1.510000 -0.041647
v 0.031129 1.505218 -0.040815
v 0.027141 4.000000 -0.032990
v 0.035801 3.990000 -0.037990
v 0.022141 3.990000 -0.041651
v 0.031466 3.998664 -0.035487
v 0.024644 3.998664 -0.037315
v 0.028891 3.997366 -0.039523
v 0.032148 3.990000 -0.041647
v 0.034644 3.994993 -0.037322
v 0.031129 3.994782 -0.040815
v 0.022809 3.994993 -0.040494
v 0.027133 3.990000 -0.042990
v 0.027599 3.994782 -0.041761
v -2.128772 1.500000 1.267141
v -2.120111 1.510000 1.272141
v -2.133772 1.510000 1.275801
v -2.124447 1.501336 1.269638
v -2.131268 1.501336 1.271466
v -2.127021 1.502634 1.273674
v -2.123765 1.510000 1.275797
v -2.121269 1.505007 1.271473
v -2.124783 1.505218 1.274966
v -2.133104 1.505007 1.274644
v -2.128779 1.510000 1.277141
v -2.128313 1.505218 1.275912
v -2.120111 3.990000 1.272141
v -2.128772 4.000000 1.267141
v -2.133772 3.990000 1.275801
v -2.121269 3.994993 1.271473
v -2.123765 3.990000 1.275797
v -2.124783 3.994782 1.274966
v -2.131268 3.998664 1.271466
v -2.124447 3.998664 1.269638
v -2.127021 3.997366 1.273674
v -2.128779 3.990000 1.277141
v -2.133104 3.994993 1.274644
v -2.128313 3.994782 1.275912
v -2.154752 1.500000 1.252141
v -2.159753 1.510000 1.260801
v -2.163413 1.510000 1.247141
v -2.157249 1.501336 1.256465
v -2.159077 1.501336 1.249644
v -2.161285 1.502634 1.253891
v -2.163409 1.510000 1.257148
v -2.159085 1.505007 1.259644
v -2.162577 1.505218 1.256129
v -2.162256 1.505007 1.247809
v -2.164752 1.510000 1.252133
v -2.163523 1.505218 1.252599
v -2.154752 4.000000 1.252141
v -2.163413 3.990000 1.247141
v -2.159753 3.990000 1.260801
v -2.159077 3.998664 1.249644
v -2.157249 3.998664 1.256465
v -2.161285 3.997366 1.253891
v -2.164752 3.990000 1.252133
v -2.162256 3.994993 1.247809
v -2.163523 3.994782 1.252599
v -2.159085 3.994993 1.259644
v -2.163409 3.990000 1.257148
v -2.162577 3.994782 1.256129
v -2.088772 1.500000 1.197859
v -2.083771 1.510000 1.189199
v -2.080111 1.510000 1.202859
v -2.086275 1.501336 1.193535
v -2.084447 1.501336 1.200356
v -2.082239 1.502634 1.196109
v -2.080115 1.510000 1.192852
v -2.084440 1.505007 1.190356
v -2.080947 1.505218 1.193871
v -2.081269 1.505007 1.202191
v -2.078772 1.510000 1.197867
v -2.080001 1.505218 1.197401
v -2.088772 4.000000 1.197859
v -2.080111 3.990000 1.202859
v -2.083771 3.990000 1.189199
v -2.084447 3.998664 1.200356
v -2.086275 3.998664 1.193535
v -2.082239 3.997366 1.196109
v -2.078772 3.990000 1.197867
v -2.081269 3.994993 1.202191
v -2.080001 3.994782 1.197401
v -2.084440 3.994993 1.190356
v -2.080115 3.990000 1.192852
v -2.080947 3.994782 1.193871
v -2.114753 1.500000 1.182859
v -2.123413 1.510000 1.177859
v -2.109752 1.510000 1.174199
v -2.119077 1.501336 1.180362
v -2.112256 1.501336 1.178535
v -2.116503 1.502634 1.176327
v -2.119759 1.510000 1.174203
v -2.122256 1.505007 1.178527
v -2.118741 1.505218 1.175034
v -2.110420 1.505007 1.175356
v -2.114745 1.510000 1.172859
v -2.115211 1.505218 1.174088
v -2.114753 4.000000 1.182859
v -2.109752 3.990000 1.174199
v -2.123413 3.990000 1.177859
v -2.112256 3.998664 1.178535
v -2.119077 3.998664 1.180362
v -2.116503 3.997366 1.176327
v -2.114745 3.990000 1.172859
v -2.110420 3.994993 1.175356
v -2.115211 3.994782 1.174088
v -2.122256 3.994993 1.178527
v -2.119759 3.990000 1.174203
v -2.118741 3.994782 1.175034
v -3.331762 1.500000 3.386762
v -3.321762 1.510000 3.386762
v -3.331762 1.510000 3.396762
v -3.326769 1.501336 3.386762
v -3.331762 1.501336 3.391756
v -3.326980 1.502634 3.391544
v -3.323098 1.510000 3.391756
v -3.323098 1.505007 3.386762
v -3.324395 1.505218 3.391544
v -3.331762 1.505007 3.395426
v -3.326769 1.510000 3.395426
v -3.326980 1.505218 3.394129
v -3.321762 3.990000 3.386762
v -3.331762 4.000000 3.386762
v -3.331762 3.990000 3.396762
v -3.323098 3.994993 3.386762
v -3.323098 3.990000 3.391756
v -3.324395 3.994782 3.391544
v -3.331762 3.998664 3.391756
v -3.326769 3.998664 3.386762
v -3.326980 3.997366 3.391544
v -3.326769 3.990000 3.395426
v -3.331762 3.994993 3.395426
v -3.326980 3.994782 3.394129
v -3.361762 1.500000 3.386762
v -3.361762 1.510000 3.396762
v -3.371762 1.510000 3.386762
v -3.361762 1.501336 3.391756
v -3.366755 1.501336 3.386762
v -3.366544 1.502634 3.391544
v -3.366755 1.510000 3.395426
v -3.361762 1.505007 3.395426
v -3.366544 1.505218 3.394129
v -3.370426 1.505007 3.386762
v -3.370426 1.510000 3.391756
v -3.369128 1.505218 3.391544
v -3.361762 4.000000 3.386762
v -3.371762 3.990000 3.386762
v -3.361762 3.990000 3.396762
v -3.366755 3.998664 3.386762
v -3.361762 3.998664 3.391756
v -3.366544 3.997366 3.391544
v -3.370426 3.990000 3.391756
v -3.370426 3.994993 3.386762
v -3.369128 3.994782 3.391544
v -3.361762 3.994993 3.395426
v -3.366755 3.990000 3.395426
v -3.366544 3.994782 3.394129
v -3.331762 1.500000 3.306762
v -3.331762 1.510000 3.296762
v -3.321762 1.510000 3.306762
v -3.331762 1.501336 3.301769
v -3.326769 1.501336 3.306762
v -3.326980 1.502634 3.301980
v -3.326769 1.510000 3.298098
v -3.331762 1.505007 3.298098
v -3.326980 1.505218 3.299396
v -3.323098 1.505007 3.306762
v -3.323098 1.510000 3.301769
v -3.324395 1.505218 3.301980
v -3.331762 4.000000 3.306762
v -3.321762 3.990000 3.306762
v -3.331762 3.990000 3.296762
v -3.326769 3.998664 3.306762
v -3.331762 3.998664 3.301769
v -3.326980 3.997366 3.301980
v -3.323098 3.990000 3.301769
v -3.323098 3.994993 3.306762
v -3.324395 3.994782 3.301980
v -3.331762 3.994993 3.298098
v -3.326769 3.990000 3.298098
v -3.326980 3.994782 3.299396
v -3.361762 1.500000 3.306762
v -3.371762 1.510000 3.306762
v -3.361762 1.510000 3.296762
v -3.366755 1.501336 3.306762
v -3.361762 1.501336 3.301769
v -3.366544 1.502634 3.301980
v -3.370426 1.510000 3.301769
v -3.370426 1.505007 3.306762
v -3.369128 1.505218 3.301980
v -3.361762 1.505007 3.298098
v -3.366755 1.510000 3.298098
v -3.366544 1.505218 3.299396
v -3.361762 4.000000 3.306762
v -3.361762 3.990000 3.296762
v -3.371762 3.990000 3.306762
v -3.361762 3.998664 3.301769
v -3.366755 3.998664 3.306762
v -3.366544 3.997366 3.301980
v -3.366755 3.990000 3.298098
v -3.361762 3.994993 3.298098
v -3.366544 3.994782 3.299396
v -3.370426 3.994993 3.306762
v -3.370426 3.990000 3.301769
v -3.369128 3.994782 3.301980
v -3.313771 1.500000 5.823904
v -3.305111 1.510000 5.818903
v -3.308771 1.510000 5.832564
v -3.309447 1.501336 5.821407
v -3.311275 1.501336 5.828228
v -3.307239 1.502634 5.825654
v -3.303772 1.510000 5.823896
v -3.306268 1.505007 5.819571
v -3.305001 1.505218 5.824362
v -3.309439 1.505007 5.831407
v -3.305115 1.510000 5.828910
v -3.305947 1.505218 5.827892
v -3.305111 3.990000 5.818903
v -3.313771 4.000000 5.823904
v -3.308771 3.990000 5.832564
v -3.306268 3.994993 5.819571
v -3.303772 3.990000 5.823896
v -3.305001 3.994782 5.824362
v -3.311275 3.998664 5.828228
v -3.309447 3.998664 5.821407
v -3.307239 3.997366 5.825654
v -3.305115 3.990000 5.828910
v -3.309439 3.994993 5.831407
v -3.305947 3.994782 5.827892
v -3.339752 1.500000 5.838903
v -3.334752 1.510000 5.847564
v -3.348413 1.510000 5.843904
v -3.337256 1.501336 5.843228
v -3.344077 1.501336 5.841400
v -3.341503 1.502634 5.845436
v -3.339745 1.510000 5.848904
v -3.335420 1.505007 5.846407
v -3.340211 1.505218 5.847674
v -3.347255 1.505007 5.843235
v -3.344759 1.510000 5.847560
v -3.343741 1.505218 5.846728
v -3.339752 4.000000 5.838903
v -3.348413 3.990000 5.843904
v -3.334752 3.990000 5.847564
v -3.344077 3.998664 5.841400
v -3.337256 3.998664 5.843228
v -3.341503 3.997366 5.845436
v -3.344759 3.990000 5.847560
v -3.347255 3.994993 5.843235
v -3.343741 3.994782 5.846728
v -3.335420 3.994993 5.846407
v -3.339745 3.990000 5.848904
v -3.340211 3.994782 5.847674
v -3.353771 1.500000 5.754622
v -3.358772 1.510000 5.745961
v -3.345111 1.510000 5.749621
v -3.356268 1.501336 5.750297
v -3.349447 1.501336 5.752125
v -3.352021 1.502634 5.748089
v -3.353779 1.510000 5.744621
v -3.358104 1.505007 5.747118
v -3.353313 1.505218 5.745851
v -3.346268 1.505007 5.750289
v -3.348765 1.510000 5.745965
v -3.349783 1.505218 5.746797
v -3.353771 4.000000 5.754622
v -3.345111 3.990000 5.749621
v -3.358772 3.990000 5.745961
v -3.349447 3.998664 5.752125
v -3.356268 3.998664 5.750297
v -3.352021 3.997366 5.748089
v -3.348765 3.990000 5.745965
v -3.346268 3.994993 5.750289
v -3.349783 3.994782 5.746797
v -3.358104 3.994993 5.747118
v -3.353779 3.990000 5.744621
v -3.353313 3.994782 5.745851
v -3.379752 1.500000 5.769621
v -3.388413 1.510000 5.774621
v -3.384753 1.510000 5.760961
v -3.384077 1.501336 5.772118
v -3.382249 1.501336 5.765297
v -3.386285 1.502634 5.767871
v -3.389752 1.510000 5.769629
v -3.387255 1.505007 5.773953
v -3.388523 1.505218 5.769163
v -3.384084 1.505007 5.762118
v -3.388409 1.510000 5.764615
v -3.387577 1.505218 5.765633
v -3.379752 4.000000 5.769621
v -3.384753 3.990000 5.760961
v -3.388413 3.990000 5.774621
v -3.382249 3.998664 5.765297
v -3.384077 3.998664 5.772118
v -3.386285 3.997366 5.767871
v -3.388409 3.990000 5.764615
v -3.384084 3.994993 5.762118
v -3.387577 3.994782 5.765633
v -3.387255 3.994993 5.773953
v -3.389752 3.990000 5.769629
v -3.388523 3.994782 5.769163
v -2.079621 1.500000 7.925534
v -2.074621 1.510000 7.916874
v -2.070961 1.510000 7.930534
v -2.077124 1.501336 7.921210
v -2.075297 1.501336 7.928031
v -2.073088 1.502634 7.923784
v -2.070965 1.510000 7.920528
v -2.075289 1.505007 7.918031
v -2.071797 1.505218 7.921546
v -2.072118 1.505007 7.929866
v -2.069621 1.510000 7.925542
v -2.070851 1.505218 7.925076
v -2.074621 3.990000 7.916874
v -2.079621 4.000000 7.925534
v -2.070961 3.990000 7.930534
v -2.075289 3.994993 7.918031
v -2.070965 3.990000 7.920528
v -2.071797 3.994782 7.921546
v -2.075297 3.998664 7.928031
v -2.077124 3.998664 7.921210
v -2.073088 3.997366 7.923784
v -2.069621 3.990000 7.925542
v -2.072118 3.994993 7.929866
v -2.070851 3.994782 7.925076
v -2.094621 1.500000 7.951515
v -2.085961 1.510000 7.956515
v -2.099621 1.510000 7.960176
v -2.090297 1.501336 7.954012
v -2.097118 1.501336 7.955840
v -2.092870 1.502634 7.958047
v -2.089615 1.510000 7.960172
v -2.087118 1.505007 7.955847
v -2.090633 1.505218 7.959340
v -2.098953 1.505007 7.959018
v -2.094629 1.510000 7.961515
v -2.094163 1.505218 7.960286
v -2.094621 4.000000 7.951515
v -2.099621 3.990000 7.960176
v -2.085961 3.990000 7.956515
v -2.097118 3.998664 7.955840
v -2.090297 3.998664 7.954012
v -2.092870 3.997366 7.958047
v -2.094629 3.990000 7.961515
v -2.098953 3.994993 7.959018
v -2.094163 3.994782 7.960286
v -2.087118 3.994993 7.955847
v -2.089615 3.990000 7.960172
v -2.090633 3.994782 7.959340
v -2.148903 1.500000 7.885534
v -2.157563 1.510000 7.880534
v -2.143903 1.510000 7.876874
v -2.153228 1.501336 7.883038
v -2.146406 1.501336 7.881210
v -2.150654 1.502634 7.879002
v -2.153909 1.510000 7.876878
v -2.156406 1.505007 7.881202
v -2.152891 1.505218 7.877710
v -2.144571 1.505007 7.878031
v -2.148896 1.510000 7.875535
v -2.149361 1.505218 7.876764
v -2.148903 4.000000 7.885534
v -2.143903 3.990000 7.876874
v -2.157563 3.990000 7.880534
v -2.146406 3.998664 7.881210
v -2.153228 3.998664 7.883038
v -2.150654 3.997366 7.879002
v -2.148896 3.990000 7.875535
v -2.144571 3.994993 7.878031
v -2.149361 3.994782 7.876764
v -2.156406 3.994993 7.881202
v -2.153909 3.990000 7.876878
v -2.152891 3.994782 7.877710
v -2.163903 1.500000 7.911515
v -2.168903 1.510000 7.920176
v -2.172563 1.510000 7.906515
v -2.166400 1.501336 7.915840
v -2.168227 1.501336 7.909019
v -2.170436 1.502634 7.913266
v -2.172559 1.510000 7.916522
v -2.168235 1.505007 7.919018
v -2.171727 1.505218 7.915504
v -2.171407 1.505007 7.907183
v -2.173903 1.510000 7.911508
v -2.172673 1.505218 7.911973
v -2.163903 4.000000 7.911515
v -2.172563 3.990000 7.906515
v -2.168903 3.990000 7.920176
v -2.168227 3.998664 7.909019
v -2.166400 3.998664 7.915840
v -2.170436 3.997366 7.913266
v -2.173903 3.990000 7.911508
v -2.171407 3.994993 7.907183
v -2.172673 3.994782 7.911973
v -2.168235 3.994993 7.919018
v -2.172559 3.990000 7.916522
v -2.171727 3.994782 7.915504
v 0.040000 1.500000 9.128525
v 0.040000 1.510000 9.118526
v 0.050000 1.510000 9.128525
v 0.040000 1.501336 9.123531
v 0.044994 1.501336 9.128525
v 0.044782 1.502634 9.123743
v 0.044994 1.510000 9.119861
v 0.040000 1.505007 9.119861
v 0.044782 1.505218 9.121159
v 0.048664 1.505007 9.128525
v 0.048664 1.510000 9.123531
v 0.047367 1.505218 9.123743
v 0.040000 3.990000 9.118526
v 0.040000 4.000000 9.128525
v 0.050000 3.990000 9.128525
v 0.040000 3.994993 9.119861
v 0.044994 3.990000 9.119861
v 0.044782 3.994782 9.121159
v 0.044994 3.998664 9.128525
v 0.040000 3.998664 9.123531
v 0.044782 3.997366 9.123743
v 0.048664 3.990000 9.123531
v 0.048664 3.994993 9.128525
v 0.047367 3.994782 9.123743
v 0.040000 1.500000 9.158525
v 0.050000 1.510000 9.158525
v 0.040000 1.510000 9.168525
v 0.044994 1.501336 9.158525
v 0.040000 1.501336 9.163519
v 0.044782 1.502634 9.163307
v 0.048664 1.510000 9.163519
v 0.048664 1.505007 9.158525
v 0.047367 1.505218 9.163307
v 0.040000 1.505007 9.167190
v 0.044994 1.510000 9.167190
v 0.044782 1.505218 9.165892
v 0.040000 4.000000 9.158525
v 0.040000 3.990000 9.168525
v 0.050000 3.990000 9.158525
v 0.040000 3.998664 9.163519
v 0.044994 3.998664 9.158525
v 0.044782 3.997366 9.163307
v 0.044994 3.990000 9.167190
v 0.040000 3.994993 9.167190
v 0.044782 3.994782 9.165892
v 0.048664 3.994993 9.158525
v 0.048664 3.990000 9.163519
v 0.047367 3.994782 9.163307
v -0.040000 1.500000 9.128525
v -0.050000 1.510000 9.128525
v -0.040000 1.510000 9.118526
v -0.044993 1.501336 9.128525
v -0.040000 1.501336 9.123531
v -0.044782 1.502634 9.123743
v -0.048664 1.510000 9.123531
v -0.048664 1.505007 9.128525
v -0.047366 1.505218 9.123743
v -0.040000 1.505007 9.119861
v -0.044993 1.510000 9.119861
v -0.044782 1.505218 9.121159
v -0.040000 4.000000 9.128525
v -0.040000 3.990000 9.118526
v -0.050000 3.990000 9.128525
v -0.040000 3.998664 9.123531
v -0.044993 3.998664 9.128525
v -0.044782 3.997366 9.123743
v -0.044993 3.990000 9.119861
v -0.040000 3.994993 9.119861
v -0.044782 3.994782 9.121159
v -0.048664 3.994993 9.128525
v -0.048664 3.990000 9.123531
v -0.047366 3.994782 9.123743
v -0.040000 1.500000 9.158525
v -0.040000 1.510000 9.168525
v -0.050000 1.510000 9.158525
v -0.040000 1.501336 9.163519
v -0.044993 1.501336 9.158525
v -0.044782 1.502634 9.163307
v -0.044993 1.510000 9.167190
v -0.040000 1.505007 9.167190
v -0.044782 1.505218 9.165892
v -0.048664 1.505007 9.158525
v -0.048664 1.510000 9.163519
v -0.047366 1.505218 9.163307
v -0.040000 4.000000 9.158525
v -0.050000 3.990000 9.158525
v -0.040000 3.990000 9.168525
v -0.044993 3.998664 9.158525
v -0.040000 3.998664 9.163519
v -0.044782 3.997366 9.163307
v -0.048664 3.990000 9.163519
v -0.048664 3.994993 9.158525
v -0.047366 3.994782 9.163307
v -0.040000 3.994993 9.167190
v -0.044993 3.990000 9.167190
v -0.044782 3.994782 9.165892
v 2.477141 1.500000 9.110535
v 2.472141 1.510000 9.101874
v 2.485801 1.510000 9.105535
v 2.474645 1.501336 9.106211
v 2.481466 1.501336 9.108038
v 2.478892 1.502634 9.104002
v 2.477134 1.510000 9.100534
v 2.472809 1.505007 9.103031
v 2.477600 1.505218 9.101765
v 2.484645 1.505007 9.106203
v 2.482148 1.510000 9.101878
v 2.481130 1.505218 9.102710
v 2.472141 3.990000 9.101874
v 2.477141 4.000000 9.110535
v 2.485801 3.990000 9.105535
v 2.472809 3.994993 9.103031
v 2.477134 3.990000 9.100534
v 2.477600 3.994782 9.101765
v 2.481466 3.998664 9.108038
v 2.474645 3.998664 9.106211
v 2.478892 3.997366 9.104002
v 2.482148 3.990000 9.101878
v 2.484645 3.994993 9.106203
v 2.481130 3.994782 9.102710
v 2.492141 1.500000 9.136516
v 2.500802 1.510000 9.131516
v 2.497141 1.510000 9.145176
v 2.496466 1.501336 9.134019
v 2.494638 1.501336 9.140840
v 2.498674 1.502634 9.138266
v 2.502141 1.510000 9.136508
v 2.499645 1.505007 9.132183
v 2.500912 1.505218 9.136973
v 2.496473 1.505007 9.144019
v 2.500798 1.510000 9.141522
v 2.499966 1.505218 9.140504
v 2.492141 4.000000 9.136516
v 2.497141 3.990000 9.145176
v 2.500802 3.990000 9.131516
v 2.494638 3.998664 9.140840
v 2.496466 3.998664 9.134019
v 2.498674 3.997366 9.138266
v 2.500798 3.990000 9.141522
v 2.496473 3.994993 9.144019
v 2.499966 3.994782 9.140504
v 2.499645 3.994993 9.132183
v 2.502141 3.990000 9.136508
v 2.500912 3.994782 9.136973
v 2.407859 1.500000 9.150535
v 2.399199 1.510000 9.155535
v 2.402859 1.510000 9.141874
v 2.403535 1.501336 9.153031
v 2.405363 1.501336 9.146211
v 2.401327 1.502634 9.148785
v 2.397859 1.510000 9.150542
v 2.400356 1.505007 9.154867
v 2.399089 1.505218 9.150077
v 2.403527 1.505007 9.143031
v 2.399203 1.510000 9.145528
v 2.400035 1.505218 9.146546
v 2.407859 4.000000 9.150535
v 2.402859 3.990000 9.141874
v 2.399199 3.990000 9.155535
v 2.405363 3.998664 9.146211
v 2.403535 3.998664 9.153031
v 2.401327 3.997366 9.148785
v 2.399203 3.990000 9.145528
v 2.403527 3.994993 9.143031
v 2.400035 3.994782 9.146546
v 2.400356 3.994993 9.154867
v 2.397859 3.990000 9.150542
v 2.399089 3.994782 9.150077
v 2.422859 1.500000 9.176516
v 2.427859 1.510000 9.185176
v 2.414199 1.510000 9.181516
v 2.425356 1.501336 9.180840
v 2.418535 1.501336 9.179012
v 2.421109 1.502634 9.183048
v 2.422867 1.510000 9.186516
v 2.427191 1.505007 9.184019
v 2.422401 1.505218 9.185286
v 2.415356 1.505007 9.180847
v 2.417853 1.510000 9.185172
v 2.418871 1.505218 9.184340
v 2.422859 4.000000 9.176516
v 2.414199 3.990000 9.181516
v 2.427859 3.990000 9.185176
v 2.418535 3.998664 9.179012
v 2.425356 3.998664 9.180840
v 2.421109 3.997366 9.183048
v 2.417853 3.990000 9.185172
v 2.415356 3.994993 9.180847
v 2.418871 3.994782 9.184340
v 2.427191 3.994993 9.184019
v 2.422867 3.990000 9.186516
v 2.422401 3.994782 9.185286
v 4.578772 1.500000 7.876384
v 4.570112 1.510000 7.871384
v 4.583772 1.510000 7.867724
v 4.574448 1.501336 7.873888
v 4.581269 1.501336 7.872060
v 4.577022 1.502634 7.869852
v 4.573766 1.510000 7.867728
v 4.571269 1.505007 7.872052
v 4.574784 1.505218 7.868560
v 4.583104 1.505007 7.868881
v 4.578780 1.510000 7.866384
v 4.578314 1.505218 7.867614
v 4.570112 3.990000 7.871384
v 4.578772 4.000000 7.876384
v 4.583772 3.990000 7.867724
v 4.571269 3.994993 7.872052
v 4.573766 3.990000 7.867728
v 4.574784 3.994782 7.868560
v 4.581269 3.998664 7.872060
v 4.574448 3.998664 7.873888
v 4.577022 3.997366 7.869852
v 4.578780 3.990000 7.866384
v 4.583104 3.994993 7.868881
v 4.578314 3.994782 7.867614
v 4.604753 1.500000 7.891384
v 4.609753 1.510000 7.882724
v 4.613413 1.510000 7.896384
v 4.607250 1.501336 7.887060
v 4.609077 1.501336 7.893881
v 4.611285 1.502634 7.889634
v 4.613410 1.510000 7.886378
v 4.609085 1.505007 7.883881
v 4.612577 1.505218 7.887396
v 4.612256 1.505007 7.895716
v 4.614753 1.510000 7.891392
v 4.613523 1.505218 7.890926
v 4.604753 4.000000 7.891384
v 4.613413 3.990000 7.896384
v 4.609753 3.990000 7.882724
v 4.609077 3.998664 7.893881
v 4.607250 3.998664 7.887060
v 4.611285 3.997366 7.889634
v 4.614753 3.990000 7.891392
v 4.612256 3.994993 7.895716
v 4.613523 3.994782 7.890926
v 4.609085 3.994993 7.883881
v 4.613410 3.990000 7.886378
v 4.612577 3.994782 7.887396
v 4.538772 1.500000 7.945666
v 4.533772 1.510000 7.954327
v 4.530112 1.510000 7.940666
v 4.536275 1.501336 7.949991
v 4.534448 1.501336 7.943170
v 4.532240 1.502634 7.947417
v 4.530116 1.510000 7.950673
v 4.534440 1.505007 7.953169
v 4.530948 1.505218 7.949655
v 4.531269 1.505007 7.941334
v 4.528772 1.510000 7.945659
v 4.530002 1.505218 7.946125
v 4.538772 4.000000 7.945666
v 4.530112 3.990000 7.940666
v 4.533772 3.990000 7.954327
v 4.534448 3.998664 7.943170
v 4.536275 3.998664 7.949991
v 4.532240 3.997366 7.947417
v 4.528772 3.990000 7.945659
v 4.531269 3.994993 7.941334
v 4.530002 3.994782 7.946125
v 4.534440 3.994993 7.953169
v 4.530116 3.990000 7.950673
v 4.530948 3.994782 7.949655
v 4.564753 1.500000 7.960666
v 4.573413 1.510000 7.965666
v 4.559753 1.510000 7.969326
v 4.569077 1.501336 7.963163
v 4.562256 1.501336 7.964991
v 4.566504 1.502634 7.967199
v 4.569759 1.510000 7.969323
v 4.572256 1.505007 7.964998
v 4.568741 1.505218 7.968491
v 4.560421 1.505007 7.968170
v 4.564745 1.510000 7.970666
v 4.565211 1.505218 7.969437
v 4.564753 4.000000 7.960666
v 4.559753 3.990000 7.969326
v 4.573413 3.990000 7.965666
v 4.562256 3.998664 7.964991
v 4.569077 3.998664 7.963163
v 4.566504 3.997366 7.967199
v 4.564745 3.990000 7.970666
v 4.560421 3.994993 7.968170
v 4.565211 3.994782 7.969437
v 4.572256 3.994993 7.964998
v 4.569759 3.990000 7.969323
v 4.568741 3.994782 7.968491
v 5.781763 1.500000 5.756763
v 5.771763 1.510000 5.756763
v 5.781763 1.510000 5.746763
v 5.776769 1.501336 5.756763
v 5.781763 1.501336 5.751770
v 5.776980 1.502634 5.751981
v 5.773099 1.510000 5.751770
v 5.773099 1.505007 5.756763
v 5.774396 1.505218 5.751981
v 5.781763 1.505007 5.748099
v 5.776769 1.510000 5.748099
v 5.776980 1.505218 5.749397
v 5.771763 3.990000 5.756763
v 5.781763 4.000000 5.756763
v 5.781763 3.990000 5.746763
v 5.773099 3.994993 5.756763
v 5.773099 3.990000 5.751770
v 5.774396 3.994782 5.751981
v 5.781763 3.998664 5.751770
v 5.776769 3.998664 5.756763
v 5.776980 3.997366 5.751981
v 5.776769 3.990000 5.748099
v 5.781763 3.994993 5.748099
v 5.776980 3.994782 5.749397
v 5.811763 1.500000 5.756763
v 5.811763 1.510000 5.746763
v 5.821763 1.510000 5.756763
v 5.811763 1.501336 5.751770
v 5.816756 1.501336 5.756763
v 5.816545 1.502634 5.751981
v 5.816756 1.510000 5.748099
v 5.811763 1.505007 5.748099
v 5.816545 1.505218 5.749397
v 5.820427 1.505007 5.756763
v 5.820427 1.510000 5.751770
v 5.819129 1.505218 5.751981
v 5.811763 4.000000 5.756763
v 5.821763 3.990000 5.756763
v 5.811763 3.990000 5.746763
v 5.816756 3.998664 5.756763
v 5.811763 3.998664 5.751770
v 5.816545 3.997366 5.751981
v 5.820427 3.990000 5.751770
v 5.820427 3.994993 5.756763
v 5.819129 3.994782 5.751981
v 5.811763 3.994993 5.748099
v 5.816756 3.990000 5.748099
v 5.816545 3.994782 5.749397
v 5.781763 1.500000 5.836763
v 5.781763 1.510000 5.846763
v 5.771763 1.510000 5.836763
v 5.781763 1.501336 5.841756
v 5.776769 1.501336 5.836763
v 5.776980 1.502634 5.841545
v 5.776769 1.510000 5.845427
v 5.781763 1.505007 5.845427
v 5.776980 1.505218 5.844129
v 5.773099 1.505007 5.836763
v 5.773099 1.510000 5.841756
v 5.774396 1.505218 5.841545
v 5.781763 4.000000 5.836763
v 5.771763 3.990000 5.836763
v 5.781763 3.990000 5.846763
v 5.776769 3.998664 5.836763
v 5.781763 3.998664 5.841756
v 5.776980 3.997366 5.841545
v 5.773099 3.990000 5.841756
v 5.773099 3.994993 5.836763
v 5.774396 3.994782 5.841545
v 5.781763 3.994993 5.845427
v 5.776769 3.990000 5.845427
v 5.776980 3.994782 5.844129
v 5.811763 1.500000 5.836763
v 5.821763 1.510000 5.836763
v 5.811763 1.510000 5.846763
v 5.816756 1.501336 5.836763
v 5.811763 1.501336 5.841756
v 5.816545 1.502634 5.841545
v 5.820427 1.510000 5.841756
v 5.820427 1.505007 5.836763
v 5.819129 1.505218 5.841545
v 5.811763 1.505007 5.845427
v 5.816756 1.510000 5.845427
v 5.816545 1.505218 5.844129
v 5.811763 4.000000 5.836763
v 5.811763 3.990000 5.846763
v 5.821763 3.990000 5.836763
v 5.811763 3.998664 5.841756
v 5.816756 3.998664 5.836763
v 5.816545 3.997366 5.841545
v 5.816756 3.990000 5.845427
v 5.811763 3.994993 5.845427
v 5.816545 3.994782 5.844129
v 5.820427 3.994993 5.836763
v 5.820427 3.990000 5.841756
v 5.819129 3.994782 5.841545
v 5.763772 1.500000 3.319622
v 5.755112 1.510000 3.324622
v 5.758772 1.510000 3.310962
v 5.759448 1.501336 3.322119
v 5.761275 1.501336 3.315297
v 5.757240 1.502634 3.317872
v 5.753772 1.510000 3.319629
v 5.756269 1.505007 3.323954
v 5.755002 1.505218 3.319164
v 5.759440 1.505007 3.312119
v 5.755116 1.510000 3.314615
v 5.755948 1.505218 3.315634
v 5.755112 3.990000 3.324622
v 5.763772 4.000000 3.319622
v 5.758772 3.990000 3.310962
v 5.756269 3.994993 3.323954
v 5.753772 3.990000 3.319629
v 5.755002 3.994782 3.319164
v 5.761275 3.998664 3.315297
v 5.759448 3.998664 3.322119
v 5.757240 3.997366 3.317872
v 5.755116 3.990000 3.314615
v 5.759440 3.994993 3.312119
v 5.755948 3.994782 3.315634
v 5.789753 1.500000 3.304622
v 5.784753 1.510000 3.295962
v 5.798413 1.510000 3.299622
v 5.787256 1.501336 3.300297
v 5.794078 1.501336 3.302125
v 5.791503 1.502634 3.298090
v 5.789745 1.510000 3.294622
v 5.785421 1.505007 3.297119
v 5.790212 1.505218 3.295851
v 5.797256 1.505007 3.300290
v 5.794760 1.510000 3.295965
v 5.793741 1.505218 3.296797
v 5.789753 4.000000 3.304622
v 5.798413 3.990000 3.299622
v 5.784753 3.990000 3.295962
v 5.794078 3.998664 3.302125
v 5.787256 3.998664 3.300297
v 5.791503 3.997366 3.298090
v 5.794760 3.990000 3.295965
v 5.797256 3.994993 3.300290
v 5.793741 3.994782 3.296797
v 5.785421 3.994993 3.297119
v 5.789745 3.990000 3.294622
v 5.790212 3.994782 3.295851
v 5.803772 1.500000 3.388904
v 5.808772 1.510000 3.397564
v 5.795112 1.510000 3.393904
v 5.806269 1.501336 3.393228
v 5.799448 1.501336 3.391401
v 5.802022 1.502634 3.395436
v 5.803780 1.510000 3.398904
v 5.808105 1.505007 3.396407
v 5.803314 1.505218 3.397674
v 5.796269 1.505007 3.393236
v 5.798766 1.510000 3.397560
v 5.799784 1.505218 3.396729
v 5.803772 4.000000 3.388904
v 5.795112 3.990000 3.393904
v 5.808772 3.990000 3.397564
v 5.799448 3.998664 3.391401
v 5.806269 3.998664 3.393228
v 5.802022 3.997366 3.395436
v 5.798766 3.990000 3.397560
v 5.796269 3.994993 3.393236
v 5.799784 3.994782 3.396729
v 5.808105 3.994993 3.396407
v 5.803780 3.990000 3.398904
v 5.803314 3.994782 3.397674
v 5.829753 1.500000 3.373904
v 5.838413 1.510000 3.368904
v 5.834753 1.510000 3.382564
v 5.834078 1.501336 3.371407
v 5.832250 1.501336 3.378228
v 5.836286 1.502634 3.375654
v 5.839753 1.510000 3.373896
v 5.837256 1.505007 3.369572
v 5.838524 1.505218 3.374362
v 5.834085 1.505007 3.381407
v 5.838409 1.510000 3.378911
v 5.837578 1.505218 3.377892
v 5.829753 4.000000 3.373904
v 5.834753 3.990000 3.382564
v 5.838413 3.990000 3.368904
v 5.832250 3.998664 3.378228
v 5.834078 3.998664 3.371407
v 5.836286 3.997366 3.375654
v 5.838409 3.990000 3.378911
v 5.834085 3.994993 3.381407
v 5.837578 3.994782 3.377892
v 5.837256 3.994993 3.369572
v 5.839753 3.990000 3.373896
v 5.838524 3.994782 3.374362
v 4.529622 1.500000 1.217991
v 4.524622 1.510000 1.226651
v 4.520962 1.510000 1.212991
v 4.527125 1.501336 1.222315
v 4.525297 1.501336 1.215494
v 4.523089 1.502634 1.219741
v 4.520966 1.510000 1.222998
v 4.525290 1.505007 1.225494
v 4.521797 1.505218 1.221979
v 4.522119 1.505007 1.213659
v 4.519622 1.510000 1.217983
v 4.520851 1.505218 1.218449
v 4.524622 3.990000 1.226651
v 4.529622 4.000000 1.217991
v 4.520962 3.990000 1.212991
v 4.525290 3.994993 1.225494
v 4.520966 3.990000 1.222998
v 4.521797 3.994782 1.221979
v 4.525297 3.998664 1.215494
v 4.527125 3.998664 1.222315
v 4.523089 3.997366 1.219741
v 4.519622 3.990000 1.217983
v 4.522119 3.994993 1.213659
v 4.520851 3.994782 1.218449
v 4.544621 1.500000 1.192010
v 4.535962 1.510000 1.187010
v 4.549622 1.510000 1.183350
v 4.540298 1.501336 1.189514
v 4.547118 1.501336 1.187686
v 4.542871 1.502634 1.185478
v 4.539615 1.510000 1.183354
v 4.537118 1.505007 1.187678
v 4.540633 1.505218 1.184186
v 4.548954 1.505007 1.184507
v 4.544629 1.510000 1.182010
v 4.544164 1.505218 1.183240
v 4.544621 4.000000 1.192010
v 4.549622 3.990000 1.183350
v 4.535962 3.990000 1.187010
v 4.547118 3.998664 1.187686
v 4.540298 3.998664 1.189514
v 4.542871 3.997366 1.185478
v 4.544629 3.990000 1.182010
v 4.548954 3.994993 1.184507
v 4.544164 3.994782 1.183240
v 4.537118 3.994993 1.187678
v 4.539615 3.990000 1.183354
v 4.540633 3.994782 1.184186
v 4.598904 1.500000 1.257991
v 4.607564 1.510000 1.262991
v 4.593904 1.510000 1.266651
v 4.603229 1.501336 1.260488
v 4.596407 1.501336 1.262315
v 4.600654 1.502634 1.264524
v 4.603910 1.510000 1.266647
v 4.606407 1.505007 1.262323
v 4.602892 1.505218 1.265816
v 4.594572 1.505007 1.265494
v 4.598896 1.510000 1.267991
v 4.599362 1.505218 1.266762
v 4.598904 4.000000 1.257991
v 4.593904 3.990000 1.266651
v 4.607564 3.990000 1.262991
v 4.596407 3.998664 1.262315
v 4.603229 3.998664 1.260488
v 4.600654 3.997366 1.264524
v 4.598896 3.990000 1.267991
v 4.594572 3.994993 1.265494
v 4.599362 3.994782 1.266762
v 4.606407 3.994993 1.262323
v 4.603910 3.990000 1.266647
v 4.602892 3.994782 1.265816
v 4.613904 1.500000 1.232010
v 4.618904 1.510000 1.223350
v 4.622564 1.510000 1.237010
v 4.616401 1.501336 1.227686
v 4.618228 1.501336 1.234507
v 4.620437 1.502634 1.230260
v 4.622561 1.510000 1.227004
v 4.618236 1.505007 1.224507
v 4.621728 1.505218 1.228022
v 4.621407 1.505007 1.236342
v 4.623904 1.510000 1.232018
v 4.622674 1.505218 1.231552
v 4.613904 4.000000 1.232010
v 4.622564 3.990000 1.237010
v 4.618904 3.990000 1.223350
v 4.618228 3.998664 1.234507
v 4.616401 3.998664 1.227686
v 4.620437 3.997366 1.230260
v 4.623904 3.990000 1.232018
v 4.621407 3.994993 1.236342
v 4.622674 3.994782 1.231552
v 4.618236 3.994993 1.224507
v 4.622561 3.990000 1.227004
v 4.621728 3.994782 1.228022
vn -0.1731 -0.9696 0.1731
vn -0.1216 -0.8623 0.4915
vn -0.4473 -0.7744 0.4473
vn -0.4915 -0.8623 0.1216
vn -0.1216 -0.4915 0.8623
vn -0.4474 -0.4473 0.7744
vn -0.1731 -0.1731 0.9696
vn -0.4915 -0.1216 0.8623
vn -0.8623 -0.1216 0.4915
vn -0.7744 -0.4474 0.4474
vn -0.9696 -0.1731 0.1731
vn -0.8623 -0.4915 0.1216
vn -0.1731 0.1731 0.9696
vn -0.1216 0.4915 0.8623
vn -0.4474 0.4473 0.7744
vn -0.4915 0.1216 0.8623
vn -0.1216 0.8623 0.4915
vn -0.4473 0.7744 0.4473
vn -0.1731 0.9696 0.1731
vn -0.4915 0.8623 0.1216
vn -0.8623 0.4915 0.1216
vn -0.7744 0.4474 0.4474
vn -0.9696 0.1731 0.1731
vn -0.8623 0.1216 0.4915
vn -0.1731 -0.9696 -0.1731
vn -0.4915 -0.8623 -0.1216
vn -0.4473 -0.7744 -0.4473
vn -0.1216 -0.8623 -0.4915
vn -0.8623 -0.4915 -0.1216
vn -0.7744 -0.4474 -0.4474
vn -0.9696 -0.1731 -0.1731
vn -0.8623 -0.1216 -0.4915
vn -0.4915 -0.1216 -0.8623
vn -0.4474 -0.4473 -0.7744
vn -0.1731 -0.1731 -0.9696
vn -0.1216 -0.4915 -0.8623
vn -0.1731 0.9696 -0.1731
vn -0.1216 0.8623 -0.4915
vn -0.4473 0.7744 -0.4473
vn -0.4915 0.8623 -0.1216
vn -0.1216 0.4915 -0.8623
vn -0.4474 0.4473 -0.7744
vn -0.1731 0.1731 -0.9696
vn -0.4915 0.1216 -0.8623
vn -0.8623 0.1216 -0.4915
vn -0.7744 0.4474 -0.4474
vn -0.9696 0.1731 -0.1731
vn -0.8623 0.4915 -0.1216
vn 0.1731 -0.9696 0.1731
vn 0.4915 -0.8623 0.1216
vn 0.4473 -0.7744 0.4473
vn 0.1216 -0.8623 0.4915
vn 0.8623 -0.4915 0.1216
vn 0.7744 -0.4474 0.4474
vn 0.9696 -0.1731 0.1731
vn 0.8623 -0.1216 0.4915
vn 0.4915 -0.1216 0.8623
vn 0.4474 -0.4473 0.7744
vn 0.1731 -0.1731 0.9696
vn 0.1216 -0.4915 0.8623
vn 0.1731 0.9696 0.1731
vn 0.1216 0.8623 0.4915
vn 0.4473 0.7744 0.4473
vn 0.4915 0.8623 0.1216
vn 0.1216 0.4915 0.8623
vn 0.4474 0.4473 0.7744
vn 0.1731 0.1731 0.9696
vn 0.4915 0.1216 0.8623
vn 0.8623 0.1216 0.4915
vn 0.7744 0.4474 0.4474
vn 0.9696 0.1731 0.1731
vn 0.8623 0.4915 0.1216
vn 0.1731 -0.9696 -0.1731
vn 0.1216 -0.8623 -0.4915
vn 0.4473 -0.7744 -0.4473
vn 0.4915 -0.8623 -0.1216
vn 0.1216 -0.4915 -0.8623
vn 0.4474 -0.4473 -0.7744
vn 0.1731 -0.1731 -0.9696
vn 0.4915 -0.1216 -0.8623
vn 0.8623 -0.1216 -0.4915
vn 0.7744 -0.4474 -0.4474
vn 0.9696 -0.1731 -0.1731
vn 0.8623 -0.4915 -0.1216
vn 0.1731 0.9696 -0.1731
vn 0.4915 0.8623 -0.1216
vn 0.4473 0.7744 -0.4473
vn 0.1216 0.8623 -0.4915
vn 0.8623 0.4915 -0.1216
vn 0.7744 0.4474 -0.4474
vn 0.9696 0.1731 -0.1731
vn 0.8623 0.1216 -0.4915
vn 0.4915 0.1216 -0.8623
vn 0.4474 0.4473 -0.7744
vn 0.1731 0.1731 -0.9696
vn 0.1216 0.4915 -0.8623
vn -0.0000 -1.0000 -0.0000
vn -1.0000 -0.0000 -0.0000
vn -0.0000 -0.0000 1.0000
vn -0.0000 1.0000 -0.0000
vn -0.0000 -0.0000 -1.0000
vn 1.0000 -0.0000 -0.0000
vn -0.0634 -0.9696 0.2364
vn 0.1405 -0.8623 0.4865
vn -0.1637 -0.7744 0.6111
vn -0.3649 -0.8623 0.3511
vn 0.3259 -0.4916 0.8076
vn -0.0002 -0.4474 0.8944
vn 0.3349 -0.1731 0.9262
vn 0.0055 -0.1216 0.9926
vn -0.5010 -0.1216 0.8569
vn -0.4470 -0.4473 0.7746
vn -0.7531 -0.1731 0.6347
vn -0.6860 -0.4915 0.5365
vn 0.3349 0.1731 0.9262
vn 0.3259 0.4916 0.8076
vn -0.0002 0.4474 0.8944
vn 0.0055 0.1216 0.9926
vn 0.1405 0.8623 0.4865
vn -0.1637 0.7744 0.6111
vn -0.0634 0.9696 0.2364
vn -0.3649 0.8623 0.3511
vn -0.6860 0.4915 0.5365
vn -0.4470 0.4473 0.7746
vn -0.7531 0.1731 0.6347
vn -0.5010 0.1216 0.8569
vn -0.2364 -0.9696 -0.0634
vn -0.4865 -0.8623 0.1405
vn -0.6111 -0.7744 -0.1637
vn -0.3511 -0.8623 -0.3649
vn -0.8076 -0.4915 0.3259
vn -0.8944 -0.4474 -0.0002
vn -0.9262 -0.1731 0.3349
vn -0.9926 -0.1216 0.0055
vn -0.8569 -0.1216 -0.5010
vn -0.7746 -0.4474 -0.4470
vn -0.6347 -0.1731 -0.7531
vn -0.5365 -0.4916 -0.6860
vn -0.2364 0.9696 -0.0634
vn -0.3511 0.8623 -0.3649
vn -0.6111 0.7744 -0.1637
vn -0.4865 0.8623 0.1405
vn -0.5365 0.4916 -0.6860
vn -0.7746 0.4473 -0.4470
vn -0.6347 0.1731 -0.7531
vn -0.8569 0.1216 -0.5010
vn -0.9926 0.1216 0.0055
vn -0.8944 0.4474 -0.0002
vn -0.9262 0.1731 0.3349
vn -0.8076 0.4915 0.3259
vn 0.2364 -0.9696 0.0634
vn 0.4865 -0.8623 -0.1405
vn 0.6111 -0.7744 0.1638
vn 0.3511 -0.8623 0.3649
vn 0.8076 -0.4915 -0.3259
vn 0.8944 -0.4474 0.0002
vn 0.9262 -0.1731 -0.3349
vn 0.9926 -0.1216 -0.0055
vn 0.8569 -0.1216 0.5010
vn 0.7746 -0.4474 0.4470
vn 0.6347 -0.1731 0.7531
vn 0.5365 -0.4916 0.6860
vn 0.2364 0.9696 0.0634
vn 0.3511 0.8623 0.3649
vn 0.6111 0.7744 0.1637
vn 0.4865 0.8623 -0.1405
vn 0.5365 0.4916 0.6860
vn 0.7746 0.4474 0.4470
vn 0.6347 0.1731 0.7531
vn 0.8569 0.1216 0.5010
vn 0.9926 0.1216 -0.0055
vn 0.8944 0.4474 0.0002
vn 0.9262 0.1731 -0.3349
vn 0.8076 0.4915 -0.3259
vn 0.0634 -0.9696 -0.2364
vn -0.1405 -0.8623 -0.4865
vn 0.1637 -0.7744 -0.6111
vn 0.3649 -0.8623 -0.3511
vn -0.3259 -0.4915 -0.8076
vn 0.0002 -0.4473 -0.8944
vn -0.3349 -0.1731 -0.9262
vn -0.0055 -0.1216 -0.9926
vn 0.5010 -0.1216 -0.8569
vn 0.4470 -0.4473 -0.7746
vn 0.7531 -0.1731 -0.6347
vn 0.6860 -0.4915 -0.5365
vn 0.0634 0.9696 -0.2364
vn 0.3649 0.8623 -0.3511
vn 0.1637 0.7744 -0.6111
vn -0.1405 0.8623 -0.4865
vn 0.6860 0.4915 -0.5365
vn 0.4470 0.4473 -0.7746
vn 0.7531 0.1731 -0.6347
vn 0.5010 0.1216 -0.8569
vn -0.0055 0.1216 -0.9926
vn 0.0002 0.4473 -0.8944
vn -0.3349 0.1731 -0.9262
vn -0.3259 0.4915 -0.8076
vn -0.8660 -0.0000 0.5000
vn 0.5000 -0.0000 0.8660
vn -0.5000 -0.0000 -0.8660
vn 0.8660 -0.0000 -0.5000
vn 0.0633 -0.9696 0.2364
vn 0.3649 -0.8623 0.3511
vn 0.1638 -0.7744 0.6111
vn -0.1405 -0.8623 0.4865
vn 0.6860 -0.4916 0.5364
vn 0.4470 -0.4473 0.7746
vn 0.7531 -0.1731 0.6347
vn 0.5010 -0.1216 0.8569
vn -0.0055 -0.1216 0.9926
vn 0.0002 -0.4473 0.8944
vn -0.3349 -0.1731 0.9262
vn -0.3259 -0.4916 0.8076
vn 0.7531 0.1731 0.6347
vn 0.6860 0.4915 0.5364
vn 0.4470 0.4473 0.7746
vn 0.5010 0.1216 0.8569
vn 0.3649 0.8623 0.3511
vn 0.1638 0.7744 0.6111
vn 0.0633 0.9696 0.2364
vn -0.1405 0.8623 0.4865
vn -0.3259 0.4916 0.8076
vn 0.0002 0.4473 0.8944
vn -0.3349 0.1731 0.9262
vn -0.0055 0.1216 0.9926
vn -0.2364 -0.9696 0.0633
vn -0.3511 -0.8623 0.3649
vn -0.6111 -0.7744 0.1638
vn -0.4865 -0.8623 -0.1405
vn -0.5364 -0.4916 0.6860
vn -0.7746 -0.4474 0.4470
vn -0.6347 -0.1731 0.7531
vn -0.8569 -0.1216 0.5010
vn -0.9926 -0.1216 -0.0055
vn -0.8944 -0.4474 0.0002
vn -0.9262 -0.1731 -0.3349
vn -0.8076 -0.4916 -0.3259
vn -0.2364 0.9696 0.0633
vn -0.4865 0.8623 -0.1405
vn -0.6111 0.7745 0.1638
vn -0.3511 0.8623 0.3649
vn -0.8076 0.4916 -0.3259
vn -0.8944 0.4474 0.0002
vn -0.9262 0.1731 -0.3349
vn -0.9926 0.1216 -0.0055
vn -0.8569 0.1216 0.5010
vn -0.7746 0.4474 0.4470
vn -0.6347 0.1731 0.7531
vn -0.5365 0.4916 0.6860
vn 0.2364 -0.9696 -0.0633
vn 0.3511 -0.8623 -0.3649
vn 0.6111 -0.7745 -0.1638
vn 0.4865 -0.8623 0.1405
vn 0.5364 -0.4916 -0.6860
vn 0.7746 -0.4474 -0.4470
vn 0.6347 -0.1731 -0.7531
vn 0.8569 -0.1216 -0.5010
vn 0.9926 -0.1216 0.0055
vn 0.8944 -0.4474 -0.0002
vn 0.9262 -0.1731 0.3349
vn 0.8076 -0.4916 0.3259
vn 0.2364 0.9696 -0.0633
vn 0.4865 0.8623 0.1405
vn 0.6111 0.7745 -0.1638
vn 0.3511 0.8623 -0.3649
vn 0.8076 0.4916 0.3259
vn 0.8944 0.4474 -0.0002
vn 0.9262 0.1731 0.3349
vn 0.9926 0.1216 0.0055
vn 0.8569 0.1216 -0.5010
vn 0.7746 0.4474 -0.4470
vn 0.6347 0.1731 -0.7531
vn 0.5364 0.4916 -0.6860
vn -0.0633 -0.9696 -0.2364
vn -0.3649 -0.8623 -0.3511
vn -0.1638 -0.7744 -0.6111
vn 0.1405 -0.8623 -0.4865
vn -0.6860 -0.4916 -0.5364
vn -0.4470 -0.4473 -0.7746
vn -0.7532 -0.1731 -0.6347
vn -0.5010 -0.1216 -0.8569
vn 0.0055 -0.1216 -0.9926
vn -0.0002 -0.4473 -0.8944
vn 0.3349 -0.1731 -0.9262
vn 0.3259 -0.4916 -0.8076
vn -0.0633 0.9696 -0.2364
vn 0.1405 0.8623 -0.4865
vn -0.1638 0.7744 -0.6111
vn -0.3649 0.8623 -0.3511
vn 0.3259 0.4916 -0.8076
vn -0.0002 0.4473 -0.8944
vn 0.3349 0.1731 -0.9262
vn 0.0055 0.1216 -0.9926
vn -0.5010 0.1216 -0.8568
vn -0.4470 0.4473 -0.7746
vn -0.7532 0.1731 -0.6347
vn -0.6860 0.4915 -0.5364
vn -0.5000 -0.0000 0.8660
vn 0.8660 -0.0000 0.5000
vn -0.8660 -0.0000 -0.5000
vn 0.5000 -0.0000 -0.8660
vn 0.4473 -0.7745 0.4473
vn 0.8623 -0.4916 0.1216
vn 0.8623 -0.1216 0.4916
vn 0.4473 -0.4473 0.7745
vn 0.8623 0.4916 0.1216
vn 0.8623 0.1216 0.4916
vn 0.4473 0.7745 0.4473
vn 0.4473 0.4473 0.7745
vn -0.4473 -0.7745 0.4474
vn -0.4473 -0.4473 0.7745
vn -0.8623 -0.1216 0.4916
vn -0.8623 -0.4916 0.1215
vn -0.4473 0.7745 0.4473
vn -0.8623 0.4916 0.1216
vn -0.8623 0.1216 0.4916
vn -0.4473 0.4473 0.7745
vn 0.4473 -0.7745 -0.4473
vn 0.1216 -0.4916 -0.8623
vn 0.4473 -0.4474 -0.7744
vn 0.8623 -0.1216 -0.4916
vn 0.8623 -0.4916 -0.1216
vn 0.4473 0.7745 -0.4473
vn 0.8623 0.4916 -0.1216
vn 0.8623 0.1216 -0.4916
vn 0.4473 0.4474 -0.7744
vn 0.1216 0.4916 -0.8623
vn -0.4473 -0.7745 -0.4473
vn -0.8623 -0.4916 -0.1216
vn -0.8623 -0.1216 -0.4916
vn -0.4473 -0.4474 -0.7745
vn -0.1216 -0.4916 -0.8623
vn -0.4473 0.7745 -0.4473
vn -0.1216 0.4916 -0.8623
vn -0.4473 0.4473 -0.7745
vn -0.8623 0.1216 -0.4916
vn -0.8623 0.4916 -0.1215
vn 0.8076 -0.4916 -0.3259
vn 0.8944 -0.4473 0.0002
vn 0.9926 -0.1216 -0.0054
vn 0.8076 0.4916 -0.3259
vn 0.8944 0.4473 0.0003
vn 0.9926 0.1216 -0.0054
vn 0.6111 0.7744 0.1638
vn -0.0633 -0.9696 0.2365
vn -0.1638 -0.7744 0.6111
vn 0.3259 -0.4915 0.8076
vn -0.0002 -0.4474 0.8943
vn 0.0054 -0.1216 0.9926
vn -0.4470 -0.4474 0.7746
vn -0.6860 -0.4916 0.5365
vn -0.0633 0.9696 0.2364
vn -0.1638 0.7744 0.6111
vn -0.4470 0.4474 0.7746
vn 0.0054 0.1216 0.9926
vn -0.0002 0.4474 0.8943
vn 0.3259 0.4915 0.8076
vn 0.0633 -0.9696 -0.2364
vn 0.1638 -0.7744 -0.6111
vn -0.3259 -0.4916 -0.8076
vn 0.0002 -0.4474 -0.8943
vn -0.0054 -0.1216 -0.9926
vn 0.4470 -0.4474 -0.7746
vn 0.0633 0.9696 -0.2364
vn 0.4470 0.4474 -0.7746
vn -0.0054 0.1216 -0.9926
vn 0.0002 0.4474 -0.8943
vn -0.3259 0.4916 -0.8076
vn -0.6111 -0.7744 -0.1638
vn -0.8076 -0.4916 0.3259
vn -0.8944 -0.4473 -0.0002
vn -0.7746 -0.4473 -0.4470
vn -0.6111 0.7744 -0.1638
vn -0.8944 0.4473 -0.0002
vn -0.8076 0.4916 0.3259
vn 0.6111 -0.7744 -0.1638
vn 0.6347 -0.1732 -0.7531
vn 0.8943 -0.4474 -0.0002
vn 0.6111 0.7745 -0.1637
vn 0.8943 0.4474 -0.0002
vn 0.0634 -0.9696 0.2364
vn 0.1637 -0.7744 0.6111
vn 0.6860 -0.4916 0.5365
vn 0.4470 -0.4473 0.7747
vn 0.0634 0.9696 0.2364
vn 0.1637 0.7744 0.6111
vn -0.3259 0.4915 0.8076
vn 0.4470 0.4473 0.7747
vn 0.6860 0.4915 0.5365
vn -0.1637 -0.7744 -0.6111
vn -0.6860 -0.4915 -0.5365
vn -0.4470 -0.4473 -0.7747
vn -0.7531 -0.1731 -0.6347
vn -0.5010 -0.1215 -0.8569
vn 0.3349 -0.1732 -0.9262
vn -0.0634 0.9696 -0.2364
vn -0.1637 0.7744 -0.6111
vn -0.0002 0.4474 -0.8944
vn 0.3349 0.1732 -0.9262
vn -0.5010 0.1216 -0.8569
vn -0.7531 0.1731 -0.6347
vn -0.6860 0.4915 -0.5365
vn -0.6111 -0.7744 0.1637
vn -0.5365 -0.4915 0.6860
vn -0.8943 -0.4474 0.0002
vn -0.6111 0.7744 0.1637
vn -0.8076 0.4915 -0.3259
vn -0.8943 0.4474 0.0002
vn -0.5365 0.4915 0.6860
vn 0.1730 -0.1730 -0.9696
vn 0.7744 -0.4473 -0.4474
vn 0.1730 0.1730 -0.9696
vn 0.4474 0.7744 -0.4473
vn 0.7745 0.4473 -0.4474
vn 0.8623 0.1215 -0.4916
vn 0.4474 -0.7744 0.4473
vn 0.7744 -0.4473 0.4474
vn 0.4915 -0.1215 0.8624
vn 0.1730 -0.1730 0.9696
vn 0.1216 0.4915 0.8624
vn 0.1730 0.1730 0.9696
vn 0.4915 0.1215 0.8624
vn 0.7744 0.4474 0.4473
vn -0.4474 -0.7744 -0.4473
vn -0.7745 -0.4473 -0.4474
vn -0.8623 -0.1215 -0.4916
vn -0.4915 -0.1216 -0.8624
vn -0.1730 -0.1730 -0.9696
vn -0.1730 0.1730 -0.9696
vn -0.4915 0.1216 -0.8624
vn -0.7744 0.4473 -0.4474
vn -0.8623 0.4916 -0.1216
vn -0.4473 -0.7745 0.4473
vn -0.1216 -0.4915 0.8624
vn -0.1730 -0.1730 0.9696
vn -0.4915 -0.1215 0.8624
vn -0.7744 -0.4474 0.4473
vn -0.8623 -0.4916 0.1216
vn -0.4474 0.7744 0.4473
vn -0.7744 0.4473 0.4474
vn -0.4915 0.1215 0.8624
vn -0.1730 0.1730 0.9696
vn -0.3258 -0.4916 -0.8076
vn -0.3349 -0.1732 -0.9262
vn -0.0055 -0.1217 -0.9926
vn 0.5010 -0.1216 -0.8568
vn 0.6860 -0.4916 -0.5364
vn -0.3258 0.4916 -0.8076
vn 0.1637 0.7744 -0.6112
vn 0.6860 0.4915 -0.5364
vn 0.4470 0.4473 -0.7747
vn 0.7532 0.1731 -0.6347
vn 0.5010 0.1216 -0.8568
vn 0.6111 -0.7745 0.1637
vn 0.8943 -0.4474 0.0002
vn 0.5364 -0.4916 0.6860
vn 0.6111 0.7745 0.1637
vn 0.5364 0.4916 0.6860
vn 0.8943 0.4474 0.0002
vn -0.6111 -0.7745 -0.1637
vn -0.8943 -0.4474 -0.0002
vn -0.8569 -0.1215 -0.5010
vn -0.5365 -0.4915 -0.6860
vn -0.6111 0.7745 -0.1637
vn -0.5365 0.4915 -0.6860
vn -0.8569 0.1215 -0.5010
vn -0.8943 0.4474 -0.0002
vn -0.0633 -0.9696 0.2364
vn -0.1637 -0.7744 0.6112
vn -0.3649 -0.8623 0.3510
vn 0.3258 -0.4916 0.8075
vn 0.3349 -0.1732 0.9262
vn 0.0055 -0.1217 0.9926
vn -0.5010 -0.1217 0.8568
vn -0.4470 -0.4474 0.7747
vn -0.7532 -0.1731 0.6347
vn -0.6860 -0.4916 0.5364
vn -0.3649 0.8623 0.3510
vn -0.1637 0.7744 0.6112
vn -0.6860 0.4916 0.5364
vn -0.4470 0.4473 0.7747
vn -0.7532 0.1731 0.6347
vn -0.5010 0.1216 0.8568
vn -0.0002 0.4473 0.8944
vn 0.3258 0.4916 0.8076
vn -0.5010 -0.1216 -0.8568
vn 0.3349 -0.1730 -0.9262
vn 0.3259 -0.4915 -0.8076
vn 0.3259 0.4915 -0.8076
vn 0.3349 0.1730 -0.9262
vn 0.2364 -0.9696 -0.0634
vn 0.5365 -0.4915 -0.6860
vn 0.6347 -0.1730 -0.7532
vn 0.8568 -0.1216 -0.5010
vn 0.8076 -0.4915 0.3259
vn 0.2364 0.9696 -0.0634
vn 0.6111 0.7744 -0.1637
vn 0.8076 0.4915 0.3259
vn 0.6347 0.1730 -0.7532
vn 0.5365 0.4915 -0.6860
vn -0.8076 -0.4915 -0.3259
vn -0.6111 0.7744 0.1638
vn -0.5364 0.4916 0.6860
vn -0.1405 -0.8623 0.4864
vn 0.5010 -0.1216 0.8568
vn -0.0055 -0.1215 0.9926
vn 0.0002 -0.4472 0.8944
vn -0.3349 -0.1730 0.9262
vn -0.3259 -0.4915 0.8076
vn -0.1405 0.8623 0.4864
vn 0.0002 0.4472 0.8944
vn -0.3349 0.1730 0.9262
vn -0.0055 0.1215 0.9926
vn 0.6860 0.4916 0.5365
vn -0.4473 -0.7744 -0.4474
vn -0.7744 -0.4473 -0.4474
vn -0.4916 -0.1216 -0.8623
vn -0.4473 0.7744 -0.4474
vn -0.4916 0.1216 -0.8623
vn 0.4473 -0.7744 -0.4474
vn 0.4916 -0.1216 -0.8623
vn 0.4473 0.7744 -0.4474
vn 0.7744 0.4473 -0.4474
vn 0.4916 0.1216 -0.8623
vn -0.1216 -0.8623 0.4916
vn -0.1216 -0.4916 0.8623
vn -0.4474 -0.4474 0.7744
vn -0.4916 -0.1216 0.8623
vn -0.4916 0.8623 0.1216
vn -0.4473 0.7744 0.4474
vn -0.1216 0.8623 0.4916
vn -0.4916 0.1216 0.8623
vn -0.4474 0.4474 0.7744
vn -0.1216 0.4916 0.8623
vn 0.4916 -0.8623 0.1216
vn 0.4473 -0.7744 0.4474
vn 0.1216 -0.8623 0.4916
vn 0.4916 -0.1216 0.8623
vn 0.4474 -0.4474 0.7744
vn 0.1216 -0.4916 0.8623
vn 0.1216 0.8623 0.4916
vn 0.4473 0.7744 0.4474
vn 0.1216 0.4916 0.8623
vn 0.4474 0.4474 0.7744
vn 0.4916 0.1216 0.8623
vn -0.2364 -0.9696 -0.0633
vn -0.6347 -0.1731 -0.7532
vn -0.2364 0.9696 -0.0633
vn -0.7746 0.4474 -0.4470
vn -0.6347 0.1731 -0.7532
vn 0.1637 -0.7745 -0.6111
vn 0.3649 -0.8623 -0.3510
vn 0.5010 -0.1215 -0.8569
vn 0.6860 -0.4916 -0.5365
vn 0.3649 0.8623 -0.3510
vn 0.1637 0.7745 -0.6111
vn 0.6860 0.4916 -0.5365
vn 0.5010 0.1215 -0.8569
vn -0.0002 -0.4473 0.8944
vn -0.5010 -0.1216 0.8568
vn -0.6860 -0.4915 0.5364
vn 0.2364 -0.9696 0.0633
vn 0.6111 -0.7744 0.1637
vn 0.7746 -0.4473 0.4470
vn 0.5365 -0.4915 0.6860
vn 0.2364 0.9696 0.0633
vn 0.5365 0.4915 0.6860
vn 0.7746 0.4473 0.4470
vn -0.3510 -0.8623 0.3649
vn -0.5364 -0.4915 0.6860
vn -0.7747 -0.4473 0.4470
vn -0.8944 -0.4473 0.0002
vn -0.5364 0.4915 0.6860
vn -0.7747 0.4473 0.4470
vn -0.3510 0.8623 0.3649
vn -0.8944 0.4473 0.0002
vn -0.6860 -0.4915 -0.5364
vn -0.4470 -0.4474 -0.7746
vn -0.4470 0.4474 -0.7746
vn 0.6860 -0.4915 0.5364
vn 0.4470 -0.4474 0.7746
vn 0.7532 -0.1731 0.6347
vn 0.0002 -0.4474 0.8944
vn 0.0002 0.4474 0.8944
vn 0.5010 0.1216 0.8568
vn 0.4470 0.4474 0.7746
vn 0.7532 0.1731 0.6347
vn 0.6111 -0.7744 -0.1637
vn 0.7746 -0.4473 -0.4470
vn 0.8944 -0.4473 -0.0002
vn 0.3510 0.8623 -0.3649
vn 0.8944 0.4473 -0.0002
vn 0.7746 0.4473 -0.4470
vt 0.130462 0.004732
vt 0.128467 0.004732
vt 0.128552 0.002822
vt 0.130462 0.002738
vt 0.126468 0.004732
vt 0.126468 0.002822
vt 0.078103 0.995268
vt 0.080097 0.995268
vt 0.080013 0.999262
vt 0.078103 0.999262
vt 0.085573 0.995268
vt 0.085658 0.999262
vt 0.087568 0.995267
vt 0.087568 0.999262
vt 0.130462 0.000738
vt 0.128552 0.000738
vt 0.078103 0.004732
vt 0.078103 0.000738
vt 0.080013 0.000738
vt 0.080097 0.004732
vt 0.126468 0.078103
vt 0.128467 0.078103
vt 0.128552 0.080013
vt 0.126468 0.080013
vt 0.130462 0.078103
vt 0.130462 0.080097
vt 0.130462 0.082097
vt 0.128552 0.082097
vt 0.087568 0.004732
vt 0.085573 0.004732
vt 0.085658 0.000738
vt 0.087568 0.000738
vt 0.142444 0.004732
vt 0.142444 0.002738
vt 0.144354 0.002822
vt 0.144438 0.004732
vt 0.142444 0.000738
vt 0.144354 0.000738
vt 0.099550 0.995268
vt 0.103544 0.995268
vt 0.101460 0.999262
vt 0.099550 0.999262
vt 0.000738 0.995268
vt 0.002738 0.995268
vt 0.002822 0.999262
vt 0.000738 0.999262
vt 0.004732 0.995268
vt 0.004732 0.999262
vt 0.146438 0.004732
vt 0.146438 0.002822
vt 0.142444 0.078103
vt 0.144438 0.078103
vt 0.144354 0.080013
vt 0.142444 0.080097
vt 0.146438 0.078103
vt 0.146438 0.080013
vt 0.004732 0.004732
vt 0.002738 0.004732
vt 0.002822 0.000738
vt 0.004732 0.000738
vt 0.000738 0.004732
vt 0.000738 0.000738
vt 0.099550 0.004732
vt 0.099550 0.000738
vt 0.101460 0.000738
vt 0.103544 0.004732
vt 0.142444 0.082097
vt 0.144354 0.082097
vt 0.130462 0.036685
vt 0.130462 0.038680
vt 0.128552 0.038595
vt 0.128467 0.036685
vt 0.130462 0.040679
vt 0.128552 0.040679
vt 0.120997 0.995268
vt 0.122991 0.995268
vt 0.122907 0.999262
vt 0.120997 0.999262
vt 0.124991 0.995268
vt 0.124991 0.999262
vt 0.046150 0.995268
vt 0.046150 0.999262
vt 0.044240 0.999262
vt 0.042156 0.995268
vt 0.126468 0.036685
vt 0.126468 0.038595
vt 0.130462 0.046150
vt 0.128467 0.046150
vt 0.128552 0.044240
vt 0.130462 0.044156
vt 0.126468 0.046150
vt 0.126468 0.044240
vt 0.046150 0.004732
vt 0.042156 0.004732
vt 0.044240 0.000738
vt 0.046150 0.000738
vt 0.124991 0.004732
vt 0.122991 0.004732
vt 0.122907 0.000738
vt 0.124991 0.000738
vt 0.120997 0.004732
vt 0.120997 0.000738
vt 0.130462 0.042156
vt 0.128552 0.042156
vt 0.142444 0.036685
vt 0.144438 0.036685
vt 0.144354 0.038595
vt 0.142444 0.038680
vt 0.146438 0.036685
vt 0.146438 0.038595
vt 0.036685 0.995268
vt 0.040679 0.995268
vt 0.038595 0.999262
vt 0.036685 0.999262
vt 0.105021 0.995268
vt 0.107020 0.995268
vt 0.107105 0.999262
vt 0.105021 0.999262
vt 0.109015 0.995267
vt 0.109015 0.999262
vt 0.142444 0.040679
vt 0.144354 0.040679
vt 0.142444 0.046150
vt 0.142444 0.044156
vt 0.144354 0.044240
vt 0.144438 0.046150
vt 0.142444 0.042156
vt 0.144354 0.042156
vt 0.109015 0.004732
vt 0.107020 0.004732
vt 0.107105 0.000738
vt 0.109015 0.000738
vt 0.105021 0.004732
vt 0.105021 0.000738
vt 0.036685 0.004732
vt 0.036685 0.000738
vt 0.038595 0.000738
vt 0.040679 0.004732
vt 0.146438 0.046150
vt 0.146438 0.044240
s 1
usemtl painted_weathered_iron
f 1/1/1 4/2/2 6/3/3 5/4/4
f 4/2/2 8/5/5 9/6/6 6/3/3
f 2/7/7 7/8/8 9/9/6 8/10/5
f 7/8/8 11/11/9 12/12/10 9/9/6
f 3/13/11 10/14/12 12/12/10 11/11/9
f 10/15/12 5/4/4 6/3/3 12/16/10
f 6/3/3 9/6/6 12/16/10
f 13/17/13 16/18/14 18/19/15 17/20/16
f 16/21/14 20/22/17 21/23/18 18/24/15
f 14/25/19 19/26/20 21/23/18 20/22/17
f 19/26/20 23/27/21 24/28/22 21/23/18
f 15/29/23 22/30/24 24/31/22 23/32/21
f 22/30/24 17/20/16 18/19/15 24/31/22
f 18/24/15 21/23/18 24/28/22
f 25/33/25 28/34/26 30/35/27 29/36/28
f 28/34/26 32/37/29 33/38/30 30/35/27
f 26/39/31 31/40/32 33/41/30 32/42/29
f 31/43/32 35/44/33 36/45/34 33/46/30
f 27/47/35 34/48/36 36/45/34 35/44/33
f 34/49/36 29/36/28 30/35/27 36/50/34
f 30/35/27 33/38/30 36/50/34
f 37/51/37 40/52/38 42/53/39 41/54/40
f 40/52/38 44/55/41 45/56/42 42/53/39
f 38/57/43 43/58/44 45/59/42 44/60/41
f 43/58/44 47/61/45 48/62/46 45/59/42
f 39/63/47 46/64/48 48/65/46 47/66/45
f 46/67/48 41/54/40 42/53/39 48/68/46
f 42/53/39 45/56/42 48/68/46
f 49/69/49 52/70/50 54/71/51 53/72/52
f 52/70/50 56/73/53 57/74/54 54/71/51
f 50/75/55 55/76/56 57/77/54 56/78/53
f 55/76/56 59/79/57 60/80/58 57/77/54
f 51/81/59 58/82/60 60/83/58 59/84/57
f 58/85/60 53/72/52 54/71/51 60/86/58
f 54/71/51 57/74/54 60/86/58
f 61/87/61 64/88/62 66/89/63 65/90/64
f 64/88/62 68/91/65 69/92/66 66/89/63
f 62/93/67 67/94/68 69/95/66 68/96/65
f 67/97/68 71/98/69 72/99/70 69/100/66
f 63/101/71 70/102/72 72/99/70 71/98/69
f 70/103/72 65/90/64 66/89/63 72/104/70
f 66/89/63 69/92/66 72/104/70
f 73/105/73 76/106/74 78/107/75 77/108/76
f 76/106/74 80/109/77 81/110/78 78/107/75
f 74/111/79 79/112/80 81/113/78 80/114/77
f 79/115/80 83/116/81 84/117/82 81/118/78
f 75/119/83 82/120/84 84/117/82 83/116/81
f 82/121/84 77/108/76 78/107/75 84/122/82
f 78/107/75 81/110/78 84/122/82
f 85/123/85 88/124/86 90/125/87 89/126/88
f 88/124/86 92/127/89 93/128/90 90/125/87
f 86/129/91 91/130/92 93/131/90 92/132/89
f 91/130/92 95/133/93 96/134/94 93/131/90
f 87/135/95 94/136/96 96/137/94 95/138/93
f 94/139/96 89/126/88 90/125/87 96/140/94
f 90/125/87 93/128/90 96/140/94
f 25/33/25 1/1/1 5/4/4 28/34/26
f 28/34/26 5/4/4 10/15/12 32/37/29
f 32/42/29 10/14/12 3/13/11 26/39/31
f 2/7/7 13/17/13 17/20/16 7/8/8
f 7/8/8 17/20/16 22/30/24 11/11/9
f 11/11/9 22/30/24 15/29/23 3/13/11
f 14/25/19 37/51/37 41/54/40 19/26/20
f 19/26/20 41/54/40 46/67/48 23/27/21
f 23/32/21 46/64/48 39/63/47 15/29/23
f 38/57/43 27/47/35 35/44/33 43/58/44
f 43/58/44 35/44/33 31/43/32 47/61/45
f 47/66/45 31/40/32 26/39/31 39/63/47
f 73/105/73 25/33/25 29/36/28 76/106/74
f 76/106/74 29/36/28 34/49/36 80/109/77
f 80/114/77 34/48/36 27/47/35 74/111/79
f 37/51/37 85/123/85 89/126/88 40/52/38
f 40/52/38 89/126/88 94/139/96 44/55/41
f 44/60/41 94/136/96 87/135/95 38/57/43
f 86/129/91 75/119/83 83/116/81 91/130/92
f 91/130/92 83/116/81 79/115/80 95/133/93
f 95/138/93 79/112/80 74/111/79 87/135/95
f 49/69/49 73/105/73 77/108/76 52/70/50
f 52/70/50 77/108/76 82/121/84 56/73/53
f 56/78/53 82/120/84 75/119/83 50/75/55
f 85/123/85 61/87/61 65/90/64 88/124/86
f 88/124/86 65/90/64 70/103/72 92/127/89
f 92/132/89 70/102/72 63/101/71 86/129/91
f 62/93/67 51/81/59 59/84/57 67/94/68
f 67/97/68 59/79/57 55/76/56 71/98/69
f 71/98/69 55/76/56 50/75/55 63/101/71
f 1/1/1 49/69/49 53/72/52 4/2/2
f 4/2/2 53/72/52 58/85/60 8/5/5
f 8/10/5 58/82/60 51/81/59 2/7/7
f 61/87/61 14/25/19 20/22/17 64/88/62
f 64/88/62 20/22/17 16/21/14 68/91/65
f 68/96/65 16/18/14 13/17/13 62/93/67
f 25/33/97 73/105/97 49/69/97 1/1/97
f 3/13/98 15/29/98 39/63/98 26/39/98
f 51/81/99 62/93/99 13/17/99 2/7/99
f 85/123/100 37/51/100 14/25/100 61/87/100
f 27/47/101 38/57/101 87/135/101 74/111/101
f 75/119/102 86/129/102 63/101/102 50/75/102
f 97/1/103 100/2/104 102/3/105 101/4/106
f 100/2/104 104/5/107 105/6/108 102/3/105
f 98/7/109 103/8/110 105/9/108 104/10/107
f 103/8/110 107/11/111 108/12/112 105/9/108
f 99/13/113 106/14/114 108/12/112 107/11/111
f 106/15/114 101/4/106 102/3/105 108/16/112
f 102/3/105 105/6/108 108/16/112
f 109/17/115 112/18/116 114/19/117 113/20/118
f 112/21/116 116/22/119 117/23/120 114/24/117
f 110/25/121 115/26/122 117/23/120 116/22/119
f 115/26/122 119/27/123 120/28/124 117/23/120
f 111/29/125 118/30/126 120/31/124 119/32/123
f 118/30/126 113/20/118 114/19/117 120/31/124
f 114/24/117 117/23/120 120/28/124
f 121/33/127 124/34/128 126/35/129 125/36/130
f 124/34/128 128/37/131 129/38/132 126/35/129
f 122/39/133 127/40/134 129/41/132 128/42/131
f 127/43/134 131/44/135 132/45/136 129/46/132
f 123/47/137 130/48/138 132/45/136 131/44/135
f 130/49/138 125/36/130 126/35/129 132/50/136
f 126/35/129 129/38/132 132/50/136
f 133/51/139 136/52/140 138/53/141 137/54/142
f 136/52/140 140/55/143 141/56/144 138/53/141
f 134/57/145 139/58/146 141/59/144 140/60/143
f 139/58/146 143/61/147 144/62/148 141/59/144
f 135/63/149 142/64/150 144/65/148 143/66/147
f 142/67/150 137/54/142 138/53/141 144/68/148
f 138/53/141 141/56/144 144/68/148
f 145/69/151 148/70/152 150/71/153 149/72/154
f 148/70/152 152/73/155 153/74/156 150/71/153
f 146/75/157 151/76/158 153/77/156 152/78/155
f 151/76/158 155/79/159 156/80/160 153/77/156
f 147/81/161 154/82/162 156/83/160 155/84/159
f 154/85/162 149/72/154 150/71/153 156/86/160
f 150/71/153 153/74/156 156/86/160
f 157/87/163 160/88/164 162/89/165 161/90/166
f 160/88/164 164/91/167 165/92/168 162/89/165
f 158/93/169 163/94/170 165/95/168 164/96/167
f 163/97/170 167/98/171 168/99/172 165/100/168
f 159/101/173 166/102/174 168/99/172 167/98/171
f 166/103/174 161/90/166 162/89/165 168/104/172
f 162/89/165 165/92/168 168/104/172
f 169/105/175 172/106/176 174/107/177 173/108/178
f 172/106/176 176/109/179 177/110/180 174/107/177
f 170/111/181 175/112/182 177/113/180 176/114/179
f 175/115/182 179/116/183 180/117/184 177/118/180
f 171/119/185 178/120/186 180/117/184 179/116/183
f 178/121/186 173/108/178 174/107/177 180/122/184
f 174/107/177 177/110/180 180/122/184
f 181/123/187 184/124/188 186/125/189 185/126/190
f 184/124/188 188/127/191 189/128/192 186/125/189
f 182/129/193 187/130/194 189/131/192 188/132/191
f 187/130/194 191/133/195 192/134/196 189/131/192
f 183/135/197 190/136/198 192/137/196 191/138/195
f 190/139/198 185/126/190 186/125/189 192/140/196
f 186/125/189 189/128/192 192/140/196
f 121/33/127 97/1/103 101/4/106 124/34/128
f 124/34/128 101/4/106 106/15/114 128/37/131
f 128/42/131 106/14/114 99/13/113 122/39/133
f 98/7/109 109/17/115 113/20/118 103/8/110
f 103/8/110 113/20/118 118/30/126 107/11/111
f 107/11/111 118/30/126 111/29/125 99/13/113
f 110/25/121 133/51/139 137/54/142 115/26/122
f 115/26/122 137/54/142 142/67/150 119/27/123
f 119/32/123 142/64/150 135/63/149 111/29/125
f 134/57/145 123/47/137 131/44/135 139/58/146
f 139/58/146 131/44/135 127/43/134 143/61/147
f 143/66/147 127/40/134 122/39/133 135/63/149
f 169/105/175 121/33/127 125/36/130 172/106/176
f 172/106/176 125/36/130 130/49/138 176/109/179
f 176/114/179 130/48/138 123/47/137 170/111/181
f 133/51/139 181/123/187 185/126/190 136/52/140
f 136/52/140 185/126/190 190/139/198 140/55/143
f 140/60/143 190/136/198 183/135/197 134/57/145
f 182/129/193 171/119/185 179/116/183 187/130/194
f 187/130/194 179/116/183 175/115/182 191/133/195
f 191/138/195 175/112/182 170/111/181 183/135/197
f 145/69/151 169/105/175 173/108/178 148/70/152
f 148/70/152 173/108/178 178/121/186 152/73/155
f 152/78/155 178/120/186 171/119/185 146/75/157
f 181/123/187 157/87/163 161/90/166 184/124/188
f 184/124/188 161/90/166 166/103/174 188/127/191
f 188/132/191 166/102/174 159/101/173 182/129/193
f 158/93/169 147/81/161 155/84/159 163/94/170
f 163/97/170 155/79/159 151/76/158 167/98/171
f 167/98/171 151/76/158 146/75/157 159/101/173
f 97/1/103 145/69/151 149/72/154 100/2/104
f 100/2/104 149/72/154 154/85/162 104/5/107
f 104/10/107 154/82/162 147/81/161 98/7/109
f 157/87/163 110/25/121 116/22/119 160/88/164
f 160/88/164 116/22/119 112/21/116 164/91/167
f 164/96/167 112/18/116 109/17/115 158/93/169
f 121/33/97 169/105/97 145/69/97 97/1/97
f 99/13/199 111/29/199 135/63/199 122/39/199
f 147/81/200 158/93/200 109/17/200 98/7/200
f 181/123/100 133/51/100 110/25/100 157/87/100
f 123/47/201 134/57/201 183/135/201 170/111/201
f 171/119/202 182/129/202 159/101/202 146/75/202
f 193/1/203 196/2/204 198/3/205 197/4/206
f 196/2/204 200/5/207 201/6/208 198/3/205
f 194/7/209 199/8/210 201/9/208 200/10/207
f 199/8/210 203/11/211 204/12/212 201/9/208
f 195/13/213 202/14/214 204/12/212 203/11/211
f 202/15/214 197/4/206 198/3/205 204/16/212
f 198/3/205 201/6/208 204/16/212
f 205/17/215 208/18/216 210/19/217 209/20/218
f 208/21/216 212/22/219 213/23/220 210/24/217
f 206/25/221 211/26/222 213/23/220 212/22/219
f 211/26/222 215/27/223 216/28/224 213/23/220
f 207/29/225 214/30/226 216/31/224 215/32/223
f 214/30/226 209/20/218 210/19/217 216/31/224
f 210/24/217 213/23/220 216/28/224
f 217/33/227 220/34/228 222/35/229 221/36/230
f 220/34/228 224/37/231 225/38/232 222/35/229
f 218/39/233 223/40/234 225/41/232 224/42/231
f 223/43/234 227/44/235 228/45/236 225/46/232
f 219/47/237 226/48/238 228/45/236 227/44/235
f 226/49/238 221/36/230 222/35/229 228/50/236
f 222/35/229 225/38/232 228/50/236
f 229/51/239 232/52/240 234/53/241 233/54/242
f 232/52/240 236/55/243 237/56/244 234/53/241
f 230/57/245 235/58/246 237/59/244 236/60/243
f 235/58/246 239/61/247 240/62/248 237/59/244
f 231/63/249 238/64/250 240/65/248 239/66/247
f 238/67/250 233/54/242 234/53/241 240/68/248
f 234/53/241 237/56/244 240/68/248
f 241/69/251 244/70/252 246/71/253 245/72/254
f 244/70/252 248/73/255 249/74/256 246/71/253
f 242/75/257 247/76/258 249/77/256 248/78/255
f 247/76/258 251/79/259 252/80/260 249/77/256
f 243/81/261 250/82/262 252/83/260 251/84/259
f 250/85/262 245/72/254 246/71/253 252/86/260
f 246/71/253 249/74/256 252/86/260
f 253/87/263 256/88/264 258/89/265 257/90/266
f 256/88/264 260/91/267 261/92/268 258/89/265
f 254/93/269 259/94/270 261/95/268 260/96/267
f 259/97/270 263/98/271 264/99/272 261/100/268
f 255/101/273 262/102/274 264/99/272 263/98/271
f 262/103/274 257/90/266 258/89/265 264/104/272
f 258/89/265 261/92/268 264/104/272
f 265/105/275 268/106/276 270/107/277 269/108/278
f 268/106/276 272/109/279 273/110/280 270/107/277
f 266/111/281 271/112/282 273/113/280 272/114/279
f 271/115/282 275/116/283 276/117/284 273/118/280
f 267/119/285 274/120/286 276/117/284 275/116/283
f 274/121/286 269/108/278 270/107/277 276/122/284
f 270/107/277 273/110/280 276/122/284
f 277/123/287 280/124/288 282/125/289 281/126/290
f 280/124/288 284/127/291 285/128/292 282/125/289
f 278/129/293 283/130/294 285/131/292 284/132/291
f 283/130/294 287/133/295 288/134/296 285/131/292
f 279/135/297 286/136/298 288/137/296 287/138/295
f 286/139/298 281/126/290 282/125/289 288/140/296
f 282/125/289 285/128/292 288/140/296
f 217/33/227 193/1/203 197/4/206 220/34/228
f 220/34/228 197/4/206 202/15/214 224/37/231
f 224/42/231 202/14/214 195/13/213 218/39/233
f 194/7/209 205/17/215 209/20/218 199/8/210
f 199/8/210 209/20/218 214/30/226 203/11/211
f 203/11/211 214/30/226 207/29/225 195/13/213
f 206/25/221 229/51/239 233/54/242 211/26/222
f 211/26/222 233/54/242 238/67/250 215/27/223
f 215/32/223 238/64/250 231/63/249 207/29/225
f 230/57/245 219/47/237 227/44/235 235/58/246
f 235/58/246 227/44/235 223/43/234 239/61/247
f 239/66/247 223/40/234 218/39/233 231/63/249
f 265/105/275 217/33/227 221/36/230 268/106/276
f 268/106/276 221/36/230 226/49/238 272/109/279
f 272/114/279 226/48/238 219/47/237 266/111/281
f 229/51/239 277/123/287 281/126/290 232/52/240
f 232/52/240 281/126/290 286/139/298 236/55/243
f 236/60/243 286/136/298 279/135/297 230/57/245
f 278/129/293 267/119/285 275/116/283 283/130/294
f 283/130/294 275/116/283 271/115/282 287/133/295
f 287/138/295 271/112/282 266/111/281 279/135/297
f 241/69/251 265/105/275 269/108/278 244/70/252
f 244/70/252 269/108/278 274/121/286 248/73/255
f 248/78/255 274/120/286 267/119/285 242/75/257
f 277/123/287 253/87/263 257/90/266 280/124/288
f 280/124/288 257/90/266 262/103/274 284/127/291
f 284/132/291 262/102/274 255/101/273 278/129/293
f 254/93/269 243/81/261 251/84/259 259/94/270
f 259/97/270 251/79/259 247/76/258 263/98/271
f 263/98/271 247/76/258 242/75/257 255/101/273
f 193/1/203 241/69/251 245/72/254 196/2/204
f 196/2/204 245/72/254 250/85/262 200/5/207
f 200/10/207 250/82/262 243/81/261 194/7/209
f 253/87/263 206/25/221 212/22/219 256/88/264
f 256/88/264 212/22/219 208/21/216 260/91/267
f 260/96/267 208/18/216 205/17/215 254/93/269
f 217/33/97 265/105/97 241/69/97 193/1/97
f 195/13/299 207/29/299 231/63/299 218/39/299
f 243/81/300 254/93/300 205/17/300 194/7/300
f 277/123/100 229/51/100 206/25/100 253/87/100
f 219/47/301 230/57/301 279/135/301 266/111/301
f 267/119/302 278/129/302 255/101/302 242/75/302
f 289/1/49 292/2/50 294/3/303 293/4/52
f 292/2/50 296/5/304 297/6/54 294/3/303
f 290/7/55 295/8/305 297/9/54 296/10/304
f 295/8/305 299/11/57 300/12/306 297/9/54
f 291/13/59 298/14/60 300/12/306 299/11/57
f 298/15/60 293/4/52 294/3/303 300/16/306
f 294/3/303 297/6/54 300/16/306
f 301/17/71 304/18/307 306/19/70 305/20/308
f 304/21/307 308/22/64 309/23/309 306/24/70
f 302/25/61 307/26/62 309/23/309 308/22/64
f 307/26/62 311/27/65 312/28/310 309/23/309
f 303/29/67 310/30/68 312/31/310 311/32/65
f 310/30/68 305/20/308 306/19/70 312/31/310
f 306/24/70 309/23/309 312/28/310
f 313/33/1 316/34/2 318/35/311 317/36/4
f 316/34/2 320/37/5 321/38/312 318/35/311
f 314/39/7 319/40/8 321/41/312 320/42/5
f 319/43/8 323/44/313 324/45/10 321/46/312
f 315/47/11 322/48/314 324/45/10 323/44/313
f 322/49/314 317/36/4 318/35/311 324/50/10
f 318/35/311 321/38/312 324/50/10
f 325/51/19 328/52/20 330/53/315 329/54/17
f 328/52/20 332/55/316 333/56/22 330/53/315
f 326/57/23 331/58/317 333/59/22 332/60/316
f 331/58/317 335/61/16 336/62/318 333/59/22
f 327/63/13 334/64/14 336/65/318 335/66/16
f 334/67/14 329/54/17 330/53/315 336/68/318
f 330/53/315 333/56/22 336/68/318
f 337/69/73 340/70/74 342/71/319 341/72/76
f 340/70/74 344/73/320 345/74/321 342/71/319
f 338/75/79 343/76/80 345/77/321 344/78/320
f 343/76/80 347/79/322 348/80/82 345/77/321
f 339/81/83 346/82/323 348/83/82 347/84/322
f 346/85/323 341/72/76 342/71/319 348/86/82
f 342/71/319 345/74/321 348/86/82
f 349/87/85 352/88/86 354/89/324 353/90/88
f 352/88/86 356/91/325 357/92/90 354/89/324
f 350/93/91 355/94/326 357/95/90 356/96/325
f 355/97/326 359/98/93 360/99/327 357/100/90
f 351/101/95 358/102/328 360/99/327 359/98/93
f 358/103/328 353/90/88 354/89/324 360/104/327
f 354/89/324 357/92/90 360/104/327
f 361/105/25 364/106/26 366/107/329 365/108/28
f 364/106/26 368/109/330 369/110/30 366/107/329
f 362/111/31 367/112/331 369/113/30 368/114/330
f 367/115/331 371/116/33 372/117/332 369/118/30
f 363/119/35 370/120/333 372/117/332 371/116/33
f 370/121/333 365/108/28 366/107/329 372/122/332
f 366/107/329 369/110/30 372/122/332
f 373/123/37 376/124/38 378/125/334 377/126/40
f 376/124/38 380/127/335 381/128/336 378/125/334
f 374/129/43 379/130/44 381/131/336 380/132/335
f 379/130/44 383/133/337 384/134/46 381/131/336
f 375/135/47 382/136/338 384/137/46 383/138/337
f 382/139/338 377/126/40 378/125/334 384/140/46
f 378/125/334 381/128/336 384/140/46
f 313/33/1 289/1/49 293/4/52 316/34/2
f 316/34/2 293/4/52 298/15/60 320/37/5
f 320/42/5 298/14/60 291/13/59 314/39/7
f 290/7/55 301/17/71 305/20/308 295/8/305
f 295/8/305 305/20/308 310/30/68 299/11/57
f 299/11/57 310/30/68 303/29/67 291/13/59
f 302/25/61 325/51/19 329/54/17 307/26/62
f 307/26/62 329/54/17 334/67/14 311/27/65
f 311/32/65 334/64/14 327/63/13 303/29/67
f 326/57/23 315/47/11 323/44/313 331/58/317
f 331/58/317 323/44/313 319/43/8 335/61/16
f 335/66/16 319/40/8 314/39/7 327/63/13
f 361/105/25 313/33/1 317/36/4 364/106/26
f 364/106/26 317/36/4 322/49/314 368/109/330
f 368/114/330 322/48/314 315/47/11 362/111/31
f 325/51/19 373/123/37 377/126/40 328/52/20
f 328/52/20 377/126/40 382/139/338 332/55/316
f 332/60/316 382/136/338 375/135/47 326/57/23
f 374/129/43 363/119/35 371/116/33 379/130/44
f 379/130/44 371/116/33 367/115/331 383/133/337
f 383/138/337 367/112/331 362/111/31 375/135/47
f 337/69/73 361/105/25 365/108/28 340/70/74
f 340/70/74 365/108/28 370/121/333 344/73/320
f 344/78/320 370/120/333 363/119/35 338/75/79
f 373/123/37 349/87/85 353/90/88 376/124/38
f 376/124/38 353/90/88 358/103/328 380/127/335
f 380/132/335 358/102/328 351/101/95 374/129/43
f 350/93/91 339/81/83 347/84/322 355/94/326
f 355/97/326 347/79/322 343/76/80 359/98/93
f 359/98/93 343/76/80 338/75/79 351/101/95
f 289/1/49 337/69/73 341/72/76 292/2/50
f 292/2/50 341/72/76 346/85/323 296/5/304
f 296/10/304 346/82/323 339/81/83 290/7/55
f 349/87/85 302/25/61 308/22/64 352/88/86
f 352/88/86 308/22/64 304/21/307 356/91/325
f 356/96/325 304/18/307 301/17/71 350/93/91
f 313/33/97 361/105/97 337/69/97 289/1/97
f 291/13/99 303/29/99 327/63/99 314/39/99
f 339/81/102 350/93/102 301/17/102 290/7/102
f 373/123/100 325/51/100 302/25/100 349/87/100
f 315/47/98 326/57/98 375/135/98 362/111/98
f 363/119/101 374/129/101 351/101/101 338/75/101
f 385/1/151 388/2/152 390/3/153 389/4/154
f 388/2/152 392/5/339 393/6/340 390/3/153
f 386/7/157 391/8/341 393/9/340 392/10/339
f 391/8/341 395/11/159 396/12/160 393/9/340
f 387/13/161 394/14/162 396/12/160 395/11/159
f 394/15/162 389/4/154 390/3/153 396/16/160
f 390/3/153 393/6/340 396/16/160
f 397/17/173 400/18/342 402/19/343 401/20/344
f 400/21/342 404/22/166 405/23/345 402/24/343
f 398/25/163 403/26/164 405/23/345 404/22/166
f 403/26/164 407/27/167 408/28/168 405/23/345
f 399/29/169 406/30/170 408/31/168 407/32/167
f 406/30/170 401/20/344 402/19/343 408/31/168
f 402/24/343 405/23/345 408/28/168
f 409/33/346 412/34/104 414/35/347 413/36/106
f 412/34/104 416/37/348 417/38/349 414/35/347
f 410/39/109 415/40/350 417/41/349 416/42/348
f 415/43/350 419/44/111 420/45/351 417/46/349
f 411/47/113 418/48/352 420/45/351 419/44/111
f 418/49/352 413/36/106 414/35/347 420/50/351
f 414/35/347 417/38/349 420/50/351
f 421/51/353 424/52/122 426/53/354 425/54/119
f 424/52/122 428/55/123 429/56/355 426/53/354
f 422/57/125 427/58/126 429/59/355 428/60/123
f 427/58/126 431/61/356 432/62/357 429/59/355
f 423/63/115 430/64/358 432/65/357 431/66/356
f 430/67/358 425/54/119 426/53/354 432/68/357
f 426/53/354 429/56/355 432/68/357
f 433/69/359 436/70/176 438/71/360 437/72/178
f 436/70/176 440/73/361 441/74/362 438/71/360
f 434/75/181 439/76/363 441/77/362 440/78/361
f 439/76/363 443/79/183 444/80/364 441/77/362
f 435/81/185 442/82/186 444/83/364 443/84/183
f 442/85/186 437/72/178 438/71/360 444/86/364
f 438/71/360 441/74/362 444/86/364
f 445/87/365 448/88/188 450/89/189 449/90/190
f 448/88/188 452/91/191 453/92/366 450/89/189
f 446/93/193 451/94/194 453/95/366 452/96/191
f 451/97/194 455/98/367 456/99/368 453/100/366
f 447/101/197 454/102/369 456/99/368 455/98/367
f 454/103/369 449/90/190 450/89/189 456/104/368
f 450/89/189 453/92/366 456/104/368
f 457/105/127 460/106/128 462/107/370 461/108/130
f 460/106/128 464/109/371 465/110/372 462/107/370
f 458/111/133 463/112/134 465/113/372 464/114/371
f 463/115/134 467/116/135 468/117/373 465/118/372
f 459/119/137 466/120/138 468/117/373 467/116/135
f 466/121/138 461/108/130 462/107/370 468/122/373
f 462/107/370 465/110/372 468/122/373
f 469/123/139 472/124/140 474/125/374 473/126/142
f 472/124/140 476/127/143 477/128/144 474/125/374
f 470/129/145 475/130/146 477/131/144 476/132/143
f 475/130/146 479/133/147 480/134/375 477/131/144
f 471/135/149 478/136/376 480/137/375 479/138/147
f 478/139/376 473/126/142 474/125/374 480/140/375
f 474/125/374 477/128/144 480/140/375
f 409/33/346 385/1/151 389/4/154 412/34/104
f 412/34/104 389/4/154 394/15/162 416/37/348
f 416/42/348 394/14/162 387/13/161 410/39/109
f 386/7/157 397/17/173 401/20/344 391/8/341
f 391/8/341 401/20/344 406/30/170 395/11/159
f 395/11/159 406/30/170 399/29/169 387/13/161
f 398/25/163 421/51/353 425/54/119 403/26/164
f 403/26/164 425/54/119 430/67/358 407/27/167
f 407/32/167 430/64/358 423/63/115 399/29/169
f 422/57/125 411/47/113 419/44/111 427/58/126
f 427/58/126 419/44/111 415/43/350 431/61/356
f 431/66/356 415/40/350 410/39/109 423/63/115
f 457/105/127 409/33/346 413/36/106 460/106/128
f 460/106/128 413/36/106 418/49/352 464/109/371
f 464/114/371 418/48/352 411/47/113 458/111/133
f 421/51/353 469/123/139 473/126/142 424/52/122
f 424/52/122 473/126/142 478/139/376 428/55/123
f 428/60/123 478/136/376 471/135/149 422/57/125
f 470/129/145 459/119/137 467/116/135 475/130/146
f 475/130/146 467/116/135 463/115/134 479/133/147
f 479/138/147 463/112/134 458/111/133 471/135/149
f 433/69/359 457/105/127 461/108/130 436/70/176
f 436/70/176 461/108/130 466/121/138 440/73/361
f 440/78/361 466/120/138 459/119/137 434/75/181
f 469/123/139 445/87/365 449/90/190 472/124/140
f 472/124/140 449/90/190 454/103/369 476/127/143
f 476/132/143 454/102/369 447/101/197 470/129/145
f 446/93/193 435/81/185 443/84/183 451/94/194
f 451/97/194 443/79/183 439/76/363 455/98/367
f 455/98/367 439/76/363 434/75/181 447/101/197
f 385/1/151 433/69/359 437/72/178 388/2/152
f 388/2/152 437/72/178 442/85/186 392/5/339
f 392/10/339 442/82/186 435/81/185 386/7/157
f 445/87/365 398/25/163 404/22/166 448/88/188
f 448/88/188 404/22/166 400/21/342 452/91/191
f 452/96/191 400/18/342 397/17/173 446/93/193
f 409/33/97 457/105/97 433/69/97 385/1/97
f 387/13/200 399/29/200 423/63/200 410/39/200
f 435/81/202 446/93/202 397/17/202 386/7/202
f 469/123/100 421/51/100 398/25/100 445/87/100
f 411/47/199 422/57/199 471/135/199 458/111/199
f 459/119/201 470/129/201 447/101/201 434/75/201
f 481/1/251 484/2/252 486/3/377 485/4/254
f 484/2/252 488/5/255 489/6/256 486/3/377
f 482/7/378 487/8/258 489/9/256 488/10/255
f 487/8/258 491/11/259 492/12/379 489/9/256
f 483/13/261 490/14/262 492/12/379 491/11/259
f 490/15/262 485/4/254 486/3/377 492/16/379
f 486/3/377 489/6/256 492/16/379
f 493/17/273 496/18/274 498/19/272 497/20/271
f 496/21/274 500/22/266 501/23/380 498/24/272
f 494/25/263 499/26/264 501/23/380 500/22/266
f 499/26/264 503/27/267 504/28/381 501/23/380
f 495/29/269 502/30/270 504/31/381 503/32/267
f 502/30/270 497/20/271 498/19/272 504/31/381
f 498/24/272 501/23/380 504/28/381
f 505/33/382 508/34/204 510/35/383 509/36/206
f 508/34/204 512/37/384 513/38/385 510/35/383
f 506/39/209 511/40/210 513/41/385 512/42/384
f 511/43/210 515/44/211 516/45/212 513/46/385
f 507/47/213 514/48/214 516/45/212 515/44/211
f 514/49/214 509/36/206 510/35/383 516/50/212
f 510/35/383 513/38/385 516/50/212
f 517/51/386 520/52/222 522/53/387 521/54/219
f 520/52/222 524/55/388 525/56/224 522/53/387
f 518/57/225 523/58/226 525/59/224 524/60/388
f 523/58/226 527/61/218 528/62/389 525/59/224
f 519/63/215 526/64/390 528/65/389 527/66/218
f 526/67/390 521/54/219 522/53/387 528/68/389
f 522/53/387 525/56/224 528/68/389
f 529/69/275 532/70/276 534/71/391 533/72/278
f 532/70/276 536/73/392 537/74/393 534/71/391
f 530/75/394 535/76/395 537/77/393 536/78/392
f 535/76/395 539/79/283 540/80/284 537/77/393
f 531/81/396 538/82/286 540/83/284 539/84/283
f 538/85/286 533/72/278 534/71/391 540/86/284
f 534/71/391 537/74/393 540/86/284
f 541/87/397 544/88/288 546/89/398 545/90/290
f 544/88/288 548/91/291 549/92/399 546/89/398
f 542/93/400 547/94/294 549/95/399 548/96/291
f 547/97/294 551/98/401 552/99/296 549/100/399
f 543/101/402 550/102/403 552/99/296 551/98/401
f 550/103/403 545/90/290 546/89/398 552/104/296
f 546/89/398 549/92/399 552/104/296
f 553/105/227 556/106/228 558/107/404 557/108/230
f 556/106/228 560/109/405 561/110/232 558/107/404
f 554/111/233 559/112/234 561/113/232 560/114/405
f 559/115/234 563/116/235 564/117/406 561/118/232
f 555/119/237 562/120/238 564/117/406 563/116/235
f 562/121/238 557/108/230 558/107/404 564/122/406
f 558/107/404 561/110/232 564/122/406
f 565/123/239 568/124/240 570/125/407 569/126/242
f 568/124/240 572/127/408 573/128/409 570/125/407
f 566/129/245 571/130/246 573/131/409 572/132/408
f 571/130/246 575/133/247 576/134/248 573/131/409
f 567/135/249 574/136/410 576/137/248 575/138/247
f 574/139/410 569/126/242 570/125/407 576/140/248
f 570/125/407 573/128/409 576/140/248
f 505/33/382 481/1/251 485/4/254 508/34/204
f 508/34/204 485/4/254 490/15/262 512/37/384
f 512/42/384 490/14/262 483/13/261 506/39/209
f 482/7/378 493/17/273 497/20/271 487/8/258
f 487/8/258 497/20/271 502/30/270 491/11/259
f 491/11/259 502/30/270 495/29/269 483/13/261
f 494/25/263 517/51/386 521/54/219 499/26/264
f 499/26/264 521/54/219 526/67/390 503/27/267
f 503/32/267 526/64/390 519/63/215 495/29/269
f 518/57/225 507/47/213 515/44/211 523/58/226
f 523/58/226 515/44/211 511/43/210 527/61/218
f 527/66/218 511/40/210 506/39/209 519/63/215
f 553/105/227 505/33/382 509/36/206 556/106/228
f 556/106/228 509/36/206 514/49/214 560/109/405
f 560/114/405 514/48/214 507/47/213 554/111/233
f 517/51/386 565/123/239 569/126/242 520/52/222
f 520/52/222 569/126/242 574/139/410 524/55/388
f 524/60/388 574/136/410 567/135/249 518/57/225
f 566/129/245 555/119/237 563/116/235 571/130/246
f 571/130/246 563/116/235 559/115/234 575/133/247
f 575/138/247 559/112/234 554/111/233 567/135/249
f 529/69/275 553/105/227 557/108/230 532/70/276
f 532/70/276 557/108/230 562/121/238 536/73/392
f 536/78/392 562/120/238 555/119/237 530/75/394
f 565/123/239 541/87/397 545/90/290 568/124/240
f 568/124/240 545/90/290 550/103/403 572/127/408
f 572/132/408 550/102/403 543/101/402 566/129/245
f 542/93/400 531/81/396 539/84/283 547/94/294
f 547/97/294 539/79/283 535/76/395 551/98/401
f 551/98/401 535/76/395 530/75/394 543/101/402
f 481/1/251 529/69/275 533/72/278 484/2/252
f 484/2/252 533/72/278 538/85/286 488/5/255
f 488/10/255 538/82/286 531/81/396 482/7/378
f 541/87/397 494/25/263 500/22/266 544/88/288
f 544/88/288 500/22/266 496/21/274 548/91/291
f 548/96/291 496/18/274 493/17/273 542/93/400
f 505/33/97 553/105/97 529/69/97 481/1/97
f 483/13/300 495/29/300 519/63/300 506/39/300
f 531/81/302 542/93/302 493/17/302 482/7/302
f 565/123/100 517/51/100 494/25/100 541/87/100
f 507/47/299 518/57/299 567/135/299 554/111/299
f 555/119/301 566/129/301 543/101/301 530/75/301
f 577/1/73 580/2/74 582/3/319 581/4/76
f 580/2/74 584/5/77 585/6/78 582/3/319
f 578/7/411 583/8/80 585/9/78 584/10/77
f 583/8/80 587/11/322 588/12/412 585/9/78
f 579/13/83 586/14/323 588/12/412 587/11/322
f 586/15/323 581/4/76 582/3/319 588/16/412
f 582/3/319 585/6/78 588/16/412
f 589/17/413 592/18/96 594/19/94 593/20/93
f 592/21/96 596/22/88 597/23/414 594/24/94
f 590/25/85 595/26/86 597/23/414 596/22/88
f 595/26/86 599/27/89 600/28/415 597/23/414
f 591/29/91 598/30/416 600/31/415 599/32/89
f 598/30/416 593/20/93 594/19/94 600/31/415
f 594/24/94 597/23/414 600/28/415
f 601/33/49 604/34/50 606/35/417 605/36/52
f 604/34/50 608/37/53 609/38/418 606/35/417
f 602/39/55 607/40/305 609/41/418 608/42/53
f 607/43/305 611/44/419 612/45/58 609/46/418
f 603/47/420 610/48/60 612/45/58 611/44/419
f 610/49/60 605/36/52 606/35/417 612/50/58
f 606/35/417 609/38/418 612/50/58
f 613/51/61 616/52/62 618/53/309 617/54/64
f 616/52/62 620/55/421 621/56/66 618/53/309
f 614/57/422 619/58/423 621/59/66 620/60/421
f 619/58/423 623/61/308 624/62/424 621/59/66
f 615/63/71 622/64/307 624/65/424 623/66/308
f 622/67/307 617/54/64 618/53/309 624/68/424
f 618/53/309 621/56/66 624/68/424
f 625/69/25 628/70/26 630/71/425 629/72/28
f 628/70/26 632/73/29 633/74/426 630/71/425
f 626/75/31 631/76/427 633/77/426 632/78/29
f 631/76/427 635/79/428 636/80/34 633/77/426
f 627/81/429 634/82/36 636/83/34 635/84/428
f 634/85/36 629/72/28 630/71/425 636/86/34
f 630/71/425 633/74/426 636/86/34
f 637/87/37 640/88/38 642/89/334 641/90/40
f 640/88/38 644/91/41 645/92/42 642/89/334
f 638/93/430 643/94/431 645/95/42 644/96/41
f 643/97/431 647/98/45 648/99/432 645/100/42
f 639/101/47 646/102/433 648/99/432 647/98/45
f 646/103/433 641/90/40 642/89/334 648/104/432
f 642/89/334 645/92/42 648/104/432
f 649/105/1 652/106/2 654/107/434 653/108/4
f 652/106/2 656/109/435 657/110/6 654/107/434
f 650/111/436 655/112/437 657/113/6 656/114/435
f 655/115/437 659/116/9 660/117/438 657/118/6
f 651/119/11 658/120/439 660/117/438 659/116/9
f 658/121/439 653/108/4 654/107/434 660/122/438
f 654/107/434 657/110/6 660/122/438
f 661/123/19 664/124/20 666/125/440 665/126/17
f 664/124/20 668/127/21 669/128/441 666/125/440
f 662/129/23 667/130/317 669/131/441 668/132/21
f 667/130/317 671/133/442 672/134/15 669/131/441
f 663/135/443 670/136/14 672/137/15 671/138/442
f 670/139/14 665/126/17 666/125/440 672/140/15
f 666/125/440 669/128/441 672/140/15
f 601/33/49 577/1/73 581/4/76 604/34/50
f 604/34/50 581/4/76 586/15/323 608/37/53
f 608/42/53 586/14/323 579/13/83 602/39/55
f 578/7/411 589/17/413 593/20/93 583/8/80
f 583/8/80 593/20/93 598/30/416 587/11/322
f 587/11/322 598/30/416 591/29/91 579/13/83
f 590/25/85 613/51/61 617/54/64 595/26/86
f 595/26/86 617/54/64 622/67/307 599/27/89
f 599/32/89 622/64/307 615/63/71 591/29/91
f 614/57/422 603/47/420 611/44/419 619/58/423
f 619/58/423 611/44/419 607/43/305 623/61/308
f 623/66/308 607/40/305 602/39/55 615/63/71
f 649/105/1 601/33/49 605/36/52 652/106/2
f 652/106/2 605/36/52 610/49/60 656/109/435
f 656/114/435 610/48/60 603/47/420 650/111/436
f 613/51/61 661/123/19 665/126/17 616/52/62
f 616/52/62 665/126/17 670/139/14 620/55/421
f 620/60/421 670/136/14 663/135/443 614/57/422
f 662/129/23 651/119/11 659/116/9 667/130/317
f 667/130/317 659/116/9 655/115/437 671/133/442
f 671/138/442 655/112/437 650/111/436 663/135/443
f 625/69/25 649/105/1 653/108/4 628/70/26
f 628/70/26 653/108/4 658/121/439 632/73/29
f 632/78/29 658/120/439 651/119/11 626/75/31
f 661/123/19 637/87/37 641/90/40 664/124/20
f 664/124/20 641/90/40 646/103/433 668/127/21
f 668/132/21 646/102/433 639/101/47 662/129/23
f 638/93/430 627/81/429 635/84/428 643/94/431
f 643/97/431 635/79/428 631/76/427 647/98/45
f 647/98/45 631/76/427 626/75/31 639/101/47
f 577/1/73 625/69/25 629/72/28 580/2/74
f 580/2/74 629/72/28 634/85/36 584/5/77
f 584/10/77 634/82/36 627/81/429 578/7/411
f 637/87/37 590/25/85 596/22/88 640/88/38
f 640/88/38 596/22/88 592/21/96 644/91/41
f 644/96/41 592/18/96 589/17/413 638/93/430
f 601/33/97 649/105/97 625/69/97 577/1/97
f 579/13/102 591/29/102 615/63/102 602/39/102
f 627/81/101 638/93/101 589/17/101 578/7/101
f 661/123/100 613/51/100 590/25/100 637/87/100
f 603/47/99 614/57/99 663/135/99 650/111/99
f 651/119/98 662/129/98 639/101/98 626/75/98
f 673/1/359 676/2/176 678/3/177 677/4/178
f 676/2/176 680/5/444 681/6/362 678/3/177
f 674/7/445 679/8/446 681/9/362 680/10/444
f 679/8/446 683/11/447 684/12/364 681/9/362
f 675/13/185 682/14/448 684/12/364 683/11/447
f 682/15/448 677/4/178 678/3/177 684/16/364
f 678/3/177 681/6/362 684/16/364
f 685/17/197 688/18/449 690/19/196 689/20/195
f 688/21/449 692/22/190 693/23/450 690/24/196
f 686/25/365 691/26/188 693/23/450 692/22/190
f 691/26/188 695/27/451 696/28/452 693/23/450
f 687/29/453 694/30/454 696/31/452 695/32/451
f 694/30/454 689/20/195 690/19/196 696/31/452
f 690/24/196 693/23/450 696/28/452
f 697/33/151 700/34/152 702/35/455 701/36/154
f 700/34/152 704/37/339 705/38/456 702/35/455
f 698/39/157 703/40/158 705/41/456 704/42/339
f 703/43/158 707/44/159 708/45/160 705/46/456
f 699/47/161 706/48/457 708/45/160 707/44/159
f 706/49/457 701/36/154 702/35/455 708/50/160
f 702/35/455 705/38/456 708/50/160
f 709/51/163 712/52/164 714/53/458 713/54/166
f 712/52/164 716/55/459 717/56/168 714/53/458
f 710/57/169 715/58/170 717/59/168 716/60/459
f 715/58/170 719/61/171 720/62/460 717/59/168
f 711/63/173 718/64/342 720/65/460 719/66/171
f 718/67/342 713/54/166 714/53/458 720/68/460
f 714/53/458 717/56/168 720/68/460
f 721/69/127 724/70/128 726/71/461 725/72/130
f 724/70/128 728/73/371 729/74/462 726/71/461
f 722/75/133 727/76/134 729/77/462 728/78/371
f 727/76/134 731/79/463 732/80/373 729/77/462
f 723/81/137 730/82/464 732/83/373 731/84/463
f 730/85/464 725/72/130 726/71/461 732/86/373
f 726/71/461 729/74/462 732/86/373
f 733/87/139 736/88/140 738/89/465 737/90/142
f 736/88/140 740/91/466 741/92/144 738/89/465
f 734/93/145 739/94/467 741/95/144 740/96/466
f 739/97/467 743/98/147 744/99/468 741/100/144
f 735/101/149 742/102/376 744/99/468 743/98/147
f 742/103/376 737/90/142 738/89/465 744/104/468
f 738/89/465 741/92/144 744/104/468
f 745/105/469 748/106/104 750/107/470 749/108/471
f 748/106/104 752/109/472 753/110/108 750/107/470
f 746/111/473 751/112/474 753/113/108 752/114/472
f 751/115/474 755/116/475 756/117/476 753/118/108
f 747/119/477 754/120/478 756/117/476 755/116/475
f 754/121/478 749/108/471 750/107/470 756/122/476
f 750/107/470 753/110/108 756/122/476
f 757/123/353 760/124/479 762/125/480 761/126/119
f 760/124/479 764/127/481 765/128/482 762/125/480
f 758/129/483 763/130/484 765/131/482 764/132/481
f 763/130/484 767/133/118 768/134/485 765/131/482
f 759/135/115 766/136/486 768/137/485 767/138/118
f 766/139/486 761/126/119 762/125/480 768/140/485
f 762/125/480 765/128/482 768/140/485
f 697/33/151 673/1/359 677/4/178 700/34/152
f 700/34/152 677/4/178 682/15/448 704/37/339
f 704/42/339 682/14/448 675/13/185 698/39/157
f 674/7/445 685/17/197 689/20/195 679/8/446
f 679/8/446 689/20/195 694/30/454 683/11/447
f 683/11/447 694/30/454 687/29/453 675/13/185
f 686/25/365 709/51/163 713/54/166 691/26/188
f 691/26/188 713/54/166 718/67/342 695/27/451
f 695/32/451 718/64/342 711/63/173 687/29/453
f 710/57/169 699/47/161 707/44/159 715/58/170
f 715/58/170 707/44/159 703/43/158 719/61/171
f 719/66/171 703/40/158 698/39/157 711/63/173
f 745/105/469 697/33/151 701/36/154 748/106/104
f 748/106/104 701/36/154 706/49/457 752/109/472
f 752/114/472 706/48/457 699/47/161 746/111/473
f 709/51/163 757/123/353 761/126/119 712/52/164
f 712/52/164 761/126/119 766/139/486 716/55/459
f 716/60/459 766/136/486 759/135/115 710/57/169
f 758/129/483 747/119/477 755/116/475 763/130/484
f 763/130/484 755/116/475 751/115/474 767/133/118
f 767/138/118 751/112/474 746/111/473 759/135/115
f 721/69/127 745/105/469 749/108/471 724/70/128
f 724/70/128 749/108/471 754/121/478 728/73/371
f 728/78/371 754/120/478 747/119/477 722/75/133
f 757/123/353 733/87/139 737/90/142 760/124/479
f 760/124/479 737/90/142 742/103/376 764/127/481
f 764/132/481 742/102/376 735/101/149 758/129/483
f 734/93/145 723/81/137 731/84/463 739/94/467
f 739/97/467 731/79/463 727/76/134 743/98/147
f 743/98/147 727/76/134 722/75/133 735/101/149
f 673/1/359 721/69/127 725/72/130 676/2/176
f 676/2/176 725/72/130 730/85/464 680/5/444
f 680/10/444 730/82/464 723/81/137 674/7/445
f 733/87/139 686/25/365 692/22/190 736/88/140
f 736/88/140 692/22/190 688/21/449 740/91/466
f 740/96/466 688/18/449 685/17/197 734/93/145
f 697/33/97 745/105/97 721/69/97 673/1/97
f 675/13/202 687/29/202 711/63/202 698/39/202
f 723/81/201 734/93/201 685/17/201 674/7/201
f 757/123/100 709/51/100 686/25/100 733/87/100
f 699/47/200 710/57/200 759/135/200 746/111/200
f 747/119/199 758/129/199 735/101/199 722/75/199
f 769/1/275 772/2/276 774/3/277 773/4/278
f 772/2/276 776/5/392 777/6/393 774/3/277
f 770/7/394 775/8/487 777/9/393 776/10/392
f 775/8/487 779/11/283 780/12/284 777/9/393
f 771/13/488 778/14/489 780/12/284 779/11/283
f 778/15/489 773/4/278 774/3/277 780/16/284
f 774/3/277 777/6/393 780/16/284
f 781/17/402 784/18/403 786/19/296 785/20/295
f 784/21/403 788/22/290 789/23/398 786/24/296
f 782/25/397 787/26/288 789/23/398 788/22/290
f 787/26/288 791/27/490 792/28/292 789/23/398
f 783/29/491 790/30/294 792/31/292 791/32/490
f 790/30/294 785/20/295 786/19/296 792/31/292
f 786/24/296 789/23/398 792/28/292
f 793/33/492 796/34/252 798/35/377 797/36/254
f 796/34/252 800/37/493 801/38/256 798/35/377
f 794/39/494 799/40/495 801/41/256 800/42/493
f 799/43/495 803/44/259 804/45/379 801/46/256
f 795/47/261 802/48/496 804/45/379 803/44/259
f 802/49/496 797/36/254 798/35/377 804/50/379
f 798/35/377 801/38/256 804/50/379
f 805/51/497 808/52/264 810/53/498 809/54/266
f 808/52/264 812/55/499 813/56/268 810/53/498
f 806/57/269 811/58/270 813/59/268 812/60/499
f 811/58/270 815/61/271 816/62/272 813/59/268
f 807/63/500 814/64/501 816/65/272 815/66/271
f 814/67/501 809/54/266 810/53/498 816/68/272
f 810/53/498 813/56/268 816/68/272
f 817/69/227 820/70/228 822/71/229 821/72/230
f 820/70/228 824/73/231 825/74/232 822/71/229
f 818/75/233 823/76/234 825/77/232 824/78/231
f 823/76/234 827/79/235 828/80/236 825/77/232
f 819/81/237 826/82/502 828/83/236 827/84/235
f 826/85/502 821/72/230 822/71/229 828/86/236
f 822/71/229 825/74/232 828/86/236
f 829/87/239 832/88/240 834/89/503 833/90/242
f 832/88/240 836/91/408 837/92/244 834/89/503
f 830/93/245 835/94/246 837/95/244 836/96/408
f 835/97/246 839/98/247 840/99/248 837/100/244
f 831/101/249 838/102/504 840/99/248 839/98/247
f 838/103/504 833/90/242 834/89/503 840/104/248
f 834/89/503 837/92/244 840/104/248
f 841/105/382 844/106/204 846/107/383 845/108/505
f 844/106/204 848/109/384 849/110/385 846/107/383
f 842/111/209 847/112/506 849/113/385 848/114/384
f 847/115/506 851/116/507 852/117/508 849/118/385
f 843/119/509 850/120/510 852/117/508 851/116/507
f 850/121/510 845/108/505 846/107/383 852/122/508
f 846/107/383 849/110/385 852/122/508
f 853/123/386 856/124/511 858/125/387 857/126/219
f 856/124/511 860/127/388 861/128/512 858/125/387
f 854/129/513 859/130/514 861/131/512 860/132/388
f 859/130/514 863/133/218 864/134/389 861/131/512
f 855/135/215 862/136/515 864/137/389 863/138/218
f 862/139/515 857/126/219 858/125/387 864/140/389
f 858/125/387 861/128/512 864/140/389
f 793/33/492 769/1/275 773/4/278 796/34/252
f 796/34/252 773/4/278 778/15/489 800/37/493
f 800/42/493 778/14/489 771/13/488 794/39/494
f 770/7/394 781/17/402 785/20/295 775/8/487
f 775/8/487 785/20/295 790/30/294 779/11/283
f 779/11/283 790/30/294 783/29/491 771/13/488
f 782/25/397 805/51/497 809/54/266 787/26/288
f 787/26/288 809/54/266 814/67/501 791/27/490
f 791/32/490 814/64/501 807/63/500 783/29/491
f 806/57/269 795/47/261 803/44/259 811/58/270
f 811/58/270 803/44/259 799/43/495 815/61/271
f 815/66/271 799/40/495 794/39/494 807/63/500
f 841/105/382 793/33/492 797/36/254 844/106/204
f 844/106/204 797/36/254 802/49/496 848/109/384
f 848/114/384 802/48/496 795/47/261 842/111/209
f 805/51/497 853/123/386 857/126/219 808/52/264
f 808/52/264 857/126/219 862/139/515 812/55/499
f 812/60/499 862/136/515 855/135/215 806/57/269
f 854/129/513 843/119/509 851/116/507 859/130/514
f 859/130/514 851/116/507 847/115/506 863/133/218
f 863/138/218 847/112/506 842/111/209 855/135/215
f 817/69/227 841/105/382 845/108/505 820/70/228
f 820/70/228 845/108/505 850/121/510 824/73/231
f 824/78/231 850/120/510 843/119/509 818/75/233
f 853/123/386 829/87/239 833/90/242 856/124/511
f 856/124/511 833/90/242 838/103/504 860/127/388
f 860/132/388 838/102/504 831/101/249 854/129/513
f 830/93/245 819/81/237 827/84/235 835/94/246
f 835/97/246 827/79/235 823/76/234 839/98/247
f 839/98/247 823/76/234 818/75/233 831/101/249
f 769/1/275 817/69/227 821/72/230 772/2/276
f 772/2/276 821/72/230 826/85/502 776/5/392
f 776/10/392 826/82/502 819/81/237 770/7/394
f 829/87/239 782/25/397 788/22/290 832/88/240
f 832/88/240 788/22/290 784/21/403 836/91/408
f 836/96/408 784/18/403 781/17/402 830/93/245
f 793/33/97 841/105/97 817/69/97 769/1/97
f 771/13/302 783/29/302 807/63/302 794/39/302
f 819/81/301 830/93/301 781/17/301 770/7/301
f 853/123/100 805/51/100 782/25/100 829/87/100
f 795/47/300 806/57/300 855/135/300 842/111/300
f 843/119/299 854/129/299 831/101/299 818/75/299
f 865/1/25 868/2/26 870/3/516 869/4/28
f 868/2/26 872/5/330 873/6/517 870/3/516
f 866/7/31 871/8/32 873/9/517 872/10/330
f 871/8/32 875/11/518 876/12/34 873/9/517
f 867/13/35 874/14/36 876/12/34 875/11/518
f 874/15/36 869/4/28 870/3/516 876/16/34
f 870/3/516 873/6/517 876/16/34
f 877/17/47 880/18/433 882/19/46 881/20/45
f 880/21/433 884/22/40 885/23/519 882/24/46
f 878/25/37 883/26/38 885/23/519 884/22/40
f 883/26/38 887/27/335 888/28/42 885/23/519
f 879/29/43 886/30/520 888/31/42 887/32/335
f 886/30/520 881/20/45 882/19/46 888/31/42
f 882/24/46 885/23/519 888/28/42
f 889/33/73 892/34/74 894/35/521 893/36/76
f 892/34/74 896/37/320 897/38/78 894/35/521
f 890/39/79 895/40/522 897/41/78 896/42/320
f 895/43/522 899/44/322 900/45/412 897/46/78
f 891/47/83 898/48/323 900/45/412 899/44/322
f 898/49/323 893/36/76 894/35/521 900/50/412
f 894/35/521 897/38/78 900/50/412
f 901/51/85 904/52/86 906/53/523 905/54/88
f 904/52/86 908/55/325 909/56/524 906/53/523
f 902/57/91 907/58/326 909/59/524 908/60/325
f 907/58/326 911/61/525 912/62/94 909/59/524
f 903/63/95 910/64/328 912/65/94 911/66/525
f 910/67/328 905/54/88 906/53/523 912/68/94
f 906/53/523 909/56/524 912/68/94
f 913/69/1 916/70/526 918/71/3 917/72/4
f 916/70/526 920/73/527 921/74/528 918/71/3
f 914/75/7 919/76/529 921/77/528 920/78/527
f 919/76/529 923/79/9 924/80/438 921/77/528
f 915/81/11 922/82/439 924/83/438 923/84/9
f 922/85/439 917/72/4 918/71/3 924/86/438
f 918/71/3 921/74/528 924/86/438
f 925/87/19 928/88/530 930/89/531 929/90/532
f 928/88/530 932/91/316 933/92/22 930/89/531
f 926/93/23 931/94/24 933/95/22 932/96/316
f 931/97/24 935/98/533 936/99/534 933/100/22
f 927/101/13 934/102/535 936/99/534 935/98/533
f 934/103/535 929/90/532 930/89/531 936/104/534
f 930/89/531 933/92/22 936/104/534
f 937/105/49 940/106/536 942/107/537 941/108/538
f 940/106/536 944/109/304 945/110/418 942/107/537
f 938/111/55 943/112/305 945/113/418 944/114/304
f 943/115/305 947/116/539 948/117/540 945/118/418
f 939/119/59 946/120/541 948/117/540 947/116/539
f 946/121/541 941/108/538 942/107/537 948/122/540
f 942/107/537 945/110/418 948/122/540
f 949/123/61 952/124/542 954/125/543 953/126/64
f 952/124/542 956/127/544 957/128/545 954/125/543
f 950/129/67 955/130/546 957/131/545 956/132/544
f 955/130/546 959/133/308 960/134/70 957/131/545
f 951/135/71 958/136/307 960/137/70 959/138/308
f 958/139/307 953/126/64 954/125/543 960/140/70
f 954/125/543 957/128/545 960/140/70
f 889/33/73 865/1/25 869/4/28 892/34/74
f 892/34/74 869/4/28 874/15/36 896/37/320
f 896/42/320 874/14/36 867/13/35 890/39/79
f 866/7/31 877/17/47 881/20/45 871/8/32
f 871/8/32 881/20/45 886/30/520 875/11/518
f 875/11/518 886/30/520 879/29/43 867/13/35
f 878/25/37 901/51/85 905/54/88 883/26/38
f 883/26/38 905/54/88 910/67/328 887/27/335
f 887/32/335 910/64/328 903/63/95 879/29/43
f 902/57/91 891/47/83 899/44/322 907/58/326
f 907/58/326 899/44/322 895/43/522 911/61/525
f 911/66/525 895/40/522 890/39/79 903/63/95
f 937/105/49 889/33/73 893/36/76 940/106/536
f 940/106/536 893/36/76 898/49/323 944/109/304
f 944/114/304 898/48/323 891/47/83 938/111/55
f 901/51/85 949/123/61 953/126/64 904/52/86
f 904/52/86 953/126/64 958/139/307 908/55/325
f 908/60/325 958/136/307 951/135/71 902/57/91
f 950/129/67 939/119/59 947/116/539 955/130/546
f 955/130/546 947/116/539 943/115/305 959/133/308
f 959/138/308 943/112/305 938/111/55 951/135/71
f 913/69/1 937/105/49 941/108/538 916/70/526
f 916/70/526 941/108/538 946/121/541 920/73/527
f 920/78/527 946/120/541 939/119/59 914/75/7
f 949/123/61 925/87/19 929/90/532 952/124/542
f 952/124/542 929/90/532 934/103/535 956/127/544
f 956/132/544 934/102/535 927/101/13 950/129/67
f 926/93/23 915/81/11 923/84/9 931/94/24
f 931/97/24 923/79/9 919/76/529 935/98/533
f 935/98/533 919/76/529 914/75/7 927/101/13
f 865/1/25 913/69/1 917/72/4 868/2/26
f 868/2/26 917/72/4 922/85/439 872/5/330
f 872/10/330 922/82/439 915/81/11 866/7/31
f 925/87/19 878/25/37 884/22/40 928/88/530
f 928/88/530 884/22/40 880/21/433 932/91/316
f 932/96/316 880/18/433 877/17/47 926/93/23
f 889/33/97 937/105/97 913/69/97 865/1/97
f 867/13/101 879/29/101 903/63/101 890/39/101
f 915/81/98 926/93/98 877/17/98 866/7/98
f 949/123/100 901/51/100 878/25/100 925/87/100
f 891/47/102 902/57/102 951/135/102 938/111/102
f 939/119/99 950/129/99 927/101/99 914/75/99
f 961/1/547 964/2/128 966/3/461 965/4/130
f 964/2/128 968/5/131 969/6/132 966/3/461
f 962/7/133 967/8/134 969/9/132 968/10/131
f 967/8/134 971/11/135 972/12/136 969/9/132
f 963/13/548 970/14/138 972/12/136 971/11/135
f 970/15/138 965/4/130 966/3/461 972/16/136
f 966/3/461 969/6/132 972/16/136
f 973/17/149 976/18/150 978/19/148 977/20/147
f 976/21/150 980/22/142 981/23/465 978/24/148
f 974/25/549 979/26/140 981/23/465 980/22/142
f 979/26/140 983/27/143 984/28/550 981/23/465
f 975/29/551 982/30/146 984/31/550 983/32/143
f 982/30/146 977/20/147 978/19/148 984/31/550
f 978/24/148 981/23/465 984/28/550
f 985/33/359 988/34/176 990/35/552 989/36/553
f 988/34/176 992/37/361 993/38/180 990/35/552
f 986/39/181 991/40/182 993/41/180 992/42/361
f 991/43/182 995/44/554 996/45/364 993/46/180
f 987/47/185 994/48/555 996/45/364 995/44/554
f 994/49/555 989/36/553 990/35/552 996/50/364
f 990/35/552 993/38/180 996/50/364
f 997/51/365 1000/52/556 1002/53/557 1001/54/190
f 1000/52/556 1004/55/558 1005/56/366 1002/53/557
f 998/57/193 1003/58/559 1005/59/366 1004/60/558
f 1003/58/559 1007/61/195 1008/62/196 1005/59/366
f 999/63/197 1006/64/198 1008/65/196 1007/66/195
f 1006/67/198 1001/54/190 1002/53/557 1008/68/196
f 1002/53/557 1005/56/366 1008/68/196
f 1009/69/469 1012/70/104 1014/71/105 1013/72/106
f 1012/70/104 1016/73/348 1017/74/560 1014/71/105
f 1010/75/109 1015/76/110 1017/77/560 1016/78/348
f 1015/76/110 1019/79/561 1020/80/351 1017/77/560
f 1011/81/477 1018/82/562 1020/83/351 1019/84/561
f 1018/85/562 1013/72/106 1014/71/105 1020/86/351
f 1014/71/105 1017/74/560 1020/86/351
f 1021/87/121 1024/88/122 1026/89/120 1025/90/119
f 1024/88/122 1028/91/481 1029/92/355 1026/89/120
f 1022/93/483 1027/94/126 1029/95/355 1028/96/481
f 1027/97/126 1031/98/118 1032/99/485 1029/100/355
f 1023/101/115 1030/102/358 1032/99/485 1031/98/118
f 1030/103/358 1025/90/119 1026/89/120 1032/104/485
f 1026/89/120 1029/92/355 1032/104/485
f 1033/105/563 1036/106/152 1038/107/564 1037/108/154
f 1036/106/152 1040/109/155 1041/110/156 1038/107/564
f 1034/111/157 1039/112/158 1041/113/156 1040/114/155
f 1039/115/158 1043/116/159 1044/117/565 1041/118/156
f 1035/119/161 1042/120/566 1044/117/565 1043/116/159
f 1042/121/566 1037/108/154 1038/107/564 1044/122/565
f 1038/107/564 1041/110/156 1044/122/565
f 1045/123/567 1048/124/164 1050/125/165 1049/126/166
f 1048/124/164 1052/127/568 1053/128/569 1050/125/165
f 1046/129/169 1051/130/170 1053/131/569 1052/132/568
f 1051/130/170 1055/133/171 1056/134/172 1053/131/569
f 1047/135/173 1054/136/174 1056/137/172 1055/138/171
f 1054/139/174 1049/126/166 1050/125/165 1056/140/172
f 1050/125/165 1053/128/569 1056/140/172
f 985/33/359 961/1/547 965/4/130 988/34/176
f 988/34/176 965/4/130 970/15/138 992/37/361
f 992/42/361 970/14/138 963/13/548 986/39/181
f 962/7/133 973/17/149 977/20/147 967/8/134
f 967/8/134 977/20/147 982/30/146 971/11/135
f 971/11/135 982/30/146 975/29/551 963/13/548
f 974/25/549 997/51/365 1001/54/190 979/26/140
f 979/26/140 1001/54/190 1006/67/198 983/27/143
f 983/32/143 1006/64/198 999/63/197 975/29/551
f 998/57/193 987/47/185 995/44/554 1003/58/559
f 1003/58/559 995/44/554 991/43/182 1007/61/195
f 1007/66/195 991/40/182 986/39/181 999/63/197
f 1033/105/563 985/33/359 989/36/553 1036/106/152
f 1036/106/152 989/36/553 994/49/555 1040/109/155
f 1040/114/155 994/48/555 987/47/185 1034/111/157
f 997/51/365 1045/123/567 1049/126/166 1000/52/556
f 1000/52/556 1049/126/166 1054/139/174 1004/55/558
f 1004/60/558 1054/136/174 1047/135/173 998/57/193
f 1046/129/169 1035/119/161 1043/116/159 1051/130/170
f 1051/130/170 1043/116/159 1039/115/158 1055/133/171
f 1055/138/171 1039/112/158 1034/111/157 1047/135/173
f 1009/69/469 1033/105/563 1037/108/154 1012/70/104
f 1012/70/104 1037/108/154 1042/121/566 1016/73/348
f 1016/78/348 1042/120/566 1035/119/161 1010/75/109
f 1045/123/567 1021/87/121 1025/90/119 1048/124/164
f 1048/124/164 1025/90/119 1030/103/358 1052/127/568
f 1052/132/568 1030/102/358 1023/101/115 1046/129/169
f 1022/93/483 1011/81/477 1019/84/561 1027/94/126
f 1027/97/126 1019/79/561 1015/76/110 1031/98/118
f 1031/98/118 1015/76/110 1010/75/109 1023/101/115
f 961/1/547 1009/69/469 1013/72/106 964/2/128
f 964/2/128 1013/72/106 1018/85/562 968/5/131
f 968/10/131 1018/82/562 1011/81/477 962/7/133
f 1021/87/121 974/25/549 980/22/142 1024/88/122
f 1024/88/122 980/22/142 976/21/150 1028/91/481
f 1028/96/481 976/18/150 973/17/149 1022/93/483
f 985/33/97 1033/105/97 1009/69/97 961/1/97
f 963/13/201 975/29/201 999/63/201 986/39/201
f 1011/81/199 1022/93/199 973/17/199 962/7/199
f 1045/123/100 997/51/100 974/25/100 1021/87/100
f 987/47/202 998/57/202 1047/135/202 1034/111/202
f 1035/119/200 1046/129/200 1023/101/200 1010/75/200
f 1057/1/227 1060/2/570 1062/3/404 1061/4/230
f 1060/2/570 1064/5/571 1065/6/572 1062/3/404
f 1058/7/233 1063/8/234 1065/9/572 1064/10/571
f 1063/8/234 1067/11/235 1068/12/573 1065/9/572
f 1059/13/237 1066/14/502 1068/12/573 1067/11/235
f 1066/15/502 1061/4/230 1062/3/404 1068/16/573
f 1062/3/404 1065/6/572 1068/16/573
f 1069/17/249 1072/18/574 1074/19/575 1073/20/247
f 1072/21/574 1076/22/576 1077/23/407 1074/24/575
f 1070/25/239 1075/26/240 1077/23/407 1076/22/576
f 1075/26/240 1079/27/408 1080/28/577 1077/23/407
f 1071/29/245 1078/30/246 1080/31/577 1079/32/408
f 1078/30/246 1073/20/247 1074/19/575 1080/31/577
f 1074/24/575 1077/23/407 1080/28/577
f 1081/33/275 1084/34/276 1086/35/391 1085/36/278
f 1084/34/276 1088/37/578 1089/38/579 1086/35/391
f 1082/39/281 1087/40/487 1089/41/579 1088/42/578
f 1087/43/487 1091/44/283 1092/45/284 1089/46/579
f 1083/47/285 1090/48/286 1092/45/284 1091/44/283
f 1090/49/286 1085/36/278 1086/35/391 1092/50/284
f 1086/35/391 1089/38/579 1092/50/284
f 1093/51/287 1096/52/288 1098/53/398 1097/54/290
f 1096/52/288 1100/55/291 1101/56/292 1098/53/398
f 1094/57/293 1099/58/294 1101/59/292 1100/60/291
f 1099/58/294 1103/61/295 1104/62/580 1101/59/292
f 1095/63/297 1102/64/298 1104/65/580 1103/66/295
f 1102/67/298 1097/54/290 1098/53/398 1104/68/580
f 1098/53/398 1101/56/292 1104/68/580
f 1105/69/203 1108/70/204 1110/71/383 1109/72/206
f 1108/70/204 1112/73/581 1113/74/582 1110/71/383
f 1106/75/583 1111/76/506 1113/77/582 1112/78/581
f 1111/76/506 1115/79/211 1116/80/584 1113/77/582
f 1107/81/213 1114/82/214 1116/83/584 1115/84/211
f 1114/85/214 1109/72/206 1110/71/383 1116/86/584
f 1110/71/383 1113/74/582 1116/86/584
f 1117/87/221 1120/88/222 1122/89/387 1121/90/219
f 1120/88/222 1124/91/223 1125/92/585 1122/89/387
f 1118/93/225 1123/94/226 1125/95/585 1124/96/223
f 1123/97/226 1127/98/586 1128/99/587 1125/100/585
f 1119/101/588 1126/102/216 1128/99/587 1127/98/586
f 1126/103/216 1121/90/219 1122/89/387 1128/104/587
f 1122/89/387 1125/92/585 1128/104/587
f 1129/105/492 1132/106/252 1134/107/589 1133/108/254
f 1132/106/252 1136/109/255 1137/110/590 1134/107/589
f 1130/111/257 1135/112/258 1137/113/590 1136/114/255
f 1135/115/258 1139/116/259 1140/117/591 1137/118/590
f 1131/119/261 1138/120/496 1140/117/591 1139/116/259
f 1138/121/496 1133/108/254 1134/107/589 1140/122/591
f 1134/107/589 1137/110/590 1140/122/591
f 1141/123/497 1144/124/264 1146/125/498 1145/126/592
f 1144/124/264 1148/127/499 1149/128/593 1146/125/498
f 1142/129/269 1147/130/270 1149/131/593 1148/132/499
f 1147/130/270 1151/133/271 1152/134/594 1149/131/593
f 1143/135/273 1150/136/274 1152/137/594 1151/138/271
f 1150/139/274 1145/126/592 1146/125/498 1152/140/594
f 1146/125/498 1149/128/593 1152/140/594
f 1081/33/275 1057/1/227 1061/4/230 1084/34/276
f 1084/34/276 1061/4/230 1066/15/502 1088/37/578
f 1088/42/578 1066/14/502 1059/13/237 1082/39/281
f 1058/7/233 1069/17/249 1073/20/247 1063/8/234
f 1063/8/234 1073/20/247 1078/30/246 1067/11/235
f 1067/11/235 1078/30/246 1071/29/245 1059/13/237
f 1070/25/239 1093/51/287 1097/54/290 1075/26/240
f 1075/26/240 1097/54/290 1102/67/298 1079/27/408
f 1079/32/408 1102/64/298 1095/63/297 1071/29/245
f 1094/57/293 1083/47/285 1091/44/283 1099/58/294
f 1099/58/294 1091/44/283 1087/43/487 1103/61/295
f 1103/66/295 1087/40/487 1082/39/281 1095/63/297
f 1129/105/492 1081/33/275 1085/36/278 1132/106/252
f 1132/106/252 1085/36/278 1090/49/286 1136/109/255
f 1136/114/255 1090/48/286 1083/47/285 1130/111/257
f 1093/51/287 1141/123/497 1145/126/592 1096/52/288
f 1096/52/288 1145/126/592 1150/139/274 1100/55/291
f 1100/60/291 1150/136/274 1143/135/273 1094/57/293
f 1142/129/269 1131/119/261 1139/116/259 1147/130/270
f 1147/130/270 1139/116/259 1135/115/258 1151/133/271
f 1151/138/271 1135/112/258 1130/111/257 1143/135/273
f 1105/69/203 1129/105/492 1133/108/254 1108/70/204
f 1108/70/204 1133/108/254 1138/121/496 1112/73/581
f 1112/78/581 1138/120/496 1131/119/261 1106/75/583
f 1141/123/497 1117/87/221 1121/90/219 1144/124/264
f 1144/124/264 1121/90/219 1126/103/216 1148/127/499
f 1148/132/499 1126/102/216 1119/101/588 1142/129/269
f 1118/93/225 1107/81/213 1115/84/211 1123/94/226
f 1123/97/226 1115/79/211 1111/76/506 1127/98/586
f 1127/98/586 1111/76/506 1106/75/583 1119/101/588
f 1057/1/227 1105/69/203 1109/72/206 1060/2/570
f 1060/2/570 1109/72/206 1114/85/214 1064/5/571
f 1064/10/571 1114/82/214 1107/81/213 1058/7/233
f 1117/87/221 1070/25/239 1076/22/576 1120/88/222
f 1120/88/222 1076/22/576 1072/21/574 1124/91/223
f 1124/96/223 1072/18/574 1069/17/249 1118/93/225
f 1081/33/97 1129/105/97 1105/69/97 1057/1/97
f 1059/13/301 1071/29/301 1095/63/301 1082/39/301
f 1107/81/299 1118/93/299 1069/17/299 1058/7/299
f 1141/123/100 1093/51/100 1070/25/100 1117/87/100
f 1083/47/302 1094/57/302 1143/135/302 1130/111/302
f 1131/119/300 1142/129/300 1119/101/300 1106/75/300
