# Blender 5.0.1
# www.blender.org
mtllib BB_PROP_FusePanel.mtl
o BB_PROP_FusePanel
v 3.610000 -0.040000 -0.300000
v 3.610000 -0.050000 -0.290000
v 3.600000 -0.040000 -0.290000
v 3.610000 -0.044993 -0.298664
v 3.605006 -0.040000 -0.298664
v 3.605218 -0.044782 -0.297366
v 3.605006 -0.048664 -0.290000
v 3.610000 -0.048664 -0.294993
v 3.605218 -0.047366 -0.294782
v 3.601336 -0.040000 -0.294993
v 3.601336 -0.044993 -0.290000
v 3.602634 -0.044782 -0.294782
v 3.610000 -0.050000 0.290000
v 3.610000 -0.040000 0.300000
v 3.600000 -0.040000 0.290000
v 3.610000 -0.048664 0.294993
v 3.605006 -0.048664 0.290000
v 3.605218 -0.047366 0.294782
v 3.605006 -0.040000 0.298664
v 3.610000 -0.044993 0.298664
v 3.605218 -0.044782 0.297366
v 3.601336 -0.044993 0.290000
v 3.601336 -0.040000 0.294993
v 3.602634 -0.044782 0.294782
v 3.610000 0.040000 -0.300000
v 3.600000 0.040000 -0.290000
v 3.610000 0.050000 -0.290000
v 3.605006 0.040000 -0.298664
v 3.610000 0.044993 -0.298664
v 3.605218 0.044782 -0.297366
v 3.601336 0.044993 -0.290000
v 3.601336 0.040000 -0.294993
v 3.602634 0.044782 -0.294782
v 3.610000 0.048664 -0.294993
v 3.605006 0.048664 -0.290000
v 3.605218 0.047366 -0.294782
v 3.610000 0.040000 0.300000
v 3.610000 0.050000 0.290000
v 3.600000 0.040000 0.290000
v 3.610000 0.044993 0.298664
v 3.605006 0.040000 0.298664
v 3.605218 0.044782 0.297366
v 3.605006 0.048664 0.290000
v 3.610000 0.048664 0.294993
v 3.605218 0.047366 0.294782
v 3.601336 0.040000 0.294993
v 3.601336 0.044993 0.290000
v 3.602634 0.044782 0.294782
v 4.390000 -0.040000 -0.300000
v 4.400000 -0.040000 -0.290000
v 4.390000 -0.050000 -0.290000
v 4.394993 -0.040000 -0.298664
v 4.390000 -0.044993 -0.298664
v 4.394782 -0.044782 -0.297366
v 4.398664 -0.044993 -0.290000
v 4.398664 -0.040000 -0.294993
v 4.397367 -0.044782 -0.294782
v 4.390000 -0.048664 -0.294993
v 4.394993 -0.048664 -0.290000
v 4.394782 -0.047366 -0.294782
v 4.390000 -0.040000 0.300000
v 4.390000 -0.050000 0.290000
v 4.400000 -0.040000 0.290000
v 4.390000 -0.044993 0.298664
v 4.394993 -0.040000 0.298664
v 4.394782 -0.044782 0.297366
v 4.394993 -0.048664 0.290000
v 4.390000 -0.048664 0.294993
v 4.394782 -0.047366 0.294782
v 4.398664 -0.040000 0.294993
v 4.398664 -0.044993 0.290000
v 4.397367 -0.044782 0.294782
v 4.390000 0.040000 -0.300000
v 4.390000 0.050000 -0.290000
v 4.400000 0.040000 -0.290000
v 4.390000 0.044993 -0.298664
v 4.394993 0.040000 -0.298664
v 4.394782 0.044782 -0.297366
v 4.394993 0.048664 -0.290000
v 4.390000 0.048664 -0.294993
v 4.394782 0.047366 -0.294782
v 4.398664 0.040000 -0.294993
v 4.398664 0.044993 -0.290000
v 4.397367 0.044782 -0.294782
v 4.390000 0.040000 0.300000
v 4.400000 0.040000 0.290000
v 4.390000 0.050000 0.290000
v 4.394993 0.040000 0.298664
v 4.390000 0.044993 0.298664
v 4.394782 0.044782 0.297366
v 4.398664 0.044993 0.290000
v 4.398664 0.040000 0.294993
v 4.397367 0.044782 0.294782
v 4.390000 0.048664 0.294993
v 4.394993 0.048664 0.290000
v 4.394782 0.047366 0.294782
v 3.685000 -0.075000 -0.175000
v 3.685000 -0.085000 -0.165000
v 3.675000 -0.075000 -0.165000
v 3.685000 -0.079993 -0.173664
v 3.680007 -0.075000 -0.173664
v 3.680218 -0.079782 -0.172366
v 3.680007 -0.083664 -0.165000
v 3.685000 -0.083664 -0.169993
v 3.680218 -0.082366 -0.169782
v 3.676336 -0.075000 -0.169993
v 3.676336 -0.079993 -0.165000
v 3.677634 -0.079782 -0.169782
v 3.685000 -0.085000 -0.135000
v 3.685000 -0.075000 -0.125000
v 3.675000 -0.075000 -0.135000
v 3.685000 -0.083664 -0.130007
v 3.680007 -0.083664 -0.135000
v 3.680218 -0.082366 -0.130218
v 3.680007 -0.075000 -0.126336
v 3.685000 -0.079993 -0.126336
v 3.680218 -0.079782 -0.127634
v 3.676336 -0.079993 -0.135000
v 3.676336 -0.075000 -0.130007
v 3.677634 -0.079782 -0.130218
v 3.685000 -0.045000 -0.175000
v 3.675000 -0.045000 -0.165000
v 3.685000 -0.035000 -0.165000
v 3.680007 -0.045000 -0.173664
v 3.685000 -0.040007 -0.173664
v 3.680218 -0.040218 -0.172366
v 3.676336 -0.040007 -0.165000
v 3.676336 -0.045000 -0.169993
v 3.677634 -0.040218 -0.169782
v 3.685000 -0.036336 -0.169993
v 3.680007 -0.036336 -0.165000
v 3.680218 -0.037634 -0.169782
v 3.685000 -0.045000 -0.125000
v 3.685000 -0.035000 -0.135000
v 3.675000 -0.045000 -0.135000
v 3.685000 -0.040007 -0.126336
v 3.680007 -0.045000 -0.126336
v 3.680218 -0.040218 -0.127634
v 3.680007 -0.036336 -0.135000
v 3.685000 -0.036336 -0.130007
v 3.680218 -0.037634 -0.130218
v 3.676336 -0.045000 -0.130007
v 3.676336 -0.040007 -0.135000
v 3.677634 -0.040218 -0.130218
v 3.715000 -0.075000 -0.175000
v 3.725000 -0.075000 -0.165000
v 3.715000 -0.085000 -0.165000
v 3.719993 -0.075000 -0.173664
v 3.715000 -0.079993 -0.173664
v 3.719782 -0.079782 -0.172366
v 3.723664 -0.079993 -0.165000
v 3.723664 -0.075000 -0.169993
v 3.722366 -0.079782 -0.169782
v 3.715000 -0.083664 -0.169993
v 3.719993 -0.083664 -0.165000
v 3.719782 -0.082366 -0.169782
v 3.715000 -0.075000 -0.125000
v 3.715000 -0.085000 -0.135000
v 3.725000 -0.075000 -0.135000
v 3.715000 -0.079993 -0.126336
v 3.719993 -0.075000 -0.126336
v 3.719782 -0.079782 -0.127634
v 3.719993 -0.083664 -0.135000
v 3.715000 -0.083664 -0.130007
v 3.719782 -0.082366 -0.130218
v 3.723664 -0.075000 -0.130007
v 3.723664 -0.079993 -0.135000
v 3.722366 -0.079782 -0.130218
v 3.715000 -0.045000 -0.175000
v 3.715000 -0.035000 -0.165000
v 3.725000 -0.045000 -0.165000
v 3.715000 -0.040007 -0.173664
v 3.719993 -0.045000 -0.173664
v 3.719782 -0.040218 -0.172366
v 3.719993 -0.036336 -0.165000
v 3.715000 -0.036336 -0.169993
v 3.719782 -0.037634 -0.169782
v 3.723664 -0.045000 -0.169993
v 3.723664 -0.040007 -0.165000
v 3.722366 -0.040218 -0.169782
v 3.715000 -0.045000 -0.125000
v 3.725000 -0.045000 -0.135000
v 3.715000 -0.035000 -0.135000
v 3.719993 -0.045000 -0.126336
v 3.715000 -0.040007 -0.126336
v 3.719782 -0.040218 -0.127634
v 3.723664 -0.040007 -0.135000
v 3.723664 -0.045000 -0.130007
v 3.722366 -0.040218 -0.130218
v 3.715000 -0.036336 -0.130007
v 3.719993 -0.036336 -0.135000
v 3.719782 -0.037634 -0.130218
v 3.685000 -0.075000 -0.025000
v 3.685000 -0.085000 -0.015000
v 3.675000 -0.075000 -0.015000
v 3.685000 -0.079993 -0.023664
v 3.680007 -0.075000 -0.023664
v 3.680218 -0.079782 -0.022366
v 3.680007 -0.083664 -0.015000
v 3.685000 -0.083664 -0.019993
v 3.680218 -0.082366 -0.019782
v 3.676336 -0.075000 -0.019993
v 3.676336 -0.079993 -0.015000
v 3.677634 -0.079782 -0.019782
v 3.685000 -0.085000 0.015000
v 3.685000 -0.075000 0.025000
v 3.675000 -0.075000 0.015000
v 3.685000 -0.083664 0.019993
v 3.680007 -0.083664 0.015000
v 3.680218 -0.082366 0.019782
v 3.680007 -0.075000 0.023664
v 3.685000 -0.079993 0.023664
v 3.680218 -0.079782 0.022366
v 3.676336 -0.079993 0.015000
v 3.676336 -0.075000 0.019993
v 3.677634 -0.079782 0.019782
v 3.685000 -0.045000 -0.025000
v 3.675000 -0.045000 -0.015000
v 3.685000 -0.035000 -0.015000
v 3.680007 -0.045000 -0.023664
v 3.685000 -0.040007 -0.023664
v 3.680218 -0.040218 -0.022366
v 3.676336 -0.040007 -0.015000
v 3.676336 -0.045000 -0.019993
v 3.677634 -0.040218 -0.019782
v 3.685000 -0.036336 -0.019993
v 3.680007 -0.036336 -0.015000
v 3.680218 -0.037634 -0.019782
v 3.685000 -0.045000 0.025000
v 3.685000 -0.035000 0.015000
v 3.675000 -0.045000 0.015000
v 3.685000 -0.040007 0.023664
v 3.680007 -0.045000 0.023664
v 3.680218 -0.040218 0.022366
v 3.680007 -0.036336 0.015000
v 3.685000 -0.036336 0.019993
v 3.680218 -0.037634 0.019782
v 3.676336 -0.045000 0.019993
v 3.676336 -0.040007 0.015000
v 3.677634 -0.040218 0.019782
v 3.715000 -0.075000 -0.025000
v 3.725000 -0.075000 -0.015000
v 3.715000 -0.085000 -0.015000
v 3.719993 -0.075000 -0.023664
v 3.715000 -0.079993 -0.023664
v 3.719782 -0.079782 -0.022366
v 3.723664 -0.079993 -0.015000
v 3.723664 -0.075000 -0.019993
v 3.722366 -0.079782 -0.019782
v 3.715000 -0.083664 -0.019993
v 3.719993 -0.083664 -0.015000
v 3.719782 -0.082366 -0.019782
v 3.715000 -0.075000 0.025000
v 3.715000 -0.085000 0.015000
v 3.725000 -0.075000 0.015000
v 3.715000 -0.079993 0.023664
v 3.719993 -0.075000 0.023664
v 3.719782 -0.079782 0.022366
v 3.719993 -0.083664 0.015000
v 3.715000 -0.083664 0.019993
v 3.719782 -0.082366 0.019782
v 3.723664 -0.075000 0.019993
v 3.723664 -0.079993 0.015000
v 3.722366 -0.079782 0.019782
v 3.715000 -0.045000 -0.025000
v 3.715000 -0.035000 -0.015000
v 3.725000 -0.045000 -0.015000
v 3.715000 -0.040007 -0.023664
v 3.719993 -0.045000 -0.023664
v 3.719782 -0.040218 -0.022366
v 3.719993 -0.036336 -0.015000
v 3.715000 -0.036336 -0.019993
v 3.719782 -0.037634 -0.019782
v 3.723664 -0.045000 -0.019993
v 3.723664 -0.040007 -0.015000
v 3.722366 -0.040218 -0.019782
v 3.715000 -0.045000 0.025000
v 3.725000 -0.045000 0.015000
v 3.715000 -0.035000 0.015000
v 3.719993 -0.045000 0.023664
v 3.715000 -0.040007 0.023664
v 3.719782 -0.040218 0.022366
v 3.723664 -0.040007 0.015000
v 3.723664 -0.045000 0.019993
v 3.722366 -0.040218 0.019782
v 3.715000 -0.036336 0.019993
v 3.719993 -0.036336 0.015000
v 3.719782 -0.037634 0.019782
v 3.685000 -0.075000 0.125000
v 3.685000 -0.085000 0.135000
v 3.675000 -0.075000 0.135000
v 3.685000 -0.079993 0.126336
v 3.680007 -0.075000 0.126336
v 3.680218 -0.079782 0.127634
v 3.680007 -0.083664 0.135000
v 3.685000 -0.083664 0.130007
v 3.680218 -0.082366 0.130218
v 3.676336 -0.075000 0.130007
v 3.676336 -0.079993 0.135000
v 3.677634 -0.079782 0.130218
v 3.685000 -0.085000 0.165000
v 3.685000 -0.075000 0.175000
v 3.675000 -0.075000 0.165000
v 3.685000 -0.083664 0.169993
v 3.680007 -0.083664 0.165000
v 3.680218 -0.082366 0.169782
v 3.680007 -0.075000 0.173664
v 3.685000 -0.079993 0.173664
v 3.680218 -0.079782 0.172366
v 3.676336 -0.079993 0.165000
v 3.676336 -0.075000 0.169993
v 3.677634 -0.079782 0.169782
v 3.685000 -0.045000 0.125000
v 3.675000 -0.045000 0.135000
v 3.685000 -0.035000 0.135000
v 3.680007 -0.045000 0.126336
v 3.685000 -0.040007 0.126336
v 3.680218 -0.040218 0.127634
v 3.676336 -0.040007 0.135000
v 3.676336 -0.045000 0.130007
v 3.677634 -0.040218 0.130218
v 3.685000 -0.036336 0.130007
v 3.680007 -0.036336 0.135000
v 3.680218 -0.037634 0.130218
v 3.685000 -0.045000 0.175000
v 3.685000 -0.035000 0.165000
v 3.675000 -0.045000 0.165000
v 3.685000 -0.040007 0.173664
v 3.680007 -0.045000 0.173664
v 3.680218 -0.040218 0.172366
v 3.680007 -0.036336 0.165000
v 3.685000 -0.036336 0.169993
v 3.680218 -0.037634 0.169782
v 3.676336 -0.045000 0.169993
v 3.676336 -0.040007 0.165000
v 3.677634 -0.040218 0.169782
v 3.715000 -0.075000 0.125000
v 3.725000 -0.075000 0.135000
v 3.715000 -0.085000 0.135000
v 3.719993 -0.075000 0.126336
v 3.715000 -0.079993 0.126336
v 3.719782 -0.079782 0.127634
v 3.723664 -0.079993 0.135000
v 3.723664 -0.075000 0.130007
v 3.722366 -0.079782 0.130218
v 3.715000 -0.083664 0.130007
v 3.719993 -0.083664 0.135000
v 3.719782 -0.082366 0.130218
v 3.715000 -0.075000 0.175000
v 3.715000 -0.085000 0.165000
v 3.725000 -0.075000 0.165000
v 3.715000 -0.079993 0.173664
v 3.719993 -0.075000 0.173664
v 3.719782 -0.079782 0.172366
v 3.719993 -0.083664 0.165000
v 3.715000 -0.083664 0.169993
v 3.719782 -0.082366 0.169782
v 3.723664 -0.075000 0.169993
v 3.723664 -0.079993 0.165000
v 3.722366 -0.079782 0.169782
v 3.715000 -0.045000 0.125000
v 3.715000 -0.035000 0.135000
v 3.725000 -0.045000 0.135000
v 3.715000 -0.040007 0.126336
v 3.719993 -0.045000 0.126336
v 3.719782 -0.040218 0.127634
v 3.719993 -0.036336 0.135000
v 3.715000 -0.036336 0.130007
v 3.719782 -0.037634 0.130218
v 3.723664 -0.045000 0.130007
v 3.723664 -0.040007 0.135000
v 3.722366 -0.040218 0.130218
v 3.715000 -0.045000 0.175000
v 3.725000 -0.045000 0.165000
v 3.715000 -0.035000 0.165000
v 3.719993 -0.045000 0.173664
v 3.715000 -0.040007 0.173664
v 3.719782 -0.040218 0.172366
v 3.723664 -0.040007 0.165000
v 3.723664 -0.045000 0.169993
v 3.722366 -0.040218 0.169782
v 3.715000 -0.036336 0.169993
v 3.719993 -0.036336 0.165000
v 3.719782 -0.037634 0.169782
v 3.835000 -0.075000 -0.175000
v 3.835000 -0.085000 -0.165000
v 3.825000 -0.075000 -0.165000
v 3.835000 -0.079993 -0.173664
v 3.830007 -0.075000 -0.173664
v 3.830218 -0.079782 -0.172366
v 3.830007 -0.083664 -0.165000
v 3.835000 -0.083664 -0.169993
v 3.830218 -0.082366 -0.169782
v 3.826336 -0.075000 -0.169993
v 3.826336 -0.079993 -0.165000
v 3.827634 -0.079782 -0.169782
v 3.835000 -0.085000 -0.135000
v 3.835000 -0.075000 -0.125000
v 3.825000 -0.075000 -0.135000
v 3.835000 -0.083664 -0.130007
v 3.830007 -0.083664 -0.135000
v 3.830218 -0.082366 -0.130218
v 3.830007 -0.075000 -0.126336
v 3.835000 -0.079993 -0.126336
v 3.830218 -0.079782 -0.127634
v 3.826336 -0.079993 -0.135000
v 3.826336 -0.075000 -0.130007
v 3.827634 -0.079782 -0.130218
v 3.835000 -0.045000 -0.175000
v 3.825000 -0.045000 -0.165000
v 3.835000 -0.035000 -0.165000
v 3.830007 -0.045000 -0.173664
v 3.835000 -0.040007 -0.173664
v 3.830218 -0.040218 -0.172366
v 3.826336 -0.040007 -0.165000
v 3.826336 -0.045000 -0.169993
v 3.827634 -0.040218 -0.169782
v 3.835000 -0.036336 -0.169993
v 3.830007 -0.036336 -0.165000
v 3.830218 -0.037634 -0.169782
v 3.835000 -0.045000 -0.125000
v 3.835000 -0.035000 -0.135000
v 3.825000 -0.045000 -0.135000
v 3.835000 -0.040007 -0.126336
v 3.830007 -0.045000 -0.126336
v 3.830218 -0.040218 -0.127634
v 3.830007 -0.036336 -0.135000
v 3.835000 -0.036336 -0.130007
v 3.830218 -0.037634 -0.130218
v 3.826336 -0.045000 -0.130007
v 3.826336 -0.040007 -0.135000
v 3.827634 -0.040218 -0.130218
v 3.865000 -0.075000 -0.175000
v 3.875000 -0.075000 -0.165000
v 3.865000 -0.085000 -0.165000
v 3.869993 -0.075000 -0.173664
v 3.865000 -0.079993 -0.173664
v 3.869782 -0.079782 -0.172366
v 3.873664 -0.079993 -0.165000
v 3.873664 -0.075000 -0.169993
v 3.872366 -0.079782 -0.169782
v 3.865000 -0.083664 -0.169993
v 3.869993 -0.083664 -0.165000
v 3.869782 -0.082366 -0.169782
v 3.865000 -0.075000 -0.125000
v 3.865000 -0.085000 -0.135000
v 3.875000 -0.075000 -0.135000
v 3.865000 -0.079993 -0.126336
v 3.869993 -0.075000 -0.126336
v 3.869782 -0.079782 -0.127634
v 3.869993 -0.083664 -0.135000
v 3.865000 -0.083664 -0.130007
v 3.869782 -0.082366 -0.130218
v 3.873664 -0.075000 -0.130007
v 3.873664 -0.079993 -0.135000
v 3.872366 -0.079782 -0.130218
v 3.865000 -0.045000 -0.175000
v 3.865000 -0.035000 -0.165000
v 3.875000 -0.045000 -0.165000
v 3.865000 -0.040007 -0.173664
v 3.869993 -0.045000 -0.173664
v 3.869782 -0.040218 -0.172366
v 3.869993 -0.036336 -0.165000
v 3.865000 -0.036336 -0.169993
v 3.869782 -0.037634 -0.169782
v 3.873664 -0.045000 -0.169993
v 3.873664 -0.040007 -0.165000
v 3.872366 -0.040218 -0.169782
v 3.865000 -0.045000 -0.125000
v 3.875000 -0.045000 -0.135000
v 3.865000 -0.035000 -0.135000
v 3.869993 -0.045000 -0.126336
v 3.865000 -0.040007 -0.126336
v 3.869782 -0.040218 -0.127634
v 3.873664 -0.040007 -0.135000
v 3.873664 -0.045000 -0.130007
v 3.872366 -0.040218 -0.130218
v 3.865000 -0.036336 -0.130007
v 3.869993 -0.036336 -0.135000
v 3.869782 -0.037634 -0.130218
v 3.835000 -0.075000 -0.025000
v 3.835000 -0.085000 -0.015000
v 3.825000 -0.075000 -0.015000
v 3.835000 -0.079993 -0.023664
v 3.830007 -0.075000 -0.023664
v 3.830218 -0.079782 -0.022366
v 3.830007 -0.083664 -0.015000
v 3.835000 -0.083664 -0.019993
v 3.830218 -0.082366 -0.019782
v 3.826336 -0.075000 -0.019993
v 3.826336 -0.079993 -0.015000
v 3.827634 -0.079782 -0.019782
v 3.835000 -0.085000 0.015000
v 3.835000 -0.075000 0.025000
v 3.825000 -0.075000 0.015000
v 3.835000 -0.083664 0.019993
v 3.830007 -0.083664 0.015000
v 3.830218 -0.082366 0.019782
v 3.830007 -0.075000 0.023664
v 3.835000 -0.079993 0.023664
v 3.830218 -0.079782 0.022366
v 3.826336 -0.079993 0.015000
v 3.826336 -0.075000 0.019993
v 3.827634 -0.079782 0.019782
v 3.835000 -0.045000 -0.025000
v 3.825000 -0.045000 -0.015000
v 3.835000 -0.035000 -0.015000
v 3.830007 -0.045000 -0.023664
v 3.835000 -0.040007 -0.023664
v 3.830218 -0.040218 -0.022366
v 3.826336 -0.040007 -0.015000
v 3.826336 -0.045000 -0.019993
v 3.827634 -0.040218 -0.019782
v 3.835000 -0.036336 -0.019993
v 3.830007 -0.036336 -0.015000
v 3.830218 -0.037634 -0.019782
v 3.835000 -0.045000 0.025000
v 3.835000 -0.035000 0.015000
v 3.825000 -0.045000 0.015000
v 3.835000 -0.040007 0.023664
v 3.830007 -0.045000 0.023664
v 3.830218 -0.040218 0.022366
v 3.830007 -0.036336 0.015000
v 3.835000 -0.036336 0.019993
v 3.830218 -0.037634 0.019782
v 3.826336 -0.045000 0.019993
v 3.826336 -0.040007 0.015000
v 3.827634 -0.040218 0.019782
v 3.865000 -0.075000 -0.025000
v 3.875000 -0.075000 -0.015000
v 3.865000 -0.085000 -0.015000
v 3.869993 -0.075000 -0.023664
v 3.865000 -0.079993 -0.023664
v 3.869782 -0.079782 -0.022366
v 3.873664 -0.079993 -0.015000
v 3.873664 -0.075000 -0.019993
v 3.872366 -0.079782 -0.019782
v 3.865000 -0.083664 -0.019993
v 3.869993 -0.083664 -0.015000
v 3.869782 -0.082366 -0.019782
v 3.865000 -0.075000 0.025000
v 3.865000 -0.085000 0.015000
v 3.875000 -0.075000 0.015000
v 3.865000 -0.079993 0.023664
v 3.869993 -0.075000 0.023664
v 3.869782 -0.079782 0.022366
v 3.869993 -0.083664 0.015000
v 3.865000 -0.083664 0.019993
v 3.869782 -0.082366 0.019782
v 3.873664 -0.075000 0.019993
v 3.873664 -0.079993 0.015000
v 3.872366 -0.079782 0.019782
v 3.865000 -0.045000 -0.025000
v 3.865000 -0.035000 -0.015000
v 3.875000 -0.045000 -0.015000
v 3.865000 -0.040007 -0.023664
v 3.869993 -0.045000 -0.023664
v 3.869782 -0.040218 -0.022366
v 3.869993 -0.036336 -0.015000
v 3.865000 -0.036336 -0.019993
v 3.869782 -0.037634 -0.019782
v 3.873664 -0.045000 -0.019993
v 3.873664 -0.040007 -0.015000
v 3.872366 -0.040218 -0.019782
v 3.865000 -0.045000 0.025000
v 3.875000 -0.045000 0.015000
v 3.865000 -0.035000 0.015000
v 3.869993 -0.045000 0.023664
v 3.865000 -0.040007 0.023664
v 3.869782 -0.040218 0.022366
v 3.873664 -0.040007 0.015000
v 3.873664 -0.045000 0.019993
v 3.872366 -0.040218 0.019782
v 3.865000 -0.036336 0.019993
v 3.869993 -0.036336 0.015000
v 3.869782 -0.037634 0.019782
v 3.835000 -0.075000 0.125000
v 3.835000 -0.085000 0.135000
v 3.825000 -0.075000 0.135000
v 3.835000 -0.079993 0.126336
v 3.830007 -0.075000 0.126336
v 3.830218 -0.079782 0.127634
v 3.830007 -0.083664 0.135000
v 3.835000 -0.083664 0.130007
v 3.830218 -0.082366 0.130218
v 3.826336 -0.075000 0.130007
v 3.826336 -0.079993 0.135000
v 3.827634 -0.079782 0.130218
v 3.835000 -0.085000 0.165000
v 3.835000 -0.075000 0.175000
v 3.825000 -0.075000 0.165000
v 3.835000 -0.083664 0.169993
v 3.830007 -0.083664 0.165000
v 3.830218 -0.082366 0.169782
v 3.830007 -0.075000 0.173664
v 3.835000 -0.079993 0.173664
v 3.830218 -0.079782 0.172366
v 3.826336 -0.079993 0.165000
v 3.826336 -0.075000 0.169993
v 3.827634 -0.079782 0.169782
v 3.835000 -0.045000 0.125000
v 3.825000 -0.045000 0.135000
v 3.835000 -0.035000 0.135000
v 3.830007 -0.045000 0.126336
v 3.835000 -0.040007 0.126336
v 3.830218 -0.040218 0.127634
v 3.826336 -0.040007 0.135000
v 3.826336 -0.045000 0.130007
v 3.827634 -0.040218 0.130218
v 3.835000 -0.036336 0.130007
v 3.830007 -0.036336 0.135000
v 3.830218 -0.037634 0.130218
v 3.835000 -0.045000 0.175000
v 3.835000 -0.035000 0.165000
v 3.825000 -0.045000 0.165000
v 3.835000 -0.040007 0.173664
v 3.830007 -0.045000 0.173664
v 3.830218 -0.040218 0.172366
v 3.830007 -0.036336 0.165000
v 3.835000 -0.036336 0.169993
v 3.830218 -0.037634 0.169782
v 3.826336 -0.045000 0.169993
v 3.826336 -0.040007 0.165000
v 3.827634 -0.040218 0.169782
v 3.865000 -0.075000 0.125000
v 3.875000 -0.075000 0.135000
v 3.865000 -0.085000 0.135000
v 3.869993 -0.075000 0.126336
v 3.865000 -0.079993 0.126336
v 3.869782 -0.079782 0.127634
v 3.873664 -0.079993 0.135000
v 3.873664 -0.075000 0.130007
v 3.872366 -0.079782 0.130218
v 3.865000 -0.083664 0.130007
v 3.869993 -0.083664 0.135000
v 3.869782 -0.082366 0.130218
v 3.865000 -0.075000 0.175000
v 3.865000 -0.085000 0.165000
v 3.875000 -0.075000 0.165000
v 3.865000 -0.079993 0.173664
v 3.869993 -0.075000 0.173664
v 3.869782 -0.079782 0.172366
v 3.869993 -0.083664 0.165000
v 3.865000 -0.083664 0.169993
v 3.869782 -0.082366 0.169782
v 3.873664 -0.075000 0.169993
v 3.873664 -0.079993 0.165000
v 3.872366 -0.079782 0.169782
v 3.865000 -0.045000 0.125000
v 3.865000 -0.035000 0.135000
v 3.875000 -0.045000 0.135000
v 3.865000 -0.040007 0.126336
v 3.869993 -0.045000 0.126336
v 3.869782 -0.040218 0.127634
v 3.869993 -0.036336 0.135000
v 3.865000 -0.036336 0.130007
v 3.869782 -0.037634 0.130218
v 3.873664 -0.045000 0.130007
v 3.873664 -0.040007 0.135000
v 3.872366 -0.040218 0.130218
v 3.865000 -0.045000 0.175000
v 3.875000 -0.045000 0.165000
v 3.865000 -0.035000 0.165000
v 3.869993 -0.045000 0.173664
v 3.865000 -0.040007 0.173664
v 3.869782 -0.040218 0.172366
v 3.873664 -0.040007 0.165000
v 3.873664 -0.045000 0.169993
v 3.872366 -0.040218 0.169782
v 3.865000 -0.036336 0.169993
v 3.869993 -0.036336 0.165000
v 3.869782 -0.037634 0.169782
v 3.985000 -0.075000 -0.175000
v 3.985000 -0.085000 -0.165000
v 3.975000 -0.075000 -0.165000
v 3.985000 -0.079993 -0.173664
v 3.980006 -0.075000 -0.173664
v 3.980218 -0.079782 -0.172366
v 3.980006 -0.083664 -0.165000
v 3.985000 -0.083664 -0.169993
v 3.980218 -0.082366 -0.169782
v 3.976336 -0.075000 -0.169993
v 3.976336 -0.079993 -0.165000
v 3.977634 -0.079782 -0.169782
v 3.985000 -0.085000 -0.135000
v 3.985000 -0.075000 -0.125000
v 3.975000 -0.075000 -0.135000
v 3.985000 -0.083664 -0.130007
v 3.980006 -0.083664 -0.135000
v 3.980218 -0.082366 -0.130218
v 3.980006 -0.075000 -0.126336
v 3.985000 -0.079993 -0.126336
v 3.980218 -0.079782 -0.127634
v 3.976336 -0.079993 -0.135000
v 3.976336 -0.075000 -0.130007
v 3.977634 -0.079782 -0.130218
v 3.985000 -0.045000 -0.175000
v 3.975000 -0.045000 -0.165000
v 3.985000 -0.035000 -0.165000
v 3.980006 -0.045000 -0.173664
v 3.985000 -0.040007 -0.173664
v 3.980218 -0.040218 -0.172366
v 3.976336 -0.040007 -0.165000
v 3.976336 -0.045000 -0.169993
v 3.977634 -0.040218 -0.169782
v 3.985000 -0.036336 -0.169993
v 3.980006 -0.036336 -0.165000
v 3.980218 -0.037634 -0.169782
v 3.985000 -0.045000 -0.125000
v 3.985000 -0.035000 -0.135000
v 3.975000 -0.045000 -0.135000
v 3.985000 -0.040007 -0.126336
v 3.980006 -0.045000 -0.126336
v 3.980218 -0.040218 -0.127634
v 3.980006 -0.036336 -0.135000
v 3.985000 -0.036336 -0.130007
v 3.980218 -0.037634 -0.130218
v 3.976336 -0.045000 -0.130007
v 3.976336 -0.040007 -0.135000
v 3.977634 -0.040218 -0.130218
v 4.015000 -0.075000 -0.175000
v 4.025000 -0.075000 -0.165000
v 4.015000 -0.085000 -0.165000
v 4.019993 -0.075000 -0.173664
v 4.015000 -0.079993 -0.173664
v 4.019782 -0.079782 -0.172366
v 4.023664 -0.079993 -0.165000
v 4.023664 -0.075000 -0.169993
v 4.022367 -0.079782 -0.169782
v 4.015000 -0.083664 -0.169993
v 4.019993 -0.083664 -0.165000
v 4.019782 -0.082366 -0.169782
v 4.015000 -0.075000 -0.125000
v 4.015000 -0.085000 -0.135000
v 4.025000 -0.075000 -0.135000
v 4.015000 -0.079993 -0.126336
v 4.019993 -0.075000 -0.126336
v 4.019782 -0.079782 -0.127634
v 4.019993 -0.083664 -0.135000
v 4.015000 -0.083664 -0.130007
v 4.019782 -0.082366 -0.130218
v 4.023664 -0.075000 -0.130007
v 4.023664 -0.079993 -0.135000
v 4.022367 -0.079782 -0.130218
v 4.015000 -0.045000 -0.175000
v 4.015000 -0.035000 -0.165000
v 4.025000 -0.045000 -0.165000
v 4.015000 -0.040007 -0.173664
v 4.019993 -0.045000 -0.173664
v 4.019782 -0.040218 -0.172366
v 4.019993 -0.036336 -0.165000
v 4.015000 -0.036336 -0.169993
v 4.019782 -0.037634 -0.169782
v 4.023664 -0.045000 -0.169993
v 4.023664 -0.040007 -0.165000
v 4.022367 -0.040218 -0.169782
v 4.015000 -0.045000 -0.125000
v 4.025000 -0.045000 -0.135000
v 4.015000 -0.035000 -0.135000
v 4.019993 -0.045000 -0.126336
v 4.015000 -0.040007 -0.126336
v 4.019782 -0.040218 -0.127634
v 4.023664 -0.040007 -0.135000
v 4.023664 -0.045000 -0.130007
v 4.022367 -0.040218 -0.130218
v 4.015000 -0.036336 -0.130007
v 4.019993 -0.036336 -0.135000
v 4.019782 -0.037634 -0.130218
v 3.985000 -0.075000 -0.025000
v 3.985000 -0.085000 -0.015000
v 3.975000 -0.075000 -0.015000
v 3.985000 -0.079993 -0.023664
v 3.980006 -0.075000 -0.023664
v 3.980218 -0.079782 -0.022366
v 3.980006 -0.083664 -0.015000
v 3.985000 -0.083664 -0.019993
v 3.980218 -0.082366 -0.019782
v 3.976336 -0.075000 -0.019993
v 3.976336 -0.079993 -0.015000
v 3.977634 -0.079782 -0.019782
v 3.985000 -0.085000 0.015000
v 3.985000 -0.075000 0.025000
v 3.975000 -0.075000 0.015000
v 3.985000 -0.083664 0.019993
v 3.980006 -0.083664 0.015000
v 3.980218 -0.082366 0.019782
v 3.980006 -0.075000 0.023664
v 3.985000 -0.079993 0.023664
v 3.980218 -0.079782 0.022366
v 3.976336 -0.079993 0.015000
v 3.976336 -0.075000 0.019993
v 3.977634 -0.079782 0.019782
v 3.985000 -0.045000 -0.025000
v 3.975000 -0.045000 -0.015000
v 3.985000 -0.035000 -0.015000
v 3.980006 -0.045000 -0.023664
v 3.985000 -0.040007 -0.023664
v 3.980218 -0.040218 -0.022366
v 3.976336 -0.040007 -0.015000
v 3.976336 -0.045000 -0.019993
v 3.977634 -0.040218 -0.019782
v 3.985000 -0.036336 -0.019993
v 3.980006 -0.036336 -0.015000
v 3.980218 -0.037634 -0.019782
v 3.985000 -0.045000 0.025000
v 3.985000 -0.035000 0.015000
v 3.975000 -0.045000 0.015000
v 3.985000 -0.040007 0.023664
v 3.980006 -0.045000 0.023664
v 3.980218 -0.040218 0.022366
v 3.980006 -0.036336 0.015000
v 3.985000 -0.036336 0.019993
v 3.980218 -0.037634 0.019782
v 3.976336 -0.045000 0.019993
v 3.976336 -0.040007 0.015000
v 3.977634 -0.040218 0.019782
v 4.015000 -0.075000 -0.025000
v 4.025000 -0.075000 -0.015000
v 4.015000 -0.085000 -0.015000
v 4.019993 -0.075000 -0.023664
v 4.015000 -0.079993 -0.023664
v 4.019782 -0.079782 -0.022366
v 4.023664 -0.079993 -0.015000
v 4.023664 -0.075000 -0.019993
v 4.022367 -0.079782 -0.019782
v 4.015000 -0.083664 -0.019993
v 4.019993 -0.083664 -0.015000
v 4.019782 -0.082366 -0.019782
v 4.015000 -0.075000 0.025000
v 4.015000 -0.085000 0.015000
v 4.025000 -0.075000 0.015000
v 4.015000 -0.079993 0.023664
v 4.019993 -0.075000 0.023664
v 4.019782 -0.079782 0.022366
v 4.019993 -0.083664 0.015000
v 4.015000 -0.083664 0.019993
v 4.019782 -0.082366 0.019782
v 4.023664 -0.075000 0.019993
v 4.023664 -0.079993 0.015000
v 4.022367 -0.079782 0.019782
v 4.015000 -0.045000 -0.025000
v 4.015000 -0.035000 -0.015000
v 4.025000 -0.045000 -0.015000
v 4.015000 -0.040007 -0.023664
v 4.019993 -0.045000 -0.023664
v 4.019782 -0.040218 -0.022366
v 4.019993 -0.036336 -0.015000
v 4.015000 -0.036336 -0.019993
v 4.019782 -0.037634 -0.019782
v 4.023664 -0.045000 -0.019993
v 4.023664 -0.040007 -0.015000
v 4.022367 -0.040218 -0.019782
v 4.015000 -0.045000 0.025000
v 4.025000 -0.045000 0.015000
v 4.015000 -0.035000 0.015000
v 4.019993 -0.045000 0.023664
v 4.015000 -0.040007 0.023664
v 4.019782 -0.040218 0.022366
v 4.023664 -0.040007 0.015000
v 4.023664 -0.045000 0.019993
v 4.022367 -0.040218 0.019782
v 4.015000 -0.036336 0.019993
v 4.019993 -0.036336 0.015000
v 4.019782 -0.037634 0.019782
v 3.985000 -0.075000 0.125000
v 3.985000 -0.085000 0.135000
v 3.975000 -0.075000 0.135000
v 3.985000 -0.079993 0.126336
v 3.980006 -0.075000 0.126336
v 3.980218 -0.079782 0.127634
v 3.980006 -0.083664 0.135000
v 3.985000 -0.083664 0.130007
v 3.980218 -0.082366 0.130218
v 3.976336 -0.075000 0.130007
v 3.976336 -0.079993 0.135000
v 3.977634 -0.079782 0.130218
v 3.985000 -0.085000 0.165000
v 3.985000 -0.075000 0.175000
v 3.975000 -0.075000 0.165000
v 3.985000 -0.083664 0.169993
v 3.980006 -0.083664 0.165000
v 3.980218 -0.082366 0.169782
v 3.980006 -0.075000 0.173664
v 3.985000 -0.079993 0.173664
v 3.980218 -0.079782 0.172366
v 3.976336 -0.079993 0.165000
v 3.976336 -0.075000 0.169993
v 3.977634 -0.079782 0.169782
v 3.985000 -0.045000 0.125000
v 3.975000 -0.045000 0.135000
v 3.985000 -0.035000 0.135000
v 3.980006 -0.045000 0.126336
v 3.985000 -0.040007 0.126336
v 3.980218 -0.040218 0.127634
v 3.976336 -0.040007 0.135000
v 3.976336 -0.045000 0.130007
v 3.977634 -0.040218 0.130218
v 3.985000 -0.036336 0.130007
v 3.980006 -0.036336 0.135000
v 3.980218 -0.037634 0.130218
v 3.985000 -0.045000 0.175000
v 3.985000 -0.035000 0.165000
v 3.975000 -0.045000 0.165000
v 3.985000 -0.040007 0.173664
v 3.980006 -0.045000 0.173664
v 3.980218 -0.040218 0.172366
v 3.980006 -0.036336 0.165000
v 3.985000 -0.036336 0.169993
v 3.980218 -0.037634 0.169782
v 3.976336 -0.045000 0.169993
v 3.976336 -0.040007 0.165000
v 3.977634 -0.040218 0.169782
v 4.015000 -0.075000 0.125000
v 4.025000 -0.075000 0.135000
v 4.015000 -0.085000 0.135000
v 4.019993 -0.075000 0.126336
v 4.015000 -0.079993 0.126336
v 4.019782 -0.079782 0.127634
v 4.023664 -0.079993 0.135000
v 4.023664 -0.075000 0.130007
v 4.022367 -0.079782 0.130218
v 4.015000 -0.083664 0.130007
v 4.019993 -0.083664 0.135000
v 4.019782 -0.082366 0.130218
v 4.015000 -0.075000 0.175000
v 4.015000 -0.085000 0.165000
v 4.025000 -0.075000 0.165000
v 4.015000 -0.079993 0.173664
v 4.019993 -0.075000 0.173664
v 4.019782 -0.079782 0.172366
v 4.019993 -0.083664 0.165000
v 4.015000 -0.083664 0.169993
v 4.019782 -0.082366 0.169782
v 4.023664 -0.075000 0.169993
v 4.023664 -0.079993 0.165000
v 4.022367 -0.079782 0.169782
v 4.015000 -0.045000 0.125000
v 4.015000 -0.035000 0.135000
v 4.025000 -0.045000 0.135000
v 4.015000 -0.040007 0.126336
v 4.019993 -0.045000 0.126336
v 4.019782 -0.040218 0.127634
v 4.019993 -0.036336 0.135000
v 4.015000 -0.036336 0.130007
v 4.019782 -0.037634 0.130218
v 4.023664 -0.045000 0.130007
v 4.023664 -0.040007 0.135000
v 4.022367 -0.040218 0.130218
v 4.015000 -0.045000 0.175000
v 4.025000 -0.045000 0.165000
v 4.015000 -0.035000 0.165000
v 4.019993 -0.045000 0.173664
v 4.015000 -0.040007 0.173664
v 4.019782 -0.040218 0.172366
v 4.023664 -0.040007 0.165000
v 4.023664 -0.045000 0.169993
v 4.022367 -0.040218 0.169782
v 4.015000 -0.036336 0.169993
v 4.019993 -0.036336 0.165000
v 4.019782 -0.037634 0.169782
v 4.135000 -0.075000 -0.175000
v 4.135000 -0.085000 -0.165000
v 4.125000 -0.075000 -0.165000
v 4.135000 -0.079993 -0.173664
v 4.130007 -0.075000 -0.173664
v 4.130218 -0.079782 -0.172366
v 4.130007 -0.083664 -0.165000
v 4.135000 -0.083664 -0.169993
v 4.130218 -0.082366 -0.169782
v 4.126336 -0.075000 -0.169993
v 4.126336 -0.079993 -0.165000
v 4.127634 -0.079782 -0.169782
v 4.135000 -0.085000 -0.135000
v 4.135000 -0.075000 -0.125000
v 4.125000 -0.075000 -0.135000
v 4.135000 -0.083664 -0.130007
v 4.130007 -0.083664 -0.135000
v 4.130218 -0.082366 -0.130218
v 4.130007 -0.075000 -0.126336
v 4.135000 -0.079993 -0.126336
v 4.130218 -0.079782 -0.127634
v 4.126336 -0.079993 -0.135000
v 4.126336 -0.075000 -0.130007
v 4.127634 -0.079782 -0.130218
v 4.135000 -0.045000 -0.175000
v 4.125000 -0.045000 -0.165000
v 4.135000 -0.035000 -0.165000
v 4.130007 -0.045000 -0.173664
v 4.135000 -0.040007 -0.173664
v 4.130218 -0.040218 -0.172366
v 4.126336 -0.040007 -0.165000
v 4.126336 -0.045000 -0.169993
v 4.127634 -0.040218 -0.169782
v 4.135000 -0.036336 -0.169993
v 4.130007 -0.036336 -0.165000
v 4.130218 -0.037634 -0.169782
v 4.135000 -0.045000 -0.125000
v 4.135000 -0.035000 -0.135000
v 4.125000 -0.045000 -0.135000
v 4.135000 -0.040007 -0.126336
v 4.130007 -0.045000 -0.126336
v 4.130218 -0.040218 -0.127634
v 4.130007 -0.036336 -0.135000
v 4.135000 -0.036336 -0.130007
v 4.130218 -0.037634 -0.130218
v 4.126336 -0.045000 -0.130007
v 4.126336 -0.040007 -0.135000
v 4.127634 -0.040218 -0.130218
v 4.165000 -0.075000 -0.175000
v 4.175000 -0.075000 -0.165000
v 4.165000 -0.085000 -0.165000
v 4.169993 -0.075000 -0.173664
v 4.165000 -0.079993 -0.173664
v 4.169782 -0.079782 -0.172366
v 4.173664 -0.079993 -0.165000
v 4.173664 -0.075000 -0.169993
v 4.172366 -0.079782 -0.169782
v 4.165000 -0.083664 -0.169993
v 4.169993 -0.083664 -0.165000
v 4.169782 -0.082366 -0.169782
v 4.165000 -0.075000 -0.125000
v 4.165000 -0.085000 -0.135000
v 4.175000 -0.075000 -0.135000
v 4.165000 -0.079993 -0.126336
v 4.169993 -0.075000 -0.126336
v 4.169782 -0.079782 -0.127634
v 4.169993 -0.083664 -0.135000
v 4.165000 -0.083664 -0.130007
v 4.169782 -0.082366 -0.130218
v 4.173664 -0.075000 -0.130007
v 4.173664 -0.079993 -0.135000
v 4.172366 -0.079782 -0.130218
v 4.165000 -0.045000 -0.175000
v 4.165000 -0.035000 -0.165000
v 4.175000 -0.045000 -0.165000
v 4.165000 -0.040007 -0.173664
v 4.169993 -0.045000 -0.173664
v 4.169782 -0.040218 -0.172366
v 4.169993 -0.036336 -0.165000
v 4.165000 -0.036336 -0.169993
v 4.169782 -0.037634 -0.169782
v 4.173664 -0.045000 -0.169993
v 4.173664 -0.040007 -0.165000
v 4.172366 -0.040218 -0.169782
v 4.165000 -0.045000 -0.125000
v 4.175000 -0.045000 -0.135000
v 4.165000 -0.035000 -0.135000
v 4.169993 -0.045000 -0.126336
v 4.165000 -0.040007 -0.126336
v 4.169782 -0.040218 -0.127634
v 4.173664 -0.040007 -0.135000
v 4.173664 -0.045000 -0.130007
v 4.172366 -0.040218 -0.130218
v 4.165000 -0.036336 -0.130007
v 4.169993 -0.036336 -0.135000
v 4.169782 -0.037634 -0.130218
v 4.135000 -0.075000 -0.025000
v 4.135000 -0.085000 -0.015000
v 4.125000 -0.075000 -0.015000
v 4.135000 -0.079993 -0.023664
v 4.130007 -0.075000 -0.023664
v 4.130218 -0.079782 -0.022366
v 4.130007 -0.083664 -0.015000
v 4.135000 -0.083664 -0.019993
v 4.130218 -0.082366 -0.019782
v 4.126336 -0.075000 -0.019993
v 4.126336 -0.079993 -0.015000
v 4.127634 -0.079782 -0.019782
v 4.135000 -0.085000 0.015000
v 4.135000 -0.075000 0.025000
v 4.125000 -0.075000 0.015000
v 4.135000 -0.083664 0.019993
v 4.130007 -0.083664 0.015000
v 4.130218 -0.082366 0.019782
v 4.130007 -0.075000 0.023664
v 4.135000 -0.079993 0.023664
v 4.130218 -0.079782 0.022366
v 4.126336 -0.079993 0.015000
v 4.126336 -0.075000 0.019993
v 4.127634 -0.079782 0.019782
v 4.135000 -0.045000 -0.025000
v 4.125000 -0.045000 -0.015000
v 4.135000 -0.035000 -0.015000
v 4.130007 -0.045000 -0.023664
v 4.135000 -0.040007 -0.023664
v 4.130218 -0.040218 -0.022366
v 4.126336 -0.040007 -0.015000
v 4.126336 -0.045000 -0.019993
v 4.127634 -0.040218 -0.019782
v 4.135000 -0.036336 -0.019993
v 4.130007 -0.036336 -0.015000
v 4.130218 -0.037634 -0.019782
v 4.135000 -0.045000 0.025000
v 4.135000 -0.035000 0.015000
v 4.125000 -0.045000 0.015000
v 4.135000 -0.040007 0.023664
v 4.130007 -0.045000 0.023664
v 4.130218 -0.040218 0.022366
v 4.130007 -0.036336 0.015000
v 4.135000 -0.036336 0.019993
v 4.130218 -0.037634 0.019782
v 4.126336 -0.045000 0.019993
v 4.126336 -0.040007 0.015000
v 4.127634 -0.040218 0.019782
v 4.165000 -0.075000 -0.025000
v 4.175000 -0.075000 -0.015000
v 4.165000 -0.085000 -0.015000
v 4.169993 -0.075000 -0.023664
v 4.165000 -0.079993 -0.023664
v 4.169782 -0.079782 -0.022366
v 4.173664 -0.079993 -0.015000
v 4.173664 -0.075000 -0.019993
v 4.172366 -0.079782 -0.019782
v 4.165000 -0.083664 -0.019993
v 4.169993 -0.083664 -0.015000
v 4.169782 -0.082366 -0.019782
v 4.165000 -0.075000 0.025000
v 4.165000 -0.085000 0.015000
v 4.175000 -0.075000 0.015000
v 4.165000 -0.079993 0.023664
v 4.169993 -0.075000 0.023664
v 4.169782 -0.079782 0.022366
v 4.169993 -0.083664 0.015000
v 4.165000 -0.083664 0.019993
v 4.169782 -0.082366 0.019782
v 4.173664 -0.075000 0.019993
v 4.173664 -0.079993 0.015000
v 4.172366 -0.079782 0.019782
v 4.165000 -0.045000 -0.025000
v 4.165000 -0.035000 -0.015000
v 4.175000 -0.045000 -0.015000
v 4.165000 -0.040007 -0.023664
v 4.169993 -0.045000 -0.023664
v 4.169782 -0.040218 -0.022366
v 4.169993 -0.036336 -0.015000
v 4.165000 -0.036336 -0.019993
v 4.169782 -0.037634 -0.019782
v 4.173664 -0.045000 -0.019993
v 4.173664 -0.040007 -0.015000
v 4.172366 -0.040218 -0.019782
v 4.165000 -0.045000 0.025000
v 4.175000 -0.045000 0.015000
v 4.165000 -0.035000 0.015000
v 4.169993 -0.045000 0.023664
v 4.165000 -0.040007 0.023664
v 4.169782 -0.040218 0.022366
v 4.173664 -0.040007 0.015000
v 4.173664 -0.045000 0.019993
v 4.172366 -0.040218 0.019782
v 4.165000 -0.036336 0.019993
v 4.169993 -0.036336 0.015000
v 4.169782 -0.037634 0.019782
v 4.135000 -0.075000 0.125000
v 4.135000 -0.085000 0.135000
v 4.125000 -0.075000 0.135000
v 4.135000 -0.079993 0.126336
v 4.130007 -0.075000 0.126336
v 4.130218 -0.079782 0.127634
v 4.130007 -0.083664 0.135000
v 4.135000 -0.083664 0.130007
v 4.130218 -0.082366 0.130218
v 4.126336 -0.075000 0.130007
v 4.126336 -0.079993 0.135000
v 4.127634 -0.079782 0.130218
v 4.135000 -0.085000 0.165000
v 4.135000 -0.075000 0.175000
v 4.125000 -0.075000 0.165000
v 4.135000 -0.083664 0.169993
v 4.130007 -0.083664 0.165000
v 4.130218 -0.082366 0.169782
v 4.130007 -0.075000 0.173664
v 4.135000 -0.079993 0.173664
v 4.130218 -0.079782 0.172366
v 4.126336 -0.079993 0.165000
v 4.126336 -0.075000 0.169993
v 4.127634 -0.079782 0.169782
v 4.135000 -0.045000 0.125000
v 4.125000 -0.045000 0.135000
v 4.135000 -0.035000 0.135000
v 4.130007 -0.045000 0.126336
v 4.135000 -0.040007 0.126336
v 4.130218 -0.040218 0.127634
v 4.126336 -0.040007 0.135000
v 4.126336 -0.045000 0.130007
v 4.127634 -0.040218 0.130218
v 4.135000 -0.036336 0.130007
v 4.130007 -0.036336 0.135000
v 4.130218 -0.037634 0.130218
v 4.135000 -0.045000 0.175000
v 4.135000 -0.035000 0.165000
v 4.125000 -0.045000 0.165000
v 4.135000 -0.040007 0.173664
v 4.130007 -0.045000 0.173664
v 4.130218 -0.040218 0.172366
v 4.130007 -0.036336 0.165000
v 4.135000 -0.036336 0.169993
v 4.130218 -0.037634 0.169782
v 4.126336 -0.045000 0.169993
v 4.126336 -0.040007 0.165000
v 4.127634 -0.040218 0.169782
v 4.165000 -0.075000 0.125000
v 4.175000 -0.075000 0.135000
v 4.165000 -0.085000 0.135000
v 4.169993 -0.075000 0.126336
v 4.165000 -0.079993 0.126336
v 4.169782 -0.079782 0.127634
v 4.173664 -0.079993 0.135000
v 4.173664 -0.075000 0.130007
v 4.172366 -0.079782 0.130218
v 4.165000 -0.083664 0.130007
v 4.169993 -0.083664 0.135000
v 4.169782 -0.082366 0.130218
v 4.165000 -0.075000 0.175000
v 4.165000 -0.085000 0.165000
v 4.175000 -0.075000 0.165000
v 4.165000 -0.079993 0.173664
v 4.169993 -0.075000 0.173664
v 4.169782 -0.079782 0.172366
v 4.169993 -0.083664 0.165000
v 4.165000 -0.083664 0.169993
v 4.169782 -0.082366 0.169782
v 4.173664 -0.075000 0.169993
v 4.173664 -0.079993 0.165000
v 4.172366 -0.079782 0.169782
v 4.165000 -0.045000 0.125000
v 4.165000 -0.035000 0.135000
v 4.175000 -0.045000 0.135000
v 4.165000 -0.040007 0.126336
v 4.169993 -0.045000 0.126336
v 4.169782 -0.040218 0.127634
v 4.169993 -0.036336 0.135000
v 4.165000 -0.036336 0.130007
v 4.169782 -0.037634 0.130218
v 4.173664 -0.045000 0.130007
v 4.173664 -0.040007 0.135000
v 4.172366 -0.040218 0.130218
v 4.165000 -0.045000 0.175000
v 4.175000 -0.045000 0.165000
v 4.165000 -0.035000 0.165000
v 4.169993 -0.045000 0.173664
v 4.165000 -0.040007 0.173664
v 4.169782 -0.040218 0.172366
v 4.173664 -0.040007 0.165000
v 4.173664 -0.045000 0.169993
v 4.172366 -0.040218 0.169782
v 4.165000 -0.036336 0.169993
v 4.169993 -0.036336 0.165000
v 4.169782 -0.037634 0.169782
v 4.285000 -0.075000 -0.175000
v 4.285000 -0.085000 -0.165000
v 4.275000 -0.075000 -0.165000
v 4.285000 -0.079993 -0.173664
v 4.280006 -0.075000 -0.173664
v 4.280218 -0.079782 -0.172366
v 4.280006 -0.083664 -0.165000
v 4.285000 -0.083664 -0.169993
v 4.280218 -0.082366 -0.169782
v 4.276336 -0.075000 -0.169993
v 4.276336 -0.079993 -0.165000
v 4.277634 -0.079782 -0.169782
v 4.285000 -0.085000 -0.135000
v 4.285000 -0.075000 -0.125000
v 4.275000 -0.075000 -0.135000
v 4.285000 -0.083664 -0.130007
v 4.280006 -0.083664 -0.135000
v 4.280218 -0.082366 -0.130218
v 4.280006 -0.075000 -0.126336
v 4.285000 -0.079993 -0.126336
v 4.280218 -0.079782 -0.127634
v 4.276336 -0.079993 -0.135000
v 4.276336 -0.075000 -0.130007
v 4.277634 -0.079782 -0.130218
v 4.285000 -0.045000 -0.175000
v 4.275000 -0.045000 -0.165000
v 4.285000 -0.035000 -0.165000
v 4.280006 -0.045000 -0.173664
v 4.285000 -0.040007 -0.173664
v 4.280218 -0.040218 -0.172366
v 4.276336 -0.040007 -0.165000
v 4.276336 -0.045000 -0.169993
v 4.277634 -0.040218 -0.169782
v 4.285000 -0.036336 -0.169993
v 4.280006 -0.036336 -0.165000
v 4.280218 -0.037634 -0.169782
v 4.285000 -0.045000 -0.125000
v 4.285000 -0.035000 -0.135000
v 4.275000 -0.045000 -0.135000
v 4.285000 -0.040007 -0.126336
v 4.280006 -0.045000 -0.126336
v 4.280218 -0.040218 -0.127634
v 4.280006 -0.036336 -0.135000
v 4.285000 -0.036336 -0.130007
v 4.280218 -0.037634 -0.130218
v 4.276336 -0.045000 -0.130007
v 4.276336 -0.040007 -0.135000
v 4.277634 -0.040218 -0.130218
v 4.315000 -0.075000 -0.175000
v 4.325000 -0.075000 -0.165000
v 4.315000 -0.085000 -0.165000
v 4.319993 -0.075000 -0.173664
v 4.315000 -0.079993 -0.173664
v 4.319782 -0.079782 -0.172366
v 4.323664 -0.079993 -0.165000
v 4.323664 -0.075000 -0.169993
v 4.322366 -0.079782 -0.169782
v 4.315000 -0.083664 -0.169993
v 4.319993 -0.083664 -0.165000
v 4.319782 -0.082366 -0.169782
v 4.315000 -0.075000 -0.125000
v 4.315000 -0.085000 -0.135000
v 4.325000 -0.075000 -0.135000
v 4.315000 -0.079993 -0.126336
v 4.319993 -0.075000 -0.126336
v 4.319782 -0.079782 -0.127634
v 4.319993 -0.083664 -0.135000
v 4.315000 -0.083664 -0.130007
v 4.319782 -0.082366 -0.130218
v 4.323664 -0.075000 -0.130007
v 4.323664 -0.079993 -0.135000
v 4.322366 -0.079782 -0.130218
v 4.315000 -0.045000 -0.175000
v 4.315000 -0.035000 -0.165000
v 4.325000 -0.045000 -0.165000
v 4.315000 -0.040007 -0.173664
v 4.319993 -0.045000 -0.173664
v 4.319782 -0.040218 -0.172366
v 4.319993 -0.036336 -0.165000
v 4.315000 -0.036336 -0.169993
v 4.319782 -0.037634 -0.169782
v 4.323664 -0.045000 -0.169993
v 4.323664 -0.040007 -0.165000
v 4.322366 -0.040218 -0.169782
v 4.315000 -0.045000 -0.125000
v 4.325000 -0.045000 -0.135000
v 4.315000 -0.035000 -0.135000
v 4.319993 -0.045000 -0.126336
v 4.315000 -0.040007 -0.126336
v 4.319782 -0.040218 -0.127634
v 4.323664 -0.040007 -0.135000
v 4.323664 -0.045000 -0.130007
v 4.322366 -0.040218 -0.130218
v 4.315000 -0.036336 -0.130007
v 4.319993 -0.036336 -0.135000
v 4.319782 -0.037634 -0.130218
v 4.285000 -0.075000 -0.025000
v 4.285000 -0.085000 -0.015000
v 4.275000 -0.075000 -0.015000
v 4.285000 -0.079993 -0.023664
v 4.280006 -0.075000 -0.023664
v 4.280218 -0.079782 -0.022366
v 4.280006 -0.083664 -0.015000
v 4.285000 -0.083664 -0.019993
v 4.280218 -0.082366 -0.019782
v 4.276336 -0.075000 -0.019993
v 4.276336 -0.079993 -0.015000
v 4.277634 -0.079782 -0.019782
v 4.285000 -0.085000 0.015000
v 4.285000 -0.075000 0.025000
v 4.275000 -0.075000 0.015000
v 4.285000 -0.083664 0.019993
v 4.280006 -0.083664 0.015000
v 4.280218 -0.082366 0.019782
v 4.280006 -0.075000 0.023664
v 4.285000 -0.079993 0.023664
v 4.280218 -0.079782 0.022366
v 4.276336 -0.079993 0.015000
v 4.276336 -0.075000 0.019993
v 4.277634 -0.079782 0.019782
v 4.285000 -0.045000 -0.025000
v 4.275000 -0.045000 -0.015000
v 4.285000 -0.035000 -0.015000
v 4.280006 -0.045000 -0.023664
v 4.285000 -0.040007 -0.023664
v 4.280218 -0.040218 -0.022366
v 4.276336 -0.040007 -0.015000
v 4.276336 -0.045000 -0.019993
v 4.277634 -0.040218 -0.019782
v 4.285000 -0.036336 -0.019993
v 4.280006 -0.036336 -0.015000
v 4.280218 -0.037634 -0.019782
v 4.285000 -0.045000 0.025000
v 4.285000 -0.035000 0.015000
v 4.275000 -0.045000 0.015000
v 4.285000 -0.040007 0.023664
v 4.280006 -0.045000 0.023664
v 4.280218 -0.040218 0.022366
v 4.280006 -0.036336 0.015000
v 4.285000 -0.036336 0.019993
v 4.280218 -0.037634 0.019782
v 4.276336 -0.045000 0.019993
v 4.276336 -0.040007 0.015000
v 4.277634 -0.040218 0.019782
v 4.315000 -0.075000 -0.025000
v 4.325000 -0.075000 -0.015000
v 4.315000 -0.085000 -0.015000
v 4.319993 -0.075000 -0.023664
v 4.315000 -0.079993 -0.023664
v 4.319782 -0.079782 -0.022366
v 4.323664 -0.079993 -0.015000
v 4.323664 -0.075000 -0.019993
v 4.322366 -0.079782 -0.019782
v 4.315000 -0.083664 -0.019993
v 4.319993 -0.083664 -0.015000
v 4.319782 -0.082366 -0.019782
v 4.315000 -0.075000 0.025000
v 4.315000 -0.085000 0.015000
v 4.325000 -0.075000 0.015000
v 4.315000 -0.079993 0.023664
v 4.319993 -0.075000 0.023664
v 4.319782 -0.079782 0.022366
v 4.319993 -0.083664 0.015000
v 4.315000 -0.083664 0.019993
v 4.319782 -0.082366 0.019782
v 4.323664 -0.075000 0.019993
v 4.323664 -0.079993 0.015000
v 4.322366 -0.079782 0.019782
v 4.315000 -0.045000 -0.025000
v 4.315000 -0.035000 -0.015000
v 4.325000 -0.045000 -0.015000
v 4.315000 -0.040007 -0.023664
v 4.319993 -0.045000 -0.023664
v 4.319782 -0.040218 -0.022366
v 4.319993 -0.036336 -0.015000
v 4.315000 -0.036336 -0.019993
v 4.319782 -0.037634 -0.019782
v 4.323664 -0.045000 -0.019993
v 4.323664 -0.040007 -0.015000
v 4.322366 -0.040218 -0.019782
v 4.315000 -0.045000 0.025000
v 4.325000 -0.045000 0.015000
v 4.315000 -0.035000 0.015000
v 4.319993 -0.045000 0.023664
v 4.315000 -0.040007 0.023664
v 4.319782 -0.040218 0.022366
v 4.323664 -0.040007 0.015000
v 4.323664 -0.045000 0.019993
v 4.322366 -0.040218 0.019782
v 4.315000 -0.036336 0.019993
v 4.319993 -0.036336 0.015000
v 4.319782 -0.037634 0.019782
v 4.285000 -0.075000 0.125000
v 4.285000 -0.085000 0.135000
v 4.275000 -0.075000 0.135000
v 4.285000 -0.079993 0.126336
v 4.280006 -0.075000 0.126336
v 4.280218 -0.079782 0.127634
v 4.280006 -0.083664 0.135000
v 4.285000 -0.083664 0.130007
v 4.280218 -0.082366 0.130218
v 4.276336 -0.075000 0.130007
v 4.276336 -0.079993 0.135000
v 4.277634 -0.079782 0.130218
v 4.285000 -0.085000 0.165000
v 4.285000 -0.075000 0.175000
v 4.275000 -0.075000 0.165000
v 4.285000 -0.083664 0.169993
v 4.280006 -0.083664 0.165000
v 4.280218 -0.082366 0.169782
v 4.280006 -0.075000 0.173664
v 4.285000 -0.079993 0.173664
v 4.280218 -0.079782 0.172366
v 4.276336 -0.079993 0.165000
v 4.276336 -0.075000 0.169993
v 4.277634 -0.079782 0.169782
v 4.285000 -0.045000 0.125000
v 4.275000 -0.045000 0.135000
v 4.285000 -0.035000 0.135000
v 4.280006 -0.045000 0.126336
v 4.285000 -0.040007 0.126336
v 4.280218 -0.040218 0.127634
v 4.276336 -0.040007 0.135000
v 4.276336 -0.045000 0.130007
v 4.277634 -0.040218 0.130218
v 4.285000 -0.036336 0.130007
v 4.280006 -0.036336 0.135000
v 4.280218 -0.037634 0.130218
v 4.285000 -0.045000 0.175000
v 4.285000 -0.035000 0.165000
v 4.275000 -0.045000 0.165000
v 4.285000 -0.040007 0.173664
v 4.280006 -0.045000 0.173664
v 4.280218 -0.040218 0.172366
v 4.280006 -0.036336 0.165000
v 4.285000 -0.036336 0.169993
v 4.280218 -0.037634 0.169782
v 4.276336 -0.045000 0.169993
v 4.276336 -0.040007 0.165000
v 4.277634 -0.040218 0.169782
v 4.315000 -0.075000 0.125000
v 4.325000 -0.075000 0.135000
v 4.315000 -0.085000 0.135000
v 4.319993 -0.075000 0.126336
v 4.315000 -0.079993 0.126336
v 4.319782 -0.079782 0.127634
v 4.323664 -0.079993 0.135000
v 4.323664 -0.075000 0.130007
v 4.322366 -0.079782 0.130218
v 4.315000 -0.083664 0.130007
v 4.319993 -0.083664 0.135000
v 4.319782 -0.082366 0.130218
v 4.315000 -0.075000 0.175000
v 4.315000 -0.085000 0.165000
v 4.325000 -0.075000 0.165000
v 4.315000 -0.079993 0.173664
v 4.319993 -0.075000 0.173664
v 4.319782 -0.079782 0.172366
v 4.319993 -0.083664 0.165000
v 4.315000 -0.083664 0.169993
v 4.319782 -0.082366 0.169782
v 4.323664 -0.075000 0.169993
v 4.323664 -0.079993 0.165000
v 4.322366 -0.079782 0.169782
v 4.315000 -0.045000 0.125000
v 4.315000 -0.035000 0.135000
v 4.325000 -0.045000 0.135000
v 4.315000 -0.040007 0.126336
v 4.319993 -0.045000 0.126336
v 4.319782 -0.040218 0.127634
v 4.319993 -0.036336 0.135000
v 4.315000 -0.036336 0.130007
v 4.319782 -0.037634 0.130218
v 4.323664 -0.045000 0.130007
v 4.323664 -0.040007 0.135000
v 4.322366 -0.040218 0.130218
v 4.315000 -0.045000 0.175000
v 4.325000 -0.045000 0.165000
v 4.315000 -0.035000 0.165000
v 4.319993 -0.045000 0.173664
v 4.315000 -0.040007 0.173664
v 4.319782 -0.040218 0.172366
v 4.323664 -0.040007 0.165000
v 4.323664 -0.045000 0.169993
v 4.322366 -0.040218 0.169782
v 4.315000 -0.036336 0.169993
v 4.319993 -0.036336 0.165000
v 4.319782 -0.037634 0.169782
vn -0.1296 -0.1296 -0.9831
vn -0.1296 -0.9831 -0.1296
vn -0.9831 -0.1296 -0.1296
vn -0.1216 -0.4915 -0.8623
vn -0.4915 -0.1216 -0.8623
vn -0.4473 -0.4473 -0.7744
vn -0.4915 -0.8623 -0.1216
vn -0.1216 -0.8623 -0.4915
vn -0.4474 -0.7744 -0.4473
vn -0.8623 -0.1216 -0.4915
vn -0.8623 -0.4915 -0.1216
vn -0.7744 -0.4473 -0.4473
vn -0.1296 -0.9831 0.1296
vn -0.1296 -0.1296 0.9831
vn -0.9831 -0.1296 0.1296
vn -0.1216 -0.8623 0.4915
vn -0.4915 -0.8623 0.1216
vn -0.4473 -0.7744 0.4473
vn -0.4915 -0.1216 0.8623
vn -0.1216 -0.4915 0.8623
vn -0.4473 -0.4473 0.7744
vn -0.8623 -0.4915 0.1216
vn -0.8623 -0.1216 0.4915
vn -0.7744 -0.4473 0.4473
vn -0.1296 0.1296 -0.9831
vn -0.9831 0.1296 -0.1296
vn -0.1296 0.9831 -0.1296
vn -0.4915 0.1216 -0.8623
vn -0.1216 0.4915 -0.8623
vn -0.4473 0.4473 -0.7744
vn -0.8623 0.4915 -0.1216
vn -0.8623 0.1216 -0.4915
vn -0.7744 0.4473 -0.4473
vn -0.1216 0.8623 -0.4915
vn -0.4915 0.8623 -0.1216
vn -0.4473 0.7744 -0.4473
vn -0.1296 0.1296 0.9831
vn -0.1296 0.9831 0.1296
vn -0.9831 0.1296 0.1296
vn -0.1216 0.4915 0.8623
vn -0.4915 0.1216 0.8623
vn -0.4473 0.4473 0.7744
vn -0.4915 0.8623 0.1216
vn -0.1216 0.8623 0.4915
vn -0.4474 0.7744 0.4473
vn -0.8623 0.1216 0.4915
vn -0.8623 0.4915 0.1216
vn -0.7744 0.4473 0.4473
vn 0.1296 -0.1296 -0.9831
vn 0.9831 -0.1296 -0.1296
vn 0.1296 -0.9831 -0.1296
vn 0.4915 -0.1216 -0.8623
vn 0.1216 -0.4915 -0.8623
vn 0.4473 -0.4473 -0.7744
vn 0.8623 -0.4915 -0.1216
vn 0.8623 -0.1216 -0.4915
vn 0.7744 -0.4473 -0.4473
vn 0.1216 -0.8623 -0.4915
vn 0.4915 -0.8623 -0.1216
vn 0.4473 -0.7744 -0.4473
vn 0.1296 -0.1296 0.9831
vn 0.1296 -0.9831 0.1296
vn 0.9831 -0.1296 0.1296
vn 0.1216 -0.4915 0.8623
vn 0.4915 -0.1216 0.8623
vn 0.4473 -0.4473 0.7744
vn 0.4915 -0.8623 0.1216
vn 0.1216 -0.8623 0.4915
vn 0.4474 -0.7744 0.4473
vn 0.8623 -0.1216 0.4915
vn 0.8623 -0.4915 0.1216
vn 0.7744 -0.4473 0.4473
vn 0.1296 0.1296 -0.9831
vn 0.1296 0.9831 -0.1296
vn 0.9831 0.1296 -0.1296
vn 0.1216 0.4915 -0.8623
vn 0.4915 0.1216 -0.8623
vn 0.4473 0.4473 -0.7744
vn 0.4915 0.8623 -0.1216
vn 0.1216 0.8623 -0.4915
vn 0.4474 0.7744 -0.4473
vn 0.8623 0.1216 -0.4915
vn 0.8623 0.4915 -0.1216
vn 0.7744 0.4473 -0.4473
vn 0.1296 0.1296 0.9831
vn 0.9831 0.1296 0.1296
vn 0.1296 0.9831 0.1296
vn 0.4915 0.1216 0.8623
vn 0.1216 0.4915 0.8623
vn 0.4473 0.4473 0.7744
vn 0.8623 0.4915 0.1216
vn 0.8623 0.1216 0.4915
vn 0.7744 0.4473 0.4473
vn 0.1216 0.8623 0.4915
vn 0.4915 0.8623 0.1216
vn 0.4473 0.7744 0.4473
vn -0.4473 -0.7744 -0.4473
vn -0.7744 -0.4473 -0.4474
vn -0.7744 -0.4474 0.4473
vn -0.7744 0.4473 -0.4474
vn -0.4473 0.7744 -0.4474
vn -0.4473 0.7744 0.4473
vn -0.7744 0.4473 0.4474
vn 0.7744 -0.4473 -0.4474
vn 0.4473 -0.7744 0.4473
vn 0.7744 -0.4473 0.4474
vn 0.4473 0.7744 -0.4473
vn 0.7744 0.4473 -0.4474
vn 0.7744 0.4473 0.4474
vn -0.4473 -0.4474 -0.7744
vn -0.7744 -0.4474 -0.4473
vn -0.8623 0.4916 -0.1216
vn -0.7744 0.4474 -0.4473
vn -0.4473 0.4474 0.7744
vn -0.7744 0.4474 0.4473
vn 0.7744 -0.4474 -0.4473
vn 0.7744 0.4474 0.4473
vn 0.4473 -0.4474 -0.7744
vn 0.8623 -0.4916 -0.1216
vn 0.4473 -0.4474 0.7744
vn 0.7744 -0.4474 0.4473
vn 0.4473 0.4474 -0.7744
vn 0.7744 0.4474 -0.4473
vn 0.8623 0.4916 0.1216
vt 0.855157 0.011639
vt 0.851726 0.011639
vt 0.851871 0.008354
vt 0.855157 0.008209
vt 0.848286 0.011639
vt 0.848286 0.008354
vt 0.831878 0.011639
vt 0.831878 0.008209
vt 0.838749 0.008354
vt 0.838749 0.011639
vt 0.831878 0.004769
vt 0.838749 0.004769
vt 0.011639 0.969285
vt 0.011639 0.976156
vt 0.008354 0.976156
vt 0.004769 0.969285
vt 0.855157 0.004769
vt 0.851871 0.004769
vt 0.433398 0.011639
vt 0.426528 0.011639
vt 0.426528 0.008354
vt 0.433398 0.008209
vt 0.926528 0.547526
vt 0.929967 0.547527
vt 0.930112 0.550812
vt 0.926528 0.550812
vt 0.933398 0.547526
vt 0.933398 0.550957
vt 0.933398 0.554397
vt 0.930112 0.554397
vt 0.011639 0.570805
vt 0.004769 0.570805
vt 0.008354 0.563935
vt 0.011639 0.563935
vt 0.433398 0.004769
vt 0.426528 0.004769
vt 0.910120 0.011639
vt 0.910119 0.008209
vt 0.913405 0.008354
vt 0.913550 0.011639
vt 0.910120 0.004769
vt 0.913405 0.004769
vt 0.066602 0.969285
vt 0.073472 0.969285
vt 0.069887 0.976156
vt 0.066602 0.976155
vt 0.410120 0.554397
vt 0.410119 0.550957
vt 0.416990 0.550812
vt 0.416990 0.554397
vt 0.410119 0.547526
vt 0.416990 0.547526
vt 0.916990 0.011639
vt 0.916990 0.008354
vt 0.988361 0.547526
vt 0.991791 0.547527
vt 0.991646 0.550812
vt 0.988361 0.550957
vt 0.995231 0.547526
vt 0.995231 0.550812
vt 0.011639 0.547526
vt 0.011639 0.550957
vt 0.004769 0.550812
vt 0.004769 0.547526
vt 0.011639 0.554397
vt 0.004769 0.554397
vt 0.066602 0.570805
vt 0.066602 0.563935
vt 0.069887 0.563935
vt 0.073472 0.570805
vt 0.988361 0.554397
vt 0.991646 0.554397
vt 0.855157 0.547526
vt 0.855157 0.550957
vt 0.851871 0.550812
vt 0.851726 0.547527
vt 0.855157 0.554397
vt 0.851871 0.554397
vt 0.144843 0.969285
vt 0.148274 0.969285
vt 0.148129 0.976156
vt 0.144843 0.976155
vt 0.151714 0.969285
vt 0.151714 0.976156
vt 0.831878 0.547527
vt 0.838749 0.547527
vt 0.838749 0.550812
vt 0.831878 0.554397
vt 0.848286 0.547526
vt 0.848286 0.550812
vt 0.933398 0.011639
vt 0.929967 0.011639
vt 0.930112 0.008354
vt 0.933398 0.008209
vt 0.926528 0.011639
vt 0.926528 0.008354
vt 0.433398 0.547526
vt 0.433398 0.554397
vt 0.426528 0.550812
vt 0.426528 0.547526
vt 0.151714 0.570805
vt 0.148274 0.570805
vt 0.148129 0.563935
vt 0.151714 0.563935
vt 0.144843 0.570805
vt 0.144843 0.563935
vt 0.933398 0.004769
vt 0.930113 0.004769
vt 0.910119 0.547526
vt 0.913550 0.547527
vt 0.913405 0.550812
vt 0.910119 0.550957
vt 0.916990 0.547526
vt 0.916990 0.550812
vt 0.410120 0.011639
vt 0.410120 0.004769
vt 0.416990 0.008354
vt 0.416990 0.011639
vt 0.083010 0.969285
vt 0.086450 0.969285
vt 0.086595 0.976156
vt 0.083010 0.976156
vt 0.089880 0.969285
vt 0.089880 0.976156
vt 0.910119 0.554397
vt 0.913405 0.554397
vt 0.988361 0.011639
vt 0.988361 0.008209
vt 0.991646 0.008354
vt 0.991791 0.011639
vt 0.988361 0.004769
vt 0.991646 0.004769
vt 0.089880 0.570805
vt 0.086450 0.570805
vt 0.086595 0.563935
vt 0.089880 0.563935
vt 0.083010 0.570805
vt 0.083010 0.563935
vt 0.011639 0.011639
vt 0.004769 0.011639
vt 0.004769 0.008354
vt 0.011639 0.004769
vt 0.995231 0.011639
vt 0.995231 0.008354
vt 0.475348 0.658584
vt 0.468478 0.658584
vt 0.468478 0.655298
vt 0.475348 0.651714
vt 0.195603 0.570805
vt 0.192163 0.570805
vt 0.192018 0.567519
vt 0.195603 0.567519
vt 0.188733 0.570805
vt 0.188733 0.563935
vt 0.380699 0.679195
vt 0.384138 0.679195
vt 0.384284 0.682480
vt 0.382508 0.682480
vt 0.387569 0.679195
vt 0.387569 0.682626
vt 0.387569 0.686065
vt 0.380699 0.686065
vt 0.192018 0.565744
vt 0.168122 0.570805
vt 0.164691 0.570805
vt 0.164836 0.567519
vt 0.168122 0.563935
vt 0.161251 0.570805
vt 0.161251 0.567519
vt 0.431459 0.679195
vt 0.431459 0.686065
vt 0.424588 0.682480
vt 0.424588 0.679195
vt 0.387569 0.651714
vt 0.387569 0.655153
vt 0.384284 0.655298
vt 0.380699 0.651714
vt 0.387569 0.658584
vt 0.384138 0.658584
vt 0.380699 0.658584
vt 0.382508 0.655298
vt 0.164836 0.565744
vt 0.495959 0.658584
vt 0.495959 0.651714
vt 0.499245 0.651714
vt 0.502829 0.658584
vt 0.408180 0.686065
vt 0.408180 0.682626
vt 0.411466 0.682480
vt 0.411466 0.686065
vt 0.408180 0.679195
vt 0.411611 0.679195
vt 0.415051 0.679195
vt 0.415051 0.682480
vt 0.364291 0.591416
vt 0.367721 0.591416
vt 0.367576 0.598286
vt 0.364291 0.598286
vt 0.371161 0.591416
vt 0.371161 0.598286
vt 0.452070 0.679195
vt 0.458940 0.679195
vt 0.458940 0.682480
vt 0.452070 0.686065
vt 0.336809 0.591416
vt 0.340249 0.591416
vt 0.340394 0.594701
vt 0.336809 0.594701
vt 0.343680 0.591416
vt 0.343680 0.598286
vt 0.415051 0.658584
vt 0.411611 0.658584
vt 0.411466 0.655298
vt 0.413241 0.655298
vt 0.408180 0.658584
vt 0.408180 0.655153
vt 0.408180 0.651714
vt 0.415051 0.651714
vt 0.340394 0.596477
vt 0.475348 0.679195
vt 0.475348 0.686065
vt 0.472063 0.686065
vt 0.468478 0.679195
vt 0.364291 0.686065
vt 0.364291 0.682626
vt 0.367576 0.682480
vt 0.367576 0.686065
vt 0.364291 0.679195
vt 0.367721 0.679195
vt 0.371161 0.679195
vt 0.371161 0.682480
vt 0.188733 0.591416
vt 0.192163 0.591416
vt 0.192018 0.598286
vt 0.188733 0.598286
vt 0.195603 0.591416
vt 0.195603 0.598286
vt 0.431459 0.658584
vt 0.424588 0.658584
vt 0.424588 0.655298
vt 0.431459 0.651714
vt 0.161251 0.591416
vt 0.164691 0.591416
vt 0.164836 0.594701
vt 0.161251 0.594701
vt 0.168122 0.591416
vt 0.168122 0.598286
vt 0.371161 0.658584
vt 0.367721 0.658584
vt 0.367576 0.655298
vt 0.369352 0.655298
vt 0.364291 0.658584
vt 0.364291 0.655153
vt 0.364291 0.651714
vt 0.371161 0.651714
vt 0.164836 0.596477
vt 0.495959 0.679195
vt 0.502829 0.679195
vt 0.502829 0.682480
vt 0.495959 0.686065
vt 0.371161 0.570805
vt 0.367721 0.570805
vt 0.367576 0.567520
vt 0.371161 0.567519
vt 0.364291 0.570805
vt 0.364291 0.567374
vt 0.364291 0.563935
vt 0.367576 0.563935
vt 0.343680 0.679195
vt 0.343680 0.682626
vt 0.336809 0.682480
vt 0.336809 0.679195
vt 0.343680 0.686065
vt 0.336809 0.686065
vt 0.452070 0.658584
vt 0.452070 0.651714
vt 0.455355 0.651714
vt 0.458940 0.658584
vt 0.343680 0.651714
vt 0.343680 0.655153
vt 0.340394 0.655298
vt 0.340394 0.651714
vt 0.343680 0.658584
vt 0.336809 0.658584
vt 0.343680 0.563935
vt 0.343680 0.567374
vt 0.340394 0.567520
vt 0.340394 0.565744
vt 0.343680 0.570805
vt 0.340249 0.570805
vt 0.336809 0.570805
vt 0.336809 0.563935
vt 0.338619 0.655298
vt 0.607016 0.658584
vt 0.600146 0.658584
vt 0.600146 0.655298
vt 0.607017 0.651713
vt 0.590608 0.658584
vt 0.587169 0.658584
vt 0.587024 0.655298
vt 0.590608 0.655298
vt 0.583738 0.658584
vt 0.583738 0.651713
vt 0.803185 0.729955
vt 0.803185 0.726515
vt 0.806471 0.726370
vt 0.806471 0.728145
vt 0.803185 0.723084
vt 0.806616 0.723084
vt 0.810056 0.723084
vt 0.810056 0.729955
vt 0.587024 0.653523
vt 0.563127 0.658584
vt 0.559696 0.658584
vt 0.559842 0.655298
vt 0.563127 0.651713
vt 0.556257 0.658584
vt 0.556257 0.655298
vt 0.650906 0.679195
vt 0.650906 0.686065
vt 0.644036 0.682480
vt 0.644036 0.679195
vt 0.775704 0.723084
vt 0.779144 0.723084
vt 0.779289 0.726370
vt 0.775704 0.729955
vt 0.782574 0.723084
vt 0.782575 0.726515
vt 0.782574 0.729955
vt 0.779289 0.728145
vt 0.559842 0.653523
vt 0.627627 0.658584
vt 0.627628 0.651713
vt 0.630913 0.651713
vt 0.634498 0.658584
vt 0.810056 0.702473
vt 0.806616 0.702473
vt 0.806471 0.699188
vt 0.810056 0.699188
vt 0.803185 0.702473
vt 0.803185 0.699043
vt 0.803185 0.695603
vt 0.806471 0.695603
vt 0.539849 0.679195
vt 0.543279 0.679195
vt 0.543134 0.686065
vt 0.539849 0.686065
vt 0.546719 0.679195
vt 0.546719 0.686065
vt 0.671517 0.679195
vt 0.678387 0.679195
vt 0.678387 0.682480
vt 0.671517 0.686065
vt 0.512367 0.679195
vt 0.515807 0.679195
vt 0.515952 0.682481
vt 0.512367 0.682480
vt 0.519238 0.679195
vt 0.519238 0.686065
vt 0.782574 0.695603
vt 0.782574 0.699043
vt 0.779289 0.699188
vt 0.779289 0.697412
vt 0.782574 0.702473
vt 0.779144 0.702473
vt 0.775704 0.702473
vt 0.775704 0.695603
vt 0.515952 0.684256
vt 0.607017 0.679195
vt 0.607017 0.686065
vt 0.603731 0.686065
vt 0.600146 0.679195
vt 0.810056 0.658584
vt 0.806616 0.658584
vt 0.806471 0.655298
vt 0.810056 0.655298
vt 0.803185 0.658584
vt 0.803185 0.655153
vt 0.803185 0.651713
vt 0.806471 0.651713
vt 0.583738 0.679195
vt 0.587169 0.679195
vt 0.587024 0.686065
vt 0.583738 0.686065
vt 0.590608 0.679195
vt 0.590608 0.686065
vt 0.650906 0.658584
vt 0.644036 0.658584
vt 0.644036 0.655298
vt 0.650906 0.651714
vt 0.556257 0.679195
vt 0.559696 0.679195
vt 0.559842 0.682480
vt 0.556257 0.682480
vt 0.563127 0.679195
vt 0.563127 0.686065
vt 0.782574 0.651713
vt 0.782574 0.655153
vt 0.779289 0.655298
vt 0.779289 0.653523
vt 0.782574 0.658584
vt 0.779144 0.658584
vt 0.775704 0.658584
vt 0.775704 0.651713
vt 0.559842 0.684256
vt 0.627628 0.679195
vt 0.634498 0.679195
vt 0.634498 0.682480
vt 0.627628 0.686065
vt 0.546719 0.658584
vt 0.543279 0.658584
vt 0.543134 0.655299
vt 0.546719 0.655298
vt 0.539849 0.658584
vt 0.539849 0.655153
vt 0.539849 0.651714
vt 0.543134 0.651714
vt 0.803185 0.679195
vt 0.806616 0.679195
vt 0.806471 0.686065
vt 0.803185 0.686065
vt 0.810056 0.679195
vt 0.810056 0.686065
vt 0.671517 0.658584
vt 0.671517 0.651714
vt 0.674803 0.651714
vt 0.678387 0.658584
vt 0.775704 0.679195
vt 0.779144 0.679195
vt 0.779289 0.682480
vt 0.775704 0.682480
vt 0.782574 0.679195
vt 0.782574 0.686065
vt 0.519238 0.651714
vt 0.519238 0.655153
vt 0.515952 0.655298
vt 0.515952 0.653523
vt 0.519238 0.658584
vt 0.515807 0.658584
vt 0.512367 0.658584
vt 0.512367 0.651714
vt 0.779289 0.684256
vt 0.694795 0.658584
vt 0.687925 0.658584
vt 0.687925 0.655298
vt 0.694795 0.651713
vt 0.415051 0.570805
vt 0.411611 0.570805
vt 0.411466 0.567519
vt 0.415050 0.567519
vt 0.408180 0.570805
vt 0.408180 0.563935
vt 0.687925 0.635305
vt 0.691365 0.635305
vt 0.691510 0.638591
vt 0.689735 0.638591
vt 0.694795 0.635305
vt 0.694795 0.638736
vt 0.694795 0.642176
vt 0.687925 0.642176
vt 0.411466 0.565744
vt 0.387569 0.570805
vt 0.384138 0.570805
vt 0.384284 0.567519
vt 0.387569 0.563935
vt 0.380699 0.570805
vt 0.380699 0.567519
vt 0.168122 0.723084
vt 0.168122 0.729955
vt 0.161251 0.726370
vt 0.161251 0.723084
vt 0.694795 0.607824
vt 0.694795 0.611264
vt 0.691510 0.611409
vt 0.687925 0.607824
vt 0.694795 0.614694
vt 0.691365 0.614694
vt 0.687925 0.614694
vt 0.689735 0.611409
vt 0.384284 0.565744
vt 0.715406 0.658584
vt 0.715407 0.651713
vt 0.718692 0.651713
vt 0.722277 0.658584
vt 0.715407 0.642176
vt 0.715407 0.638736
vt 0.718692 0.638591
vt 0.718692 0.642176
vt 0.715407 0.635305
vt 0.718837 0.635305
vt 0.722277 0.635305
vt 0.722277 0.638591
vt 0.232622 0.591416
vt 0.236053 0.591416
vt 0.235908 0.598286
vt 0.232622 0.598286
vt 0.239493 0.591416
vt 0.239493 0.598286
vt 0.188733 0.723084
vt 0.195603 0.723084
vt 0.195603 0.726370
vt 0.188733 0.729955
vt 0.205141 0.591416
vt 0.208580 0.591416
vt 0.208726 0.594701
vt 0.205141 0.594701
vt 0.212011 0.591416
vt 0.212011 0.598286
vt 0.722277 0.614694
vt 0.718837 0.614694
vt 0.718692 0.611409
vt 0.720467 0.611409
vt 0.715407 0.614694
vt 0.715407 0.611264
vt 0.715407 0.607824
vt 0.722277 0.607824
vt 0.208726 0.596477
vt 0.694795 0.679195
vt 0.694795 0.686065
vt 0.691510 0.686065
vt 0.687925 0.679195
vt 0.715407 0.598286
vt 0.715407 0.594847
vt 0.718692 0.594702
vt 0.718692 0.598286
vt 0.715407 0.591416
vt 0.718837 0.591416
vt 0.722277 0.591416
vt 0.722277 0.594701
vt 0.408180 0.591416
vt 0.411611 0.591416
vt 0.411466 0.598286
vt 0.408180 0.598286
vt 0.415051 0.591416
vt 0.415050 0.598286
vt 0.168122 0.702473
vt 0.161251 0.702473
vt 0.161251 0.699188
vt 0.168122 0.695603
vt 0.380699 0.591416
vt 0.384138 0.591416
vt 0.384284 0.594701
vt 0.380699 0.594701
vt 0.387569 0.591416
vt 0.387569 0.598286
vt 0.722277 0.570805
vt 0.718837 0.570805
vt 0.718692 0.567519
vt 0.720467 0.567519
vt 0.715407 0.570805
vt 0.715407 0.567374
vt 0.715407 0.563935
vt 0.722277 0.563935
vt 0.384284 0.596477
vt 0.715406 0.679195
vt 0.722277 0.679195
vt 0.722277 0.682480
vt 0.715407 0.686065
vt 0.239493 0.570805
vt 0.236053 0.570805
vt 0.235908 0.567519
vt 0.239493 0.567519
vt 0.232622 0.570805
vt 0.232622 0.567374
vt 0.232622 0.563935
vt 0.235908 0.563935
vt 0.694795 0.591416
vt 0.694795 0.594847
vt 0.687925 0.594701
vt 0.687925 0.591416
vt 0.694795 0.598286
vt 0.687925 0.598286
vt 0.188733 0.702473
vt 0.188733 0.695603
vt 0.192018 0.695603
vt 0.195603 0.702473
vt 0.694795 0.563935
vt 0.694796 0.567374
vt 0.691510 0.567519
vt 0.691510 0.563935
vt 0.694795 0.570805
vt 0.687925 0.570805
vt 0.212011 0.563935
vt 0.212011 0.567374
vt 0.208726 0.567519
vt 0.208726 0.565744
vt 0.212011 0.570805
vt 0.208580 0.570805
vt 0.205141 0.570805
vt 0.205141 0.563935
vt 0.689735 0.567519
vt 0.607016 0.570805
vt 0.600146 0.570805
vt 0.600146 0.567519
vt 0.607017 0.563935
vt 0.583738 0.598286
vt 0.583738 0.594847
vt 0.587024 0.594701
vt 0.587024 0.598286
vt 0.583738 0.591416
vt 0.590608 0.591416
vt 0.205141 0.723084
vt 0.208580 0.723084
vt 0.208726 0.726370
vt 0.206950 0.726370
vt 0.212011 0.723084
vt 0.212011 0.726515
vt 0.212011 0.729955
vt 0.205141 0.729955
vt 0.588799 0.594701
vt 0.583738 0.570805
vt 0.583738 0.567374
vt 0.587024 0.567519
vt 0.590608 0.570805
vt 0.583738 0.563935
vt 0.587024 0.563935
vt 0.168122 0.635305
vt 0.168122 0.642176
vt 0.161251 0.638591
vt 0.161251 0.635306
vt 0.212011 0.695603
vt 0.212011 0.699043
vt 0.208726 0.699188
vt 0.205141 0.695603
vt 0.212011 0.702473
vt 0.208580 0.702473
vt 0.205141 0.702473
vt 0.206950 0.699188
vt 0.588799 0.567519
vt 0.627628 0.570805
vt 0.627628 0.563935
vt 0.630913 0.563935
vt 0.634498 0.570805
vt 0.232622 0.729955
vt 0.232622 0.726515
vt 0.235908 0.726370
vt 0.235908 0.729955
vt 0.232622 0.723084
vt 0.236053 0.723084
vt 0.239493 0.723084
vt 0.239493 0.726370
vt 0.539849 0.591416
vt 0.543279 0.591416
vt 0.543134 0.598286
vt 0.539849 0.598286
vt 0.546719 0.591416
vt 0.546719 0.598286
vt 0.188733 0.635306
vt 0.195603 0.635306
vt 0.195603 0.638591
vt 0.188733 0.642176
vt 0.512367 0.591416
vt 0.515807 0.591416
vt 0.515952 0.594701
vt 0.512367 0.594701
vt 0.519238 0.591416
vt 0.519238 0.598286
vt 0.239493 0.702473
vt 0.236053 0.702473
vt 0.235908 0.699188
vt 0.237683 0.699188
vt 0.232622 0.702473
vt 0.232622 0.699043
vt 0.232622 0.695603
vt 0.239493 0.695603
vt 0.515952 0.596477
vt 0.607017 0.591416
vt 0.607017 0.598286
vt 0.603731 0.598286
vt 0.600146 0.591416
vt 0.276512 0.729955
vt 0.276512 0.726515
vt 0.279797 0.726370
vt 0.279797 0.729955
vt 0.276512 0.723084
vt 0.279942 0.723084
vt 0.283382 0.723084
vt 0.283382 0.726370
vt 0.563127 0.591416
vt 0.563127 0.594847
vt 0.556257 0.594701
vt 0.556257 0.591416
vt 0.563127 0.598286
vt 0.556257 0.598286
vt 0.168122 0.614694
vt 0.161251 0.614694
vt 0.161251 0.611409
vt 0.168122 0.607824
vt 0.563127 0.563935
vt 0.563127 0.567374
vt 0.559842 0.567520
vt 0.559842 0.563935
vt 0.563127 0.570805
vt 0.556257 0.570805
vt 0.283382 0.702473
vt 0.279942 0.702473
vt 0.279797 0.699188
vt 0.281573 0.699188
vt 0.276512 0.702473
vt 0.276512 0.699043
vt 0.276512 0.695603
vt 0.283382 0.695603
vt 0.558066 0.567519
vt 0.627628 0.591416
vt 0.634498 0.591416
vt 0.634498 0.594701
vt 0.627628 0.598286
vt 0.546719 0.570805
vt 0.543279 0.570805
vt 0.543134 0.567519
vt 0.546719 0.567519
vt 0.539849 0.570805
vt 0.539849 0.567374
vt 0.539849 0.563935
vt 0.543134 0.563935
vt 0.255901 0.723084
vt 0.255901 0.726515
vt 0.249030 0.726370
vt 0.249030 0.723084
vt 0.255901 0.729955
vt 0.249030 0.729955
vt 0.188733 0.614694
vt 0.188733 0.607824
vt 0.192018 0.607824
vt 0.195603 0.614694
vt 0.255901 0.695603
vt 0.255901 0.699043
vt 0.252615 0.699188
vt 0.252615 0.695603
vt 0.255901 0.702473
vt 0.249030 0.702473
vt 0.519238 0.563935
vt 0.519238 0.567374
vt 0.515952 0.567519
vt 0.515952 0.565744
vt 0.519238 0.570805
vt 0.515807 0.570805
vt 0.512367 0.570805
vt 0.512367 0.563935
vt 0.250840 0.699188
vt 0.212011 0.614694
vt 0.205141 0.614694
vt 0.205141 0.611409
vt 0.212011 0.607824
vt 0.371161 0.702473
vt 0.367721 0.702473
vt 0.367576 0.699188
vt 0.371161 0.699188
vt 0.364291 0.702473
vt 0.364291 0.695603
vt 0.803185 0.773844
vt 0.803185 0.770405
vt 0.806471 0.770259
vt 0.806471 0.772035
vt 0.803185 0.766974
vt 0.806616 0.766974
vt 0.810056 0.766974
vt 0.810056 0.773844
vt 0.367576 0.697412
vt 0.343680 0.702473
vt 0.340249 0.702473
vt 0.340394 0.699188
vt 0.343680 0.695603
vt 0.336809 0.702473
vt 0.336809 0.699188
vt 0.255901 0.635305
vt 0.255901 0.642176
vt 0.249030 0.638591
vt 0.249030 0.635305
vt 0.775704 0.766974
vt 0.779144 0.766974
vt 0.779289 0.770259
vt 0.775704 0.773844
vt 0.782574 0.766974
vt 0.782575 0.770405
vt 0.782574 0.773844
vt 0.779289 0.772035
vt 0.340394 0.697412
vt 0.232622 0.614694
vt 0.232622 0.607824
vt 0.235908 0.607824
vt 0.239493 0.614694
vt 0.810056 0.746363
vt 0.806616 0.746363
vt 0.806471 0.743077
vt 0.810056 0.743077
vt 0.803185 0.746363
vt 0.803185 0.742932
vt 0.803185 0.739492
vt 0.806471 0.739492
vt 0.320401 0.723084
vt 0.323832 0.723084
vt 0.323687 0.729955
vt 0.320401 0.729955
vt 0.327271 0.723084
vt 0.327271 0.729955
vt 0.276512 0.635305
vt 0.283382 0.635305
vt 0.283382 0.638591
vt 0.276512 0.642176
vt 0.292920 0.723084
vt 0.296359 0.723084
vt 0.296505 0.726370
vt 0.292920 0.726370
vt 0.299790 0.723084
vt 0.299790 0.729955
vt 0.782574 0.739492
vt 0.782574 0.742932
vt 0.779289 0.743077
vt 0.779289 0.741302
vt 0.782574 0.746363
vt 0.779144 0.746363
vt 0.775704 0.746363
vt 0.775704 0.739492
vt 0.296505 0.728145
vt 0.212011 0.635305
vt 0.212011 0.642176
vt 0.208726 0.642176
vt 0.205141 0.635305
vt 0.195603 0.790252
vt 0.192163 0.790252
vt 0.192018 0.786967
vt 0.195603 0.786967
vt 0.188733 0.790252
vt 0.188733 0.786822
vt 0.188733 0.783382
vt 0.192018 0.783382
vt 0.364291 0.723084
vt 0.367721 0.723084
vt 0.367576 0.729955
vt 0.364291 0.729955
vt 0.371161 0.723084
vt 0.371161 0.729955
vt 0.255901 0.614694
vt 0.249030 0.614694
vt 0.249030 0.611409
vt 0.255901 0.607824
vt 0.336809 0.723084
vt 0.340249 0.723084
vt 0.340394 0.726370
vt 0.336809 0.726370
vt 0.343680 0.723084
vt 0.343680 0.729955
vt 0.168122 0.783382
vt 0.168122 0.786822
vt 0.164836 0.786967
vt 0.164836 0.785191
vt 0.168122 0.790252
vt 0.164691 0.790252
vt 0.161251 0.790252
vt 0.161251 0.783382
vt 0.340394 0.728145
vt 0.232622 0.635305
vt 0.239493 0.635305
vt 0.239493 0.638591
vt 0.232622 0.642176
vt 0.327272 0.702473
vt 0.323832 0.702473
vt 0.323687 0.699188
vt 0.327271 0.699188
vt 0.320401 0.702473
vt 0.320401 0.699043
vt 0.320401 0.695603
vt 0.323687 0.695603
vt 0.188733 0.810863
vt 0.192163 0.810863
vt 0.192018 0.817734
vt 0.188733 0.817734
vt 0.195603 0.810863
vt 0.195603 0.817734
vt 0.276512 0.614694
vt 0.276512 0.607824
vt 0.279797 0.607824
vt 0.283382 0.614694
vt 0.161251 0.810863
vt 0.164691 0.810863
vt 0.164836 0.814149
vt 0.161251 0.814149
vt 0.168122 0.810863
vt 0.168122 0.817734
vt 0.299790 0.695603
vt 0.299790 0.699043
vt 0.296505 0.699188
vt 0.296505 0.697412
vt 0.299790 0.702473
vt 0.296359 0.702473
vt 0.292920 0.702473
vt 0.292920 0.695603
vt 0.164836 0.815924
vt 0.387569 0.614694
vt 0.380699 0.614694
vt 0.380699 0.611409
vt 0.387569 0.607824
vt 0.371161 0.614694
vt 0.367721 0.614694
vt 0.367576 0.611409
vt 0.371161 0.611409
vt 0.364291 0.614694
vt 0.364291 0.607824
vt 0.380699 0.723084
vt 0.384138 0.723084
vt 0.384284 0.726370
vt 0.382508 0.726370
vt 0.387569 0.723084
vt 0.387569 0.726515
vt 0.387569 0.729955
vt 0.380699 0.729955
vt 0.367576 0.609634
vt 0.343680 0.614694
vt 0.340249 0.614694
vt 0.340394 0.611409
vt 0.343680 0.607824
vt 0.336809 0.614694
vt 0.336809 0.611409
vt 0.431459 0.635305
vt 0.431459 0.642176
vt 0.424588 0.638591
vt 0.424588 0.635306
vt 0.387569 0.695603
vt 0.387569 0.699043
vt 0.384284 0.699188
vt 0.380699 0.695603
vt 0.387569 0.702473
vt 0.384138 0.702473
vt 0.380699 0.702473
vt 0.382508 0.699188
vt 0.340394 0.609634
vt 0.408180 0.614694
vt 0.408180 0.607824
vt 0.411466 0.607824
vt 0.415050 0.614694
vt 0.408180 0.729955
vt 0.408180 0.726515
vt 0.411466 0.726370
vt 0.411466 0.729955
vt 0.408180 0.723084
vt 0.411611 0.723084
vt 0.415051 0.723084
vt 0.415051 0.726370
vt 0.299790 0.635305
vt 0.299790 0.638736
vt 0.292920 0.638591
vt 0.292920 0.635305
vt 0.299790 0.642176
vt 0.292920 0.642176
vt 0.452070 0.635306
vt 0.458940 0.635306
vt 0.458940 0.638591
vt 0.452070 0.642176
vt 0.299790 0.607824
vt 0.299790 0.611264
vt 0.296505 0.611409
vt 0.296505 0.607824
vt 0.299790 0.614694
vt 0.292920 0.614694
vt 0.415051 0.702473
vt 0.411611 0.702473
vt 0.411466 0.699188
vt 0.413241 0.699188
vt 0.408180 0.702473
vt 0.408180 0.699043
vt 0.408180 0.695603
vt 0.415051 0.695603
vt 0.294729 0.611409
vt 0.387569 0.635305
vt 0.387569 0.642176
vt 0.384284 0.642176
vt 0.380699 0.635305
vt 0.452070 0.729955
vt 0.452070 0.726515
vt 0.455355 0.726370
vt 0.455355 0.729955
vt 0.452070 0.723084
vt 0.455500 0.723084
vt 0.458940 0.723084
vt 0.458940 0.726370
vt 0.364291 0.635305
vt 0.367721 0.635305
vt 0.367576 0.642176
vt 0.364291 0.642176
vt 0.371161 0.635305
vt 0.371161 0.642176
vt 0.431459 0.614694
vt 0.424588 0.614694
vt 0.424588 0.611409
vt 0.431459 0.607824
vt 0.336809 0.635305
vt 0.340249 0.635305
vt 0.340394 0.638591
vt 0.336809 0.638591
vt 0.343680 0.635305
vt 0.343680 0.642176
vt 0.458940 0.702473
vt 0.455500 0.702473
vt 0.455355 0.699188
vt 0.457131 0.699188
vt 0.452070 0.702473
vt 0.452070 0.699043
vt 0.452070 0.695603
vt 0.458940 0.695603
vt 0.340394 0.640366
vt 0.408180 0.635306
vt 0.415050 0.635306
vt 0.415050 0.638591
vt 0.408180 0.642176
vt 0.320401 0.642176
vt 0.320401 0.638736
vt 0.323687 0.638591
vt 0.323687 0.642176
vt 0.320401 0.635306
vt 0.323832 0.635305
vt 0.327271 0.635305
vt 0.327271 0.638591
vt 0.431459 0.723084
vt 0.431459 0.726515
vt 0.424588 0.726370
vt 0.424588 0.723084
vt 0.431459 0.729955
vt 0.424588 0.729955
vt 0.452070 0.614694
vt 0.452070 0.607824
vt 0.455355 0.607824
vt 0.458940 0.614694
vt 0.431459 0.695603
vt 0.431459 0.699043
vt 0.428173 0.699188
vt 0.428173 0.695603
vt 0.431459 0.702473
vt 0.424588 0.702473
vt 0.327271 0.614694
vt 0.323832 0.614694
vt 0.323687 0.611409
vt 0.325462 0.611409
vt 0.320401 0.614694
vt 0.320401 0.611264
vt 0.320401 0.607824
vt 0.327271 0.607824
vt 0.426398 0.699188
vt 0.255901 0.790252
vt 0.249030 0.790252
vt 0.249030 0.786967
vt 0.255901 0.783382
vt 0.627628 0.729955
vt 0.627627 0.726515
vt 0.630913 0.726370
vt 0.630913 0.729955
vt 0.627628 0.723084
vt 0.634498 0.723084
vt 0.512367 0.723084
vt 0.515807 0.723084
vt 0.515952 0.726370
vt 0.514177 0.726370
vt 0.519238 0.723084
vt 0.519238 0.726515
vt 0.519238 0.729955
vt 0.512367 0.729955
vt 0.632689 0.726370
vt 0.627628 0.702473
vt 0.627628 0.699043
vt 0.630913 0.699188
vt 0.634498 0.702473
vt 0.627628 0.695603
vt 0.630913 0.695603
vt 0.212011 0.810863
vt 0.212011 0.817734
vt 0.205141 0.814149
vt 0.205141 0.810863
vt 0.519238 0.695603
vt 0.519238 0.699043
vt 0.515952 0.699188
vt 0.512367 0.695603
vt 0.519238 0.702473
vt 0.515807 0.702473
vt 0.512367 0.702473
vt 0.514177 0.699188
vt 0.632689 0.699188
vt 0.276512 0.790252
vt 0.276512 0.783382
vt 0.279797 0.783382
vt 0.283382 0.790252
vt 0.539849 0.729955
vt 0.539849 0.726515
vt 0.543134 0.726370
vt 0.543134 0.729955
vt 0.539849 0.723084
vt 0.543279 0.723084
vt 0.546719 0.723084
vt 0.546719 0.726370
vt 0.475348 0.723084
vt 0.475348 0.726515
vt 0.468478 0.726370
vt 0.468478 0.723084
vt 0.475348 0.729955
vt 0.468478 0.729955
vt 0.232622 0.810863
vt 0.239493 0.810863
vt 0.239493 0.814149
vt 0.232622 0.817734
vt 0.475348 0.695603
vt 0.475348 0.699043
vt 0.472063 0.699188
vt 0.472063 0.695603
vt 0.475348 0.702473
vt 0.468478 0.702473
vt 0.546719 0.702473
vt 0.543279 0.702473
vt 0.543134 0.699188
vt 0.544909 0.699188
vt 0.539849 0.702473
vt 0.539849 0.699043
vt 0.539849 0.695603
vt 0.546719 0.695603
vt 0.470287 0.699188
vt 0.255901 0.810863
vt 0.255901 0.817734
vt 0.252615 0.817734
vt 0.249030 0.810863
vt 0.583738 0.729955
vt 0.583738 0.726515
vt 0.587024 0.726370
vt 0.587024 0.729955
vt 0.583738 0.723084
vt 0.587169 0.723084
vt 0.590608 0.723084
vt 0.590608 0.726370
vt 0.607017 0.723084
vt 0.607017 0.726515
vt 0.600146 0.726370
vt 0.600146 0.723084
vt 0.607017 0.729955
vt 0.600146 0.729955
vt 0.212011 0.790252
vt 0.205141 0.790252
vt 0.205141 0.786967
vt 0.212011 0.783382
vt 0.607017 0.695603
vt 0.607017 0.699043
vt 0.603731 0.699188
vt 0.603731 0.695603
vt 0.607017 0.702473
vt 0.600146 0.702473
vt 0.590608 0.702473
vt 0.587169 0.702473
vt 0.587024 0.699188
vt 0.588799 0.699188
vt 0.583738 0.702473
vt 0.583738 0.699043
vt 0.583738 0.695603
vt 0.590608 0.695603
vt 0.601956 0.699188
vt 0.276512 0.810863
vt 0.283382 0.810863
vt 0.283382 0.814149
vt 0.276512 0.817734
vt 0.495959 0.729955
vt 0.495959 0.726515
vt 0.499245 0.726370
vt 0.499245 0.729955
vt 0.495959 0.723084
vt 0.499390 0.723084
vt 0.502829 0.723084
vt 0.502829 0.726370
vt 0.563127 0.723084
vt 0.563127 0.726515
vt 0.556257 0.726370
vt 0.556257 0.723084
vt 0.563127 0.729955
vt 0.556257 0.729955
vt 0.232622 0.790252
vt 0.232622 0.783382
vt 0.235908 0.783382
vt 0.239493 0.790252
vt 0.563127 0.695603
vt 0.563127 0.699043
vt 0.559842 0.699188
vt 0.559842 0.695603
vt 0.563127 0.702473
vt 0.556257 0.702473
vt 0.502829 0.702473
vt 0.499390 0.702473
vt 0.499245 0.699188
vt 0.501020 0.699188
vt 0.495959 0.702473
vt 0.495959 0.699043
vt 0.495959 0.695603
vt 0.502829 0.695603
vt 0.558066 0.699188
vt 0.475348 0.790252
vt 0.468478 0.790252
vt 0.468478 0.786967
vt 0.475348 0.783382
vt 0.458940 0.790252
vt 0.455500 0.790252
vt 0.455355 0.786967
vt 0.458940 0.786967
vt 0.452070 0.790252
vt 0.452070 0.783382
vt 0.320401 0.817734
vt 0.320401 0.814294
vt 0.323687 0.814149
vt 0.323687 0.815924
vt 0.320401 0.810863
vt 0.323832 0.810863
vt 0.327272 0.810863
vt 0.327272 0.817734
vt 0.455355 0.785191
vt 0.431459 0.790252
vt 0.428028 0.790252
vt 0.428173 0.786967
vt 0.431459 0.783382
vt 0.424588 0.790252
vt 0.424588 0.786967
vt 0.519238 0.810863
vt 0.519238 0.817734
vt 0.512367 0.814149
vt 0.512367 0.810863
vt 0.292920 0.810863
vt 0.296359 0.810863
vt 0.296505 0.814149
vt 0.292920 0.817734
vt 0.299790 0.810863
vt 0.299790 0.814294
vt 0.299790 0.817734
vt 0.296505 0.815924
vt 0.428173 0.785191
vt 0.495959 0.790252
vt 0.495959 0.783382
vt 0.499245 0.783382
vt 0.502829 0.790252
vt 0.327272 0.790252
vt 0.323832 0.790252
vt 0.323687 0.786967
vt 0.327272 0.786967
vt 0.320401 0.790252
vt 0.320401 0.786822
vt 0.320401 0.783382
vt 0.323687 0.783382
vt 0.408180 0.810863
vt 0.411611 0.810863
vt 0.411466 0.817734
vt 0.408180 0.817734
vt 0.415050 0.810863
vt 0.415050 0.817734
vt 0.539849 0.810863
vt 0.546719 0.810863
vt 0.546719 0.814149
vt 0.539849 0.817734
vt 0.380699 0.810863
vt 0.384138 0.810863
vt 0.384284 0.814149
vt 0.380699 0.814149
vt 0.387569 0.810863
vt 0.387569 0.817734
vt 0.299790 0.783382
vt 0.299790 0.786822
vt 0.296505 0.786967
vt 0.296505 0.785192
vt 0.299790 0.790252
vt 0.296359 0.790252
vt 0.292920 0.790252
vt 0.292920 0.783382
vt 0.384284 0.815924
vt 0.475348 0.810863
vt 0.475348 0.817734
vt 0.472063 0.817734
vt 0.468478 0.810863
vt 0.371161 0.790252
vt 0.367721 0.790252
vt 0.367576 0.786967
vt 0.371161 0.786967
vt 0.364291 0.790252
vt 0.364291 0.786822
vt 0.364291 0.783382
vt 0.367576 0.783382
vt 0.452070 0.810863
vt 0.455500 0.810863
vt 0.455355 0.817734
vt 0.452070 0.817734
vt 0.458940 0.810863
vt 0.458940 0.817734
vt 0.519238 0.790252
vt 0.512367 0.790252
vt 0.512367 0.786967
vt 0.519238 0.783382
vt 0.424588 0.810863
vt 0.428028 0.810863
vt 0.428173 0.814149
vt 0.424588 0.814149
vt 0.431459 0.810863
vt 0.431459 0.817734
vt 0.343680 0.783382
vt 0.343680 0.786822
vt 0.340394 0.786967
vt 0.340394 0.785191
vt 0.343680 0.790252
vt 0.340249 0.790252
vt 0.336809 0.790252
vt 0.336809 0.783382
vt 0.428173 0.815924
vt 0.495959 0.810863
vt 0.502829 0.810863
vt 0.502829 0.814149
vt 0.495959 0.817734
vt 0.415051 0.790252
vt 0.411611 0.790252
vt 0.411466 0.786967
vt 0.415050 0.786967
vt 0.408180 0.790252
vt 0.408180 0.786822
vt 0.408180 0.783382
vt 0.411466 0.783382
vt 0.364291 0.810863
vt 0.367721 0.810863
vt 0.367576 0.817734
vt 0.364291 0.817734
vt 0.371161 0.810863
vt 0.371161 0.817734
vt 0.539849 0.790252
vt 0.539849 0.783382
vt 0.543134 0.783382
vt 0.546719 0.790252
vt 0.336809 0.810863
vt 0.340249 0.810863
vt 0.340394 0.814149
vt 0.336809 0.814149
vt 0.343680 0.810863
vt 0.343680 0.817734
vt 0.387569 0.783382
vt 0.387569 0.786822
vt 0.384284 0.786967
vt 0.384284 0.785191
vt 0.387569 0.790252
vt 0.384138 0.790252
vt 0.380699 0.790252
vt 0.380699 0.783382
vt 0.340394 0.815924
vt 0.563127 0.790252
vt 0.556257 0.790252
vt 0.556257 0.786967
vt 0.563127 0.783382
vt 0.759296 0.686065
vt 0.759296 0.682626
vt 0.762582 0.682481
vt 0.762581 0.686065
vt 0.759296 0.679195
vt 0.766166 0.679195
vt 0.644036 0.723084
vt 0.647475 0.723084
vt 0.647621 0.726370
vt 0.645845 0.726370
vt 0.650906 0.723084
vt 0.650906 0.726515
vt 0.650906 0.729955
vt 0.644036 0.729955
vt 0.764357 0.682480
vt 0.759296 0.658584
vt 0.759296 0.655153
vt 0.762581 0.655298
vt 0.766166 0.658584
vt 0.759296 0.651714
vt 0.762581 0.651714
vt 0.607017 0.810863
vt 0.607017 0.817734
vt 0.600146 0.814149
vt 0.600146 0.810863
vt 0.650906 0.695603
vt 0.650906 0.699043
vt 0.647621 0.699188
vt 0.644036 0.695603
vt 0.650906 0.702473
vt 0.647475 0.702473
vt 0.644036 0.702473
vt 0.645845 0.699188
vt 0.764357 0.655298
vt 0.583738 0.790252
vt 0.583738 0.783382
vt 0.587023 0.783382
vt 0.590608 0.790252
vt 0.671517 0.729955
vt 0.671517 0.726515
vt 0.674802 0.726370
vt 0.674802 0.729955
vt 0.671517 0.723084
vt 0.674948 0.723084
vt 0.678387 0.723084
vt 0.678387 0.726370
vt 0.694796 0.723084
vt 0.694795 0.726515
vt 0.687925 0.726370
vt 0.687925 0.723084
vt 0.694796 0.729955
vt 0.687925 0.729955
vt 0.627628 0.810863
vt 0.634498 0.810863
vt 0.634498 0.814149
vt 0.627628 0.817734
vt 0.694795 0.695603
vt 0.694796 0.699043
vt 0.691510 0.699188
vt 0.691510 0.695603
vt 0.694795 0.702473
vt 0.687925 0.702473
vt 0.678387 0.702473
vt 0.674948 0.702473
vt 0.674802 0.699188
vt 0.676578 0.699188
vt 0.671517 0.702473
vt 0.671517 0.699043
vt 0.671517 0.695603
vt 0.678387 0.695603
vt 0.689735 0.699188
vt 0.563127 0.810863
vt 0.563127 0.817734
vt 0.559842 0.817734
vt 0.556257 0.810863
vt 0.759296 0.598286
vt 0.759296 0.594847
vt 0.762582 0.594702
vt 0.762581 0.598286
vt 0.759296 0.591416
vt 0.762727 0.591416
vt 0.766166 0.591416
vt 0.766166 0.594701
vt 0.738685 0.679195
vt 0.738685 0.682626
vt 0.731815 0.682480
vt 0.731815 0.679195
vt 0.738685 0.686065
vt 0.731815 0.686065
vt 0.607017 0.790252
vt 0.600146 0.790252
vt 0.600146 0.786967
vt 0.607017 0.783382
vt 0.738685 0.651714
vt 0.738685 0.655153
vt 0.735399 0.655298
vt 0.735399 0.651714
vt 0.738685 0.658584
vt 0.731815 0.658584
vt 0.766166 0.570805
vt 0.762727 0.570805
vt 0.762582 0.567519
vt 0.764357 0.567519
vt 0.759296 0.570805
vt 0.759296 0.567374
vt 0.759296 0.563935
vt 0.766166 0.563935
vt 0.733624 0.655298
vt 0.583738 0.810863
vt 0.590608 0.810863
vt 0.590608 0.814149
vt 0.583738 0.817734
vt 0.715407 0.729955
vt 0.715407 0.726515
vt 0.718692 0.726370
vt 0.718692 0.729955
vt 0.715407 0.723084
vt 0.718837 0.723084
vt 0.722277 0.723084
vt 0.722277 0.726370
vt 0.738685 0.591416
vt 0.738685 0.594847
vt 0.731815 0.594701
vt 0.731815 0.591416
vt 0.738685 0.598286
vt 0.731815 0.598286
vt 0.627628 0.790252
vt 0.627628 0.783382
vt 0.630913 0.783382
vt 0.634498 0.790252
vt 0.738685 0.563935
vt 0.738685 0.567374
vt 0.735399 0.567519
vt 0.735399 0.563935
vt 0.738685 0.570805
vt 0.731815 0.570805
vt 0.722277 0.702473
vt 0.718837 0.702473
vt 0.718692 0.699188
vt 0.720468 0.699188
vt 0.715407 0.702473
vt 0.715407 0.699043
vt 0.715407 0.695603
vt 0.722277 0.695603
vt 0.733624 0.567519
vt 0.563127 0.614694
vt 0.556257 0.614694
vt 0.556257 0.611409
vt 0.563127 0.607824
vt 0.546719 0.614694
vt 0.543279 0.614694
vt 0.543134 0.611409
vt 0.546719 0.611409
vt 0.539849 0.614694
vt 0.539849 0.607824
vt 0.731815 0.635305
vt 0.735254 0.635306
vt 0.735399 0.638591
vt 0.733624 0.638591
vt 0.738685 0.635306
vt 0.738685 0.638736
vt 0.738685 0.642176
vt 0.731815 0.642176
vt 0.543134 0.609633
vt 0.519238 0.614694
vt 0.515807 0.614694
vt 0.515952 0.611409
vt 0.519238 0.607824
vt 0.512367 0.614694
vt 0.512367 0.611409
vt 0.607017 0.635305
vt 0.607017 0.642176
vt 0.600146 0.638591
vt 0.600146 0.635305
vt 0.738685 0.607824
vt 0.738685 0.611264
vt 0.735399 0.611409
vt 0.731815 0.607824
vt 0.738685 0.614694
vt 0.735254 0.614694
vt 0.731815 0.614694
vt 0.733624 0.611409
vt 0.515952 0.609633
vt 0.583738 0.614694
vt 0.583738 0.607824
vt 0.587023 0.607824
vt 0.590608 0.614694
vt 0.759296 0.642176
vt 0.759296 0.638736
vt 0.762581 0.638591
vt 0.762581 0.642176
vt 0.759296 0.635306
vt 0.762726 0.635305
vt 0.766166 0.635305
vt 0.766166 0.638591
vt 0.475348 0.635306
vt 0.475348 0.638736
vt 0.468478 0.638591
vt 0.468478 0.635306
vt 0.475348 0.642176
vt 0.468478 0.642176
vt 0.627628 0.635305
vt 0.634498 0.635305
vt 0.634498 0.638591
vt 0.627628 0.642176
vt 0.475348 0.607824
vt 0.475348 0.611264
vt 0.472063 0.611409
vt 0.472063 0.607824
vt 0.475348 0.614694
vt 0.468478 0.614694
vt 0.766166 0.614694
vt 0.762727 0.614694
vt 0.762581 0.611409
vt 0.764357 0.611409
vt 0.759296 0.614694
vt 0.759296 0.611264
vt 0.759296 0.607824
vt 0.766166 0.607824
vt 0.470287 0.611409
vt 0.563127 0.635305
vt 0.563127 0.642176
vt 0.559842 0.642176
vt 0.556257 0.635306
vt 0.759296 0.729955
vt 0.759296 0.726515
vt 0.762581 0.726370
vt 0.762581 0.729955
vt 0.759296 0.723084
vt 0.762727 0.723084
vt 0.766166 0.723084
vt 0.766166 0.726370
vt 0.539849 0.635305
vt 0.543279 0.635305
vt 0.543134 0.642176
vt 0.539849 0.642176
vt 0.546719 0.635305
vt 0.546719 0.642176
vt 0.607016 0.614694
vt 0.600146 0.614694
vt 0.600146 0.611409
vt 0.607017 0.607824
vt 0.512367 0.635305
vt 0.515807 0.635305
vt 0.515952 0.638591
vt 0.512367 0.638591
vt 0.519238 0.635305
vt 0.519238 0.642176
vt 0.766166 0.702473
vt 0.762727 0.702473
vt 0.762582 0.699188
vt 0.764357 0.699188
vt 0.759296 0.702473
vt 0.759296 0.699043
vt 0.759296 0.695603
vt 0.766166 0.695603
vt 0.515952 0.640366
vt 0.583738 0.635306
vt 0.590608 0.635306
vt 0.590608 0.638591
vt 0.583738 0.642176
vt 0.495959 0.642176
vt 0.495959 0.638736
vt 0.499245 0.638591
vt 0.499245 0.642176
vt 0.495959 0.635306
vt 0.499390 0.635306
vt 0.502829 0.635306
vt 0.502829 0.638591
vt 0.738685 0.723084
vt 0.738685 0.726515
vt 0.731815 0.726370
vt 0.731815 0.723084
vt 0.738685 0.729955
vt 0.731815 0.729955
vt 0.627628 0.614694
vt 0.627628 0.607824
vt 0.630913 0.607824
vt 0.634498 0.614694
vt 0.738685 0.695603
vt 0.738685 0.699043
vt 0.735399 0.699188
vt 0.735399 0.695603
vt 0.738685 0.702473
vt 0.731815 0.702473
vt 0.502829 0.614694
vt 0.499390 0.614694
vt 0.499245 0.611409
vt 0.501020 0.611409
vt 0.495959 0.614694
vt 0.495959 0.611264
vt 0.495959 0.607824
vt 0.502829 0.607824
vt 0.733624 0.699188
vt 0.650906 0.570805
vt 0.644036 0.570805
vt 0.644036 0.567519
vt 0.650906 0.563935
vt 0.283382 0.746363
vt 0.279942 0.746363
vt 0.279797 0.743077
vt 0.283382 0.743077
vt 0.276512 0.746363
vt 0.276512 0.739492
vt 0.671517 0.817734
vt 0.671517 0.814294
vt 0.674803 0.814149
vt 0.674803 0.815924
vt 0.671517 0.810863
vt 0.674948 0.810863
vt 0.678387 0.810863
vt 0.678387 0.817734
vt 0.279797 0.741302
vt 0.255901 0.746363
vt 0.252470 0.746363
vt 0.252615 0.743077
vt 0.255901 0.739492
vt 0.249030 0.746363
vt 0.249030 0.743077
vt 0.650906 0.635305
vt 0.650906 0.642176
vt 0.644036 0.638591
vt 0.644036 0.635305
vt 0.644036 0.810863
vt 0.647475 0.810863
vt 0.647621 0.814149
vt 0.644036 0.817734
vt 0.650906 0.810863
vt 0.650906 0.814294
vt 0.650906 0.817734
vt 0.647621 0.815924
vt 0.252615 0.741302
vt 0.671517 0.570805
vt 0.671517 0.563935
vt 0.674803 0.563935
vt 0.678387 0.570805
vt 0.678387 0.790252
vt 0.674948 0.790252
vt 0.674803 0.786967
vt 0.678387 0.786967
vt 0.671517 0.790252
vt 0.671517 0.786822
vt 0.671517 0.783382
vt 0.674803 0.783382
vt 0.188733 0.766974
vt 0.192163 0.766974
vt 0.192018 0.773844
vt 0.188733 0.773844
vt 0.195603 0.766974
vt 0.195603 0.773844
vt 0.671517 0.635305
vt 0.678387 0.635305
vt 0.678387 0.638591
vt 0.671517 0.642176
vt 0.161251 0.766974
vt 0.164691 0.766974
vt 0.164836 0.770259
vt 0.161251 0.770259
vt 0.168122 0.766974
vt 0.168122 0.773844
vt 0.650906 0.783382
vt 0.650906 0.786822
vt 0.647621 0.786967
vt 0.647621 0.785191
vt 0.650906 0.790252
vt 0.647475 0.790252
vt 0.644036 0.790252
vt 0.644036 0.783382
vt 0.164836 0.772035
vt 0.650906 0.591416
vt 0.650906 0.598286
vt 0.647620 0.598286
vt 0.644036 0.591416
vt 0.722277 0.790252
vt 0.718837 0.790252
vt 0.718692 0.786967
vt 0.722277 0.786967
vt 0.715407 0.790252
vt 0.715407 0.786822
vt 0.715407 0.783382
vt 0.718692 0.783382
vt 0.276512 0.766974
vt 0.279942 0.766974
vt 0.279797 0.773844
vt 0.276512 0.773844
vt 0.283382 0.766974
vt 0.283382 0.773844
vt 0.650906 0.614694
vt 0.644036 0.614694
vt 0.644036 0.611409
vt 0.650906 0.607824
vt 0.249030 0.766974
vt 0.252470 0.766974
vt 0.252615 0.770259
vt 0.249030 0.770259
vt 0.255901 0.766974
vt 0.255901 0.773844
vt 0.694795 0.783382
vt 0.694795 0.786822
vt 0.691510 0.786967
vt 0.691510 0.785191
vt 0.694795 0.790252
vt 0.691365 0.790252
vt 0.687925 0.790252
vt 0.687925 0.783382
vt 0.252615 0.772035
vt 0.671517 0.591416
vt 0.678387 0.591416
vt 0.678387 0.594701
vt 0.671517 0.598286
vt 0.195603 0.746363
vt 0.192163 0.746363
vt 0.192018 0.743077
vt 0.195603 0.743077
vt 0.188733 0.746363
vt 0.188733 0.742932
vt 0.188733 0.739492
vt 0.192018 0.739492
vt 0.715407 0.810863
vt 0.718837 0.810863
vt 0.718692 0.817734
vt 0.715407 0.817734
vt 0.722277 0.810863
vt 0.722277 0.817734
vt 0.671517 0.614694
vt 0.671517 0.607824
vt 0.674803 0.607824
vt 0.678387 0.614694
vt 0.687925 0.810863
vt 0.691365 0.810863
vt 0.691510 0.814149
vt 0.687925 0.814149
vt 0.694795 0.810863
vt 0.694796 0.817734
vt 0.168122 0.739492
vt 0.168122 0.742932
vt 0.164836 0.743077
vt 0.164836 0.741302
vt 0.168122 0.746363
vt 0.164691 0.746363
vt 0.161251 0.746363
vt 0.161251 0.739492
vt 0.691510 0.815924
vt 0.299790 0.658584
vt 0.292920 0.658584
vt 0.292920 0.655298
vt 0.299790 0.651714
vt 0.188733 0.686065
vt 0.188733 0.682626
vt 0.192018 0.682480
vt 0.192018 0.686065
vt 0.188733 0.679195
vt 0.195603 0.679195
vt 0.205141 0.766974
vt 0.208580 0.766974
vt 0.208726 0.770259
vt 0.206950 0.770259
vt 0.212011 0.766974
vt 0.212011 0.770405
vt 0.212011 0.773844
vt 0.205141 0.773844
vt 0.193794 0.682480
vt 0.188733 0.658584
vt 0.188733 0.655153
vt 0.192018 0.655298
vt 0.195603 0.658584
vt 0.188733 0.651714
vt 0.192018 0.651714
vt 0.255901 0.679195
vt 0.255901 0.686065
vt 0.249030 0.682480
vt 0.249030 0.679195
vt 0.212011 0.739492
vt 0.212011 0.742932
vt 0.208726 0.743077
vt 0.205141 0.739492
vt 0.212011 0.746363
vt 0.208580 0.746363
vt 0.205141 0.746363
vt 0.206950 0.743077
vt 0.193794 0.655298
vt 0.320401 0.658584
vt 0.320401 0.651714
vt 0.323687 0.651714
vt 0.327272 0.658584
vt 0.232622 0.773844
vt 0.232622 0.770405
vt 0.235908 0.770259
vt 0.235908 0.773844
vt 0.232622 0.766974
vt 0.236053 0.766974
vt 0.239493 0.766974
vt 0.239493 0.770259
vt 0.232622 0.679195
vt 0.236053 0.679195
vt 0.235908 0.686065
vt 0.232622 0.686065
vt 0.239493 0.679195
vt 0.239493 0.686065
vt 0.276512 0.679195
vt 0.283382 0.679195
vt 0.283382 0.682480
vt 0.276512 0.686065
vt 0.205141 0.679195
vt 0.208580 0.679195
vt 0.208726 0.682481
vt 0.205141 0.682480
vt 0.212011 0.679195
vt 0.212011 0.686065
vt 0.239493 0.746363
vt 0.236053 0.746363
vt 0.235908 0.743077
vt 0.237683 0.743077
vt 0.232622 0.746363
vt 0.232622 0.742932
vt 0.232622 0.739492
vt 0.239493 0.739492
vt 0.208726 0.684256
vt 0.299790 0.679195
vt 0.299790 0.686065
vt 0.296505 0.686065
vt 0.292920 0.679195
vt 0.320401 0.773844
vt 0.320401 0.770405
vt 0.323687 0.770259
vt 0.323687 0.773844
vt 0.320401 0.766974
vt 0.323832 0.766974
vt 0.327272 0.766974
vt 0.327272 0.770259
vt 0.168122 0.679195
vt 0.168122 0.682626
vt 0.161251 0.682480
vt 0.161251 0.679195
vt 0.168122 0.686065
vt 0.161251 0.686065
vt 0.255901 0.658584
vt 0.249030 0.658584
vt 0.249030 0.655298
vt 0.255901 0.651714
vt 0.168122 0.651714
vt 0.168122 0.655153
vt 0.164836 0.655298
vt 0.164836 0.651714
vt 0.168122 0.658584
vt 0.161251 0.658584
vt 0.327272 0.746363
vt 0.323832 0.746363
vt 0.323687 0.743077
vt 0.325462 0.743077
vt 0.320401 0.746363
vt 0.320401 0.742932
vt 0.320401 0.739492
vt 0.327272 0.739492
vt 0.163061 0.655298
vt 0.320401 0.679195
vt 0.327272 0.679195
vt 0.327272 0.682480
vt 0.320401 0.686065
vt 0.239493 0.658584
vt 0.236053 0.658584
vt 0.235908 0.655298
vt 0.239493 0.655298
vt 0.232622 0.658584
vt 0.232622 0.655153
vt 0.232622 0.651714
vt 0.235908 0.651714
vt 0.299790 0.766974
vt 0.299790 0.770405
vt 0.292920 0.770259
vt 0.292920 0.766974
vt 0.299790 0.773844
vt 0.292920 0.773844
vt 0.276512 0.658584
vt 0.276512 0.651714
vt 0.279797 0.651714
vt 0.283382 0.658584
vt 0.299790 0.739492
vt 0.299790 0.742932
vt 0.296505 0.743077
vt 0.296505 0.739492
vt 0.299790 0.746363
vt 0.292920 0.746363
vt 0.212011 0.651714
vt 0.212011 0.655153
vt 0.208726 0.655298
vt 0.208726 0.653523
vt 0.212011 0.658584
vt 0.208580 0.658584
vt 0.205141 0.658584
vt 0.205141 0.651714
vt 0.294729 0.743077
vt 0.387569 0.746363
vt 0.380699 0.746363
vt 0.380699 0.743077
vt 0.387569 0.739492
vt 0.458940 0.570805
vt 0.455500 0.570805
vt 0.455355 0.567519
vt 0.458940 0.567519
vt 0.452070 0.570805
vt 0.452070 0.563935
vt 0.336809 0.766974
vt 0.340249 0.766974
vt 0.340394 0.770259
vt 0.338619 0.770259
vt 0.343680 0.766974
vt 0.343680 0.770405
vt 0.343680 0.773844
vt 0.336809 0.773844
vt 0.455355 0.565744
vt 0.431459 0.570805
vt 0.428028 0.570805
vt 0.428173 0.567519
vt 0.431459 0.563935
vt 0.424588 0.570805
vt 0.424588 0.567519
vt 0.475348 0.766974
vt 0.475348 0.773844
vt 0.468478 0.770259
vt 0.468478 0.766974
vt 0.343680 0.739493
vt 0.343680 0.742932
vt 0.340394 0.743077
vt 0.336809 0.739492
vt 0.343680 0.746363
vt 0.340249 0.746363
vt 0.336809 0.746363
vt 0.338619 0.743077
vt 0.428173 0.565744
vt 0.408180 0.746363
vt 0.408180 0.739492
vt 0.411466 0.739492
vt 0.415051 0.746363
vt 0.364291 0.773844
vt 0.364291 0.770405
vt 0.367576 0.770259
vt 0.367576 0.773844
vt 0.364291 0.766974
vt 0.367721 0.766974
vt 0.371161 0.766974
vt 0.371161 0.770259
vt 0.276512 0.591416
vt 0.279942 0.591416
vt 0.279797 0.598286
vt 0.276512 0.598286
vt 0.283382 0.591416
vt 0.283382 0.598286
vt 0.495959 0.766974
vt 0.502829 0.766974
vt 0.502829 0.770259
vt 0.495959 0.773844
vt 0.249030 0.591416
vt 0.252470 0.591416
vt 0.252615 0.594701
vt 0.249030 0.594701
vt 0.255901 0.591416
vt 0.255901 0.598286
vt 0.371161 0.746363
vt 0.367721 0.746363
vt 0.367576 0.743077
vt 0.369352 0.743077
vt 0.364291 0.746363
vt 0.364291 0.742932
vt 0.364291 0.739492
vt 0.371161 0.739492
vt 0.252615 0.596477
vt 0.387569 0.766974
vt 0.387569 0.773844
vt 0.384284 0.773844
vt 0.380699 0.766974
vt 0.452070 0.773844
vt 0.452070 0.770405
vt 0.455355 0.770259
vt 0.455355 0.773844
vt 0.452070 0.766974
vt 0.455500 0.766974
vt 0.458940 0.766974
vt 0.458940 0.770259
vt 0.452070 0.591416
vt 0.455500 0.591416
vt 0.455355 0.598286
vt 0.452070 0.598286
vt 0.458940 0.591416
vt 0.458940 0.598286
vt 0.475348 0.746363
vt 0.468478 0.746363
vt 0.468478 0.743077
vt 0.475348 0.739493
vt 0.424588 0.591416
vt 0.428028 0.591416
vt 0.428173 0.594701
vt 0.424588 0.594701
vt 0.431459 0.591416
vt 0.431459 0.598286
vt 0.458940 0.746363
vt 0.455500 0.746363
vt 0.455355 0.743077
vt 0.457131 0.743077
vt 0.452070 0.746363
vt 0.452070 0.742932
vt 0.452070 0.739492
vt 0.458940 0.739492
vt 0.428173 0.596477
vt 0.408180 0.766974
vt 0.415051 0.766974
vt 0.415050 0.770259
vt 0.408180 0.773844
vt 0.283382 0.570805
vt 0.279942 0.570805
vt 0.279797 0.567519
vt 0.283382 0.567519
vt 0.276512 0.570805
vt 0.276512 0.567374
vt 0.276512 0.563935
vt 0.279797 0.563935
vt 0.431459 0.766974
vt 0.431459 0.770405
vt 0.424588 0.770259
vt 0.424588 0.766974
vt 0.431459 0.773844
vt 0.424588 0.773844
vt 0.495959 0.746363
vt 0.495959 0.739493
vt 0.499245 0.739493
vt 0.502829 0.746363
vt 0.431459 0.739493
vt 0.431459 0.742932
vt 0.428173 0.743077
vt 0.428173 0.739493
vt 0.431459 0.746363
vt 0.424588 0.746363
vt 0.255901 0.563935
vt 0.255901 0.567374
vt 0.252615 0.567519
vt 0.252615 0.565744
vt 0.255901 0.570805
vt 0.252470 0.570805
vt 0.249030 0.570805
vt 0.249030 0.563935
vt 0.426398 0.743077
vt 0.607016 0.746363
vt 0.600146 0.746363
vt 0.600146 0.743077
vt 0.607017 0.739492
vt 0.546719 0.746363
vt 0.543279 0.746363
vt 0.543134 0.743077
vt 0.546719 0.743077
vt 0.539849 0.746363
vt 0.539849 0.739492
vt 0.759296 0.817734
vt 0.759296 0.814294
vt 0.762582 0.814149
vt 0.762582 0.815924
vt 0.759296 0.810863
vt 0.762727 0.810863
vt 0.766166 0.810863
vt 0.766166 0.817734
vt 0.543134 0.741302
vt 0.519238 0.746363
vt 0.515807 0.746363
vt 0.515952 0.743077
vt 0.519238 0.739492
vt 0.512367 0.746363
vt 0.512367 0.743077
vt 0.650906 0.766974
vt 0.650906 0.773844
vt 0.644036 0.770259
vt 0.644036 0.766974
vt 0.731815 0.810863
vt 0.735254 0.810863
vt 0.735399 0.814149
vt 0.731815 0.817734
vt 0.738685 0.810863
vt 0.738685 0.814294
vt 0.738685 0.817734
vt 0.735399 0.815924
vt 0.515952 0.741302
vt 0.627627 0.746363
vt 0.627628 0.739492
vt 0.630913 0.739492
vt 0.634498 0.746363
vt 0.766166 0.790252
vt 0.762727 0.790252
vt 0.762581 0.786967
vt 0.766166 0.786967
vt 0.759296 0.790252
vt 0.759296 0.786822
vt 0.759296 0.783382
vt 0.762581 0.783382
vt 0.583738 0.766974
vt 0.587169 0.766974
vt 0.587024 0.773844
vt 0.583738 0.773844
vt 0.590608 0.766974
vt 0.590608 0.773844
vt 0.671517 0.766974
vt 0.678387 0.766974
vt 0.678387 0.770259
vt 0.671517 0.773844
vt 0.556257 0.766974
vt 0.559696 0.766974
vt 0.559842 0.770259
vt 0.556257 0.770259
vt 0.563127 0.766974
vt 0.563127 0.773844
vt 0.738685 0.783382
vt 0.738685 0.786822
vt 0.735399 0.786967
vt 0.735399 0.785191
vt 0.738685 0.790252
vt 0.735254 0.790252
vt 0.731815 0.790252
vt 0.731815 0.783382
vt 0.559842 0.772035
vt 0.607017 0.766974
vt 0.607017 0.773844
vt 0.603731 0.773844
vt 0.600146 0.766974
vt 0.810056 0.790252
vt 0.806616 0.790252
vt 0.806471 0.786967
vt 0.810056 0.786967
vt 0.803185 0.790252
vt 0.803185 0.786822
vt 0.803185 0.783382
vt 0.806471 0.783382
vt 0.539849 0.766974
vt 0.543279 0.766974
vt 0.543134 0.773844
vt 0.539849 0.773844
vt 0.546719 0.766974
vt 0.546719 0.773844
vt 0.650906 0.746363
vt 0.644036 0.746363
vt 0.644036 0.743077
vt 0.650906 0.739492
vt 0.512367 0.766974
vt 0.515807 0.766974
vt 0.515952 0.770259
vt 0.512367 0.770259
vt 0.519238 0.766974
vt 0.519238 0.773844
vt 0.782574 0.783382
vt 0.782574 0.786822
vt 0.779289 0.786967
vt 0.779289 0.785191
vt 0.782574 0.790252
vt 0.779144 0.790252
vt 0.775704 0.790252
vt 0.775704 0.783382
vt 0.515952 0.772035
vt 0.627628 0.766974
vt 0.634498 0.766974
vt 0.634498 0.770259
vt 0.627628 0.773844
vt 0.590608 0.746363
vt 0.587169 0.746363
vt 0.587024 0.743077
vt 0.590608 0.743077
vt 0.583738 0.746363
vt 0.583738 0.742932
vt 0.583738 0.739492
vt 0.587024 0.739492
vt 0.803185 0.810863
vt 0.806616 0.810863
vt 0.806471 0.817734
vt 0.803185 0.817734
vt 0.810056 0.810863
vt 0.810056 0.817734
vt 0.671517 0.746363
vt 0.671517 0.739492
vt 0.674803 0.739492
vt 0.678387 0.746363
vt 0.775704 0.810863
vt 0.779144 0.810863
vt 0.779289 0.814149
vt 0.775704 0.814149
vt 0.782574 0.810863
vt 0.782574 0.817734
vt 0.563127 0.739492
vt 0.563127 0.742932
vt 0.559842 0.743077
vt 0.559842 0.741302
vt 0.563127 0.746363
vt 0.559696 0.746363
vt 0.556257 0.746363
vt 0.556257 0.739492
vt 0.779289 0.815924
vt 0.782574 0.614694
vt 0.775704 0.614694
vt 0.775704 0.611409
vt 0.782574 0.607824
vt 0.327272 0.570805
vt 0.323832 0.570805
vt 0.323687 0.567519
vt 0.327272 0.567519
vt 0.320401 0.570805
vt 0.320401 0.563935
vt 0.731815 0.766974
vt 0.735254 0.766974
vt 0.735399 0.770259
vt 0.733624 0.770259
vt 0.738685 0.766974
vt 0.738685 0.770405
vt 0.738685 0.773844
vt 0.731815 0.773844
vt 0.323687 0.565744
vt 0.299790 0.570805
vt 0.296359 0.570805
vt 0.296505 0.567519
vt 0.299790 0.563935
vt 0.292920 0.570805
vt 0.292920 0.567519
vt 0.782574 0.591416
vt 0.782574 0.598286
vt 0.775704 0.594701
vt 0.775704 0.591416
vt 0.738685 0.739492
vt 0.738685 0.742932
vt 0.735399 0.743077
vt 0.731815 0.739492
vt 0.738685 0.746363
vt 0.735254 0.746363
vt 0.731815 0.746363
vt 0.733624 0.743077
vt 0.296505 0.565744
vt 0.803185 0.614694
vt 0.803185 0.607824
vt 0.806471 0.607824
vt 0.810056 0.614694
vt 0.759296 0.773844
vt 0.759296 0.770405
vt 0.762581 0.770259
vt 0.762581 0.773844
vt 0.759296 0.766974
vt 0.762727 0.766974
vt 0.766166 0.766974
vt 0.766166 0.770259
vt 0.495959 0.591416
vt 0.499390 0.591416
vt 0.499245 0.598286
vt 0.495959 0.598286
vt 0.502829 0.591416
vt 0.502829 0.598286
vt 0.803185 0.591416
vt 0.810056 0.591416
vt 0.810056 0.594701
vt 0.803185 0.598286
vt 0.468478 0.591416
vt 0.471917 0.591416
vt 0.472063 0.594701
vt 0.468478 0.594701
vt 0.475348 0.591416
vt 0.475348 0.598286
vt 0.766166 0.746363
vt 0.762726 0.746363
vt 0.762581 0.743077
vt 0.764357 0.743077
vt 0.759296 0.746363
vt 0.759296 0.742932
vt 0.759296 0.739492
vt 0.766166 0.739492
vt 0.472063 0.596477
vt 0.782574 0.635305
vt 0.782574 0.642176
vt 0.779289 0.642176
vt 0.775704 0.635305
vt 0.715407 0.773844
vt 0.715407 0.770405
vt 0.718692 0.770259
vt 0.718692 0.773844
vt 0.715407 0.766974
vt 0.718837 0.766974
vt 0.722277 0.766974
vt 0.722277 0.770259
vt 0.320401 0.591416
vt 0.323832 0.591416
vt 0.323687 0.598286
vt 0.320401 0.598286
vt 0.327272 0.591416
vt 0.327272 0.598286
vt 0.782574 0.570805
vt 0.775704 0.570805
vt 0.775704 0.567519
vt 0.782574 0.563935
vt 0.292920 0.591416
vt 0.296359 0.591416
vt 0.296505 0.594701
vt 0.292920 0.594701
vt 0.299790 0.591416
vt 0.299790 0.598286
vt 0.722277 0.746363
vt 0.718837 0.746363
vt 0.718692 0.743077
vt 0.720467 0.743077
vt 0.715407 0.746363
vt 0.715407 0.742932
vt 0.715407 0.739492
vt 0.722277 0.739492
vt 0.296505 0.596477
vt 0.803185 0.635305
vt 0.810056 0.635305
vt 0.810056 0.638591
vt 0.803185 0.642176
vt 0.502829 0.570805
vt 0.499390 0.570805
vt 0.499245 0.567519
vt 0.502829 0.567519
vt 0.495959 0.570805
vt 0.495959 0.567374
vt 0.495959 0.563935
vt 0.499245 0.563935
vt 0.694795 0.766974
vt 0.694795 0.770405
vt 0.687925 0.770259
vt 0.687925 0.766974
vt 0.694795 0.773844
vt 0.687925 0.773844
vt 0.803185 0.570805
vt 0.803185 0.563935
vt 0.806471 0.563935
vt 0.810056 0.570805
vt 0.694795 0.739492
vt 0.694796 0.742932
vt 0.691510 0.743077
vt 0.691510 0.739492
vt 0.694795 0.746363
vt 0.687925 0.746363
vt 0.475348 0.563935
vt 0.475348 0.567374
vt 0.472063 0.567519
vt 0.472063 0.565744
vt 0.475348 0.570805
vt 0.471917 0.570805
vt 0.468478 0.570805
vt 0.468478 0.563935
vt 0.689735 0.743077
s 1
usemtl BB_PaintedIron
f 1/1/1 4/2/4 6/3/6 5/4/5
f 4/2/4 8/5/8 9/6/9 6/3/6
f 2/7/2 7/8/7 9/9/9 8/10/8
f 7/8/7 11/11/11 12/12/12 9/9/9
f 3/13/3 10/14/10 12/15/12 11/16/11
f 10/17/10 5/4/5 6/3/6 12/18/12
f 6/3/6 9/6/9 12/18/12
f 13/19/13 16/20/16 18/21/18 17/22/17
f 16/23/16 20/24/20 21/25/21 18/26/18
f 14/27/14 19/28/19 21/25/21 20/24/20
f 19/28/19 23/29/23 24/30/24 21/25/21
f 15/31/15 22/32/22 24/33/24 23/34/23
f 22/35/22 17/22/17 18/21/18 24/36/24
f 18/26/18 21/25/21 24/30/24
f 25/37/25 28/38/28 30/39/30 29/40/29
f 28/38/28 32/41/32 33/42/33 30/39/30
f 26/43/26 31/44/31 33/45/33 32/46/32
f 31/47/31 35/48/35 36/49/36 33/50/33
f 27/51/27 34/52/34 36/49/36 35/48/35
f 34/53/34 29/40/29 30/39/30 36/54/36
f 30/39/30 33/42/33 36/54/36
f 37/55/37 40/56/40 42/57/42 41/58/41
f 40/56/40 44/59/44 45/60/45 42/57/42
f 38/61/38 43/62/43 45/63/45 44/64/44
f 43/62/43 47/65/47 48/66/48 45/63/45
f 39/67/39 46/68/46 48/69/48 47/70/47
f 46/71/46 41/58/41 42/57/42 48/72/48
f 42/57/42 45/60/45 48/72/48
f 49/73/49 52/74/52 54/75/54 53/76/53
f 52/74/52 56/77/56 57/78/57 54/75/54
f 50/79/50 55/80/55 57/81/57 56/82/56
f 55/80/55 59/83/59 60/84/60 57/81/57
f 51/85/51 58/86/58 60/87/60 59/88/59
f 58/89/58 53/76/53 54/75/54 60/90/60
f 54/75/54 57/78/57 60/90/60
f 61/91/61 64/92/64 66/93/66 65/94/65
f 64/92/64 68/95/68 69/96/69 66/93/66
f 62/97/62 67/98/67 69/99/69 68/100/68
f 67/101/67 71/102/71 72/103/72 69/104/69
f 63/105/63 70/106/70 72/103/72 71/102/71
f 70/107/70 65/94/65 66/93/66 72/108/72
f 66/93/66 69/96/69 72/108/72
f 73/109/73 76/110/76 78/111/78 77/112/77
f 76/110/76 80/113/80 81/114/81 78/111/78
f 74/115/74 79/116/79 81/117/81 80/118/80
f 79/119/79 83/120/83 84/121/84 81/122/81
f 75/123/75 82/124/82 84/121/84 83/120/83
f 82/125/82 77/112/77 78/111/78 84/126/84
f 78/111/78 81/114/81 84/126/84
f 85/127/85 88/128/88 90/129/90 89/130/89
f 88/128/88 92/131/92 93/132/93 90/129/90
f 86/133/86 91/134/91 93/135/93 92/136/92
f 91/134/91 95/137/95 96/138/96 93/135/93
f 87/139/87 94/140/94 96/141/96 95/142/95
f 94/143/94 89/130/89 90/129/90 96/144/96
f 90/129/90 93/132/93 96/144/96
f 97/145/1 100/146/4 102/147/6 101/148/5
f 100/149/4 104/150/8 105/151/97 102/152/6
f 98/153/2 103/154/7 105/151/97 104/150/8
f 103/155/7 107/156/11 108/157/98 105/158/97
f 99/159/3 106/160/10 108/157/98 107/156/11
f 106/160/10 101/161/5 102/162/6 108/157/98
f 102/152/6 105/151/97 108/163/98
f 109/164/13 112/165/16 114/166/18 113/167/17
f 112/165/16 116/168/20 117/169/21 114/166/18
f 110/170/14 115/171/19 117/172/21 116/173/20
f 115/174/19 119/175/23 120/176/99 117/177/21
f 111/178/15 118/179/22 120/176/99 119/175/23
f 118/179/22 113/180/17 114/181/18 120/176/99
f 114/166/18 117/169/21 120/182/99
f 121/183/25 124/184/28 126/185/30 125/186/29
f 124/187/28 128/188/32 129/189/100 126/190/30
f 122/191/26 127/192/31 129/189/100 128/188/32
f 127/192/31 131/193/35 132/194/101 129/189/100
f 123/195/27 130/196/34 132/197/101 131/198/35
f 130/196/34 125/199/29 126/200/30 132/197/101
f 126/190/30 129/189/100 132/194/101
f 133/201/37 136/202/40 138/203/42 137/204/41
f 136/205/40 140/206/44 141/207/102 138/208/42
f 134/209/38 139/210/43 141/207/102 140/206/44
f 139/211/43 143/212/47 144/213/103 141/214/102
f 135/215/39 142/216/46 144/213/103 143/212/47
f 142/216/46 137/217/41 138/218/42 144/213/103
f 138/208/42 141/207/102 144/219/103
f 145/220/49 148/221/52 150/222/54 149/223/53
f 148/224/52 152/225/56 153/226/104 150/227/54
f 146/228/50 151/229/55 153/226/104 152/225/56
f 151/229/55 155/230/59 156/231/60 153/226/104
f 147/232/51 154/233/58 156/234/60 155/235/59
f 154/233/58 149/236/53 150/237/54 156/234/60
f 150/227/54 153/226/104 156/231/60
f 157/238/61 160/239/64 162/240/66 161/241/65
f 160/242/64 164/243/68 165/244/105 162/245/66
f 158/246/62 163/247/67 165/244/105 164/243/68
f 163/248/67 167/249/71 168/250/106 165/251/105
f 159/252/63 166/253/70 168/250/106 167/249/71
f 166/253/70 161/254/65 162/255/66 168/250/106
f 162/245/66 165/244/105 168/256/106
f 169/257/73 172/258/76 174/259/78 173/260/77
f 172/261/76 176/262/80 177/263/107 174/264/78
f 170/265/74 175/266/79 177/263/107 176/262/80
f 175/266/79 179/267/83 180/268/108 177/263/107
f 171/269/75 178/270/82 180/271/108 179/272/83
f 178/270/82 173/273/77 174/274/78 180/271/108
f 174/264/78 177/263/107 180/268/108
f 181/275/85 184/276/88 186/277/90 185/278/89
f 184/279/88 188/280/92 189/281/109 186/282/90
f 182/283/86 187/284/91 189/281/109 188/280/92
f 187/285/91 191/286/95 192/287/96 189/288/109
f 183/289/87 190/290/94 192/287/96 191/286/95
f 190/290/94 185/291/89 186/292/90 192/287/96
f 186/282/90 189/281/109 192/293/96
f 193/294/1 196/295/4 198/296/110 197/297/5
f 196/298/4 200/299/8 201/300/97 198/301/110
f 194/302/2 199/303/7 201/300/97 200/299/8
f 199/304/7 203/305/11 204/306/111 201/307/97
f 195/308/3 202/309/10 204/306/111 203/305/11
f 202/309/10 197/310/5 198/311/110 204/306/111
f 198/301/110 201/300/97 204/312/111
f 205/313/13 208/314/16 210/315/18 209/316/17
f 208/314/16 212/317/20 213/318/21 210/315/18
f 206/319/14 211/320/19 213/321/21 212/322/20
f 211/323/19 215/324/23 216/325/99 213/326/21
f 207/327/15 214/328/22 216/325/99 215/324/23
f 214/328/22 209/329/17 210/330/18 216/325/99
f 210/315/18 213/318/21 216/331/99
f 217/332/25 220/333/28 222/334/30 221/335/29
f 220/336/28 224/337/32 225/338/113 222/339/30
f 218/340/26 223/341/112 225/338/113 224/337/32
f 223/341/112 227/342/35 228/343/36 225/338/113
f 219/344/27 226/345/34 228/346/36 227/347/35
f 226/345/34 221/348/29 222/349/30 228/346/36
f 222/339/30 225/338/113 228/343/36
f 229/350/37 232/351/40 234/352/114 233/353/41
f 232/354/40 236/355/44 237/356/102 234/357/114
f 230/358/38 235/359/43 237/356/102 236/355/44
f 235/360/43 239/361/47 240/362/115 237/363/102
f 231/364/39 238/365/46 240/362/115 239/361/47
f 238/365/46 233/366/41 234/367/114 240/362/115
f 234/357/114 237/356/102 240/368/115
f 241/369/49 244/370/52 246/371/54 245/372/53
f 244/373/52 248/374/56 249/375/116 246/376/54
f 242/377/50 247/378/55 249/375/116 248/374/56
f 247/378/55 251/379/59 252/380/60 249/375/116
f 243/381/51 250/382/58 252/383/60 251/384/59
f 250/382/58 245/385/53 246/386/54 252/383/60
f 246/376/54 249/375/116 252/380/60
f 253/387/61 256/388/64 258/389/66 257/390/65
f 256/391/64 260/392/68 261/393/105 258/394/66
f 254/395/62 259/396/67 261/393/105 260/392/68
f 259/397/67 263/398/71 264/399/72 261/400/105
f 255/401/63 262/402/70 264/399/72 263/398/71
f 262/402/70 257/403/65 258/404/66 264/399/72
f 258/394/66 261/393/105 264/405/72
f 265/406/73 268/407/76 270/408/78 269/409/77
f 268/410/76 272/411/80 273/412/107 270/413/78
f 266/414/74 271/415/79 273/412/107 272/411/80
f 271/415/79 275/416/83 276/417/84 273/412/107
f 267/418/75 274/419/82 276/420/84 275/421/83
f 274/419/82 269/422/77 270/423/78 276/420/84
f 270/413/78 273/412/107 276/417/84
f 277/424/85 280/425/88 282/426/90 281/427/89
f 280/428/88 284/429/92 285/430/117 282/431/90
f 278/432/86 283/433/91 285/430/117 284/429/92
f 283/434/91 287/435/95 288/436/96 285/437/117
f 279/438/87 286/439/94 288/436/96 287/435/95
f 286/439/94 281/440/89 282/441/90 288/436/96
f 282/431/90 285/430/117 288/442/96
f 289/443/1 292/444/4 294/445/6 293/446/5
f 292/447/4 296/448/8 297/449/97 294/450/6
f 290/451/2 295/452/7 297/449/97 296/448/8
f 295/453/7 299/454/11 300/455/98 297/456/97
f 291/457/3 298/458/10 300/455/98 299/454/11
f 298/458/10 293/459/5 294/460/6 300/455/98
f 294/450/6 297/449/97 300/461/98
f 301/462/13 304/463/16 306/464/18 305/465/17
f 304/463/16 308/466/20 309/467/21 306/464/18
f 302/468/14 307/469/19 309/470/21 308/471/20
f 307/472/19 311/473/23 312/474/99 309/475/21
f 303/476/15 310/477/22 312/474/99 311/473/23
f 310/477/22 305/478/17 306/479/18 312/474/99
f 306/464/18 309/467/21 312/480/99
f 313/481/25 316/482/28 318/483/30 317/484/29
f 316/485/28 320/486/32 321/487/100 318/488/30
f 314/489/26 319/490/31 321/487/100 320/486/32
f 319/490/31 323/491/35 324/492/101 321/487/100
f 315/493/27 322/494/34 324/495/101 323/496/35
f 322/494/34 317/497/29 318/498/30 324/495/101
f 318/488/30 321/487/100 324/492/101
f 325/499/37 328/500/40 330/501/42 329/502/41
f 328/503/40 332/504/44 333/505/102 330/506/42
f 326/507/38 331/508/43 333/505/102 332/504/44
f 331/509/43 335/510/47 336/511/103 333/512/102
f 327/513/39 334/514/46 336/511/103 335/510/47
f 334/514/46 329/515/41 330/516/42 336/511/103
f 330/506/42 333/505/102 336/517/103
f 337/518/49 340/519/52 342/520/54 341/521/53
f 340/522/52 344/523/56 345/524/104 342/525/54
f 338/526/50 343/527/55 345/524/104 344/523/56
f 343/527/55 347/528/59 348/529/60 345/524/104
f 339/530/51 346/531/58 348/532/60 347/533/59
f 346/531/58 341/534/53 342/535/54 348/532/60
f 342/525/54 345/524/104 348/529/60
f 349/536/61 352/537/64 354/538/66 353/539/65
f 352/540/64 356/541/68 357/542/105 354/543/66
f 350/544/62 355/545/67 357/542/105 356/541/68
f 355/546/67 359/547/71 360/548/106 357/549/105
f 351/550/63 358/551/70 360/548/106 359/547/71
f 358/551/70 353/552/65 354/553/66 360/548/106
f 354/543/66 357/542/105 360/554/106
f 361/555/73 364/556/76 366/557/78 365/558/77
f 364/559/76 368/560/80 369/561/107 366/562/78
f 362/563/74 367/564/79 369/561/107 368/560/80
f 367/564/79 371/565/83 372/566/108 369/561/107
f 363/567/75 370/568/82 372/569/108 371/570/83
f 370/568/82 365/571/77 366/572/78 372/569/108
f 366/562/78 369/561/107 372/566/108
f 373/573/85 376/574/88 378/575/90 377/576/89
f 376/577/88 380/578/92 381/579/109 378/580/90
f 374/581/86 379/582/91 381/579/109 380/578/92
f 379/583/91 383/584/95 384/585/96 381/586/109
f 375/587/87 382/588/94 384/585/96 383/584/95
f 382/588/94 377/589/89 378/590/90 384/585/96
f 378/580/90 381/579/109 384/591/96
f 385/592/1 388/593/4 390/594/6 389/595/5
f 388/596/4 392/597/8 393/598/97 390/599/6
f 386/600/2 391/601/7 393/598/97 392/597/8
f 391/602/7 395/603/11 396/604/12 393/605/97
f 387/606/3 394/607/10 396/604/12 395/603/11
f 394/607/10 389/608/5 390/609/6 396/604/12
f 390/599/6 393/598/97 396/610/12
f 397/611/13 400/612/16 402/613/18 401/614/17
f 400/612/16 404/615/20 405/616/21 402/613/18
f 398/617/14 403/618/19 405/619/21 404/620/20
f 403/621/19 407/622/23 408/623/24 405/624/21
f 399/625/15 406/626/22 408/623/24 407/622/23
f 406/626/22 401/627/17 402/628/18 408/623/24
f 402/613/18 405/616/21 408/629/24
f 409/630/25 412/631/28 414/632/30 413/633/29
f 412/634/28 416/635/32 417/636/33 414/637/30
f 410/638/26 415/639/31 417/636/33 416/635/32
f 415/639/31 419/640/35 420/641/36 417/636/33
f 411/642/27 418/643/34 420/644/36 419/645/35
f 418/643/34 413/646/29 414/647/30 420/644/36
f 414/637/30 417/636/33 420/641/36
f 421/648/37 424/649/40 426/650/42 425/651/41
f 424/652/40 428/653/44 429/654/102 426/655/42
f 422/656/38 427/657/43 429/654/102 428/653/44
f 427/658/43 431/659/47 432/660/103 429/661/102
f 423/662/39 430/663/46 432/660/103 431/659/47
f 430/663/46 425/664/41 426/665/42 432/660/103
f 426/655/42 429/654/102 432/666/103
f 433/667/49 436/668/52 438/669/54 437/670/53
f 436/671/52 440/672/56 441/673/57 438/674/54
f 434/675/50 439/676/55 441/673/57 440/672/56
f 439/676/55 443/677/59 444/678/60 441/673/57
f 435/679/51 442/680/58 444/681/60 443/682/59
f 442/680/58 437/683/53 438/684/54 444/681/60
f 438/674/54 441/673/57 444/678/60
f 445/685/61 448/686/64 450/687/66 449/688/65
f 448/689/64 452/690/68 453/691/105 450/692/66
f 446/693/62 451/694/67 453/691/105 452/690/68
f 451/695/67 455/696/71 456/697/72 453/698/105
f 447/699/63 454/700/70 456/697/72 455/696/71
f 454/700/70 449/701/65 450/702/66 456/697/72
f 450/692/66 453/691/105 456/703/72
f 457/704/73 460/705/76 462/706/78 461/707/77
f 460/708/76 464/709/80 465/710/107 462/711/78
f 458/712/74 463/713/79 465/710/107 464/709/80
f 463/713/79 467/714/83 468/715/84 465/710/107
f 459/716/75 466/717/82 468/718/84 467/719/83
f 466/717/82 461/720/77 462/721/78 468/718/84
f 462/711/78 465/710/107 468/715/84
f 469/722/85 472/723/88 474/724/90 473/725/89
f 472/726/88 476/727/92 477/728/93 474/729/90
f 470/730/86 475/731/91 477/728/93 476/727/92
f 475/732/91 479/733/95 480/734/96 477/735/93
f 471/736/87 478/737/94 480/734/96 479/733/95
f 478/737/94 473/738/89 474/739/90 480/734/96
f 474/729/90 477/728/93 480/740/96
f 481/741/1 484/742/4 486/743/6 485/744/5
f 484/745/4 488/746/8 489/747/97 486/748/6
f 482/749/2 487/750/7 489/747/97 488/746/8
f 487/751/7 491/752/11 492/753/12 489/754/97
f 483/755/3 490/756/10 492/753/12 491/752/11
f 490/756/10 485/757/5 486/758/6 492/753/12
f 486/748/6 489/747/97 492/759/12
f 493/760/13 496/761/16 498/762/18 497/763/17
f 496/761/16 500/764/20 501/765/21 498/762/18
f 494/766/14 499/767/19 501/768/21 500/769/20
f 499/770/19 503/771/23 504/772/24 501/773/21
f 495/774/15 502/775/22 504/772/24 503/771/23
f 502/775/22 497/776/17 498/777/18 504/772/24
f 498/762/18 501/765/21 504/778/24
f 505/779/25 508/780/28 510/781/30 509/782/29
f 508/783/28 512/784/32 513/785/33 510/786/30
f 506/787/26 511/788/31 513/785/33 512/784/32
f 511/788/31 515/789/35 516/790/36 513/785/33
f 507/791/27 514/792/34 516/793/36 515/794/35
f 514/792/34 509/795/29 510/796/30 516/793/36
f 510/786/30 513/785/33 516/790/36
f 517/797/37 520/798/40 522/799/42 521/800/41
f 520/801/40 524/802/44 525/803/102 522/804/42
f 518/805/38 523/806/43 525/803/102 524/802/44
f 523/807/43 527/808/47 528/809/48 525/810/102
f 519/811/39 526/812/46 528/809/48 527/808/47
f 526/812/46 521/813/41 522/814/42 528/809/48
f 522/804/42 525/803/102 528/815/48
f 529/816/49 532/817/52 534/818/54 533/819/53
f 532/820/52 536/821/56 537/822/57 534/823/54
f 530/824/50 535/825/55 537/822/57 536/821/56
f 535/825/55 539/826/59 540/827/60 537/822/57
f 531/828/51 538/829/58 540/830/60 539/831/59
f 538/829/58 533/832/53 534/833/54 540/830/60
f 534/823/54 537/822/57 540/827/60
f 541/834/61 544/835/64 546/836/66 545/837/65
f 544/838/64 548/839/68 549/840/105 546/841/66
f 542/842/62 547/843/67 549/840/105 548/839/68
f 547/844/67 551/845/71 552/846/72 549/847/105
f 543/848/63 550/849/70 552/846/72 551/845/71
f 550/849/70 545/850/65 546/851/66 552/846/72
f 546/841/66 549/840/105 552/852/72
f 553/853/73 556/854/76 558/855/78 557/856/77
f 556/857/76 560/858/80 561/859/107 558/860/78
f 554/861/74 559/862/79 561/859/107 560/858/80
f 559/862/79 563/863/83 564/864/84 561/859/107
f 555/865/75 562/866/82 564/867/84 563/868/83
f 562/866/82 557/869/77 558/870/78 564/867/84
f 558/860/78 561/859/107 564/864/84
f 565/871/85 568/872/88 570/873/90 569/874/89
f 568/875/88 572/876/92 573/877/93 570/878/90
f 566/879/86 571/880/91 573/877/93 572/876/92
f 571/881/91 575/882/95 576/883/96 573/884/93
f 567/885/87 574/886/94 576/883/96 575/882/95
f 574/886/94 569/887/89 570/888/90 576/883/96
f 570/878/90 573/877/93 576/889/96
f 577/890/1 580/891/4 582/892/6 581/893/5
f 580/894/4 584/895/8 585/896/97 582/897/6
f 578/898/2 583/899/7 585/896/97 584/895/8
f 583/900/7 587/901/11 588/902/12 585/903/97
f 579/904/3 586/905/10 588/902/12 587/901/11
f 586/905/10 581/906/5 582/907/6 588/902/12
f 582/897/6 585/896/97 588/908/12
f 589/909/13 592/910/16 594/911/18 593/912/17
f 592/910/16 596/913/20 597/914/21 594/911/18
f 590/915/14 595/916/19 597/917/21 596/918/20
f 595/919/19 599/920/23 600/921/24 597/922/21
f 591/923/15 598/924/22 600/921/24 599/920/23
f 598/924/22 593/925/17 594/926/18 600/921/24
f 594/911/18 597/914/21 600/927/24
f 601/928/25 604/929/28 606/930/30 605/931/29
f 604/932/28 608/933/32 609/934/33 606/935/30
f 602/936/26 607/937/31 609/934/33 608/933/32
f 607/937/31 611/938/35 612/939/36 609/934/33
f 603/940/27 610/941/34 612/942/36 611/943/35
f 610/941/34 605/944/29 606/945/30 612/942/36
f 606/935/30 609/934/33 612/939/36
f 613/946/37 616/947/40 618/948/42 617/949/41
f 616/950/40 620/951/44 621/952/102 618/953/42
f 614/954/38 619/955/43 621/952/102 620/951/44
f 619/956/43 623/957/47 624/958/48 621/959/102
f 615/960/39 622/961/46 624/958/48 623/957/47
f 622/961/46 617/962/41 618/963/42 624/958/48
f 618/953/42 621/952/102 624/964/48
f 625/965/49 628/966/52 630/967/54 629/968/53
f 628/969/52 632/970/56 633/971/57 630/972/54
f 626/973/50 631/974/55 633/971/57 632/970/56
f 631/974/55 635/975/59 636/976/60 633/971/57
f 627/977/51 634/978/58 636/979/60 635/980/59
f 634/978/58 629/981/53 630/982/54 636/979/60
f 630/972/54 633/971/57 636/976/60
f 637/983/61 640/984/64 642/985/66 641/986/65
f 640/987/64 644/988/68 645/989/105 642/990/66
f 638/991/62 643/992/67 645/989/105 644/988/68
f 643/993/67 647/994/71 648/995/72 645/996/105
f 639/997/63 646/998/70 648/995/72 647/994/71
f 646/998/70 641/999/65 642/1000/66 648/995/72
f 642/990/66 645/989/105 648/1001/72
f 649/1002/73 652/1003/76 654/1004/78 653/1005/77
f 652/1006/76 656/1007/80 657/1008/107 654/1009/78
f 650/1010/74 655/1011/79 657/1008/107 656/1007/80
f 655/1011/79 659/1012/83 660/1013/84 657/1008/107
f 651/1014/75 658/1015/82 660/1016/84 659/1017/83
f 658/1015/82 653/1018/77 654/1019/78 660/1016/84
f 654/1009/78 657/1008/107 660/1013/84
f 661/1020/85 664/1021/88 666/1022/90 665/1023/89
f 664/1024/88 668/1025/92 669/1026/93 666/1027/90
f 662/1028/86 667/1029/91 669/1026/93 668/1025/92
f 667/1030/91 671/1031/95 672/1032/96 669/1033/93
f 663/1034/87 670/1035/94 672/1032/96 671/1031/95
f 670/1035/94 665/1036/89 666/1037/90 672/1032/96
f 666/1027/90 669/1026/93 672/1038/96
f 673/1039/1 676/1040/4 678/1041/6 677/1042/5
f 676/1043/4 680/1044/8 681/1045/97 678/1046/6
f 674/1047/2 679/1048/7 681/1045/97 680/1044/8
f 679/1049/7 683/1050/11 684/1051/12 681/1052/97
f 675/1053/3 682/1054/10 684/1051/12 683/1050/11
f 682/1054/10 677/1055/5 678/1056/6 684/1051/12
f 678/1046/6 681/1045/97 684/1057/12
f 685/1058/13 688/1059/16 690/1060/18 689/1061/17
f 688/1059/16 692/1062/20 693/1063/21 690/1060/18
f 686/1064/14 691/1065/19 693/1066/21 692/1067/20
f 691/1068/19 695/1069/23 696/1070/24 693/1071/21
f 687/1072/15 694/1073/22 696/1070/24 695/1069/23
f 694/1073/22 689/1074/17 690/1075/18 696/1070/24
f 690/1060/18 693/1063/21 696/1076/24
f 697/1077/25 700/1078/28 702/1079/30 701/1080/29
f 700/1081/28 704/1082/32 705/1083/33 702/1084/30
f 698/1085/26 703/1086/31 705/1083/33 704/1082/32
f 703/1086/31 707/1087/35 708/1088/36 705/1083/33
f 699/1089/27 706/1090/34 708/1091/36 707/1092/35
f 706/1090/34 701/1093/29 702/1094/30 708/1091/36
f 702/1084/30 705/1083/33 708/1088/36
f 709/1095/37 712/1096/40 714/1097/42 713/1098/41
f 712/1099/40 716/1100/44 717/1101/102 714/1102/42
f 710/1103/38 715/1104/43 717/1101/102 716/1100/44
f 715/1105/43 719/1106/47 720/1107/48 717/1108/102
f 711/1109/39 718/1110/46 720/1107/48 719/1106/47
f 718/1110/46 713/1111/41 714/1112/42 720/1107/48
f 714/1102/42 717/1101/102 720/1113/48
f 721/1114/49 724/1115/52 726/1116/54 725/1117/53
f 724/1118/52 728/1119/56 729/1120/57 726/1121/54
f 722/1122/50 727/1123/55 729/1120/57 728/1119/56
f 727/1123/55 731/1124/59 732/1125/60 729/1120/57
f 723/1126/51 730/1127/58 732/1128/60 731/1129/59
f 730/1127/58 725/1130/53 726/1131/54 732/1128/60
f 726/1121/54 729/1120/57 732/1125/60
f 733/1132/61 736/1133/64 738/1134/66 737/1135/65
f 736/1136/64 740/1137/68 741/1138/105 738/1139/66
f 734/1140/62 739/1141/67 741/1138/105 740/1137/68
f 739/1142/67 743/1143/71 744/1144/72 741/1145/105
f 735/1146/63 742/1147/70 744/1144/72 743/1143/71
f 742/1147/70 737/1148/65 738/1149/66 744/1144/72
f 738/1139/66 741/1138/105 744/1150/72
f 745/1151/73 748/1152/76 750/1153/78 749/1154/77
f 748/1155/76 752/1156/80 753/1157/107 750/1158/78
f 746/1159/74 751/1160/79 753/1157/107 752/1156/80
f 751/1160/79 755/1161/83 756/1162/84 753/1157/107
f 747/1163/75 754/1164/82 756/1165/84 755/1166/83
f 754/1164/82 749/1167/77 750/1168/78 756/1165/84
f 750/1158/78 753/1157/107 756/1162/84
f 757/1169/85 760/1170/88 762/1171/90 761/1172/89
f 760/1173/88 764/1174/92 765/1175/93 762/1176/90
f 758/1177/86 763/1178/91 765/1175/93 764/1174/92
f 763/1179/91 767/1180/95 768/1181/96 765/1182/93
f 759/1183/87 766/1184/94 768/1181/96 767/1180/95
f 766/1184/94 761/1185/89 762/1186/90 768/1181/96
f 762/1176/90 765/1175/93 768/1187/96
f 769/1188/1 772/1189/4 774/1190/6 773/1191/5
f 772/1192/4 776/1193/8 777/1194/97 774/1195/6
f 770/1196/2 775/1197/7 777/1194/97 776/1193/8
f 775/1198/7 779/1199/11 780/1200/12 777/1201/97
f 771/1202/3 778/1203/10 780/1200/12 779/1199/11
f 778/1203/10 773/1204/5 774/1205/6 780/1200/12
f 774/1195/6 777/1194/97 780/1206/12
f 781/1207/13 784/1208/16 786/1209/18 785/1210/17
f 784/1208/16 788/1211/20 789/1212/21 786/1209/18
f 782/1213/14 787/1214/19 789/1215/21 788/1216/20
f 787/1217/19 791/1218/23 792/1219/24 789/1220/21
f 783/1221/15 790/1222/22 792/1219/24 791/1218/23
f 790/1222/22 785/1223/17 786/1224/18 792/1219/24
f 786/1209/18 789/1212/21 792/1225/24
f 793/1226/25 796/1227/28 798/1228/30 797/1229/29
f 796/1230/28 800/1231/32 801/1232/33 798/1233/30
f 794/1234/26 799/1235/31 801/1232/33 800/1231/32
f 799/1235/31 803/1236/35 804/1237/36 801/1232/33
f 795/1238/27 802/1239/34 804/1240/36 803/1241/35
f 802/1239/34 797/1242/29 798/1243/30 804/1240/36
f 798/1233/30 801/1232/33 804/1237/36
f 805/1244/37 808/1245/40 810/1246/42 809/1247/41
f 808/1248/40 812/1249/44 813/1250/102 810/1251/42
f 806/1252/38 811/1253/43 813/1250/102 812/1249/44
f 811/1254/43 815/1255/47 816/1256/48 813/1257/102
f 807/1258/39 814/1259/46 816/1256/48 815/1255/47
f 814/1259/46 809/1260/41 810/1261/42 816/1256/48
f 810/1251/42 813/1250/102 816/1262/48
f 817/1263/49 820/1264/52 822/1265/54 821/1266/53
f 820/1267/52 824/1268/56 825/1269/57 822/1270/54
f 818/1271/50 823/1272/55 825/1269/57 824/1268/56
f 823/1272/55 827/1273/59 828/1274/60 825/1269/57
f 819/1275/51 826/1276/58 828/1277/60 827/1278/59
f 826/1276/58 821/1279/53 822/1280/54 828/1277/60
f 822/1270/54 825/1269/57 828/1274/60
f 829/1281/61 832/1282/64 834/1283/66 833/1284/65
f 832/1285/64 836/1286/68 837/1287/105 834/1288/66
f 830/1289/62 835/1290/67 837/1287/105 836/1286/68
f 835/1291/67 839/1292/71 840/1293/72 837/1294/105
f 831/1295/63 838/1296/70 840/1293/72 839/1292/71
f 838/1296/70 833/1297/65 834/1298/66 840/1293/72
f 834/1288/66 837/1287/105 840/1299/72
f 841/1300/73 844/1301/76 846/1302/78 845/1303/77
f 844/1304/76 848/1305/80 849/1306/107 846/1307/78
f 842/1308/74 847/1309/79 849/1306/107 848/1305/80
f 847/1309/79 851/1310/83 852/1311/84 849/1306/107
f 843/1312/75 850/1313/82 852/1314/84 851/1315/83
f 850/1313/82 845/1316/77 846/1317/78 852/1314/84
f 846/1307/78 849/1306/107 852/1311/84
f 853/1318/85 856/1319/88 858/1320/90 857/1321/89
f 856/1322/88 860/1323/92 861/1324/93 858/1325/90
f 854/1326/86 859/1327/91 861/1324/93 860/1323/92
f 859/1328/91 863/1329/95 864/1330/96 861/1331/93
f 855/1332/87 862/1333/94 864/1330/96 863/1329/95
f 862/1333/94 857/1334/89 858/1335/90 864/1330/96
f 858/1325/90 861/1324/93 864/1336/96
f 865/1337/1 868/1338/4 870/1339/6 869/1340/5
f 868/1341/4 872/1342/8 873/1343/97 870/1344/6
f 866/1345/2 871/1346/7 873/1343/97 872/1342/8
f 871/1347/7 875/1348/11 876/1349/12 873/1350/97
f 867/1351/3 874/1352/10 876/1349/12 875/1348/11
f 874/1352/10 869/1353/5 870/1354/6 876/1349/12
f 870/1344/6 873/1343/97 876/1355/12
f 877/1356/13 880/1357/16 882/1358/18 881/1359/17
f 880/1357/16 884/1360/20 885/1361/21 882/1358/18
f 878/1362/14 883/1363/19 885/1364/21 884/1365/20
f 883/1366/19 887/1367/23 888/1368/24 885/1369/21
f 879/1370/15 886/1371/22 888/1368/24 887/1367/23
f 886/1371/22 881/1372/17 882/1373/18 888/1368/24
f 882/1358/18 885/1361/21 888/1374/24
f 889/1375/25 892/1376/28 894/1377/30 893/1378/29
f 892/1379/28 896/1380/32 897/1381/33 894/1382/30
f 890/1383/26 895/1384/31 897/1381/33 896/1380/32
f 895/1384/31 899/1385/35 900/1386/36 897/1381/33
f 891/1387/27 898/1388/34 900/1389/36 899/1390/35
f 898/1388/34 893/1391/29 894/1392/30 900/1389/36
f 894/1382/30 897/1381/33 900/1386/36
f 901/1393/37 904/1394/40 906/1395/42 905/1396/41
f 904/1397/40 908/1398/44 909/1399/102 906/1400/42
f 902/1401/38 907/1402/43 909/1399/102 908/1398/44
f 907/1403/43 911/1404/47 912/1405/48 909/1406/102
f 903/1407/39 910/1408/46 912/1405/48 911/1404/47
f 910/1408/46 905/1409/41 906/1410/42 912/1405/48
f 906/1400/42 909/1399/102 912/1411/48
f 913/1412/49 916/1413/52 918/1414/54 917/1415/53
f 916/1416/52 920/1417/56 921/1418/57 918/1419/54
f 914/1420/50 919/1421/55 921/1418/57 920/1417/56
f 919/1421/55 923/1422/59 924/1423/60 921/1418/57
f 915/1424/51 922/1425/58 924/1426/60 923/1427/59
f 922/1425/58 917/1428/53 918/1429/54 924/1426/60
f 918/1419/54 921/1418/57 924/1423/60
f 925/1430/61 928/1431/64 930/1432/66 929/1433/65
f 928/1434/64 932/1435/68 933/1436/105 930/1437/66
f 926/1438/62 931/1439/67 933/1436/105 932/1435/68
f 931/1440/67 935/1441/71 936/1442/72 933/1443/105
f 927/1444/63 934/1445/70 936/1442/72 935/1441/71
f 934/1445/70 929/1446/65 930/1447/66 936/1442/72
f 930/1437/66 933/1436/105 936/1448/72
f 937/1449/73 940/1450/76 942/1451/78 941/1452/77
f 940/1453/76 944/1454/80 945/1455/107 942/1456/78
f 938/1457/74 943/1458/79 945/1455/107 944/1454/80
f 943/1458/79 947/1459/83 948/1460/84 945/1455/107
f 939/1461/75 946/1462/82 948/1463/84 947/1464/83
f 946/1462/82 941/1465/77 942/1466/78 948/1463/84
f 942/1456/78 945/1455/107 948/1460/84
f 949/1467/85 952/1468/88 954/1469/90 953/1470/89
f 952/1471/88 956/1472/92 957/1473/93 954/1474/90
f 950/1475/86 955/1476/91 957/1473/93 956/1472/92
f 955/1477/91 959/1478/95 960/1479/96 957/1480/93
f 951/1481/87 958/1482/94 960/1479/96 959/1478/95
f 958/1482/94 953/1483/89 954/1484/90 960/1479/96
f 954/1474/90 957/1473/93 960/1485/96
f 961/1486/1 964/1487/4 966/1488/6 965/1489/5
f 964/1490/4 968/1491/8 969/1492/97 966/1493/6
f 962/1494/2 967/1495/7 969/1492/97 968/1491/8
f 967/1496/7 971/1497/11 972/1498/12 969/1499/97
f 963/1500/3 970/1501/10 972/1498/12 971/1497/11
f 970/1501/10 965/1502/5 966/1503/6 972/1498/12
f 966/1493/6 969/1492/97 972/1504/12
f 973/1505/13 976/1506/16 978/1507/18 977/1508/17
f 976/1506/16 980/1509/20 981/1510/21 978/1507/18
f 974/1511/14 979/1512/19 981/1513/21 980/1514/20
f 979/1515/19 983/1516/23 984/1517/24 981/1518/21
f 975/1519/15 982/1520/22 984/1517/24 983/1516/23
f 982/1520/22 977/1521/17 978/1522/18 984/1517/24
f 978/1507/18 981/1510/21 984/1523/24
f 985/1524/25 988/1525/28 990/1526/30 989/1527/29
f 988/1528/28 992/1529/32 993/1530/33 990/1531/30
f 986/1532/26 991/1533/31 993/1530/33 992/1529/32
f 991/1533/31 995/1534/35 996/1535/36 993/1530/33
f 987/1536/27 994/1537/34 996/1538/36 995/1539/35
f 994/1537/34 989/1540/29 990/1541/30 996/1538/36
f 990/1531/30 993/1530/33 996/1535/36
f 997/1542/37 1000/1543/40 1002/1544/42 1001/1545/41
f 1000/1546/40 1004/1547/44 1005/1548/102 1002/1549/42
f 998/1550/38 1003/1551/43 1005/1548/102 1004/1547/44
f 1003/1552/43 1007/1553/47 1008/1554/48 1005/1555/102
f 999/1556/39 1006/1557/46 1008/1554/48 1007/1553/47
f 1006/1557/46 1001/1558/41 1002/1559/42 1008/1554/48
f 1002/1549/42 1005/1548/102 1008/1560/48
f 1009/1561/49 1012/1562/52 1014/1563/54 1013/1564/53
f 1012/1565/52 1016/1566/56 1017/1567/57 1014/1568/54
f 1010/1569/50 1015/1570/55 1017/1567/57 1016/1566/56
f 1015/1570/55 1019/1571/59 1020/1572/60 1017/1567/57
f 1011/1573/51 1018/1574/58 1020/1575/60 1019/1576/59
f 1018/1574/58 1013/1577/53 1014/1578/54 1020/1575/60
f 1014/1568/54 1017/1567/57 1020/1572/60
f 1021/1579/61 1024/1580/64 1026/1581/66 1025/1582/65
f 1024/1583/64 1028/1584/68 1029/1585/105 1026/1586/66
f 1022/1587/62 1027/1588/67 1029/1585/105 1028/1584/68
f 1027/1589/67 1031/1590/71 1032/1591/72 1029/1592/105
f 1023/1593/63 1030/1594/70 1032/1591/72 1031/1590/71
f 1030/1594/70 1025/1595/65 1026/1596/66 1032/1591/72
f 1026/1586/66 1029/1585/105 1032/1597/72
f 1033/1598/73 1036/1599/76 1038/1600/78 1037/1601/77
f 1036/1602/76 1040/1603/80 1041/1604/107 1038/1605/78
f 1034/1606/74 1039/1607/79 1041/1604/107 1040/1603/80
f 1039/1607/79 1043/1608/83 1044/1609/84 1041/1604/107
f 1035/1610/75 1042/1611/82 1044/1612/84 1043/1613/83
f 1042/1611/82 1037/1614/77 1038/1615/78 1044/1612/84
f 1038/1605/78 1041/1604/107 1044/1609/84
f 1045/1616/85 1048/1617/88 1050/1618/90 1049/1619/89
f 1048/1620/88 1052/1621/92 1053/1622/93 1050/1623/90
f 1046/1624/86 1051/1625/91 1053/1622/93 1052/1621/92
f 1051/1626/91 1055/1627/95 1056/1628/96 1053/1629/93
f 1047/1630/87 1054/1631/94 1056/1628/96 1055/1627/95
f 1054/1631/94 1049/1632/89 1050/1633/90 1056/1628/96
f 1050/1623/90 1053/1622/93 1056/1634/96
f 1057/1635/1 1060/1636/4 1062/1637/6 1061/1638/5
f 1060/1639/4 1064/1640/8 1065/1641/97 1062/1642/6
f 1058/1643/2 1063/1644/7 1065/1641/97 1064/1640/8
f 1063/1645/7 1067/1646/11 1068/1647/12 1065/1648/97
f 1059/1649/3 1066/1650/10 1068/1647/12 1067/1646/11
f 1066/1650/10 1061/1651/5 1062/1652/6 1068/1647/12
f 1062/1642/6 1065/1641/97 1068/1653/12
f 1069/1654/13 1072/1655/16 1074/1656/18 1073/1657/17
f 1072/1655/16 1076/1658/20 1077/1659/21 1074/1656/18
f 1070/1660/14 1075/1661/19 1077/1662/21 1076/1663/20
f 1075/1664/19 1079/1665/23 1080/1666/24 1077/1667/21
f 1071/1668/15 1078/1669/22 1080/1666/24 1079/1665/23
f 1078/1669/22 1073/1670/17 1074/1671/18 1080/1666/24
f 1074/1656/18 1077/1659/21 1080/1672/24
f 1081/1673/25 1084/1674/28 1086/1675/30 1085/1676/29
f 1084/1677/28 1088/1678/32 1089/1679/33 1086/1680/30
f 1082/1681/26 1087/1682/31 1089/1679/33 1088/1678/32
f 1087/1682/31 1091/1683/35 1092/1684/36 1089/1679/33
f 1083/1685/27 1090/1686/34 1092/1687/36 1091/1688/35
f 1090/1686/34 1085/1689/29 1086/1690/30 1092/1687/36
f 1086/1680/30 1089/1679/33 1092/1684/36
f 1093/1691/37 1096/1692/40 1098/1693/42 1097/1694/41
f 1096/1695/40 1100/1696/44 1101/1697/102 1098/1698/42
f 1094/1699/38 1099/1700/43 1101/1697/102 1100/1696/44
f 1099/1701/43 1103/1702/47 1104/1703/48 1101/1704/102
f 1095/1705/39 1102/1706/46 1104/1703/48 1103/1702/47
f 1102/1706/46 1097/1707/41 1098/1708/42 1104/1703/48
f 1098/1698/42 1101/1697/102 1104/1709/48
f 1105/1710/49 1108/1711/52 1110/1712/54 1109/1713/53
f 1108/1714/52 1112/1715/56 1113/1716/57 1110/1717/54
f 1106/1718/50 1111/1719/55 1113/1716/57 1112/1715/56
f 1111/1719/55 1115/1720/59 1116/1721/60 1113/1716/57
f 1107/1722/51 1114/1723/58 1116/1724/60 1115/1725/59
f 1114/1723/58 1109/1726/53 1110/1727/54 1116/1724/60
f 1110/1717/54 1113/1716/57 1116/1721/60
f 1117/1728/61 1120/1729/64 1122/1730/66 1121/1731/65
f 1120/1732/64 1124/1733/68 1125/1734/105 1122/1735/66
f 1118/1736/62 1123/1737/67 1125/1734/105 1124/1733/68
f 1123/1738/67 1127/1739/71 1128/1740/72 1125/1741/105
f 1119/1742/63 1126/1743/70 1128/1740/72 1127/1739/71
f 1126/1743/70 1121/1744/65 1122/1745/66 1128/1740/72
f 1122/1735/66 1125/1734/105 1128/1746/72
f 1129/1747/73 1132/1748/76 1134/1749/78 1133/1750/77
f 1132/1751/76 1136/1752/80 1137/1753/107 1134/1754/78
f 1130/1755/74 1135/1756/79 1137/1753/107 1136/1752/80
f 1135/1756/79 1139/1757/83 1140/1758/84 1137/1753/107
f 1131/1759/75 1138/1760/82 1140/1761/84 1139/1762/83
f 1138/1760/82 1133/1763/77 1134/1764/78 1140/1761/84
f 1134/1754/78 1137/1753/107 1140/1758/84
f 1141/1765/85 1144/1766/88 1146/1767/90 1145/1768/89
f 1144/1769/88 1148/1770/92 1149/1771/93 1146/1772/90
f 1142/1773/86 1147/1774/91 1149/1771/93 1148/1770/92
f 1147/1775/91 1151/1776/95 1152/1777/96 1149/1778/93
f 1143/1779/87 1150/1780/94 1152/1777/96 1151/1776/95
f 1150/1780/94 1145/1781/89 1146/1782/90 1152/1777/96
f 1146/1772/90 1149/1771/93 1152/1783/96
f 1153/1784/1 1156/1785/4 1158/1786/6 1157/1787/5
f 1156/1788/4 1160/1789/8 1161/1790/97 1158/1791/6
f 1154/1792/2 1159/1793/7 1161/1790/97 1160/1789/8
f 1159/1794/7 1163/1795/11 1164/1796/12 1161/1797/97
f 1155/1798/3 1162/1799/10 1164/1796/12 1163/1795/11
f 1162/1799/10 1157/1800/5 1158/1801/6 1164/1796/12
f 1158/1791/6 1161/1790/97 1164/1802/12
f 1165/1803/13 1168/1804/16 1170/1805/18 1169/1806/17
f 1168/1804/16 1172/1807/20 1173/1808/21 1170/1805/18
f 1166/1809/14 1171/1810/19 1173/1811/21 1172/1812/20
f 1171/1813/19 1175/1814/23 1176/1815/24 1173/1816/21
f 1167/1817/15 1174/1818/22 1176/1815/24 1175/1814/23
f 1174/1818/22 1169/1819/17 1170/1820/18 1176/1815/24
f 1170/1805/18 1173/1808/21 1176/1821/24
f 1177/1822/25 1180/1823/28 1182/1824/30 1181/1825/29
f 1180/1826/28 1184/1827/32 1185/1828/100 1182/1829/30
f 1178/1830/26 1183/1831/31 1185/1828/100 1184/1827/32
f 1183/1831/31 1187/1832/35 1188/1833/36 1185/1828/100
f 1179/1834/27 1186/1835/34 1188/1836/36 1187/1837/35
f 1186/1835/34 1181/1838/29 1182/1839/30 1188/1836/36
f 1182/1829/30 1185/1828/100 1188/1833/36
f 1189/1840/37 1192/1841/40 1194/1842/42 1193/1843/41
f 1192/1844/40 1196/1845/44 1197/1846/102 1194/1847/42
f 1190/1848/38 1195/1849/43 1197/1846/102 1196/1845/44
f 1195/1850/43 1199/1851/47 1200/1852/48 1197/1853/102
f 1191/1854/39 1198/1855/46 1200/1852/48 1199/1851/47
f 1198/1855/46 1193/1856/41 1194/1857/42 1200/1852/48
f 1194/1847/42 1197/1846/102 1200/1858/48
f 1201/1859/49 1204/1860/52 1206/1861/54 1205/1862/53
f 1204/1863/52 1208/1864/56 1209/1865/57 1206/1866/54
f 1202/1867/50 1207/1868/55 1209/1865/57 1208/1864/56
f 1207/1868/55 1211/1869/59 1212/1870/60 1209/1865/57
f 1203/1871/51 1210/1872/58 1212/1873/60 1211/1874/59
f 1210/1872/58 1205/1875/53 1206/1876/54 1212/1873/60
f 1206/1866/54 1209/1865/57 1212/1870/60
f 1213/1877/61 1216/1878/64 1218/1879/66 1217/1880/65
f 1216/1881/64 1220/1882/68 1221/1883/105 1218/1884/66
f 1214/1885/62 1219/1886/67 1221/1883/105 1220/1882/68
f 1219/1887/67 1223/1888/71 1224/1889/72 1221/1890/105
f 1215/1891/63 1222/1892/70 1224/1889/72 1223/1888/71
f 1222/1892/70 1217/1893/65 1218/1894/66 1224/1889/72
f 1218/1884/66 1221/1883/105 1224/1895/72
f 1225/1896/73 1228/1897/76 1230/1898/78 1229/1899/77
f 1228/1900/76 1232/1901/80 1233/1902/107 1230/1903/78
f 1226/1904/74 1231/1905/79 1233/1902/107 1232/1901/80
f 1231/1905/79 1235/1906/83 1236/1907/108 1233/1902/107
f 1227/1908/75 1234/1909/82 1236/1910/108 1235/1911/83
f 1234/1909/82 1229/1912/77 1230/1913/78 1236/1910/108
f 1230/1903/78 1233/1902/107 1236/1907/108
f 1237/1914/85 1240/1915/88 1242/1916/90 1241/1917/89
f 1240/1918/88 1244/1919/92 1245/1920/93 1242/1921/90
f 1238/1922/86 1243/1923/91 1245/1920/93 1244/1919/92
f 1243/1924/91 1247/1925/95 1248/1926/96 1245/1927/93
f 1239/1928/87 1246/1929/94 1248/1926/96 1247/1925/95
f 1246/1929/94 1241/1930/89 1242/1931/90 1248/1926/96
f 1242/1921/90 1245/1920/93 1248/1932/96
f 1249/1933/1 1252/1934/4 1254/1935/6 1253/1936/5
f 1252/1937/4 1256/1938/8 1257/1939/97 1254/1940/6
f 1250/1941/2 1255/1942/7 1257/1939/97 1256/1938/8
f 1255/1943/7 1259/1944/11 1260/1945/98 1257/1946/97
f 1251/1947/3 1258/1948/10 1260/1945/98 1259/1944/11
f 1258/1948/10 1253/1949/5 1254/1950/6 1260/1945/98
f 1254/1940/6 1257/1939/97 1260/1951/98
f 1261/1952/13 1264/1953/16 1266/1954/18 1265/1955/17
f 1264/1953/16 1268/1956/20 1269/1957/21 1266/1954/18
f 1262/1958/14 1267/1959/19 1269/1960/21 1268/1961/20
f 1267/1962/19 1271/1963/23 1272/1964/24 1269/1965/21
f 1263/1966/15 1270/1967/22 1272/1964/24 1271/1963/23
f 1270/1967/22 1265/1968/17 1266/1969/18 1272/1964/24
f 1266/1954/18 1269/1957/21 1272/1970/24
f 1273/1971/25 1276/1972/28 1278/1973/30 1277/1974/29
f 1276/1975/28 1280/1976/32 1281/1977/100 1278/1978/30
f 1274/1979/26 1279/1980/31 1281/1977/100 1280/1976/32
f 1279/1980/31 1283/1981/35 1284/1982/36 1281/1977/100
f 1275/1983/27 1282/1984/34 1284/1985/36 1283/1986/35
f 1282/1984/34 1277/1987/29 1278/1988/30 1284/1985/36
f 1278/1978/30 1281/1977/100 1284/1982/36
f 1285/1989/37 1288/1990/40 1290/1991/42 1289/1992/41
f 1288/1993/40 1292/1994/44 1293/1995/102 1290/1996/42
f 1286/1997/38 1291/1998/43 1293/1995/102 1292/1994/44
f 1291/1999/43 1295/2000/47 1296/2001/103 1293/2002/102
f 1287/2003/39 1294/2004/46 1296/2001/103 1295/2000/47
f 1294/2004/46 1289/2005/41 1290/2006/42 1296/2001/103
f 1290/1996/42 1293/1995/102 1296/2007/103
f 1297/2008/49 1300/2009/52 1302/2010/54 1301/2011/53
f 1300/2012/52 1304/2013/56 1305/2014/104 1302/2015/54
f 1298/2016/50 1303/2017/55 1305/2014/104 1304/2013/56
f 1303/2017/55 1307/2018/59 1308/2019/60 1305/2014/104
f 1299/2020/51 1306/2021/58 1308/2022/60 1307/2023/59
f 1306/2021/58 1301/2024/53 1302/2025/54 1308/2022/60
f 1302/2015/54 1305/2014/104 1308/2019/60
f 1309/2026/61 1312/2027/64 1314/2028/66 1313/2029/65
f 1312/2030/64 1316/2031/68 1317/2032/105 1314/2033/66
f 1310/2034/62 1315/2035/67 1317/2032/105 1316/2031/68
f 1315/2036/67 1319/2037/71 1320/2038/106 1317/2039/105
f 1311/2040/63 1318/2041/70 1320/2038/106 1319/2037/71
f 1318/2041/70 1313/2042/65 1314/2043/66 1320/2038/106
f 1314/2033/66 1317/2032/105 1320/2044/106
f 1321/2045/73 1324/2046/76 1326/2047/78 1325/2048/77
f 1324/2049/76 1328/2050/80 1329/2051/107 1326/2052/78
f 1322/2053/74 1327/2054/79 1329/2051/107 1328/2050/80
f 1327/2054/79 1331/2055/83 1332/2056/108 1329/2051/107
f 1323/2057/75 1330/2058/82 1332/2059/108 1331/2060/83
f 1330/2058/82 1325/2061/77 1326/2062/78 1332/2059/108
f 1326/2052/78 1329/2051/107 1332/2056/108
f 1333/2063/85 1336/2064/88 1338/2065/90 1337/2066/89
f 1336/2067/88 1340/2068/92 1341/2069/109 1338/2070/90
f 1334/2071/86 1339/2072/91 1341/2069/109 1340/2068/92
f 1339/2073/91 1343/2074/95 1344/2075/96 1341/2076/109
f 1335/2077/87 1342/2078/94 1344/2075/96 1343/2074/95
f 1342/2078/94 1337/2079/89 1338/2080/90 1344/2075/96
f 1338/2070/90 1341/2069/109 1344/2081/96
f 1345/2082/1 1348/2083/4 1350/2084/6 1349/2085/5
f 1348/2086/4 1352/2087/8 1353/2088/97 1350/2089/6
f 1346/2090/2 1351/2091/7 1353/2088/97 1352/2087/8
f 1351/2092/7 1355/2093/11 1356/2094/12 1353/2095/97
f 1347/2096/3 1354/2097/10 1356/2094/12 1355/2093/11
f 1354/2097/10 1349/2098/5 1350/2099/6 1356/2094/12
f 1350/2089/6 1353/2088/97 1356/2100/12
f 1357/2101/13 1360/2102/16 1362/2103/18 1361/2104/17
f 1360/2102/16 1364/2105/20 1365/2106/21 1362/2103/18
f 1358/2107/14 1363/2108/19 1365/2109/21 1364/2110/20
f 1363/2111/19 1367/2112/23 1368/2113/99 1365/2114/21
f 1359/2115/15 1366/2116/22 1368/2113/99 1367/2112/23
f 1366/2116/22 1361/2117/17 1362/2118/18 1368/2113/99
f 1362/2103/18 1365/2106/21 1368/2119/99
f 1369/2120/25 1372/2121/28 1374/2122/30 1373/2123/29
f 1372/2124/28 1376/2125/32 1377/2126/113 1374/2127/30
f 1370/2128/26 1375/2129/31 1377/2126/113 1376/2125/32
f 1375/2129/31 1379/2130/35 1380/2131/36 1377/2126/113
f 1371/2132/27 1378/2133/34 1380/2134/36 1379/2135/35
f 1378/2133/34 1373/2136/29 1374/2137/30 1380/2134/36
f 1374/2127/30 1377/2126/113 1380/2131/36
f 1381/2138/37 1384/2139/40 1386/2140/42 1385/2141/41
f 1384/2142/40 1388/2143/44 1389/2144/102 1386/2145/42
f 1382/2146/38 1387/2147/43 1389/2144/102 1388/2143/44
f 1387/2148/43 1391/2149/47 1392/2150/48 1389/2151/102
f 1383/2152/39 1390/2153/46 1392/2150/48 1391/2149/47
f 1390/2153/46 1385/2154/41 1386/2155/42 1392/2150/48
f 1386/2145/42 1389/2144/102 1392/2156/48
f 1393/2157/49 1396/2158/52 1398/2159/118 1397/2160/53
f 1396/2161/52 1400/2162/56 1401/2163/116 1398/2164/118
f 1394/2165/50 1399/2166/119 1401/2163/116 1400/2162/56
f 1399/2166/119 1403/2167/59 1404/2168/60 1401/2163/116
f 1395/2169/51 1402/2170/58 1404/2171/60 1403/2172/59
f 1402/2170/58 1397/2173/53 1398/2174/118 1404/2171/60
f 1398/2164/118 1401/2163/116 1404/2168/60
f 1405/2175/61 1408/2176/64 1410/2177/120 1409/2178/65
f 1408/2179/64 1412/2180/68 1413/2181/105 1410/2182/120
f 1406/2183/62 1411/2184/67 1413/2181/105 1412/2180/68
f 1411/2185/67 1415/2186/71 1416/2187/121 1413/2188/105
f 1407/2189/63 1414/2190/70 1416/2187/121 1415/2186/71
f 1414/2190/70 1409/2191/65 1410/2192/120 1416/2187/121
f 1410/2182/120 1413/2181/105 1416/2193/121
f 1417/2194/73 1420/2195/76 1422/2196/122 1421/2197/77
f 1420/2198/76 1424/2199/80 1425/2200/107 1422/2201/122
f 1418/2202/74 1423/2203/79 1425/2200/107 1424/2199/80
f 1423/2203/79 1427/2204/83 1428/2205/123 1425/2200/107
f 1419/2206/75 1426/2207/82 1428/2208/123 1427/2209/83
f 1426/2207/82 1421/2210/77 1422/2211/122 1428/2208/123
f 1422/2201/122 1425/2200/107 1428/2205/123
f 1429/2212/85 1432/2213/88 1434/2214/90 1433/2215/89
f 1432/2216/88 1436/2217/92 1437/2218/117 1434/2219/90
f 1430/2220/86 1435/2221/124 1437/2218/117 1436/2217/92
f 1435/2222/124 1439/2223/95 1440/2224/96 1437/2225/117
f 1431/2226/87 1438/2227/94 1440/2224/96 1439/2223/95
f 1438/2227/94 1433/2228/89 1434/2229/90 1440/2224/96
f 1434/2219/90 1437/2218/117 1440/2230/96
f 1441/2231/1 1444/2232/4 1446/2233/6 1445/2234/5
f 1444/2235/4 1448/2236/8 1449/2237/97 1446/2238/6
f 1442/2239/2 1447/2240/7 1449/2237/97 1448/2236/8
f 1447/2241/7 1451/2242/11 1452/2243/98 1449/2244/97
f 1443/2245/3 1450/2246/10 1452/2243/98 1451/2242/11
f 1450/2246/10 1445/2247/5 1446/2248/6 1452/2243/98
f 1446/2238/6 1449/2237/97 1452/2249/98
f 1453/2250/13 1456/2251/16 1458/2252/18 1457/2253/17
f 1456/2251/16 1460/2254/20 1461/2255/21 1458/2252/18
f 1454/2256/14 1459/2257/19 1461/2258/21 1460/2259/20
f 1459/2260/19 1463/2261/23 1464/2262/24 1461/2263/21
f 1455/2264/15 1462/2265/22 1464/2262/24 1463/2261/23
f 1462/2265/22 1457/2266/17 1458/2267/18 1464/2262/24
f 1458/2252/18 1461/2255/21 1464/2268/24
f 1465/2269/25 1468/2270/28 1470/2271/30 1469/2272/29
f 1468/2273/28 1472/2274/32 1473/2275/100 1470/2276/30
f 1466/2277/26 1471/2278/31 1473/2275/100 1472/2274/32
f 1471/2278/31 1475/2279/35 1476/2280/36 1473/2275/100
f 1467/2281/27 1474/2282/34 1476/2283/36 1475/2284/35
f 1474/2282/34 1469/2285/29 1470/2286/30 1476/2283/36
f 1470/2276/30 1473/2275/100 1476/2280/36
f 1477/2287/37 1480/2288/40 1482/2289/42 1481/2290/41
f 1480/2291/40 1484/2292/44 1485/2293/102 1482/2294/42
f 1478/2295/38 1483/2296/43 1485/2293/102 1484/2292/44
f 1483/2297/43 1487/2298/47 1488/2299/103 1485/2300/102
f 1479/2301/39 1486/2302/46 1488/2299/103 1487/2298/47
f 1486/2302/46 1481/2303/41 1482/2304/42 1488/2299/103
f 1482/2294/42 1485/2293/102 1488/2305/103
f 1489/2306/49 1492/2307/52 1494/2308/54 1493/2309/53
f 1492/2310/52 1496/2311/56 1497/2312/104 1494/2313/54
f 1490/2314/50 1495/2315/55 1497/2312/104 1496/2311/56
f 1495/2315/55 1499/2316/59 1500/2317/60 1497/2312/104
f 1491/2318/51 1498/2319/58 1500/2320/60 1499/2321/59
f 1498/2319/58 1493/2322/53 1494/2323/54 1500/2320/60
f 1494/2313/54 1497/2312/104 1500/2317/60
f 1501/2324/61 1504/2325/64 1506/2326/66 1505/2327/65
f 1504/2328/64 1508/2329/68 1509/2330/105 1506/2331/66
f 1502/2332/62 1507/2333/67 1509/2330/105 1508/2329/68
f 1507/2334/67 1511/2335/71 1512/2336/106 1509/2337/105
f 1503/2338/63 1510/2339/70 1512/2336/106 1511/2335/71
f 1510/2339/70 1505/2340/65 1506/2341/66 1512/2336/106
f 1506/2331/66 1509/2330/105 1512/2342/106
f 1513/2343/73 1516/2344/76 1518/2345/78 1517/2346/77
f 1516/2347/76 1520/2348/80 1521/2349/107 1518/2350/78
f 1514/2351/74 1519/2352/79 1521/2349/107 1520/2348/80
f 1519/2352/79 1523/2353/83 1524/2354/108 1521/2349/107
f 1515/2355/75 1522/2356/82 1524/2357/108 1523/2358/83
f 1522/2356/82 1517/2359/77 1518/2360/78 1524/2357/108
f 1518/2350/78 1521/2349/107 1524/2354/108
f 1525/2361/85 1528/2362/88 1530/2363/90 1529/2364/89
f 1528/2365/88 1532/2366/92 1533/2367/109 1530/2368/90
f 1526/2369/86 1531/2370/91 1533/2367/109 1532/2366/92
f 1531/2371/91 1535/2372/95 1536/2373/96 1533/2374/109
f 1527/2375/87 1534/2376/94 1536/2373/96 1535/2372/95
f 1534/2376/94 1529/2377/89 1530/2378/90 1536/2373/96
f 1530/2368/90 1533/2367/109 1536/2379/96
f 25/37/25 1/1/1 5/4/5 28/38/28
f 28/38/28 5/4/5 10/17/10 32/41/32
f 32/46/32 10/14/10 3/13/3 26/43/26
f 2/7/2 13/19/13 17/22/17 7/8/7
f 7/8/7 17/22/17 22/35/22 11/11/11
f 11/16/11 22/32/22 15/31/15 3/13/3
f 14/27/14 37/55/37 41/58/41 19/28/19
f 19/28/19 41/58/41 46/71/46 23/29/23
f 23/34/23 46/68/46 39/67/39 15/31/15
f 38/61/38 27/51/27 35/48/35 43/62/43
f 43/62/43 35/48/35 31/47/31 47/65/47
f 47/70/47 31/44/31 26/43/26 39/67/39
f 73/109/73 25/37/25 29/40/29 76/110/76
f 76/110/76 29/40/29 34/53/34 80/113/80
f 80/118/80 34/52/34 27/51/27 74/115/74
f 37/55/37 85/127/85 89/130/89 40/56/40
f 40/56/40 89/130/89 94/143/94 44/59/44
f 44/64/44 94/140/94 87/139/87 38/61/38
f 86/133/86 75/123/75 83/120/83 91/134/91
f 91/134/91 83/120/83 79/119/79 95/137/95
f 95/142/95 79/116/79 74/115/74 87/139/87
f 49/73/49 73/109/73 77/112/77 52/74/52
f 52/74/52 77/112/77 82/125/82 56/77/56
f 56/82/56 82/124/82 75/123/75 50/79/50
f 85/127/85 61/91/61 65/94/65 88/128/88
f 88/128/88 65/94/65 70/107/70 92/131/92
f 92/136/92 70/106/70 63/105/63 86/133/86
f 62/97/62 51/85/51 59/88/59 67/98/67
f 67/101/67 59/83/59 55/80/55 71/102/71
f 71/102/71 55/80/55 50/79/50 63/105/63
f 1/1/1 49/73/49 53/76/53 4/2/4
f 4/2/4 53/76/53 58/89/58 8/5/8
f 8/10/8 58/86/58 51/85/51 2/7/2
f 61/91/61 14/27/14 20/24/20 64/92/64
f 64/92/64 20/24/20 16/23/16 68/95/68
f 68/100/68 16/20/16 13/19/13 62/97/62
f 121/183/25 97/145/1 101/148/5 124/184/28
f 124/187/28 101/161/5 106/160/10 128/188/32
f 128/188/32 106/160/10 99/159/3 122/191/26
f 98/153/2 109/164/13 113/167/17 103/154/7
f 103/155/7 113/180/17 118/179/22 107/156/11
f 107/156/11 118/179/22 111/178/15 99/159/3
f 110/170/14 133/201/37 137/204/41 115/171/19
f 115/174/19 137/217/41 142/216/46 119/175/23
f 119/175/23 142/216/46 135/215/39 111/178/15
f 134/209/38 123/195/27 131/198/35 139/210/43
f 139/211/43 131/193/35 127/192/31 143/212/47
f 143/212/47 127/192/31 122/191/26 135/215/39
f 169/257/73 121/183/25 125/186/29 172/258/76
f 172/261/76 125/199/29 130/196/34 176/262/80
f 176/262/80 130/196/34 123/195/27 170/265/74
f 133/201/37 181/275/85 185/278/89 136/202/40
f 136/205/40 185/291/89 190/290/94 140/206/44
f 140/206/44 190/290/94 183/289/87 134/209/38
f 182/283/86 171/269/75 179/272/83 187/284/91
f 187/285/91 179/267/83 175/266/79 191/286/95
f 191/286/95 175/266/79 170/265/74 183/289/87
f 145/220/49 169/257/73 173/260/77 148/221/52
f 148/224/52 173/273/77 178/270/82 152/225/56
f 152/225/56 178/270/82 171/269/75 146/228/50
f 181/275/85 157/238/61 161/241/65 184/276/88
f 184/279/88 161/254/65 166/253/70 188/280/92
f 188/280/92 166/253/70 159/252/63 182/283/86
f 158/246/62 147/232/51 155/235/59 163/247/67
f 163/248/67 155/230/59 151/229/55 167/249/71
f 167/249/71 151/229/55 146/228/50 159/252/63
f 97/145/1 145/220/49 149/223/53 100/146/4
f 100/149/4 149/236/53 154/233/58 104/150/8
f 104/150/8 154/233/58 147/232/51 98/153/2
f 157/238/61 110/170/14 116/173/20 160/239/64
f 160/242/64 116/168/20 112/165/16 164/243/68
f 164/243/68 112/165/16 109/164/13 158/246/62
f 217/332/25 193/294/1 197/297/5 220/333/28
f 220/336/28 197/310/5 202/309/10 224/337/32
f 224/337/32 202/309/10 195/308/3 218/340/26
f 194/302/2 205/313/13 209/316/17 199/303/7
f 199/304/7 209/329/17 214/328/22 203/305/11
f 203/305/11 214/328/22 207/327/15 195/308/3
f 206/319/14 229/350/37 233/353/41 211/320/19
f 211/323/19 233/366/41 238/365/46 215/324/23
f 215/324/23 238/365/46 231/364/39 207/327/15
f 230/358/38 219/344/27 227/347/35 235/359/43
f 235/360/43 227/342/35 223/341/112 239/361/47
f 239/361/47 223/341/112 218/340/26 231/364/39
f 265/406/73 217/332/25 221/335/29 268/407/76
f 268/410/76 221/348/29 226/345/34 272/411/80
f 272/411/80 226/345/34 219/344/27 266/414/74
f 229/350/37 277/424/85 281/427/89 232/351/40
f 232/354/40 281/440/89 286/439/94 236/355/44
f 236/355/44 286/439/94 279/438/87 230/358/38
f 278/432/86 267/418/75 275/421/83 283/433/91
f 283/434/91 275/416/83 271/415/79 287/435/95
f 287/435/95 271/415/79 266/414/74 279/438/87
f 241/369/49 265/406/73 269/409/77 244/370/52
f 244/373/52 269/422/77 274/419/82 248/374/56
f 248/374/56 274/419/82 267/418/75 242/377/50
f 277/424/85 253/387/61 257/390/65 280/425/88
f 280/428/88 257/403/65 262/402/70 284/429/92
f 284/429/92 262/402/70 255/401/63 278/432/86
f 254/395/62 243/381/51 251/384/59 259/396/67
f 259/397/67 251/379/59 247/378/55 263/398/71
f 263/398/71 247/378/55 242/377/50 255/401/63
f 193/294/1 241/369/49 245/372/53 196/295/4
f 196/298/4 245/385/53 250/382/58 200/299/8
f 200/299/8 250/382/58 243/381/51 194/302/2
f 253/387/61 206/319/14 212/322/20 256/388/64
f 256/391/64 212/317/20 208/314/16 260/392/68
f 260/392/68 208/314/16 205/313/13 254/395/62
f 313/481/25 289/443/1 293/446/5 316/482/28
f 316/485/28 293/459/5 298/458/10 320/486/32
f 320/486/32 298/458/10 291/457/3 314/489/26
f 290/451/2 301/462/13 305/465/17 295/452/7
f 295/453/7 305/478/17 310/477/22 299/454/11
f 299/454/11 310/477/22 303/476/15 291/457/3
f 302/468/14 325/499/37 329/502/41 307/469/19
f 307/472/19 329/515/41 334/514/46 311/473/23
f 311/473/23 334/514/46 327/513/39 303/476/15
f 326/507/38 315/493/27 323/496/35 331/508/43
f 331/509/43 323/491/35 319/490/31 335/510/47
f 335/510/47 319/490/31 314/489/26 327/513/39
f 361/555/73 313/481/25 317/484/29 364/556/76
f 364/559/76 317/497/29 322/494/34 368/560/80
f 368/560/80 322/494/34 315/493/27 362/563/74
f 325/499/37 373/573/85 377/576/89 328/500/40
f 328/503/40 377/589/89 382/588/94 332/504/44
f 332/504/44 382/588/94 375/587/87 326/507/38
f 374/581/86 363/567/75 371/570/83 379/582/91
f 379/583/91 371/565/83 367/564/79 383/584/95
f 383/584/95 367/564/79 362/563/74 375/587/87
f 337/518/49 361/555/73 365/558/77 340/519/52
f 340/522/52 365/571/77 370/568/82 344/523/56
f 344/523/56 370/568/82 363/567/75 338/526/50
f 373/573/85 349/536/61 353/539/65 376/574/88
f 376/577/88 353/552/65 358/551/70 380/578/92
f 380/578/92 358/551/70 351/550/63 374/581/86
f 350/544/62 339/530/51 347/533/59 355/545/67
f 355/546/67 347/528/59 343/527/55 359/547/71
f 359/547/71 343/527/55 338/526/50 351/550/63
f 289/443/1 337/518/49 341/521/53 292/444/4
f 292/447/4 341/534/53 346/531/58 296/448/8
f 296/448/8 346/531/58 339/530/51 290/451/2
f 349/536/61 302/468/14 308/471/20 352/537/64
f 352/540/64 308/466/20 304/463/16 356/541/68
f 356/541/68 304/463/16 301/462/13 350/544/62
f 409/630/25 385/592/1 389/595/5 412/631/28
f 412/634/28 389/608/5 394/607/10 416/635/32
f 416/635/32 394/607/10 387/606/3 410/638/26
f 386/600/2 397/611/13 401/614/17 391/601/7
f 391/602/7 401/627/17 406/626/22 395/603/11
f 395/603/11 406/626/22 399/625/15 387/606/3
f 398/617/14 421/648/37 425/651/41 403/618/19
f 403/621/19 425/664/41 430/663/46 407/622/23
f 407/622/23 430/663/46 423/662/39 399/625/15
f 422/656/38 411/642/27 419/645/35 427/657/43
f 427/658/43 419/640/35 415/639/31 431/659/47
f 431/659/47 415/639/31 410/638/26 423/662/39
f 457/704/73 409/630/25 413/633/29 460/705/76
f 460/708/76 413/646/29 418/643/34 464/709/80
f 464/709/80 418/643/34 411/642/27 458/712/74
f 421/648/37 469/722/85 473/725/89 424/649/40
f 424/652/40 473/738/89 478/737/94 428/653/44
f 428/653/44 478/737/94 471/736/87 422/656/38
f 470/730/86 459/716/75 467/719/83 475/731/91
f 475/732/91 467/714/83 463/713/79 479/733/95
f 479/733/95 463/713/79 458/712/74 471/736/87
f 433/667/49 457/704/73 461/707/77 436/668/52
f 436/671/52 461/720/77 466/717/82 440/672/56
f 440/672/56 466/717/82 459/716/75 434/675/50
f 469/722/85 445/685/61 449/688/65 472/723/88
f 472/726/88 449/701/65 454/700/70 476/727/92
f 476/727/92 454/700/70 447/699/63 470/730/86
f 446/693/62 435/679/51 443/682/59 451/694/67
f 451/695/67 443/677/59 439/676/55 455/696/71
f 455/696/71 439/676/55 434/675/50 447/699/63
f 385/592/1 433/667/49 437/670/53 388/593/4
f 388/596/4 437/683/53 442/680/58 392/597/8
f 392/597/8 442/680/58 435/679/51 386/600/2
f 445/685/61 398/617/14 404/620/20 448/686/64
f 448/689/64 404/615/20 400/612/16 452/690/68
f 452/690/68 400/612/16 397/611/13 446/693/62
f 505/779/25 481/741/1 485/744/5 508/780/28
f 508/783/28 485/757/5 490/756/10 512/784/32
f 512/784/32 490/756/10 483/755/3 506/787/26
f 482/749/2 493/760/13 497/763/17 487/750/7
f 487/751/7 497/776/17 502/775/22 491/752/11
f 491/752/11 502/775/22 495/774/15 483/755/3
f 494/766/14 517/797/37 521/800/41 499/767/19
f 499/770/19 521/813/41 526/812/46 503/771/23
f 503/771/23 526/812/46 519/811/39 495/774/15
f 518/805/38 507/791/27 515/794/35 523/806/43
f 523/807/43 515/789/35 511/788/31 527/808/47
f 527/808/47 511/788/31 506/787/26 519/811/39
f 553/853/73 505/779/25 509/782/29 556/854/76
f 556/857/76 509/795/29 514/792/34 560/858/80
f 560/858/80 514/792/34 507/791/27 554/861/74
f 517/797/37 565/871/85 569/874/89 520/798/40
f 520/801/40 569/887/89 574/886/94 524/802/44
f 524/802/44 574/886/94 567/885/87 518/805/38
f 566/879/86 555/865/75 563/868/83 571/880/91
f 571/881/91 563/863/83 559/862/79 575/882/95
f 575/882/95 559/862/79 554/861/74 567/885/87
f 529/816/49 553/853/73 557/856/77 532/817/52
f 532/820/52 557/869/77 562/866/82 536/821/56
f 536/821/56 562/866/82 555/865/75 530/824/50
f 565/871/85 541/834/61 545/837/65 568/872/88
f 568/875/88 545/850/65 550/849/70 572/876/92
f 572/876/92 550/849/70 543/848/63 566/879/86
f 542/842/62 531/828/51 539/831/59 547/843/67
f 547/844/67 539/826/59 535/825/55 551/845/71
f 551/845/71 535/825/55 530/824/50 543/848/63
f 481/741/1 529/816/49 533/819/53 484/742/4
f 484/745/4 533/832/53 538/829/58 488/746/8
f 488/746/8 538/829/58 531/828/51 482/749/2
f 541/834/61 494/766/14 500/769/20 544/835/64
f 544/838/64 500/764/20 496/761/16 548/839/68
f 548/839/68 496/761/16 493/760/13 542/842/62
f 601/928/25 577/890/1 581/893/5 604/929/28
f 604/932/28 581/906/5 586/905/10 608/933/32
f 608/933/32 586/905/10 579/904/3 602/936/26
f 578/898/2 589/909/13 593/912/17 583/899/7
f 583/900/7 593/925/17 598/924/22 587/901/11
f 587/901/11 598/924/22 591/923/15 579/904/3
f 590/915/14 613/946/37 617/949/41 595/916/19
f 595/919/19 617/962/41 622/961/46 599/920/23
f 599/920/23 622/961/46 615/960/39 591/923/15
f 614/954/38 603/940/27 611/943/35 619/955/43
f 619/956/43 611/938/35 607/937/31 623/957/47
f 623/957/47 607/937/31 602/936/26 615/960/39
f 649/1002/73 601/928/25 605/931/29 652/1003/76
f 652/1006/76 605/944/29 610/941/34 656/1007/80
f 656/1007/80 610/941/34 603/940/27 650/1010/74
f 613/946/37 661/1020/85 665/1023/89 616/947/40
f 616/950/40 665/1036/89 670/1035/94 620/951/44
f 620/951/44 670/1035/94 663/1034/87 614/954/38
f 662/1028/86 651/1014/75 659/1017/83 667/1029/91
f 667/1030/91 659/1012/83 655/1011/79 671/1031/95
f 671/1031/95 655/1011/79 650/1010/74 663/1034/87
f 625/965/49 649/1002/73 653/1005/77 628/966/52
f 628/969/52 653/1018/77 658/1015/82 632/970/56
f 632/970/56 658/1015/82 651/1014/75 626/973/50
f 661/1020/85 637/983/61 641/986/65 664/1021/88
f 664/1024/88 641/999/65 646/998/70 668/1025/92
f 668/1025/92 646/998/70 639/997/63 662/1028/86
f 638/991/62 627/977/51 635/980/59 643/992/67
f 643/993/67 635/975/59 631/974/55 647/994/71
f 647/994/71 631/974/55 626/973/50 639/997/63
f 577/890/1 625/965/49 629/968/53 580/891/4
f 580/894/4 629/981/53 634/978/58 584/895/8
f 584/895/8 634/978/58 627/977/51 578/898/2
f 637/983/61 590/915/14 596/918/20 640/984/64
f 640/987/64 596/913/20 592/910/16 644/988/68
f 644/988/68 592/910/16 589/909/13 638/991/62
f 697/1077/25 673/1039/1 677/1042/5 700/1078/28
f 700/1081/28 677/1055/5 682/1054/10 704/1082/32
f 704/1082/32 682/1054/10 675/1053/3 698/1085/26
f 674/1047/2 685/1058/13 689/1061/17 679/1048/7
f 679/1049/7 689/1074/17 694/1073/22 683/1050/11
f 683/1050/11 694/1073/22 687/1072/15 675/1053/3
f 686/1064/14 709/1095/37 713/1098/41 691/1065/19
f 691/1068/19 713/1111/41 718/1110/46 695/1069/23
f 695/1069/23 718/1110/46 711/1109/39 687/1072/15
f 710/1103/38 699/1089/27 707/1092/35 715/1104/43
f 715/1105/43 707/1087/35 703/1086/31 719/1106/47
f 719/1106/47 703/1086/31 698/1085/26 711/1109/39
f 745/1151/73 697/1077/25 701/1080/29 748/1152/76
f 748/1155/76 701/1093/29 706/1090/34 752/1156/80
f 752/1156/80 706/1090/34 699/1089/27 746/1159/74
f 709/1095/37 757/1169/85 761/1172/89 712/1096/40
f 712/1099/40 761/1185/89 766/1184/94 716/1100/44
f 716/1100/44 766/1184/94 759/1183/87 710/1103/38
f 758/1177/86 747/1163/75 755/1166/83 763/1178/91
f 763/1179/91 755/1161/83 751/1160/79 767/1180/95
f 767/1180/95 751/1160/79 746/1159/74 759/1183/87
f 721/1114/49 745/1151/73 749/1154/77 724/1115/52
f 724/1118/52 749/1167/77 754/1164/82 728/1119/56
f 728/1119/56 754/1164/82 747/1163/75 722/1122/50
f 757/1169/85 733/1132/61 737/1135/65 760/1170/88
f 760/1173/88 737/1148/65 742/1147/70 764/1174/92
f 764/1174/92 742/1147/70 735/1146/63 758/1177/86
f 734/1140/62 723/1126/51 731/1129/59 739/1141/67
f 739/1142/67 731/1124/59 727/1123/55 743/1143/71
f 743/1143/71 727/1123/55 722/1122/50 735/1146/63
f 673/1039/1 721/1114/49 725/1117/53 676/1040/4
f 676/1043/4 725/1130/53 730/1127/58 680/1044/8
f 680/1044/8 730/1127/58 723/1126/51 674/1047/2
f 733/1132/61 686/1064/14 692/1067/20 736/1133/64
f 736/1136/64 692/1062/20 688/1059/16 740/1137/68
f 740/1137/68 688/1059/16 685/1058/13 734/1140/62
f 793/1226/25 769/1188/1 773/1191/5 796/1227/28
f 796/1230/28 773/1204/5 778/1203/10 800/1231/32
f 800/1231/32 778/1203/10 771/1202/3 794/1234/26
f 770/1196/2 781/1207/13 785/1210/17 775/1197/7
f 775/1198/7 785/1223/17 790/1222/22 779/1199/11
f 779/1199/11 790/1222/22 783/1221/15 771/1202/3
f 782/1213/14 805/1244/37 809/1247/41 787/1214/19
f 787/1217/19 809/1260/41 814/1259/46 791/1218/23
f 791/1218/23 814/1259/46 807/1258/39 783/1221/15
f 806/1252/38 795/1238/27 803/1241/35 811/1253/43
f 811/1254/43 803/1236/35 799/1235/31 815/1255/47
f 815/1255/47 799/1235/31 794/1234/26 807/1258/39
f 841/1300/73 793/1226/25 797/1229/29 844/1301/76
f 844/1304/76 797/1242/29 802/1239/34 848/1305/80
f 848/1305/80 802/1239/34 795/1238/27 842/1308/74
f 805/1244/37 853/1318/85 857/1321/89 808/1245/40
f 808/1248/40 857/1334/89 862/1333/94 812/1249/44
f 812/1249/44 862/1333/94 855/1332/87 806/1252/38
f 854/1326/86 843/1312/75 851/1315/83 859/1327/91
f 859/1328/91 851/1310/83 847/1309/79 863/1329/95
f 863/1329/95 847/1309/79 842/1308/74 855/1332/87
f 817/1263/49 841/1300/73 845/1303/77 820/1264/52
f 820/1267/52 845/1316/77 850/1313/82 824/1268/56
f 824/1268/56 850/1313/82 843/1312/75 818/1271/50
f 853/1318/85 829/1281/61 833/1284/65 856/1319/88
f 856/1322/88 833/1297/65 838/1296/70 860/1323/92
f 860/1323/92 838/1296/70 831/1295/63 854/1326/86
f 830/1289/62 819/1275/51 827/1278/59 835/1290/67
f 835/1291/67 827/1273/59 823/1272/55 839/1292/71
f 839/1292/71 823/1272/55 818/1271/50 831/1295/63
f 769/1188/1 817/1263/49 821/1266/53 772/1189/4
f 772/1192/4 821/1279/53 826/1276/58 776/1193/8
f 776/1193/8 826/1276/58 819/1275/51 770/1196/2
f 829/1281/61 782/1213/14 788/1216/20 832/1282/64
f 832/1285/64 788/1211/20 784/1208/16 836/1286/68
f 836/1286/68 784/1208/16 781/1207/13 830/1289/62
f 889/1375/25 865/1337/1 869/1340/5 892/1376/28
f 892/1379/28 869/1353/5 874/1352/10 896/1380/32
f 896/1380/32 874/1352/10 867/1351/3 890/1383/26
f 866/1345/2 877/1356/13 881/1359/17 871/1346/7
f 871/1347/7 881/1372/17 886/1371/22 875/1348/11
f 875/1348/11 886/1371/22 879/1370/15 867/1351/3
f 878/1362/14 901/1393/37 905/1396/41 883/1363/19
f 883/1366/19 905/1409/41 910/1408/46 887/1367/23
f 887/1367/23 910/1408/46 903/1407/39 879/1370/15
f 902/1401/38 891/1387/27 899/1390/35 907/1402/43
f 907/1403/43 899/1385/35 895/1384/31 911/1404/47
f 911/1404/47 895/1384/31 890/1383/26 903/1407/39
f 937/1449/73 889/1375/25 893/1378/29 940/1450/76
f 940/1453/76 893/1391/29 898/1388/34 944/1454/80
f 944/1454/80 898/1388/34 891/1387/27 938/1457/74
f 901/1393/37 949/1467/85 953/1470/89 904/1394/40
f 904/1397/40 953/1483/89 958/1482/94 908/1398/44
f 908/1398/44 958/1482/94 951/1481/87 902/1401/38
f 950/1475/86 939/1461/75 947/1464/83 955/1476/91
f 955/1477/91 947/1459/83 943/1458/79 959/1478/95
f 959/1478/95 943/1458/79 938/1457/74 951/1481/87
f 913/1412/49 937/1449/73 941/1452/77 916/1413/52
f 916/1416/52 941/1465/77 946/1462/82 920/1417/56
f 920/1417/56 946/1462/82 939/1461/75 914/1420/50
f 949/1467/85 925/1430/61 929/1433/65 952/1468/88
f 952/1471/88 929/1446/65 934/1445/70 956/1472/92
f 956/1472/92 934/1445/70 927/1444/63 950/1475/86
f 926/1438/62 915/1424/51 923/1427/59 931/1439/67
f 931/1440/67 923/1422/59 919/1421/55 935/1441/71
f 935/1441/71 919/1421/55 914/1420/50 927/1444/63
f 865/1337/1 913/1412/49 917/1415/53 868/1338/4
f 868/1341/4 917/1428/53 922/1425/58 872/1342/8
f 872/1342/8 922/1425/58 915/1424/51 866/1345/2
f 925/1430/61 878/1362/14 884/1365/20 928/1431/64
f 928/1434/64 884/1360/20 880/1357/16 932/1435/68
f 932/1435/68 880/1357/16 877/1356/13 926/1438/62
f 985/1524/25 961/1486/1 965/1489/5 988/1525/28
f 988/1528/28 965/1502/5 970/1501/10 992/1529/32
f 992/1529/32 970/1501/10 963/1500/3 986/1532/26
f 962/1494/2 973/1505/13 977/1508/17 967/1495/7
f 967/1496/7 977/1521/17 982/1520/22 971/1497/11
f 971/1497/11 982/1520/22 975/1519/15 963/1500/3
f 974/1511/14 997/1542/37 1001/1545/41 979/1512/19
f 979/1515/19 1001/1558/41 1006/1557/46 983/1516/23
f 983/1516/23 1006/1557/46 999/1556/39 975/1519/15
f 998/1550/38 987/1536/27 995/1539/35 1003/1551/43
f 1003/1552/43 995/1534/35 991/1533/31 1007/1553/47
f 1007/1553/47 991/1533/31 986/1532/26 999/1556/39
f 1033/1598/73 985/1524/25 989/1527/29 1036/1599/76
f 1036/1602/76 989/1540/29 994/1537/34 1040/1603/80
f 1040/1603/80 994/1537/34 987/1536/27 1034/1606/74
f 997/1542/37 1045/1616/85 1049/1619/89 1000/1543/40
f 1000/1546/40 1049/1632/89 1054/1631/94 1004/1547/44
f 1004/1547/44 1054/1631/94 1047/1630/87 998/1550/38
f 1046/1624/86 1035/1610/75 1043/1613/83 1051/1625/91
f 1051/1626/91 1043/1608/83 1039/1607/79 1055/1627/95
f 1055/1627/95 1039/1607/79 1034/1606/74 1047/1630/87
f 1009/1561/49 1033/1598/73 1037/1601/77 1012/1562/52
f 1012/1565/52 1037/1614/77 1042/1611/82 1016/1566/56
f 1016/1566/56 1042/1611/82 1035/1610/75 1010/1569/50
f 1045/1616/85 1021/1579/61 1025/1582/65 1048/1617/88
f 1048/1620/88 1025/1595/65 1030/1594/70 1052/1621/92
f 1052/1621/92 1030/1594/70 1023/1593/63 1046/1624/86
f 1022/1587/62 1011/1573/51 1019/1576/59 1027/1588/67
f 1027/1589/67 1019/1571/59 1015/1570/55 1031/1590/71
f 1031/1590/71 1015/1570/55 1010/1569/50 1023/1593/63
f 961/1486/1 1009/1561/49 1013/1564/53 964/1487/4
f 964/1490/4 1013/1577/53 1018/1574/58 968/1491/8
f 968/1491/8 1018/1574/58 1011/1573/51 962/1494/2
f 1021/1579/61 974/1511/14 980/1514/20 1024/1580/64
f 1024/1583/64 980/1509/20 976/1506/16 1028/1584/68
f 1028/1584/68 976/1506/16 973/1505/13 1022/1587/62
f 1081/1673/25 1057/1635/1 1061/1638/5 1084/1674/28
f 1084/1677/28 1061/1651/5 1066/1650/10 1088/1678/32
f 1088/1678/32 1066/1650/10 1059/1649/3 1082/1681/26
f 1058/1643/2 1069/1654/13 1073/1657/17 1063/1644/7
f 1063/1645/7 1073/1670/17 1078/1669/22 1067/1646/11
f 1067/1646/11 1078/1669/22 1071/1668/15 1059/1649/3
f 1070/1660/14 1093/1691/37 1097/1694/41 1075/1661/19
f 1075/1664/19 1097/1707/41 1102/1706/46 1079/1665/23
f 1079/1665/23 1102/1706/46 1095/1705/39 1071/1668/15
f 1094/1699/38 1083/1685/27 1091/1688/35 1099/1700/43
f 1099/1701/43 1091/1683/35 1087/1682/31 1103/1702/47
f 1103/1702/47 1087/1682/31 1082/1681/26 1095/1705/39
f 1129/1747/73 1081/1673/25 1085/1676/29 1132/1748/76
f 1132/1751/76 1085/1689/29 1090/1686/34 1136/1752/80
f 1136/1752/80 1090/1686/34 1083/1685/27 1130/1755/74
f 1093/1691/37 1141/1765/85 1145/1768/89 1096/1692/40
f 1096/1695/40 1145/1781/89 1150/1780/94 1100/1696/44
f 1100/1696/44 1150/1780/94 1143/1779/87 1094/1699/38
f 1142/1773/86 1131/1759/75 1139/1762/83 1147/1774/91
f 1147/1775/91 1139/1757/83 1135/1756/79 1151/1776/95
f 1151/1776/95 1135/1756/79 1130/1755/74 1143/1779/87
f 1105/1710/49 1129/1747/73 1133/1750/77 1108/1711/52
f 1108/1714/52 1133/1763/77 1138/1760/82 1112/1715/56
f 1112/1715/56 1138/1760/82 1131/1759/75 1106/1718/50
f 1141/1765/85 1117/1728/61 1121/1731/65 1144/1766/88
f 1144/1769/88 1121/1744/65 1126/1743/70 1148/1770/92
f 1148/1770/92 1126/1743/70 1119/1742/63 1142/1773/86
f 1118/1736/62 1107/1722/51 1115/1725/59 1123/1737/67
f 1123/1738/67 1115/1720/59 1111/1719/55 1127/1739/71
f 1127/1739/71 1111/1719/55 1106/1718/50 1119/1742/63
f 1057/1635/1 1105/1710/49 1109/1713/53 1060/1636/4
f 1060/1639/4 1109/1726/53 1114/1723/58 1064/1640/8
f 1064/1640/8 1114/1723/58 1107/1722/51 1058/1643/2
f 1117/1728/61 1070/1660/14 1076/1663/20 1120/1729/64
f 1120/1732/64 1076/1658/20 1072/1655/16 1124/1733/68
f 1124/1733/68 1072/1655/16 1069/1654/13 1118/1736/62
f 1177/1822/25 1153/1784/1 1157/1787/5 1180/1823/28
f 1180/1826/28 1157/1800/5 1162/1799/10 1184/1827/32
f 1184/1827/32 1162/1799/10 1155/1798/3 1178/1830/26
f 1154/1792/2 1165/1803/13 1169/1806/17 1159/1793/7
f 1159/1794/7 1169/1819/17 1174/1818/22 1163/1795/11
f 1163/1795/11 1174/1818/22 1167/1817/15 1155/1798/3
f 1166/1809/14 1189/1840/37 1193/1843/41 1171/1810/19
f 1171/1813/19 1193/1856/41 1198/1855/46 1175/1814/23
f 1175/1814/23 1198/1855/46 1191/1854/39 1167/1817/15
f 1190/1848/38 1179/1834/27 1187/1837/35 1195/1849/43
f 1195/1850/43 1187/1832/35 1183/1831/31 1199/1851/47
f 1199/1851/47 1183/1831/31 1178/1830/26 1191/1854/39
f 1225/1896/73 1177/1822/25 1181/1825/29 1228/1897/76
f 1228/1900/76 1181/1838/29 1186/1835/34 1232/1901/80
f 1232/1901/80 1186/1835/34 1179/1834/27 1226/1904/74
f 1189/1840/37 1237/1914/85 1241/1917/89 1192/1841/40
f 1192/1844/40 1241/1930/89 1246/1929/94 1196/1845/44
f 1196/1845/44 1246/1929/94 1239/1928/87 1190/1848/38
f 1238/1922/86 1227/1908/75 1235/1911/83 1243/1923/91
f 1243/1924/91 1235/1906/83 1231/1905/79 1247/1925/95
f 1247/1925/95 1231/1905/79 1226/1904/74 1239/1928/87
f 1201/1859/49 1225/1896/73 1229/1899/77 1204/1860/52
f 1204/1863/52 1229/1912/77 1234/1909/82 1208/1864/56
f 1208/1864/56 1234/1909/82 1227/1908/75 1202/1867/50
f 1237/1914/85 1213/1877/61 1217/1880/65 1240/1915/88
f 1240/1918/88 1217/1893/65 1222/1892/70 1244/1919/92
f 1244/1919/92 1222/1892/70 1215/1891/63 1238/1922/86
f 1214/1885/62 1203/1871/51 1211/1874/59 1219/1886/67
f 1219/1887/67 1211/1869/59 1207/1868/55 1223/1888/71
f 1223/1888/71 1207/1868/55 1202/1867/50 1215/1891/63
f 1153/1784/1 1201/1859/49 1205/1862/53 1156/1785/4
f 1156/1788/4 1205/1875/53 1210/1872/58 1160/1789/8
f 1160/1789/8 1210/1872/58 1203/1871/51 1154/1792/2
f 1213/1877/61 1166/1809/14 1172/1812/20 1216/1878/64
f 1216/1881/64 1172/1807/20 1168/1804/16 1220/1882/68
f 1220/1882/68 1168/1804/16 1165/1803/13 1214/1885/62
f 1273/1971/25 1249/1933/1 1253/1936/5 1276/1972/28
f 1276/1975/28 1253/1949/5 1258/1948/10 1280/1976/32
f 1280/1976/32 1258/1948/10 1251/1947/3 1274/1979/26
f 1250/1941/2 1261/1952/13 1265/1955/17 1255/1942/7
f 1255/1943/7 1265/1968/17 1270/1967/22 1259/1944/11
f 1259/1944/11 1270/1967/22 1263/1966/15 1251/1947/3
f 1262/1958/14 1285/1989/37 1289/1992/41 1267/1959/19
f 1267/1962/19 1289/2005/41 1294/2004/46 1271/1963/23
f 1271/1963/23 1294/2004/46 1287/2003/39 1263/1966/15
f 1286/1997/38 1275/1983/27 1283/1986/35 1291/1998/43
f 1291/1999/43 1283/1981/35 1279/1980/31 1295/2000/47
f 1295/2000/47 1279/1980/31 1274/1979/26 1287/2003/39
f 1321/2045/73 1273/1971/25 1277/1974/29 1324/2046/76
f 1324/2049/76 1277/1987/29 1282/1984/34 1328/2050/80
f 1328/2050/80 1282/1984/34 1275/1983/27 1322/2053/74
f 1285/1989/37 1333/2063/85 1337/2066/89 1288/1990/40
f 1288/1993/40 1337/2079/89 1342/2078/94 1292/1994/44
f 1292/1994/44 1342/2078/94 1335/2077/87 1286/1997/38
f 1334/2071/86 1323/2057/75 1331/2060/83 1339/2072/91
f 1339/2073/91 1331/2055/83 1327/2054/79 1343/2074/95
f 1343/2074/95 1327/2054/79 1322/2053/74 1335/2077/87
f 1297/2008/49 1321/2045/73 1325/2048/77 1300/2009/52
f 1300/2012/52 1325/2061/77 1330/2058/82 1304/2013/56
f 1304/2013/56 1330/2058/82 1323/2057/75 1298/2016/50
f 1333/2063/85 1309/2026/61 1313/2029/65 1336/2064/88
f 1336/2067/88 1313/2042/65 1318/2041/70 1340/2068/92
f 1340/2068/92 1318/2041/70 1311/2040/63 1334/2071/86
f 1310/2034/62 1299/2020/51 1307/2023/59 1315/2035/67
f 1315/2036/67 1307/2018/59 1303/2017/55 1319/2037/71
f 1319/2037/71 1303/2017/55 1298/2016/50 1311/2040/63
f 1249/1933/1 1297/2008/49 1301/2011/53 1252/1934/4
f 1252/1937/4 1301/2024/53 1306/2021/58 1256/1938/8
f 1256/1938/8 1306/2021/58 1299/2020/51 1250/1941/2
f 1309/2026/61 1262/1958/14 1268/1961/20 1312/2027/64
f 1312/2030/64 1268/1956/20 1264/1953/16 1316/2031/68
f 1316/2031/68 1264/1953/16 1261/1952/13 1310/2034/62
f 1369/2120/25 1345/2082/1 1349/2085/5 1372/2121/28
f 1372/2124/28 1349/2098/5 1354/2097/10 1376/2125/32
f 1376/2125/32 1354/2097/10 1347/2096/3 1370/2128/26
f 1346/2090/2 1357/2101/13 1361/2104/17 1351/2091/7
f 1351/2092/7 1361/2117/17 1366/2116/22 1355/2093/11
f 1355/2093/11 1366/2116/22 1359/2115/15 1347/2096/3
f 1358/2107/14 1381/2138/37 1385/2141/41 1363/2108/19
f 1363/2111/19 1385/2154/41 1390/2153/46 1367/2112/23
f 1367/2112/23 1390/2153/46 1383/2152/39 1359/2115/15
f 1382/2146/38 1371/2132/27 1379/2135/35 1387/2147/43
f 1387/2148/43 1379/2130/35 1375/2129/31 1391/2149/47
f 1391/2149/47 1375/2129/31 1370/2128/26 1383/2152/39
f 1417/2194/73 1369/2120/25 1373/2123/29 1420/2195/76
f 1420/2198/76 1373/2136/29 1378/2133/34 1424/2199/80
f 1424/2199/80 1378/2133/34 1371/2132/27 1418/2202/74
f 1381/2138/37 1429/2212/85 1433/2215/89 1384/2139/40
f 1384/2142/40 1433/2228/89 1438/2227/94 1388/2143/44
f 1388/2143/44 1438/2227/94 1431/2226/87 1382/2146/38
f 1430/2220/86 1419/2206/75 1427/2209/83 1435/2221/124
f 1435/2222/124 1427/2204/83 1423/2203/79 1439/2223/95
f 1439/2223/95 1423/2203/79 1418/2202/74 1431/2226/87
f 1393/2157/49 1417/2194/73 1421/2197/77 1396/2158/52
f 1396/2161/52 1421/2210/77 1426/2207/82 1400/2162/56
f 1400/2162/56 1426/2207/82 1419/2206/75 1394/2165/50
f 1429/2212/85 1405/2175/61 1409/2178/65 1432/2213/88
f 1432/2216/88 1409/2191/65 1414/2190/70 1436/2217/92
f 1436/2217/92 1414/2190/70 1407/2189/63 1430/2220/86
f 1406/2183/62 1395/2169/51 1403/2172/59 1411/2184/67
f 1411/2185/67 1403/2167/59 1399/2166/119 1415/2186/71
f 1415/2186/71 1399/2166/119 1394/2165/50 1407/2189/63
f 1345/2082/1 1393/2157/49 1397/2160/53 1348/2083/4
f 1348/2086/4 1397/2173/53 1402/2170/58 1352/2087/8
f 1352/2087/8 1402/2170/58 1395/2169/51 1346/2090/2
f 1405/2175/61 1358/2107/14 1364/2110/20 1408/2176/64
f 1408/2179/64 1364/2105/20 1360/2102/16 1412/2180/68
f 1412/2180/68 1360/2102/16 1357/2101/13 1406/2183/62
f 1465/2269/25 1441/2231/1 1445/2234/5 1468/2270/28
f 1468/2273/28 1445/2247/5 1450/2246/10 1472/2274/32
f 1472/2274/32 1450/2246/10 1443/2245/3 1466/2277/26
f 1442/2239/2 1453/2250/13 1457/2253/17 1447/2240/7
f 1447/2241/7 1457/2266/17 1462/2265/22 1451/2242/11
f 1451/2242/11 1462/2265/22 1455/2264/15 1443/2245/3
f 1454/2256/14 1477/2287/37 1481/2290/41 1459/2257/19
f 1459/2260/19 1481/2303/41 1486/2302/46 1463/2261/23
f 1463/2261/23 1486/2302/46 1479/2301/39 1455/2264/15
f 1478/2295/38 1467/2281/27 1475/2284/35 1483/2296/43
f 1483/2297/43 1475/2279/35 1471/2278/31 1487/2298/47
f 1487/2298/47 1471/2278/31 1466/2277/26 1479/2301/39
f 1513/2343/73 1465/2269/25 1469/2272/29 1516/2344/76
f 1516/2347/76 1469/2285/29 1474/2282/34 1520/2348/80
f 1520/2348/80 1474/2282/34 1467/2281/27 1514/2351/74
f 1477/2287/37 1525/2361/85 1529/2364/89 1480/2288/40
f 1480/2291/40 1529/2377/89 1534/2376/94 1484/2292/44
f 1484/2292/44 1534/2376/94 1527/2375/87 1478/2295/38
f 1526/2369/86 1515/2355/75 1523/2358/83 1531/2370/91
f 1531/2371/91 1523/2353/83 1519/2352/79 1535/2372/95
f 1535/2372/95 1519/2352/79 1514/2351/74 1527/2375/87
f 1489/2306/49 1513/2343/73 1517/2346/77 1492/2307/52
f 1492/2310/52 1517/2359/77 1522/2356/82 1496/2311/56
f 1496/2311/56 1522/2356/82 1515/2355/75 1490/2314/50
f 1525/2361/85 1501/2324/61 1505/2327/65 1528/2362/88
f 1528/2365/88 1505/2340/65 1510/2339/70 1532/2366/92
f 1532/2366/92 1510/2339/70 1503/2338/63 1526/2369/86
f 1502/2332/62 1491/2318/51 1499/2321/59 1507/2333/67
f 1507/2334/67 1499/2316/59 1495/2315/55 1511/2335/71
f 1511/2335/71 1495/2315/55 1490/2314/50 1503/2338/63
f 1441/2231/1 1489/2306/49 1493/2309/53 1444/2232/4
f 1444/2235/4 1493/2322/53 1498/2319/58 1448/2236/8
f 1448/2236/8 1498/2319/58 1491/2318/51 1442/2239/2
f 1501/2324/61 1454/2256/14 1460/2259/20 1504/2325/64
f 1504/2328/64 1460/2254/20 1456/2251/16 1508/2329/68
f 1508/2329/68 1456/2251/16 1453/2250/13 1502/2332/62
f 25/37/25 73/109/73 49/73/49 1/1/1
f 3/13/3 15/31/15 39/67/39 26/43/26
f 51/85/51 62/97/62 13/19/13 2/7/2
f 85/127/85 37/55/37 14/27/14 61/91/61
f 27/51/27 38/61/38 87/139/87 74/115/74
f 75/123/75 86/133/86 63/105/63 50/79/50
f 121/183/25 169/257/73 145/220/49 97/145/1
f 99/159/3 111/178/15 135/215/39 122/191/26
f 147/232/51 158/246/62 109/164/13 98/153/2
f 181/275/85 133/201/37 110/170/14 157/238/61
f 123/195/27 134/209/38 183/289/87 170/265/74
f 171/269/75 182/283/86 159/252/63 146/228/50
f 217/332/25 265/406/73 241/369/49 193/294/1
f 195/308/3 207/327/15 231/364/39 218/340/26
f 243/381/51 254/395/62 205/313/13 194/302/2
f 277/424/85 229/350/37 206/319/14 253/387/61
f 219/344/27 230/358/38 279/438/87 266/414/74
f 267/418/75 278/432/86 255/401/63 242/377/50
f 313/481/25 361/555/73 337/518/49 289/443/1
f 291/457/3 303/476/15 327/513/39 314/489/26
f 339/530/51 350/544/62 301/462/13 290/451/2
f 373/573/85 325/499/37 302/468/14 349/536/61
f 315/493/27 326/507/38 375/587/87 362/563/74
f 363/567/75 374/581/86 351/550/63 338/526/50
f 409/630/25 457/704/73 433/667/49 385/592/1
f 387/606/3 399/625/15 423/662/39 410/638/26
f 435/679/51 446/693/62 397/611/13 386/600/2
f 469/722/85 421/648/37 398/617/14 445/685/61
f 411/642/27 422/656/38 471/736/87 458/712/74
f 459/716/75 470/730/86 447/699/63 434/675/50
f 505/779/25 553/853/73 529/816/49 481/741/1
f 483/755/3 495/774/15 519/811/39 506/787/26
f 531/828/51 542/842/62 493/760/13 482/749/2
f 565/871/85 517/797/37 494/766/14 541/834/61
f 507/791/27 518/805/38 567/885/87 554/861/74
f 555/865/75 566/879/86 543/848/63 530/824/50
f 601/928/25 649/1002/73 625/965/49 577/890/1
f 579/904/3 591/923/15 615/960/39 602/936/26
f 627/977/51 638/991/62 589/909/13 578/898/2
f 661/1020/85 613/946/37 590/915/14 637/983/61
f 603/940/27 614/954/38 663/1034/87 650/1010/74
f 651/1014/75 662/1028/86 639/997/63 626/973/50
f 697/1077/25 745/1151/73 721/1114/49 673/1039/1
f 675/1053/3 687/1072/15 711/1109/39 698/1085/26
f 723/1126/51 734/1140/62 685/1058/13 674/1047/2
f 757/1169/85 709/1095/37 686/1064/14 733/1132/61
f 699/1089/27 710/1103/38 759/1183/87 746/1159/74
f 747/1163/75 758/1177/86 735/1146/63 722/1122/50
f 793/1226/25 841/1300/73 817/1263/49 769/1188/1
f 771/1202/3 783/1221/15 807/1258/39 794/1234/26
f 819/1275/51 830/1289/62 781/1207/13 770/1196/2
f 853/1318/85 805/1244/37 782/1213/14 829/1281/61
f 795/1238/27 806/1252/38 855/1332/87 842/1308/74
f 843/1312/75 854/1326/86 831/1295/63 818/1271/50
f 889/1375/25 937/1449/73 913/1412/49 865/1337/1
f 867/1351/3 879/1370/15 903/1407/39 890/1383/26
f 915/1424/51 926/1438/62 877/1356/13 866/1345/2
f 949/1467/85 901/1393/37 878/1362/14 925/1430/61
f 891/1387/27 902/1401/38 951/1481/87 938/1457/74
f 939/1461/75 950/1475/86 927/1444/63 914/1420/50
f 985/1524/25 1033/1598/73 1009/1561/49 961/1486/1
f 963/1500/3 975/1519/15 999/1556/39 986/1532/26
f 1011/1573/51 1022/1587/62 973/1505/13 962/1494/2
f 1045/1616/85 997/1542/37 974/1511/14 1021/1579/61
f 987/1536/27 998/1550/38 1047/1630/87 1034/1606/74
f 1035/1610/75 1046/1624/86 1023/1593/63 1010/1569/50
f 1081/1673/25 1129/1747/73 1105/1710/49 1057/1635/1
f 1059/1649/3 1071/1668/15 1095/1705/39 1082/1681/26
f 1107/1722/51 1118/1736/62 1069/1654/13 1058/1643/2
f 1141/1765/85 1093/1691/37 1070/1660/14 1117/1728/61
f 1083/1685/27 1094/1699/38 1143/1779/87 1130/1755/74
f 1131/1759/75 1142/1773/86 1119/1742/63 1106/1718/50
f 1177/1822/25 1225/1896/73 1201/1859/49 1153/1784/1
f 1155/1798/3 1167/1817/15 1191/1854/39 1178/1830/26
f 1203/1871/51 1214/1885/62 1165/1803/13 1154/1792/2
f 1237/1914/85 1189/1840/37 1166/1809/14 1213/1877/61
f 1179/1834/27 1190/1848/38 1239/1928/87 1226/1904/74
f 1227/1908/75 1238/1922/86 1215/1891/63 1202/1867/50
f 1273/1971/25 1321/2045/73 1297/2008/49 1249/1933/1
f 1251/1947/3 1263/1966/15 1287/2003/39 1274/1979/26
f 1299/2020/51 1310/2034/62 1261/1952/13 1250/1941/2
f 1333/2063/85 1285/1989/37 1262/1958/14 1309/2026/61
f 1275/1983/27 1286/1997/38 1335/2077/87 1322/2053/74
f 1323/2057/75 1334/2071/86 1311/2040/63 1298/2016/50
f 1369/2120/25 1417/2194/73 1393/2157/49 1345/2082/1
f 1347/2096/3 1359/2115/15 1383/2152/39 1370/2128/26
f 1395/2169/51 1406/2183/62 1357/2101/13 1346/2090/2
f 1429/2212/85 1381/2138/37 1358/2107/14 1405/2175/61
f 1371/2132/27 1382/2146/38 1431/2226/87 1418/2202/74
f 1419/2206/75 1430/2220/86 1407/2189/63 1394/2165/50
f 1465/2269/25 1513/2343/73 1489/2306/49 1441/2231/1
f 1443/2245/3 1455/2264/15 1479/2301/39 1466/2277/26
f 1491/2318/51 1502/2332/62 1453/2250/13 1442/2239/2
f 1525/2361/85 1477/2287/37 1454/2256/14 1501/2324/61
f 1467/2281/27 1478/2295/38 1527/2375/87 1514/2351/74
f 1515/2355/75 1526/2369/86 1503/2338/63 1490/2314/50
