# Blender 5.0.1
# www.blender.org
mtllib BB_PROP_JunctionBox.mtl
o BB_PROP_JunctionBox
v 1.860000 -0.065000 -0.150000
v 1.860000 -0.075000 -0.140000
v 1.850000 -0.065000 -0.140000
v 1.860000 -0.069993 -0.148664
v 1.855007 -0.065000 -0.148664
v 1.855218 -0.069782 -0.147366
v 1.855007 -0.073664 -0.140000
v 1.860000 -0.073664 -0.144993
v 1.855218 -0.072366 -0.144782
v 1.851336 -0.065000 -0.144993
v 1.851336 -0.069993 -0.140000
v 1.852634 -0.069782 -0.144782
v 1.860000 -0.075000 0.140000
v 1.860000 -0.065000 0.150000
v 1.850000 -0.065000 0.140000
v 1.860000 -0.073664 0.144993
v 1.855007 -0.073664 0.140000
v 1.855218 -0.072366 0.144782
v 1.855007 -0.065000 0.148664
v 1.860000 -0.069993 0.148664
v 1.855218 -0.069782 0.147366
v 1.851336 -0.069993 0.140000
v 1.851336 -0.065000 0.144993
v 1.852634 -0.069782 0.144782
v 1.860000 0.065000 -0.150000
v 1.850000 0.065000 -0.140000
v 1.860000 0.075000 -0.140000
v 1.855007 0.065000 -0.148664
v 1.860000 0.069993 -0.148664
v 1.855218 0.069782 -0.147366
v 1.851336 0.069993 -0.140000
v 1.851336 0.065000 -0.144993
v 1.852634 0.069782 -0.144782
v 1.860000 0.073664 -0.144993
v 1.855007 0.073664 -0.140000
v 1.855218 0.072366 -0.144782
v 1.860000 0.065000 0.150000
v 1.860000 0.075000 0.140000
v 1.850000 0.065000 0.140000
v 1.860000 0.069993 0.148664
v 1.855007 0.065000 0.148664
v 1.855218 0.069782 0.147366
v 1.855007 0.073664 0.140000
v 1.860000 0.073664 0.144993
v 1.855218 0.072366 0.144782
v 1.851336 0.065000 0.144993
v 1.851336 0.069993 0.140000
v 1.852634 0.069782 0.144782
v 2.140000 -0.065000 -0.150000
v 2.150000 -0.065000 -0.140000
v 2.140000 -0.075000 -0.140000
v 2.144994 -0.065000 -0.148664
v 2.140000 -0.069993 -0.148664
v 2.144782 -0.069782 -0.147366
v 2.148664 -0.069993 -0.140000
v 2.148664 -0.065000 -0.144993
v 2.147366 -0.069782 -0.144782
v 2.140000 -0.073664 -0.144993
v 2.144994 -0.073664 -0.140000
v 2.144782 -0.072366 -0.144782
v 2.140000 -0.065000 0.150000
v 2.140000 -0.075000 0.140000
v 2.150000 -0.065000 0.140000
v 2.140000 -0.069993 0.148664
v 2.144994 -0.065000 0.148664
v 2.144782 -0.069782 0.147366
v 2.144994 -0.073664 0.140000
v 2.140000 -0.073664 0.144993
v 2.144782 -0.072366 0.144782
v 2.148664 -0.065000 0.144993
v 2.148664 -0.069993 0.140000
v 2.147366 -0.069782 0.144782
v 2.140000 0.065000 -0.150000
v 2.140000 0.075000 -0.140000
v 2.150000 0.065000 -0.140000
v 2.140000 0.069993 -0.148664
v 2.144994 0.065000 -0.148664
v 2.144782 0.069782 -0.147366
v 2.144994 0.073664 -0.140000
v 2.140000 0.073664 -0.144993
v 2.144782 0.072366 -0.144782
v 2.148664 0.065000 -0.144993
v 2.148664 0.069993 -0.140000
v 2.147366 0.069782 -0.144782
v 2.140000 0.065000 0.150000
v 2.150000 0.065000 0.140000
v 2.140000 0.075000 0.140000
v 2.144994 0.065000 0.148664
v 2.140000 0.069993 0.148664
v 2.144782 0.069782 0.147366
v 2.148664 0.069993 0.140000
v 2.148664 0.065000 0.144993
v 2.147366 0.069782 0.144782
v 2.140000 0.073664 0.144993
v 2.144994 0.073664 0.140000
v 2.144782 0.072366 0.144782
v 2.219176 -0.025000 0.000000
v 2.226173 -0.015000 -0.009239
v 2.226173 -0.015000 0.009239
v 2.222991 -0.023520 -0.003604
v 2.222991 -0.023520 0.003604
v 2.225364 -0.022409 0.000000
v 2.227480 -0.015000 -0.003374
v 2.225521 -0.019903 -0.006945
v 2.226792 -0.019752 -0.002208
v 2.225521 -0.019903 0.006945
v 2.227480 -0.015000 0.003374
v 2.226792 -0.019752 0.002208
v 2.219176 0.025000 0.000000
v 2.226173 0.015000 0.009239
v 2.226173 0.015000 -0.009239
v 2.222991 0.023520 0.003604
v 2.222991 0.023520 -0.003604
v 2.225364 0.022409 -0.000000
v 2.227480 0.015000 0.003374
v 2.225521 0.019903 0.006945
v 2.226792 0.019752 0.002208
v 2.225521 0.019903 -0.006945
v 2.227480 0.015000 -0.003374
v 2.226792 0.019752 -0.002208
v 2.207702 -0.025000 0.027702
v 2.219182 -0.015000 0.026117
v 2.206117 -0.015000 0.039182
v 2.213024 -0.023664 0.026500
v 2.206500 -0.023664 0.033024
v 2.211657 -0.022366 0.031657
v 2.216447 -0.015000 0.031651
v 2.217238 -0.019993 0.025918
v 2.214624 -0.019782 0.031247
v 2.205918 -0.019993 0.037238
v 2.211651 -0.015000 0.036447
v 2.211247 -0.019782 0.034624
v 2.207702 0.025000 0.027702
v 2.206117 0.015000 0.039182
v 2.219182 0.015000 0.026117
v 2.206500 0.023664 0.033024
v 2.213024 0.023664 0.026500
v 2.211657 0.022366 0.031657
v 2.211651 0.015000 0.036447
v 2.205918 0.019993 0.037238
v 2.211247 0.019782 0.034624
v 2.217238 0.019993 0.025918
v 2.216447 0.015000 0.031651
v 2.214624 0.019782 0.031247
v 2.180000 -0.025000 0.039176
v 2.189239 -0.015000 0.046173
v 2.170761 -0.015000 0.046173
v 2.183604 -0.023520 0.042991
v 2.176396 -0.023520 0.042991
v 2.180000 -0.022409 0.045364
v 2.183374 -0.015000 0.047480
v 2.186945 -0.019903 0.045521
v 2.182208 -0.019752 0.046792
v 2.173055 -0.019903 0.045521
v 2.176626 -0.015000 0.047480
v 2.177792 -0.019752 0.046792
v 2.180000 0.025000 0.039176
v 2.170761 0.015000 0.046173
v 2.189239 0.015000 0.046173
v 2.176396 0.023520 0.042991
v 2.183604 0.023520 0.042991
v 2.180000 0.022409 0.045364
v 2.176626 0.015000 0.047480
v 2.173055 0.019903 0.045521
v 2.177792 0.019752 0.046792
v 2.186945 0.019903 0.045521
v 2.183374 0.015000 0.047480
v 2.182208 0.019752 0.046792
v 2.152298 -0.025000 0.027702
v 2.153883 -0.015000 0.039182
v 2.140818 -0.015000 0.026117
v 2.153500 -0.023664 0.033024
v 2.146976 -0.023664 0.026500
v 2.148343 -0.022366 0.031657
v 2.148349 -0.015000 0.036447
v 2.154082 -0.019993 0.037238
v 2.148753 -0.019782 0.034624
v 2.142761 -0.019993 0.025918
v 2.143553 -0.015000 0.031651
v 2.145376 -0.019782 0.031247
v 2.152298 0.025000 0.027702
v 2.140818 0.015000 0.026117
v 2.153883 0.015000 0.039182
v 2.146976 0.023664 0.026500
v 2.153500 0.023664 0.033024
v 2.148343 0.022366 0.031657
v 2.143553 0.015000 0.031651
v 2.142761 0.019993 0.025918
v 2.145376 0.019782 0.031247
v 2.154082 0.019993 0.037238
v 2.148349 0.015000 0.036447
v 2.148753 0.019782 0.034624
v 2.140824 -0.025000 0.000000
v 2.133827 -0.015000 0.009239
v 2.133827 -0.015000 -0.009239
v 2.137009 -0.023520 0.003604
v 2.137009 -0.023520 -0.003604
v 2.134636 -0.022409 -0.000000
v 2.132520 -0.015000 0.003374
v 2.134479 -0.019903 0.006945
v 2.133208 -0.019752 0.002208
v 2.134479 -0.019903 -0.006945
v 2.132520 -0.015000 -0.003374
v 2.133208 -0.019752 -0.002208
v 2.140824 0.025000 0.000000
v 2.133827 0.015000 -0.009239
v 2.133827 0.015000 0.009239
v 2.137009 0.023520 -0.003604
v 2.137009 0.023520 0.003604
v 2.134636 0.022409 0.000000
v 2.132520 0.015000 -0.003374
v 2.134479 0.019903 -0.006945
v 2.133208 0.019752 -0.002208
v 2.134479 0.019903 0.006945
v 2.132520 0.015000 0.003374
v 2.133208 0.019752 0.002208
v 2.152298 -0.025000 -0.027702
v 2.140818 -0.015000 -0.026117
v 2.153883 -0.015000 -0.039182
v 2.146976 -0.023664 -0.026500
v 2.153500 -0.023664 -0.033024
v 2.148343 -0.022366 -0.031657
v 2.143553 -0.015000 -0.031651
v 2.142761 -0.019993 -0.025918
v 2.145376 -0.019782 -0.031247
v 2.154082 -0.019993 -0.037238
v 2.148349 -0.015000 -0.036447
v 2.148753 -0.019782 -0.034624
v 2.152298 0.025000 -0.027702
v 2.153883 0.015000 -0.039182
v 2.140818 0.015000 -0.026117
v 2.153500 0.023664 -0.033024
v 2.146976 0.023664 -0.026500
v 2.148343 0.022366 -0.031657
v 2.148349 0.015000 -0.036447
v 2.154082 0.019993 -0.037238
v 2.148753 0.019782 -0.034624
v 2.142761 0.019993 -0.025918
v 2.143553 0.015000 -0.031651
v 2.145376 0.019782 -0.031247
v 2.180000 -0.025000 -0.039176
v 2.170761 -0.015000 -0.046173
v 2.189239 -0.015000 -0.046173
v 2.176396 -0.023520 -0.042991
v 2.183604 -0.023520 -0.042991
v 2.180000 -0.022409 -0.045364
v 2.176626 -0.015000 -0.047480
v 2.173055 -0.019903 -0.045521
v 2.177792 -0.019752 -0.046792
v 2.186945 -0.019903 -0.045521
v 2.183374 -0.015000 -0.047480
v 2.182208 -0.019752 -0.046792
v 2.180000 0.025000 -0.039176
v 2.189239 0.015000 -0.046173
v 2.170761 0.015000 -0.046173
v 2.183604 0.023520 -0.042991
v 2.176396 0.023520 -0.042991
v 2.180000 0.022409 -0.045364
v 2.183374 0.015000 -0.047480
v 2.186945 0.019903 -0.045521
v 2.182208 0.019752 -0.046792
v 2.173055 0.019903 -0.045521
v 2.176626 0.015000 -0.047480
v 2.177792 0.019752 -0.046792
v 2.207702 -0.025000 -0.027702
v 2.206117 -0.015000 -0.039182
v 2.219182 -0.015000 -0.026117
v 2.206500 -0.023664 -0.033024
v 2.213024 -0.023664 -0.026500
v 2.211657 -0.022366 -0.031657
v 2.211651 -0.015000 -0.036447
v 2.205918 -0.019993 -0.037238
v 2.211247 -0.019782 -0.034624
v 2.217238 -0.019993 -0.025918
v 2.216447 -0.015000 -0.031651
v 2.214624 -0.019782 -0.031247
v 2.207702 0.025000 -0.027702
v 2.219182 0.015000 -0.026117
v 2.206117 0.015000 -0.039182
v 2.213024 0.023664 -0.026500
v 2.206500 0.023664 -0.033024
v 2.211657 0.022366 -0.031657
v 2.216447 0.015000 -0.031651
v 2.217238 0.019993 -0.025918
v 2.214624 0.019782 -0.031247
v 2.205918 0.019993 -0.037238
v 2.211651 0.015000 -0.036447
v 2.211247 0.019782 -0.034624
v 1.773827 -0.015000 0.009239
v 1.773827 -0.015000 -0.009239
v 1.780824 -0.025000 0.000000
v 1.772520 -0.015000 0.003374
v 1.774479 -0.019903 0.006945
v 1.773208 -0.019752 0.002208
v 1.774479 -0.019903 -0.006945
v 1.772520 -0.015000 -0.003374
v 1.773208 -0.019752 -0.002208
v 1.777009 -0.023520 0.003604
v 1.777009 -0.023520 -0.003604
v 1.774636 -0.022409 -0.000000
v 1.773827 0.015000 0.009239
v 1.780824 0.025000 0.000000
v 1.773827 0.015000 -0.009239
v 1.774479 0.019903 0.006945
v 1.772520 0.015000 0.003374
v 1.773208 0.019752 0.002208
v 1.777009 0.023520 -0.003604
v 1.777009 0.023520 0.003604
v 1.774636 0.022409 0.000000
v 1.772520 0.015000 -0.003374
v 1.774479 0.019903 -0.006945
v 1.773208 0.019752 -0.002208
v 1.793883 -0.015000 -0.039182
v 1.792298 -0.025000 -0.027702
v 1.780818 -0.015000 -0.026117
v 1.794082 -0.019993 -0.037238
v 1.788349 -0.015000 -0.036447
v 1.788753 -0.019782 -0.034624
v 1.786976 -0.023664 -0.026500
v 1.793500 -0.023664 -0.033024
v 1.788343 -0.022366 -0.031657
v 1.783553 -0.015000 -0.031651
v 1.782761 -0.019993 -0.025918
v 1.785376 -0.019782 -0.031247
v 1.793883 0.015000 -0.039182
v 1.780818 0.015000 -0.026117
v 1.792298 0.025000 -0.027702
v 1.788349 0.015000 -0.036447
v 1.794082 0.019993 -0.037238
v 1.788753 0.019782 -0.034624
v 1.782761 0.019993 -0.025918
v 1.783553 0.015000 -0.031651
v 1.785376 0.019782 -0.031247
v 1.793500 0.023664 -0.033024
v 1.786976 0.023664 -0.026500
v 1.788343 0.022366 -0.031657
v 1.820000 -0.025000 -0.039176
v 1.810761 -0.015000 -0.046173
v 1.829239 -0.015000 -0.046173
v 1.816396 -0.023520 -0.042991
v 1.823604 -0.023520 -0.042991
v 1.820000 -0.022409 -0.045364
v 1.816626 -0.015000 -0.047480
v 1.813055 -0.019903 -0.045521
v 1.817792 -0.019752 -0.046792
v 1.826945 -0.019903 -0.045521
v 1.823374 -0.015000 -0.047480
v 1.822208 -0.019752 -0.046792
v 1.829239 0.015000 -0.046173
v 1.810761 0.015000 -0.046173
v 1.820000 0.025000 -0.039176
v 1.823374 0.015000 -0.047480
v 1.826945 0.019903 -0.045521
v 1.822208 0.019752 -0.046792
v 1.813055 0.019903 -0.045521
v 1.816626 0.015000 -0.047480
v 1.817792 0.019752 -0.046792
v 1.823604 0.023520 -0.042991
v 1.816396 0.023520 -0.042991
v 1.820000 0.022409 -0.045364
v 1.847702 -0.025000 -0.027702
v 1.846117 -0.015000 -0.039182
v 1.859182 -0.015000 -0.026117
v 1.846500 -0.023664 -0.033024
v 1.853024 -0.023664 -0.026500
v 1.851657 -0.022366 -0.031657
v 1.851651 -0.015000 -0.036447
v 1.845918 -0.019993 -0.037238
v 1.851247 -0.019782 -0.034624
v 1.857239 -0.019993 -0.025918
v 1.856447 -0.015000 -0.031651
v 1.854624 -0.019782 -0.031247
v 1.847702 0.025000 -0.027702
v 1.859182 0.015000 -0.026117
v 1.846117 0.015000 -0.039182
v 1.853024 0.023664 -0.026500
v 1.846500 0.023664 -0.033024
v 1.851657 0.022366 -0.031657
v 1.856447 0.015000 -0.031651
v 1.857239 0.019993 -0.025918
v 1.854624 0.019782 -0.031247
v 1.845918 0.019993 -0.037238
v 1.851651 0.015000 -0.036447
v 1.851247 0.019782 -0.034624
v 1.859176 -0.025000 0.000000
v 1.866173 -0.015000 -0.009239
v 1.866173 -0.015000 0.009239
v 1.862991 -0.023520 -0.003604
v 1.862991 -0.023520 0.003604
v 1.865364 -0.022409 0.000000
v 1.867480 -0.015000 -0.003374
v 1.865521 -0.019903 -0.006945
v 1.866792 -0.019752 -0.002208
v 1.865521 -0.019903 0.006945
v 1.867480 -0.015000 0.003374
v 1.866792 -0.019752 0.002208
v 1.859176 0.025000 0.000000
v 1.866173 0.015000 0.009239
v 1.866173 0.015000 -0.009239
v 1.862991 0.023520 0.003604
v 1.862991 0.023520 -0.003604
v 1.865364 0.022409 -0.000000
v 1.867480 0.015000 0.003374
v 1.865521 0.019903 0.006945
v 1.866792 0.019752 0.002208
v 1.865521 0.019903 -0.006945
v 1.867480 0.015000 -0.003374
v 1.866792 0.019752 -0.002208
v 1.847702 -0.025000 0.027702
v 1.859182 -0.015000 0.026117
v 1.846117 -0.015000 0.039182
v 1.853024 -0.023664 0.026500
v 1.846500 -0.023664 0.033024
v 1.851657 -0.022366 0.031657
v 1.856447 -0.015000 0.031651
v 1.857239 -0.019993 0.025918
v 1.854624 -0.019782 0.031247
v 1.845918 -0.019993 0.037238
v 1.851651 -0.015000 0.036447
v 1.851247 -0.019782 0.034624
v 1.847702 0.025000 0.027702
v 1.846117 0.015000 0.039182
v 1.859182 0.015000 0.026117
v 1.846500 0.023664 0.033024
v 1.853024 0.023664 0.026500
v 1.851657 0.022366 0.031657
v 1.851651 0.015000 0.036447
v 1.845918 0.019993 0.037238
v 1.851247 0.019782 0.034624
v 1.857239 0.019993 0.025918
v 1.856447 0.015000 0.031651
v 1.854624 0.019782 0.031247
v 1.820000 -0.025000 0.039176
v 1.829239 -0.015000 0.046173
v 1.810761 -0.015000 0.046173
v 1.823604 -0.023520 0.042991
v 1.816396 -0.023520 0.042991
v 1.820000 -0.022409 0.045364
v 1.823374 -0.015000 0.047480
v 1.826945 -0.019903 0.045521
v 1.822208 -0.019752 0.046792
v 1.813055 -0.019903 0.045521
v 1.816626 -0.015000 0.047480
v 1.817792 -0.019752 0.046792
v 1.820000 0.025000 0.039176
v 1.810761 0.015000 0.046173
v 1.829239 0.015000 0.046173
v 1.816396 0.023520 0.042991
v 1.823604 0.023520 0.042991
v 1.820000 0.022409 0.045364
v 1.816626 0.015000 0.047480
v 1.813055 0.019903 0.045521
v 1.817792 0.019752 0.046792
v 1.826945 0.019903 0.045521
v 1.823374 0.015000 0.047480
v 1.822208 0.019752 0.046792
v 1.792298 -0.025000 0.027702
v 1.793883 -0.015000 0.039182
v 1.780818 -0.015000 0.026117
v 1.793500 -0.023664 0.033024
v 1.786976 -0.023664 0.026500
v 1.788343 -0.022366 0.031657
v 1.788349 -0.015000 0.036447
v 1.794082 -0.019993 0.037238
v 1.788753 -0.019782 0.034624
v 1.782761 -0.019993 0.025918
v 1.783553 -0.015000 0.031651
v 1.785376 -0.019782 0.031247
v 1.792298 0.025000 0.027702
v 1.780818 0.015000 0.026117
v 1.793883 0.015000 0.039182
v 1.786976 0.023664 0.026500
v 1.793500 0.023664 0.033024
v 1.788343 0.022366 0.031657
v 1.783553 0.015000 0.031651
v 1.782761 0.019993 0.025918
v 1.785376 0.019782 0.031247
v 1.794082 0.019993 0.037238
v 1.788349 0.015000 0.036447
v 1.788753 0.019782 0.034624
v 1.990761 0.046173 0.165000
v 2.009239 0.046173 0.165000
v 2.000000 0.039176 0.155000
v 1.996626 0.047480 0.165000
v 1.993055 0.045521 0.160097
v 1.997792 0.046792 0.160248
v 2.006945 0.045521 0.160097
v 2.003374 0.047480 0.165000
v 2.002208 0.046792 0.160248
v 1.996396 0.042991 0.156480
v 2.003604 0.042991 0.156480
v 2.000000 0.045364 0.157591
v 1.990761 0.046173 0.195000
v 2.000000 0.039176 0.205000
v 2.009239 0.046173 0.195000
v 1.993055 0.045521 0.199903
v 1.996626 0.047480 0.195000
v 1.997792 0.046792 0.199752
v 2.003604 0.042991 0.203520
v 1.996396 0.042991 0.203520
v 2.000000 0.045364 0.202409
v 2.003374 0.047480 0.195000
v 2.006945 0.045521 0.199903
v 2.002208 0.046792 0.199752
v 2.039182 0.026117 0.165000
v 2.027702 0.027702 0.155000
v 2.026117 0.039182 0.165000
v 2.037099 0.027277 0.160097
v 2.035959 0.031188 0.165000
v 2.034648 0.031525 0.160248
v 2.027851 0.032947 0.156480
v 2.032947 0.027851 0.156480
v 2.032077 0.032077 0.157591
v 2.031188 0.035960 0.165000
v 2.027277 0.037099 0.160097
v 2.031525 0.034648 0.160248
v 2.027702 0.027702 0.205000
v 2.039182 0.026117 0.195000
v 2.026117 0.039182 0.195000
v 2.032947 0.027851 0.203520
v 2.027851 0.032947 0.203520
v 2.032077 0.032077 0.202409
v 2.035959 0.031188 0.195000
v 2.037099 0.027277 0.199903
v 2.034648 0.031525 0.199752
v 2.027277 0.037099 0.199903
v 2.031188 0.035960 0.195000
v 2.031525 0.034648 0.199752
v 2.046173 0.009239 0.165000
v 2.046173 -0.009239 0.165000
v 2.039176 -0.000000 0.155000
v 2.047480 0.003374 0.165000
v 2.045521 0.006945 0.160097
v 2.046792 0.002208 0.160248
v 2.045521 -0.006945 0.160097
v 2.047480 -0.003374 0.165000
v 2.046792 -0.002208 0.160248
v 2.042991 0.003604 0.156480
v 2.042991 -0.003604 0.156480
v 2.045364 -0.000000 0.157591
v 2.046173 -0.009239 0.195000
v 2.046173 0.009239 0.195000
v 2.039176 0.000000 0.205000
v 2.047480 -0.003374 0.195000
v 2.045521 -0.006945 0.199903
v 2.046792 -0.002208 0.199752
v 2.045521 0.006945 0.199903
v 2.047480 0.003374 0.195000
v 2.046792 0.002208 0.199752
v 2.042991 -0.003604 0.203520
v 2.042991 0.003604 0.203520
v 2.045364 0.000000 0.202409
v 2.027702 -0.027702 0.155000
v 2.039182 -0.026117 0.165000
v 2.026117 -0.039182 0.165000
v 2.032947 -0.027851 0.156480
v 2.027851 -0.032947 0.156480
v 2.032077 -0.032077 0.157591
v 2.035959 -0.031188 0.165000
v 2.037099 -0.027277 0.160097
v 2.034648 -0.031525 0.160248
v 2.027277 -0.037099 0.160097
v 2.031188 -0.035960 0.165000
v 2.031525 -0.034648 0.160248
v 2.027702 -0.027702 0.205000
v 2.026117 -0.039182 0.195000
v 2.039182 -0.026117 0.195000
v 2.027851 -0.032947 0.203520
v 2.032947 -0.027851 0.203520
v 2.032077 -0.032077 0.202409
v 2.031188 -0.035960 0.195000
v 2.027277 -0.037099 0.199903
v 2.031525 -0.034648 0.199752
v 2.037099 -0.027277 0.199903
v 2.035959 -0.031188 0.195000
v 2.034648 -0.031525 0.199752
v 2.000000 -0.039176 0.155000
v 2.009239 -0.046173 0.165000
v 1.990761 -0.046173 0.165000
v 2.003604 -0.042991 0.156480
v 1.996396 -0.042991 0.156480
v 2.000000 -0.045364 0.157591
v 2.003374 -0.047480 0.165000
v 2.006945 -0.045521 0.160097
v 2.002208 -0.046792 0.160248
v 1.993055 -0.045521 0.160097
v 1.996626 -0.047480 0.165000
v 1.997792 -0.046792 0.160248
v 2.000000 -0.039176 0.205000
v 1.990761 -0.046173 0.195000
v 2.009239 -0.046173 0.195000
v 1.996396 -0.042991 0.203520
v 2.003604 -0.042991 0.203520
v 2.000000 -0.045364 0.202409
v 1.996626 -0.047480 0.195000
v 1.993055 -0.045521 0.199903
v 1.997792 -0.046792 0.199752
v 2.006945 -0.045521 0.199903
v 2.003374 -0.047480 0.195000
v 2.002208 -0.046792 0.199752
v 1.972298 -0.027702 0.155000
v 1.973884 -0.039182 0.165000
v 1.960818 -0.026117 0.165000
v 1.972149 -0.032947 0.156480
v 1.967053 -0.027851 0.156480
v 1.967923 -0.032077 0.157591
v 1.968812 -0.035960 0.165000
v 1.972723 -0.037099 0.160097
v 1.968475 -0.034648 0.160248
v 1.962901 -0.027277 0.160097
v 1.964040 -0.031188 0.165000
v 1.965352 -0.031525 0.160248
v 1.972298 -0.027702 0.205000
v 1.960818 -0.026117 0.195000
v 1.973884 -0.039182 0.195000
v 1.966976 -0.026500 0.203664
v 1.973500 -0.033024 0.203664
v 1.968343 -0.031657 0.202366
v 1.963553 -0.031651 0.195000
v 1.962762 -0.025918 0.199993
v 1.965376 -0.031247 0.199782
v 1.974082 -0.037238 0.199993
v 1.968349 -0.036447 0.195000
v 1.968753 -0.034624 0.199782
v 1.960824 0.000000 0.155000
v 1.953827 -0.009239 0.165000
v 1.953827 0.009239 0.165000
v 1.957009 -0.003604 0.156480
v 1.957009 0.003604 0.156480
v 1.954636 0.000000 0.157591
v 1.952520 -0.003374 0.165000
v 1.954479 -0.006945 0.160097
v 1.953208 -0.002208 0.160248
v 1.954479 0.006945 0.160097
v 1.952520 0.003374 0.165000
v 1.953208 0.002208 0.160248
v 1.960824 -0.000000 0.205000
v 1.953827 0.009239 0.195000
v 1.953827 -0.009239 0.195000
v 1.957009 0.003604 0.203520
v 1.957009 -0.003604 0.203520
v 1.954636 -0.000000 0.202409
v 1.952520 0.003374 0.195000
v 1.954479 0.006945 0.199903
v 1.953208 0.002208 0.199752
v 1.954479 -0.006945 0.199903
v 1.952520 -0.003374 0.195000
v 1.953208 -0.002208 0.199752
v 1.972298 0.027702 0.155000
v 1.960818 0.026117 0.165000
v 1.973884 0.039182 0.165000
v 1.967053 0.027851 0.156480
v 1.972149 0.032947 0.156480
v 1.967923 0.032077 0.157591
v 1.964040 0.031188 0.165000
v 1.962901 0.027277 0.160097
v 1.965352 0.031525 0.160248
v 1.972723 0.037099 0.160097
v 1.968812 0.035960 0.165000
v 1.968475 0.034648 0.160248
v 1.972298 0.027702 0.205000
v 1.973884 0.039182 0.195000
v 1.960818 0.026117 0.195000
v 1.973500 0.033024 0.203664
v 1.966976 0.026500 0.203664
v 1.968343 0.031657 0.202366
v 1.968349 0.036447 0.195000
v 1.974082 0.037238 0.199993
v 1.968753 0.034624 0.199782
v 1.962762 0.025918 0.199993
v 1.963553 0.031651 0.195000
v 1.965376 0.031247 0.199782
v 1.990761 -0.046173 -0.165000
v 2.009239 -0.046173 -0.165000
v 2.000000 -0.039176 -0.155000
v 1.996626 -0.047480 -0.165000
v 1.993055 -0.045521 -0.160097
v 1.997792 -0.046792 -0.160248
v 2.006945 -0.045521 -0.160097
v 2.003374 -0.047480 -0.165000
v 2.002208 -0.046792 -0.160248
v 1.996396 -0.042991 -0.156480
v 2.003604 -0.042991 -0.156480
v 2.000000 -0.045364 -0.157591
v 1.990761 -0.046173 -0.195000
v 2.000000 -0.039176 -0.205000
v 2.009239 -0.046173 -0.195000
v 1.993055 -0.045521 -0.199903
v 1.996626 -0.047480 -0.195000
v 1.997792 -0.046792 -0.199752
v 2.003604 -0.042991 -0.203520
v 1.996396 -0.042991 -0.203520
v 2.000000 -0.045364 -0.202409
v 2.003374 -0.047480 -0.195000
v 2.006945 -0.045521 -0.199903
v 2.002208 -0.046792 -0.199752
v 2.039182 -0.026117 -0.165000
v 2.027702 -0.027702 -0.155000
v 2.026117 -0.039182 -0.165000
v 2.037099 -0.027277 -0.160097
v 2.035959 -0.031188 -0.165000
v 2.034648 -0.031525 -0.160248
v 2.027851 -0.032947 -0.156480
v 2.032947 -0.027851 -0.156480
v 2.032077 -0.032077 -0.157591
v 2.031188 -0.035960 -0.165000
v 2.027277 -0.037099 -0.160097
v 2.031525 -0.034648 -0.160248
v 2.039182 -0.026117 -0.195000
v 2.026117 -0.039182 -0.195000
v 2.027702 -0.027702 -0.205000
v 2.035959 -0.031188 -0.195000
v 2.037099 -0.027277 -0.199903
v 2.034648 -0.031525 -0.199752
v 2.027277 -0.037099 -0.199903
v 2.031188 -0.035960 -0.195000
v 2.031525 -0.034648 -0.199752
v 2.032947 -0.027851 -0.203520
v 2.027851 -0.032947 -0.203520
v 2.032077 -0.032077 -0.202409
v 2.046173 -0.009239 -0.165000
v 2.046173 0.009239 -0.165000
v 2.039176 0.000000 -0.155000
v 2.047480 -0.003374 -0.165000
v 2.045521 -0.006945 -0.160097
v 2.046792 -0.002208 -0.160248
v 2.045521 0.006945 -0.160097
v 2.047480 0.003374 -0.165000
v 2.046792 0.002208 -0.160248
v 2.042991 -0.003604 -0.156480
v 2.042991 0.003604 -0.156480
v 2.045364 0.000000 -0.157591
v 2.046173 0.009239 -0.195000
v 2.046173 -0.009239 -0.195000
v 2.039176 -0.000000 -0.205000
v 2.047480 0.003374 -0.195000
v 2.045521 0.006945 -0.199903
v 2.046792 0.002208 -0.199752
v 2.045521 -0.006945 -0.199903
v 2.047480 -0.003374 -0.195000
v 2.046792 -0.002208 -0.199752
v 2.042991 0.003604 -0.203520
v 2.042991 -0.003604 -0.203520
v 2.045364 -0.000000 -0.202409
v 2.027702 0.027702 -0.155000
v 2.039182 0.026117 -0.165000
v 2.026117 0.039182 -0.165000
v 2.032947 0.027851 -0.156480
v 2.027851 0.032947 -0.156480
v 2.032077 0.032077 -0.157591
v 2.035959 0.031188 -0.165000
v 2.037099 0.027277 -0.160097
v 2.034648 0.031525 -0.160248
v 2.027277 0.037099 -0.160097
v 2.031188 0.035960 -0.165000
v 2.031525 0.034648 -0.160248
v 2.027702 0.027702 -0.205000
v 2.026117 0.039182 -0.195000
v 2.039182 0.026117 -0.195000
v 2.027851 0.032947 -0.203520
v 2.032947 0.027851 -0.203520
v 2.032077 0.032077 -0.202409
v 2.031188 0.035960 -0.195000
v 2.027277 0.037099 -0.199903
v 2.031525 0.034648 -0.199752
v 2.037099 0.027277 -0.199903
v 2.035959 0.031188 -0.195000
v 2.034648 0.031525 -0.199752
v 2.000000 0.039176 -0.155000
v 2.009239 0.046173 -0.165000
v 1.990761 0.046173 -0.165000
v 2.003604 0.042991 -0.156480
v 1.996396 0.042991 -0.156480
v 2.000000 0.045364 -0.157591
v 2.003374 0.047480 -0.165000
v 2.006945 0.045521 -0.160097
v 2.002208 0.046792 -0.160248
v 1.993055 0.045521 -0.160097
v 1.996626 0.047480 -0.165000
v 1.997792 0.046792 -0.160248
v 2.000000 0.039176 -0.205000
v 1.990761 0.046173 -0.195000
v 2.009239 0.046173 -0.195000
v 1.996396 0.042991 -0.203520
v 2.003604 0.042991 -0.203520
v 2.000000 0.045364 -0.202409
v 1.996626 0.047480 -0.195000
v 1.993055 0.045521 -0.199903
v 1.997792 0.046792 -0.199752
v 2.006945 0.045521 -0.199903
v 2.003374 0.047480 -0.195000
v 2.002208 0.046792 -0.199752
v 1.972298 0.027702 -0.155000
v 1.973884 0.039182 -0.165000
v 1.960818 0.026117 -0.165000
v 1.972149 0.032947 -0.156480
v 1.967053 0.027851 -0.156480
v 1.967923 0.032077 -0.157591
v 1.968812 0.035960 -0.165000
v 1.972723 0.037099 -0.160097
v 1.968475 0.034648 -0.160248
v 1.962901 0.027277 -0.160097
v 1.964040 0.031188 -0.165000
v 1.965352 0.031525 -0.160248
v 1.972298 0.027702 -0.205000
v 1.960818 0.026117 -0.195000
v 1.973884 0.039182 -0.195000
v 1.966976 0.026500 -0.203664
v 1.973500 0.033024 -0.203664
v 1.968343 0.031657 -0.202366
v 1.963553 0.031651 -0.195000
v 1.962762 0.025918 -0.199993
v 1.965376 0.031247 -0.199782
v 1.974082 0.037238 -0.199993
v 1.968349 0.036447 -0.195000
v 1.968753 0.034624 -0.199782
v 1.960824 -0.000000 -0.155000
v 1.953827 0.009239 -0.165000
v 1.953827 -0.009239 -0.165000
v 1.957009 0.003604 -0.156480
v 1.957009 -0.003604 -0.156480
v 1.954636 -0.000000 -0.157591
v 1.952520 0.003374 -0.165000
v 1.954479 0.006945 -0.160097
v 1.953208 0.002208 -0.160248
v 1.954479 -0.006945 -0.160097
v 1.952520 -0.003374 -0.165000
v 1.953208 -0.002208 -0.160248
v 1.960824 0.000000 -0.205000
v 1.953827 -0.009239 -0.195000
v 1.953827 0.009239 -0.195000
v 1.957009 -0.003604 -0.203520
v 1.957009 0.003604 -0.203520
v 1.954636 0.000000 -0.202409
v 1.952520 -0.003374 -0.195000
v 1.954479 -0.006945 -0.199903
v 1.953208 -0.002208 -0.199752
v 1.954479 0.006945 -0.199903
v 1.952520 0.003374 -0.195000
v 1.953208 0.002208 -0.199752
v 1.972298 -0.027702 -0.155000
v 1.960818 -0.026117 -0.165000
v 1.973884 -0.039182 -0.165000
v 1.967053 -0.027851 -0.156480
v 1.972149 -0.032947 -0.156480
v 1.967923 -0.032077 -0.157591
v 1.964040 -0.031188 -0.165000
v 1.962901 -0.027277 -0.160097
v 1.965352 -0.031525 -0.160248
v 1.972723 -0.037099 -0.160097
v 1.968812 -0.035960 -0.165000
v 1.968475 -0.034648 -0.160248
v 1.972298 -0.027702 -0.205000
v 1.973884 -0.039182 -0.195000
v 1.960818 -0.026117 -0.195000
v 1.973500 -0.033024 -0.203664
v 1.966976 -0.026500 -0.203664
v 1.968343 -0.031657 -0.202366
v 1.968349 -0.036447 -0.195000
v 1.974082 -0.037238 -0.199993
v 1.968753 -0.034624 -0.199782
v 1.962762 -0.025918 -0.199993
v 1.963553 -0.031651 -0.195000
v 1.965376 -0.031247 -0.199782
vn -0.1296 -0.1296 -0.9831
vn -0.1296 -0.9831 -0.1296
vn -0.9831 -0.1296 -0.1296
vn -0.1216 -0.4915 -0.8623
vn -0.4915 -0.1216 -0.8623
vn -0.4473 -0.4473 -0.7744
vn -0.4915 -0.8623 -0.1216
vn -0.1216 -0.8623 -0.4915
vn -0.4473 -0.7744 -0.4473
vn -0.8623 -0.1216 -0.4915
vn -0.8623 -0.4915 -0.1216
vn -0.7744 -0.4473 -0.4473
vn -0.1296 -0.9831 0.1296
vn -0.1296 -0.1296 0.9831
vn -0.9831 -0.1296 0.1296
vn -0.1216 -0.8623 0.4915
vn -0.4915 -0.8623 0.1216
vn -0.4473 -0.7744 0.4473
vn -0.4915 -0.1216 0.8623
vn -0.1216 -0.4915 0.8623
vn -0.4473 -0.4473 0.7744
vn -0.8623 -0.4915 0.1216
vn -0.8623 -0.1216 0.4915
vn -0.7744 -0.4473 0.4473
vn -0.1296 0.1296 -0.9831
vn -0.9831 0.1296 -0.1296
vn -0.1296 0.9831 -0.1296
vn -0.4915 0.1216 -0.8623
vn -0.1216 0.4915 -0.8623
vn -0.4473 0.4473 -0.7744
vn -0.8623 0.4915 -0.1216
vn -0.8623 0.1216 -0.4915
vn -0.7744 0.4473 -0.4473
vn -0.1216 0.8623 -0.4915
vn -0.4915 0.8623 -0.1216
vn -0.4473 0.7744 -0.4473
vn -0.1296 0.1296 0.9831
vn -0.1296 0.9831 0.1296
vn -0.9831 0.1296 0.1296
vn -0.1216 0.4915 0.8623
vn -0.4915 0.1216 0.8623
vn -0.4473 0.4473 0.7744
vn -0.4915 0.8623 0.1216
vn -0.1216 0.8623 0.4915
vn -0.4473 0.7744 0.4473
vn -0.8623 0.1216 0.4915
vn -0.8623 0.4915 0.1216
vn -0.7744 0.4473 0.4473
vn 0.1296 -0.1296 -0.9831
vn 0.9831 -0.1296 -0.1296
vn 0.1296 -0.9831 -0.1296
vn 0.4915 -0.1216 -0.8623
vn 0.1216 -0.4915 -0.8623
vn 0.4473 -0.4473 -0.7744
vn 0.8623 -0.4915 -0.1216
vn 0.8623 -0.1216 -0.4915
vn 0.7744 -0.4473 -0.4473
vn 0.1216 -0.8623 -0.4915
vn 0.4915 -0.8623 -0.1216
vn 0.4473 -0.7744 -0.4473
vn 0.1296 -0.1296 0.9831
vn 0.1296 -0.9831 0.1296
vn 0.9831 -0.1296 0.1296
vn 0.1216 -0.4915 0.8623
vn 0.4915 -0.1216 0.8623
vn 0.4473 -0.4473 0.7744
vn 0.4915 -0.8623 0.1216
vn 0.1216 -0.8623 0.4915
vn 0.4473 -0.7744 0.4473
vn 0.8623 -0.1216 0.4915
vn 0.8623 -0.4915 0.1216
vn 0.7744 -0.4473 0.4473
vn 0.1296 0.1296 -0.9831
vn 0.1296 0.9831 -0.1296
vn 0.9831 0.1296 -0.1296
vn 0.1216 0.4915 -0.8623
vn 0.4915 0.1216 -0.8623
vn 0.4473 0.4473 -0.7744
vn 0.4915 0.8623 -0.1216
vn 0.1216 0.8623 -0.4915
vn 0.4473 0.7744 -0.4473
vn 0.8623 0.1216 -0.4915
vn 0.8623 0.4915 -0.1216
vn 0.7744 0.4473 -0.4473
vn 0.1296 0.1296 0.9831
vn 0.9831 0.1296 0.1296
vn 0.1296 0.9831 0.1296
vn 0.4915 0.1216 0.8623
vn 0.1216 0.4915 0.8623
vn 0.4473 0.4473 0.7744
vn 0.8623 0.4915 0.1216
vn 0.8623 0.1216 0.4915
vn 0.7744 0.4473 0.4473
vn 0.1216 0.8623 0.4915
vn 0.4915 0.8623 0.1216
vn 0.4473 0.7744 0.4473
vn 0.1965 -0.9805 -0.0000
vn 0.9393 -0.1414 -0.3127
vn 0.9393 -0.1414 0.3127
vn 0.5074 -0.8485 -0.1503
vn 0.5074 -0.8485 0.1503
vn 0.6831 -0.7304 -0.0000
vn 0.9884 -0.0922 -0.1207
vn 0.8287 -0.4845 -0.2802
vn 0.9113 -0.3911 -0.1285
vn 0.8287 -0.4845 0.2802
vn 0.9884 -0.0922 0.1207
vn 0.9113 -0.3911 0.1285
vn 0.1965 0.9805 -0.0000
vn 0.9393 0.1414 0.3127
vn 0.9393 0.1414 -0.3127
vn 0.5074 0.8485 0.1503
vn 0.5074 0.8485 -0.1503
vn 0.6831 0.7304 -0.0000
vn 0.9884 0.0922 0.1207
vn 0.8287 0.4845 0.2802
vn 0.9113 0.3911 0.1285
vn 0.8287 0.4845 -0.2802
vn 0.9884 0.0922 -0.1207
vn 0.9113 0.3911 -0.1285
vn 0.1549 -0.9757 0.1549
vn 0.8966 -0.1691 0.4092
vn 0.4092 -0.1691 0.8966
vn 0.4612 -0.8517 0.2489
vn 0.2489 -0.8517 0.4612
vn 0.4634 -0.7554 0.4634
vn 0.8042 -0.1678 0.5701
vn 0.7683 -0.5306 0.3580
vn 0.7090 -0.4928 0.5045
vn 0.3580 -0.5306 0.7683
vn 0.5701 -0.1678 0.8042
vn 0.5045 -0.4928 0.7089
vn 0.1549 0.9757 0.1549
vn 0.4092 0.1691 0.8966
vn 0.8966 0.1691 0.4092
vn 0.2489 0.8517 0.4612
vn 0.4612 0.8517 0.2489
vn 0.4634 0.7554 0.4634
vn 0.5701 0.1678 0.8042
vn 0.3580 0.5306 0.7683
vn 0.5045 0.4928 0.7089
vn 0.7683 0.5306 0.3580
vn 0.8042 0.1678 0.5701
vn 0.7089 0.4928 0.5045
vn -0.0000 -0.9805 0.1965
vn 0.3127 -0.1414 0.9393
vn -0.3127 -0.1414 0.9393
vn 0.1503 -0.8485 0.5074
vn -0.1503 -0.8485 0.5074
vn -0.0000 -0.7304 0.6831
vn 0.1207 -0.0922 0.9884
vn 0.2802 -0.4845 0.8287
vn 0.1285 -0.3911 0.9113
vn -0.2802 -0.4845 0.8287
vn -0.1207 -0.0922 0.9884
vn -0.1285 -0.3911 0.9113
vn -0.0000 0.9805 0.1965
vn -0.3127 0.1414 0.9393
vn 0.3127 0.1414 0.9393
vn -0.1503 0.8485 0.5074
vn 0.1503 0.8485 0.5074
vn -0.0000 0.7304 0.6831
vn -0.1207 0.0922 0.9884
vn -0.2802 0.4845 0.8287
vn -0.1285 0.3911 0.9113
vn 0.2802 0.4845 0.8287
vn 0.1207 0.0922 0.9884
vn 0.1285 0.3911 0.9113
vn -0.1549 -0.9757 0.1549
vn -0.4092 -0.1691 0.8966
vn -0.8966 -0.1691 0.4092
vn -0.2489 -0.8517 0.4612
vn -0.4612 -0.8517 0.2489
vn -0.4634 -0.7554 0.4634
vn -0.5701 -0.1678 0.8042
vn -0.3580 -0.5306 0.7683
vn -0.5045 -0.4928 0.7089
vn -0.7683 -0.5306 0.3580
vn -0.8042 -0.1678 0.5701
vn -0.7090 -0.4928 0.5045
vn -0.1549 0.9757 0.1549
vn -0.8966 0.1691 0.4092
vn -0.4092 0.1691 0.8966
vn -0.4612 0.8517 0.2489
vn -0.2489 0.8517 0.4612
vn -0.4634 0.7554 0.4634
vn -0.8042 0.1678 0.5701
vn -0.7683 0.5306 0.3580
vn -0.7090 0.4928 0.5045
vn -0.3580 0.5306 0.7683
vn -0.5701 0.1678 0.8042
vn -0.5045 0.4928 0.7089
vn -0.1965 -0.9805 -0.0000
vn -0.9393 -0.1414 0.3127
vn -0.9393 -0.1414 -0.3127
vn -0.5074 -0.8485 0.1503
vn -0.5074 -0.8485 -0.1503
vn -0.6831 -0.7304 -0.0000
vn -0.9884 -0.0922 0.1207
vn -0.8287 -0.4845 0.2802
vn -0.9113 -0.3911 0.1285
vn -0.8287 -0.4845 -0.2802
vn -0.9884 -0.0922 -0.1207
vn -0.9113 -0.3911 -0.1285
vn -0.1965 0.9805 -0.0000
vn -0.9393 0.1414 -0.3127
vn -0.9393 0.1414 0.3127
vn -0.5074 0.8485 -0.1503
vn -0.5074 0.8485 0.1503
vn -0.6831 0.7304 -0.0000
vn -0.9884 0.0922 -0.1207
vn -0.8287 0.4845 -0.2802
vn -0.9113 0.3911 -0.1285
vn -0.8287 0.4845 0.2802
vn -0.9884 0.0922 0.1207
vn -0.9113 0.3911 0.1285
vn -0.1549 -0.9757 -0.1549
vn -0.8966 -0.1691 -0.4092
vn -0.4092 -0.1691 -0.8966
vn -0.4612 -0.8517 -0.2489
vn -0.2489 -0.8517 -0.4612
vn -0.4634 -0.7554 -0.4634
vn -0.8042 -0.1678 -0.5701
vn -0.7683 -0.5306 -0.3580
vn -0.7090 -0.4928 -0.5045
vn -0.3580 -0.5306 -0.7683
vn -0.5701 -0.1678 -0.8042
vn -0.5045 -0.4928 -0.7089
vn -0.1549 0.9757 -0.1549
vn -0.4092 0.1691 -0.8966
vn -0.8966 0.1691 -0.4092
vn -0.2489 0.8517 -0.4612
vn -0.4612 0.8517 -0.2489
vn -0.4634 0.7554 -0.4634
vn -0.5701 0.1678 -0.8042
vn -0.3580 0.5306 -0.7683
vn -0.5045 0.4928 -0.7089
vn -0.7683 0.5306 -0.3580
vn -0.8042 0.1678 -0.5701
vn -0.7090 0.4928 -0.5045
vn -0.0000 -0.9805 -0.1965
vn -0.3127 -0.1414 -0.9393
vn 0.3127 -0.1414 -0.9393
vn -0.1503 -0.8485 -0.5074
vn 0.1503 -0.8485 -0.5074
vn -0.0000 -0.7304 -0.6831
vn -0.1207 -0.0922 -0.9884
vn -0.2802 -0.4845 -0.8287
vn -0.1285 -0.3911 -0.9113
vn 0.2802 -0.4845 -0.8287
vn 0.1207 -0.0922 -0.9884
vn 0.1285 -0.3911 -0.9113
vn -0.0000 0.9805 -0.1965
vn 0.3127 0.1414 -0.9393
vn -0.3127 0.1414 -0.9393
vn 0.1503 0.8485 -0.5074
vn -0.1503 0.8485 -0.5074
vn -0.0000 0.7304 -0.6831
vn 0.1207 0.0922 -0.9884
vn 0.2802 0.4845 -0.8287
vn 0.1285 0.3911 -0.9113
vn -0.2802 0.4845 -0.8287
vn -0.1207 0.0922 -0.9884
vn -0.1285 0.3911 -0.9113
vn 0.1549 -0.9757 -0.1549
vn 0.4092 -0.1691 -0.8966
vn 0.8966 -0.1691 -0.4092
vn 0.2489 -0.8517 -0.4612
vn 0.4612 -0.8517 -0.2489
vn 0.4634 -0.7554 -0.4634
vn 0.5701 -0.1678 -0.8042
vn 0.3580 -0.5306 -0.7683
vn 0.5045 -0.4928 -0.7089
vn 0.7683 -0.5306 -0.3580
vn 0.8042 -0.1678 -0.5701
vn 0.7089 -0.4928 -0.5045
vn 0.1549 0.9757 -0.1549
vn 0.8966 0.1691 -0.4092
vn 0.4092 0.1691 -0.8966
vn 0.4612 0.8517 -0.2489
vn 0.2489 0.8517 -0.4612
vn 0.4634 0.7554 -0.4634
vn 0.8042 0.1678 -0.5701
vn 0.7683 0.5306 -0.3580
vn 0.7090 0.4928 -0.5045
vn 0.3580 0.5306 -0.7683
vn 0.5701 0.1678 -0.8042
vn 0.5045 0.4928 -0.7089
vn -0.7089 0.4928 -0.5045
vn 0.7090 -0.4928 -0.5045
vn 0.7090 0.4928 0.5045
vn -0.7089 -0.4928 0.5045
vn -0.3107 0.9414 -0.1309
vn 0.3107 0.9414 -0.1309
vn -0.0000 0.1968 -0.9804
vn -0.1207 0.9884 -0.0922
vn -0.2767 0.8329 -0.4793
vn -0.1285 0.9113 -0.3911
vn 0.2767 0.8329 -0.4793
vn 0.1207 0.9884 -0.0922
vn 0.1285 0.9113 -0.3911
vn -0.1483 0.5072 -0.8490
vn 0.1483 0.5072 -0.8490
vn -0.0000 0.6831 -0.7304
vn -0.3127 0.9393 0.1414
vn 0.0001 0.1967 0.9805
vn 0.3107 0.9414 0.1309
vn -0.2802 0.8287 0.4845
vn -0.1207 0.9884 0.0922
vn -0.1285 0.9113 0.3911
vn 0.1483 0.5072 0.8490
vn -0.1503 0.5074 0.8485
vn -0.0000 0.6831 0.7304
vn 0.1207 0.9884 0.0922
vn 0.2767 0.8329 0.4793
vn 0.1285 0.9113 0.3911
vn 0.8854 0.4460 -0.1309
vn 0.1392 0.1392 -0.9804
vn 0.4460 0.8854 -0.1309
vn 0.7846 0.3933 -0.4793
vn 0.7843 0.6136 -0.0922
vn 0.7353 0.5535 -0.3911
vn 0.2538 0.4635 -0.8490
vn 0.4635 0.2538 -0.8490
vn 0.4830 0.4830 -0.7304
vn 0.6136 0.7843 -0.0922
vn 0.3933 0.7846 -0.4793
vn 0.5535 0.7353 -0.3911
vn 0.1392 0.1392 0.9804
vn 0.8854 0.4460 0.1309
vn 0.4460 0.8854 0.1309
vn 0.4635 0.2538 0.8490
vn 0.2538 0.4635 0.8490
vn 0.4830 0.4830 0.7304
vn 0.7843 0.6136 0.0922
vn 0.7846 0.3933 0.4793
vn 0.7353 0.5535 0.3911
vn 0.3933 0.7846 0.4793
vn 0.6136 0.7843 0.0922
vn 0.5535 0.7353 0.3911
vn 0.9414 0.3107 -0.1309
vn 0.9414 -0.3107 -0.1309
vn 0.1968 -0.0000 -0.9804
vn 0.9884 0.1207 -0.0922
vn 0.8329 0.2767 -0.4793
vn 0.9113 0.1285 -0.3911
vn 0.8329 -0.2767 -0.4793
vn 0.9884 -0.1207 -0.0922
vn 0.9113 -0.1285 -0.3911
vn 0.5072 0.1483 -0.8490
vn 0.5072 -0.1483 -0.8490
vn 0.6831 -0.0000 -0.7304
vn 0.9414 -0.3107 0.1309
vn 0.9414 0.3107 0.1309
vn 0.1968 -0.0000 0.9804
vn 0.9884 -0.1207 0.0922
vn 0.8329 -0.2767 0.4793
vn 0.9113 -0.1285 0.3911
vn 0.8329 0.2767 0.4793
vn 0.9884 0.1207 0.0922
vn 0.9113 0.1285 0.3911
vn 0.5072 -0.1483 0.8490
vn 0.5072 0.1483 0.8490
vn 0.6831 -0.0000 0.7304
vn 0.1392 -0.1392 -0.9804
vn 0.8854 -0.4460 -0.1309
vn 0.4460 -0.8854 -0.1309
vn 0.4635 -0.2538 -0.8490
vn 0.2538 -0.4635 -0.8490
vn 0.4830 -0.4830 -0.7304
vn 0.7843 -0.6136 -0.0922
vn 0.7846 -0.3933 -0.4793
vn 0.7353 -0.5535 -0.3911
vn 0.3933 -0.7846 -0.4793
vn 0.6136 -0.7843 -0.0922
vn 0.5535 -0.7353 -0.3911
vn 0.1392 -0.1392 0.9804
vn 0.4460 -0.8854 0.1309
vn 0.8854 -0.4460 0.1309
vn 0.2538 -0.4635 0.8490
vn 0.4635 -0.2538 0.8490
vn 0.4830 -0.4830 0.7304
vn 0.6136 -0.7843 0.0922
vn 0.3933 -0.7846 0.4793
vn 0.5535 -0.7353 0.3911
vn 0.7846 -0.3933 0.4793
vn 0.7843 -0.6136 0.0922
vn 0.7353 -0.5535 0.3911
vn -0.0000 -0.1968 -0.9804
vn 0.3107 -0.9414 -0.1309
vn -0.3107 -0.9414 -0.1309
vn 0.1483 -0.5072 -0.8490
vn -0.1483 -0.5072 -0.8490
vn -0.0000 -0.6831 -0.7304
vn 0.1207 -0.9884 -0.0922
vn 0.2767 -0.8329 -0.4793
vn 0.1285 -0.9113 -0.3911
vn -0.2767 -0.8329 -0.4793
vn -0.1207 -0.9884 -0.0922
vn -0.1285 -0.9113 -0.3911
vn 0.0001 -0.1967 0.9805
vn -0.3127 -0.9393 0.1414
vn 0.3107 -0.9414 0.1309
vn -0.1503 -0.5074 0.8485
vn 0.1483 -0.5072 0.8490
vn -0.0000 -0.6831 0.7304
vn -0.1207 -0.9884 0.0922
vn -0.2802 -0.8287 0.4845
vn -0.1285 -0.9113 0.3911
vn 0.2767 -0.8329 0.4793
vn 0.1207 -0.9884 0.0922
vn 0.1285 -0.9113 0.3911
vn -0.1392 -0.1392 -0.9804
vn -0.4335 -0.8912 -0.1335
vn -0.8912 -0.4335 -0.1335
vn -0.2538 -0.4635 -0.8490
vn -0.4635 -0.2538 -0.8490
vn -0.4830 -0.4830 -0.7304
vn -0.6021 -0.7920 -0.1007
vn -0.3933 -0.7846 -0.4793
vn -0.5535 -0.7353 -0.3911
vn -0.7846 -0.3933 -0.4793
vn -0.7920 -0.6021 -0.1007
vn -0.7353 -0.5535 -0.3911
vn -0.1549 -0.1549 0.9757
vn -0.8914 -0.4216 0.1665
vn -0.4216 -0.8914 0.1665
vn -0.4612 -0.2489 0.8517
vn -0.2489 -0.4612 0.8517
vn -0.4634 -0.4634 0.7554
vn -0.7973 -0.5822 0.1592
vn -0.7683 -0.3580 0.5306
vn -0.7089 -0.5045 0.4928
vn -0.3580 -0.7683 0.5306
vn -0.5822 -0.7973 0.1592
vn -0.5045 -0.7089 0.4928
vn -0.1968 -0.0000 -0.9804
vn -0.9414 -0.3107 -0.1309
vn -0.9414 0.3107 -0.1309
vn -0.5072 -0.1483 -0.8490
vn -0.5072 0.1483 -0.8490
vn -0.6831 -0.0000 -0.7304
vn -0.9884 -0.1207 -0.0922
vn -0.8329 -0.2767 -0.4793
vn -0.9113 -0.1285 -0.3911
vn -0.8329 0.2767 -0.4793
vn -0.9884 0.1207 -0.0922
vn -0.9113 0.1285 -0.3911
vn -0.1965 -0.0000 0.9805
vn -0.9393 0.3127 0.1414
vn -0.9393 -0.3127 0.1414
vn -0.5074 0.1503 0.8485
vn -0.5074 -0.1503 0.8485
vn -0.6831 -0.0000 0.7304
vn -0.9884 0.1207 0.0922
vn -0.8287 0.2802 0.4845
vn -0.9113 0.1285 0.3911
vn -0.8287 -0.2802 0.4845
vn -0.9884 -0.1207 0.0922
vn -0.9113 -0.1285 0.3911
vn -0.1392 0.1392 -0.9804
vn -0.8912 0.4335 -0.1335
vn -0.4335 0.8912 -0.1335
vn -0.4635 0.2538 -0.8490
vn -0.2538 0.4635 -0.8490
vn -0.4830 0.4830 -0.7304
vn -0.7920 0.6021 -0.1007
vn -0.7846 0.3933 -0.4793
vn -0.7353 0.5535 -0.3911
vn -0.3933 0.7846 -0.4793
vn -0.6021 0.7920 -0.1007
vn -0.5535 0.7353 -0.3911
vn -0.1549 0.1549 0.9757
vn -0.4216 0.8914 0.1665
vn -0.8914 0.4216 0.1665
vn -0.2489 0.4612 0.8517
vn -0.4612 0.2489 0.8517
vn -0.4634 0.4634 0.7554
vn -0.5822 0.7973 0.1592
vn -0.3580 0.7683 0.5306
vn -0.5045 0.7089 0.4928
vn -0.7683 0.3580 0.5306
vn -0.7973 0.5822 0.1592
vn -0.7089 0.5045 0.4928
vn -0.3107 -0.9414 0.1309
vn -0.0000 -0.1968 0.9804
vn -0.2767 -0.8329 0.4793
vn -0.1483 -0.5072 0.8490
vn -0.3127 -0.9393 -0.1414
vn 0.0001 -0.1967 -0.9805
vn -0.2802 -0.8287 -0.4845
vn -0.1503 -0.5074 -0.8485
vn -0.0000 0.1968 0.9804
vn -0.3107 0.9414 0.1309
vn -0.1483 0.5072 0.8490
vn -0.2767 0.8329 0.4793
vn 0.0001 0.1967 -0.9805
vn -0.3127 0.9393 -0.1414
vn -0.1503 0.5074 -0.8485
vn -0.2802 0.8287 -0.4845
vn -0.1392 0.1392 0.9804
vn -0.4335 0.8912 0.1335
vn -0.8912 0.4335 0.1335
vn -0.2538 0.4635 0.8490
vn -0.4635 0.2538 0.8490
vn -0.4830 0.4830 0.7304
vn -0.6021 0.7920 0.1007
vn -0.3933 0.7846 0.4793
vn -0.5535 0.7353 0.3911
vn -0.7846 0.3933 0.4793
vn -0.7920 0.6021 0.1007
vn -0.7353 0.5535 0.3911
vn -0.1549 0.1549 -0.9757
vn -0.8914 0.4216 -0.1665
vn -0.4216 0.8914 -0.1665
vn -0.4612 0.2489 -0.8517
vn -0.2489 0.4612 -0.8517
vn -0.4634 0.4634 -0.7554
vn -0.7973 0.5822 -0.1592
vn -0.7683 0.3580 -0.5306
vn -0.7089 0.5045 -0.4928
vn -0.3580 0.7683 -0.5306
vn -0.5822 0.7973 -0.1592
vn -0.5045 0.7089 -0.4928
vn -0.1968 -0.0000 0.9804
vn -0.9414 0.3107 0.1309
vn -0.9414 -0.3107 0.1309
vn -0.5072 0.1483 0.8490
vn -0.5072 -0.1483 0.8490
vn -0.8329 0.2767 0.4793
vn -0.8329 -0.2767 0.4793
vn -0.1965 -0.0000 -0.9805
vn -0.9393 -0.3127 -0.1414
vn -0.9393 0.3127 -0.1414
vn -0.5074 -0.1503 -0.8485
vn -0.5074 0.1503 -0.8485
vn -0.8287 -0.2802 -0.4845
vn -0.8287 0.2802 -0.4845
vn -0.1392 -0.1392 0.9804
vn -0.8912 -0.4335 0.1335
vn -0.4335 -0.8912 0.1335
vn -0.4635 -0.2538 0.8490
vn -0.2538 -0.4635 0.8490
vn -0.4830 -0.4830 0.7304
vn -0.7920 -0.6021 0.1007
vn -0.7846 -0.3933 0.4793
vn -0.7353 -0.5535 0.3911
vn -0.3933 -0.7846 0.4793
vn -0.6021 -0.7920 0.1007
vn -0.5535 -0.7353 0.3911
vn -0.1549 -0.1549 -0.9757
vn -0.4216 -0.8914 -0.1665
vn -0.8914 -0.4216 -0.1665
vn -0.2489 -0.4612 -0.8517
vn -0.4612 -0.2489 -0.8517
vn -0.4634 -0.4634 -0.7554
vn -0.5822 -0.7973 -0.1592
vn -0.3580 -0.7683 -0.5306
vn -0.5045 -0.7089 -0.4928
vn -0.7683 -0.3580 -0.5306
vn -0.7973 -0.5822 -0.1592
vn -0.7089 -0.5045 -0.4928
vt 0.413512 0.017011
vt 0.400567 0.017011
vt 0.400567 0.010820
vt 0.413512 0.010546
vt 0.392437 0.413512
vt 0.385955 0.413512
vt 0.385682 0.407322
vt 0.392437 0.407322
vt 0.379491 0.413512
vt 0.379491 0.407048
vt 0.379491 0.400567
vt 0.385682 0.400567
vt 0.615828 0.376949
vt 0.615828 0.389807
vt 0.602882 0.383098
vt 0.602882 0.376949
vt 0.413512 0.004065
vt 0.400567 0.004065
vt 0.017011 0.413512
vt 0.010546 0.413512
vt 0.010820 0.407322
vt 0.017011 0.407048
vt 0.004065 0.413512
vt 0.004065 0.407321
vt 0.413512 0.775993
vt 0.413512 0.782457
vt 0.400567 0.782184
vt 0.400567 0.775993
vt 0.413512 0.788938
vt 0.400567 0.788938
vt 0.615828 0.016923
vt 0.602882 0.016923
vt 0.602882 0.010774
vt 0.615828 0.004065
vt 0.017011 0.400567
vt 0.010820 0.400567
vt 0.581807 0.017011
vt 0.581807 0.010546
vt 0.587997 0.010820
vt 0.588271 0.017011
vt 0.581807 0.004065
vt 0.587998 0.004065
vt 0.784123 0.376949
vt 0.790587 0.376949
vt 0.790313 0.389807
vt 0.784123 0.389807
vt 0.797068 0.376949
vt 0.797068 0.389807
vt 0.379491 0.379491
vt 0.392437 0.379491
vt 0.392437 0.385682
vt 0.379491 0.392437
vt 0.594752 0.017011
vt 0.594752 0.010820
vt 0.581807 0.775993
vt 0.588271 0.775993
vt 0.587998 0.782184
vt 0.581807 0.782457
vt 0.594752 0.775993
vt 0.594752 0.782184
vt 0.017011 0.379491
vt 0.017011 0.392437
vt 0.004065 0.385682
vt 0.004065 0.379491
vt 0.797068 0.016923
vt 0.790587 0.016923
vt 0.790313 0.004065
vt 0.797068 0.004065
vt 0.784123 0.016923
vt 0.784123 0.004065
vt 0.581807 0.788938
vt 0.587998 0.788938
vt 0.413512 0.379491
vt 0.413512 0.392437
vt 0.407322 0.392437
vt 0.400567 0.379491
vt 0.784123 0.783679
vt 0.784123 0.777241
vt 0.790313 0.776969
vt 0.790313 0.783679
vt 0.784123 0.770821
vt 0.790587 0.770821
vt 0.797068 0.770821
vt 0.797068 0.776969
vt 0.379491 0.775993
vt 0.385955 0.775993
vt 0.385682 0.788938
vt 0.379491 0.788938
vt 0.392437 0.775993
vt 0.392437 0.788938
vt 0.413512 0.413512
vt 0.400567 0.413512
vt 0.400567 0.407321
vt 0.413512 0.400567
vt 0.004065 0.775993
vt 0.010546 0.775993
vt 0.010820 0.782184
vt 0.004065 0.782183
vt 0.017011 0.775993
vt 0.017011 0.788938
vt 0.797068 0.410795
vt 0.790587 0.410795
vt 0.790313 0.404646
vt 0.793659 0.404646
vt 0.784123 0.410795
vt 0.784123 0.404374
vt 0.784123 0.397937
vt 0.797068 0.397937
vt 0.010820 0.785529
vt 0.581807 0.379491
vt 0.588271 0.379491
vt 0.587998 0.385682
vt 0.581807 0.392437
vt 0.594752 0.379491
vt 0.594752 0.385682
vt 0.379491 0.017011
vt 0.379491 0.004065
vt 0.392437 0.010820
vt 0.392437 0.017011
vt 0.602882 0.770821
vt 0.609364 0.770821
vt 0.609637 0.776969
vt 0.602882 0.783679
vt 0.615828 0.770820
vt 0.615828 0.777241
vt 0.615828 0.783679
vt 0.609637 0.780292
vt 0.587998 0.389027
vt 0.581807 0.413512
vt 0.581807 0.400567
vt 0.587998 0.400567
vt 0.588271 0.413512
vt 0.615828 0.397937
vt 0.615828 0.404374
vt 0.609637 0.404646
vt 0.609637 0.397937
vt 0.615828 0.410795
vt 0.609364 0.410795
vt 0.602882 0.410795
vt 0.602882 0.404646
vt 0.017011 0.017011
vt 0.004065 0.017011
vt 0.010820 0.004065
vt 0.017011 0.004065
vt 0.594753 0.413512
vt 0.594753 0.400567
vt 0.743561 0.871018
vt 0.736118 0.881884
vt 0.732239 0.878005
vt 0.730615 0.868598
vt 0.923077 0.945937
vt 0.916479 0.948331
vt 0.916283 0.942835
vt 0.923077 0.940999
vt 0.910131 0.950445
vt 0.910131 0.943755
vt 0.910131 0.934057
vt 0.916283 0.935859
vt 0.910131 0.926686
vt 0.916479 0.929015
vt 0.923077 0.931653
vt 0.709539 0.832202
vt 0.716982 0.821336
vt 0.720861 0.825215
vt 0.722485 0.834622
vt 0.858348 0.931653
vt 0.864946 0.929015
vt 0.865142 0.935071
vt 0.858348 0.937195
vt 0.871294 0.926686
vt 0.871294 0.934058
vt 0.871294 0.943755
vt 0.865142 0.942164
vt 0.871294 0.950445
vt 0.864946 0.948331
vt 0.858348 0.945937
vt 0.743561 0.832202
vt 0.730615 0.836276
vt 0.730615 0.829430
vt 0.737288 0.820167
vt 0.923077 0.900557
vt 0.916595 0.903235
vt 0.916322 0.895857
vt 0.923077 0.893971
vt 0.910131 0.903933
vt 0.910131 0.896261
vt 0.910131 0.891478
vt 0.916322 0.891478
vt 0.892767 0.371161
vt 0.886302 0.370490
vt 0.886576 0.359200
vt 0.892767 0.359200
vt 0.879821 0.367918
vt 0.879821 0.357508
vt 0.682092 0.804754
vt 0.678018 0.791808
vt 0.684863 0.791808
vt 0.694127 0.798481
vt 0.944550 0.367918
vt 0.938068 0.370490
vt 0.937795 0.363405
vt 0.944550 0.361594
vt 0.931604 0.371161
vt 0.931604 0.359200
vt 0.871294 0.891478
vt 0.871294 0.896261
vt 0.865103 0.895857
vt 0.865103 0.890362
vt 0.871294 0.903933
vt 0.864829 0.903235
vt 0.858348 0.900557
vt 0.858348 0.889716
vt 0.937795 0.358129
vt 0.771008 0.804754
vt 0.760143 0.797312
vt 0.764022 0.793433
vt 0.773429 0.791808
vt 0.879821 0.397780
vt 0.886419 0.395246
vt 0.886615 0.401062
vt 0.879821 0.403056
vt 0.892767 0.393010
vt 0.892767 0.400089
vt 0.892767 0.409852
vt 0.886615 0.408144
vt 0.892767 0.416931
vt 0.886419 0.414694
vt 0.879821 0.412161
vt 0.643275 0.804754
vt 0.632410 0.797312
vt 0.636289 0.793433
vt 0.645696 0.791808
vt 0.944550 0.412161
vt 0.937951 0.414694
vt 0.937756 0.408879
vt 0.944550 0.406885
vt 0.931604 0.416931
vt 0.931604 0.409852
vt 0.931604 0.400089
vt 0.937756 0.401797
vt 0.931604 0.393010
vt 0.937951 0.395246
vt 0.944550 0.397780
vt 0.809825 0.804754
vt 0.805751 0.791808
vt 0.812596 0.791808
vt 0.821860 0.798481
vt 0.879821 0.442023
vt 0.886302 0.439451
vt 0.886576 0.446536
vt 0.879821 0.448347
vt 0.892767 0.438780
vt 0.892767 0.446148
vt 0.892767 0.450741
vt 0.886576 0.450741
vt 0.944152 0.804263
vt 0.937688 0.803565
vt 0.937961 0.791808
vt 0.944152 0.791808
vt 0.931206 0.800887
vt 0.931206 0.790046
vt 0.615828 0.832202
vt 0.602882 0.836276
vt 0.602882 0.829430
vt 0.609555 0.820167
vt 0.995935 0.800887
vt 0.989454 0.803565
vt 0.989180 0.796187
vt 0.995935 0.794301
vt 0.982989 0.804263
vt 0.982989 0.791808
vt 0.931604 0.450741
vt 0.931604 0.446148
vt 0.937795 0.446536
vt 0.937795 0.451812
vt 0.931604 0.438780
vt 0.938068 0.439451
vt 0.944550 0.442023
vt 0.944550 0.452433
vt 0.989180 0.790692
vt 0.837272 0.832202
vt 0.844715 0.821336
vt 0.848594 0.825215
vt 0.850218 0.834622
vt 0.931206 0.831983
vt 0.937804 0.829345
vt 0.938000 0.835401
vt 0.931206 0.837525
vt 0.944152 0.827016
vt 0.944152 0.834387
vt 0.944152 0.844085
vt 0.938000 0.842494
vt 0.944152 0.850775
vt 0.937804 0.848661
vt 0.931206 0.846267
vt 0.615828 0.871018
vt 0.608386 0.881884
vt 0.604506 0.878005
vt 0.602882 0.868598
vt 0.995935 0.846267
vt 0.989337 0.848661
vt 0.989141 0.843165
vt 0.995935 0.841329
vt 0.982989 0.850775
vt 0.982989 0.844085
vt 0.982989 0.834388
vt 0.989141 0.836189
vt 0.982989 0.827016
vt 0.989337 0.829345
vt 0.995935 0.831983
vt 0.837272 0.871018
vt 0.850218 0.866944
vt 0.850218 0.873789
vt 0.843546 0.883053
vt 0.931206 0.874489
vt 0.937688 0.872059
vt 0.937961 0.878755
vt 0.931206 0.880466
vt 0.944152 0.871425
vt 0.944152 0.878388
vt 0.944152 0.882729
vt 0.937961 0.882729
vt 0.892766 0.470831
vt 0.886302 0.470160
vt 0.886576 0.458870
vt 0.892766 0.458870
vt 0.879821 0.467588
vt 0.879821 0.457178
vt 0.643275 0.898466
vt 0.647349 0.911411
vt 0.640504 0.911411
vt 0.631241 0.904739
vt 0.944549 0.467588
vt 0.938068 0.470160
vt 0.937795 0.463075
vt 0.944549 0.461264
vt 0.931604 0.470831
vt 0.931604 0.458870
vt 0.982989 0.882729
vt 0.982989 0.878388
vt 0.989180 0.878755
vt 0.989180 0.883742
vt 0.982989 0.871425
vt 0.989454 0.872059
vt 0.995935 0.874489
vt 0.995935 0.884329
vt 0.937795 0.457799
vt 0.809825 0.898466
vt 0.820690 0.905908
vt 0.816811 0.909787
vt 0.807404 0.911411
vt 0.879821 0.497450
vt 0.886419 0.494916
vt 0.886615 0.500732
vt 0.879821 0.502726
vt 0.892766 0.492680
vt 0.892766 0.499759
vt 0.892766 0.509522
vt 0.886615 0.507814
vt 0.892766 0.516601
vt 0.886419 0.514364
vt 0.879821 0.511831
vt 0.682092 0.898466
vt 0.692958 0.905908
vt 0.689079 0.909787
vt 0.679672 0.911411
vt 0.944549 0.511831
vt 0.937951 0.514364
vt 0.937756 0.508549
vt 0.944549 0.506555
vt 0.931604 0.516601
vt 0.931604 0.509522
vt 0.931604 0.499759
vt 0.937756 0.501467
vt 0.931604 0.492680
vt 0.937951 0.494916
vt 0.944549 0.497450
vt 0.771008 0.898466
vt 0.775082 0.911411
vt 0.768237 0.911411
vt 0.758974 0.904739
vt 0.879821 0.541693
vt 0.886302 0.539121
vt 0.886576 0.546206
vt 0.879821 0.548017
vt 0.892766 0.538450
vt 0.892767 0.550411
vt 0.910131 0.982399
vt 0.910131 0.978058
vt 0.916322 0.978425
vt 0.916322 0.983412
vt 0.910131 0.971095
vt 0.916595 0.971729
vt 0.923077 0.974159
vt 0.923077 0.983999
vt 0.886576 0.551482
vt 0.709539 0.871018
vt 0.722485 0.866944
vt 0.722485 0.873789
vt 0.715813 0.883053
vt 0.858348 0.974159
vt 0.864829 0.971729
vt 0.865103 0.978425
vt 0.858348 0.980136
vt 0.871294 0.971095
vt 0.871294 0.978058
vt 0.871294 0.982399
vt 0.865103 0.982399
vt 0.931604 0.538450
vt 0.938068 0.539121
vt 0.937795 0.550411
vt 0.931604 0.550411
vt 0.944549 0.541693
vt 0.944549 0.552103
vt 0.944152 0.926686
vt 0.944152 0.934058
vt 0.938000 0.935859
vt 0.937804 0.929015
vt 0.944152 0.943755
vt 0.938000 0.942835
vt 0.944152 0.950445
vt 0.937804 0.948331
vt 0.931206 0.945937
vt 0.931206 0.940999
vt 0.110722 0.837462
vt 0.118165 0.826596
vt 0.123668 0.834396
vt 0.123668 0.839882
vt 0.931206 0.931653
vt 0.982989 0.926686
vt 0.989337 0.929015
vt 0.989141 0.935071
vt 0.982989 0.934058
vt 0.995935 0.931653
vt 0.995935 0.937195
vt 0.144743 0.876278
vt 0.137301 0.887144
vt 0.131798 0.879344
vt 0.131798 0.873857
vt 0.995935 0.945937
vt 0.989337 0.948331
vt 0.989141 0.942164
vt 0.982989 0.950445
vt 0.982989 0.943755
vt 0.892767 0.271491
vt 0.886302 0.270820
vt 0.886576 0.263735
vt 0.892767 0.264123
vt 0.879821 0.268248
vt 0.879821 0.261924
vt 0.110722 0.876278
vt 0.123668 0.872204
vt 0.121836 0.883473
vt 0.116995 0.888313
vt 0.931206 0.974159
vt 0.937688 0.971729
vt 0.937961 0.982399
vt 0.931206 0.983999
vt 0.944152 0.971095
vt 0.944152 0.982399
vt 0.892767 0.259530
vt 0.886576 0.259530
vt 0.931604 0.271491
vt 0.931604 0.264123
vt 0.937795 0.263735
vt 0.938068 0.270820
vt 0.931604 0.259530
vt 0.937795 0.259530
vt 0.982989 0.971095
vt 0.989454 0.971729
vt 0.989180 0.982399
vt 0.982989 0.982399
vt 0.995935 0.974159
vt 0.995935 0.983999
vt 0.172191 0.903725
vt 0.176265 0.916671
vt 0.169420 0.916671
vt 0.160156 0.909999
vt 0.944550 0.268248
vt 0.944550 0.261924
vt 0.083275 0.903726
vt 0.094140 0.911168
vt 0.090261 0.915047
vt 0.080854 0.916671
vt 0.879821 0.298110
vt 0.886419 0.295577
vt 0.886615 0.301392
vt 0.879821 0.303386
vt 0.892767 0.293340
vt 0.892767 0.300419
vt 0.892767 0.310182
vt 0.886615 0.308474
vt 0.892767 0.317261
vt 0.886419 0.315024
vt 0.879821 0.312491
vt 0.931604 0.317261
vt 0.931604 0.310182
vt 0.937756 0.308474
vt 0.937951 0.315025
vt 0.931604 0.300419
vt 0.937756 0.301392
vt 0.931604 0.293340
vt 0.937951 0.295577
vt 0.944550 0.298110
vt 0.944550 0.303386
vt 0.211007 0.903726
vt 0.221873 0.911168
vt 0.214073 0.916671
vt 0.208587 0.916671
vt 0.944550 0.312491
vt 0.044458 0.903725
vt 0.048532 0.916671
vt 0.041687 0.916671
vt 0.032423 0.909999
vt 0.879821 0.342353
vt 0.886302 0.339781
vt 0.886576 0.346866
vt 0.879821 0.348677
vt 0.892767 0.339110
vt 0.892767 0.351071
vt 0.580082 0.987658
vt 0.580082 0.983318
vt 0.586273 0.983685
vt 0.586273 0.988671
vt 0.580082 0.976355
vt 0.586547 0.976989
vt 0.593028 0.979419
vt 0.593028 0.989258
vt 0.886576 0.352142
vt 0.238455 0.876278
vt 0.251401 0.872204
vt 0.251401 0.879049
vt 0.244728 0.888313
vt 0.528299 0.979419
vt 0.534781 0.976989
vt 0.535054 0.983685
vt 0.528299 0.985396
vt 0.541245 0.976355
vt 0.541245 0.983318
vt 0.541245 0.987658
vt 0.535054 0.987658
vt 0.931604 0.339110
vt 0.938068 0.339781
vt 0.937795 0.351071
vt 0.931604 0.351071
vt 0.944550 0.342353
vt 0.944550 0.352763
vt 0.017011 0.876278
vt 0.009568 0.887144
vt 0.005689 0.883265
vt 0.004065 0.873858
vt 0.593028 0.951197
vt 0.586430 0.953591
vt 0.586234 0.948094
vt 0.593028 0.946259
vt 0.580082 0.955705
vt 0.580082 0.949015
vt 0.580082 0.939317
vt 0.586234 0.941119
vt 0.580082 0.931946
vt 0.586430 0.934275
vt 0.593028 0.936913
vt 0.238455 0.837461
vt 0.245897 0.826596
vt 0.249777 0.830475
vt 0.251401 0.839882
vt 0.528299 0.936913
vt 0.534897 0.934275
vt 0.535093 0.940331
vt 0.528299 0.942455
vt 0.541245 0.931946
vt 0.541245 0.939317
vt 0.541245 0.949015
vt 0.535093 0.947424
vt 0.541245 0.955705
vt 0.534897 0.953591
vt 0.528299 0.951197
vt 0.017011 0.837462
vt 0.004065 0.841536
vt 0.004065 0.834690
vt 0.010737 0.825427
vt 0.593028 0.905817
vt 0.586547 0.908495
vt 0.586273 0.901116
vt 0.593028 0.899231
vt 0.580082 0.909193
vt 0.580082 0.901521
vt 0.580082 0.896738
vt 0.586273 0.896738
vt 0.892766 0.570501
vt 0.886302 0.569830
vt 0.886576 0.558540
vt 0.892766 0.558540
vt 0.879821 0.567258
vt 0.879821 0.556848
vt 0.211007 0.810014
vt 0.206934 0.797068
vt 0.213779 0.797068
vt 0.223042 0.803741
vt 0.944549 0.567258
vt 0.938068 0.569830
vt 0.937795 0.562745
vt 0.944549 0.560934
vt 0.931604 0.570501
vt 0.931604 0.558540
vt 0.541245 0.896738
vt 0.541245 0.901521
vt 0.535054 0.901117
vt 0.535054 0.895622
vt 0.541245 0.909193
vt 0.534781 0.908495
vt 0.528299 0.905817
vt 0.528299 0.894976
vt 0.937795 0.557468
vt 0.044458 0.810014
vt 0.033593 0.802572
vt 0.037472 0.798693
vt 0.046879 0.797068
vt 0.879821 0.597120
vt 0.886419 0.594586
vt 0.886615 0.600402
vt 0.879821 0.602396
vt 0.892766 0.592350
vt 0.892766 0.599429
vt 0.892766 0.609192
vt 0.886615 0.607484
vt 0.892766 0.616271
vt 0.886419 0.614034
vt 0.879821 0.611501
vt 0.172191 0.810014
vt 0.161325 0.802572
vt 0.165204 0.798692
vt 0.174611 0.797068
vt 0.944549 0.611501
vt 0.937951 0.614034
vt 0.937756 0.608219
vt 0.944549 0.606225
vt 0.931604 0.616271
vt 0.931604 0.609192
vt 0.931604 0.599429
vt 0.937756 0.601136
vt 0.931604 0.592350
vt 0.937951 0.594586
vt 0.944549 0.597120
vt 0.083275 0.810014
vt 0.079201 0.797068
vt 0.086046 0.797068
vt 0.095309 0.803741
vt 0.879821 0.641362
vt 0.886302 0.638791
vt 0.886576 0.645876
vt 0.879821 0.647687
vt 0.892766 0.638120
vt 0.892766 0.650080
vt 0.944152 0.891478
vt 0.944152 0.896261
vt 0.937961 0.895857
vt 0.937961 0.890362
vt 0.944152 0.903933
vt 0.937688 0.903235
vt 0.931206 0.900557
vt 0.931206 0.889716
vt 0.886576 0.651152
vt 0.144743 0.837461
vt 0.131798 0.841535
vt 0.131798 0.834690
vt 0.138470 0.825427
vt 0.995935 0.900557
vt 0.989454 0.903235
vt 0.989180 0.895857
vt 0.995935 0.893971
vt 0.982989 0.903933
vt 0.982989 0.896261
vt 0.982989 0.891478
vt 0.989180 0.891478
vt 0.931604 0.638120
vt 0.938068 0.638791
vt 0.937794 0.650080
vt 0.931604 0.650080
vt 0.944549 0.641363
vt 0.944549 0.651773
vt 0.910131 0.849539
vt 0.910131 0.842460
vt 0.916283 0.841487
vt 0.916479 0.847302
vt 0.910131 0.832697
vt 0.916283 0.834405
vt 0.910131 0.825618
vt 0.916479 0.827855
vt 0.923077 0.830388
vt 0.923077 0.839493
vt 0.413512 0.876278
vt 0.406070 0.887143
vt 0.402191 0.883264
vt 0.400567 0.873857
vt 0.923077 0.844769
vt 0.871294 0.849539
vt 0.858348 0.847302
vt 0.858348 0.841487
vt 0.871294 0.842460
vt 0.259530 0.871115
vt 0.266128 0.873857
vt 0.265075 0.879343
vt 0.259530 0.877410
vt 0.272476 0.876278
vt 0.269699 0.882478
vt 0.266973 0.889083
vt 0.262522 0.884631
vt 0.871294 0.825618
vt 0.871294 0.832697
vt 0.858348 0.833670
vt 0.858348 0.827855
vt 0.857206 0.438780
vt 0.863403 0.441017
vt 0.862929 0.446832
vt 0.856630 0.450741
vt 0.869834 0.443550
vt 0.869591 0.448619
vt 0.413512 0.837461
vt 0.400567 0.839882
vt 0.402191 0.830475
vt 0.406070 0.826596
vt 0.923077 0.798999
vt 0.916478 0.801532
vt 0.916283 0.795717
vt 0.923077 0.790308
vt 0.910131 0.803769
vt 0.910131 0.796690
vt 0.910131 0.791808
vt 0.916283 0.790837
vt 0.862694 0.451712
vt 0.299924 0.903725
vt 0.302344 0.910073
vt 0.296858 0.911126
vt 0.293724 0.906502
vt 0.305086 0.916671
vt 0.298791 0.916671
vt 0.818632 0.438780
vt 0.818056 0.450741
vt 0.805386 0.446832
vt 0.805666 0.441016
vt 0.871294 0.791808
vt 0.871294 0.796690
vt 0.858348 0.795717
vt 0.858348 0.789045
vt 0.871294 0.803769
vt 0.858348 0.801532
vt 0.287119 0.909229
vt 0.291570 0.913680
vt 0.858257 0.416931
vt 0.858598 0.409852
vt 0.864814 0.408144
vt 0.864670 0.414694
vt 0.858598 0.400089
vt 0.864755 0.401062
vt 0.858257 0.393010
vt 0.864670 0.395246
vt 0.871345 0.397780
vt 0.871647 0.403056
vt 0.440960 0.810014
vt 0.430094 0.802571
vt 0.437894 0.797068
vt 0.443380 0.797068
vt 0.871345 0.412161
vt 0.819683 0.393010
vt 0.820024 0.400089
vt 0.813960 0.401062
vt 0.806933 0.395246
vt 0.820024 0.409852
vt 0.814039 0.407900
vt 0.819683 0.416931
vt 0.806933 0.414694
vt 0.333577 0.916671
vt 0.336320 0.910073
vt 0.341806 0.911126
vt 0.339872 0.913928
vt 0.338740 0.903725
vt 0.344940 0.906502
vt 0.351545 0.909229
vt 0.345154 0.911740
vt 0.810630 0.402848
vt 0.479776 0.810014
vt 0.477356 0.797068
vt 0.482842 0.797068
vt 0.490642 0.802571
vt 0.869834 0.366391
vt 0.863403 0.368924
vt 0.862929 0.363109
vt 0.869591 0.361322
vt 0.857206 0.371161
vt 0.856630 0.359200
vt 0.929840 0.749750
vt 0.929840 0.744869
vt 0.935991 0.745842
vt 0.935992 0.750722
vt 0.929840 0.737790
vt 0.936187 0.740026
vt 0.942785 0.742560
vt 0.942785 0.751251
vt 0.862694 0.358229
vt 0.366188 0.876278
vt 0.372535 0.873857
vt 0.373588 0.879343
vt 0.368965 0.882478
vt 0.379133 0.871115
vt 0.379133 0.877410
vt 0.891002 0.737790
vt 0.891002 0.744869
vt 0.878057 0.745842
vt 0.878057 0.740026
vt 0.891002 0.749750
vt 0.878057 0.752514
vt 0.818632 0.371161
vt 0.805666 0.368924
vt 0.805386 0.363109
vt 0.818056 0.359200
vt 0.371691 0.889083
vt 0.376142 0.884631
vt 0.507224 0.837461
vt 0.514666 0.826596
vt 0.518545 0.830475
vt 0.520169 0.839882
vt 0.942785 0.711171
vt 0.936187 0.713704
vt 0.935992 0.707889
vt 0.942785 0.705895
vt 0.929839 0.715941
vt 0.929839 0.708862
vt 0.929839 0.699099
vt 0.935992 0.700806
vt 0.929839 0.692020
vt 0.936187 0.694256
vt 0.942785 0.696790
vt 0.366188 0.837461
vt 0.368965 0.831261
vt 0.373588 0.834396
vt 0.372535 0.839882
vt 0.371691 0.824657
vt 0.376142 0.829108
vt 0.891002 0.692020
vt 0.891002 0.699099
vt 0.878057 0.700072
vt 0.878057 0.694256
vt 0.891002 0.708862
vt 0.878057 0.707889
vt 0.891002 0.715941
vt 0.878057 0.713704
vt 0.379133 0.842624
vt 0.379133 0.836329
vt 0.507224 0.876278
vt 0.520169 0.873857
vt 0.520169 0.879343
vt 0.514666 0.887143
vt 0.942785 0.665401
vt 0.936187 0.667934
vt 0.935992 0.662119
vt 0.942785 0.660332
vt 0.929840 0.670171
vt 0.929839 0.663092
vt 0.929840 0.658210
vt 0.935991 0.658210
vt 0.857206 0.538450
vt 0.863403 0.540686
vt 0.862741 0.550411
vt 0.856630 0.550411
vt 0.869834 0.543220
vt 0.869416 0.551911
vt 0.338740 0.810014
vt 0.334666 0.804243
vt 0.341511 0.803324
vt 0.345702 0.808814
vt 0.331883 0.797068
vt 0.339552 0.797068
vt 0.818632 0.538450
vt 0.818056 0.550411
vt 0.805400 0.546206
vt 0.805741 0.539121
vt 0.891002 0.658210
vt 0.891002 0.662803
vt 0.878057 0.662415
vt 0.878057 0.655237
vt 0.891002 0.670171
vt 0.878057 0.669500
vt 0.352743 0.805709
vt 0.347320 0.800286
vt 0.479776 0.903725
vt 0.490642 0.911168
vt 0.486763 0.915047
vt 0.477356 0.916671
vt 0.871345 0.511831
vt 0.864670 0.514364
vt 0.864755 0.508549
vt 0.871647 0.506555
vt 0.858257 0.516601
vt 0.858598 0.509522
vt 0.858598 0.499759
vt 0.864814 0.501467
vt 0.858257 0.492680
vt 0.864670 0.494916
vt 0.871345 0.497450
vt 0.299924 0.810014
vt 0.293724 0.807237
vt 0.296858 0.802613
vt 0.302344 0.803666
vt 0.287119 0.804511
vt 0.291570 0.800059
vt 0.819683 0.492680
vt 0.820024 0.499759
vt 0.807213 0.500732
vt 0.806933 0.494916
vt 0.820024 0.509522
vt 0.807213 0.508549
vt 0.819683 0.516601
vt 0.806933 0.514364
vt 0.305086 0.797068
vt 0.298791 0.797068
vt 0.440960 0.903725
vt 0.443380 0.916671
vt 0.437894 0.916671
vt 0.430094 0.911168
vt 0.869834 0.466061
vt 0.863403 0.468594
vt 0.862929 0.462779
vt 0.869591 0.460992
vt 0.857206 0.470831
vt 0.856630 0.458870
vt 0.910131 0.883349
vt 0.910131 0.878467
vt 0.916283 0.879440
vt 0.916283 0.884320
vt 0.910131 0.871388
vt 0.916479 0.873625
vt 0.923077 0.876158
vt 0.923076 0.884849
vt 0.862694 0.457899
vt 0.272476 0.837461
vt 0.266705 0.841535
vt 0.265786 0.834690
vt 0.271276 0.830500
vt 0.259530 0.844319
vt 0.259530 0.836650
vt 0.871294 0.871388
vt 0.871293 0.878756
vt 0.858348 0.879144
vt 0.858348 0.872059
vt 0.871294 0.883348
vt 0.858348 0.886321
vt 0.818632 0.470831
vt 0.805741 0.470160
vt 0.805400 0.463075
vt 0.818056 0.458870
vt 0.268171 0.823458
vt 0.262748 0.828881
vt 0.541245 0.830878
vt 0.541245 0.837957
vt 0.535093 0.838930
vt 0.534897 0.833114
vt 0.541245 0.847720
vt 0.535093 0.846012
vt 0.541245 0.854799
vt 0.534897 0.852562
vt 0.528299 0.850029
vt 0.528299 0.840923
vt 0.911855 0.044458
vt 0.919298 0.033593
vt 0.923177 0.037472
vt 0.924801 0.046879
vt 0.528299 0.835648
vt 0.580082 0.830878
vt 0.593028 0.833114
vt 0.593028 0.838930
vt 0.580082 0.837957
vt 0.924801 0.177354
vt 0.918203 0.174611
vt 0.919256 0.169125
vt 0.924801 0.171059
vt 0.911855 0.172191
vt 0.914632 0.165991
vt 0.917359 0.159386
vt 0.921810 0.163837
vt 0.580082 0.854799
vt 0.580082 0.847720
vt 0.593028 0.846746
vt 0.593028 0.852562
vt 0.818632 0.271491
vt 0.812220 0.269254
vt 0.812134 0.263439
vt 0.818291 0.264412
vt 0.805544 0.266721
vt 0.805300 0.261652
vt 0.911855 0.083275
vt 0.924801 0.080854
vt 0.923177 0.090261
vt 0.919298 0.094140
vt 0.528299 0.881418
vt 0.534897 0.878884
vt 0.535093 0.888608
vt 0.528299 0.890109
vt 0.541245 0.876648
vt 0.541245 0.888608
vt 0.818056 0.259530
vt 0.811946 0.259530
vt 0.857206 0.271491
vt 0.856865 0.264412
vt 0.862929 0.263439
vt 0.869956 0.269254
vt 0.856630 0.259530
vt 0.862741 0.259530
vt 0.580082 0.876648
vt 0.593028 0.878884
vt 0.586234 0.888608
vt 0.580082 0.888608
vt 0.897213 0.139240
vt 0.890608 0.141966
vt 0.887473 0.137343
vt 0.889770 0.131798
vt 0.884408 0.144743
vt 0.881987 0.138396
vt 0.879245 0.131798
vt 0.885540 0.134541
vt 0.866259 0.261652
vt 0.819683 0.293340
vt 0.820024 0.300419
vt 0.813961 0.301392
vt 0.813486 0.295577
vt 0.820024 0.310182
vt 0.814019 0.308474
vt 0.819683 0.317261
vt 0.813486 0.315025
vt 0.807055 0.312491
vt 0.807357 0.303386
vt 0.884408 0.110722
vt 0.895273 0.118165
vt 0.891394 0.122044
vt 0.881987 0.123668
vt 0.807055 0.298110
vt 0.858257 0.317261
vt 0.858598 0.310182
vt 0.864834 0.308230
vt 0.871223 0.315025
vt 0.858598 0.300419
vt 0.864755 0.301392
vt 0.858257 0.293340
vt 0.871223 0.295577
vt 0.850754 0.131798
vt 0.848012 0.138396
vt 0.842526 0.137343
vt 0.844459 0.134541
vt 0.845591 0.144743
vt 0.839391 0.141966
vt 0.832787 0.139240
vt 0.839178 0.136729
vt 0.868257 0.303179
vt 0.845591 0.110722
vt 0.848012 0.123668
vt 0.842526 0.123668
vt 0.834726 0.118165
vt 0.805544 0.343880
vt 0.812220 0.341347
vt 0.812134 0.347162
vt 0.805300 0.348949
vt 0.818632 0.339110
vt 0.818291 0.346189
vt 0.818056 0.351071
vt 0.811946 0.351071
vt 0.818144 0.670171
vt 0.811796 0.667934
vt 0.811992 0.658210
vt 0.818144 0.658210
vt 0.805198 0.665401
vt 0.805198 0.656710
vt 0.818144 0.172191
vt 0.811796 0.174611
vt 0.810743 0.169125
vt 0.815367 0.165991
vt 0.805198 0.177354
vt 0.805198 0.171059
vt 0.856981 0.670171
vt 0.856981 0.658210
vt 0.869927 0.662118
vt 0.869927 0.667934
vt 0.856631 0.351071
vt 0.856865 0.346189
vt 0.869677 0.347162
vt 0.869356 0.353834
vt 0.857206 0.339110
vt 0.869956 0.341347
vt 0.812641 0.159386
vt 0.808189 0.163837
vt 0.818144 0.083275
vt 0.810701 0.094140
vt 0.806822 0.090261
vt 0.805198 0.080854
vt 0.805198 0.696790
vt 0.811796 0.694256
vt 0.811992 0.700072
vt 0.805198 0.702066
vt 0.818144 0.692020
vt 0.818144 0.699099
vt 0.818144 0.708862
vt 0.811992 0.707154
vt 0.818144 0.715941
vt 0.811796 0.713704
vt 0.805198 0.711171
vt 0.818144 0.211007
vt 0.815367 0.217207
vt 0.810743 0.214073
vt 0.811796 0.208587
vt 0.812640 0.223812
vt 0.808189 0.219361
vt 0.856981 0.715941
vt 0.856981 0.708862
vt 0.869927 0.707889
vt 0.869927 0.713704
vt 0.856981 0.699099
vt 0.869927 0.700072
vt 0.856981 0.692020
vt 0.869927 0.694256
vt 0.805198 0.205845
vt 0.805198 0.212140
vt 0.818144 0.044458
vt 0.805198 0.046879
vt 0.805198 0.041393
vt 0.810701 0.033593
vt 0.805198 0.742560
vt 0.811796 0.740026
vt 0.811992 0.745842
vt 0.805198 0.747628
vt 0.818144 0.737790
vt 0.818144 0.744869
vt 0.818144 0.749750
vt 0.811992 0.749750
vt 0.818632 0.570501
vt 0.812219 0.568264
vt 0.811946 0.558540
vt 0.818056 0.558540
vt 0.805544 0.565731
vt 0.805126 0.557040
vt 0.845591 0.238455
vt 0.849665 0.244226
vt 0.842820 0.245145
vt 0.838630 0.239655
vt 0.852449 0.251401
vt 0.844780 0.251401
vt 0.857206 0.570501
vt 0.856630 0.558540
vt 0.869691 0.562745
vt 0.870032 0.569830
vt 0.856981 0.749750
vt 0.856981 0.745158
vt 0.869927 0.745546
vt 0.869927 0.752723
vt 0.856981 0.737790
vt 0.869927 0.738461
vt 0.831588 0.242760
vt 0.837011 0.248183
vt 0.845591 0.017011
vt 0.834726 0.009568
vt 0.838605 0.005689
vt 0.848012 0.004065
vt 0.807055 0.597120
vt 0.813486 0.594586
vt 0.813960 0.600402
vt 0.807357 0.602396
vt 0.819683 0.592350
vt 0.820024 0.599429
vt 0.820024 0.609192
vt 0.814019 0.607484
vt 0.819683 0.616271
vt 0.813486 0.614034
vt 0.807055 0.611501
vt 0.884408 0.238455
vt 0.890608 0.241232
vt 0.887473 0.245856
vt 0.881987 0.244803
vt 0.897213 0.243958
vt 0.892761 0.248409
vt 0.858257 0.616271
vt 0.858598 0.609192
vt 0.871503 0.608219
vt 0.871223 0.614034
vt 0.858598 0.599429
vt 0.871503 0.600402
vt 0.858257 0.592350
vt 0.871223 0.594586
vt 0.879245 0.251401
vt 0.885540 0.251401
vt 0.884408 0.017011
vt 0.881987 0.004065
vt 0.887473 0.004065
vt 0.895273 0.009568
vt 0.805544 0.642890
vt 0.812220 0.640356
vt 0.812134 0.646172
vt 0.805300 0.647958
vt 0.818632 0.638120
vt 0.818056 0.650080
vt 0.541245 0.797068
vt 0.541245 0.801950
vt 0.535093 0.800976
vt 0.535093 0.796097
vt 0.541245 0.809029
vt 0.534897 0.806792
vt 0.528299 0.804259
vt 0.528299 0.795568
vt 0.811899 0.651052
vt 0.911855 0.211007
vt 0.917626 0.206933
vt 0.918545 0.213779
vt 0.913055 0.217969
vt 0.924801 0.204150
vt 0.924801 0.211819
vt 0.580082 0.809029
vt 0.580082 0.801661
vt 0.593028 0.801273
vt 0.593028 0.808358
vt 0.580082 0.797068
vt 0.593028 0.794095
vt 0.857206 0.638120
vt 0.870032 0.638791
vt 0.869691 0.645876
vt 0.856630 0.650080
vt 0.916160 0.225010
vt 0.921583 0.219588
s 1
usemtl BB_OxidizedIron
f 1/1/1 4/2/4 6/3/6 5/4/5
f 4/5/4 8/6/8 9/7/9 6/8/6
f 2/9/2 7/10/7 9/7/9 8/6/8
f 7/10/7 11/11/11 12/12/12 9/7/9
f 3/13/3 10/14/10 12/15/12 11/16/11
f 10/17/10 5/4/5 6/3/6 12/18/12
f 6/8/6 9/7/9 12/12/12
f 13/19/13 16/20/16 18/21/18 17/22/17
f 16/20/16 20/23/20 21/24/21 18/21/18
f 14/25/14 19/26/19 21/27/21 20/28/20
f 19/26/19 23/29/23 24/30/24 21/27/21
f 15/31/15 22/32/22 24/33/24 23/34/23
f 22/35/22 17/22/17 18/21/18 24/36/24
f 18/21/18 21/24/21 24/36/24
f 25/37/25 28/38/28 30/39/30 29/40/29
f 28/38/28 32/41/32 33/42/33 30/39/30
f 26/43/26 31/44/31 33/45/33 32/46/32
f 31/44/31 35/47/35 36/48/36 33/45/33
f 27/49/27 34/50/34 36/51/36 35/52/35
f 34/53/34 29/40/29 30/39/30 36/54/36
f 30/39/30 33/42/33 36/54/36
f 37/55/37 40/56/40 42/57/42 41/58/41
f 40/56/40 44/59/44 45/60/45 42/57/42
f 38/61/38 43/62/43 45/63/45 44/64/44
f 43/65/43 47/66/47 48/67/48 45/68/45
f 39/69/39 46/70/46 48/67/48 47/66/47
f 46/71/46 41/58/41 42/57/42 48/72/48
f 42/57/42 45/60/45 48/72/48
f 49/73/49 52/74/52 54/75/54 53/76/53
f 52/77/52 56/78/56 57/79/57 54/80/54
f 50/81/50 55/82/55 57/79/57 56/78/56
f 55/82/55 59/83/59 60/84/60 57/79/57
f 51/85/51 58/86/58 60/87/60 59/88/59
f 58/86/58 53/89/53 54/90/54 60/87/60
f 54/80/54 57/79/57 60/84/60
f 61/91/61 64/92/64 66/93/66 65/94/65
f 64/95/64 68/96/68 69/97/69 66/98/66
f 62/99/62 67/100/67 69/97/69 68/96/68
f 67/101/67 71/102/71 72/103/72 69/104/69
f 63/105/63 70/106/70 72/103/72 71/102/71
f 70/106/70 65/107/65 66/108/66 72/103/72
f 66/98/66 69/97/69 72/109/72
f 73/110/73 76/111/76 78/112/78 77/113/77
f 76/111/76 80/114/80 81/115/81 78/112/78
f 74/116/74 79/117/79 81/118/81 80/119/80
f 79/120/79 83/121/83 84/122/84 81/123/81
f 75/124/75 82/125/82 84/122/84 83/121/83
f 82/125/82 77/126/77 78/127/78 84/122/84
f 78/112/78 81/115/81 84/128/84
f 85/129/85 88/130/88 90/131/90 89/132/89
f 88/133/88 92/134/92 93/135/93 90/136/90
f 86/137/86 91/138/91 93/135/93 92/134/92
f 91/138/91 95/139/95 96/140/96 93/135/93
f 87/141/87 94/142/94 96/143/96 95/144/95
f 94/145/94 89/132/89 90/131/90 96/146/96
f 90/136/90 93/135/93 96/140/96
f 97/147/97 100/148/100 102/149/102 101/150/101
f 100/151/100 104/152/104 105/153/105 102/154/102
f 98/155/98 103/156/103 105/153/105 104/152/104
f 103/156/103 107/157/107 108/158/108 105/153/105
f 99/159/99 106/160/106 108/158/108 107/157/107
f 106/160/106 101/161/101 102/154/102 108/158/108
f 102/154/102 105/153/105 108/158/108
f 109/162/109 112/163/112 114/164/114 113/165/113
f 112/166/112 116/167/116 117/168/117 114/169/114
f 110/170/110 115/171/115 117/168/117 116/167/116
f 115/171/115 119/172/119 120/173/120 117/168/117
f 111/174/111 118/175/118 120/173/120 119/172/119
f 118/175/118 113/176/113 114/169/114 120/173/120
f 114/169/114 117/168/117 120/173/120
f 121/177/121 124/178/124 126/179/126 125/180/125
f 124/181/124 128/182/128 129/183/129 126/184/126
f 122/185/122 127/186/127 129/183/129 128/182/128
f 127/186/127 131/187/131 132/188/132 129/183/129
f 123/189/123 130/190/130 132/191/132 131/192/131
f 130/190/130 125/193/125 126/194/126 132/191/132
f 126/184/126 129/183/129 132/188/132
f 133/195/133 136/196/136 138/197/138 137/198/137
f 136/199/136 140/200/140 141/201/141 138/202/138
f 134/203/134 139/204/139 141/201/141 140/200/140
f 139/205/139 143/206/143 144/207/144 141/208/141
f 135/209/135 142/210/142 144/207/144 143/206/143
f 142/210/142 137/211/137 138/212/138 144/207/144
f 138/202/138 141/201/141 144/213/144
f 145/214/145 148/215/148 150/216/150 149/217/149
f 148/218/148 152/219/152 153/220/153 150/221/150
f 146/222/146 151/223/151 153/220/153 152/219/152
f 151/223/151 155/224/155 156/225/156 153/220/153
f 147/226/147 154/227/154 156/225/156 155/224/155
f 154/227/154 149/228/149 150/221/150 156/225/156
f 150/221/150 153/220/153 156/225/156
f 157/229/157 160/230/160 162/231/162 161/232/161
f 160/233/160 164/234/164 165/235/165 162/236/162
f 158/237/158 163/238/163 165/235/165 164/234/164
f 163/238/163 167/239/167 168/240/168 165/235/165
f 159/241/159 166/242/166 168/240/168 167/239/167
f 166/242/166 161/243/161 162/236/162 168/240/168
f 162/236/162 165/235/165 168/240/168
f 169/244/169 172/245/172 174/246/174 173/247/173
f 172/248/172 176/249/176 177/250/177 174/251/174
f 170/252/170 175/253/175 177/250/177 176/249/176
f 175/253/175 179/254/179 180/255/180 177/250/177
f 171/256/171 178/257/178 180/258/180 179/259/179
f 178/257/178 173/260/173 174/261/174 180/258/180
f 174/251/174 177/250/177 180/255/180
f 181/262/181 184/263/184 186/264/186 185/265/185
f 184/266/184 188/267/188 189/268/189 186/269/186
f 182/270/182 187/271/187 189/268/189 188/267/188
f 187/272/187 191/273/191 192/274/192 189/275/189
f 183/276/183 190/277/190 192/274/192 191/273/191
f 190/277/190 185/278/185 186/279/186 192/274/192
f 186/269/186 189/268/189 192/280/192
f 193/281/193 196/282/196 198/283/198 197/284/197
f 196/285/196 200/286/200 201/287/201 198/288/198
f 194/289/194 199/290/199 201/287/201 200/286/200
f 199/290/199 203/291/203 204/292/204 201/287/201
f 195/293/195 202/294/202 204/292/204 203/291/203
f 202/294/202 197/295/197 198/288/198 204/292/204
f 198/288/198 201/287/201 204/292/204
f 205/296/205 208/297/208 210/298/210 209/299/209
f 208/300/208 212/301/212 213/302/213 210/303/210
f 206/304/206 211/305/211 213/302/213 212/301/212
f 211/305/211 215/306/215 216/307/216 213/302/213
f 207/308/207 214/309/214 216/307/216 215/306/215
f 214/309/214 209/310/209 210/303/210 216/307/216
f 210/303/210 213/302/213 216/307/216
f 217/311/217 220/312/220 222/313/222 221/314/221
f 220/315/220 224/316/224 225/317/225 222/318/222
f 218/319/218 223/320/223 225/317/225 224/316/224
f 223/320/223 227/321/227 228/322/228 225/317/225
f 219/323/219 226/324/226 228/325/228 227/326/227
f 226/324/226 221/327/221 222/328/222 228/325/228
f 222/318/222 225/317/225 228/322/228
f 229/329/229 232/330/232 234/331/234 233/332/233
f 232/333/232 236/334/236 237/335/237 234/336/234
f 230/337/230 235/338/235 237/335/237 236/334/236
f 235/339/235 239/340/239 240/341/240 237/342/237
f 231/343/231 238/344/238 240/341/240 239/340/239
f 238/344/238 233/345/233 234/346/234 240/341/240
f 234/336/234 237/335/237 240/347/240
f 241/348/241 244/349/244 246/350/246 245/351/245
f 244/352/244 248/353/248 249/354/249 246/355/246
f 242/356/242 247/357/247 249/354/249 248/353/248
f 247/357/247 251/358/251 252/359/252 249/354/249
f 243/360/243 250/361/250 252/359/252 251/358/251
f 250/361/250 245/362/245 246/355/246 252/359/252
f 246/355/246 249/354/249 252/359/252
f 253/363/253 256/364/256 258/365/258 257/366/257
f 256/367/256 260/368/260 261/369/261 258/370/258
f 254/371/254 259/372/259 261/369/261 260/368/260
f 259/372/259 263/373/263 264/374/264 261/369/261
f 255/375/255 262/376/262 264/374/264 263/373/263
f 262/376/262 257/377/257 258/370/258 264/374/264
f 258/370/258 261/369/261 264/374/264
f 265/378/265 268/379/268 270/380/270 269/381/269
f 268/382/268 272/383/272 273/384/273 270/385/270
f 266/386/266 271/387/271 273/384/273 272/383/272
f 271/388/271 275/389/275 276/390/276 273/391/273
f 267/392/267 274/393/274 276/390/276 275/389/275
f 274/393/274 269/394/269 270/395/270 276/390/276
f 270/385/270 273/384/273 276/396/276
f 277/397/277 280/398/280 282/399/282 281/400/281
f 280/401/280 284/402/284 285/403/285 282/404/282
f 278/405/278 283/406/283 285/403/285 284/402/284
f 283/406/283 287/407/287 288/408/288 285/403/285
f 279/409/279 286/410/286 288/411/288 287/412/287
f 286/410/286 281/413/281 282/414/282 288/411/288
f 282/404/282 285/403/285 288/408/288
f 289/415/194 292/416/199 294/417/201 293/418/200
f 292/416/199 296/419/203 297/420/204 294/417/201
f 290/421/195 295/422/202 297/420/204 296/419/203
f 295/422/202 299/423/197 300/424/198 297/420/204
f 291/425/193 298/426/196 300/427/198 299/428/197
f 298/429/196 293/418/200 294/417/201 300/424/198
f 294/417/201 297/420/204 300/424/198
f 301/430/207 304/431/214 306/432/216 305/433/215
f 304/431/214 308/434/209 309/435/210 306/432/216
f 302/436/205 307/437/208 309/438/210 308/439/209
f 307/440/208 311/441/212 312/442/213 309/435/210
f 303/443/206 310/444/211 312/442/213 311/441/212
f 310/444/211 305/433/215 306/432/216 312/442/213
f 306/432/216 309/435/210 312/442/213
f 313/445/219 316/446/226 318/447/228 317/448/227
f 316/446/226 320/449/221 321/450/222 318/447/228
f 314/451/217 319/452/220 321/453/222 320/454/221
f 319/455/220 323/456/224 324/457/225 321/458/222
f 315/459/218 322/460/223 324/457/225 323/456/224
f 322/461/223 317/448/227 318/447/228 324/462/225
f 318/447/228 321/450/222 324/462/225
f 325/463/230 328/464/235 330/465/237 329/466/236
f 328/464/235 332/467/239 333/468/289 330/465/237
f 326/469/231 331/470/238 333/471/289 332/472/239
f 331/470/238 335/473/233 336/474/234 333/471/289
f 327/475/229 334/476/232 336/477/234 335/478/233
f 334/479/232 329/466/236 330/465/237 336/480/234
f 330/465/237 333/468/289 336/480/234
f 337/481/241 340/482/244 342/483/246 341/484/245
f 340/485/244 344/486/248 345/487/249 342/488/246
f 338/489/242 343/490/247 345/487/249 344/486/248
f 343/490/247 347/491/251 348/492/252 345/487/249
f 339/493/243 346/494/250 348/492/252 347/491/251
f 346/494/250 341/495/245 342/488/246 348/492/252
f 342/488/246 345/487/249 348/492/252
f 349/496/254 352/497/259 354/498/261 353/499/260
f 352/497/259 356/500/263 357/501/264 354/498/261
f 350/502/255 355/503/262 357/501/264 356/500/263
f 355/503/262 359/504/257 360/505/258 357/501/264
f 351/506/253 358/507/256 360/508/258 359/509/257
f 358/510/256 353/499/260 354/498/261 360/505/258
f 354/498/261 357/501/264 360/505/258
f 361/511/265 364/512/268 366/513/270 365/514/269
f 364/515/268 368/516/272 369/517/273 366/518/270
f 362/519/266 367/520/271 369/517/273 368/516/272
f 367/521/271 371/522/275 372/523/290 369/524/273
f 363/525/267 370/526/274 372/523/290 371/522/275
f 370/526/274 365/527/269 366/528/270 372/523/290
f 366/518/270 369/517/273 372/529/290
f 373/530/277 376/531/280 378/532/282 377/533/281
f 376/534/280 380/535/284 381/536/285 378/537/282
f 374/538/278 379/539/283 381/536/285 380/535/284
f 379/539/283 383/540/287 384/541/288 381/536/285
f 375/542/279 382/543/286 384/544/288 383/545/287
f 382/543/286 377/546/281 378/547/282 384/544/288
f 378/537/282 381/536/285 384/541/288
f 385/548/97 388/549/100 390/550/102 389/551/101
f 388/552/100 392/553/104 393/554/105 390/555/102
f 386/556/98 391/557/103 393/554/105 392/553/104
f 391/557/103 395/558/107 396/559/108 393/554/105
f 387/560/99 394/561/106 396/559/108 395/558/107
f 394/561/106 389/562/101 390/555/102 396/559/108
f 390/555/102 393/554/105 396/559/108
f 397/563/109 400/564/112 402/565/114 401/566/113
f 400/567/112 404/568/116 405/569/117 402/570/114
f 398/571/110 403/572/115 405/569/117 404/568/116
f 403/572/115 407/573/119 408/574/120 405/569/117
f 399/575/111 406/576/118 408/574/120 407/573/119
f 406/576/118 401/577/113 402/570/114 408/574/120
f 402/570/114 405/569/117 408/574/120
f 409/578/121 412/579/124 414/580/126 413/581/125
f 412/582/124 416/583/128 417/584/129 414/585/126
f 410/586/122 415/587/127 417/584/129 416/583/128
f 415/587/127 419/588/131 420/589/132 417/584/129
f 411/590/123 418/591/130 420/592/132 419/593/131
f 418/591/130 413/594/125 414/595/126 420/592/132
f 414/585/126 417/584/129 420/589/132
f 421/596/133 424/597/136 426/598/138 425/599/137
f 424/600/136 428/601/140 429/602/141 426/603/138
f 422/604/134 427/605/139 429/602/141 428/601/140
f 427/606/139 431/607/143 432/608/291 429/609/141
f 423/610/135 430/611/142 432/608/291 431/607/143
f 430/611/142 425/612/137 426/613/138 432/608/291
f 426/603/138 429/602/141 432/614/291
f 433/615/145 436/616/148 438/617/150 437/618/149
f 436/619/148 440/620/152 441/621/153 438/622/150
f 434/623/146 439/624/151 441/621/153 440/620/152
f 439/624/151 443/625/155 444/626/156 441/621/153
f 435/627/147 442/628/154 444/626/156 443/625/155
f 442/628/154 437/629/149 438/622/150 444/626/156
f 438/622/150 441/621/153 444/626/156
f 445/630/157 448/631/160 450/632/162 449/633/161
f 448/634/160 452/635/164 453/636/165 450/637/162
f 446/638/158 451/639/163 453/636/165 452/635/164
f 451/639/163 455/640/167 456/641/168 453/636/165
f 447/642/159 454/643/166 456/641/168 455/640/167
f 454/643/166 449/644/161 450/637/162 456/641/168
f 450/637/162 453/636/165 456/641/168
f 457/645/169 460/646/172 462/647/174 461/648/173
f 460/649/172 464/650/176 465/651/177 462/652/174
f 458/653/170 463/654/175 465/651/177 464/650/176
f 463/655/175 467/656/179 468/657/292 465/658/177
f 459/659/171 466/660/178 468/657/292 467/656/179
f 466/660/178 461/661/173 462/662/174 468/657/292
f 462/652/174 465/651/177 468/663/292
f 469/664/181 472/665/184 474/666/186 473/667/185
f 472/668/184 476/669/188 477/670/189 474/671/186
f 470/672/182 475/673/187 477/670/189 476/669/188
f 475/673/187 479/674/191 480/675/192 477/670/189
f 471/676/183 478/677/190 480/678/192 479/679/191
f 478/677/190 473/680/185 474/681/186 480/678/192
f 474/671/186 477/670/189 480/675/192
f 481/682/293 484/683/296 486/684/298 485/685/297
f 484/683/296 488/686/300 489/687/301 486/684/298
f 482/688/294 487/689/299 489/687/301 488/686/300
f 487/689/299 491/690/303 492/691/304 489/687/301
f 483/692/295 490/693/302 492/694/304 491/695/303
f 490/696/302 485/685/297 486/684/298 492/691/304
f 486/684/298 489/687/301 492/691/304
f 493/697/305 496/698/308 498/699/310 497/700/309
f 496/701/308 500/702/312 501/703/313 498/704/310
f 494/705/306 499/706/311 501/703/313 500/702/312
f 499/706/311 503/707/315 504/708/316 501/703/313
f 495/709/307 502/710/314 504/711/316 503/712/315
f 502/710/314 497/700/309 498/699/310 504/711/316
f 498/704/310 501/703/313 504/708/316
f 505/713/317 508/714/320 510/715/322 509/716/321
f 508/714/320 512/717/324 513/718/325 510/715/322
f 506/719/318 511/720/323 513/721/325 512/722/324
f 511/723/323 515/724/327 516/725/328 513/726/325
f 507/727/319 514/728/326 516/725/328 515/724/327
f 514/728/326 509/729/321 510/730/322 516/725/328
f 510/715/322 513/718/325 516/731/328
f 517/732/329 520/733/332 522/734/334 521/735/333
f 520/733/332 524/736/336 525/737/337 522/734/334
f 518/738/330 523/739/335 525/740/337 524/741/336
f 523/742/335 527/743/339 528/744/340 525/745/337
f 519/746/331 526/747/338 528/744/340 527/743/339
f 526/748/338 521/735/333 522/734/334 528/749/340
f 522/734/334 525/737/337 528/749/340
f 529/750/341 532/751/344 534/752/346 533/753/345
f 532/751/344 536/754/348 537/755/349 534/752/346
f 530/756/342 535/757/347 537/755/349 536/754/348
f 535/757/347 539/758/351 540/759/352 537/755/349
f 531/760/343 538/761/350 540/762/352 539/763/351
f 538/764/350 533/753/345 534/752/346 540/759/352
f 534/752/346 537/755/349 540/759/352
f 541/765/353 544/766/356 546/767/358 545/768/357
f 544/766/356 548/769/360 549/770/361 546/767/358
f 542/771/354 547/772/359 549/770/361 548/769/360
f 547/773/359 551/774/363 552/775/364 549/776/361
f 543/777/355 550/778/362 552/775/364 551/774/363
f 550/778/362 545/779/357 546/780/358 552/775/364
f 546/767/358 549/770/361 552/781/364
f 553/782/365 556/783/368 558/784/370 557/785/369
f 556/786/368 560/787/372 561/788/373 558/789/370
f 554/790/366 559/791/371 561/788/373 560/787/372
f 559/792/371 563/793/375 564/794/376 561/795/373
f 555/796/367 562/797/374 564/794/376 563/793/375
f 562/797/374 557/798/369 558/799/370 564/794/376
f 558/789/370 561/788/373 564/800/376
f 565/801/377 568/802/380 570/803/382 569/804/381
f 568/802/380 572/805/384 573/806/385 570/803/382
f 566/807/378 571/808/383 573/809/385 572/810/384
f 571/808/383 575/811/387 576/812/388 573/809/385
f 567/813/379 574/814/386 576/815/388 575/816/387
f 574/817/386 569/804/381 570/803/382 576/818/388
f 570/803/382 573/806/385 576/818/388
f 577/819/389 580/820/392 582/821/394 581/822/393
f 580/823/392 584/824/396 585/825/397 582/826/394
f 578/827/390 583/828/395 585/825/397 584/824/396
f 583/828/395 587/829/399 588/830/400 585/825/397
f 579/831/391 586/832/398 588/830/400 587/829/399
f 586/832/398 581/833/393 582/826/394 588/830/400
f 582/826/394 585/825/397 588/830/400
f 589/834/401 592/835/404 594/836/406 593/837/405
f 592/835/404 596/838/408 597/839/409 594/836/406
f 590/840/402 595/841/407 597/842/409 596/843/408
f 595/841/407 599/844/411 600/845/412 597/842/409
f 591/846/403 598/847/410 600/845/412 599/844/411
f 598/848/410 593/837/405 594/836/406 600/849/412
f 594/836/406 597/839/409 600/849/412
f 601/850/413 604/851/416 606/852/418 605/853/417
f 604/854/416 608/855/420 609/856/421 606/857/418
f 602/858/414 607/859/419 609/856/421 608/855/420
f 607/859/419 611/860/423 612/861/424 609/856/421
f 603/862/415 610/863/422 612/864/424 611/865/423
f 610/863/422 605/866/417 606/867/418 612/864/424
f 606/857/418 609/856/421 612/861/424
f 613/868/425 616/869/428 618/870/430 617/871/429
f 616/869/428 620/872/432 621/873/433 618/870/430
f 614/874/426 619/875/431 621/876/433 620/877/432
f 619/878/431 623/879/435 624/880/436 621/881/433
f 615/882/427 622/883/434 624/880/436 623/879/435
f 622/884/434 617/871/429 618/870/430 624/885/436
f 618/870/430 621/873/433 624/885/436
f 625/886/437 628/887/440 630/888/442 629/889/441
f 628/890/440 632/891/444 633/892/445 630/893/442
f 626/894/438 631/895/443 633/892/445 632/891/444
f 631/895/443 635/896/447 636/897/448 633/892/445
f 627/898/439 634/899/446 636/897/448 635/896/447
f 634/899/446 629/900/441 630/893/442 636/897/448
f 630/893/442 633/892/445 636/897/448
f 637/901/449 640/902/452 642/903/454 641/904/453
f 640/902/452 644/905/456 645/906/457 642/903/454
f 638/907/450 643/908/455 645/909/457 644/910/456
f 643/908/455 647/911/459 648/912/460 645/909/457
f 639/913/451 646/914/458 648/912/460 647/911/459
f 646/915/458 641/904/453 642/903/454 648/916/460
f 642/903/454 645/906/457 648/916/460
f 649/917/461 652/918/464 654/919/466 653/920/465
f 652/921/464 656/922/468 657/923/469 654/924/466
f 650/925/462 655/926/467 657/923/469 656/922/468
f 655/927/467 659/928/471 660/929/472 657/930/469
f 651/931/463 658/932/470 660/929/472 659/928/471
f 658/932/470 653/933/465 654/934/466 660/929/472
f 654/924/466 657/923/469 660/935/472
f 661/936/473 664/937/476 666/938/478 665/939/477
f 664/937/476 668/940/480 669/941/481 666/938/478
f 662/942/474 667/943/479 669/944/481 668/945/480
f 667/943/479 671/946/483 672/947/484 669/944/481
f 663/948/475 670/949/482 672/950/484 671/951/483
f 670/952/482 665/939/477 666/938/478 672/953/484
f 666/938/478 669/941/481 672/953/484
f 673/954/485 676/955/407 678/956/409 677/957/487
f 676/955/407 680/958/411 681/959/412 678/956/409
f 674/960/403 679/961/410 681/959/412 680/958/411
f 679/961/410 683/962/405 684/963/406 681/959/412
f 675/964/486 682/965/488 684/966/406 683/967/405
f 682/968/488 677/957/487 678/956/409 684/963/406
f 678/956/409 681/959/412 684/963/406
f 685/969/489 688/970/491 690/971/400 689/972/399
f 688/973/491 692/974/492 693/975/394 690/976/400
f 686/977/490 691/978/392 693/975/394 692/974/492
f 691/978/392 695/979/396 696/980/397 693/975/394
f 687/981/390 694/982/395 696/983/397 695/984/396
f 694/982/395 689/972/399 690/971/400 696/983/397
f 690/976/400 693/975/394 696/980/397
f 697/985/379 700/986/386 702/987/388 701/988/387
f 700/986/386 704/989/381 705/990/382 702/987/388
f 698/991/377 703/992/380 705/993/382 704/994/381
f 703/995/380 707/996/384 708/997/385 705/998/382
f 699/999/378 706/1000/383 708/997/385 707/996/384
f 706/1001/383 701/988/387 702/987/388 708/1002/385
f 702/987/388 705/990/382 708/1002/385
f 709/1003/366 712/1004/371 714/1005/373 713/1006/372
f 712/1004/371 716/1007/375 717/1008/376 714/1005/373
f 710/1009/367 715/1010/374 717/1011/376 716/1012/375
f 715/1013/374 719/1014/369 720/1015/370 717/1016/376
f 711/1017/365 718/1018/368 720/1015/370 719/1014/369
f 718/1018/368 713/1019/372 714/1020/373 720/1015/370
f 714/1005/373 717/1008/376 720/1021/370
f 721/1022/353 724/1023/356 726/1024/358 725/1025/357
f 724/1023/356 728/1026/360 729/1027/361 726/1024/358
f 722/1028/354 727/1029/359 729/1027/361 728/1026/360
f 727/1029/359 731/1030/363 732/1031/364 729/1027/361
f 723/1032/355 730/1033/362 732/1034/364 731/1035/363
f 730/1036/362 725/1025/357 726/1024/358 732/1031/364
f 726/1024/358 729/1027/361 732/1031/364
f 733/1037/341 736/1038/344 738/1039/346 737/1040/345
f 736/1038/344 740/1041/348 741/1042/349 738/1039/346
f 734/1043/342 739/1044/347 741/1042/349 740/1041/348
f 739/1045/347 743/1046/351 744/1047/352 741/1048/349
f 735/1049/343 742/1050/350 744/1047/352 743/1046/351
f 742/1050/350 737/1051/345 738/1052/346 744/1047/352
f 738/1039/346 741/1042/349 744/1053/352
f 745/1054/329 748/1055/332 750/1056/334 749/1057/333
f 748/1058/332 752/1059/336 753/1060/337 750/1061/334
f 746/1062/330 751/1063/335 753/1060/337 752/1059/336
f 751/1063/335 755/1064/339 756/1065/340 753/1060/337
f 747/1066/331 754/1067/338 756/1068/340 755/1069/339
f 754/1067/338 749/1070/333 750/1071/334 756/1068/340
f 750/1061/334 753/1060/337 756/1065/340
f 757/1072/318 760/1073/323 762/1074/325 761/1075/324
f 760/1073/323 764/1076/327 765/1077/328 762/1074/325
f 758/1078/319 763/1079/326 765/1080/328 764/1081/327
f 763/1082/326 767/1083/321 768/1084/322 765/1085/328
f 759/1086/317 766/1087/320 768/1084/322 767/1083/321
f 766/1088/320 761/1075/324 762/1074/325 768/1089/322
f 762/1074/325 765/1077/328 768/1089/322
f 769/1090/493 772/1091/311 774/1092/313 773/1093/495
f 772/1094/311 776/1095/315 777/1096/316 774/1097/313
f 770/1098/307 775/1099/314 777/1096/316 776/1095/315
f 775/1099/314 779/1100/309 780/1101/310 777/1096/316
f 771/1102/494 778/1103/496 780/1101/310 779/1100/309
f 778/1103/496 773/1104/495 774/1097/313 780/1101/310
f 774/1097/313 777/1096/316 780/1101/310
f 781/1105/497 784/1106/499 786/1107/304 785/1108/303
f 784/1106/499 788/1109/500 789/1110/298 786/1107/304
f 782/1111/498 787/1112/296 789/1113/298 788/1114/500
f 787/1112/296 791/1115/300 792/1116/301 789/1113/298
f 783/1117/294 790/1118/299 792/1116/301 791/1115/300
f 790/1119/299 785/1108/303 786/1107/304 792/1120/301
f 786/1107/304 789/1110/298 792/1120/301
f 793/1121/501 796/1122/504 798/1123/506 797/1124/505
f 796/1125/504 800/1126/508 801/1127/509 798/1128/506
f 794/1129/502 799/1130/507 801/1127/509 800/1126/508
f 799/1130/507 803/1131/511 804/1132/512 801/1127/509
f 795/1133/503 802/1134/510 804/1135/512 803/1136/511
f 802/1134/510 797/1137/505 798/1138/506 804/1135/512
f 798/1128/506 801/1127/509 804/1132/512
f 805/1139/513 808/1140/516 810/1141/518 809/1142/517
f 808/1140/516 812/1143/520 813/1144/521 810/1141/518
f 806/1145/514 811/1146/519 813/1147/521 812/1148/520
f 811/1149/519 815/1150/523 816/1151/524 813/1152/521
f 807/1153/515 814/1154/522 816/1151/524 815/1150/523
f 814/1155/522 809/1142/517 810/1141/518 816/1156/524
f 810/1141/518 813/1144/521 816/1156/524
f 817/1157/525 820/1158/528 822/1159/454 821/1160/529
f 820/1161/528 824/1162/530 825/1163/457 822/1164/454
f 818/1165/526 823/1166/455 825/1163/457 824/1162/530
f 823/1166/455 827/1167/459 828/1168/460 825/1163/457
f 819/1169/527 826/1170/531 828/1168/460 827/1167/459
f 826/1170/531 821/1171/529 822/1164/454 828/1168/460
f 822/1164/454 825/1163/457 828/1168/460
f 829/1172/532 832/1173/535 834/1174/442 833/1175/536
f 832/1173/535 836/1176/537 837/1177/445 834/1174/442
f 830/1178/533 835/1179/443 837/1180/445 836/1181/537
f 835/1179/443 839/1182/447 840/1183/448 837/1180/445
f 831/1184/534 838/1185/538 840/1183/448 839/1182/447
f 838/1186/538 833/1175/536 834/1174/442 840/1187/448
f 834/1174/442 837/1177/445 840/1187/448
f 841/1188/539 844/1189/542 846/1190/544 845/1191/543
f 844/1192/542 848/1193/546 849/1194/547 846/1195/544
f 842/1196/540 847/1197/545 849/1194/547 848/1193/546
f 847/1198/545 851/1199/549 852/1200/550 849/1201/547
f 843/1202/541 850/1203/548 852/1200/550 851/1199/549
f 850/1203/548 845/1204/543 846/1205/544 852/1200/550
f 846/1195/544 849/1194/547 852/1206/550
f 853/1207/551 856/1208/554 858/1209/556 857/1210/555
f 856/1208/554 860/1211/558 861/1212/559 858/1209/556
f 854/1213/552 859/1214/557 861/1215/559 860/1216/558
f 859/1214/557 863/1217/561 864/1218/562 861/1215/559
f 855/1219/553 862/1220/560 864/1221/562 863/1222/561
f 862/1223/560 857/1210/555 858/1209/556 864/1224/562
f 858/1209/556 861/1212/559 864/1224/562
f 25/37/25 1/1/1 5/4/5 28/38/28
f 28/38/28 5/4/5 10/17/10 32/41/32
f 32/46/32 10/14/10 3/13/3 26/43/26
f 2/9/2 13/19/13 17/22/17 7/10/7
f 7/10/7 17/22/17 22/35/22 11/11/11
f 11/16/11 22/32/22 15/31/15 3/13/3
f 14/25/14 37/55/37 41/58/41 19/26/19
f 19/26/19 41/58/41 46/71/46 23/29/23
f 23/34/23 46/70/46 39/69/39 15/31/15
f 38/61/38 27/49/27 35/52/35 43/62/43
f 43/65/43 35/47/35 31/44/31 47/66/47
f 47/66/47 31/44/31 26/43/26 39/69/39
f 73/110/73 25/37/25 29/40/29 76/111/76
f 76/111/76 29/40/29 34/53/34 80/114/80
f 80/119/80 34/50/34 27/49/27 74/116/74
f 37/55/37 85/129/85 89/132/89 40/56/40
f 40/56/40 89/132/89 94/145/94 44/59/44
f 44/64/44 94/142/94 87/141/87 38/61/38
f 86/137/86 75/124/75 83/121/83 91/138/91
f 91/138/91 83/121/83 79/120/79 95/139/95
f 95/144/95 79/117/79 74/116/74 87/141/87
f 49/73/49 73/110/73 77/113/77 52/74/52
f 52/77/52 77/126/77 82/125/82 56/78/56
f 56/78/56 82/125/82 75/124/75 50/81/50
f 85/129/85 61/91/61 65/94/65 88/130/88
f 88/133/88 65/107/65 70/106/70 92/134/92
f 92/134/92 70/106/70 63/105/63 86/137/86
f 62/99/62 51/85/51 59/88/59 67/100/67
f 67/101/67 59/83/59 55/82/55 71/102/71
f 71/102/71 55/82/55 50/81/50 63/105/63
f 1/1/1 49/73/49 53/76/53 4/2/4
f 4/5/4 53/89/53 58/86/58 8/6/8
f 8/6/8 58/86/58 51/85/51 2/9/2
f 61/91/61 14/25/14 20/28/20 64/92/64
f 64/95/64 20/23/20 16/20/16 68/96/68
f 68/96/68 16/20/16 13/19/13 62/99/62
f 541/765/353 530/756/342 536/754/348 544/766/356
f 544/766/356 536/754/348 532/751/344 548/769/360
f 548/769/360 532/751/344 529/750/341 542/771/354
f 339/493/243 362/519/266 368/516/272 346/494/250
f 346/494/250 368/516/272 364/515/268 341/495/245
f 341/484/245 364/512/268 361/511/265 337/481/241
f 99/159/99 122/185/122 128/182/128 106/160/106
f 106/160/106 128/182/128 124/181/124 101/161/101
f 101/150/101 124/178/124 121/177/121 97/147/97
f 325/463/230 313/445/219 317/448/227 328/464/235
f 328/464/235 317/448/227 322/461/223 332/467/239
f 332/472/239 322/460/223 315/459/218 326/469/231
f 289/415/194 301/430/207 305/433/215 292/416/199
f 292/416/199 305/433/215 310/444/211 296/419/203
f 296/419/203 310/444/211 303/443/206 290/421/195
f 135/209/135 110/170/110 116/167/116 142/210/142
f 142/210/142 116/167/116 112/166/112 137/211/137
f 137/198/137 112/163/112 109/162/109 133/195/133
f 98/155/98 111/174/111 119/172/119 103/156/103
f 103/156/103 119/172/119 115/171/115 107/157/107
f 107/157/107 115/171/115 110/170/110 99/159/99
f 134/203/134 123/189/123 131/192/131 139/204/139
f 139/205/139 131/187/131 127/186/127 143/206/143
f 143/206/143 127/186/127 122/185/122 135/209/135
f 673/954/485 685/969/489 689/972/399 676/955/407
f 676/955/407 689/972/399 694/982/395 680/958/411
f 680/958/411 694/982/395 687/981/390 674/960/403
f 123/189/123 146/222/146 152/219/152 130/190/130
f 130/190/130 152/219/152 148/218/148 125/193/125
f 125/180/125 148/215/148 145/214/145 121/177/121
f 326/469/231 303/443/206 311/441/212 331/470/238
f 331/470/238 311/441/212 307/440/208 335/473/233
f 335/478/233 307/437/208 302/436/205 327/475/229
f 159/241/159 134/203/134 140/200/140 166/242/166
f 166/242/166 140/200/140 136/199/136 161/243/161
f 161/232/161 136/196/136 133/195/133 157/229/157
f 158/237/158 147/226/147 155/224/155 163/238/163
f 163/238/163 155/224/155 151/223/151 167/239/167
f 167/239/167 151/223/151 146/222/146 159/241/159
f 349/496/254 339/493/243 347/491/251 352/497/259
f 352/497/259 347/491/251 343/490/247 356/500/263
f 356/500/263 343/490/247 338/489/242 350/502/255
f 147/226/147 170/252/170 176/249/176 154/227/154
f 154/227/154 176/249/176 172/248/172 149/228/149
f 149/217/149 172/245/172 169/244/169 145/214/145
f 530/756/342 554/790/366 560/787/372 535/757/347
f 535/757/347 560/787/372 556/786/368 539/758/351
f 539/763/351 556/783/368 553/782/365 531/760/343
f 183/276/183 158/237/158 164/234/164 190/277/190
f 190/277/190 164/234/164 160/233/160 185/278/185
f 185/265/185 160/230/160 157/229/157 181/262/181
f 182/270/182 171/256/171 179/259/179 187/271/187
f 187/272/187 179/254/179 175/253/175 191/273/191
f 191/273/191 175/253/175 170/252/170 183/276/183
f 350/502/255 325/463/230 329/466/236 355/503/262
f 355/503/262 329/466/236 334/479/232 359/504/257
f 359/509/257 334/476/232 327/475/229 351/506/253
f 171/256/171 194/289/194 200/286/200 178/257/178
f 178/257/178 200/286/200 196/285/196 173/260/173
f 173/247/173 196/282/196 193/281/193 169/244/169
f 207/308/207 182/270/182 188/267/188 214/309/214
f 214/309/214 188/267/188 184/266/184 209/310/209
f 209/299/209 184/263/184 181/262/181 205/296/205
f 206/304/206 195/293/195 203/291/203 211/305/211
f 211/305/211 203/291/203 199/290/199 215/306/215
f 215/306/215 199/290/199 194/289/194 207/308/207
f 733/1037/341 722/1028/354 728/1026/360 736/1038/344
f 736/1038/344 728/1026/360 724/1023/356 740/1041/348
f 740/1041/348 724/1023/356 721/1022/353 734/1043/342
f 195/293/195 218/319/218 224/316/224 202/294/202
f 202/294/202 224/316/224 220/315/220 197/295/197
f 197/284/197 220/312/220 217/311/217 193/281/193
f 290/421/195 315/459/218 323/456/224 295/422/202
f 295/422/202 323/456/224 319/455/220 299/423/197
f 299/428/197 319/452/220 314/451/217 291/425/193
f 231/343/231 206/304/206 212/301/212 238/344/238
f 238/344/238 212/301/212 208/300/208 233/345/233
f 233/332/233 208/297/208 205/296/205 229/329/229
f 230/337/230 219/323/219 227/326/227 235/338/235
f 235/339/235 227/321/227 223/320/223 239/340/239
f 239/340/239 223/320/223 218/319/218 231/343/231
f 313/445/219 338/489/242 344/486/248 316/446/226
f 316/446/226 344/486/248 340/485/244 320/449/221
f 320/454/221 340/482/244 337/481/241 314/451/217
f 219/323/219 242/356/242 248/353/248 226/324/226
f 226/324/226 248/353/248 244/352/244 221/327/221
f 221/314/221 244/349/244 241/348/241 217/311/217
f 481/682/293 493/697/305 497/700/309 484/683/296
f 484/683/296 497/700/309 502/710/314 488/686/300
f 488/686/300 502/710/314 495/709/307 482/688/294
f 255/375/255 230/337/230 236/334/236 262/376/262
f 262/376/262 236/334/236 232/333/232 257/377/257
f 257/366/257 232/330/232 229/329/229 253/363/253
f 254/371/254 243/360/243 251/358/251 259/372/259
f 259/372/259 251/358/251 247/357/247 263/373/263
f 263/373/263 247/357/247 242/356/242 255/375/255
f 519/746/331 495/709/307 503/712/315 526/747/338
f 526/748/338 503/707/315 499/706/311 521/735/333
f 521/735/333 499/706/311 494/705/306 517/732/329
f 243/360/243 266/386/266 272/383/272 250/361/250
f 250/361/250 272/383/272 268/382/268 245/362/245
f 245/351/245 268/379/268 265/378/265 241/348/241
f 518/738/330 505/713/317 509/716/321 523/739/335
f 523/742/335 509/729/321 514/728/326 527/743/339
f 527/743/339 514/728/326 507/727/319 519/746/331
f 279/409/279 254/371/254 260/368/260 286/410/286
f 286/410/286 260/368/260 256/367/256 281/413/281
f 281/400/281 256/364/256 253/363/253 277/397/277
f 278/405/278 267/392/267 275/389/275 283/406/283
f 283/406/283 275/389/275 271/388/271 287/407/287
f 287/412/287 271/387/271 266/386/266 279/409/279
f 267/392/267 98/155/98 104/152/104 274/393/274
f 274/393/274 104/152/104 100/151/100 269/394/269
f 269/381/269 100/148/100 97/147/97 265/378/265
f 111/174/111 278/405/278 284/402/284 118/175/118
f 118/175/118 284/402/284 280/401/280 113/176/113
f 113/165/113 280/398/280 277/397/277 109/162/109
f 375/542/279 349/496/254 353/499/260 382/543/286
f 382/543/286 353/499/260 358/510/256 377/546/281
f 377/533/281 358/507/256 351/506/253 373/530/277
f 374/538/278 363/525/267 371/522/275 379/539/283
f 379/539/283 371/522/275 367/521/271 383/540/287
f 383/545/287 367/520/271 362/519/266 375/542/279
f 709/1003/366 697/985/379 701/988/387 712/1004/371
f 712/1004/371 701/988/387 706/1001/383 716/1007/375
f 716/1012/375 706/1000/383 699/999/378 710/1009/367
f 363/525/267 386/556/98 392/553/104 370/526/274
f 370/526/274 392/553/104 388/552/100 365/527/269
f 365/514/269 388/549/100 385/548/97 361/511/265
f 542/771/354 518/738/330 524/741/336 547/772/359
f 547/773/359 524/736/336 520/733/332 551/774/363
f 551/774/363 520/733/332 517/732/329 543/777/355
f 399/575/111 374/538/278 380/535/284 406/576/118
f 406/576/118 380/535/284 376/534/280 401/577/113
f 401/566/113 376/531/280 373/530/277 397/563/109
f 398/571/110 387/560/99 395/558/107 403/572/115
f 403/572/115 395/558/107 391/557/103 407/573/119
f 407/573/119 391/557/103 386/556/98 399/575/111
f 482/688/294 507/727/319 515/724/327 487/689/299
f 487/689/299 515/724/327 511/723/323 491/690/303
f 491/695/303 511/720/323 506/719/318 483/692/295
f 387/560/99 410/586/122 416/583/128 394/561/106
f 394/561/106 416/583/128 412/582/124 389/562/101
f 389/551/101 412/579/124 409/578/121 385/548/97
f 710/1009/367 687/981/390 695/984/396 715/1010/374
f 715/1013/374 695/979/396 691/978/392 719/1014/369
f 719/1014/369 691/978/392 686/977/490 711/1017/365
f 423/610/135 398/571/110 404/568/116 430/611/142
f 430/611/142 404/568/116 400/567/112 425/612/137
f 425/599/137 400/564/112 397/563/109 421/596/133
f 422/604/134 411/590/123 419/593/131 427/605/139
f 427/606/139 419/588/131 415/587/127 431/607/143
f 431/607/143 415/587/127 410/586/122 423/610/135
f 722/1028/354 746/1062/330 752/1059/336 727/1029/359
f 727/1029/359 752/1059/336 748/1058/332 731/1030/363
f 731/1035/363 748/1055/332 745/1054/329 723/1032/355
f 411/590/123 434/623/146 440/620/152 418/591/130
f 418/591/130 440/620/152 436/619/148 413/594/125
f 413/581/125 436/616/148 433/615/145 409/578/121
f 505/713/317 529/750/341 533/753/345 508/714/320
f 508/714/320 533/753/345 538/764/350 512/717/324
f 512/722/324 538/761/350 531/760/343 506/719/318
f 447/642/159 422/604/134 428/601/140 454/643/166
f 454/643/166 428/601/140 424/600/136 449/644/161
f 449/633/161 424/597/136 421/596/133 445/630/157
f 446/638/158 435/627/147 443/625/155 451/639/163
f 451/639/163 443/625/155 439/624/151 455/640/167
f 455/640/167 439/624/151 434/623/146 447/642/159
f 435/627/147 458/653/170 464/650/176 442/628/154
f 442/628/154 464/650/176 460/649/172 437/629/149
f 437/618/149 460/646/172 457/645/169 433/615/145
f 471/676/183 446/638/158 452/635/164 478/677/190
f 478/677/190 452/635/164 448/634/160 473/680/185
f 473/667/185 448/631/160 445/630/157 469/664/181
f 470/672/182 459/659/171 467/656/179 475/673/187
f 475/673/187 467/656/179 463/655/175 479/674/191
f 479/679/191 463/654/175 458/653/170 471/676/183
f 459/659/171 289/415/194 293/418/200 466/660/178
f 466/660/178 293/418/200 298/429/196 461/661/173
f 461/648/173 298/426/196 291/425/193 457/645/169
f 301/430/207 470/672/182 476/669/188 304/431/214
f 304/431/214 476/669/188 472/668/184 308/434/209
f 308/439/209 472/665/184 469/664/181 302/436/205
f 567/813/379 541/765/353 545/768/357 574/814/386
f 574/817/386 545/779/357 550/778/362 569/804/381
f 569/804/381 550/778/362 543/777/355 565/801/377
f 566/807/378 555/796/367 563/793/375 571/808/383
f 571/808/383 563/793/375 559/792/371 575/811/387
f 575/816/387 559/791/371 554/790/366 567/813/379
f 734/1043/342 709/1003/366 713/1006/372 739/1044/347
f 739/1045/347 713/1019/372 718/1018/368 743/1046/351
f 743/1046/351 718/1018/368 711/1017/365 735/1049/343
f 555/796/367 578/827/390 584/824/396 562/797/374
f 562/797/374 584/824/396 580/823/392 557/798/369
f 557/785/369 580/820/392 577/819/389 553/782/365
f 591/846/403 566/807/378 572/810/384 598/847/410
f 598/848/410 572/805/384 568/802/380 593/837/405
f 593/837/405 568/802/380 565/801/377 589/834/401
f 590/840/402 579/831/391 587/829/399 595/841/407
f 595/841/407 587/829/399 583/828/395 599/844/411
f 599/844/411 583/828/395 578/827/390 591/846/403
f 579/831/391 602/858/414 608/855/420 586/832/398
f 586/832/398 608/855/420 604/854/416 581/833/393
f 581/822/393 604/851/416 601/850/413 577/819/389
f 674/960/403 699/999/378 707/996/384 679/961/410
f 679/961/410 707/996/384 703/995/380 683/962/405
f 683/967/405 703/992/380 698/991/377 675/964/486
f 615/882/427 590/840/402 596/843/408 622/883/434
f 622/884/434 596/838/408 592/835/404 617/871/429
f 617/871/429 592/835/404 589/834/401 613/868/425
f 614/874/426 603/862/415 611/865/423 619/875/431
f 619/878/431 611/860/423 607/859/419 623/879/435
f 623/879/435 607/859/419 602/858/414 615/882/427
f 697/985/379 721/1022/353 725/1025/357 700/986/386
f 700/986/386 725/1025/357 730/1036/362 704/989/381
f 704/994/381 730/1033/362 723/1032/355 698/991/377
f 603/862/415 626/894/438 632/891/444 610/863/422
f 610/863/422 632/891/444 628/890/440 605/866/417
f 605/853/417 628/887/440 625/886/437 601/850/413
f 639/913/451 614/874/426 620/877/432 646/914/458
f 646/915/458 620/872/432 616/869/428 641/904/453
f 641/904/453 616/869/428 613/868/425 637/901/449
f 638/907/450 627/898/439 635/896/447 643/908/455
f 643/908/455 635/896/447 631/895/443 647/911/459
f 647/911/459 631/895/443 626/894/438 639/913/451
f 627/898/439 650/925/462 656/922/468 634/899/446
f 634/899/446 656/922/468 652/921/464 629/900/441
f 629/889/441 652/918/464 649/917/461 625/886/437
f 663/948/475 638/907/450 644/910/456 670/949/482
f 670/952/482 644/905/456 640/902/452 665/939/477
f 665/939/477 640/902/452 637/901/449 661/936/473
f 662/942/474 651/931/463 659/928/471 667/943/479
f 667/943/479 659/928/471 655/927/467 671/946/483
f 671/951/483 655/926/467 650/925/462 663/948/475
f 651/931/463 481/682/293 485/685/297 658/932/470
f 658/932/470 485/685/297 490/696/302 653/933/465
f 653/920/465 490/693/302 483/692/295 649/917/461
f 493/697/305 662/942/474 668/945/480 496/698/308
f 496/701/308 668/940/480 664/937/476 500/702/312
f 500/702/312 664/937/476 661/936/473 494/705/306
f 759/1086/317 733/1037/341 737/1040/345 766/1087/320
f 766/1088/320 737/1051/345 742/1050/350 761/1075/324
f 761/1075/324 742/1050/350 735/1049/343 757/1072/318
f 758/1078/319 747/1066/331 755/1069/339 763/1079/326
f 763/1082/326 755/1064/339 751/1063/335 767/1083/321
f 767/1083/321 751/1063/335 746/1062/330 759/1086/317
f 747/1066/331 770/1098/307 776/1095/315 754/1067/338
f 754/1067/338 776/1095/315 772/1094/311 749/1070/333
f 749/1057/333 772/1091/311 769/1090/493 745/1054/329
f 783/1117/294 758/1078/319 764/1081/327 790/1118/299
f 790/1119/299 764/1076/327 760/1073/323 785/1108/303
f 785/1108/303 760/1073/323 757/1072/318 781/1105/497
f 782/1111/498 771/1102/494 779/1100/309 787/1112/296
f 787/1112/296 779/1100/309 775/1099/314 791/1115/300
f 791/1115/300 775/1099/314 770/1098/307 783/1117/294
f 771/1102/494 794/1129/502 800/1126/508 778/1103/496
f 778/1103/496 800/1126/508 796/1125/504 773/1104/495
f 773/1093/495 796/1122/504 793/1121/501 769/1090/493
f 807/1153/515 782/1111/498 788/1114/500 814/1154/522
f 814/1155/522 788/1109/500 784/1106/499 809/1142/517
f 809/1142/517 784/1106/499 781/1105/497 805/1139/513
f 806/1145/514 795/1133/503 803/1136/511 811/1146/519
f 811/1149/519 803/1131/511 799/1130/507 815/1150/523
f 815/1150/523 799/1130/507 794/1129/502 807/1153/515
f 795/1133/503 818/1165/526 824/1162/530 802/1134/510
f 802/1134/510 824/1162/530 820/1161/528 797/1137/505
f 797/1124/505 820/1158/528 817/1157/525 793/1121/501
f 831/1184/534 806/1145/514 812/1148/520 838/1185/538
f 838/1186/538 812/1143/520 808/1140/516 833/1175/536
f 833/1175/536 808/1140/516 805/1139/513 829/1172/532
f 830/1178/533 819/1169/527 827/1167/459 835/1179/443
f 835/1179/443 827/1167/459 823/1166/455 839/1182/447
f 839/1182/447 823/1166/455 818/1165/526 831/1184/534
f 819/1169/527 842/1196/540 848/1193/546 826/1170/531
f 826/1170/531 848/1193/546 844/1192/542 821/1171/529
f 821/1160/529 844/1189/542 841/1188/539 817/1157/525
f 855/1219/553 830/1178/533 836/1181/537 862/1220/560
f 862/1223/560 836/1176/537 832/1173/535 857/1210/555
f 857/1210/555 832/1173/535 829/1172/532 853/1207/551
f 854/1213/552 843/1202/541 851/1199/549 859/1214/557
f 859/1214/557 851/1199/549 847/1198/545 863/1217/561
f 863/1222/561 847/1197/545 842/1196/540 855/1219/553
f 843/1202/541 673/954/485 677/957/487 850/1203/548
f 850/1203/548 677/957/487 682/968/488 845/1204/543
f 845/1191/543 682/965/488 675/964/486 841/1188/539
f 685/969/489 854/1213/552 860/1216/558 688/970/491
f 688/973/491 860/1211/558 856/1208/554 692/974/492
f 692/974/492 856/1208/554 853/1207/551 686/977/490
f 25/37/25 73/110/73 49/73/49 1/1/1
f 3/13/3 15/31/15 39/69/39 26/43/26
f 51/85/51 62/99/62 13/19/13 2/9/2
f 85/129/85 37/55/37 14/25/14 61/91/61
f 27/49/27 38/61/38 87/141/87 74/116/74
f 75/124/75 86/137/86 63/105/63 50/81/50
f 97/147/97 121/177/121 145/214/145 169/244/169 193/281/193 217/311/217 241/348/241 265/378/265
f 99/159/99 110/170/110 135/209/135 122/185/122
f 267/392/267 278/405/278 111/174/111 98/155/98
f 133/195/133 109/162/109 277/397/277 253/363/253 229/329/229 205/296/205 181/262/181 157/229/157
f 123/189/123 134/203/134 159/241/159 146/222/146
f 147/226/147 158/237/158 183/276/183 170/252/170
f 171/256/171 182/270/182 207/308/207 194/289/194
f 195/293/195 206/304/206 231/343/231 218/319/218
f 219/323/219 230/337/230 255/375/255 242/356/242
f 243/360/243 254/371/254 279/409/279 266/386/266
f 459/659/171 470/672/182 301/430/207 289/415/194
f 290/421/195 303/443/206 326/469/231 315/459/218
f 337/481/241 361/511/265 385/548/97 409/578/121 433/615/145 457/645/169 291/425/193 314/451/217
f 421/596/133 397/563/109 373/530/277 351/506/253 327/475/229 302/436/205 469/664/181 445/630/157
f 313/445/219 325/463/230 350/502/255 338/489/242
f 339/493/243 349/496/254 375/542/279 362/519/266
f 363/525/267 374/538/278 399/575/111 386/556/98
f 387/560/99 398/571/110 423/610/135 410/586/122
f 411/590/123 422/604/134 447/642/159 434/623/146
f 435/627/147 446/638/158 471/676/183 458/653/170
f 651/931/463 662/942/474 493/697/305 481/682/293
f 482/688/294 495/709/307 519/746/331 507/727/319
f 553/782/365 577/819/389 601/850/413 625/886/437 649/917/461 483/692/295 506/719/318 531/760/343
f 543/777/355 517/732/329 494/705/306 661/936/473 637/901/449 613/868/425 589/834/401 565/801/377
f 505/713/317 518/738/330 542/771/354 529/750/341
f 530/756/342 541/765/353 567/813/379 554/790/366
f 555/796/367 566/807/378 591/846/403 578/827/390
f 579/831/391 590/840/402 615/882/427 602/858/414
f 603/862/415 614/874/426 639/913/451 626/894/438
f 627/898/439 638/907/450 663/948/475 650/925/462
f 843/1202/541 854/1213/552 685/969/489 673/954/485
f 674/960/403 687/981/390 710/1009/367 699/999/378
f 745/1054/329 769/1090/493 793/1121/501 817/1157/525 841/1188/539 675/964/486 698/991/377 723/1032/355
f 781/1105/497 757/1072/318 735/1049/343 711/1017/365 686/977/490 853/1207/551 829/1172/532 805/1139/513
f 697/985/379 709/1003/366 734/1043/342 721/1022/353
f 722/1028/354 733/1037/341 759/1086/317 746/1062/330
f 747/1066/331 758/1078/319 783/1117/294 770/1098/307
f 771/1102/494 782/1111/498 807/1153/515 794/1129/502
f 795/1133/503 806/1145/514 831/1184/534 818/1165/526
f 819/1169/527 830/1178/533 855/1219/553 842/1196/540
