# Blender 5.0.1
# www.blender.org
mtllib BB_PROP_Valve_Medium.mtl
o BB_PROP_Valve_Medium
v 6.000000 2.092196 -0.400000
v 6.000000 2.100000 -0.392346
v 6.000000 2.096098 -0.398975
v 6.000000 2.098954 -0.396173
v 6.000000 2.092196 0.400000
v 6.000000 2.100000 0.392346
v 6.000000 2.096098 0.398975
v 6.000000 2.098954 0.396173
v 6.035282 2.085178 -0.400000
v 6.038269 2.092388 -0.392346
v 6.036775 2.088783 -0.398975
v 6.037868 2.091422 -0.396173
v 6.035282 2.085178 0.400000
v 6.038269 2.092388 0.392346
v 6.036775 2.088783 0.398975
v 6.037868 2.091422 0.396173
v 6.065193 2.065193 -0.400000
v 6.070711 2.070711 -0.392346
v 6.067952 2.067952 -0.398975
v 6.069972 2.069971 -0.396173
v 6.065193 2.065193 0.400000
v 6.070711 2.070711 0.392346
v 6.067952 2.067952 0.398975
v 6.069972 2.069971 0.396173
v 6.085178 2.035282 -0.400000
v 6.092388 2.038268 -0.392346
v 6.088783 2.036775 -0.398975
v 6.091422 2.037868 -0.396173
v 6.085178 2.035282 0.400000
v 6.092388 2.038268 0.392346
v 6.088783 2.036775 0.398975
v 6.091422 2.037868 0.396173
v 6.092196 2.000000 -0.400000
v 6.100000 2.000000 -0.392346
v 6.096098 2.000000 -0.398975
v 6.098955 2.000000 -0.396173
v 6.092196 2.000000 0.400000
v 6.100000 2.000000 0.392346
v 6.096098 2.000000 0.398975
v 6.098955 2.000000 0.396173
v 6.085178 1.964718 -0.400000
v 6.092388 1.961732 -0.392346
v 6.088783 1.963225 -0.398975
v 6.091422 1.962132 -0.396173
v 6.085178 1.964718 0.400000
v 6.092388 1.961732 0.392346
v 6.088783 1.963225 0.398975
v 6.091422 1.962132 0.396173
v 6.065193 1.934807 -0.400000
v 6.070711 1.929289 -0.392346
v 6.067952 1.932048 -0.398975
v 6.069972 1.930029 -0.396173
v 6.065193 1.934807 0.400000
v 6.070711 1.929289 0.392346
v 6.067952 1.932048 0.398975
v 6.069972 1.930029 0.396173
v 6.035282 1.914822 -0.400000
v 6.038269 1.907612 -0.392346
v 6.036775 1.911217 -0.398975
v 6.037868 1.908578 -0.396173
v 6.035282 1.914822 0.400000
v 6.038269 1.907612 0.392346
v 6.036775 1.911217 0.398975
v 6.037868 1.908578 0.396173
v 6.000000 1.907804 -0.400000
v 6.000000 1.900000 -0.392346
v 6.000000 1.903902 -0.398975
v 6.000000 1.901045 -0.396173
v 6.000000 1.907804 0.400000
v 6.000000 1.900000 0.392346
v 6.000000 1.903902 0.398975
v 6.000000 1.901045 0.396173
v 5.964718 1.914822 -0.400000
v 5.961731 1.907612 -0.392346
v 5.963225 1.911217 -0.398975
v 5.962132 1.908578 -0.396173
v 5.964718 1.914822 0.400000
v 5.961731 1.907612 0.392346
v 5.963225 1.911217 0.398975
v 5.962132 1.908578 0.396173
v 5.934807 1.934807 -0.400000
v 5.929289 1.929289 -0.392346
v 5.932048 1.932048 -0.398975
v 5.930028 1.930029 -0.396173
v 5.934807 1.934807 0.400000
v 5.929289 1.929289 0.392346
v 5.932048 1.932048 0.398975
v 5.930028 1.930029 0.396173
v 5.914822 1.964718 -0.400000
v 5.907612 1.961732 -0.392346
v 5.911217 1.963225 -0.398975
v 5.908578 1.962132 -0.396173
v 5.914822 1.964718 0.400000
v 5.907612 1.961732 0.392346
v 5.911217 1.963225 0.398975
v 5.908578 1.962132 0.396173
v 5.907804 2.000000 -0.400000
v 5.900000 2.000000 -0.392346
v 5.903902 2.000000 -0.398975
v 5.901045 2.000000 -0.396173
v 5.907804 2.000000 0.400000
v 5.900000 2.000000 0.392346
v 5.903902 2.000000 0.398975
v 5.901045 2.000000 0.396173
v 5.914822 2.035282 -0.400000
v 5.907612 2.038268 -0.392346
v 5.911217 2.036775 -0.398975
v 5.908578 2.037868 -0.396173
v 5.914822 2.035282 0.400000
v 5.907612 2.038268 0.392346
v 5.911217 2.036775 0.398975
v 5.908578 2.037868 0.396173
v 5.934807 2.065193 -0.400000
v 5.929289 2.070711 -0.392346
v 5.932048 2.067952 -0.398975
v 5.930028 2.069971 -0.396173
v 5.934807 2.065193 0.400000
v 5.929289 2.070711 0.392346
v 5.932048 2.067952 0.398975
v 5.930028 2.069971 0.396173
v 5.964718 2.085178 -0.400000
v 5.961731 2.092388 -0.392346
v 5.963225 2.088783 -0.398975
v 5.962132 2.091422 -0.396173
v 5.964718 2.085178 0.400000
v 5.961731 2.092388 0.392346
v 5.963225 2.088783 0.398975
v 5.962132 2.091422 0.396173
v 6.000000 2.142196 0.350000
v 6.000000 2.150000 0.357654
v 6.000000 2.146098 0.351025
v 6.000000 2.148954 0.353827
v 6.000000 2.142196 0.450000
v 6.000000 2.150000 0.442346
v 6.000000 2.146098 0.448975
v 6.000000 2.148954 0.446173
v 6.054416 2.131372 0.350000
v 6.057403 2.138582 0.357654
v 6.055909 2.134977 0.351025
v 6.057003 2.137616 0.353827
v 6.054416 2.131372 0.450000
v 6.057403 2.138582 0.442346
v 6.055909 2.134977 0.448975
v 6.057003 2.137616 0.446173
v 6.100548 2.100548 0.350000
v 6.106066 2.106066 0.357654
v 6.103307 2.103307 0.351025
v 6.105327 2.105327 0.353827
v 6.100548 2.100548 0.450000
v 6.106066 2.106066 0.442346
v 6.103307 2.103307 0.448975
v 6.105327 2.105327 0.446173
v 6.138582 2.057403 0.357654
v 6.131372 2.054416 0.350000
v 6.137616 2.057003 0.353827
v 6.134977 2.055909 0.351025
v 6.131372 2.054416 0.450000
v 6.138582 2.057403 0.442346
v 6.134977 2.055909 0.448975
v 6.137616 2.057003 0.446173
v 6.142196 2.000000 0.350000
v 6.150000 2.000000 0.357654
v 6.146098 2.000000 0.351025
v 6.148954 2.000000 0.353827
v 6.142196 2.000000 0.450000
v 6.150000 2.000000 0.442346
v 6.146098 2.000000 0.448975
v 6.148954 2.000000 0.446173
v 6.131372 1.945584 0.350000
v 6.138582 1.942598 0.357654
v 6.134977 1.944091 0.351025
v 6.137616 1.942998 0.353827
v 6.131372 1.945584 0.450000
v 6.138582 1.942598 0.442346
v 6.134977 1.944091 0.448975
v 6.137616 1.942998 0.446173
v 6.100548 1.899452 0.350000
v 6.106066 1.893934 0.357654
v 6.103307 1.896693 0.351025
v 6.105327 1.894673 0.353827
v 6.100548 1.899452 0.450000
v 6.106066 1.893934 0.442346
v 6.103307 1.896693 0.448975
v 6.105327 1.894673 0.446173
v 6.054416 1.868628 0.350000
v 6.057403 1.861418 0.357654
v 6.055909 1.865023 0.351025
v 6.057003 1.862384 0.353827
v 6.054416 1.868628 0.450000
v 6.057403 1.861418 0.442346
v 6.055909 1.865023 0.448975
v 6.057003 1.862384 0.446173
v 6.000000 1.857804 0.350000
v 6.000000 1.850000 0.357654
v 6.000000 1.853902 0.351025
v 6.000000 1.851045 0.353827
v 6.000000 1.857804 0.450000
v 6.000000 1.850000 0.442346
v 6.000000 1.853902 0.448975
v 6.000000 1.851045 0.446173
v 5.945584 1.868628 0.350000
v 5.942597 1.861418 0.357654
v 5.944091 1.865023 0.351025
v 5.942997 1.862384 0.353827
v 5.945584 1.868628 0.450000
v 5.942597 1.861418 0.442346
v 5.944091 1.865023 0.448975
v 5.942997 1.862384 0.446173
v 5.899452 1.899452 0.350000
v 5.893934 1.893934 0.357654
v 5.896693 1.896693 0.351025
v 5.894673 1.894673 0.353827
v 5.899452 1.899452 0.450000
v 5.893934 1.893934 0.442346
v 5.896693 1.896693 0.448975
v 5.894673 1.894673 0.446173
v 5.868628 1.945584 0.350000
v 5.861418 1.942598 0.357654
v 5.865023 1.944091 0.351025
v 5.862384 1.942998 0.353827
v 5.868628 1.945584 0.450000
v 5.861418 1.942598 0.442346
v 5.865023 1.944091 0.448975
v 5.862384 1.942998 0.446173
v 5.857804 2.000000 0.350000
v 5.850000 2.000000 0.357654
v 5.853902 2.000000 0.351025
v 5.851046 2.000000 0.353827
v 5.857804 2.000000 0.450000
v 5.850000 2.000000 0.442346
v 5.853902 2.000000 0.448975
v 5.851046 2.000000 0.446173
v 5.868628 2.054416 0.350000
v 5.861418 2.057403 0.357654
v 5.865023 2.055909 0.351025
v 5.862384 2.057003 0.353827
v 5.868628 2.054416 0.450000
v 5.861418 2.057403 0.442346
v 5.865023 2.055909 0.448975
v 5.862384 2.057003 0.446173
v 5.899452 2.100548 0.350000
v 5.893934 2.106066 0.357654
v 5.896693 2.103307 0.351025
v 5.894673 2.105327 0.353827
v 5.899452 2.100548 0.450000
v 5.893934 2.106066 0.442346
v 5.896693 2.103307 0.448975
v 5.894673 2.105327 0.446173
v 5.945584 2.131372 0.350000
v 5.942597 2.138582 0.357654
v 5.944091 2.134977 0.351025
v 5.942997 2.137616 0.353827
v 5.945584 2.131372 0.450000
v 5.942597 2.138582 0.442346
v 5.944091 2.134977 0.448975
v 5.942997 2.137616 0.446173
v 6.000000 2.142196 -0.450000
v 6.000000 2.150000 -0.442346
v 6.000000 2.146098 -0.448975
v 6.000000 2.148954 -0.446173
v 6.000000 2.142196 -0.350000
v 6.000000 2.150000 -0.357654
v 6.000000 2.146098 -0.351025
v 6.000000 2.148954 -0.353827
v 6.054416 2.131372 -0.450000
v 6.057403 2.138582 -0.442346
v 6.055909 2.134977 -0.448975
v 6.057003 2.137616 -0.446173
v 6.054416 2.131372 -0.350000
v 6.057403 2.138582 -0.357654
v 6.055909 2.134977 -0.351025
v 6.057003 2.137616 -0.353827
v 6.100548 2.100548 -0.450000
v 6.106066 2.106066 -0.442346
v 6.103307 2.103307 -0.448975
v 6.105327 2.105327 -0.446173
v 6.100548 2.100548 -0.350000
v 6.106066 2.106066 -0.357654
v 6.103307 2.103307 -0.351025
v 6.105327 2.105327 -0.353827
v 6.138582 2.057403 -0.442346
v 6.131372 2.054416 -0.450000
v 6.137616 2.057003 -0.446173
v 6.134977 2.055909 -0.448975
v 6.131372 2.054416 -0.350000
v 6.138582 2.057403 -0.357654
v 6.134977 2.055909 -0.351025
v 6.137616 2.057003 -0.353827
v 6.142196 2.000000 -0.450000
v 6.150000 2.000000 -0.442346
v 6.146098 2.000000 -0.448975
v 6.148954 2.000000 -0.446173
v 6.142196 2.000000 -0.350000
v 6.150000 2.000000 -0.357654
v 6.146098 2.000000 -0.351025
v 6.148954 2.000000 -0.353827
v 6.131372 1.945584 -0.450000
v 6.138582 1.942598 -0.442346
v 6.134977 1.944091 -0.448975
v 6.137616 1.942998 -0.446173
v 6.131372 1.945584 -0.350000
v 6.138582 1.942598 -0.357654
v 6.134977 1.944091 -0.351025
v 6.137616 1.942998 -0.353827
v 6.100548 1.899452 -0.450000
v 6.106066 1.893934 -0.442346
v 6.103307 1.896693 -0.448975
v 6.105327 1.894673 -0.446173
v 6.100548 1.899452 -0.350000
v 6.106066 1.893934 -0.357654
v 6.103307 1.896693 -0.351025
v 6.105327 1.894673 -0.353827
v 6.054416 1.868628 -0.450000
v 6.057403 1.861418 -0.442346
v 6.055909 1.865023 -0.448975
v 6.057003 1.862384 -0.446173
v 6.054416 1.868628 -0.350000
v 6.057403 1.861418 -0.357654
v 6.055909 1.865023 -0.351025
v 6.057003 1.862384 -0.353827
v 6.000000 1.857804 -0.450000
v 6.000000 1.850000 -0.442346
v 6.000000 1.853902 -0.448975
v 6.000000 1.851045 -0.446173
v 6.000000 1.857804 -0.350000
v 6.000000 1.850000 -0.357654
v 6.000000 1.853902 -0.351025
v 6.000000 1.851045 -0.353827
v 5.945584 1.868628 -0.450000
v 5.942597 1.861418 -0.442346
v 5.944091 1.865023 -0.448975
v 5.942997 1.862384 -0.446173
v 5.945584 1.868628 -0.350000
v 5.942597 1.861418 -0.357654
v 5.944091 1.865023 -0.351025
v 5.942997 1.862384 -0.353827
v 5.899452 1.899452 -0.450000
v 5.893934 1.893934 -0.442346
v 5.896693 1.896693 -0.448975
v 5.894673 1.894673 -0.446173
v 5.899452 1.899452 -0.350000
v 5.893934 1.893934 -0.357654
v 5.896693 1.896693 -0.351025
v 5.894673 1.894673 -0.353827
v 5.868628 1.945584 -0.450000
v 5.861418 1.942598 -0.442346
v 5.865023 1.944091 -0.448975
v 5.862384 1.942998 -0.446173
v 5.868628 1.945584 -0.350000
v 5.861418 1.942598 -0.357654
v 5.865023 1.944091 -0.351025
v 5.862384 1.942998 -0.353827
v 5.857804 2.000000 -0.450000
v 5.850000 2.000000 -0.442346
v 5.853902 2.000000 -0.448975
v 5.851046 2.000000 -0.446173
v 5.857804 2.000000 -0.350000
v 5.850000 2.000000 -0.357654
v 5.853902 2.000000 -0.351025
v 5.851046 2.000000 -0.353827
v 5.868628 2.054416 -0.450000
v 5.861418 2.057403 -0.442346
v 5.865023 2.055909 -0.448975
v 5.862384 2.057003 -0.446173
v 5.868628 2.054416 -0.350000
v 5.861418 2.057403 -0.357654
v 5.865023 2.055909 -0.351025
v 5.862384 2.057003 -0.353827
v 5.899452 2.100548 -0.450000
v 5.893934 2.106066 -0.442346
v 5.896693 2.103307 -0.448975
v 5.894673 2.105327 -0.446173
v 5.899452 2.100548 -0.350000
v 5.893934 2.106066 -0.357654
v 5.896693 2.103307 -0.351025
v 5.894673 2.105327 -0.353827
v 5.945584 2.131372 -0.450000
v 5.942597 2.138582 -0.442346
v 5.944091 2.134977 -0.448975
v 5.942997 2.137616 -0.446173
v 5.945584 2.131372 -0.350000
v 5.942597 2.138582 -0.357654
v 5.944091 2.134977 -0.351025
v 5.942997 2.137616 -0.353827
v 6.000000 1.700000 0.072076
v 6.000000 1.707654 0.080000
v 6.000000 1.701025 0.076038
v 6.000000 1.703827 0.078938
v 6.000000 2.000000 0.072076
v 6.000000 1.992346 0.080000
v 6.000000 1.998975 0.076038
v 6.000000 1.996173 0.078938
v 6.036038 1.700000 0.062420
v 6.040000 1.707654 0.069282
v 6.038019 1.701025 0.065851
v 6.039469 1.703827 0.068363
v 6.036038 2.000000 0.062420
v 6.040000 1.992346 0.069282
v 6.038019 1.998975 0.065851
v 6.039469 1.996173 0.068363
v 6.062420 1.700000 0.036038
v 6.069282 1.707654 0.040000
v 6.065851 1.701025 0.038019
v 6.068363 1.703827 0.039469
v 6.062420 2.000000 0.036038
v 6.069282 1.992346 0.040000
v 6.065851 1.998975 0.038019
v 6.068363 1.996173 0.039469
v 6.080000 1.707654 0.000000
v 6.072076 1.700000 0.000000
v 6.078938 1.703827 0.000000
v 6.076038 1.701025 0.000000
v 6.072076 2.000000 -0.000000
v 6.080000 1.992346 0.000000
v 6.076038 1.998975 -0.000000
v 6.078938 1.996173 -0.000000
v 6.062420 1.700000 -0.036038
v 6.069282 1.707654 -0.040000
v 6.065851 1.701025 -0.038019
v 6.068363 1.703827 -0.039469
v 6.062420 2.000000 -0.036038
v 6.069282 1.992346 -0.040000
v 6.065851 1.998975 -0.038019
v 6.068363 1.996173 -0.039469
v 6.036038 1.700000 -0.062420
v 6.040000 1.707654 -0.069282
v 6.038019 1.701025 -0.065851
v 6.039469 1.703827 -0.068363
v 6.036038 2.000000 -0.062420
v 6.040000 1.992346 -0.069282
v 6.038019 1.998975 -0.065851
v 6.039469 1.996173 -0.068363
v 6.000000 1.700000 -0.072076
v 6.000000 1.707654 -0.080000
v 6.000000 1.701025 -0.076038
v 6.000000 1.703827 -0.078938
v 6.000000 2.000000 -0.072076
v 6.000000 1.992346 -0.080000
v 6.000000 1.998975 -0.076038
v 6.000000 1.996173 -0.078938
v 5.963962 1.700000 -0.062420
v 5.960000 1.707654 -0.069282
v 5.961981 1.701025 -0.065851
v 5.960531 1.703827 -0.068363
v 5.963962 2.000000 -0.062420
v 5.960000 1.992346 -0.069282
v 5.961981 1.998975 -0.065851
v 5.960531 1.996173 -0.068363
v 5.937580 1.700000 -0.036038
v 5.930718 1.707654 -0.040000
v 5.934149 1.701025 -0.038019
v 5.931637 1.703827 -0.039469
v 5.937580 2.000000 -0.036038
v 5.930718 1.992346 -0.040000
v 5.934149 1.998975 -0.038019
v 5.931637 1.996173 -0.039469
v 5.927924 1.700000 -0.000000
v 5.920000 1.707654 0.000000
v 5.923962 1.701025 -0.000000
v 5.921062 1.703827 -0.000000
v 5.927924 2.000000 0.000000
v 5.920000 1.992346 0.000000
v 5.923962 1.998975 0.000000
v 5.921062 1.996173 0.000000
v 5.937580 1.700000 0.036038
v 5.930718 1.707654 0.040000
v 5.934149 1.701025 0.038019
v 5.931637 1.703827 0.039469
v 5.937580 2.000000 0.036038
v 5.930718 1.992346 0.040000
v 5.934149 1.998975 0.038019
v 5.931637 1.996173 0.039469
v 5.963962 1.700000 0.062420
v 5.960000 1.707654 0.069282
v 5.961981 1.701025 0.065851
v 5.960531 1.703827 0.068363
v 5.963962 2.000000 0.062420
v 5.960000 1.992346 0.069282
v 5.961981 1.998975 0.065851
v 5.960531 1.996173 0.068363
v 6.192929 1.597654 0.017071
v 6.207071 1.597654 0.017071
v 6.200000 1.590000 0.011716
v 6.197417 1.597654 0.018071
v 6.194685 1.593901 0.016572
v 6.198310 1.594017 0.017544
v 6.205315 1.593901 0.016572
v 6.202582 1.597654 0.018071
v 6.201690 1.594017 0.017544
v 6.197242 1.591133 0.014635
v 6.202758 1.591133 0.014635
v 6.200000 1.591983 0.016452
v 6.192929 1.802346 0.017071
v 6.200000 1.810000 0.011716
v 6.207071 1.802346 0.017071
v 6.194685 1.806099 0.016572
v 6.197417 1.802346 0.018071
v 6.198310 1.805983 0.017544
v 6.202758 1.808867 0.014635
v 6.197242 1.808867 0.014635
v 6.200000 1.808017 0.016452
v 6.202582 1.802346 0.018071
v 6.205315 1.806099 0.016572
v 6.201690 1.805983 0.017544
v 6.208284 1.590000 0.008284
v 6.207071 1.597654 0.017071
v 6.217071 1.597654 0.007071
v 6.207365 1.591022 0.012358
v 6.212358 1.591022 0.007365
v 6.211311 1.592016 0.011312
v 6.211307 1.597654 0.014978
v 6.206919 1.593832 0.015583
v 6.210998 1.593994 0.013582
v 6.215583 1.593832 0.006919
v 6.214978 1.597654 0.011307
v 6.213582 1.593994 0.010998
v 6.208284 1.810000 0.008284
v 6.217071 1.802346 0.007071
v 6.207071 1.802346 0.017071
v 6.212358 1.808977 0.007365
v 6.207365 1.808977 0.012358
v 6.211311 1.807984 0.011312
v 6.214978 1.802346 0.011307
v 6.215583 1.806168 0.006919
v 6.213582 1.806006 0.010998
v 6.206919 1.806168 0.015583
v 6.211307 1.802346 0.014978
v 6.210998 1.806006 0.013582
v 6.217071 1.597654 0.007071
v 6.217071 1.597654 -0.007071
v 6.211716 1.590000 0.000000
v 6.218071 1.597654 0.002583
v 6.216572 1.593901 0.005315
v 6.217545 1.594017 0.001690
v 6.216572 1.593901 -0.005315
v 6.218071 1.597654 -0.002583
v 6.217545 1.594017 -0.001690
v 6.214635 1.591133 0.002758
v 6.214635 1.591133 -0.002758
v 6.216452 1.591983 0.000000
v 6.217071 1.802346 0.007071
v 6.211716 1.810000 0.000000
v 6.217071 1.802346 -0.007071
v 6.216572 1.806099 0.005315
v 6.218071 1.802346 0.002583
v 6.217545 1.805983 0.001690
v 6.214635 1.808867 -0.002758
v 6.214635 1.808867 0.002758
v 6.216452 1.808017 0.000000
v 6.218071 1.802346 -0.002583
v 6.216572 1.806099 -0.005315
v 6.217545 1.805983 -0.001690
v 6.217071 1.597654 -0.007071
v 6.207071 1.597654 -0.017071
v 6.208284 1.590000 -0.008284
v 6.214978 1.597654 -0.011307
v 6.215583 1.593832 -0.006919
v 6.213582 1.593994 -0.010998
v 6.206919 1.593832 -0.015583
v 6.211307 1.597654 -0.014978
v 6.210998 1.593994 -0.013582
v 6.212358 1.591022 -0.007365
v 6.207365 1.591022 -0.012358
v 6.211311 1.592016 -0.011312
v 6.217071 1.802346 -0.007071
v 6.208284 1.810000 -0.008284
v 6.207071 1.802346 -0.017071
v 6.215583 1.806168 -0.006919
v 6.214978 1.802346 -0.011307
v 6.213582 1.806006 -0.010998
v 6.207365 1.808977 -0.012358
v 6.212358 1.808977 -0.007365
v 6.211311 1.807984 -0.011312
v 6.211307 1.802346 -0.014978
v 6.206919 1.806168 -0.015583
v 6.210998 1.806006 -0.013582
v 6.200000 1.590000 -0.011716
v 6.207071 1.597654 -0.017071
v 6.192929 1.597654 -0.017071
v 6.202758 1.591133 -0.014635
v 6.197242 1.591133 -0.014635
v 6.200000 1.591983 -0.016452
v 6.202582 1.597654 -0.018071
v 6.205315 1.593901 -0.016572
v 6.201690 1.594017 -0.017544
v 6.194685 1.593901 -0.016572
v 6.197417 1.597654 -0.018071
v 6.198310 1.594017 -0.017544
v 6.200000 1.810000 -0.011716
v 6.192929 1.802346 -0.017071
v 6.207071 1.802346 -0.017071
v 6.197242 1.808867 -0.014635
v 6.202758 1.808867 -0.014635
v 6.200000 1.808017 -0.016452
v 6.197417 1.802346 -0.018071
v 6.194685 1.806099 -0.016572
v 6.198310 1.805983 -0.017544
v 6.205315 1.806099 -0.016572
v 6.202582 1.802346 -0.018071
v 6.201690 1.805983 -0.017544
v 6.191716 1.590000 -0.008284
v 6.192929 1.597654 -0.017071
v 6.182929 1.597654 -0.007071
v 6.192635 1.591022 -0.012358
v 6.187642 1.591022 -0.007365
v 6.188688 1.592016 -0.011312
v 6.188693 1.597654 -0.014978
v 6.193080 1.593832 -0.015583
v 6.189002 1.593994 -0.013582
v 6.184417 1.593832 -0.006919
v 6.185022 1.597654 -0.011307
v 6.186418 1.593994 -0.010998
v 6.191716 1.810000 -0.008284
v 6.182929 1.802346 -0.007071
v 6.192929 1.802346 -0.017071
v 6.187642 1.808977 -0.007365
v 6.192635 1.808977 -0.012358
v 6.188688 1.807984 -0.011312
v 6.185022 1.802346 -0.011307
v 6.184417 1.806168 -0.006919
v 6.186418 1.806006 -0.010998
v 6.193080 1.806168 -0.015583
v 6.188693 1.802346 -0.014978
v 6.189002 1.806006 -0.013582
v 6.188284 1.590000 0.000000
v 6.182929 1.597654 -0.007071
v 6.182929 1.597654 0.007071
v 6.185365 1.591133 -0.002758
v 6.185365 1.591133 0.002758
v 6.183548 1.591983 -0.000000
v 6.181929 1.597654 -0.002583
v 6.183428 1.593901 -0.005315
v 6.182456 1.594017 -0.001690
v 6.183428 1.593901 0.005315
v 6.181929 1.597654 0.002583
v 6.182456 1.594017 0.001690
v 6.188284 1.810000 0.000000
v 6.182929 1.802346 0.007071
v 6.182929 1.802346 -0.007071
v 6.185365 1.808867 0.002758
v 6.185365 1.808867 -0.002758
v 6.183548 1.808017 -0.000000
v 6.181929 1.802346 0.002583
v 6.183428 1.806099 0.005315
v 6.182456 1.805983 0.001690
v 6.183428 1.806099 -0.005315
v 6.181929 1.802346 -0.002583
v 6.182456 1.805983 -0.001690
v 6.191716 1.590000 0.008284
v 6.182929 1.597654 0.007071
v 6.192929 1.597654 0.017071
v 6.187642 1.591022 0.007365
v 6.192635 1.591022 0.012358
v 6.188688 1.592016 0.011312
v 6.185022 1.597654 0.011307
v 6.184417 1.593832 0.006919
v 6.186418 1.593994 0.010998
v 6.193080 1.593832 0.015583
v 6.188693 1.597654 0.014978
v 6.189002 1.593994 0.013582
v 6.191716 1.810000 0.008284
v 6.192929 1.802346 0.017071
v 6.182929 1.802346 0.007071
v 6.192635 1.808977 0.012358
v 6.187642 1.808977 0.007365
v 6.188688 1.807984 0.011312
v 6.188693 1.802346 0.014978
v 6.193080 1.806168 0.015583
v 6.189002 1.806006 0.013582
v 6.184417 1.806168 0.006919
v 6.185022 1.802346 0.011307
v 6.186418 1.806006 0.010998
v 6.185099 1.642703 0.190276
v 6.192170 1.654950 0.190276
v 6.195263 1.645000 0.184921
v 6.187343 1.646590 0.191277
v 6.189227 1.642347 0.189777
v 6.190939 1.645545 0.190749
v 6.194542 1.651554 0.189777
v 6.189926 1.651063 0.191277
v 6.192629 1.648472 0.190749
v 6.192903 1.643178 0.187840
v 6.195661 1.647955 0.187840
v 6.193545 1.645992 0.189657
v 6.004737 1.755000 0.184921
v 6.014901 1.757297 0.190276
v 6.007830 1.745049 0.190276
v 6.007098 1.756822 0.187840
v 6.004339 1.752045 0.187840
v 6.006454 1.754008 0.189657
v 6.012657 1.753410 0.191277
v 6.010773 1.757653 0.189777
v 6.009060 1.754455 0.190749
v 6.005458 1.748446 0.189777
v 6.010074 1.748937 0.191277
v 6.007371 1.751528 0.190750
v 6.197170 1.663611 0.180276
v 6.199405 1.652174 0.181489
v 6.192170 1.654950 0.190276
v 6.199736 1.660412 0.180124
v 6.196123 1.661798 0.184512
v 6.198596 1.658759 0.184203
v 6.198060 1.651889 0.185563
v 6.200556 1.656214 0.180570
v 6.199173 1.655804 0.184517
v 6.194288 1.658619 0.188183
v 6.195404 1.652908 0.188788
v 6.197303 1.656521 0.186787
v 6.019901 1.765957 0.180276
v 6.014901 1.757297 0.190276
v 6.008879 1.762174 0.181489
v 6.018854 1.764144 0.184512
v 6.015847 1.766580 0.180124
v 6.014987 1.764766 0.184203
v 6.011516 1.759076 0.188788
v 6.017019 1.760965 0.188183
v 6.013695 1.762528 0.186787
v 6.011802 1.765191 0.180570
v 6.009305 1.760867 0.185563
v 6.012139 1.763788 0.184517
v 6.197170 1.663611 0.180276
v 6.197170 1.663611 0.166134
v 6.201121 1.655146 0.173205
v 6.197670 1.664477 0.175788
v 6.200171 1.661302 0.178520
v 6.200557 1.662202 0.174895
v 6.200171 1.661302 0.167890
v 6.197670 1.664477 0.170623
v 6.200557 1.662202 0.171515
v 6.201599 1.658241 0.175963
v 6.201599 1.658241 0.170447
v 6.201771 1.660239 0.173205
v 6.010595 1.765146 0.173205
v 6.019901 1.765957 0.166134
v 6.019901 1.765957 0.180276
v 6.013036 1.767108 0.170447
v 6.013036 1.767108 0.175963
v 6.014680 1.768256 0.173205
v 6.020401 1.766824 0.170623
v 6.016401 1.767401 0.167890
v 6.016988 1.768186 0.171515
v 6.016401 1.767401 0.178520
v 6.020401 1.766824 0.175788
v 6.016988 1.768186 0.174895
v 6.199405 1.652174 0.164921
v 6.197170 1.663611 0.166134
v 6.192170 1.654950 0.156134
v 6.200556 1.656214 0.165840
v 6.198060 1.651889 0.160847
v 6.199173 1.655804 0.161894
v 6.196123 1.661798 0.161898
v 6.199736 1.660412 0.166286
v 6.198596 1.658759 0.162207
v 6.195404 1.652908 0.157622
v 6.194288 1.658619 0.158227
v 6.197303 1.656521 0.159623
v 6.008879 1.762174 0.164921
v 6.014901 1.757297 0.156134
v 6.019901 1.765957 0.166134
v 6.009305 1.760867 0.160847
v 6.011802 1.765191 0.165840
v 6.012139 1.763788 0.161894
v 6.017019 1.760965 0.158227
v 6.011516 1.759076 0.157622
v 6.013695 1.762528 0.159623
v 6.015847 1.766580 0.166286
v 6.018854 1.764144 0.161898
v 6.014987 1.764766 0.162207
v 6.195263 1.645000 0.161489
v 6.192170 1.654950 0.156134
v 6.185099 1.642703 0.156134
v 6.195661 1.647955 0.158570
v 6.192903 1.643178 0.158570
v 6.193545 1.645992 0.156753
v 6.189926 1.651063 0.155134
v 6.194542 1.651554 0.156633
v 6.192629 1.648472 0.155661
v 6.189227 1.642347 0.156633
v 6.187343 1.646590 0.155134
v 6.190939 1.645545 0.155661
v 6.004737 1.755000 0.161489
v 6.007830 1.745049 0.156134
v 6.014901 1.757297 0.156134
v 6.004339 1.752045 0.158570
v 6.007098 1.756822 0.158570
v 6.006454 1.754008 0.156753
v 6.010074 1.748937 0.155134
v 6.005458 1.748446 0.156633
v 6.007371 1.751528 0.155661
v 6.010773 1.757653 0.156633
v 6.012657 1.753410 0.155134
v 6.009060 1.754455 0.155661
v 6.191121 1.637826 0.164921
v 6.185099 1.642703 0.156134
v 6.180099 1.634043 0.166134
v 6.190083 1.638293 0.160906
v 6.188132 1.634915 0.164807
v 6.187729 1.635917 0.161572
v 6.183158 1.639342 0.158601
v 6.187905 1.640057 0.157728
v 6.186179 1.637299 0.159604
v 6.184146 1.633547 0.165245
v 6.181332 1.636179 0.162253
v 6.184984 1.635230 0.161994
v 6.000595 1.747826 0.164921
v 6.002830 1.736389 0.166134
v 6.007830 1.745049 0.156134
v 5.999569 1.743782 0.164807
v 6.001519 1.747160 0.160906
v 6.000638 1.743934 0.161572
v 6.004063 1.738525 0.162253
v 6.000377 1.739646 0.165246
v 6.001415 1.741213 0.161994
v 6.004136 1.746156 0.157729
v 6.005889 1.741688 0.158600
v 6.002610 1.743283 0.159604
v 6.189405 1.634854 0.173205
v 6.180099 1.634043 0.166134
v 6.180099 1.634043 0.180276
v 6.187404 1.633434 0.169674
v 6.187404 1.633434 0.176736
v 6.185519 1.632154 0.173205
v 6.179341 1.632731 0.170610
v 6.183989 1.633136 0.167079
v 6.183114 1.631945 0.171378
v 6.183989 1.633136 0.179331
v 6.179341 1.632731 0.175801
v 6.183114 1.631945 0.175032
v 5.998879 1.744854 0.173205
v 6.002830 1.736389 0.180276
v 6.002830 1.736389 0.166134
v 5.998650 1.742411 0.176736
v 5.998650 1.742411 0.169674
v 5.998485 1.740138 0.173205
v 6.002072 1.735077 0.175801
v 6.000100 1.739304 0.179331
v 5.999506 1.737951 0.175032
v 6.000100 1.739304 0.167079
v 6.002072 1.735077 0.170610
v 5.999506 1.737951 0.171378
v 6.191121 1.637826 0.181489
v 6.180099 1.634043 0.180276
v 6.185099 1.642703 0.190276
v 6.188132 1.634915 0.181603
v 6.190083 1.638293 0.185504
v 6.187729 1.635917 0.184838
v 6.181332 1.636179 0.184157
v 6.184146 1.633547 0.181165
v 6.184984 1.635230 0.184416
v 6.187905 1.640057 0.188682
v 6.183158 1.639342 0.187810
v 6.186179 1.637299 0.186806
v 6.000595 1.747826 0.181489
v 6.007830 1.745049 0.190276
v 6.002830 1.736389 0.180276
v 6.001519 1.747160 0.185504
v 5.999569 1.743782 0.181603
v 6.000638 1.743934 0.184838
v 6.005889 1.741688 0.187810
v 6.004136 1.746156 0.188682
v 6.002610 1.743283 0.186806
v 6.000377 1.739646 0.181165
v 6.004063 1.738525 0.184157
v 6.001415 1.741213 0.184416
v 5.992170 1.745049 0.190276
v 5.985099 1.757297 0.190276
v 5.995263 1.755000 0.184921
v 5.989926 1.748937 0.191277
v 5.994542 1.748446 0.189777
v 5.992629 1.751528 0.190749
v 5.989227 1.757653 0.189777
v 5.987343 1.753410 0.191277
v 5.990940 1.754455 0.190749
v 5.995661 1.752045 0.187840
v 5.992902 1.756822 0.187840
v 5.993546 1.754008 0.189657
v 5.804737 1.645000 0.184921
v 5.807830 1.654950 0.190276
v 5.814901 1.642703 0.190276
v 5.804339 1.647955 0.187840
v 5.807097 1.643178 0.187840
v 5.806455 1.645992 0.189657
v 5.810074 1.651063 0.191277
v 5.805458 1.651554 0.189777
v 5.807371 1.648472 0.190749
v 5.810773 1.642347 0.189777
v 5.812657 1.646590 0.191277
v 5.809061 1.645545 0.190749
v 5.980099 1.765957 0.180276
v 5.991121 1.762174 0.181489
v 5.985099 1.757297 0.190276
v 5.984153 1.766580 0.180124
v 5.981146 1.764144 0.184512
v 5.985013 1.764766 0.184203
v 5.990695 1.760867 0.185563
v 5.988198 1.765191 0.180570
v 5.987861 1.763788 0.184517
v 5.982981 1.760965 0.188183
v 5.988484 1.759076 0.188788
v 5.986305 1.762528 0.186787
v 5.802830 1.663611 0.180276
v 5.807830 1.654950 0.190276
v 5.800595 1.652174 0.181489
v 5.803877 1.661798 0.184512
v 5.800264 1.660412 0.180124
v 5.801404 1.658759 0.184203
v 5.804596 1.652908 0.188788
v 5.805712 1.658619 0.188183
v 5.802697 1.656521 0.186787
v 5.799444 1.656214 0.180570
v 5.801940 1.651889 0.185563
v 5.800827 1.655804 0.184517
v 5.980099 1.765957 0.180276
v 5.980099 1.765957 0.166134
v 5.989405 1.765146 0.173205
v 5.979599 1.766824 0.175788
v 5.983599 1.767401 0.178520
v 5.983012 1.768186 0.174895
v 5.983599 1.767401 0.167890
v 5.979599 1.766824 0.170623
v 5.983012 1.768186 0.171515
v 5.986964 1.767108 0.175963
v 5.986964 1.767108 0.170447
v 5.985320 1.768256 0.173205
v 5.802830 1.663611 0.166134
v 5.802830 1.663611 0.180276
v 5.798879 1.655146 0.173205
v 5.802330 1.664477 0.170623
v 5.799829 1.661302 0.167890
v 5.799443 1.662202 0.171515
v 5.799829 1.661302 0.178520
v 5.802330 1.664477 0.175788
v 5.799443 1.662202 0.174895
v 5.798401 1.658241 0.170447
v 5.798401 1.658241 0.175963
v 5.798229 1.660239 0.173205
v 5.991121 1.762174 0.164921
v 5.980099 1.765957 0.166134
v 5.985099 1.757297 0.156134
v 5.988198 1.765191 0.165840
v 5.990695 1.760867 0.160847
v 5.987861 1.763788 0.161894
v 5.981146 1.764144 0.161898
v 5.984153 1.766580 0.166286
v 5.985013 1.764766 0.162207
v 5.988485 1.759076 0.157622
v 5.982981 1.760965 0.158227
v 5.986305 1.762528 0.159623
v 5.800595 1.652174 0.164921
v 5.807830 1.654950 0.156134
v 5.802830 1.663611 0.166134
v 5.801940 1.651889 0.160847
v 5.799444 1.656214 0.165840
v 5.800827 1.655804 0.161894
v 5.805712 1.658619 0.158227
v 5.804596 1.652908 0.157622
v 5.802697 1.656521 0.159623
v 5.800264 1.660412 0.166286
v 5.803877 1.661798 0.161898
v 5.801404 1.658759 0.162207
v 5.995263 1.755000 0.161489
v 5.985099 1.757297 0.156134
v 5.992170 1.745049 0.156134
v 5.992902 1.756822 0.158570
v 5.995661 1.752045 0.158570
v 5.993546 1.754008 0.156753
v 5.987343 1.753410 0.155134
v 5.989227 1.757653 0.156633
v 5.990940 1.754455 0.155661
v 5.994542 1.748446 0.156633
v 5.989926 1.748937 0.155134
v 5.992629 1.751528 0.155661
v 5.804737 1.645000 0.161489
v 5.814901 1.642703 0.156134
v 5.807830 1.654950 0.156134
v 5.807097 1.643178 0.158570
v 5.804339 1.647955 0.158570
v 5.806455 1.645992 0.156753
v 5.812657 1.646590 0.155134
v 5.810773 1.642347 0.156633
v 5.809061 1.645545 0.155661
v 5.805458 1.651554 0.156633
v 5.810074 1.651063 0.155134
v 5.807371 1.648472 0.155661
v 5.999405 1.747826 0.164921
v 5.992170 1.745049 0.156134
v 5.997170 1.736389 0.166134
v 5.998481 1.747160 0.160906
v 6.000431 1.743782 0.164807
v 5.999362 1.743934 0.161572
v 5.994111 1.741688 0.158600
v 5.995864 1.746156 0.157729
v 5.997390 1.743283 0.159604
v 5.999623 1.739646 0.165246
v 5.995937 1.738525 0.162253
v 5.998585 1.741213 0.161994
v 5.808879 1.637826 0.164921
v 5.819901 1.634043 0.166134
v 5.814901 1.642703 0.156134
v 5.811868 1.634915 0.164807
v 5.809917 1.638293 0.160906
v 5.812271 1.635917 0.161572
v 5.818668 1.636179 0.162253
v 5.815854 1.633547 0.165246
v 5.815016 1.635230 0.161994
v 5.812095 1.640057 0.157728
v 5.816842 1.639342 0.158600
v 5.813821 1.637299 0.159604
v 6.001121 1.744854 0.173205
v 5.997170 1.736389 0.166134
v 5.997170 1.736389 0.180276
v 6.001350 1.742411 0.169674
v 6.001350 1.742411 0.176736
v 6.001515 1.740138 0.173205
v 5.997928 1.735077 0.170610
v 5.999900 1.739304 0.167079
v 6.000494 1.737951 0.171378
v 5.999900 1.739304 0.179331
v 5.997928 1.735077 0.175801
v 6.000494 1.737951 0.175032
v 5.810595 1.634854 0.173205
v 5.819901 1.634043 0.180276
v 5.819901 1.634043 0.166134
v 5.812596 1.633434 0.176736
v 5.812596 1.633434 0.169674
v 5.814481 1.632154 0.173205
v 5.820659 1.632731 0.175801
v 5.816011 1.633136 0.179331
v 5.816886 1.631945 0.175032
v 5.816011 1.633136 0.167079
v 5.820659 1.632731 0.170610
v 5.816886 1.631945 0.171378
v 5.999405 1.747826 0.181489
v 5.997170 1.736389 0.180276
v 5.992170 1.745049 0.190276
v 6.000431 1.743782 0.181603
v 5.998481 1.747160 0.185504
v 5.999362 1.743934 0.184838
v 5.995937 1.738525 0.184157
v 5.999623 1.739646 0.181165
v 5.998585 1.741213 0.184416
v 5.995864 1.746156 0.188682
v 5.994111 1.741688 0.187810
v 5.997390 1.743283 0.186806
v 5.808879 1.637826 0.181489
v 5.814901 1.642703 0.190276
v 5.819901 1.634043 0.180276
v 5.809917 1.638293 0.185504
v 5.811868 1.634915 0.181603
v 5.812271 1.635917 0.184838
v 5.816842 1.639342 0.187810
v 5.812095 1.640057 0.188682
v 5.813821 1.637299 0.186806
v 5.815854 1.633547 0.181165
v 5.818668 1.636179 0.184157
v 5.815016 1.635230 0.184416
v 5.807071 1.802346 0.017071
v 5.792929 1.802346 0.017071
v 5.800000 1.810000 0.011716
v 5.802583 1.802346 0.018071
v 5.805315 1.806099 0.016572
v 5.801690 1.805983 0.017544
v 5.794685 1.806099 0.016572
v 5.797418 1.802346 0.018071
v 5.798310 1.805983 0.017544
v 5.802758 1.808867 0.014635
v 5.797242 1.808867 0.014635
v 5.800000 1.808017 0.016452
v 5.807071 1.597654 0.017071
v 5.800000 1.590000 0.011716
v 5.792929 1.597654 0.017071
v 5.805315 1.593901 0.016572
v 5.802583 1.597654 0.018071
v 5.801690 1.594017 0.017544
v 5.797242 1.591133 0.014635
v 5.802758 1.591133 0.014635
v 5.800000 1.591983 0.016452
v 5.797418 1.597654 0.018071
v 5.794685 1.593901 0.016572
v 5.798310 1.594017 0.017544
v 5.782929 1.802346 0.007071
v 5.791716 1.810000 0.008284
v 5.792929 1.802346 0.017071
v 5.784417 1.806168 0.006919
v 5.785022 1.802346 0.011307
v 5.786418 1.806006 0.010998
v 5.792635 1.808977 0.012358
v 5.787642 1.808977 0.007365
v 5.788689 1.807984 0.011312
v 5.788693 1.802346 0.014978
v 5.793081 1.806168 0.015583
v 5.789002 1.806006 0.013582
v 5.791716 1.590000 0.008284
v 5.782929 1.597654 0.007071
v 5.792929 1.597654 0.017071
v 5.787642 1.591022 0.007365
v 5.792635 1.591022 0.012358
v 5.788689 1.592016 0.011312
v 5.785022 1.597654 0.011307
v 5.784417 1.593832 0.006919
v 5.786418 1.593994 0.010998
v 5.793081 1.593832 0.015583
v 5.788693 1.597654 0.014978
v 5.789002 1.593994 0.013582
v 5.788284 1.810000 0.000000
v 5.782929 1.802346 0.007071
v 5.782929 1.802346 -0.007071
v 5.785365 1.808867 0.002758
v 5.785365 1.808867 -0.002758
v 5.783548 1.808017 -0.000000
v 5.781929 1.802346 0.002583
v 5.783428 1.806099 0.005315
v 5.782455 1.805983 0.001690
v 5.783428 1.806099 -0.005315
v 5.781929 1.802346 -0.002583
v 5.782455 1.805983 -0.001690
v 5.782929 1.597654 -0.007071
v 5.782929 1.597654 0.007071
v 5.788284 1.590000 0.000000
v 5.781929 1.597654 -0.002583
v 5.783428 1.593901 -0.005315
v 5.782455 1.594017 -0.001690
v 5.783428 1.593901 0.005315
v 5.781929 1.597654 0.002583
v 5.782455 1.594017 0.001690
v 5.785365 1.591133 -0.002758
v 5.785365 1.591133 0.002758
v 5.783548 1.591983 -0.000000
v 5.791716 1.810000 -0.008284
v 5.782929 1.802346 -0.007071
v 5.792929 1.802346 -0.017071
v 5.787642 1.808977 -0.007365
v 5.792635 1.808977 -0.012358
v 5.788689 1.807984 -0.011312
v 5.785022 1.802346 -0.011307
v 5.784417 1.806168 -0.006919
v 5.786418 1.806006 -0.010998
v 5.793081 1.806168 -0.015583
v 5.788693 1.802346 -0.014978
v 5.789002 1.806006 -0.013582
v 5.791716 1.590000 -0.008284
v 5.792929 1.597654 -0.017071
v 5.782929 1.597654 -0.007071
v 5.792635 1.591022 -0.012358
v 5.787642 1.591022 -0.007365
v 5.788689 1.592016 -0.011312
v 5.788693 1.597654 -0.014978
v 5.793081 1.593832 -0.015583
v 5.789002 1.593994 -0.013582
v 5.784417 1.593832 -0.006919
v 5.785022 1.597654 -0.011307
v 5.786418 1.593994 -0.010998
v 5.800000 1.810000 -0.011716
v 5.792929 1.802346 -0.017071
v 5.807071 1.802346 -0.017071
v 5.797242 1.808867 -0.014635
v 5.802758 1.808867 -0.014635
v 5.800000 1.808017 -0.016452
v 5.797418 1.802346 -0.018071
v 5.794685 1.806099 -0.016572
v 5.798310 1.805983 -0.017544
v 5.805315 1.806099 -0.016572
v 5.802583 1.802346 -0.018071
v 5.801690 1.805983 -0.017544
v 5.800000 1.590000 -0.011716
v 5.807071 1.597654 -0.017071
v 5.792929 1.597654 -0.017071
v 5.802758 1.591133 -0.014635
v 5.797242 1.591133 -0.014635
v 5.800000 1.591983 -0.016452
v 5.802583 1.597654 -0.018071
v 5.805315 1.593901 -0.016572
v 5.801690 1.594017 -0.017544
v 5.794685 1.593901 -0.016572
v 5.797418 1.597654 -0.018071
v 5.798310 1.594017 -0.017544
v 5.808284 1.810000 -0.008284
v 5.807071 1.802346 -0.017071
v 5.817071 1.802346 -0.007071
v 5.807365 1.808977 -0.012358
v 5.812358 1.808977 -0.007365
v 5.811312 1.807984 -0.011312
v 5.811307 1.802346 -0.014978
v 5.806920 1.806168 -0.015583
v 5.810998 1.806006 -0.013582
v 5.815583 1.806168 -0.006919
v 5.814978 1.802346 -0.011307
v 5.813582 1.806006 -0.010998
v 5.808284 1.590000 -0.008284
v 5.817071 1.597654 -0.007071
v 5.807071 1.597654 -0.017071
v 5.812358 1.591022 -0.007365
v 5.807365 1.591022 -0.012358
v 5.811312 1.592016 -0.011312
v 5.814978 1.597654 -0.011307
v 5.815583 1.593832 -0.006919
v 5.813582 1.593994 -0.010998
v 5.806920 1.593832 -0.015583
v 5.811307 1.597654 -0.014978
v 5.810998 1.593994 -0.013582
v 5.811716 1.810000 0.000000
v 5.817071 1.802346 -0.007071
v 5.817071 1.802346 0.007071
v 5.814635 1.808867 -0.002758
v 5.814635 1.808867 0.002758
v 5.816452 1.808017 0.000000
v 5.818071 1.802346 -0.002583
v 5.816572 1.806099 -0.005315
v 5.817544 1.805983 -0.001690
v 5.816572 1.806099 0.005315
v 5.818071 1.802346 0.002583
v 5.817544 1.805983 0.001690
v 5.811716 1.590000 0.000000
v 5.817071 1.597654 0.007071
v 5.817071 1.597654 -0.007071
v 5.814635 1.591133 0.002758
v 5.814635 1.591133 -0.002758
v 5.816452 1.591983 0.000000
v 5.818071 1.597654 0.002583
v 5.816572 1.593901 0.005315
v 5.817544 1.594017 0.001690
v 5.816572 1.593901 -0.005315
v 5.818071 1.597654 -0.002583
v 5.817544 1.594017 -0.001690
v 5.808284 1.810000 0.008284
v 5.817071 1.802346 0.007071
v 5.807071 1.802346 0.017071
v 5.812358 1.808977 0.007365
v 5.807365 1.808977 0.012358
v 5.811312 1.807984 0.011312
v 5.814978 1.802346 0.011307
v 5.815583 1.806168 0.006919
v 5.813582 1.806006 0.010998
v 5.806920 1.806168 0.015583
v 5.811307 1.802346 0.014978
v 5.810998 1.806006 0.013582
v 5.808284 1.590000 0.008284
v 5.807071 1.597654 0.017071
v 5.817071 1.597654 0.007071
v 5.807365 1.591022 0.012358
v 5.812358 1.591022 0.007365
v 5.811312 1.592016 0.011312
v 5.811307 1.597654 0.014978
v 5.806920 1.593832 0.015583
v 5.810998 1.593994 0.013582
v 5.815583 1.593832 0.006919
v 5.814978 1.597654 0.011307
v 5.813582 1.593994 0.010998
v 5.814901 1.757297 -0.156134
v 5.807830 1.745049 -0.156134
v 5.804737 1.755000 -0.161489
v 5.812657 1.753410 -0.155134
v 5.810773 1.757653 -0.156633
v 5.809061 1.754455 -0.155661
v 5.805458 1.748446 -0.156633
v 5.810074 1.748937 -0.155134
v 5.807371 1.751528 -0.155661
v 5.807097 1.756822 -0.158570
v 5.804339 1.752045 -0.158570
v 5.806455 1.754008 -0.156753
v 5.992170 1.654950 -0.156134
v 5.995263 1.645000 -0.161489
v 5.985099 1.642703 -0.156134
v 5.994542 1.651554 -0.156633
v 5.989926 1.651063 -0.155134
v 5.992629 1.648472 -0.155661
v 5.992902 1.643178 -0.158570
v 5.995661 1.647955 -0.158570
v 5.993546 1.645992 -0.156753
v 5.987343 1.646590 -0.155134
v 5.989227 1.642347 -0.156633
v 5.990940 1.645545 -0.155661
v 5.802830 1.736389 -0.166134
v 5.800595 1.747826 -0.164921
v 5.807830 1.745049 -0.156134
v 5.800264 1.739588 -0.166286
v 5.803877 1.738202 -0.161898
v 5.801404 1.741241 -0.162207
v 5.801940 1.748111 -0.160847
v 5.799444 1.743786 -0.165840
v 5.800827 1.744196 -0.161894
v 5.805712 1.741381 -0.158227
v 5.804596 1.747092 -0.157622
v 5.802697 1.743479 -0.159623
v 5.980099 1.634043 -0.166134
v 5.985099 1.642703 -0.156134
v 5.991121 1.637826 -0.164921
v 5.981146 1.635856 -0.161898
v 5.984153 1.633420 -0.166286
v 5.985013 1.635234 -0.162207
v 5.988484 1.640924 -0.157622
v 5.982981 1.639035 -0.158227
v 5.986305 1.637472 -0.159623
v 5.988198 1.634809 -0.165840
v 5.990695 1.639133 -0.160847
v 5.987861 1.636212 -0.161894
v 5.798879 1.744854 -0.173205
v 5.802830 1.736389 -0.166134
v 5.802830 1.736389 -0.180276
v 5.798650 1.742411 -0.169674
v 5.798650 1.742411 -0.176736
v 5.798484 1.740138 -0.173205
v 5.802073 1.735077 -0.170610
v 5.800100 1.739304 -0.167079
v 5.799505 1.737951 -0.171378
v 5.800100 1.739304 -0.179331
v 5.802073 1.735077 -0.175801
v 5.799505 1.737951 -0.175032
v 5.980099 1.634043 -0.180276
v 5.980099 1.634043 -0.166134
v 5.989405 1.634854 -0.173205
v 5.979342 1.632731 -0.175801
v 5.983988 1.633136 -0.179331
v 5.983114 1.631945 -0.175032
v 5.983988 1.633136 -0.167079
v 5.979342 1.632731 -0.170610
v 5.983114 1.631945 -0.171378
v 5.987404 1.633434 -0.176736
v 5.987404 1.633434 -0.169674
v 5.985518 1.632154 -0.173205
v 5.800595 1.747826 -0.181489
v 5.802830 1.736389 -0.180276
v 5.807830 1.745049 -0.190276
v 5.799444 1.743786 -0.180570
v 5.801940 1.748111 -0.185563
v 5.800827 1.744196 -0.184517
v 5.803877 1.738202 -0.184512
v 5.800264 1.739588 -0.180124
v 5.801404 1.741241 -0.184203
v 5.804596 1.747092 -0.188788
v 5.805712 1.741381 -0.188183
v 5.802697 1.743479 -0.186787
v 5.991121 1.637826 -0.181489
v 5.985099 1.642703 -0.190276
v 5.980099 1.634043 -0.180276
v 5.990695 1.639133 -0.185563
v 5.988198 1.634809 -0.180570
v 5.987861 1.636212 -0.184517
v 5.982981 1.639035 -0.188183
v 5.988484 1.640924 -0.188788
v 5.986305 1.637472 -0.186787
v 5.984153 1.633420 -0.180124
v 5.981146 1.635856 -0.184512
v 5.985013 1.635234 -0.184203
v 5.804737 1.755000 -0.184921
v 5.807830 1.745049 -0.190276
v 5.814901 1.757297 -0.190276
v 5.804339 1.752045 -0.187840
v 5.807097 1.756822 -0.187840
v 5.806455 1.754008 -0.189657
v 5.810074 1.748937 -0.191277
v 5.805458 1.748446 -0.189777
v 5.807371 1.751528 -0.190749
v 5.810773 1.757653 -0.189777
v 5.812657 1.753410 -0.191277
v 5.809061 1.754455 -0.190749
v 5.995263 1.645000 -0.184921
v 5.992170 1.654950 -0.190276
v 5.985099 1.642703 -0.190276
v 5.995661 1.647955 -0.187840
v 5.992902 1.643178 -0.187840
v 5.993546 1.645992 -0.189657
v 5.989926 1.651063 -0.191277
v 5.994542 1.651554 -0.189777
v 5.992629 1.648472 -0.190749
v 5.989227 1.642347 -0.189777
v 5.987343 1.646590 -0.191277
v 5.990940 1.645545 -0.190749
v 5.808879 1.762174 -0.181489
v 5.814901 1.757297 -0.190276
v 5.819901 1.765957 -0.180276
v 5.809917 1.761707 -0.185504
v 5.811868 1.765085 -0.181603
v 5.812271 1.764083 -0.184838
v 5.816842 1.760658 -0.187810
v 5.812095 1.759943 -0.188682
v 5.813821 1.762701 -0.186806
v 5.815854 1.766453 -0.181165
v 5.818668 1.763821 -0.184157
v 5.815016 1.764770 -0.184416
v 5.999405 1.652174 -0.181489
v 5.997170 1.663611 -0.180276
v 5.992170 1.654950 -0.190276
v 6.000431 1.656218 -0.181603
v 5.998481 1.652840 -0.185504
v 5.999362 1.656066 -0.184838
v 5.995937 1.661475 -0.184157
v 5.999623 1.660353 -0.181165
v 5.998585 1.658787 -0.184416
v 5.995864 1.653844 -0.188682
v 5.994111 1.658312 -0.187810
v 5.997390 1.656717 -0.186806
v 5.810595 1.765146 -0.173205
v 5.819901 1.765957 -0.180276
v 5.819901 1.765957 -0.166134
v 5.813036 1.767108 -0.175963
v 5.813036 1.767108 -0.170447
v 5.814681 1.768256 -0.173205
v 5.820401 1.766824 -0.175788
v 5.816401 1.767401 -0.178520
v 5.816988 1.768186 -0.174895
v 5.816401 1.767401 -0.167890
v 5.820401 1.766824 -0.170623
v 5.816988 1.768186 -0.171515
v 6.001121 1.655146 -0.173205
v 5.997170 1.663611 -0.166134
v 5.997170 1.663611 -0.180276
v 6.001350 1.657589 -0.169674
v 6.001350 1.657589 -0.176736
v 6.001515 1.659862 -0.173205
v 5.997928 1.664923 -0.170610
v 5.999900 1.660696 -0.167079
v 6.000494 1.662049 -0.171378
v 5.999900 1.660696 -0.179331
v 5.997928 1.664923 -0.175801
v 6.000494 1.662049 -0.175032
v 5.808879 1.762174 -0.164921
v 5.819901 1.765957 -0.166134
v 5.814901 1.757297 -0.156134
v 5.811868 1.765085 -0.164807
v 5.809917 1.761707 -0.160906
v 5.812271 1.764083 -0.161572
v 5.818668 1.763821 -0.162253
v 5.815854 1.766453 -0.165246
v 5.815016 1.764770 -0.161994
v 5.812095 1.759943 -0.157729
v 5.816842 1.760658 -0.158601
v 5.813821 1.762701 -0.159604
v 5.999405 1.652174 -0.164921
v 5.992170 1.654950 -0.156134
v 5.997170 1.663611 -0.166134
v 5.998481 1.652840 -0.160906
v 6.000431 1.656218 -0.164807
v 5.999362 1.656066 -0.161572
v 5.994111 1.658312 -0.158600
v 5.995864 1.653844 -0.157729
v 5.997390 1.656717 -0.159604
v 5.999623 1.660353 -0.165246
v 5.995937 1.661475 -0.162253
v 5.998585 1.658787 -0.161994
v 6.007830 1.654950 -0.156134
v 6.014901 1.642703 -0.156134
v 6.004737 1.645000 -0.161489
v 6.010074 1.651063 -0.155134
v 6.005458 1.651554 -0.156633
v 6.007371 1.648472 -0.155661
v 6.010773 1.642347 -0.156633
v 6.012657 1.646590 -0.155134
v 6.009060 1.645545 -0.155661
v 6.004339 1.647955 -0.158570
v 6.007098 1.643178 -0.158570
v 6.006454 1.645992 -0.156753
v 6.185099 1.757297 -0.156134
v 6.195263 1.755000 -0.161489
v 6.192170 1.745049 -0.156134
v 6.189227 1.757653 -0.156633
v 6.187343 1.753410 -0.155134
v 6.190939 1.754455 -0.155661
v 6.195661 1.752045 -0.158570
v 6.192903 1.756822 -0.158570
v 6.193545 1.754008 -0.156753
v 6.189926 1.748937 -0.155134
v 6.194542 1.748446 -0.156633
v 6.192629 1.751528 -0.155661
v 6.019901 1.634043 -0.166134
v 6.008879 1.637826 -0.164921
v 6.014901 1.642703 -0.156134
v 6.015847 1.633420 -0.166286
v 6.018854 1.635856 -0.161898
v 6.014987 1.635234 -0.162207
v 6.009305 1.639133 -0.160847
v 6.011802 1.634809 -0.165840
v 6.012139 1.636212 -0.161894
v 6.017019 1.639035 -0.158227
v 6.011516 1.640924 -0.157622
v 6.013695 1.637472 -0.159623
v 6.197170 1.736389 -0.166134
v 6.192170 1.745049 -0.156134
v 6.199405 1.747826 -0.164921
v 6.196123 1.738202 -0.161898
v 6.199736 1.739588 -0.166286
v 6.198596 1.741241 -0.162207
v 6.195404 1.747092 -0.157622
v 6.194288 1.741381 -0.158227
v 6.197303 1.743479 -0.159623
v 6.200556 1.743786 -0.165840
v 6.198060 1.748111 -0.160847
v 6.199173 1.744196 -0.161894
v 6.010595 1.634854 -0.173205
v 6.019901 1.634043 -0.166134
v 6.019901 1.634043 -0.180276
v 6.012596 1.633434 -0.169674
v 6.012596 1.633434 -0.176736
v 6.014482 1.632154 -0.173205
v 6.020658 1.632731 -0.170610
v 6.016012 1.633136 -0.167079
v 6.016886 1.631945 -0.171378
v 6.016012 1.633136 -0.179331
v 6.020658 1.632731 -0.175801
v 6.016886 1.631945 -0.175032
v 6.197170 1.736389 -0.180276
v 6.197170 1.736389 -0.166134
v 6.201121 1.744854 -0.173205
v 6.197927 1.735077 -0.175801
v 6.199900 1.739304 -0.179331
v 6.200495 1.737951 -0.175032
v 6.199900 1.739304 -0.167079
v 6.197927 1.735077 -0.170610
v 6.200495 1.737951 -0.171378
v 6.201350 1.742411 -0.176736
v 6.201350 1.742411 -0.169674
v 6.201516 1.740138 -0.173205
v 6.008879 1.637826 -0.181489
v 6.019901 1.634043 -0.180276
v 6.014901 1.642703 -0.190276
v 6.011802 1.634809 -0.180570
v 6.009305 1.639133 -0.185563
v 6.012139 1.636212 -0.184517
v 6.018854 1.635856 -0.184512
v 6.015847 1.633420 -0.180124
v 6.014987 1.635234 -0.184203
v 6.011516 1.640924 -0.188788
v 6.017019 1.639035 -0.188183
v 6.013695 1.637472 -0.186787
v 6.199405 1.747826 -0.181489
v 6.192170 1.745049 -0.190276
v 6.197170 1.736389 -0.180276
v 6.198060 1.748111 -0.185563
v 6.200556 1.743786 -0.180570
v 6.199173 1.744196 -0.184517
v 6.194288 1.741381 -0.188183
v 6.195404 1.747092 -0.188788
v 6.197303 1.743479 -0.186787
v 6.199736 1.739588 -0.180124
v 6.196123 1.738202 -0.184512
v 6.198596 1.741241 -0.184203
v 6.004737 1.645000 -0.184921
v 6.014901 1.642703 -0.190276
v 6.007830 1.654950 -0.190276
v 6.007098 1.643178 -0.187840
v 6.004339 1.647955 -0.187840
v 6.006454 1.645992 -0.189657
v 6.012657 1.646590 -0.191277
v 6.010773 1.642347 -0.189777
v 6.009060 1.645545 -0.190749
v 6.005458 1.651554 -0.189777
v 6.010074 1.651063 -0.191277
v 6.007371 1.648472 -0.190749
v 6.195263 1.755000 -0.184921
v 6.185099 1.757297 -0.190276
v 6.192170 1.745049 -0.190276
v 6.192903 1.756822 -0.187840
v 6.195661 1.752045 -0.187840
v 6.193545 1.754008 -0.189657
v 6.187343 1.753410 -0.191277
v 6.189227 1.757653 -0.189777
v 6.190939 1.754455 -0.190749
v 6.194542 1.748446 -0.189777
v 6.189926 1.748937 -0.191277
v 6.192629 1.751528 -0.190749
v 6.000595 1.652174 -0.181489
v 6.007830 1.654950 -0.190276
v 6.002830 1.663611 -0.180276
v 6.001519 1.652840 -0.185504
v 5.999569 1.656218 -0.181603
v 6.000638 1.656066 -0.184838
v 6.005889 1.658312 -0.187810
v 6.004136 1.653844 -0.188682
v 6.002610 1.656717 -0.186806
v 6.000377 1.660353 -0.181165
v 6.004063 1.661475 -0.184157
v 6.001415 1.658787 -0.184416
v 6.191121 1.762174 -0.181489
v 6.180099 1.765957 -0.180276
v 6.185099 1.757297 -0.190276
v 6.188132 1.765085 -0.181603
v 6.190083 1.761707 -0.185504
v 6.187729 1.764083 -0.184838
v 6.181332 1.763821 -0.184157
v 6.184146 1.766453 -0.181165
v 6.184984 1.764770 -0.184416
v 6.187905 1.759943 -0.188682
v 6.183158 1.760658 -0.187810
v 6.186179 1.762701 -0.186806
v 5.998879 1.655146 -0.173205
v 6.002830 1.663611 -0.180276
v 6.002830 1.663611 -0.166134
v 5.998401 1.658241 -0.175963
v 5.998401 1.658241 -0.170447
v 5.998229 1.660239 -0.173205
v 6.002330 1.664477 -0.175788
v 5.999829 1.661302 -0.178520
v 5.999444 1.662202 -0.174895
v 5.999829 1.661302 -0.167890
v 6.002330 1.664477 -0.170623
v 5.999444 1.662202 -0.171515
v 6.189405 1.765146 -0.173205
v 6.180099 1.765957 -0.166134
v 6.180099 1.765957 -0.180276
v 6.187404 1.766566 -0.169674
v 6.187404 1.766566 -0.176736
v 6.185519 1.767846 -0.173205
v 6.179341 1.767269 -0.170610
v 6.183989 1.766864 -0.167079
v 6.183114 1.768055 -0.171378
v 6.183989 1.766864 -0.179331
v 6.179341 1.767269 -0.175801
v 6.183114 1.768055 -0.175032
v 6.000595 1.652174 -0.164921
v 6.002830 1.663611 -0.166134
v 6.007830 1.654950 -0.156134
v 5.999569 1.656218 -0.164807
v 6.001519 1.652840 -0.160906
v 6.000638 1.656066 -0.161572
v 6.004063 1.661475 -0.162253
v 6.000377 1.660353 -0.165246
v 6.001415 1.658787 -0.161994
v 6.004136 1.653844 -0.157729
v 6.005889 1.658312 -0.158600
v 6.002610 1.656717 -0.159604
v 6.191121 1.762174 -0.164921
v 6.185099 1.757297 -0.156134
v 6.180099 1.765957 -0.166134
v 6.190695 1.760867 -0.160847
v 6.188198 1.765191 -0.165840
v 6.187861 1.763788 -0.161894
v 6.182981 1.760965 -0.158227
v 6.188485 1.759076 -0.157622
v 6.186305 1.762528 -0.159623
v 6.184153 1.766580 -0.166286
v 6.181146 1.764144 -0.161898
v 6.185013 1.764766 -0.162207
v 5.992929 1.717071 -0.192346
v 6.007071 1.717071 -0.192346
v 6.000000 1.711716 -0.200000
v 5.997405 1.718586 -0.192346
v 5.993874 1.715912 -0.196168
v 5.998173 1.717381 -0.196006
v 6.006126 1.715912 -0.196168
v 6.002595 1.718586 -0.192346
v 6.001827 1.717381 -0.196006
v 5.996469 1.713946 -0.198978
v 6.003531 1.713946 -0.198978
v 6.000000 1.715997 -0.197984
v 5.992929 1.717071 0.192346
v 6.000000 1.711716 0.200000
v 6.007071 1.717071 0.192346
v 5.993874 1.715912 0.196168
v 5.997405 1.718586 0.192346
v 5.998173 1.717381 0.196006
v 6.003531 1.713946 0.198978
v 5.996469 1.713946 0.198978
v 6.000000 1.715997 0.197984
v 6.002595 1.718586 0.192346
v 6.006126 1.715912 0.196168
v 6.001827 1.717381 0.196006
v 6.017071 1.707071 -0.192346
v 6.008284 1.708284 -0.200000
v 6.007071 1.717071 -0.192346
v 6.015477 1.707960 -0.196099
v 6.014605 1.710952 -0.192346
v 6.013601 1.711211 -0.195983
v 6.008398 1.712299 -0.198867
v 6.012299 1.708398 -0.198867
v 6.011633 1.711633 -0.198017
v 6.010952 1.714605 -0.192346
v 6.007959 1.715477 -0.196099
v 6.011211 1.713601 -0.195983
v 6.017071 1.707071 0.192346
v 6.007071 1.717071 0.192346
v 6.008284 1.708284 0.200000
v 6.014605 1.710952 0.192346
v 6.015477 1.707960 0.196099
v 6.013601 1.711211 0.195983
v 6.007959 1.715477 0.196099
v 6.010952 1.714605 0.192346
v 6.011211 1.713601 0.195983
v 6.012299 1.708398 0.198867
v 6.008398 1.712299 0.198867
v 6.011633 1.711633 0.198017
v 6.011716 1.700000 -0.200000
v 6.017071 1.707071 -0.192346
v 6.017071 1.692929 -0.192346
v 6.013946 1.703531 -0.198978
v 6.013946 1.696469 -0.198978
v 6.015997 1.700000 -0.197984
v 6.018586 1.702595 -0.192346
v 6.015912 1.706126 -0.196168
v 6.017381 1.701827 -0.196006
v 6.015912 1.693874 -0.196168
v 6.018586 1.697405 -0.192346
v 6.017381 1.698173 -0.196006
v 6.017071 1.692929 0.192346
v 6.017071 1.707071 0.192346
v 6.011716 1.700000 0.200000
v 6.018586 1.697405 0.192346
v 6.015912 1.693874 0.196168
v 6.017381 1.698173 0.196006
v 6.015912 1.706126 0.196168
v 6.018586 1.702595 0.192346
v 6.017381 1.701827 0.196006
v 6.013946 1.696469 0.198978
v 6.013946 1.703531 0.198978
v 6.015997 1.700000 0.197984
v 6.008284 1.691716 -0.200000
v 6.017071 1.692929 -0.192346
v 6.007071 1.682929 -0.192346
v 6.012299 1.691602 -0.198867
v 6.008398 1.687701 -0.198867
v 6.011633 1.688367 -0.198017
v 6.014605 1.689048 -0.192346
v 6.015477 1.692040 -0.196099
v 6.013601 1.688789 -0.195983
v 6.007959 1.684523 -0.196099
v 6.010952 1.685395 -0.192346
v 6.011211 1.686399 -0.195983
v 6.008284 1.691716 0.200000
v 6.007071 1.682929 0.192346
v 6.017071 1.692929 0.192346
v 6.008398 1.687701 0.198867
v 6.012299 1.691602 0.198867
v 6.011633 1.688367 0.198017
v 6.010952 1.685395 0.192346
v 6.007959 1.684523 0.196099
v 6.011211 1.686399 0.195983
v 6.015477 1.692040 0.196099
v 6.014605 1.689048 0.192346
v 6.013601 1.688789 0.195983
v 6.000000 1.688284 -0.200000
v 6.007071 1.682929 -0.192346
v 5.992929 1.682929 -0.192346
v 6.003531 1.686054 -0.198978
v 5.996469 1.686054 -0.198978
v 6.000000 1.684003 -0.197984
v 6.002595 1.681414 -0.192346
v 6.006126 1.684088 -0.196168
v 6.001827 1.682619 -0.196006
v 5.993874 1.684088 -0.196168
v 5.997405 1.681414 -0.192346
v 5.998173 1.682619 -0.196006
v 6.000000 1.688284 0.200000
v 5.992929 1.682929 0.192346
v 6.007071 1.682929 0.192346
v 5.996469 1.686054 0.198978
v 6.003531 1.686054 0.198978
v 6.000000 1.684003 0.197984
v 5.997405 1.681414 0.192346
v 5.993874 1.684088 0.196168
v 5.998173 1.682619 0.196006
v 6.006126 1.684088 0.196168
v 6.002595 1.681414 0.192346
v 6.001827 1.682619 0.196006
v 5.991716 1.691716 -0.200000
v 5.992929 1.682929 -0.192346
v 5.982929 1.692929 -0.192346
v 5.991602 1.687701 -0.198867
v 5.987701 1.691602 -0.198867
v 5.988367 1.688367 -0.198017
v 5.989048 1.685395 -0.192346
v 5.992041 1.684523 -0.196099
v 5.988789 1.686399 -0.195983
v 5.984523 1.692040 -0.196099
v 5.985395 1.689048 -0.192346
v 5.986399 1.688789 -0.195983
v 5.991716 1.691716 0.200000
v 5.982929 1.692929 0.192346
v 5.992929 1.682929 0.192346
v 5.987701 1.691602 0.198867
v 5.991602 1.687701 0.198867
v 5.988367 1.688367 0.198017
v 5.985395 1.689048 0.192346
v 5.984523 1.692040 0.196099
v 5.986399 1.688789 0.195983
v 5.992041 1.684523 0.196099
v 5.989048 1.685395 0.192346
v 5.988789 1.686399 0.195983
v 5.988284 1.700000 -0.200000
v 5.982929 1.692929 -0.192346
v 5.982929 1.707071 -0.192346
v 5.985365 1.697242 -0.198867
v 5.985365 1.702758 -0.198867
v 5.983548 1.700000 -0.198017
v 5.981928 1.697417 -0.192346
v 5.983428 1.694685 -0.196099
v 5.982456 1.698310 -0.195983
v 5.983428 1.705315 -0.196099
v 5.981928 1.702582 -0.192346
v 5.982456 1.701690 -0.195983
v 5.988284 1.700000 0.200000
v 5.982929 1.707071 0.192346
v 5.982929 1.692929 0.192346
v 5.986054 1.703531 0.198978
v 5.986054 1.696469 0.198978
v 5.984003 1.700000 0.197984
v 5.981414 1.702595 0.192346
v 5.984088 1.706126 0.196168
v 5.982619 1.701827 0.196006
v 5.984088 1.693874 0.196168
v 5.981414 1.697405 0.192346
v 5.982619 1.698173 0.196006
v 5.991716 1.708284 -0.200000
v 5.982929 1.707071 -0.192346
v 5.992929 1.717071 -0.192346
v 5.987701 1.708398 -0.198867
v 5.991602 1.712299 -0.198867
v 5.988367 1.711633 -0.198017
v 5.985395 1.710952 -0.192346
v 5.984523 1.707960 -0.196099
v 5.986399 1.711211 -0.195983
v 5.992041 1.715477 -0.196099
v 5.989048 1.714605 -0.192346
v 5.988789 1.713601 -0.195983
v 5.991716 1.708284 0.200000
v 5.992929 1.717071 0.192346
v 5.982929 1.707071 0.192346
v 5.991602 1.712299 0.198867
v 5.987701 1.708398 0.198867
v 5.988367 1.711633 0.198017
v 5.989048 1.714605 0.192346
v 5.992041 1.715477 0.196099
v 5.988789 1.713601 0.195983
v 5.984523 1.707960 0.196099
v 5.985395 1.710952 0.192346
v 5.986399 1.711211 0.195983
v 5.807653 1.717071 -0.007071
v 5.807653 1.717071 0.007071
v 5.800000 1.711716 0.000000
v 5.807653 1.718586 -0.002596
v 5.803832 1.715912 -0.006126
v 5.803994 1.717381 -0.001827
v 5.803832 1.715912 0.006126
v 5.807653 1.718586 0.002596
v 5.803994 1.717381 0.001827
v 5.801023 1.713946 -0.003531
v 5.801023 1.713946 0.003531
v 5.802016 1.715997 -0.000000
v 6.192347 1.717071 -0.007071
v 6.200000 1.711716 -0.000000
v 6.192347 1.717071 0.007071
v 6.196168 1.715912 -0.006126
v 6.192347 1.718586 -0.002596
v 6.196006 1.717381 -0.001827
v 6.198977 1.713946 0.003531
v 6.198977 1.713946 -0.003531
v 6.197984 1.715997 -0.000000
v 6.192347 1.718586 0.002596
v 6.196168 1.715912 0.006126
v 6.196006 1.717381 0.001827
v 5.807653 1.707071 0.017071
v 5.800000 1.708284 0.008284
v 5.807653 1.717071 0.007071
v 5.803901 1.707960 0.015477
v 5.807653 1.710952 0.014605
v 5.804017 1.711211 0.013601
v 5.801133 1.712299 0.008398
v 5.801133 1.708398 0.012299
v 5.801983 1.711633 0.011633
v 5.807653 1.714605 0.010952
v 5.803901 1.715477 0.007960
v 5.804017 1.713601 0.011211
v 6.192347 1.707071 0.017071
v 6.192347 1.717071 0.007071
v 6.200000 1.708284 0.008284
v 6.192347 1.710952 0.014605
v 6.196099 1.707960 0.015477
v 6.195983 1.711211 0.013601
v 6.196099 1.715477 0.007960
v 6.192347 1.714605 0.010952
v 6.195983 1.713601 0.011211
v 6.198867 1.708398 0.012299
v 6.198867 1.712299 0.008398
v 6.198017 1.711633 0.011633
v 5.800000 1.700000 0.011716
v 5.807653 1.707071 0.017071
v 5.807653 1.692929 0.017071
v 5.801023 1.703531 0.013946
v 5.801023 1.696469 0.013946
v 5.802016 1.700000 0.015997
v 5.807653 1.702595 0.018586
v 5.803832 1.706126 0.015912
v 5.803994 1.701827 0.017381
v 5.803832 1.693874 0.015912
v 5.807653 1.697405 0.018586
v 5.803994 1.698173 0.017381
v 6.192347 1.692929 0.017071
v 6.192347 1.707071 0.017071
v 6.200000 1.700000 0.011716
v 6.192347 1.697405 0.018586
v 6.196168 1.693874 0.015912
v 6.196006 1.698173 0.017381
v 6.196168 1.706126 0.015912
v 6.192347 1.702595 0.018586
v 6.196006 1.701827 0.017381
v 6.198977 1.696469 0.013946
v 6.198977 1.703531 0.013946
v 6.197984 1.700000 0.015997
v 5.800000 1.691716 0.008284
v 5.807653 1.692929 0.017071
v 5.807653 1.682929 0.007071
v 5.801133 1.691602 0.012299
v 5.801133 1.687701 0.008398
v 5.801983 1.688367 0.011633
v 5.807653 1.689048 0.014605
v 5.803901 1.692040 0.015477
v 5.804017 1.688789 0.013601
v 5.803901 1.684523 0.007960
v 5.807653 1.685395 0.010952
v 5.804017 1.686399 0.011211
v 6.200000 1.691716 0.008284
v 6.192347 1.682929 0.007071
v 6.192347 1.692929 0.017071
v 6.198867 1.687701 0.008398
v 6.198867 1.691602 0.012299
v 6.198017 1.688367 0.011633
v 6.192347 1.685395 0.010952
v 6.196099 1.684523 0.007960
v 6.195983 1.686399 0.011211
v 6.196099 1.692040 0.015477
v 6.192347 1.689048 0.014605
v 6.195983 1.688789 0.013601
v 5.800000 1.688284 -0.000000
v 5.807653 1.682929 0.007071
v 5.807653 1.682929 -0.007071
v 5.801023 1.686054 0.003531
v 5.801023 1.686054 -0.003531
v 5.802016 1.684003 0.000000
v 5.807653 1.681414 0.002596
v 5.803832 1.684088 0.006126
v 5.803994 1.682619 0.001827
v 5.803832 1.684088 -0.006126
v 5.807653 1.681414 -0.002596
v 5.803994 1.682619 -0.001827
v 6.200000 1.688284 0.000000
v 6.192347 1.682929 -0.007071
v 6.192347 1.682929 0.007071
v 6.198977 1.686054 -0.003531
v 6.198977 1.686054 0.003531
v 6.197984 1.684003 0.000000
v 6.192347 1.681414 -0.002596
v 6.196168 1.684088 -0.006126
v 6.196006 1.682619 -0.001827
v 6.196168 1.684088 0.006126
v 6.192347 1.681414 0.002596
v 6.196006 1.682619 0.001827
v 5.800000 1.691716 -0.008284
v 5.807653 1.682929 -0.007071
v 5.807653 1.692929 -0.017071
v 5.801133 1.687701 -0.008398
v 5.801133 1.691602 -0.012299
v 5.801983 1.688367 -0.011633
v 5.807653 1.685395 -0.010952
v 5.803901 1.684523 -0.007960
v 5.804017 1.686399 -0.011211
v 5.803901 1.692040 -0.015477
v 5.807653 1.689048 -0.014605
v 5.804017 1.688789 -0.013601
v 6.200000 1.691716 -0.008284
v 6.192347 1.692929 -0.017071
v 6.192347 1.682929 -0.007071
v 6.198867 1.691602 -0.012299
v 6.198867 1.687701 -0.008398
v 6.198017 1.688367 -0.011633
v 6.192347 1.689048 -0.014605
v 6.196099 1.692040 -0.015477
v 6.195983 1.688789 -0.013601
v 6.196099 1.684523 -0.007960
v 6.192347 1.685395 -0.010952
v 6.195983 1.686399 -0.011211
v 5.800000 1.700000 -0.011716
v 5.807653 1.692929 -0.017071
v 5.807653 1.707071 -0.017071
v 5.801023 1.696469 -0.013946
v 5.801023 1.703531 -0.013946
v 5.802016 1.700000 -0.015997
v 5.807653 1.697405 -0.018586
v 5.803832 1.693874 -0.015912
v 5.803994 1.698173 -0.017381
v 5.803832 1.706126 -0.015912
v 5.807653 1.702595 -0.018586
v 5.803994 1.701827 -0.017381
v 6.200000 1.700000 -0.011716
v 6.192347 1.707071 -0.017071
v 6.192347 1.692929 -0.017071
v 6.198977 1.703531 -0.013946
v 6.198977 1.696469 -0.013946
v 6.197984 1.700000 -0.015997
v 6.192347 1.702595 -0.018586
v 6.196168 1.706126 -0.015912
v 6.196006 1.701827 -0.017381
v 6.196168 1.693874 -0.015912
v 6.192347 1.697405 -0.018586
v 6.196006 1.698173 -0.017381
v 5.800000 1.708284 -0.008284
v 5.807653 1.707071 -0.017071
v 5.807653 1.717071 -0.007071
v 5.801133 1.708398 -0.012299
v 5.801133 1.712299 -0.008398
v 5.801983 1.711633 -0.011633
v 5.807653 1.710952 -0.014605
v 5.803901 1.707960 -0.015477
v 5.804017 1.711211 -0.013601
v 5.803901 1.715477 -0.007960
v 5.807653 1.714605 -0.010952
v 5.804017 1.713601 -0.011211
v 6.200000 1.708284 -0.008284
v 6.192347 1.717071 -0.007071
v 6.192347 1.707071 -0.017071
v 6.198867 1.712299 -0.008398
v 6.198867 1.708398 -0.012299
v 6.198017 1.711633 -0.011633
v 6.192347 1.714605 -0.010952
v 6.196099 1.715477 -0.007960
v 6.195983 1.713601 -0.011211
v 6.196099 1.707960 -0.015477
v 6.192347 1.710952 -0.014605
v 6.195983 1.711211 -0.013601
vn -0.0000 0.1438 -0.9896
vn -0.0000 0.9914 -0.1308
vn -0.0000 0.5172 -0.8559
vn -0.0000 0.8702 -0.4926
vn -0.0000 0.1438 0.9896
vn -0.0000 0.9914 0.1308
vn -0.0000 0.5172 0.8559
vn -0.0000 0.8702 0.4926
vn 0.0550 0.1329 -0.9896
vn 0.3794 0.9159 -0.1308
vn 0.1979 0.4778 -0.8559
vn 0.3330 0.8040 -0.4926
vn 0.0550 0.1329 0.9896
vn 0.3794 0.9159 0.1308
vn 0.1979 0.4778 0.8559
vn 0.3330 0.8040 0.4926
vn 0.1017 0.1017 -0.9896
vn 0.7010 0.7010 -0.1308
vn 0.3657 0.3657 -0.8559
vn 0.6154 0.6154 -0.4926
vn 0.1017 0.1017 0.9896
vn 0.7010 0.7010 0.1308
vn 0.3657 0.3657 0.8559
vn 0.6154 0.6154 0.4926
vn 0.1329 0.0550 -0.9896
vn 0.9159 0.3794 -0.1308
vn 0.4778 0.1979 -0.8559
vn 0.8040 0.3330 -0.4926
vn 0.1329 0.0550 0.9896
vn 0.9159 0.3794 0.1308
vn 0.4778 0.1979 0.8559
vn 0.8040 0.3330 0.4926
vn 0.1438 -0.0000 -0.9896
vn 0.9914 -0.0000 -0.1308
vn 0.5172 -0.0000 -0.8559
vn 0.8702 -0.0000 -0.4926
vn 0.1438 -0.0000 0.9896
vn 0.9914 -0.0000 0.1308
vn 0.5172 -0.0000 0.8559
vn 0.8702 -0.0000 0.4926
vn 0.1329 -0.0550 -0.9896
vn 0.9159 -0.3794 -0.1308
vn 0.4778 -0.1979 -0.8559
vn 0.8040 -0.3330 -0.4926
vn 0.1329 -0.0550 0.9896
vn 0.9159 -0.3794 0.1308
vn 0.4778 -0.1979 0.8559
vn 0.8040 -0.3330 0.4926
vn 0.1017 -0.1017 -0.9896
vn 0.7010 -0.7010 -0.1308
vn 0.3657 -0.3657 -0.8559
vn 0.6154 -0.6154 -0.4926
vn 0.1017 -0.1017 0.9896
vn 0.7010 -0.7010 0.1308
vn 0.3657 -0.3657 0.8559
vn 0.6154 -0.6154 0.4926
vn 0.0550 -0.1329 -0.9896
vn 0.3794 -0.9159 -0.1308
vn 0.1979 -0.4778 -0.8559
vn 0.3330 -0.8040 -0.4926
vn 0.0550 -0.1329 0.9896
vn 0.3794 -0.9159 0.1308
vn 0.1979 -0.4778 0.8559
vn 0.3330 -0.8040 0.4926
vn -0.0000 -0.1438 -0.9896
vn -0.0000 -0.9914 -0.1308
vn -0.0000 -0.5172 -0.8559
vn -0.0000 -0.8702 -0.4926
vn -0.0000 -0.1438 0.9896
vn -0.0000 -0.9914 0.1308
vn -0.0000 -0.5172 0.8559
vn -0.0000 -0.8702 0.4926
vn -0.0550 -0.1329 -0.9896
vn -0.3794 -0.9159 -0.1308
vn -0.1979 -0.4778 -0.8559
vn -0.3330 -0.8040 -0.4926
vn -0.0550 -0.1329 0.9896
vn -0.3794 -0.9159 0.1308
vn -0.1979 -0.4778 0.8559
vn -0.3330 -0.8040 0.4926
vn -0.1017 -0.1017 -0.9896
vn -0.7010 -0.7010 -0.1308
vn -0.3657 -0.3657 -0.8559
vn -0.6154 -0.6154 -0.4926
vn -0.1017 -0.1017 0.9896
vn -0.7010 -0.7010 0.1308
vn -0.3657 -0.3657 0.8559
vn -0.6154 -0.6154 0.4926
vn -0.1329 -0.0550 -0.9896
vn -0.9159 -0.3794 -0.1308
vn -0.4778 -0.1979 -0.8559
vn -0.8040 -0.3330 -0.4926
vn -0.1329 -0.0550 0.9896
vn -0.9159 -0.3794 0.1308
vn -0.4778 -0.1979 0.8559
vn -0.8040 -0.3330 0.4926
vn -0.1438 -0.0000 -0.9896
vn -0.9914 -0.0000 -0.1308
vn -0.5172 -0.0000 -0.8559
vn -0.8702 -0.0000 -0.4926
vn -0.1438 -0.0000 0.9896
vn -0.9914 -0.0000 0.1308
vn -0.5172 -0.0000 0.8559
vn -0.8702 -0.0000 0.4926
vn -0.1329 0.0550 -0.9896
vn -0.9159 0.3794 -0.1308
vn -0.4778 0.1979 -0.8559
vn -0.8040 0.3330 -0.4926
vn -0.1329 0.0550 0.9896
vn -0.9159 0.3794 0.1308
vn -0.4778 0.1979 0.8559
vn -0.8040 0.3330 0.4926
vn -0.1017 0.1017 -0.9896
vn -0.7010 0.7010 -0.1308
vn -0.3657 0.3657 -0.8559
vn -0.6154 0.6154 -0.4926
vn -0.1017 0.1017 0.9896
vn -0.7010 0.7010 0.1308
vn -0.3657 0.3657 0.8559
vn -0.6154 0.6154 0.4926
vn -0.0550 0.1329 -0.9896
vn -0.3794 0.9159 -0.1308
vn -0.1979 0.4778 -0.8559
vn -0.3330 0.8040 -0.4926
vn -0.0550 0.1329 0.9896
vn -0.3794 0.9159 0.1308
vn -0.1979 0.4778 0.8559
vn -0.3330 0.8040 0.4926
vn -0.0000 0.9892 -0.1469
vn -0.0000 0.1320 -0.9912
vn -0.0000 0.8544 -0.5197
vn -0.0000 0.4931 -0.8700
vn -0.0000 -0.9892 -0.1469
vn -0.0000 -0.1320 -0.9912
vn -0.0000 -0.8544 -0.5197
vn -0.0000 -0.4931 -0.8700
vn -0.0734 0.9892 -0.1272
vn -0.4956 0.1320 -0.8584
vn -0.2598 0.8544 -0.4500
vn -0.4350 0.4931 -0.7534
vn -0.0734 -0.9892 -0.1272
vn -0.4956 -0.1320 -0.8584
vn -0.2598 -0.8544 -0.4500
vn -0.4350 -0.4931 -0.7534
vn -0.1272 0.9892 -0.0734
vn -0.8584 0.1320 -0.4956
vn -0.4500 0.8544 -0.2598
vn -0.7534 0.4931 -0.4350
vn -0.1272 -0.9892 -0.0734
vn -0.8584 -0.1320 -0.4956
vn -0.4500 -0.8544 -0.2598
vn -0.7534 -0.4931 -0.4350
vn -0.9912 0.1320 -0.0000
vn -0.1469 0.9892 -0.0000
vn -0.8700 0.4931 -0.0000
vn -0.5197 0.8544 -0.0000
vn -0.1469 -0.9892 -0.0000
vn -0.9912 -0.1320 -0.0000
vn -0.5197 -0.8544 -0.0000
vn -0.8700 -0.4931 -0.0000
vn -0.1272 0.9892 0.0734
vn -0.8584 0.1320 0.4956
vn -0.4500 0.8544 0.2598
vn -0.7534 0.4931 0.4350
vn -0.1272 -0.9892 0.0734
vn -0.8584 -0.1320 0.4956
vn -0.4500 -0.8544 0.2598
vn -0.7534 -0.4931 0.4350
vn -0.0734 0.9892 0.1272
vn -0.4956 0.1320 0.8584
vn -0.2598 0.8544 0.4500
vn -0.4350 0.4931 0.7534
vn -0.0734 -0.9892 0.1272
vn -0.4956 -0.1320 0.8584
vn -0.2598 -0.8544 0.4500
vn -0.4350 -0.4931 0.7534
vn -0.0000 0.9892 0.1469
vn -0.0000 0.1320 0.9912
vn -0.0000 0.8544 0.5197
vn -0.0000 0.4931 0.8700
vn -0.0000 -0.9892 0.1469
vn -0.0000 -0.1320 0.9912
vn -0.0000 -0.8544 0.5197
vn -0.0000 -0.4931 0.8700
vn 0.0734 0.9892 0.1272
vn 0.4956 0.1320 0.8584
vn 0.2598 0.8544 0.4500
vn 0.4350 0.4931 0.7534
vn 0.0734 -0.9892 0.1272
vn 0.4956 -0.1320 0.8584
vn 0.2598 -0.8544 0.4500
vn 0.4350 -0.4931 0.7534
vn 0.1272 0.9892 0.0734
vn 0.8584 0.1320 0.4956
vn 0.4500 0.8544 0.2598
vn 0.7534 0.4931 0.4350
vn 0.1272 -0.9892 0.0734
vn 0.8584 -0.1320 0.4956
vn 0.4500 -0.8544 0.2598
vn 0.7534 -0.4931 0.4350
vn 0.1469 0.9892 -0.0000
vn 0.9912 0.1320 -0.0000
vn 0.5197 0.8544 -0.0000
vn 0.8700 0.4931 -0.0000
vn 0.1469 -0.9892 -0.0000
vn 0.9912 -0.1320 -0.0000
vn 0.5197 -0.8544 -0.0000
vn 0.8700 -0.4931 -0.0000
vn 0.1272 0.9892 -0.0734
vn 0.8584 0.1320 -0.4956
vn 0.4500 0.8544 -0.2598
vn 0.7534 0.4931 -0.4350
vn 0.1272 -0.9892 -0.0734
vn 0.8584 -0.1320 -0.4956
vn 0.4500 -0.8544 -0.2598
vn 0.7534 -0.4931 -0.4350
vn 0.0734 0.9892 -0.1272
vn 0.4956 0.1320 -0.8584
vn 0.2598 0.8544 -0.4500
vn 0.4350 0.4931 -0.7534
vn 0.0734 -0.9892 -0.1272
vn 0.4956 -0.1320 -0.8584
vn 0.2598 -0.8544 -0.4500
vn 0.4350 -0.4931 -0.7534
vn 0.3437 0.1464 -0.9276
vn -0.3437 0.1464 -0.9276
vn -0.0000 0.9805 -0.1966
vn 0.1207 0.0922 -0.9884
vn 0.3175 0.4816 -0.8169
vn 0.1285 0.3911 -0.9113
vn -0.3175 0.4816 -0.8169
vn -0.1207 0.0922 -0.9884
vn -0.1285 0.3911 -0.9113
vn 0.1587 0.8467 -0.5078
vn -0.1587 0.8467 -0.5078
vn -0.0000 0.7304 -0.6831
vn 0.3437 -0.1464 -0.9276
vn -0.0000 -0.9805 -0.1966
vn -0.3437 -0.1464 -0.9276
vn 0.3175 -0.4816 -0.8169
vn 0.1207 -0.0922 -0.9884
vn 0.1285 -0.3911 -0.9113
vn -0.1587 -0.8467 -0.5078
vn 0.1587 -0.8467 -0.5078
vn -0.0000 -0.7304 -0.6831
vn -0.1207 -0.0922 -0.9884
vn -0.3175 -0.4816 -0.8169
vn -0.1285 -0.3911 -0.9113
vn -0.1549 0.9757 -0.1549
vn -0.4342 0.1724 -0.8842
vn -0.9219 0.1725 -0.3470
vn -0.2536 0.8534 -0.4554
vn -0.4554 0.8534 -0.2536
vn -0.4634 0.7554 -0.4634
vn -0.5701 0.1678 -0.8042
vn -0.3931 0.5388 -0.7451
vn -0.5045 0.4928 -0.7090
vn -0.7451 0.5388 -0.3931
vn -0.8042 0.1678 -0.5702
vn -0.7089 0.4928 -0.5045
vn -0.1549 -0.9757 -0.1549
vn -0.9219 -0.1725 -0.3470
vn -0.4342 -0.1724 -0.8842
vn -0.4554 -0.8534 -0.2536
vn -0.2536 -0.8534 -0.4554
vn -0.4634 -0.7554 -0.4634
vn -0.8042 -0.1678 -0.5701
vn -0.7451 -0.5388 -0.3931
vn -0.7090 -0.4928 -0.5045
vn -0.3931 -0.5388 -0.7451
vn -0.5701 -0.1678 -0.8042
vn -0.5045 -0.4928 -0.7089
vn -0.9543 0.1504 -0.2581
vn -0.9543 0.1504 0.2581
vn -0.1965 0.9805 -0.0000
vn -0.9884 0.0922 -0.1207
vn -0.8169 0.4816 -0.3175
vn -0.9113 0.3911 -0.1285
vn -0.8169 0.4816 0.3175
vn -0.9884 0.0922 0.1207
vn -0.9113 0.3911 0.1285
vn -0.5078 0.8467 -0.1587
vn -0.5078 0.8467 0.1587
vn -0.6831 0.7304 -0.0000
vn -0.9543 -0.1504 -0.2581
vn -0.1966 -0.9805 -0.0000
vn -0.9543 -0.1504 0.2581
vn -0.8169 -0.4816 -0.3175
vn -0.9884 -0.0922 -0.1207
vn -0.9113 -0.3911 -0.1285
vn -0.5078 -0.8467 0.1587
vn -0.5078 -0.8467 -0.1587
vn -0.6831 -0.7304 -0.0000
vn -0.9884 -0.0922 0.1207
vn -0.8169 -0.4816 0.3175
vn -0.9113 -0.3911 0.1285
vn -0.9219 0.1725 0.3470
vn -0.4342 0.1724 0.8842
vn -0.1549 0.9757 0.1549
vn -0.8042 0.1678 0.5701
vn -0.7451 0.5388 0.3931
vn -0.7090 0.4928 0.5045
vn -0.3931 0.5388 0.7451
vn -0.5701 0.1678 0.8042
vn -0.5045 0.4928 0.7090
vn -0.4554 0.8534 0.2536
vn -0.2536 0.8534 0.4554
vn -0.4634 0.7554 0.4634
vn -0.9219 -0.1725 0.3470
vn -0.1549 -0.9757 0.1549
vn -0.4342 -0.1724 0.8842
vn -0.7451 -0.5388 0.3931
vn -0.8042 -0.1678 0.5701
vn -0.7089 -0.4928 0.5045
vn -0.2536 -0.8534 0.4554
vn -0.4554 -0.8534 0.2536
vn -0.4634 -0.7554 0.4634
vn -0.5701 -0.1678 0.8042
vn -0.3931 -0.5388 0.7451
vn -0.5045 -0.4928 0.7089
vn -0.0000 0.9805 0.1966
vn -0.3437 0.1464 0.9276
vn 0.3437 0.1464 0.9276
vn -0.1587 0.8467 0.5078
vn 0.1587 0.8467 0.5078
vn -0.0000 0.7304 0.6831
vn -0.1207 0.0922 0.9884
vn -0.3175 0.4816 0.8169
vn -0.1285 0.3911 0.9113
vn 0.3175 0.4816 0.8169
vn 0.1207 0.0922 0.9884
vn 0.1285 0.3911 0.9113
vn -0.0000 -0.9805 0.1966
vn 0.3437 -0.1464 0.9276
vn -0.3437 -0.1464 0.9276
vn 0.1587 -0.8467 0.5078
vn -0.1587 -0.8467 0.5078
vn -0.0000 -0.7304 0.6831
vn 0.1207 -0.0922 0.9884
vn 0.3175 -0.4816 0.8169
vn 0.1285 -0.3911 0.9113
vn -0.3175 -0.4816 0.8169
vn -0.1207 -0.0922 0.9884
vn -0.1285 -0.3911 0.9113
vn 0.1549 0.9757 0.1549
vn 0.4342 0.1724 0.8842
vn 0.9219 0.1725 0.3470
vn 0.2536 0.8534 0.4554
vn 0.4554 0.8534 0.2536
vn 0.4634 0.7554 0.4634
vn 0.5701 0.1678 0.8042
vn 0.3931 0.5388 0.7451
vn 0.5045 0.4928 0.7090
vn 0.7451 0.5388 0.3931
vn 0.8042 0.1678 0.5701
vn 0.7089 0.4928 0.5045
vn 0.1549 -0.9757 0.1549
vn 0.9219 -0.1725 0.3470
vn 0.4342 -0.1724 0.8842
vn 0.4554 -0.8534 0.2536
vn 0.2536 -0.8534 0.4554
vn 0.4634 -0.7554 0.4634
vn 0.8042 -0.1678 0.5701
vn 0.7451 -0.5388 0.3931
vn 0.7090 -0.4928 0.5045
vn 0.3931 -0.5388 0.7451
vn 0.5701 -0.1678 0.8042
vn 0.5045 -0.4928 0.7089
vn 0.1965 0.9805 -0.0000
vn 0.9543 0.1504 0.2581
vn 0.9543 0.1504 -0.2581
vn 0.5078 0.8467 0.1587
vn 0.5078 0.8467 -0.1587
vn 0.6831 0.7304 -0.0000
vn 0.9884 0.0922 0.1207
vn 0.8169 0.4816 0.3175
vn 0.9113 0.3911 0.1285
vn 0.8169 0.4816 -0.3175
vn 0.9884 0.0922 -0.1207
vn 0.9113 0.3911 -0.1285
vn 0.1966 -0.9805 -0.0000
vn 0.9543 -0.1504 -0.2581
vn 0.9543 -0.1504 0.2581
vn 0.5078 -0.8467 -0.1587
vn 0.5078 -0.8467 0.1587
vn 0.6831 -0.7304 -0.0000
vn 0.9884 -0.0922 -0.1207
vn 0.8169 -0.4816 -0.3175
vn 0.9113 -0.3911 -0.1285
vn 0.8169 -0.4816 0.3175
vn 0.9884 -0.0922 0.1207
vn 0.9113 -0.3911 0.1285
vn 0.1549 0.9757 -0.1549
vn 0.9219 0.1725 -0.3470
vn 0.4342 0.1724 -0.8842
vn 0.4554 0.8534 -0.2536
vn 0.2536 0.8534 -0.4554
vn 0.4634 0.7554 -0.4634
vn 0.8042 0.1678 -0.5701
vn 0.7451 0.5388 -0.3931
vn 0.7090 0.4928 -0.5045
vn 0.3931 0.5388 -0.7451
vn 0.5701 0.1678 -0.8042
vn 0.5045 0.4928 -0.7090
vn 0.1549 -0.9757 -0.1549
vn 0.4342 -0.1724 -0.8842
vn 0.9219 -0.1725 -0.3470
vn 0.2536 -0.8534 -0.4554
vn 0.4554 -0.8534 -0.2536
vn 0.4634 -0.7554 -0.4634
vn 0.5701 -0.1678 -0.8042
vn 0.3931 -0.5388 -0.7451
vn 0.5045 -0.4928 -0.7089
vn 0.7451 -0.5388 -0.3931
vn 0.8042 -0.1678 -0.5701
vn 0.7089 -0.4928 -0.5045
vn 0.1041 0.9702 -0.2187
vn -0.4797 -0.2823 -0.8308
vn -0.8490 0.4904 -0.1967
vn -0.0195 0.1506 -0.9884
vn -0.2768 0.4793 -0.8329
vn -0.2744 0.3069 -0.9113
vn -0.5758 -0.0342 -0.8169
vn -0.1402 -0.0584 -0.9884
vn -0.4030 0.0842 -0.9113
vn -0.6611 0.5529 -0.5072
vn -0.8126 0.2860 -0.5078
vn -0.6325 0.3652 -0.6831
vn 0.8492 -0.4901 -0.1967
vn -0.0046 -0.5566 -0.8308
vn 0.3348 0.1778 -0.9254
vn 0.6540 -0.5608 -0.5078
vn 0.8094 -0.2961 -0.5072
vn 0.6325 -0.3652 -0.6831
vn 0.0195 -0.1506 -0.9884
vn 0.2583 -0.5158 -0.8169
vn 0.2744 -0.3069 -0.9113
vn 0.5534 -0.0000 -0.8329
vn 0.1402 0.0584 -0.9884
vn 0.4030 -0.0842 -0.9113
vn -0.6206 -0.7247 -0.2996
vn -0.9224 0.3537 -0.1549
vn -0.5879 -0.3891 -0.7092
vn -0.8391 -0.3759 -0.3931
vn -0.5474 -0.6126 -0.5701
vn -0.7813 -0.3676 -0.5045
vn -0.8659 0.2071 -0.4554
vn -0.9668 0.0323 -0.2536
vn -0.8859 -0.0236 -0.4634
vn -0.4304 -0.4099 -0.8042
vn -0.6631 -0.0710 -0.7451
vn -0.6790 -0.1905 -0.7089
vn -0.3463 -0.8767 -0.3340
vn -0.0430 -0.7037 -0.7092
vn 0.7676 -0.6220 -0.1549
vn -0.2568 -0.7804 -0.5702
vn 0.0940 -0.9147 -0.3931
vn 0.0723 -0.8604 -0.5045
vn 0.2700 -0.6098 -0.7451
vn -0.1398 -0.5777 -0.8042
vn 0.1745 -0.6833 -0.7089
vn 0.5114 -0.8211 -0.2536
vn 0.6123 -0.6463 -0.4554
vn 0.4225 -0.7790 -0.4634
vn -0.6354 -0.7096 -0.3043
vn -0.6642 -0.7236 0.1878
vn -0.9474 0.3200 -0.0000
vn -0.5741 -0.8099 -0.1207
vn -0.8255 -0.4666 -0.3176
vn -0.7944 -0.5937 -0.1285
vn -0.8255 -0.4666 0.3175
vn -0.5741 -0.8099 0.1207
vn -0.7944 -0.5937 0.1285
vn -0.9872 -0.0164 -0.1587
vn -0.9872 -0.0164 0.1587
vn -0.9740 -0.2264 -0.0000
vn 0.7509 -0.6605 -0.0000
vn -0.3526 -0.9358 -0.0040
vn -0.3550 -0.8942 -0.2728
vn 0.4794 -0.8631 0.1587
vn 0.4794 -0.8631 -0.1587
vn 0.2910 -0.9567 -0.0000
vn -0.4143 -0.9021 0.1207
vn 0.0086 -0.9482 0.3175
vn -0.1170 -0.9848 0.1285
vn 0.0086 -0.9482 -0.3175
vn -0.4143 -0.9021 -0.1207
vn -0.1170 -0.9848 -0.1285
vn -0.9224 0.3537 0.1549
vn -0.6707 -0.7401 -0.0490
vn -0.3242 -0.2146 0.9213
vn -0.9668 0.0323 0.2536
vn -0.8659 0.2071 0.4554
vn -0.8859 -0.0236 0.4634
vn -0.5474 -0.6126 0.5702
vn -0.8391 -0.3759 0.3931
vn -0.7813 -0.3676 0.5045
vn -0.6631 -0.0710 0.7451
vn -0.4304 -0.4099 0.8042
vn -0.6790 -0.1905 0.7089
vn 0.7676 -0.6220 0.1549
vn -0.0312 -0.2894 0.9567
vn -0.2934 -0.9427 0.1591
vn 0.6123 -0.6463 0.4554
vn 0.5114 -0.8211 0.2536
vn 0.4225 -0.7790 0.4634
vn -0.1398 -0.5777 0.8042
vn 0.2700 -0.6098 0.7451
vn 0.1745 -0.6833 0.7089
vn 0.0940 -0.9147 0.3931
vn -0.2568 -0.7804 0.5702
vn 0.0723 -0.8604 0.5045
vn -0.8490 0.4904 0.1967
vn -0.2375 -0.1398 0.9613
vn 0.0142 0.1325 0.9911
vn -0.8126 0.2860 0.5078
vn -0.6611 0.5529 0.5072
vn -0.6325 0.3652 0.6831
vn -0.1402 -0.0584 0.9884
vn -0.5758 -0.0342 0.8169
vn -0.4030 0.0842 0.9113
vn -0.2768 0.4793 0.8329
vn -0.0195 0.1506 0.9884
vn -0.2744 0.3069 0.9113
vn 0.8492 -0.4901 0.1967
vn 0.1513 0.0915 0.9842
vn 0.0089 -0.3954 0.9185
vn 0.8094 -0.2961 0.5072
vn 0.6540 -0.5608 0.5078
vn 0.6325 -0.3652 0.6831
vn 0.1402 0.0584 0.9884
vn 0.5534 -0.0000 0.8329
vn 0.4030 -0.0842 0.9113
vn 0.2583 -0.5158 0.8169
vn 0.0195 -0.1506 0.9884
vn 0.2744 -0.3069 0.9113
vn -0.7796 0.6106 0.1392
vn 0.0639 0.4472 0.8922
vn 0.3101 0.9190 0.2435
vn -0.6084 0.6443 0.4635
vn -0.4977 0.8315 0.2469
vn -0.3910 0.7835 0.4830
vn 0.2269 0.5775 0.7843
vn -0.2184 0.5803 0.7846
vn -0.0619 0.6749 0.7353
vn -0.0160 0.9355 0.3531
vn 0.3123 0.7253 0.6136
vn 0.0289 0.8323 0.5535
vn 0.9186 -0.3699 0.1392
vn 0.6441 0.7592 0.0932
vn 0.3602 0.2727 0.8921
vn 0.9689 -0.0153 0.2469
vn 0.8621 -0.2047 0.4635
vn 0.8740 0.0531 0.4830
vn 0.4720 0.6331 0.6136
vn 0.8181 0.4539 0.3531
vn 0.7064 0.4412 0.5535
vn 0.6117 0.1010 0.7846
vn 0.3866 0.4852 0.7842
vn 0.6155 0.2838 0.7353
vn -0.7355 0.6776 -0.0000
vn 0.3744 0.9221 -0.0981
vn 0.3475 0.9123 -0.2166
vn -0.4884 0.8609 0.1427
vn -0.4884 0.8609 -0.1427
vn -0.3265 0.9452 -0.0000
vn 0.3406 0.9255 0.1655
vn -0.0642 0.9664 0.2489
vn 0.0022 0.9895 0.1446
vn -0.0642 0.9664 -0.2489
vn 0.3406 0.9255 -0.1655
vn 0.0022 0.9895 -0.1446
vn 0.9545 -0.2982 -0.0000
vn 0.6495 0.7299 -0.2130
vn 0.6782 0.7321 0.0634
vn 0.9897 0.0075 -0.1427
vn 0.9897 0.0075 0.1427
vn 0.9818 0.1898 -0.0000
vn 0.6312 0.7577 -0.1655
vn 0.8690 0.4276 -0.2489
vn 0.8558 0.4967 -0.1446
vn 0.8690 0.4276 0.2489
vn 0.6312 0.7577 0.1655
vn 0.8558 0.4967 0.1446
vn -0.7796 0.6106 -0.1392
vn 0.3659 0.8751 -0.3168
vn 0.0767 0.5366 -0.8404
vn -0.4977 0.8315 -0.2469
vn -0.6084 0.6443 -0.4635
vn -0.3910 0.7835 -0.4830
vn 0.3123 0.7253 -0.6136
vn -0.0160 0.9355 -0.3531
vn 0.0289 0.8323 -0.5535
vn -0.2184 0.5803 -0.7846
vn 0.2269 0.5775 -0.7843
vn -0.0619 0.6749 -0.7353
vn 0.9186 -0.3699 -0.1392
vn 0.6876 0.7228 -0.0689
vn 0.6136 0.7233 -0.3169
vn 0.8621 -0.2047 -0.4635
vn 0.9689 -0.0153 -0.2469
vn 0.8740 0.0531 -0.4830
vn 0.3866 0.4852 -0.7842
vn 0.6117 0.1010 -0.7846
vn 0.6155 0.2838 -0.7353
vn 0.8181 0.4539 -0.3531
vn 0.4720 0.6331 -0.6136
vn 0.7063 0.4412 -0.5535
vn -0.6661 0.4029 -0.6276
vn -0.0089 -0.3954 -0.9185
vn -0.8492 -0.4901 -0.1967
vn -0.1402 0.0584 -0.9884
vn -0.5534 -0.0000 -0.8329
vn -0.4030 -0.0842 -0.9113
vn -0.2583 -0.5158 -0.8168
vn -0.0195 -0.1506 -0.9884
vn -0.2744 -0.3069 -0.9113
vn -0.8094 -0.2961 -0.5072
vn -0.6540 -0.5608 -0.5078
vn -0.6325 -0.3652 -0.6831
vn 0.8490 0.4904 -0.1967
vn 0.2375 -0.1398 -0.9613
vn -0.1041 0.9702 -0.2187
vn 0.8126 0.2860 -0.5078
vn 0.6611 0.5529 -0.5072
vn 0.6325 0.3652 -0.6831
vn 0.1402 -0.0584 -0.9884
vn 0.5758 -0.0342 -0.8169
vn 0.4030 0.0842 -0.9113
vn 0.2768 0.4793 -0.8329
vn 0.0195 0.1506 -0.9884
vn 0.2744 0.3069 -0.9113
vn 0.2934 -0.9427 -0.1591
vn -0.7676 -0.6220 -0.1549
vn 0.0312 -0.2894 -0.9567
vn -0.0940 -0.9147 -0.3931
vn 0.2568 -0.7804 -0.5702
vn -0.0723 -0.8604 -0.5045
vn -0.6123 -0.6463 -0.4554
vn -0.5114 -0.8211 -0.2536
vn -0.4225 -0.7790 -0.4634
vn 0.1398 -0.5777 -0.8042
vn -0.2700 -0.6098 -0.7451
vn -0.1745 -0.6833 -0.7090
vn 0.6708 -0.7401 0.0490
vn 0.3242 -0.2146 -0.9213
vn 0.9224 0.3537 -0.1549
vn 0.5474 -0.6126 -0.5702
vn 0.8391 -0.3759 -0.3931
vn 0.7813 -0.3676 -0.5045
vn 0.6631 -0.0711 -0.7451
vn 0.4304 -0.4099 -0.8042
vn 0.6790 -0.1905 -0.7089
vn 0.9668 0.0323 -0.2536
vn 0.8659 0.2071 -0.4554
vn 0.8859 -0.0236 -0.4634
vn 0.3526 -0.9358 0.0040
vn 0.3550 -0.8942 0.2728
vn -0.7509 -0.6605 -0.0000
vn 0.4143 -0.9021 -0.1207
vn -0.0086 -0.9482 -0.3175
vn 0.1170 -0.9848 -0.1285
vn -0.0086 -0.9482 0.3175
vn 0.4143 -0.9021 0.1207
vn 0.1170 -0.9848 0.1285
vn -0.4794 -0.8631 -0.1587
vn -0.4794 -0.8631 0.1587
vn -0.2910 -0.9567 -0.0000
vn 0.6354 -0.7096 0.3043
vn 0.6642 -0.7236 -0.1878
vn 0.9474 0.3200 -0.0000
vn 0.5741 -0.8099 0.1207
vn 0.8255 -0.4666 0.3176
vn 0.7944 -0.5937 0.1285
vn 0.8255 -0.4666 -0.3176
vn 0.5741 -0.8099 -0.1207
vn 0.7944 -0.5937 -0.1285
vn 0.9872 -0.0164 0.1587
vn 0.9872 -0.0164 -0.1587
vn 0.9740 -0.2264 -0.0000
vn -0.7676 -0.6220 0.1549
vn 0.3463 -0.8767 0.3340
vn 0.0237 -0.3881 0.9213
vn -0.5114 -0.8211 0.2536
vn -0.6123 -0.6463 0.4554
vn -0.4225 -0.7790 0.4634
vn 0.2568 -0.7804 0.5701
vn -0.0940 -0.9147 0.3931
vn -0.0723 -0.8604 0.5045
vn -0.2700 -0.6098 0.7451
vn 0.1398 -0.5777 0.8042
vn -0.1745 -0.6833 0.7089
vn 0.9224 0.3537 0.1549
vn 0.3242 -0.2146 0.9213
vn 0.6206 -0.7247 0.2996
vn 0.8659 0.2071 0.4554
vn 0.9668 0.0323 0.2536
vn 0.8859 -0.0236 0.4634
vn 0.4304 -0.4099 0.8042
vn 0.6631 -0.0710 0.7451
vn 0.6790 -0.1905 0.7089
vn 0.8391 -0.3759 0.3931
vn 0.5474 -0.6126 0.5701
vn 0.7813 -0.3676 0.5045
vn -0.8492 -0.4901 0.1967
vn 0.0023 -0.2756 0.9613
vn -0.2733 0.1452 0.9509
vn -0.6540 -0.5608 0.5078
vn -0.8094 -0.2961 0.5072
vn -0.6325 -0.3652 0.6831
vn -0.0195 -0.1506 0.9884
vn -0.2583 -0.5158 0.8169
vn -0.2744 -0.3069 0.9113
vn -0.5534 -0.0000 0.8329
vn -0.1402 0.0584 0.9884
vn -0.4030 -0.0842 0.9113
vn 0.8490 0.4904 0.1967
vn -0.0142 0.1325 0.9911
vn 0.2375 -0.1398 0.9613
vn 0.6611 0.5529 0.5072
vn 0.8126 0.2860 0.5078
vn 0.6325 0.3652 0.6831
vn 0.0195 0.1506 0.9884
vn 0.2768 0.4793 0.8329
vn 0.2744 0.3069 0.9113
vn 0.5758 -0.0342 0.8169
vn 0.1402 -0.0584 0.9884
vn 0.4030 0.0842 0.9113
vn -0.9186 -0.3699 0.1392
vn -0.2050 0.2155 0.9548
vn -0.6136 0.7233 0.3169
vn -0.8621 -0.2047 0.4635
vn -0.9689 -0.0153 0.2469
vn -0.8740 0.0531 0.4830
vn -0.3866 0.4852 0.7842
vn -0.6117 0.1010 0.7846
vn -0.6155 0.2838 0.7353
vn -0.8181 0.4539 0.3531
vn -0.4720 0.6331 0.6136
vn -0.7063 0.4412 0.5535
vn 0.7796 0.6106 0.1392
vn -0.3659 0.8751 0.3168
vn -0.0639 0.4472 0.8922
vn 0.4977 0.8315 0.2469
vn 0.6084 0.6443 0.4635
vn 0.3910 0.7835 0.4830
vn -0.3123 0.7253 0.6136
vn 0.0160 0.9355 0.3531
vn -0.0289 0.8323 0.5535
vn 0.2184 0.5803 0.7846
vn -0.2269 0.5775 0.7843
vn 0.0619 0.6749 0.7353
vn -0.9545 -0.2982 -0.0000
vn -0.6495 0.7299 0.2130
vn -0.6782 0.7321 -0.0634
vn -0.9897 0.0075 0.1427
vn -0.9897 0.0075 -0.1427
vn -0.9818 0.1898 -0.0000
vn -0.6312 0.7577 0.1655
vn -0.8690 0.4276 0.2489
vn -0.8558 0.4967 0.1446
vn -0.8690 0.4276 -0.2489
vn -0.6312 0.7577 -0.1655
vn -0.8558 0.4967 -0.1446
vn 0.7355 0.6776 -0.0000
vn -0.3744 0.9221 0.0981
vn -0.3475 0.9123 0.2166
vn 0.4884 0.8609 -0.1427
vn 0.4884 0.8609 0.1427
vn 0.3265 0.9452 -0.0000
vn -0.3406 0.9255 -0.1655
vn 0.0642 0.9664 -0.2489
vn -0.0022 0.9895 -0.1446
vn 0.0642 0.9664 0.2489
vn -0.3406 0.9255 0.1655
vn -0.0022 0.9895 0.1446
vn -0.9186 -0.3699 -0.1392
vn -0.6441 0.7592 -0.0932
vn -0.4273 0.3234 -0.8443
vn -0.9689 -0.0153 -0.2469
vn -0.8621 -0.2047 -0.4635
vn -0.8740 0.0531 -0.4830
vn -0.4720 0.6331 -0.6136
vn -0.8181 0.4539 -0.3531
vn -0.7063 0.4412 -0.5535
vn -0.6117 0.1010 -0.7846
vn -0.3866 0.4852 -0.7842
vn -0.6155 0.2838 -0.7353
vn 0.7796 0.6106 -0.1392
vn -0.0767 0.5366 -0.8404
vn -0.3101 0.9190 -0.2435
vn 0.6084 0.6443 -0.4635
vn 0.4977 0.8315 -0.2469
vn 0.3910 0.7835 -0.4830
vn -0.2269 0.5775 -0.7843
vn 0.2184 0.5803 -0.7846
vn 0.0619 0.6749 -0.7353
vn 0.0160 0.9355 -0.3531
vn -0.3123 0.7253 -0.6136
vn -0.0289 0.8323 -0.5535
vn 0.8042 0.1678 0.5702
vn -0.7090 -0.4928 0.5045
vn -0.8042 0.1678 -0.5701
vn -0.1041 -0.9702 -0.2187
vn 0.1678 0.1047 -0.9802
vn 0.8490 -0.4904 -0.1967
vn 0.2768 -0.4793 -0.8329
vn 0.5758 0.0342 -0.8169
vn 0.6611 -0.5529 -0.5072
vn 0.8126 -0.2860 -0.5078
vn -0.3348 -0.1778 -0.9254
vn -0.8492 0.4901 -0.1967
vn 0.0023 0.2756 -0.9613
vn -0.6540 0.5608 -0.5078
vn -0.8094 0.2961 -0.5072
vn -0.2583 0.5158 -0.8168
vn 0.6373 0.7046 -0.3121
vn 0.9224 -0.3539 -0.1549
vn 0.4091 0.2554 -0.8760
vn 0.8478 0.3966 -0.3520
vn 0.5474 0.6126 -0.5701
vn 0.7813 0.3676 -0.5045
vn 0.8659 -0.2071 -0.4554
vn 0.9685 -0.0249 -0.2477
vn 0.8859 0.0236 -0.4634
vn 0.4304 0.4099 -0.8042
vn 0.6631 0.0711 -0.7451
vn 0.6790 0.1905 -0.7089
vn 0.3450 0.8865 -0.3083
vn 0.0237 0.3881 -0.9213
vn -0.7677 0.6219 -0.1549
vn 0.2568 0.7804 -0.5701
vn -0.0805 0.9325 -0.3520
vn -0.0723 0.8604 -0.5045
vn -0.2700 0.6098 -0.7451
vn 0.1398 0.5777 -0.8042
vn -0.1745 0.6833 -0.7089
vn -0.5058 0.8263 -0.2477
vn -0.6123 0.6463 -0.4554
vn -0.4225 0.7790 -0.4634
vn 0.9544 -0.2984 -0.0000
vn 0.6503 0.7163 -0.2529
vn 0.6379 0.6552 0.4047
vn 0.9883 0.0094 -0.1521
vn 0.9883 0.0094 0.1521
vn 0.8599 0.4175 -0.2937
vn 0.8599 0.4175 0.2937
vn 0.2953 0.8376 0.4595
vn 0.3291 0.9074 -0.2613
vn -0.7356 0.6774 -0.0000
vn -0.0684 0.9535 0.2937
vn -0.0684 0.9535 -0.2937
vn -0.4860 0.8606 0.1521
vn -0.4860 0.8606 -0.1521
vn 0.9224 -0.3539 0.1549
vn 0.5526 0.6255 0.5508
vn 0.5879 0.3891 0.7092
vn 0.9685 -0.0248 0.2477
vn 0.8659 -0.2071 0.4554
vn 0.8859 0.0236 0.4634
vn 0.5474 0.6126 0.5701
vn 0.8478 0.3966 0.3520
vn 0.7813 0.3676 0.5045
vn 0.6631 0.0710 0.7451
vn 0.4304 0.4099 0.8042
vn 0.6790 0.1905 0.7089
vn -0.7677 0.6218 0.1549
vn 0.1031 0.9577 0.2686
vn 0.2768 0.8165 0.5067
vn -0.6123 0.6463 0.4554
vn -0.5058 0.8263 0.2477
vn -0.4225 0.7790 0.4634
vn 0.1398 0.5777 0.8042
vn -0.2700 0.6098 0.7451
vn -0.1745 0.6833 0.7089
vn -0.0805 0.9325 0.3520
vn 0.2568 0.7804 0.5702
vn -0.0723 0.8604 0.5045
vn 0.8490 -0.4904 0.1967
vn 0.4797 0.2823 0.8308
vn -0.1041 -0.9702 0.2187
vn 0.8126 -0.2860 0.5078
vn 0.6611 -0.5529 0.5072
vn 0.5758 0.0342 0.8169
vn 0.2768 -0.4793 0.8329
vn -0.8492 0.4901 0.1967
vn -0.6661 -0.4029 0.6276
vn -0.0105 0.4680 0.8837
vn -0.8094 0.2961 0.5072
vn -0.6540 0.5608 0.5078
vn -0.2583 0.5158 0.8168
vn 0.7795 -0.6108 0.1392
vn -0.0767 -0.5366 0.8404
vn -0.2936 -0.8078 0.5111
vn 0.6084 -0.6443 0.4635
vn 0.5035 -0.8259 0.2538
vn 0.3910 -0.7835 0.4830
vn -0.2269 -0.5775 0.7843
vn 0.2184 -0.5803 0.7846
vn 0.0619 -0.6749 0.7353
vn 0.0228 -0.9191 0.3933
vn -0.3123 -0.7253 0.6136
vn -0.0289 -0.8323 0.5535
vn -0.9186 0.3699 0.1392
vn -0.5467 -0.6455 0.5333
vn -0.4273 -0.3234 0.8443
vn -0.9689 0.0153 0.2469
vn -0.8621 0.2047 0.4635
vn -0.8740 -0.0531 0.4830
vn -0.4720 -0.6331 0.6136
vn -0.8181 -0.4539 0.3531
vn -0.7063 -0.4412 0.5535
vn -0.6117 -0.1010 0.7846
vn -0.3866 -0.4852 0.7843
vn -0.6155 -0.2838 0.7353
vn 0.7507 -0.6607 -0.0000
vn -0.3678 -0.8014 0.4716
vn -0.3678 -0.8014 -0.4716
vn 0.4817 -0.8637 0.1483
vn 0.4817 -0.8637 -0.1483
vn -0.4125 -0.9010 0.1343
vn -0.0014 -0.9610 0.2767
vn -0.0014 -0.9610 -0.2767
vn -0.4125 -0.9010 -0.1343
vn -0.9545 0.2982 -0.0000
vn -0.6144 -0.6766 -0.4058
vn -0.6280 -0.6786 0.3809
vn -0.9897 -0.0075 -0.1427
vn -0.9897 -0.0075 0.1427
vn -0.9818 -0.1898 -0.0000
vn -0.6314 -0.7604 -0.1520
vn -0.8690 -0.4276 -0.2489
vn -0.8558 -0.4967 -0.1446
vn -0.8690 -0.4276 0.2489
vn -0.6314 -0.7604 0.1520
vn -0.8558 -0.4967 0.1446
vn 0.7795 -0.6108 -0.1392
vn -0.2936 -0.8078 -0.5111
vn -0.0767 -0.5366 -0.8404
vn 0.5035 -0.8259 -0.2538
vn 0.6084 -0.6443 -0.4635
vn 0.3910 -0.7835 -0.4830
vn -0.3123 -0.7253 -0.6136
vn 0.0228 -0.9191 -0.3933
vn -0.0289 -0.8323 -0.5535
vn 0.2184 -0.5803 -0.7846
vn -0.2269 -0.5775 -0.7843
vn 0.0619 -0.6749 -0.7353
vn -0.9186 0.3699 -0.1392
vn -0.6876 -0.7228 -0.0689
vn -0.5619 -0.6501 -0.5115
vn -0.8621 0.2047 -0.4635
vn -0.9689 0.0153 -0.2469
vn -0.8740 -0.0531 -0.4830
vn -0.3866 -0.4852 -0.7843
vn -0.6117 -0.1010 -0.7846
vn -0.6155 -0.2838 -0.7353
vn -0.8181 -0.4539 -0.3531
vn -0.4720 -0.6331 -0.6136
vn -0.7063 -0.4412 -0.5535
vn 0.6661 -0.4029 -0.6276
vn 0.0105 0.4680 -0.8837
vn 0.8492 0.4901 -0.1967
vn 0.2583 0.5158 -0.8168
vn 0.8094 0.2961 -0.5072
vn 0.6540 0.5608 -0.5078
vn 0.1058 -0.9742 -0.1994
vn -0.8491 -0.4902 -0.1966
vn -0.4797 0.2823 -0.8308
vn -0.2583 -0.5158 -0.8169
vn -0.8126 -0.2860 -0.5078
vn -0.5758 0.0342 -0.8169
vn -0.2768 0.8165 -0.5067
vn 0.7677 0.6218 -0.1549
vn -0.1031 0.9577 -0.2686
vn 0.0805 0.9325 -0.3520
vn -0.2568 0.7804 -0.5702
vn 0.0723 0.8604 -0.5045
vn 0.6123 0.6463 -0.4554
vn 0.5058 0.8263 -0.2477
vn 0.4225 0.7790 -0.4634
vn -0.1398 0.5777 -0.8042
vn 0.2700 0.6098 -0.7451
vn 0.1745 0.6833 -0.7089
vn -0.5526 0.6255 -0.5508
vn -0.5879 0.3891 -0.7092
vn -0.9224 -0.3539 -0.1549
vn -0.5474 0.6126 -0.5701
vn -0.8478 0.3966 -0.3520
vn -0.7813 0.3676 -0.5045
vn -0.6631 0.0711 -0.7451
vn -0.4304 0.4099 -0.8042
vn -0.6790 0.1905 -0.7089
vn -0.9685 -0.0248 -0.2477
vn -0.8659 -0.2071 -0.4554
vn -0.8859 0.0236 -0.4634
vn 0.7356 0.6774 -0.0000
vn -0.2953 0.8376 -0.4595
vn -0.3291 0.9074 0.2613
vn 0.4860 0.8606 -0.1521
vn 0.4860 0.8606 0.1521
vn 0.0684 0.9535 -0.2937
vn 0.0684 0.9535 0.2937
vn -0.6503 0.7163 0.2529
vn -0.6379 0.6552 -0.4047
vn -0.9544 -0.2984 -0.0000
vn -0.8599 0.4175 0.2937
vn -0.8599 0.4175 -0.2937
vn -0.9883 0.0094 0.1521
vn -0.9883 0.0094 -0.1521
vn 0.7677 0.6218 0.1549
vn -0.3450 0.8865 0.3083
vn -0.0237 0.3881 0.9213
vn 0.5058 0.8263 0.2477
vn 0.6123 0.6463 0.4554
vn 0.4225 0.7790 0.4634
vn -0.2568 0.7804 0.5701
vn 0.0805 0.9325 0.3520
vn 0.0723 0.8604 0.5045
vn 0.2700 0.6098 0.7451
vn -0.1398 0.5777 0.8042
vn 0.1745 0.6833 0.7089
vn -0.9224 -0.3539 0.1549
vn -0.4091 0.2554 0.8760
vn -0.6373 0.7046 0.3121
vn -0.8659 -0.2071 0.4554
vn -0.9685 -0.0248 0.2477
vn -0.8859 0.0236 0.4634
vn -0.4304 0.4099 0.8042
vn -0.6631 0.0711 0.7451
vn -0.6790 0.1905 0.7089
vn -0.8478 0.3966 0.3520
vn -0.5474 0.6126 0.5701
vn -0.7813 0.3676 0.5045
vn 0.8492 0.4901 0.1967
vn -0.0023 0.2756 0.9613
vn 0.3348 -0.1778 0.9254
vn 0.6540 0.5608 0.5078
vn 0.8094 0.2961 0.5072
vn 0.2583 0.5158 0.8168
vn -0.8490 -0.4904 0.1967
vn 0.1041 -0.9702 0.2187
vn -0.1678 0.1047 0.9802
vn -0.6611 -0.5529 0.5072
vn -0.8126 -0.2860 0.5078
vn -0.2768 -0.4793 0.8329
vn -0.5758 0.0342 0.8169
vn 0.9187 0.3697 0.1392
vn 0.6876 -0.7228 0.0689
vn 0.5384 -0.6410 0.5470
vn 0.8621 0.2047 0.4635
vn 0.9670 0.0231 0.2538
vn 0.8740 -0.0531 0.4830
vn 0.3866 -0.4852 0.7843
vn 0.6117 -0.1010 0.7846
vn 0.6155 -0.2838 0.7353
vn 0.8074 -0.4398 0.3933
vn 0.4720 -0.6331 0.6136
vn 0.7063 -0.4412 0.5535
vn -0.7796 -0.6106 0.1392
vn 0.2877 -0.8393 0.4612
vn 0.0767 -0.5366 0.8404
vn -0.4977 -0.8315 0.2469
vn -0.6084 -0.6443 0.4635
vn -0.3910 -0.7835 0.4830
vn 0.3123 -0.7253 0.6136
vn -0.0160 -0.9355 0.3531
vn 0.0289 -0.8323 0.5535
vn -0.2184 -0.5803 0.7846
vn 0.2269 -0.5775 0.7843
vn -0.0619 -0.6749 0.7353
vn 0.9475 0.3197 -0.0000
vn 0.5745 -0.6949 0.4325
vn 0.5867 -0.6968 -0.4126
vn 0.9888 -0.0147 0.1483
vn 0.9888 -0.0147 -0.1483
vn 0.5741 -0.8077 0.1343
vn 0.8315 -0.4817 0.2767
vn 0.8315 -0.4817 -0.2767
vn 0.5741 -0.8077 -0.1343
vn -0.7356 -0.6775 0.0001
vn 0.3268 -0.8124 -0.4829
vn 0.3344 -0.8207 0.4634
vn -0.4860 -0.8606 -0.1521
vn -0.4884 -0.8609 0.1427
vn -0.3265 -0.9452 -0.0000
vn 0.3429 -0.9270 -0.1520
vn -0.0684 -0.9535 -0.2937
vn 0.0022 -0.9895 -0.1446
vn -0.0642 -0.9664 0.2489
vn 0.3429 -0.9270 0.1520
vn 0.0022 -0.9895 0.1446
vn 0.9187 0.3697 -0.1392
vn 0.5301 -0.6437 -0.5519
vn 0.4199 -0.3102 -0.8529
vn 0.9670 0.0231 -0.2538
vn 0.8621 0.2047 -0.4635
vn 0.8740 -0.0531 -0.4830
vn 0.4771 -0.6397 -0.6026
vn 0.8074 -0.4398 -0.3933
vn 0.7064 -0.4412 -0.5535
vn 0.6117 -0.1010 -0.7846
vn 0.3821 -0.4752 -0.7926
vn 0.6155 -0.2838 -0.7353
vn -0.7677 -0.6218 -0.1549
vn 0.0263 -0.5803 -0.8139
vn 0.2489 -0.8397 -0.4827
vn -0.5058 -0.8263 -0.2477
vn 0.1465 -0.5868 -0.7964
vn -0.1745 -0.6833 -0.7089
vn -0.0805 -0.9325 -0.3520
vn 0.2540 -0.7730 -0.5814
vn -0.2156 0.9603 -0.1772
vn 0.2156 0.9603 -0.1772
vn -0.0000 0.2190 -0.9757
vn -0.1655 0.9718 -0.1678
vn -0.2489 0.8048 -0.5388
vn -0.1446 0.8580 -0.4928
vn 0.2489 0.8048 -0.5388
vn 0.1655 0.9718 -0.1678
vn 0.1446 0.8580 -0.4928
vn -0.1427 0.5014 -0.8534
vn 0.1427 0.5014 -0.8534
vn -0.0000 0.6553 -0.7554
vn -0.2156 0.9603 0.1772
vn -0.0000 0.2190 0.9757
vn 0.2156 0.9603 0.1772
vn -0.2489 0.8048 0.5388
vn -0.1655 0.9718 0.1678
vn -0.1446 0.8580 0.4928
vn 0.1427 0.5014 0.8534
vn -0.1427 0.5014 0.8534
vn -0.0000 0.6553 0.7554
vn 0.1655 0.9718 0.1678
vn 0.2489 0.8048 0.5388
vn 0.1446 0.8580 0.4928
vn 0.9242 0.3535 -0.1443
vn 0.1390 0.1390 -0.9805
vn 0.3155 0.9379 -0.1443
vn 0.8021 0.3531 -0.4816
vn 0.7843 0.6136 -0.0922
vn 0.7353 0.5535 -0.3911
vn 0.2469 0.4713 -0.8467
vn 0.4713 0.2469 -0.8467
vn 0.4830 0.4830 -0.7304
vn 0.6136 0.7842 -0.0922
vn 0.3531 0.8021 -0.4816
vn 0.5535 0.7353 -0.3911
vn 0.9243 0.3531 0.1450
vn 0.3155 0.9379 0.1443
vn 0.1390 0.1390 0.9805
vn 0.7843 0.6136 0.0922
vn 0.8021 0.3531 0.4816
vn 0.7353 0.5535 0.3911
vn 0.3531 0.8021 0.4816
vn 0.6136 0.7843 0.0922
vn 0.5535 0.7353 0.3911
vn 0.4712 0.2469 0.8467
vn 0.2469 0.4713 0.8467
vn 0.4830 0.4830 0.7304
vn 0.2190 -0.0000 -0.9757
vn 0.9511 0.2545 -0.1751
vn 0.9512 -0.2545 -0.1746
vn 0.5014 0.1427 -0.8534
vn 0.5014 -0.1427 -0.8534
vn 0.6553 -0.0000 -0.7554
vn 0.9718 0.1655 -0.1678
vn 0.8048 0.2489 -0.5388
vn 0.8580 0.1446 -0.4928
vn 0.8048 -0.2489 -0.5388
vn 0.9718 -0.1655 -0.1678
vn 0.8580 -0.1446 -0.4928
vn 0.9511 -0.2545 0.1751
vn 0.9512 0.2545 0.1746
vn 0.2190 -0.0000 0.9757
vn 0.9718 -0.1655 0.1678
vn 0.8048 -0.2489 0.5388
vn 0.8580 -0.1446 0.4928
vn 0.8048 0.2489 0.5388
vn 0.9718 0.1655 0.1678
vn 0.8580 0.1446 0.4928
vn 0.5014 -0.1427 0.8534
vn 0.5014 0.1427 0.8534
vn 0.6553 -0.0000 0.7554
vn 0.1390 -0.1390 -0.9805
vn 0.9243 -0.3531 -0.1450
vn 0.3155 -0.9379 -0.1443
vn 0.4713 -0.2469 -0.8467
vn 0.2469 -0.4713 -0.8467
vn 0.4830 -0.4830 -0.7304
vn 0.7843 -0.6136 -0.0922
vn 0.8021 -0.3531 -0.4816
vn 0.7353 -0.5535 -0.3911
vn 0.3531 -0.8021 -0.4816
vn 0.6136 -0.7843 -0.0922
vn 0.5535 -0.7353 -0.3911
vn 0.1390 -0.1390 0.9805
vn 0.3155 -0.9379 0.1443
vn 0.9242 -0.3535 0.1443
vn 0.2469 -0.4713 0.8467
vn 0.4712 -0.2469 0.8467
vn 0.4830 -0.4830 0.7304
vn 0.6136 -0.7843 0.0922
vn 0.3531 -0.8021 0.4816
vn 0.5535 -0.7353 0.3911
vn 0.8021 -0.3531 0.4816
vn 0.7843 -0.6136 0.0922
vn 0.7353 -0.5535 0.3911
vn -0.0000 -0.2190 -0.9757
vn 0.2156 -0.9603 -0.1772
vn -0.2156 -0.9603 -0.1772
vn 0.1427 -0.5014 -0.8534
vn -0.1427 -0.5014 -0.8534
vn -0.0000 -0.6553 -0.7554
vn 0.1655 -0.9718 -0.1678
vn 0.2489 -0.8048 -0.5388
vn 0.1446 -0.8580 -0.4928
vn -0.2489 -0.8048 -0.5388
vn -0.1655 -0.9718 -0.1678
vn -0.1446 -0.8580 -0.4928
vn -0.0000 -0.2190 0.9757
vn -0.2156 -0.9603 0.1772
vn 0.2156 -0.9603 0.1772
vn -0.1427 -0.5014 0.8534
vn 0.1427 -0.5014 0.8534
vn -0.0000 -0.6553 0.7554
vn -0.1655 -0.9718 0.1678
vn -0.2489 -0.8048 0.5388
vn -0.1446 -0.8580 0.4928
vn 0.2489 -0.8048 0.5388
vn 0.1655 -0.9718 0.1678
vn 0.1446 -0.8580 0.4928
vn -0.1392 -0.1390 -0.9805
vn -0.3155 -0.9379 -0.1443
vn -0.9102 -0.3933 -0.1298
vn -0.2469 -0.4713 -0.8467
vn -0.4635 -0.2538 -0.8490
vn -0.4830 -0.4830 -0.7304
vn -0.6136 -0.7843 -0.0922
vn -0.3531 -0.8021 -0.4816
vn -0.5535 -0.7353 -0.3911
vn -0.7846 -0.3933 -0.4793
vn -0.7843 -0.6136 -0.0922
vn -0.7353 -0.5535 -0.3911
vn -0.1390 -0.1390 0.9805
vn -0.9243 -0.3531 0.1450
vn -0.3155 -0.9379 0.1443
vn -0.4713 -0.2469 0.8467
vn -0.2469 -0.4713 0.8467
vn -0.4830 -0.4830 0.7304
vn -0.7843 -0.6136 0.0922
vn -0.8021 -0.3531 0.4816
vn -0.7353 -0.5535 0.3911
vn -0.3531 -0.8021 0.4816
vn -0.6136 -0.7843 0.0922
vn -0.5535 -0.7353 0.3911
vn -0.1969 -0.0000 -0.9804
vn -0.9540 -0.2687 -0.1328
vn -0.9541 0.2685 -0.1325
vn -0.5072 -0.1483 -0.8490
vn -0.5072 0.1483 -0.8490
vn -0.6831 -0.0000 -0.7304
vn -0.9866 -0.1343 -0.0929
vn -0.8329 -0.2767 -0.4793
vn -0.9113 -0.1285 -0.3911
vn -0.8329 0.2767 -0.4793
vn -0.9866 0.1343 -0.0929
vn -0.9113 0.1285 -0.3911
vn -0.2190 -0.0000 0.9757
vn -0.9545 0.2416 0.1749
vn -0.9546 -0.2417 0.1744
vn -0.5014 0.1427 0.8534
vn -0.5014 -0.1427 0.8534
vn -0.6553 -0.0000 0.7554
vn -0.9742 0.1520 0.1670
vn -0.8048 0.2489 0.5388
vn -0.8580 0.1446 0.4928
vn -0.8048 -0.2489 0.5388
vn -0.9742 -0.1520 0.1670
vn -0.8580 -0.1446 0.4928
vn -0.1392 0.1390 -0.9805
vn -0.9102 0.3932 -0.1304
vn -0.3155 0.9379 -0.1443
vn -0.4635 0.2538 -0.8490
vn -0.2469 0.4713 -0.8467
vn -0.4830 0.4830 -0.7304
vn -0.7843 0.6136 -0.0922
vn -0.7846 0.3933 -0.4793
vn -0.7353 0.5535 -0.3911
vn -0.3531 0.8021 -0.4816
vn -0.6136 0.7843 -0.0922
vn -0.5535 0.7353 -0.3911
vn -0.1390 0.1390 0.9805
vn -0.3155 0.9379 0.1443
vn -0.9242 0.3535 0.1443
vn -0.2469 0.4713 0.8467
vn -0.4713 0.2469 0.8467
vn -0.4830 0.4830 0.7304
vn -0.6136 0.7842 0.0922
vn -0.3531 0.8021 0.4816
vn -0.5535 0.7353 0.3911
vn -0.8021 0.3531 0.4816
vn -0.7843 0.6136 0.0922
vn -0.7353 0.5535 0.3911
vn 0.1772 -0.9603 0.2156
vn 0.1772 -0.9603 -0.2156
vn 0.9757 -0.2190 -0.0000
vn 0.1678 -0.9718 0.1655
vn 0.5388 -0.8048 0.2489
vn 0.4928 -0.8580 0.1446
vn 0.5388 -0.8048 -0.2489
vn 0.1678 -0.9718 -0.1655
vn 0.4928 -0.8580 -0.1446
vn 0.8534 -0.5014 0.1427
vn 0.8534 -0.5014 -0.1427
vn 0.7554 -0.6553 -0.0000
vn -0.1772 -0.9603 0.2156
vn -0.9757 -0.2190 -0.0000
vn -0.1772 -0.9603 -0.2156
vn -0.5388 -0.8048 0.2489
vn -0.1678 -0.9718 0.1655
vn -0.4928 -0.8580 0.1446
vn -0.8534 -0.5014 -0.1427
vn -0.8534 -0.5014 0.1427
vn -0.7554 -0.6553 -0.0000
vn -0.1678 -0.9718 -0.1655
vn -0.5388 -0.8048 -0.2489
vn -0.4928 -0.8580 -0.1446
vn 0.1446 -0.3436 -0.9279
vn 0.9805 -0.1390 -0.1390
vn 0.1443 -0.9379 -0.3155
vn 0.4816 -0.3531 -0.8021
vn 0.0922 -0.6136 -0.7843
vn 0.3911 -0.5535 -0.7353
vn 0.8467 -0.4713 -0.2469
vn 0.8467 -0.2469 -0.4713
vn 0.7304 -0.4830 -0.4830
vn 0.0922 -0.7843 -0.6136
vn 0.4816 -0.8021 -0.3531
vn 0.3911 -0.7353 -0.5535
vn -0.1453 -0.3432 -0.9280
vn -0.1443 -0.9379 -0.3155
vn -0.9805 -0.1390 -0.1390
vn -0.0922 -0.6136 -0.7843
vn -0.4816 -0.3531 -0.8021
vn -0.3911 -0.5535 -0.7353
vn -0.4816 -0.8021 -0.3531
vn -0.0922 -0.7843 -0.6136
vn -0.3911 -0.7353 -0.5535
vn -0.8467 -0.2469 -0.4713
vn -0.8467 -0.4713 -0.2469
vn -0.7304 -0.4830 -0.4830
vn 0.9757 -0.0000 -0.2190
vn 0.1754 -0.2444 -0.9537
vn 0.1744 0.2727 -0.9462
vn 0.8534 -0.1427 -0.5014
vn 0.8534 0.1427 -0.5014
vn 0.7554 -0.0000 -0.6553
vn 0.1678 -0.1655 -0.9718
vn 0.5388 -0.2489 -0.8048
vn 0.4928 -0.1446 -0.8580
vn 0.5388 0.2489 -0.8048
vn 0.1678 0.1655 -0.9718
vn 0.4928 0.1446 -0.8580
vn -0.1749 0.2726 -0.9461
vn -0.1748 -0.2445 -0.9538
vn -0.9757 -0.0000 -0.2190
vn -0.1678 0.1655 -0.9718
vn -0.5388 0.2489 -0.8048
vn -0.4928 0.1446 -0.8580
vn -0.5388 -0.2489 -0.8048
vn -0.1678 -0.1655 -0.9718
vn -0.4928 -0.1446 -0.8580
vn -0.8534 0.1427 -0.5014
vn -0.8534 -0.1427 -0.5014
vn -0.7554 -0.0000 -0.6553
vn 0.9805 0.1390 -0.1390
vn 0.1445 0.3711 -0.9173
vn 0.1443 0.9379 -0.3155
vn 0.8467 0.2469 -0.4713
vn 0.8467 0.4713 -0.2469
vn 0.7304 0.4830 -0.4830
vn 0.0922 0.6136 -0.7843
vn 0.4816 0.3531 -0.8021
vn 0.3911 0.5535 -0.7353
vn 0.4816 0.8021 -0.3531
vn 0.0922 0.7843 -0.6136
vn 0.3911 0.7353 -0.5535
vn -0.9805 0.1390 -0.1390
vn -0.1443 0.9379 -0.3155
vn -0.1438 0.3715 -0.9172
vn -0.8467 0.4713 -0.2469
vn -0.8467 0.2469 -0.4713
vn -0.7304 0.4830 -0.4830
vn -0.0922 0.7843 -0.6136
vn -0.4816 0.8021 -0.3531
vn -0.3911 0.7353 -0.5535
vn -0.4816 0.3531 -0.8021
vn -0.0922 0.6136 -0.7843
vn -0.3911 0.5535 -0.7353
vn 0.9757 0.2190 -0.0000
vn 0.1772 0.9603 -0.2156
vn 0.1772 0.9603 0.2156
vn 0.8534 0.5014 -0.1427
vn 0.8534 0.5014 0.1427
vn 0.7554 0.6553 -0.0000
vn 0.1678 0.9718 -0.1655
vn 0.5388 0.8048 -0.2489
vn 0.4928 0.8580 -0.1446
vn 0.5388 0.8048 0.2489
vn 0.1678 0.9718 0.1655
vn 0.4928 0.8580 0.1446
vn -0.9757 0.2190 -0.0000
vn -0.1772 0.9603 0.2156
vn -0.1772 0.9603 -0.2156
vn -0.8534 0.5014 0.1427
vn -0.8534 0.5014 -0.1427
vn -0.7554 0.6553 -0.0000
vn -0.1678 0.9718 0.1655
vn -0.5388 0.8048 0.2489
vn -0.4928 0.8580 0.1446
vn -0.5388 0.8048 -0.2489
vn -0.1678 0.9718 -0.1655
vn -0.4928 0.8580 -0.1446
vn 0.9805 0.1390 0.1390
vn 0.1443 0.9379 0.3155
vn 0.1438 0.3715 0.9172
vn 0.8467 0.4713 0.2469
vn 0.8467 0.2469 0.4713
vn 0.7304 0.4830 0.4830
vn 0.0922 0.7843 0.6136
vn 0.4816 0.8021 0.3531
vn 0.3911 0.7353 0.5535
vn 0.4816 0.3531 0.8021
vn 0.0922 0.6136 0.7843
vn 0.3911 0.5535 0.7353
vn -0.9805 0.1390 0.1390
vn -0.1445 0.3711 0.9173
vn -0.1443 0.9379 0.3155
vn -0.8467 0.2469 0.4713
vn -0.8467 0.4713 0.2469
vn -0.7304 0.4830 0.4830
vn -0.0922 0.6136 0.7843
vn -0.4816 0.3531 0.8021
vn -0.3911 0.5535 0.7353
vn -0.4816 0.8021 0.3531
vn -0.0922 0.7843 0.6136
vn -0.3911 0.7353 0.5535
vn 0.9757 -0.0000 0.2190
vn 0.1749 0.2726 0.9461
vn 0.1748 -0.2445 0.9538
vn 0.8534 0.1427 0.5014
vn 0.8534 -0.1427 0.5014
vn 0.7554 -0.0000 0.6553
vn 0.1678 0.1655 0.9718
vn 0.5388 0.2489 0.8048
vn 0.4928 0.1446 0.8580
vn 0.5388 -0.2489 0.8048
vn 0.1678 -0.1655 0.9718
vn 0.4928 -0.1446 0.8580
vn -0.9757 -0.0000 0.2190
vn -0.1754 -0.2444 0.9537
vn -0.1744 0.2727 0.9462
vn -0.8534 -0.1427 0.5014
vn -0.8534 0.1427 0.5014
vn -0.7554 -0.0000 0.6553
vn -0.1678 -0.1655 0.9718
vn -0.5388 -0.2489 0.8048
vn -0.4928 -0.1446 0.8580
vn -0.5388 0.2489 0.8048
vn -0.1678 0.1655 0.9718
vn -0.4928 0.1446 0.8580
vn 0.9805 -0.1390 0.1390
vn 0.1453 -0.3432 0.9280
vn 0.1443 -0.9379 0.3155
vn 0.8467 -0.2469 0.4713
vn 0.8467 -0.4713 0.2469
vn 0.7304 -0.4830 0.4830
vn 0.0922 -0.6136 0.7843
vn 0.4816 -0.3531 0.8021
vn 0.3911 -0.5535 0.7353
vn 0.4816 -0.8021 0.3531
vn 0.0922 -0.7843 0.6136
vn 0.3911 -0.7353 0.5535
vn -0.9805 -0.1390 0.1390
vn -0.1443 -0.9379 0.3155
vn -0.1446 -0.3436 0.9279
vn -0.8467 -0.4713 0.2469
vn -0.8467 -0.2469 0.4713
vn -0.7304 -0.4830 0.4830
vn -0.0922 -0.7843 0.6136
vn -0.4816 -0.8021 0.3531
vn -0.3911 -0.7353 0.5535
vn -0.4816 -0.3531 0.8021
vn -0.0922 -0.6136 0.7843
vn -0.3911 -0.5535 0.7353
vt 0.020571 0.795402
vt 0.017661 0.795402
vt 0.017260 0.792872
vt 0.019651 0.792792
vt 0.013646 0.795402
vt 0.014348 0.792872
vt 0.010736 0.795402
vt 0.011655 0.792792
vt 0.012697 0.790079
vt 0.016441 0.790079
vt 0.786588 0.174714
vt 0.789648 0.170247
vt 0.791243 0.171842
vt 0.791911 0.175710
vt 0.018610 0.790079
vt 0.020571 0.937756
vt 0.019651 0.940366
vt 0.017260 0.940285
vt 0.017661 0.937756
vt 0.018610 0.943078
vt 0.016441 0.943079
vt 0.819182 0.170324
vt 0.818208 0.165037
vt 0.821995 0.165636
vt 0.823556 0.167198
vt 0.012697 0.943079
vt 0.011655 0.940366
vt 0.014348 0.940285
vt 0.010736 0.937756
vt 0.013646 0.937756
vt 0.786588 0.180950
vt 0.791911 0.179275
vt 0.791911 0.182090
vt 0.789167 0.185899
vt 0.009403 0.790079
vt 0.010460 0.792744
vt 0.007547 0.792856
vt 0.006802 0.790079
vt 0.010736 0.795402
vt 0.005818 0.795402
vt 0.504559 0.948878
vt 0.506448 0.948745
vt 0.506288 0.951265
vt 0.504119 0.951418
vt 0.509477 0.948532
vt 0.509201 0.951170
vt 0.508144 0.953871
vt 0.503863 0.954173
vt 0.005377 0.792856
vt 0.813076 0.170430
vt 0.808231 0.167944
vt 0.810180 0.165927
vt 0.814716 0.165097
vt 0.508144 0.803102
vt 0.509201 0.805653
vt 0.506288 0.805970
vt 0.505543 0.803285
vt 0.509477 0.808253
vt 0.506448 0.808467
vt 0.504559 0.808600
vt 0.504559 0.806091
vt 0.010736 0.937756
vt 0.010460 0.940414
vt 0.005818 0.940301
vt 0.005818 0.937756
vt 0.009403 0.943078
vt 0.005122 0.943078
vt 0.512387 0.948327
vt 0.513089 0.950756
vt 0.510396 0.951039
vt 0.516401 0.948327
vt 0.516001 0.950791
vt 0.519312 0.948532
vt 0.518392 0.951039
vt 0.517351 0.953639
vt 0.515182 0.953457
vt 0.782178 0.185360
vt 0.786646 0.188420
vt 0.783439 0.190683
vt 0.781183 0.190683
vt 0.511438 0.953639
vt 0.510396 0.805616
vt 0.512787 0.805527
vt 0.512387 0.808048
vt 0.511438 0.802870
vt 0.513607 0.802688
vt 0.808758 0.174899
vt 0.803547 0.175981
vt 0.804201 0.172116
vt 0.805762 0.170499
vt 0.517351 0.802870
vt 0.518392 0.805617
vt 0.515699 0.805492
vt 0.519312 0.808253
vt 0.516402 0.808048
vt 0.519312 0.948532
vt 0.524230 0.948878
vt 0.524230 0.951387
vt 0.519588 0.951170
vt 0.740493 0.791074
vt 0.738604 0.791074
vt 0.738764 0.788528
vt 0.740493 0.788528
vt 0.735575 0.791074
vt 0.735851 0.788416
vt 0.736908 0.785751
vt 0.739508 0.785751
vt 0.775942 0.185360
vt 0.777617 0.190683
vt 0.772984 0.189929
vt 0.770994 0.187939
vt 0.520645 0.953871
vt 0.524926 0.954172
vt 0.519588 0.805653
vt 0.522501 0.805970
vt 0.524230 0.808600
vt 0.520645 0.803102
vt 0.523245 0.803285
vt 0.808758 0.181113
vt 0.806233 0.186088
vt 0.803547 0.182339
vt 0.803547 0.179535
vt 0.736908 0.938750
vt 0.735851 0.936086
vt 0.738764 0.935973
vt 0.741189 0.938750
vt 0.735575 0.933428
vt 0.738604 0.933428
vt 0.740493 0.933428
vt 0.740933 0.935973
vt 0.524670 0.806122
vt 0.771533 0.180950
vt 0.768473 0.185418
vt 0.766878 0.183823
vt 0.766210 0.179955
vt 0.733614 0.785751
vt 0.734655 0.788464
vt 0.732264 0.788544
vt 0.731445 0.785751
vt 0.735575 0.791074
vt 0.732665 0.791074
vt 0.728650 0.791074
vt 0.729352 0.788544
vt 0.725740 0.791074
vt 0.726659 0.788464
vt 0.727701 0.785751
vt 0.813076 0.185432
vt 0.814051 0.190719
vt 0.811842 0.190757
vt 0.808702 0.188557
vt 0.727701 0.938750
vt 0.726659 0.936038
vt 0.729051 0.935957
vt 0.729870 0.938750
vt 0.725740 0.933428
vt 0.728650 0.933428
vt 0.732665 0.933428
vt 0.731962 0.935957
vt 0.735575 0.933428
vt 0.734655 0.936038
vt 0.733614 0.938750
vt 0.771533 0.174714
vt 0.766210 0.176389
vt 0.766210 0.173575
vt 0.768953 0.169766
vt 0.724407 0.785751
vt 0.725464 0.788416
vt 0.722551 0.788528
vt 0.721807 0.785751
vt 0.725740 0.791074
vt 0.722711 0.791074
vt 0.720822 0.791074
vt 0.720822 0.788528
vt 0.672962 0.791074
vt 0.673238 0.788416
vt 0.677879 0.788528
vt 0.677879 0.791074
vt 0.674295 0.785751
vt 0.678575 0.785751
vt 0.819182 0.185326
vt 0.824027 0.187812
vt 0.822078 0.189829
vt 0.817542 0.190658
vt 0.674295 0.938750
vt 0.673237 0.936085
vt 0.676151 0.935973
vt 0.676895 0.938750
vt 0.672962 0.933428
vt 0.677879 0.933428
vt 0.720822 0.933428
vt 0.722711 0.933428
vt 0.722551 0.935973
vt 0.720382 0.935973
vt 0.725740 0.933428
vt 0.725464 0.936086
vt 0.724407 0.938750
vt 0.720126 0.938750
vt 0.678320 0.935973
vt 0.775942 0.170305
vt 0.771475 0.167245
vt 0.773070 0.165650
vt 0.776937 0.164982
vt 0.671001 0.785751
vt 0.672042 0.788464
vt 0.669651 0.788544
vt 0.668831 0.785751
vt 0.672962 0.791074
vt 0.670051 0.791074
vt 0.666037 0.791074
vt 0.666739 0.788544
vt 0.663127 0.791074
vt 0.664046 0.788464
vt 0.665088 0.785751
vt 0.823500 0.180857
vt 0.828711 0.179774
vt 0.828711 0.182022
vt 0.826496 0.185256
vt 0.665088 0.938750
vt 0.664046 0.936037
vt 0.666437 0.935957
vt 0.667257 0.938750
vt 0.663127 0.933428
vt 0.666037 0.933428
vt 0.670051 0.933428
vt 0.669349 0.935957
vt 0.672962 0.933428
vt 0.672042 0.936037
vt 0.671001 0.938750
vt 0.782178 0.170305
vt 0.780503 0.164982
vt 0.783318 0.164982
vt 0.787126 0.167726
vt 0.661793 0.785751
vt 0.662851 0.788416
vt 0.659938 0.788528
vt 0.659193 0.785751
vt 0.663127 0.791074
vt 0.660097 0.791074
vt 0.658209 0.791074
vt 0.658209 0.788528
vt 0.020571 0.795402
vt 0.020847 0.792744
vt 0.025489 0.792856
vt 0.025489 0.795402
vt 0.021904 0.790079
vt 0.026184 0.790079
vt 0.823500 0.174643
vt 0.826025 0.169668
vt 0.827974 0.171617
vt 0.828711 0.176221
vt 0.021904 0.943078
vt 0.020847 0.940414
vt 0.023760 0.940301
vt 0.024504 0.943078
vt 0.020571 0.937756
vt 0.025489 0.937756
vt 0.658209 0.933428
vt 0.660097 0.933428
vt 0.659938 0.935973
vt 0.657768 0.935973
vt 0.663127 0.933428
vt 0.662851 0.936085
vt 0.661793 0.938750
vt 0.657513 0.938750
vt 0.025929 0.940301
vt 0.456699 0.807984
vt 0.453788 0.807984
vt 0.453388 0.805455
vt 0.455779 0.805374
vt 0.449774 0.807984
vt 0.450476 0.805455
vt 0.446864 0.807984
vt 0.447783 0.805374
vt 0.448825 0.802661
vt 0.452568 0.802661
vt 0.829734 0.549788
vt 0.825504 0.546565
vt 0.827014 0.545051
vt 0.830676 0.544554
vt 0.454737 0.802661
vt 0.870578 0.549841
vt 0.869699 0.544706
vt 0.871690 0.544503
vt 0.874519 0.546435
vt 0.448825 0.955661
vt 0.447783 0.952948
vt 0.450174 0.952867
vt 0.450994 0.955661
vt 0.446864 0.950338
vt 0.449774 0.950338
vt 0.453788 0.950338
vt 0.453086 0.952868
vt 0.456699 0.950338
vt 0.455779 0.952948
vt 0.454737 0.955661
vt 0.863425 0.963783
vt 0.863150 0.966286
vt 0.860236 0.965819
vt 0.858508 0.963176
vt 0.862092 0.968699
vt 0.859492 0.968378
vt 0.835638 0.550053
vt 0.834052 0.544706
vt 0.838438 0.545650
vt 0.840322 0.547707
vt 0.445530 0.802661
vt 0.446588 0.805326
vt 0.443675 0.805439
vt 0.441250 0.802661
vt 0.443834 0.807984
vt 0.441946 0.807984
vt 0.441505 0.805439
vt 0.858067 0.965551
vt 0.863425 0.827900
vt 0.858508 0.827293
vt 0.858508 0.824863
vt 0.863150 0.825329
vt 0.441946 0.950338
vt 0.443834 0.950338
vt 0.443675 0.952883
vt 0.441946 0.952883
vt 0.446588 0.952996
vt 0.445530 0.955661
vt 0.442930 0.955661
vt 0.865075 0.550402
vt 0.860709 0.548316
vt 0.864070 0.545281
vt 0.866553 0.545027
vt 0.862092 0.822654
vt 0.857812 0.822126
vt 0.866336 0.964143
vt 0.867038 0.966668
vt 0.864345 0.966388
vt 0.870350 0.964143
vt 0.869950 0.966606
vt 0.873260 0.963783
vt 0.872341 0.966388
vt 0.871299 0.969106
vt 0.869130 0.969425
vt 0.839813 0.554612
vt 0.842710 0.550313
vt 0.844852 0.553589
vt 0.844852 0.555825
vt 0.865386 0.969106
vt 0.861185 0.555128
vt 0.856488 0.556584
vt 0.856488 0.554370
vt 0.858485 0.551018
vt 0.871299 0.823061
vt 0.872341 0.825522
vt 0.869950 0.825894
vt 0.869130 0.823380
vt 0.873260 0.827900
vt 0.870350 0.828259
vt 0.866336 0.828259
vt 0.867038 0.825956
vt 0.863425 0.827900
vt 0.864345 0.825522
vt 0.865386 0.823061
vt 0.839812 0.560793
vt 0.844852 0.559359
vt 0.844852 0.562149
vt 0.842255 0.565807
vt 0.874593 0.968700
vt 0.873536 0.966286
vt 0.876449 0.965819
vt 0.877194 0.968378
vt 0.873260 0.963783
vt 0.878178 0.963176
vt 0.421112 0.797637
vt 0.419224 0.797637
vt 0.419384 0.795092
vt 0.421553 0.795092
vt 0.416195 0.797637
vt 0.416470 0.794979
vt 0.417528 0.792315
vt 0.421808 0.792314
vt 0.878619 0.965552
vt 0.861185 0.561248
vt 0.858909 0.566337
vt 0.857153 0.564563
vt 0.856488 0.560084
vt 0.417528 0.945314
vt 0.416470 0.942649
vt 0.419384 0.942537
vt 0.420128 0.945314
vt 0.416195 0.939991
vt 0.419224 0.939991
vt 0.421112 0.939991
vt 0.421112 0.942537
vt 0.873260 0.827900
vt 0.873536 0.825329
vt 0.878178 0.824863
vt 0.878178 0.827293
vt 0.874593 0.822654
vt 0.878874 0.822126
vt 0.835638 0.564976
vt 0.839867 0.568199
vt 0.838357 0.569712
vt 0.834695 0.570210
vt 0.414234 0.792315
vt 0.415275 0.795027
vt 0.412884 0.795108
vt 0.412064 0.792315
vt 0.413284 0.797637
vt 0.409270 0.797637
vt 0.409972 0.795108
vt 0.406360 0.797637
vt 0.407279 0.795027
vt 0.408321 0.792315
vt 0.865075 0.565179
vt 0.865953 0.570314
vt 0.863963 0.570517
vt 0.861133 0.568585
vt 0.408321 0.945314
vt 0.407279 0.942601
vt 0.409670 0.942521
vt 0.410490 0.945314
vt 0.406360 0.939991
vt 0.409270 0.939991
vt 0.413284 0.939991
vt 0.412582 0.942521
vt 0.415275 0.942601
vt 0.414234 0.945314
vt 0.829734 0.564711
vt 0.830676 0.570029
vt 0.828540 0.569933
vt 0.825504 0.567554
vt 0.404398 0.792315
vt 0.405440 0.795027
vt 0.403049 0.795108
vt 0.402314 0.792315
vt 0.403449 0.797637
vt 0.401442 0.797637
vt 0.401442 0.795108
vt 0.922961 0.521535
vt 0.923881 0.519085
vt 0.927879 0.518326
vt 0.927879 0.520517
vt 0.924923 0.516519
vt 0.928496 0.515779
vt 0.870578 0.564618
vt 0.874519 0.567219
vt 0.873112 0.568928
vt 0.869699 0.569932
vt 0.924923 0.649021
vt 0.923881 0.646887
vt 0.926272 0.646322
vt 0.927007 0.648589
vt 0.922961 0.644817
vt 0.927879 0.643799
vt 0.401442 0.939991
vt 0.403449 0.939991
vt 0.403049 0.942521
vt 0.401043 0.942521
vt 0.405440 0.942601
vt 0.404398 0.945314
vt 0.400825 0.945314
vt 0.928278 0.645907
vt 0.825559 0.560152
vt 0.823117 0.564947
vt 0.821233 0.562890
vt 0.820519 0.558266
vt 0.921628 0.517202
vt 0.922686 0.519291
vt 0.919773 0.519991
vt 0.918932 0.517856
vt 0.919932 0.522163
vt 0.916156 0.522163
vt 0.916637 0.520104
vt 0.913126 0.521535
vt 0.913402 0.519291
vt 0.914459 0.517202
vt 0.874468 0.559893
vt 0.879165 0.557769
vt 0.879165 0.560532
vt 0.876744 0.564517
vt 0.914459 0.649703
vt 0.913402 0.647176
vt 0.916315 0.647682
vt 0.917156 0.650358
vt 0.913126 0.644817
vt 0.916156 0.645445
vt 0.919932 0.645445
vt 0.919451 0.647794
vt 0.922686 0.647176
vt 0.921628 0.649703
vt 0.825559 0.553971
vt 0.820519 0.554731
vt 0.820519 0.552495
vt 0.822662 0.549413
vt 0.911165 0.516519
vt 0.912207 0.519085
vt 0.909816 0.518659
vt 0.909081 0.516088
vt 0.913126 0.521535
vt 0.908209 0.520517
vt 0.461616 0.807984
vt 0.459609 0.807984
vt 0.460009 0.805455
vt 0.462016 0.805455
vt 0.457618 0.805374
vt 0.458660 0.802661
vt 0.462233 0.802661
vt 0.907809 0.518244
vt 0.874468 0.553772
vt 0.877168 0.549111
vt 0.878575 0.550533
vt 0.879165 0.554269
vt 0.458660 0.955661
vt 0.457618 0.952948
vt 0.460009 0.952868
vt 0.460744 0.955661
vt 0.459609 0.950338
vt 0.461616 0.950338
vt 0.461616 0.952868
vt 0.913126 0.644817
vt 0.912207 0.646887
vt 0.908209 0.645989
vt 0.908209 0.643799
vt 0.911165 0.649021
vt 0.907592 0.648281
vt 0.478170 0.950338
vt 0.481081 0.950338
vt 0.481783 0.952868
vt 0.479090 0.952948
vt 0.485095 0.950338
vt 0.484695 0.952868
vt 0.488005 0.950338
vt 0.487086 0.952948
vt 0.486044 0.955661
vt 0.483875 0.955661
vt 0.292407 0.922616
vt 0.288867 0.918981
vt 0.291408 0.917267
vt 0.293196 0.917604
vt 0.480131 0.955661
vt 0.871089 0.624478
vt 0.870211 0.619344
vt 0.872201 0.619141
vt 0.875030 0.621073
vt 0.486044 0.802662
vt 0.487086 0.805374
vt 0.484695 0.805455
vt 0.483875 0.802662
vt 0.488005 0.807984
vt 0.485095 0.807984
vt 0.481081 0.807984
vt 0.481783 0.805455
vt 0.478170 0.807984
vt 0.479090 0.805374
vt 0.480131 0.802661
vt 0.226999 0.951143
vt 0.226723 0.953175
vt 0.223810 0.953910
vt 0.223970 0.951993
vt 0.225666 0.955431
vt 0.223065 0.956161
vt 0.297349 0.923547
vt 0.296022 0.918136
vt 0.299693 0.919559
vt 0.301270 0.921786
vt 0.489338 0.955661
vt 0.488281 0.952996
vt 0.492923 0.952884
vt 0.493619 0.955661
vt 0.492923 0.950338
vt 0.222081 0.952523
vt 0.222081 0.954395
vt 0.226999 0.846455
vt 0.223970 0.847306
vt 0.223810 0.845478
vt 0.226723 0.844578
vt 0.222081 0.847836
vt 0.222081 0.845964
vt 0.488281 0.805326
vt 0.492923 0.805439
vt 0.492923 0.807984
vt 0.489338 0.802661
vt 0.493619 0.802661
vt 0.865586 0.625040
vt 0.861221 0.622954
vt 0.862976 0.620821
vt 0.867064 0.619665
vt 0.225666 0.842915
vt 0.223066 0.843645
vt 0.226999 0.951143
vt 0.229909 0.950326
vt 0.230611 0.951933
vt 0.227918 0.952804
vt 0.233924 0.950326
vt 0.233523 0.952074
vt 0.236834 0.951143
vt 0.235914 0.952804
vt 0.234873 0.954507
vt 0.232704 0.953782
vt 0.300844 0.928481
vt 0.303268 0.924607
vt 0.305062 0.928054
vt 0.305062 0.930241
vt 0.228960 0.954507
vt 0.236834 0.846455
vt 0.233924 0.845638
vt 0.233523 0.843666
vt 0.235915 0.844278
vt 0.229909 0.845638
vt 0.230611 0.843525
vt 0.226999 0.846455
vt 0.227918 0.844278
vt 0.228960 0.841990
vt 0.232704 0.841266
vt 0.861696 0.629765
vt 0.856999 0.631221
vt 0.856999 0.629007
vt 0.858996 0.625656
vt 0.234873 0.841990
vt 0.300844 0.934527
vt 0.305062 0.933698
vt 0.305062 0.936427
vt 0.302887 0.939710
vt 0.238167 0.955431
vt 0.237110 0.953175
vt 0.240023 0.953910
vt 0.240767 0.956161
vt 0.236834 0.951143
vt 0.239863 0.951993
vt 0.241752 0.952523
vt 0.241752 0.954395
vt 0.933491 0.153495
vt 0.933215 0.156153
vt 0.928573 0.156040
vt 0.928573 0.153495
vt 0.932157 0.158818
vt 0.927877 0.158817
vt 0.861696 0.635886
vt 0.859420 0.640975
vt 0.857664 0.639201
vt 0.856999 0.634721
vt 0.932157 0.005818
vt 0.933215 0.008483
vt 0.930302 0.008595
vt 0.929557 0.005818
vt 0.933491 0.011141
vt 0.928573 0.011141
vt 0.241752 0.847836
vt 0.239863 0.847306
vt 0.240023 0.845478
vt 0.242192 0.846087
vt 0.236834 0.846455
vt 0.237110 0.844578
vt 0.238167 0.842915
vt 0.242448 0.844117
vt 0.928132 0.008595
vt 0.297349 0.938144
vt 0.300889 0.941778
vt 0.299625 0.943086
vt 0.296560 0.943156
vt 0.935452 0.158818
vt 0.934410 0.156105
vt 0.936801 0.156024
vt 0.937621 0.158818
vt 0.936401 0.153495
vt 0.940415 0.153495
vt 0.939713 0.156024
vt 0.943326 0.153495
vt 0.942406 0.156105
vt 0.941365 0.158818
vt 0.865586 0.639817
vt 0.866464 0.644952
vt 0.864474 0.645155
vt 0.861645 0.643223
vt 0.941365 0.005818
vt 0.942406 0.008531
vt 0.940015 0.008611
vt 0.939195 0.005818
vt 0.943326 0.011141
vt 0.940415 0.011141
vt 0.936401 0.011141
vt 0.937103 0.008611
vt 0.934410 0.008531
vt 0.935452 0.005818
vt 0.292407 0.937212
vt 0.293196 0.942521
vt 0.291408 0.942184
vt 0.288867 0.939511
vt 0.945287 0.158818
vt 0.944245 0.156105
vt 0.946636 0.156024
vt 0.947371 0.158818
vt 0.946236 0.153495
vt 0.948243 0.153495
vt 0.948243 0.156024
vt 0.954268 0.521535
vt 0.955188 0.519466
vt 0.959186 0.520363
vt 0.959186 0.522554
vt 0.956229 0.517332
vt 0.959802 0.518072
vt 0.871089 0.639255
vt 0.875030 0.641856
vt 0.873623 0.643566
vt 0.870210 0.644569
vt 0.956229 0.649833
vt 0.955188 0.647268
vt 0.957579 0.647694
vt 0.958313 0.650265
vt 0.954268 0.644817
vt 0.959186 0.645836
vt 0.948243 0.011141
vt 0.946236 0.011141
vt 0.946636 0.008611
vt 0.948643 0.008611
vt 0.944245 0.008531
vt 0.945287 0.005818
vt 0.948860 0.005818
vt 0.959585 0.648109
vt 0.288913 0.932278
vt 0.286869 0.936690
vt 0.285292 0.934463
vt 0.284695 0.929859
vt 0.952935 0.516650
vt 0.953992 0.519176
vt 0.951079 0.518670
vt 0.950239 0.515995
vt 0.954268 0.521535
vt 0.951239 0.520908
vt 0.947462 0.520908
vt 0.947944 0.518558
vt 0.944433 0.521535
vt 0.944709 0.519176
vt 0.945766 0.516650
vt 0.874979 0.634530
vt 0.879676 0.632407
vt 0.879676 0.635169
vt 0.877255 0.639155
vt 0.945766 0.649151
vt 0.944709 0.647062
vt 0.947622 0.646361
vt 0.948462 0.648496
vt 0.944433 0.644817
vt 0.947462 0.644190
vt 0.951239 0.644190
vt 0.950757 0.646249
vt 0.953992 0.647062
vt 0.952935 0.649151
vt 0.288913 0.926232
vt 0.284695 0.926402
vt 0.284695 0.924215
vt 0.286488 0.921444
vt 0.942472 0.517332
vt 0.943513 0.519465
vt 0.941122 0.520030
vt 0.940388 0.517763
vt 0.939515 0.522554
vt 0.473253 0.950338
vt 0.475260 0.950338
vt 0.474859 0.952868
vt 0.472853 0.952868
vt 0.477251 0.952948
vt 0.476209 0.955661
vt 0.472636 0.955661
vt 0.939116 0.520446
vt 0.874979 0.628409
vt 0.877679 0.623749
vt 0.879086 0.625171
vt 0.879676 0.628907
vt 0.476209 0.802661
vt 0.477251 0.805374
vt 0.474859 0.805455
vt 0.474125 0.802661
vt 0.475260 0.807984
vt 0.473253 0.807984
vt 0.473253 0.805455
vt 0.943513 0.647268
vt 0.939515 0.648026
vt 0.939515 0.645836
vt 0.942472 0.649833
vt 0.938898 0.650573
vt 0.042042 0.937756
vt 0.044953 0.937756
vt 0.045655 0.940285
vt 0.042962 0.940366
vt 0.048967 0.937756
vt 0.048567 0.940285
vt 0.051878 0.937756
vt 0.050958 0.940366
vt 0.049916 0.943078
vt 0.047747 0.943078
vt 0.829728 0.624397
vt 0.825354 0.621272
vt 0.828494 0.619072
vt 0.830702 0.619110
vt 0.044004 0.943079
vt 0.042042 0.795402
vt 0.042962 0.792792
vt 0.045353 0.792872
vt 0.044953 0.795402
vt 0.044004 0.790079
vt 0.046173 0.790079
vt 0.803560 0.554150
vt 0.806620 0.549683
vt 0.808883 0.552890
vt 0.808883 0.555145
vt 0.049916 0.790079
vt 0.050958 0.792792
vt 0.048265 0.792872
vt 0.051878 0.795402
vt 0.048967 0.795402
vt 0.694433 0.933428
vt 0.694157 0.936085
vt 0.691244 0.935973
vt 0.689516 0.933428
vt 0.693100 0.938750
vt 0.690500 0.938750
vt 0.835834 0.624503
vt 0.834194 0.619171
vt 0.838730 0.620000
vt 0.840679 0.622017
vt 0.053211 0.943078
vt 0.052153 0.940414
vt 0.055066 0.940301
vt 0.057491 0.943079
vt 0.051878 0.937756
vt 0.054907 0.937756
vt 0.056795 0.937756
vt 0.057236 0.940301
vt 0.689075 0.935973
vt 0.799151 0.549741
vt 0.797476 0.544418
vt 0.800290 0.544418
vt 0.804099 0.547161
vt 0.693100 0.785751
vt 0.694157 0.788416
vt 0.691244 0.788528
vt 0.690500 0.785751
vt 0.694433 0.791074
vt 0.689516 0.791074
vt 0.056795 0.795402
vt 0.054907 0.795402
vt 0.055066 0.792856
vt 0.057236 0.792856
vt 0.051878 0.795402
vt 0.052153 0.792744
vt 0.053211 0.790079
vt 0.057491 0.790079
vt 0.689075 0.788528
vt 0.840151 0.628973
vt 0.843148 0.624573
vt 0.844709 0.626189
vt 0.845363 0.630055
vt 0.696394 0.938750
vt 0.695353 0.936037
vt 0.697744 0.935957
vt 0.698564 0.938750
vt 0.694433 0.933428
vt 0.697344 0.933427
vt 0.701358 0.933428
vt 0.700656 0.935957
vt 0.704268 0.933428
vt 0.703349 0.936037
vt 0.702307 0.938750
vt 0.704268 0.791074
vt 0.701358 0.791074
vt 0.700958 0.788544
vt 0.703349 0.788464
vt 0.697344 0.791074
vt 0.698046 0.788544
vt 0.694433 0.791074
vt 0.695353 0.788464
vt 0.696394 0.785751
vt 0.700138 0.785751
vt 0.792915 0.549741
vt 0.788447 0.546681
vt 0.790042 0.545086
vt 0.793910 0.544418
vt 0.702307 0.785751
vt 0.840151 0.635187
vt 0.845363 0.633608
vt 0.845363 0.636413
vt 0.842677 0.640161
vt 0.705601 0.938750
vt 0.704544 0.936085
vt 0.707457 0.935973
vt 0.708202 0.938750
vt 0.704268 0.933428
vt 0.709186 0.933428
vt 0.068431 0.937756
vt 0.070320 0.937756
vt 0.070160 0.940301
vt 0.067991 0.940301
vt 0.073349 0.937756
vt 0.073073 0.940414
vt 0.072016 0.943078
vt 0.067735 0.943079
vt 0.709627 0.935973
vt 0.788505 0.554150
vt 0.783182 0.555825
vt 0.783182 0.553011
vt 0.785926 0.549202
vt 0.072016 0.790079
vt 0.073073 0.792744
vt 0.070160 0.792856
vt 0.069416 0.790079
vt 0.073349 0.795402
vt 0.070320 0.795402
vt 0.068431 0.795402
vt 0.068431 0.792856
vt 0.704544 0.788416
vt 0.709186 0.788528
vt 0.709186 0.791074
vt 0.705602 0.785751
vt 0.709882 0.785751
vt 0.835834 0.639505
vt 0.840208 0.642631
vt 0.838646 0.644193
vt 0.834859 0.644792
vt 0.075310 0.943079
vt 0.074269 0.940366
vt 0.076660 0.940285
vt 0.077479 0.943078
vt 0.076259 0.937756
vt 0.080274 0.937756
vt 0.079572 0.940285
vt 0.083184 0.937756
vt 0.082265 0.940366
vt 0.081223 0.943078
vt 0.788505 0.560386
vt 0.785445 0.564854
vt 0.783850 0.563259
vt 0.783182 0.559391
vt 0.081223 0.790079
vt 0.082265 0.792792
vt 0.079874 0.792872
vt 0.079054 0.790079
vt 0.083184 0.795402
vt 0.080274 0.795402
vt 0.076259 0.795402
vt 0.076962 0.792872
vt 0.073349 0.795402
vt 0.074269 0.792792
vt 0.075310 0.790079
vt 0.829728 0.639399
vt 0.831368 0.644732
vt 0.828612 0.644684
vt 0.824883 0.641885
vt 0.084517 0.943078
vt 0.083460 0.940414
vt 0.086373 0.940301
vt 0.087118 0.943078
vt 0.083184 0.937756
vt 0.086213 0.937756
vt 0.088102 0.937756
vt 0.088102 0.940301
vt 0.550619 0.808253
vt 0.550894 0.805653
vt 0.555536 0.806091
vt 0.555536 0.808600
vt 0.551952 0.803102
vt 0.556232 0.803404
vt 0.792915 0.564796
vt 0.794590 0.570118
vt 0.791775 0.570118
vt 0.787967 0.567375
vt 0.551952 0.953871
vt 0.550894 0.951170
vt 0.553808 0.951265
vt 0.554552 0.954054
vt 0.550619 0.948532
vt 0.555536 0.948878
vt 0.088102 0.795402
vt 0.086213 0.795402
vt 0.086373 0.792856
vt 0.088543 0.792856
vt 0.083184 0.795402
vt 0.083460 0.792744
vt 0.084517 0.790079
vt 0.088798 0.790079
vt 0.555977 0.951418
vt 0.825410 0.634930
vt 0.822414 0.639330
vt 0.820852 0.637713
vt 0.820199 0.633848
vt 0.548657 0.802870
vt 0.549699 0.805616
vt 0.547308 0.805527
vt 0.546488 0.802688
vt 0.550619 0.808253
vt 0.547708 0.808048
vt 0.543694 0.808048
vt 0.544396 0.805492
vt 0.540783 0.808253
vt 0.541703 0.805616
vt 0.542745 0.802870
vt 0.799151 0.564796
vt 0.803618 0.567856
vt 0.802023 0.569451
vt 0.798155 0.570118
vt 0.542745 0.953639
vt 0.541703 0.951039
vt 0.544094 0.950791
vt 0.544914 0.953457
vt 0.540784 0.948532
vt 0.543694 0.948327
vt 0.547708 0.948327
vt 0.547006 0.950756
vt 0.549699 0.951039
vt 0.548657 0.953639
vt 0.825410 0.628716
vt 0.820199 0.630294
vt 0.820199 0.627490
vt 0.822885 0.623741
vt 0.539450 0.803102
vt 0.540508 0.805653
vt 0.537595 0.805969
vt 0.536850 0.803285
vt 0.540783 0.808253
vt 0.535866 0.808600
vt 0.037125 0.937756
vt 0.039013 0.937756
vt 0.038854 0.940301
vt 0.036684 0.940301
vt 0.042042 0.937756
vt 0.041767 0.940414
vt 0.040709 0.943079
vt 0.036429 0.943079
vt 0.535425 0.806123
vt 0.803560 0.560386
vt 0.808883 0.558711
vt 0.808883 0.561526
vt 0.806140 0.565334
vt 0.040709 0.790079
vt 0.041767 0.792744
vt 0.038854 0.792856
vt 0.038109 0.790079
vt 0.042042 0.795402
vt 0.039013 0.795402
vt 0.037125 0.795402
vt 0.037125 0.792856
vt 0.540783 0.948532
vt 0.540508 0.951170
vt 0.535866 0.951387
vt 0.535866 0.948878
vt 0.539450 0.953871
vt 0.535170 0.954172
vt 0.167269 0.937756
vt 0.170179 0.937756
vt 0.170882 0.940285
vt 0.168189 0.940366
vt 0.174194 0.937756
vt 0.173793 0.940285
vt 0.177104 0.937756
vt 0.176185 0.940366
vt 0.175143 0.943079
vt 0.172974 0.943079
vt 0.884904 0.170405
vt 0.880962 0.166999
vt 0.883791 0.165067
vt 0.885782 0.165270
vt 0.169230 0.943079
vt 0.167269 0.795402
vt 0.168189 0.792792
vt 0.170580 0.792872
vt 0.170179 0.795402
vt 0.169230 0.790079
vt 0.171399 0.790079
vt 0.855466 0.170352
vt 0.854524 0.165118
vt 0.858186 0.165616
vt 0.859696 0.167129
vt 0.175143 0.790079
vt 0.176185 0.792792
vt 0.173492 0.792872
vt 0.177104 0.795402
vt 0.174194 0.795402
vt 0.782244 0.954708
vt 0.781968 0.956953
vt 0.779055 0.956252
vt 0.777326 0.953690
vt 0.780910 0.959042
vt 0.778310 0.958503
vt 0.890406 0.170967
vt 0.888928 0.165591
vt 0.893016 0.166748
vt 0.894772 0.168881
vt 0.178437 0.943079
vt 0.177380 0.940414
vt 0.180293 0.940301
vt 0.182718 0.943079
vt 0.180133 0.937756
vt 0.182022 0.937756
vt 0.182462 0.940301
vt 0.776885 0.955803
vt 0.782244 0.831426
vt 0.777326 0.830408
vt 0.777326 0.828203
vt 0.781968 0.829067
vt 0.182022 0.795402
vt 0.180133 0.795402
vt 0.180293 0.792857
vt 0.182022 0.792857
vt 0.177380 0.792744
vt 0.178437 0.790079
vt 0.181037 0.790079
vt 0.849562 0.170617
vt 0.844877 0.168271
vt 0.848483 0.165390
vt 0.851148 0.165270
vt 0.780910 0.826540
vt 0.776630 0.825654
vt 0.894296 0.175692
vt 0.896572 0.171067
vt 0.898328 0.173200
vt 0.898993 0.177815
vt 0.783577 0.959594
vt 0.782519 0.957067
vt 0.785433 0.957573
vt 0.786273 0.960248
vt 0.785273 0.955335
vt 0.789050 0.955335
vt 0.788568 0.957685
vt 0.792079 0.954708
vt 0.791803 0.957067
vt 0.790746 0.959594
vt 0.792079 0.831426
vt 0.789050 0.832053
vt 0.788890 0.829882
vt 0.791803 0.829181
vt 0.785273 0.832053
vt 0.785755 0.829994
vt 0.782519 0.829181
vt 0.783577 0.827092
vt 0.788049 0.827747
vt 0.845387 0.175176
vt 0.840348 0.177063
vt 0.840348 0.174273
vt 0.842945 0.170381
vt 0.790746 0.827092
vt 0.894296 0.181813
vt 0.898993 0.180648
vt 0.898993 0.183410
vt 0.896572 0.186902
vt 0.793412 0.959042
vt 0.792355 0.956953
vt 0.795268 0.956252
vt 0.796012 0.958503
vt 0.796996 0.953690
vt 0.099738 0.937756
vt 0.101627 0.937756
vt 0.101467 0.940301
vt 0.099297 0.940301
vt 0.104656 0.937756
vt 0.104380 0.940414
vt 0.103323 0.943079
vt 0.099042 0.943079
vt 0.797437 0.955803
vt 0.845387 0.181357
vt 0.842945 0.186372
vt 0.841061 0.184484
vt 0.840348 0.179923
vt 0.103323 0.790079
vt 0.104380 0.792744
vt 0.101467 0.792857
vt 0.100722 0.790079
vt 0.104656 0.795402
vt 0.101627 0.795402
vt 0.099738 0.795402
vt 0.099738 0.792856
vt 0.792079 0.831426
vt 0.792355 0.829067
vt 0.796996 0.828203
vt 0.796996 0.830407
vt 0.793412 0.826540
vt 0.797692 0.825654
vt 0.890406 0.185744
vt 0.894348 0.189149
vt 0.892940 0.190571
vt 0.889528 0.190878
vt 0.106617 0.943079
vt 0.105575 0.940366
vt 0.107966 0.940285
vt 0.108786 0.943079
vt 0.107566 0.937756
vt 0.111580 0.937756
vt 0.110878 0.940285
vt 0.114491 0.937756
vt 0.113571 0.940366
vt 0.112530 0.943079
vt 0.849562 0.185540
vt 0.850504 0.190774
vt 0.848369 0.190870
vt 0.845332 0.188764
vt 0.112530 0.790079
vt 0.113571 0.792792
vt 0.111180 0.792872
vt 0.110361 0.790079
vt 0.114491 0.795402
vt 0.111580 0.795402
vt 0.107566 0.795402
vt 0.108268 0.792872
vt 0.105575 0.792792
vt 0.106617 0.790079
vt 0.884904 0.185182
vt 0.885782 0.190496
vt 0.883792 0.190293
vt 0.880962 0.187783
vt 0.116452 0.943079
vt 0.115410 0.940366
vt 0.117802 0.940285
vt 0.118536 0.943079
vt 0.114491 0.937756
vt 0.117401 0.937756
vt 0.119408 0.937756
vt 0.119408 0.940285
vt 0.904567 0.827900
vt 0.905487 0.825295
vt 0.909485 0.824878
vt 0.909485 0.827293
vt 0.906528 0.822577
vt 0.910102 0.822136
vt 0.855466 0.185275
vt 0.859696 0.188118
vt 0.858186 0.189767
vt 0.854524 0.190593
vt 0.906528 0.968622
vt 0.905487 0.966161
vt 0.907878 0.965789
vt 0.908612 0.968365
vt 0.904567 0.963783
vt 0.909485 0.963176
vt 0.119408 0.795402
vt 0.117401 0.795402
vt 0.117802 0.792872
vt 0.119808 0.792872
vt 0.115410 0.792792
vt 0.116452 0.790079
vt 0.120025 0.790079
vt 0.909884 0.965541
vt 0.881013 0.180457
vt 0.878313 0.184566
vt 0.876906 0.182857
vt 0.876317 0.179001
vt 0.902606 0.823061
vt 0.903648 0.825522
vt 0.901256 0.825894
vt 0.900437 0.823380
vt 0.904567 0.827900
vt 0.901657 0.828259
vt 0.897642 0.828259
vt 0.898345 0.825956
vt 0.894732 0.827900
vt 0.895651 0.825522
vt 0.896693 0.823061
vt 0.859641 0.180717
vt 0.864680 0.178830
vt 0.864680 0.181619
vt 0.862083 0.185512
vt 0.896065 0.969029
vt 0.895008 0.966354
vt 0.897921 0.966607
vt 0.898761 0.969419
vt 0.894732 0.963783
vt 0.897761 0.964157
vt 0.901538 0.964157
vt 0.901056 0.966674
vt 0.904567 0.963783
vt 0.904291 0.966354
vt 0.903234 0.969029
vt 0.881013 0.174336
vt 0.876317 0.174834
vt 0.876317 0.172620
vt 0.878313 0.169676
vt 0.892771 0.822577
vt 0.893812 0.825295
vt 0.891421 0.825077
vt 0.890687 0.822320
vt 0.894732 0.827900
vt 0.889814 0.827293
vt 0.162351 0.937756
vt 0.164359 0.937756
vt 0.163958 0.940285
vt 0.161952 0.940285
vt 0.167269 0.937756
vt 0.166350 0.940366
vt 0.165308 0.943079
vt 0.161735 0.943079
vt 0.889415 0.824829
vt 0.859641 0.174535
vt 0.862538 0.169977
vt 0.864048 0.171490
vt 0.864680 0.175295
vt 0.165308 0.790079
vt 0.166350 0.792792
vt 0.163958 0.792872
vt 0.163224 0.790079
vt 0.164359 0.795402
vt 0.162351 0.795402
vt 0.162351 0.792872
vt 0.894732 0.963783
vt 0.893812 0.966161
vt 0.889814 0.965591
vt 0.889814 0.963176
vt 0.892771 0.968622
vt 0.889197 0.968181
vt 0.145798 0.795402
vt 0.142887 0.795402
vt 0.142487 0.792872
vt 0.144878 0.792792
vt 0.138873 0.795402
vt 0.139575 0.792872
vt 0.135962 0.795402
vt 0.136882 0.792792
vt 0.137924 0.790079
vt 0.141667 0.790079
vt 0.298784 0.846584
vt 0.297906 0.841449
vt 0.299896 0.841246
vt 0.302726 0.843178
vt 0.143836 0.790079
vt 0.145798 0.937756
vt 0.144878 0.940366
vt 0.142487 0.940285
vt 0.142887 0.937756
vt 0.143836 0.943079
vt 0.141667 0.943079
vt 0.292407 0.884471
vt 0.288867 0.880837
vt 0.291408 0.879122
vt 0.293196 0.879459
vt 0.137924 0.943079
vt 0.136882 0.940366
vt 0.139575 0.940285
vt 0.135962 0.937756
vt 0.138873 0.937756
vt 0.813550 0.954708
vt 0.813275 0.957067
vt 0.810362 0.957573
vt 0.808633 0.955727
vt 0.812217 0.959594
vt 0.809617 0.960132
vt 0.302674 0.850515
vt 0.304950 0.845425
vt 0.307371 0.848917
vt 0.307371 0.851679
vt 0.134629 0.790079
vt 0.135687 0.792744
vt 0.132774 0.792857
vt 0.130349 0.790079
vt 0.132933 0.795402
vt 0.131045 0.795402
vt 0.130604 0.792856
vt 0.808192 0.958022
vt 0.813550 0.831426
vt 0.808633 0.832444
vt 0.808633 0.830240
vt 0.813275 0.829181
vt 0.131045 0.937756
vt 0.132933 0.937756
vt 0.132774 0.940301
vt 0.131045 0.940301
vt 0.135687 0.940414
vt 0.134629 0.943079
vt 0.132029 0.943079
vt 0.288913 0.888088
vt 0.284695 0.888916
vt 0.285292 0.884537
vt 0.286869 0.882905
vt 0.812217 0.827092
vt 0.807937 0.827979
vt 0.302674 0.856635
vt 0.307371 0.854512
vt 0.307371 0.857274
vt 0.304950 0.861260
vt 0.814883 0.959042
vt 0.813826 0.956953
vt 0.816739 0.956252
vt 0.817580 0.958387
vt 0.816579 0.954081
vt 0.820356 0.954081
vt 0.819875 0.956140
vt 0.823386 0.954708
vt 0.823110 0.956953
vt 0.822052 0.959042
vt 0.823385 0.831426
vt 0.820356 0.830799
vt 0.820197 0.828561
vt 0.823110 0.829067
vt 0.816580 0.830799
vt 0.817061 0.828449
vt 0.813826 0.829067
vt 0.814883 0.826540
vt 0.819356 0.825886
vt 0.288913 0.894134
vt 0.286869 0.898546
vt 0.285292 0.896319
vt 0.284695 0.891714
vt 0.822052 0.826540
vt 0.298784 0.861360
vt 0.303150 0.863446
vt 0.301394 0.865579
vt 0.297306 0.866736
vt 0.824719 0.959594
vt 0.823661 0.957067
vt 0.826574 0.957573
vt 0.827319 0.960132
vt 0.823385 0.954708
vt 0.828303 0.955726
vt 0.389806 0.797637
vt 0.387917 0.797637
vt 0.388077 0.795092
vt 0.390246 0.795092
vt 0.384888 0.797637
vt 0.385164 0.794979
vt 0.386221 0.792315
vt 0.390502 0.792315
vt 0.828744 0.958022
vt 0.292407 0.899068
vt 0.293735 0.904478
vt 0.291504 0.904058
vt 0.288486 0.900829
vt 0.386221 0.945314
vt 0.385164 0.942649
vt 0.388077 0.942537
vt 0.388821 0.945314
vt 0.384888 0.939991
vt 0.387917 0.939991
vt 0.389806 0.939991
vt 0.389806 0.942537
vt 0.823385 0.831426
vt 0.823661 0.829181
vt 0.828303 0.830240
vt 0.828303 0.832444
vt 0.824719 0.827092
vt 0.828999 0.827979
vt 0.293282 0.861922
vt 0.294160 0.867057
vt 0.292170 0.867260
vt 0.289340 0.865328
vt 0.382927 0.792315
vt 0.383969 0.795027
vt 0.381577 0.795108
vt 0.380758 0.792315
vt 0.381978 0.797637
vt 0.377963 0.797637
vt 0.378666 0.795108
vt 0.375053 0.797637
vt 0.375972 0.795027
vt 0.377014 0.792315
vt 0.297349 0.899999
vt 0.300889 0.903633
vt 0.299625 0.904942
vt 0.296560 0.905011
vt 0.377014 0.945314
vt 0.375972 0.942601
vt 0.378364 0.942521
vt 0.379183 0.945314
vt 0.375053 0.939991
vt 0.377963 0.939991
vt 0.381978 0.939991
vt 0.381276 0.942521
vt 0.384888 0.939991
vt 0.383969 0.942601
vt 0.382927 0.945314
vt 0.289391 0.857991
vt 0.286691 0.862651
vt 0.285284 0.861230
vt 0.284695 0.857493
vt 0.373092 0.792315
vt 0.374133 0.795027
vt 0.371742 0.795108
vt 0.371008 0.792315
vt 0.372143 0.797637
vt 0.370135 0.797637
vt 0.370135 0.795108
vt 0.268141 0.846455
vt 0.269060 0.844794
vt 0.273058 0.845975
vt 0.273058 0.847836
vt 0.270102 0.843091
vt 0.273675 0.844094
vt 0.300843 0.896383
vt 0.305062 0.896213
vt 0.305062 0.898400
vt 0.303268 0.901171
vt 0.270102 0.955607
vt 0.269060 0.953320
vt 0.271451 0.953932
vt 0.272186 0.956192
vt 0.268141 0.951143
vt 0.273058 0.952523
vt 0.370135 0.939991
vt 0.372143 0.939991
vt 0.371742 0.942521
vt 0.369736 0.942521
vt 0.375053 0.939991
vt 0.374133 0.942601
vt 0.373092 0.945314
vt 0.369518 0.945314
vt 0.273458 0.954495
vt 0.289391 0.851870
vt 0.284695 0.853326
vt 0.284695 0.851112
vt 0.286691 0.847761
vt 0.266179 0.841990
vt 0.267221 0.844278
vt 0.264830 0.843666
vt 0.264010 0.841266
vt 0.265230 0.845638
vt 0.261216 0.845638
vt 0.261918 0.843525
vt 0.258305 0.846455
vt 0.259225 0.844278
vt 0.260267 0.841990
vt 0.300843 0.890337
vt 0.302887 0.885925
vt 0.304465 0.888151
vt 0.305062 0.892756
vt 0.259639 0.954683
vt 0.258581 0.953020
vt 0.261494 0.952119
vt 0.262335 0.953796
vt 0.258305 0.951143
vt 0.261335 0.950292
vt 0.265111 0.950292
vt 0.264630 0.951967
vt 0.268141 0.951143
vt 0.267865 0.953020
vt 0.266808 0.954683
vt 0.293282 0.847145
vt 0.289340 0.844544
vt 0.290747 0.842835
vt 0.294160 0.841831
vt 0.256344 0.843091
vt 0.257386 0.844794
vt 0.254995 0.845524
vt 0.254260 0.843676
vt 0.258305 0.846455
vt 0.253388 0.847836
vt 0.150715 0.795402
vt 0.148708 0.795402
vt 0.149108 0.792872
vt 0.151114 0.792872
vt 0.146717 0.792792
vt 0.147759 0.790079
vt 0.151332 0.790079
vt 0.252989 0.846088
vt 0.297349 0.885403
vt 0.296022 0.879992
vt 0.298252 0.880412
vt 0.301270 0.883641
vt 0.147131 0.943079
vt 0.146073 0.940414
vt 0.148986 0.940301
vt 0.149731 0.943079
vt 0.145798 0.937756
vt 0.148827 0.937756
vt 0.150715 0.937756
vt 0.150715 0.940301
vt 0.258305 0.951143
vt 0.258030 0.953175
vt 0.253388 0.954395
vt 0.253388 0.952523
vt 0.256972 0.955431
vt 0.252692 0.956633
vt 0.944433 0.498948
vt 0.947462 0.498948
vt 0.947622 0.501494
vt 0.944709 0.501606
vt 0.951239 0.498948
vt 0.950757 0.501493
vt 0.954268 0.498948
vt 0.953992 0.501606
vt 0.952935 0.504271
vt 0.948462 0.504271
vt 0.751168 0.597723
vt 0.748589 0.602671
vt 0.746599 0.600681
vt 0.745846 0.596048
vt 0.945766 0.504271
vt 0.944433 0.231413
vt 0.944709 0.228755
vt 0.947622 0.228867
vt 0.947462 0.231413
vt 0.945766 0.226090
vt 0.948462 0.226090
vt 0.751168 0.635060
vt 0.748589 0.640008
vt 0.745846 0.636199
vt 0.745846 0.633385
vt 0.952935 0.226090
vt 0.953992 0.228755
vt 0.950757 0.228867
vt 0.954268 0.231413
vt 0.951239 0.231413
vt 0.944607 0.939492
vt 0.943687 0.942102
vt 0.941296 0.942021
vt 0.939689 0.939492
vt 0.942645 0.944815
vt 0.940562 0.944815
vt 0.751168 0.591487
vt 0.745846 0.592482
vt 0.746513 0.588615
vt 0.748108 0.587020
vt 0.956229 0.504271
vt 0.955188 0.501558
vt 0.957579 0.501478
vt 0.959803 0.504271
vt 0.954268 0.498948
vt 0.957178 0.498948
vt 0.959186 0.498948
vt 0.959585 0.501478
vt 0.939290 0.942021
vt 0.944607 0.671957
vt 0.939689 0.671957
vt 0.939689 0.669427
vt 0.943687 0.669347
vt 0.959186 0.231413
vt 0.957178 0.231413
vt 0.957579 0.228883
vt 0.959186 0.228883
vt 0.954268 0.231413
vt 0.955188 0.228803
vt 0.956229 0.226090
vt 0.958313 0.226090
vt 0.755578 0.639469
vt 0.756573 0.644792
vt 0.752705 0.644124
vt 0.751110 0.642529
vt 0.942645 0.666634
vt 0.939072 0.666634
vt 0.755578 0.587077
vt 0.750630 0.584498
vt 0.752620 0.582508
vt 0.757253 0.581755
vt 0.945940 0.944815
vt 0.944883 0.942150
vt 0.947796 0.942037
vt 0.948636 0.944815
vt 0.947636 0.939492
vt 0.951413 0.939492
vt 0.950931 0.942037
vt 0.954442 0.939492
vt 0.954166 0.942150
vt 0.953109 0.944815
vt 0.954442 0.671957
vt 0.951413 0.671957
vt 0.951253 0.669411
vt 0.954166 0.669299
vt 0.947636 0.671957
vt 0.948117 0.669411
vt 0.944882 0.669299
vt 0.945940 0.666634
vt 0.950413 0.666634
vt 0.761814 0.639469
vt 0.766762 0.642049
vt 0.764772 0.644039
vt 0.760139 0.644792
vt 0.953109 0.666634
vt 0.761814 0.587078
vt 0.760819 0.581755
vt 0.763074 0.581755
vt 0.766281 0.584018
vt 0.956403 0.944815
vt 0.955361 0.942102
vt 0.957753 0.942021
vt 0.958487 0.944815
vt 0.954442 0.939492
vt 0.959359 0.939492
vt 0.970996 0.939492
vt 0.972772 0.939492
vt 0.972418 0.942021
vt 0.970642 0.942021
vt 0.975347 0.939492
vt 0.974534 0.942102
vt 0.973612 0.944815
vt 0.970450 0.944815
vt 0.959759 0.942021
vt 0.766223 0.635060
vt 0.771546 0.634065
vt 0.771546 0.636320
vt 0.769283 0.639527
vt 0.973612 0.666634
vt 0.974534 0.669347
vt 0.972418 0.669427
vt 0.971768 0.666634
vt 0.975347 0.671957
vt 0.972772 0.671957
vt 0.970996 0.671957
vt 0.970996 0.669427
vt 0.954442 0.671957
vt 0.955361 0.669347
vt 0.959360 0.669427
vt 0.959359 0.671957
vt 0.956403 0.666634
vt 0.959976 0.666634
vt 0.766223 0.591487
vt 0.768803 0.586539
vt 0.770793 0.588529
vt 0.771546 0.593162
vt 0.976527 0.944815
vt 0.975591 0.942150
vt 0.978169 0.942037
vt 0.978871 0.944815
vt 0.975347 0.939492
vt 0.978028 0.939492
vt 0.981713 0.939492
vt 0.981179 0.942037
vt 0.984943 0.939492
vt 0.984649 0.942150
vt 0.983522 0.944815
vt 0.766223 0.628824
vt 0.768803 0.623876
vt 0.770793 0.625866
vt 0.771546 0.630499
vt 0.983522 0.666634
vt 0.984650 0.669299
vt 0.981543 0.669411
vt 0.980604 0.666634
vt 0.984943 0.671957
vt 0.981713 0.671957
vt 0.978028 0.671957
vt 0.978434 0.669411
vt 0.975347 0.671957
vt 0.975591 0.669299
vt 0.976527 0.666634
vt 0.766223 0.597723
vt 0.771546 0.596728
vt 0.771546 0.598983
vt 0.769283 0.602191
vt 0.987035 0.944815
vt 0.985924 0.942102
vt 0.988474 0.942021
vt 0.989257 0.944815
vt 0.984943 0.939492
vt 0.988047 0.939492
vt 0.990188 0.939492
vt 0.990188 0.942021
vt 0.975321 0.498948
vt 0.974480 0.501558
vt 0.970822 0.501478
vt 0.970822 0.498948
vt 0.973527 0.504271
vt 0.970257 0.504271
vt 0.761814 0.624414
vt 0.760819 0.619092
vt 0.763074 0.619092
vt 0.766281 0.621354
vt 0.973527 0.226090
vt 0.974480 0.228803
vt 0.972292 0.228883
vt 0.971620 0.226090
vt 0.975321 0.231413
vt 0.970822 0.231413
vt 0.990188 0.671957
vt 0.988047 0.671957
vt 0.988474 0.669427
vt 0.990614 0.669427
vt 0.984943 0.671957
vt 0.985924 0.669347
vt 0.987035 0.666634
vt 0.990846 0.666634
vt 0.970457 0.228883
vt 0.761814 0.602133
vt 0.766281 0.605193
vt 0.764686 0.606788
vt 0.760819 0.607455
vt 0.977116 0.504271
vt 0.976162 0.501558
vt 0.978350 0.501478
vt 0.979071 0.504271
vt 0.975321 0.498948
vt 0.977984 0.498948
vt 0.981940 0.498948
vt 0.981184 0.501478
vt 0.985013 0.498948
vt 0.984042 0.501558
vt 0.982942 0.504271
vt 0.755578 0.624414
vt 0.750630 0.621835
vt 0.752620 0.619845
vt 0.757253 0.619092
vt 0.983605 0.226090
vt 0.984722 0.228755
vt 0.981646 0.228867
vt 0.980726 0.226090
vt 0.985013 0.231413
vt 0.981815 0.231413
vt 0.978093 0.231413
vt 0.978518 0.228867
vt 0.975321 0.231413
vt 0.975574 0.228755
vt 0.976541 0.226090
vt 0.755578 0.602133
vt 0.756573 0.607455
vt 0.754318 0.607455
vt 0.751110 0.605193
vt 0.987084 0.504271
vt 0.985984 0.501558
vt 0.988509 0.501478
vt 0.989284 0.504271
vt 0.990205 0.498948
vt 0.939515 0.498948
vt 0.941523 0.498948
vt 0.941122 0.501478
vt 0.939116 0.501478
vt 0.943513 0.501558
vt 0.942472 0.504271
vt 0.938898 0.504271
vt 0.990627 0.501478
vt 0.751168 0.628824
vt 0.745846 0.629819
vt 0.745846 0.627564
vt 0.748108 0.624357
vt 0.942472 0.226090
vt 0.943513 0.228803
vt 0.941122 0.228883
vt 0.940388 0.226090
vt 0.944433 0.231413
vt 0.941523 0.231413
vt 0.939515 0.231413
vt 0.939515 0.228883
vt 0.985984 0.228803
vt 0.990205 0.228883
vt 0.990205 0.231413
vt 0.987084 0.226090
vt 0.990857 0.226090
vt 0.353508 0.727510
vt 0.350478 0.727235
vt 0.350319 0.724737
vt 0.353232 0.724892
vt 0.346702 0.727235
vt 0.347183 0.724688
vt 0.343672 0.727510
vt 0.343948 0.724892
vt 0.345005 0.722196
vt 0.349478 0.721909
vt 0.751168 0.554150
vt 0.745846 0.555825
vt 0.745846 0.553011
vt 0.748589 0.549202
vt 0.352174 0.722196
vt 0.353508 0.988542
vt 0.353232 0.991110
vt 0.350319 0.990736
vt 0.350478 0.988267
vt 0.352174 0.993614
vt 0.349478 0.993328
vt 0.803306 0.635004
vt 0.808562 0.633277
vt 0.807818 0.637909
vt 0.805853 0.639915
vt 0.345005 0.993614
vt 0.343948 0.991110
vt 0.347183 0.990687
vt 0.343672 0.988542
vt 0.346702 0.988267
vt 0.922961 0.231413
vt 0.923881 0.228803
vt 0.926272 0.228883
vt 0.927879 0.231413
vt 0.924923 0.226090
vt 0.927006 0.226090
vt 0.755578 0.549741
vt 0.751110 0.546681
vt 0.754318 0.544418
vt 0.756573 0.544418
vt 0.341711 0.722495
vt 0.342753 0.725047
vt 0.340362 0.725343
vt 0.338138 0.722819
vt 0.340762 0.727774
vt 0.338755 0.727956
vt 0.338355 0.725525
vt 0.928278 0.228883
vt 0.922961 0.498948
vt 0.927879 0.498948
vt 0.927879 0.501478
vt 0.923881 0.501558
vt 0.338755 0.988989
vt 0.340762 0.988806
vt 0.340362 0.991311
vt 0.338755 0.991456
vt 0.342753 0.991172
vt 0.341711 0.993914
vt 0.339627 0.994103
vt 0.803306 0.628781
vt 0.806328 0.624291
vt 0.808562 0.627468
vt 0.808562 0.629719
vt 0.924923 0.504271
vt 0.928496 0.504271
vt 0.761814 0.549741
vt 0.760139 0.544418
vt 0.762953 0.544418
vt 0.766762 0.547161
vt 0.921628 0.226090
vt 0.922686 0.228755
vt 0.919772 0.228867
vt 0.918932 0.226090
vt 0.922961 0.231413
vt 0.919932 0.231413
vt 0.916155 0.231413
vt 0.916637 0.228867
vt 0.913126 0.231413
vt 0.913402 0.228755
vt 0.914459 0.226090
vt 0.913126 0.498948
vt 0.916155 0.498948
vt 0.916315 0.501493
vt 0.913402 0.501606
vt 0.919932 0.498948
vt 0.919450 0.501493
vt 0.922961 0.498948
vt 0.922686 0.501606
vt 0.921628 0.504271
vt 0.917156 0.504271
vt 0.798952 0.624426
vt 0.797297 0.619132
vt 0.800077 0.619103
vt 0.803838 0.621801
vt 0.914459 0.504271
vt 0.766223 0.554150
vt 0.769283 0.549683
vt 0.770878 0.551278
vt 0.771546 0.555146
vt 0.911165 0.226090
vt 0.912207 0.228803
vt 0.909815 0.228883
vt 0.909081 0.226090
vt 0.913126 0.231413
vt 0.908209 0.231413
vt 0.626902 0.927465
vt 0.628909 0.927465
vt 0.628509 0.929995
vt 0.626503 0.929995
vt 0.631820 0.927465
vt 0.630900 0.930075
vt 0.629859 0.932788
vt 0.626285 0.932788
vt 0.907809 0.228883
vt 0.792793 0.624490
vt 0.788382 0.621482
vt 0.789957 0.619874
vt 0.793776 0.619168
vt 0.629859 0.654607
vt 0.630900 0.657320
vt 0.628509 0.657401
vt 0.627775 0.654607
vt 0.631820 0.659930
vt 0.628909 0.659930
vt 0.626902 0.659930
vt 0.626902 0.657401
vt 0.913126 0.498948
vt 0.912207 0.501558
vt 0.908209 0.501478
vt 0.908209 0.498948
vt 0.911165 0.504271
vt 0.907592 0.504271
vt 0.766223 0.560386
vt 0.771546 0.558711
vt 0.771546 0.561526
vt 0.768803 0.565334
vt 0.633153 0.932788
vt 0.632096 0.930123
vt 0.635009 0.930011
vt 0.635849 0.932788
vt 0.631820 0.927465
vt 0.634849 0.927465
vt 0.638626 0.927465
vt 0.638144 0.930011
vt 0.641655 0.927465
vt 0.641379 0.930123
vt 0.640322 0.932788
vt 0.788439 0.628935
vt 0.783183 0.630661
vt 0.783183 0.627853
vt 0.785892 0.624024
vt 0.640322 0.654607
vt 0.641379 0.657272
vt 0.638466 0.657385
vt 0.637626 0.654607
vt 0.641655 0.659930
vt 0.638626 0.659930
vt 0.634849 0.659930
vt 0.635331 0.657385
vt 0.631820 0.659930
vt 0.632096 0.657272
vt 0.633153 0.654607
vt 0.761814 0.564796
vt 0.766281 0.567856
vt 0.764686 0.569451
vt 0.760819 0.570119
vt 0.643616 0.932788
vt 0.642574 0.930075
vt 0.644966 0.929995
vt 0.645700 0.932788
vt 0.641655 0.927465
vt 0.644565 0.927465
vt 0.646573 0.927465
vt 0.646573 0.929995
vt 0.594918 0.927465
vt 0.593998 0.930075
vt 0.590000 0.929995
vt 0.590000 0.927465
vt 0.592956 0.932788
vt 0.589383 0.932788
vt 0.788439 0.635158
vt 0.785417 0.639647
vt 0.783842 0.638072
vt 0.783183 0.634219
vt 0.592956 0.654607
vt 0.593998 0.657320
vt 0.591607 0.657401
vt 0.590873 0.654607
vt 0.594918 0.659930
vt 0.590000 0.659930
vt 0.646573 0.659930
vt 0.644566 0.659930
vt 0.644966 0.657401
vt 0.646972 0.657400
vt 0.641655 0.659930
vt 0.642575 0.657320
vt 0.643616 0.654607
vt 0.647190 0.654607
vt 0.589601 0.657401
vt 0.755578 0.564796
vt 0.757253 0.570118
vt 0.754439 0.570118
vt 0.750630 0.567375
vt 0.596251 0.932788
vt 0.595193 0.930123
vt 0.598107 0.930011
vt 0.598947 0.932788
vt 0.594918 0.927465
vt 0.597947 0.927465
vt 0.601724 0.927465
vt 0.601242 0.930011
vt 0.604753 0.927465
vt 0.604477 0.930123
vt 0.603420 0.932788
vt 0.792793 0.639513
vt 0.794447 0.644807
vt 0.791668 0.644836
vt 0.787907 0.642137
vt 0.603420 0.654607
vt 0.604477 0.657272
vt 0.601564 0.657385
vt 0.600723 0.654607
vt 0.604753 0.659930
vt 0.601724 0.659930
vt 0.597947 0.659930
vt 0.598428 0.657385
vt 0.594918 0.659930
vt 0.595193 0.657272
vt 0.596251 0.654607
vt 0.751168 0.560386
vt 0.748108 0.564854
vt 0.746513 0.563259
vt 0.745846 0.559391
vt 0.606714 0.932788
vt 0.605672 0.930075
vt 0.608064 0.929995
vt 0.608798 0.932788
vt 0.609670 0.927465
vt 0.358425 0.727956
vt 0.356418 0.727774
vt 0.356818 0.725343
vt 0.358824 0.725525
vt 0.353508 0.727510
vt 0.354427 0.725047
vt 0.355469 0.722495
vt 0.359042 0.722819
vt 0.610070 0.929995
vt 0.798952 0.639449
vt 0.803363 0.642457
vt 0.801788 0.644065
vt 0.797969 0.644771
vt 0.355469 0.993914
vt 0.354427 0.991172
vt 0.356818 0.991311
vt 0.357553 0.994103
vt 0.353508 0.988542
vt 0.356418 0.988806
vt 0.358425 0.988989
vt 0.358425 0.991456
vt 0.604753 0.659930
vt 0.605672 0.657320
vt 0.609670 0.657401
vt 0.609670 0.659930
vt 0.606714 0.654607
vt 0.610287 0.654607
vt 0.751168 0.226090
vt 0.751168 0.259933
vt 0.745846 0.259944
vt 0.745846 0.226208
vt 0.630973 0.166072
vt 0.602200 0.194846
vt 0.600707 0.192612
vt 0.628740 0.164580
vt 0.599200 0.190356
vt 0.626484 0.163072
vt 0.841549 0.700477
vt 0.841549 0.666634
vt 0.846871 0.666752
vt 0.846871 0.700488
vt 0.441973 0.520311
vt 0.457545 0.482717
vt 0.459778 0.484209
vt 0.444607 0.520835
vt 0.462035 0.485717
vt 0.447269 0.521365
vt 0.054994 0.556857
vt 0.081608 0.556857
vt 0.081597 0.559518
vt 0.054994 0.559518
vt 0.081568 0.562180
vt 0.054994 0.562180
vt 0.442047 0.736364
vt 0.442047 0.709269
vt 0.447269 0.710307
vt 0.447269 0.735325
vt 0.810068 0.373618
vt 0.810068 0.339775
vt 0.815391 0.339764
vt 0.815391 0.373500
vt 0.457622 0.266338
vt 0.486319 0.237680
vt 0.487811 0.239914
vt 0.458959 0.267607
vt 0.489318 0.242170
vt 0.462035 0.269454
vt 0.081608 0.011141
vt 0.054994 0.011141
vt 0.054994 0.008480
vt 0.081597 0.008480
vt 0.054994 0.005818
vt 0.081568 0.005818
vt 0.232551 0.680605
vt 0.222182 0.655572
vt 0.227404 0.654534
vt 0.236978 0.677647
vt 0.810068 0.259933
vt 0.810068 0.226090
vt 0.815391 0.226208
vt 0.815391 0.259944
vt 0.564605 0.222108
vt 0.602084 0.237603
vt 0.601335 0.239286
vt 0.564081 0.224743
vt 0.599200 0.242170
vt 0.563552 0.227404
vt 0.104170 0.556857
vt 0.104052 0.559518
vt 0.103730 0.562180
vt 0.452416 0.684236
vt 0.456843 0.687194
vt 0.678573 0.231413
vt 0.658209 0.231413
vt 0.658344 0.228751
vt 0.678598 0.228751
vt 0.658713 0.226090
vt 0.678665 0.226090
vt 0.765512 0.734726
vt 0.751160 0.759584
vt 0.747394 0.755819
vt 0.760367 0.733348
vt 0.104170 0.011141
vt 0.104052 0.008480
vt 0.103730 0.005818
vt 0.251710 0.699764
vt 0.254668 0.695337
vt 0.713845 0.649675
vt 0.734209 0.649675
vt 0.734074 0.652336
vt 0.713820 0.652336
vt 0.733705 0.654998
vt 0.713753 0.654998
vt 0.236281 0.815316
vt 0.222255 0.790670
vt 0.227283 0.789232
vt 0.239961 0.811511
vt 0.115806 0.556857
vt 0.138368 0.556857
vt 0.138379 0.559518
vt 0.115924 0.559518
vt 0.138408 0.562180
vt 0.116246 0.562180
vt 0.471575 0.665077
vt 0.474533 0.669504
vt 0.138368 0.011141
vt 0.115806 0.011141
vt 0.115924 0.008480
vt 0.138379 0.008480
vt 0.116246 0.005818
vt 0.138408 0.005818
vt 0.276743 0.710133
vt 0.277781 0.704911
vt 0.164982 0.556857
vt 0.164982 0.559518
vt 0.164982 0.562180
vt 0.496607 0.654709
vt 0.497646 0.659930
vt 0.771533 0.005818
vt 0.771533 0.039661
vt 0.766210 0.039672
vt 0.766210 0.005936
vt 0.486319 0.194846
vt 0.457545 0.166072
vt 0.459778 0.164580
vt 0.487811 0.192612
vt 0.462035 0.163072
vt 0.489318 0.190356
vt 0.164982 0.011141
vt 0.164982 0.008480
vt 0.164982 0.005818
vt 0.303838 0.710133
vt 0.302799 0.704911
vt 0.751168 0.299854
vt 0.745846 0.299854
vt 0.564605 0.210418
vt 0.564081 0.207783
vt 0.563552 0.205122
vt 0.191596 0.556857
vt 0.191585 0.559518
vt 0.191556 0.562180
vt 0.523702 0.654709
vt 0.522664 0.659930
vt 0.191596 0.011141
vt 0.191585 0.008480
vt 0.191556 0.005818
vt 0.328870 0.699764
vt 0.325912 0.695337
vt 0.713845 0.451685
vt 0.686027 0.451685
vt 0.686027 0.449023
vt 0.713820 0.449023
vt 0.686027 0.446362
vt 0.713753 0.446362
vt 0.672739 0.759584
vt 0.658387 0.734726
vt 0.663532 0.733348
vt 0.676505 0.755819
vt 0.214158 0.556857
vt 0.214040 0.559518
vt 0.213718 0.562180
vt 0.548735 0.665077
vt 0.545777 0.669504
vt 0.830432 0.039661
vt 0.830432 0.005818
vt 0.833094 0.005936
vt 0.833094 0.039672
vt 0.835755 0.006258
vt 0.835755 0.039701
vt 0.442047 0.304063
vt 0.447269 0.305102
vt 0.214158 0.011141
vt 0.214040 0.008480
vt 0.213718 0.005818
vt 0.348029 0.680605
vt 0.343602 0.677647
vt 0.810068 0.299854
vt 0.815391 0.299854
vt 0.523913 0.222108
vt 0.524437 0.224743
vt 0.524967 0.227404
vt 0.334349 0.556857
vt 0.353058 0.556857
vt 0.353074 0.559519
vt 0.334446 0.559518
vt 0.353118 0.562180
vt 0.334714 0.562180
vt 0.567894 0.684236
vt 0.563467 0.687194
vt 0.810068 0.419097
vt 0.810068 0.385254
vt 0.815391 0.385372
vt 0.815391 0.419108
vt 0.564605 0.438371
vt 0.602200 0.453943
vt 0.600707 0.456177
vt 0.564081 0.441005
vt 0.599200 0.458433
vt 0.563552 0.443667
vt 0.353058 0.011141
vt 0.334349 0.011141
vt 0.334446 0.008480
vt 0.353074 0.008480
vt 0.334714 0.005818
vt 0.353118 0.005818
vt 0.358398 0.655572
vt 0.353176 0.654534
vt 0.751168 0.419097
vt 0.751168 0.459018
vt 0.748507 0.459018
vt 0.748507 0.419108
vt 0.745846 0.459018
vt 0.745846 0.419137
vt 0.166030 0.762781
vt 0.128463 0.778341
vt 0.127424 0.773120
vt 0.163072 0.758354
vt 0.377865 0.556857
vt 0.377871 0.559519
vt 0.377888 0.562180
vt 0.578262 0.709269
vt 0.573041 0.710307
vt 0.377865 0.011141
vt 0.377871 0.008480
vt 0.377888 0.005818
vt 0.358398 0.628478
vt 0.353176 0.629516
vt 0.404992 0.556857
vt 0.404988 0.559519
vt 0.404975 0.562180
vt 0.578262 0.736364
vt 0.573041 0.735325
vt 0.404992 0.011141
vt 0.404987 0.008480
vt 0.404975 0.005818
vt 0.348029 0.603445
vt 0.343602 0.606403
vt 0.751168 0.339775
vt 0.745846 0.339764
vt 0.523913 0.210418
vt 0.524437 0.207783
vt 0.524966 0.205122
vt 0.430310 0.556857
vt 0.430177 0.559518
vt 0.429816 0.562180
vt 0.567894 0.761396
vt 0.563467 0.758438
vt 0.771533 0.079582
vt 0.766210 0.079582
vt 0.441973 0.128477
vt 0.444607 0.127953
vt 0.447269 0.127424
vt 0.430310 0.011141
vt 0.430177 0.008480
vt 0.429816 0.005818
vt 0.328870 0.584286
vt 0.325912 0.588713
vt 0.782649 0.666634
vt 0.782649 0.700477
vt 0.779988 0.700488
vt 0.779987 0.666752
vt 0.777326 0.700517
vt 0.777326 0.667074
vt 0.050233 0.762781
vt 0.021480 0.734028
vt 0.025907 0.731070
vt 0.053191 0.758354
vt 0.225794 0.556857
vt 0.245463 0.556857
vt 0.245477 0.559519
vt 0.225897 0.559518
vt 0.245518 0.562180
vt 0.226178 0.562180
vt 0.548735 0.780555
vt 0.545777 0.776128
vt 0.810068 0.532782
vt 0.810068 0.498939
vt 0.815391 0.498928
vt 0.815391 0.532664
vt 0.486319 0.453943
vt 0.487811 0.456177
vt 0.489318 0.458433
vt 0.245463 0.011141
vt 0.225794 0.011141
vt 0.225897 0.008480
vt 0.245477 0.008480
vt 0.226178 0.005818
vt 0.245518 0.005818
vt 0.303838 0.573917
vt 0.302799 0.579139
vt 0.270788 0.556857
vt 0.270793 0.559519
vt 0.270805 0.562180
vt 0.523702 0.790924
vt 0.522664 0.785702
vt 0.270788 0.011141
vt 0.270792 0.008480
vt 0.270805 0.005818
vt 0.276743 0.573917
vt 0.277781 0.579139
vt 0.297914 0.556857
vt 0.297908 0.559519
vt 0.297891 0.562180
vt 0.496607 0.790924
vt 0.497646 0.785702
vt 0.830432 0.079582
vt 0.833094 0.079582
vt 0.835755 0.079582
vt 0.442047 0.344726
vt 0.447269 0.343687
vt 0.297914 0.011141
vt 0.297908 0.008480
vt 0.297891 0.005818
vt 0.251710 0.584286
vt 0.254668 0.588713
vt 0.322712 0.556857
vt 0.322583 0.559518
vt 0.322228 0.562180
vt 0.471575 0.780555
vt 0.474533 0.776128
vt 0.322712 0.011141
vt 0.322583 0.008480
vt 0.322228 0.005818
vt 0.232551 0.603445
vt 0.236978 0.606403
vt 0.751168 0.373618
vt 0.745846 0.373500
vt 0.005818 0.556857
vt 0.028380 0.556857
vt 0.028391 0.559518
vt 0.005936 0.559518
vt 0.028420 0.562180
vt 0.006258 0.562180
vt 0.452416 0.761396
vt 0.456843 0.758438
vt 0.751168 0.385254
vt 0.748507 0.385372
vt 0.745846 0.385694
vt 0.194783 0.734028
vt 0.190356 0.731070
vt 0.028380 0.011141
vt 0.005818 0.011141
vt 0.005936 0.008480
vt 0.028391 0.008480
vt 0.006258 0.005818
vt 0.028420 0.005818
vt 0.222182 0.628478
vt 0.227404 0.629516
vt 0.810068 0.459018
vt 0.815391 0.459018
vt 0.523913 0.438371
vt 0.524437 0.441005
vt 0.524966 0.443667
vt 0.911614 0.149760
vt 0.911614 0.121695
vt 0.914275 0.121679
vt 0.914275 0.149662
vt 0.916937 0.121635
vt 0.916937 0.149395
vt 0.630910 0.266496
vt 0.626484 0.269454
vt 0.852714 0.121695
vt 0.852714 0.149760
vt 0.847391 0.149662
vt 0.847391 0.121679
vt 0.646545 0.128477
vt 0.643911 0.127953
vt 0.641250 0.127424
vt 0.911614 0.084485
vt 0.914275 0.084479
vt 0.916937 0.084462
vt 0.646471 0.304063
vt 0.641250 0.305102
vt 0.852714 0.084485
vt 0.847391 0.084479
vt 0.646545 0.087785
vt 0.643911 0.088309
vt 0.641250 0.088839
vt 0.911614 0.043794
vt 0.914275 0.043799
vt 0.916937 0.043812
vt 0.646471 0.344726
vt 0.641250 0.343687
vt 0.852714 0.043794
vt 0.847391 0.043799
vt 0.630973 0.050191
vt 0.628740 0.051683
vt 0.626484 0.053191
vt 0.751168 0.498939
vt 0.748507 0.498928
vt 0.745846 0.498899
vt 0.087800 0.778341
vt 0.088839 0.773120
vt 0.911614 0.005818
vt 0.914275 0.005951
vt 0.916937 0.006312
vt 0.630910 0.382293
vt 0.626484 0.379335
vt 0.782649 0.740398
vt 0.779988 0.740398
vt 0.777326 0.740398
vt 0.005919 0.696461
vt 0.011141 0.695422
vt 0.852714 0.005818
vt 0.847391 0.005951
vt 0.602200 0.021417
vt 0.600707 0.023651
vt 0.599200 0.025907
vt 0.891250 0.371467
vt 0.891250 0.341964
vt 0.893911 0.341950
vt 0.893911 0.371364
vt 0.896572 0.341909
vt 0.896572 0.371083
vt 0.602158 0.411046
vt 0.599200 0.406619
vt 0.832350 0.341964
vt 0.832350 0.371467
vt 0.827027 0.371364
vt 0.827027 0.341950
vt 0.564605 0.005845
vt 0.564081 0.008480
vt 0.563552 0.011141
vt 0.891250 0.303977
vt 0.893911 0.303972
vt 0.896572 0.303959
vt 0.564590 0.426607
vt 0.563552 0.421385
vt 0.686027 0.649675
vt 0.686027 0.652336
vt 0.686027 0.654998
vt 0.260574 0.829346
vt 0.261921 0.824193
vt 0.832350 0.303977
vt 0.827027 0.303972
vt 0.523913 0.005845
vt 0.524437 0.008480
vt 0.524966 0.011141
vt 0.658209 0.429403
vt 0.678573 0.429403
vt 0.678598 0.432064
vt 0.658344 0.432064
vt 0.678666 0.434726
vt 0.658713 0.434726
vt 0.236281 0.737022
vt 0.260574 0.722394
vt 0.261921 0.727513
vt 0.239961 0.740736
vt 0.891250 0.263287
vt 0.893911 0.263293
vt 0.896572 0.263310
vt 0.523928 0.426607
vt 0.524966 0.421385
vt 0.841549 0.740398
vt 0.846871 0.740398
vt 0.441973 0.561003
vt 0.444607 0.560479
vt 0.447269 0.559950
vt 0.832350 0.263287
vt 0.827027 0.263293
vt 0.486319 0.021417
vt 0.487811 0.023651
vt 0.489318 0.025907
vt 0.891250 0.226090
vt 0.893911 0.226220
vt 0.896572 0.226574
vt 0.486361 0.411046
vt 0.489318 0.406619
vt 0.370135 0.775433
vt 0.397953 0.774165
vt 0.397953 0.776796
vt 0.370320 0.778047
vt 0.397953 0.779441
vt 0.370824 0.780647
vt 0.726301 0.773936
vt 0.724923 0.768792
vt 0.832350 0.226090
vt 0.827027 0.226220
vt 0.457545 0.050191
vt 0.459778 0.051683
vt 0.462035 0.053191
vt 0.751168 0.532782
vt 0.748507 0.532664
vt 0.745846 0.532341
vt 0.830432 0.153346
vt 0.830432 0.119503
vt 0.833094 0.119492
vt 0.833094 0.153228
vt 0.835755 0.119463
vt 0.835755 0.152906
vt 0.457608 0.382293
vt 0.462035 0.379335
vt 0.771533 0.119503
vt 0.771533 0.153346
vt 0.766210 0.153228
vt 0.766210 0.119492
vt 0.441973 0.087786
vt 0.444607 0.088309
vt 0.447269 0.088839
vt 0.922730 0.810575
vt 0.922730 0.782511
vt 0.928053 0.782495
vt 0.928053 0.810478
vt 0.630973 0.482717
vt 0.628740 0.484209
vt 0.626484 0.485717
vt 0.734209 0.451685
vt 0.734074 0.449023
vt 0.733705 0.446362
vt 0.697598 0.773936
vt 0.698976 0.768792
vt 0.863830 0.782511
vt 0.863830 0.810575
vt 0.861169 0.810478
vt 0.861169 0.782495
vt 0.858508 0.810210
vt 0.858508 0.782451
vt 0.210344 0.696461
vt 0.205122 0.695422
vt 0.922730 0.745300
vt 0.928053 0.745294
vt 0.646545 0.520312
vt 0.643911 0.520836
vt 0.641250 0.521365
vt 0.863830 0.745300
vt 0.861169 0.745294
vt 0.858508 0.745278
vt 0.210344 0.655798
vt 0.205122 0.656837
vt 0.922730 0.704610
vt 0.928053 0.704615
vt 0.646545 0.561003
vt 0.643911 0.560480
vt 0.641250 0.559950
vt 0.863830 0.704610
vt 0.861169 0.704615
vt 0.858508 0.704628
vt 0.194783 0.618231
vt 0.190356 0.621189
vt 0.706391 0.429403
vt 0.706391 0.432064
vt 0.706391 0.434726
vt 0.288625 0.722049
vt 0.287278 0.727202
vt 0.922730 0.666634
vt 0.928053 0.666766
vt 0.630973 0.598598
vt 0.628740 0.597106
vt 0.626484 0.595598
vt 0.425771 0.580329
vt 0.397953 0.579061
vt 0.397953 0.576447
vt 0.425587 0.577698
vt 0.397953 0.573847
vt 0.425083 0.575053
vt 0.222255 0.762013
vt 0.227283 0.763327
vt 0.863830 0.666634
vt 0.861169 0.666766
vt 0.858508 0.667128
vt 0.166030 0.589478
vt 0.163072 0.593905
vt 0.891250 0.530631
vt 0.891250 0.501128
vt 0.896572 0.501114
vt 0.896572 0.530528
vt 0.602200 0.627372
vt 0.600708 0.625138
vt 0.599200 0.622882
vt 0.832350 0.501128
vt 0.832350 0.530631
vt 0.829689 0.530528
vt 0.829689 0.501114
vt 0.827027 0.530247
vt 0.827027 0.501073
vt 0.128463 0.573917
vt 0.127424 0.579139
vt 0.891250 0.463141
vt 0.896572 0.463136
vt 0.564605 0.642944
vt 0.564081 0.640310
vt 0.563552 0.637648
vt 0.425771 0.775433
vt 0.425587 0.778047
vt 0.425083 0.780647
vt 0.832350 0.463141
vt 0.829689 0.463136
vt 0.827027 0.463123
vt 0.087800 0.573917
vt 0.088839 0.579139
vt 0.706391 0.231413
vt 0.706391 0.228751
vt 0.706391 0.226090
vt 0.765512 0.706022
vt 0.760367 0.707401
vt 0.891250 0.422451
vt 0.896572 0.422457
vt 0.523913 0.642944
vt 0.524437 0.640310
vt 0.524967 0.637648
vt 0.832350 0.422451
vt 0.829689 0.422457
vt 0.827027 0.422474
vt 0.050233 0.589478
vt 0.053191 0.593905
vt 0.891250 0.385254
vt 0.896572 0.385384
vt 0.486319 0.627372
vt 0.487811 0.625138
vt 0.489319 0.622882
vt 0.832350 0.385254
vt 0.829689 0.385384
vt 0.827027 0.385738
vt 0.021480 0.618231
vt 0.025907 0.621189
vt 0.841549 0.814162
vt 0.841549 0.780318
vt 0.846871 0.780308
vt 0.846871 0.814044
vt 0.457545 0.598598
vt 0.459778 0.597106
vt 0.462035 0.595598
vt 0.370135 0.580329
vt 0.370320 0.577698
vt 0.370824 0.575053
vt 0.782649 0.780318
vt 0.782649 0.814162
vt 0.779988 0.814044
vt 0.779988 0.780308
vt 0.777326 0.813721
vt 0.777326 0.780279
vt 0.005919 0.655798
vt 0.011141 0.656837
vt 0.658209 0.451685
vt 0.658393 0.449023
vt 0.658898 0.446362
vt 0.658387 0.706022
vt 0.663532 0.707401
vt 0.658209 0.649675
vt 0.658393 0.652336
vt 0.658898 0.654998
vt 0.288625 0.829001
vt 0.287278 0.823881
vt 0.754574 0.011141
vt 0.734209 0.011141
vt 0.734185 0.008480
vt 0.754438 0.008480
vt 0.734117 0.005818
vt 0.754069 0.005818
vt 0.672739 0.681164
vt 0.676505 0.684930
vt 0.734209 0.209131
vt 0.754574 0.209131
vt 0.754439 0.211792
vt 0.734185 0.211792
vt 0.754069 0.214454
vt 0.734117 0.214454
vt 0.312919 0.814373
vt 0.309238 0.810658
vt 0.706391 0.011141
vt 0.706391 0.008480
vt 0.706391 0.005818
vt 0.697598 0.666812
vt 0.698976 0.671956
vt 0.706391 0.209131
vt 0.706391 0.211792
vt 0.706391 0.214454
vt 0.326944 0.789382
vt 0.321917 0.788068
vt 0.678573 0.011141
vt 0.678598 0.008480
vt 0.678665 0.005818
vt 0.726301 0.666812
vt 0.724923 0.671956
vt 0.678573 0.209131
vt 0.678598 0.211792
vt 0.678666 0.214454
vt 0.326944 0.760724
vt 0.321917 0.762163
vt 0.658209 0.011141
vt 0.658344 0.008480
vt 0.658713 0.005818
vt 0.751160 0.681164
vt 0.747393 0.684930
vt 0.658209 0.209131
vt 0.658344 0.211792
vt 0.658713 0.214454
vt 0.312919 0.736079
vt 0.309238 0.739884
vt 0.734209 0.231413
vt 0.734025 0.228751
vt 0.733521 0.226090
vt 0.734209 0.429403
vt 0.734025 0.432064
vt 0.733521 0.434726
s 1
usemtl BB_PaintedIron
f 481/1/225 484/2/228 486/3/230 485/4/229
f 484/2/228 488/5/232 489/6/233 486/3/230
f 482/7/226 487/8/231 489/6/233 488/5/232
f 487/8/231 491/9/235 492/10/236 489/6/233
f 483/11/227 490/12/234 492/13/236 491/14/235
f 490/15/234 485/4/229 486/3/230 492/10/236
f 486/3/230 489/6/233 492/10/236
f 493/16/237 496/17/240 498/18/242 497/19/241
f 496/17/240 500/20/244 501/21/245 498/18/242
f 494/22/238 499/23/243 501/24/245 500/25/244
f 499/26/243 503/27/247 504/28/248 501/21/245
f 495/29/239 502/30/246 504/28/248 503/27/247
f 502/30/246 497/19/241 498/18/242 504/28/248
f 498/18/242 501/21/245 504/28/248
f 505/31/249 508/32/252 510/33/254 509/34/253
f 508/35/252 512/36/256 513/37/257 510/38/254
f 506/39/250 511/40/255 513/37/257 512/36/256
f 511/41/255 515/42/259 516/43/260 513/44/257
f 507/45/251 514/46/258 516/43/260 515/42/259
f 514/46/258 509/47/253 510/48/254 516/43/260
f 510/38/254 513/37/257 516/49/260
f 517/50/261 520/51/264 522/52/266 521/53/265
f 520/54/264 524/55/268 525/56/269 522/57/266
f 518/58/262 523/59/267 525/56/269 524/55/268
f 523/59/267 527/60/271 528/61/272 525/56/269
f 519/62/263 526/63/270 528/64/272 527/65/271
f 526/63/270 521/66/265 522/67/266 528/64/272
f 522/57/266 525/56/269 528/61/272
f 529/45/273 532/68/276 534/69/278 533/70/277
f 532/68/276 536/71/280 537/72/281 534/69/278
f 530/73/274 535/74/279 537/72/281 536/71/280
f 535/74/279 539/75/283 540/76/284 537/72/281
f 531/77/275 538/78/282 540/79/284 539/80/283
f 538/81/282 533/70/277 534/69/278 540/76/284
f 534/69/278 537/72/281 540/76/284
f 541/58/285 544/82/288 546/83/290 545/84/289
f 544/82/288 548/85/292 549/86/293 546/83/290
f 542/87/286 547/88/291 549/89/293 548/90/292
f 547/91/291 551/92/295 552/93/296 549/86/293
f 543/94/287 550/95/294 552/93/296 551/92/295
f 550/95/294 545/84/289 546/83/290 552/93/296
f 546/83/290 549/86/293 552/93/296
f 553/96/297 556/97/300 558/98/302 557/99/301
f 556/100/300 560/101/304 561/102/305 558/103/302
f 554/104/298 559/105/303 561/102/305 560/101/304
f 559/105/303 563/106/307 564/107/308 561/102/305
f 555/108/299 562/109/306 564/110/308 563/111/307
f 562/112/306 557/99/301 558/98/302 564/113/308
f 558/103/302 561/102/305 564/107/308
f 565/94/309 568/114/312 570/115/314 569/116/313
f 568/114/312 572/117/316 573/118/317 570/115/314
f 566/119/310 571/120/315 573/121/317 572/122/316
f 571/123/315 575/124/319 576/125/320 573/126/317
f 567/127/311 574/128/318 576/125/320 575/124/319
f 574/128/318 569/129/313 570/130/314 576/125/320
f 570/115/314 573/118/317 576/131/320
f 577/132/321 580/133/324 582/134/326 581/135/325
f 580/136/324 584/137/328 585/138/329 582/139/326
f 578/140/322 583/141/327 585/138/329 584/137/328
f 583/141/327 587/142/331 588/143/332 585/138/329
f 579/144/323 586/145/330 588/143/332 587/142/331
f 586/145/330 581/146/325 582/139/326 588/143/332
f 582/139/326 585/138/329 588/143/332
f 589/147/333 592/148/336 594/149/338 593/150/337
f 592/151/336 596/152/340 597/153/341 594/154/338
f 590/155/334 595/156/339 597/153/341 596/152/340
f 595/156/339 599/157/343 600/158/344 597/153/341
f 591/159/335 598/160/342 600/158/344 599/157/343
f 598/160/342 593/161/337 594/154/338 600/158/344
f 594/154/338 597/153/341 600/158/344
f 601/162/345 604/163/348 606/164/350 605/165/349
f 604/166/348 608/167/352 609/168/353 606/169/350
f 602/170/346 607/171/351 609/168/353 608/167/352
f 607/171/351 611/172/355 612/173/356 609/168/353
f 603/174/347 610/175/354 612/176/356 611/177/355
f 610/175/354 605/178/349 606/179/350 612/176/356
f 606/169/350 609/168/353 612/173/356
f 613/180/357 616/181/360 618/182/362 617/183/361
f 616/184/360 620/185/364 621/186/365 618/187/362
f 614/188/358 619/189/363 621/186/365 620/185/364
f 619/190/363 623/191/367 624/192/368 621/193/365
f 615/194/359 622/195/366 624/192/368 623/191/367
f 622/195/366 617/196/361 618/197/362 624/192/368
f 618/187/362 621/186/365 624/198/368
f 625/199/369 628/200/372 630/201/374 629/202/373
f 628/203/372 632/204/376 633/205/377 630/206/374
f 626/207/370 631/208/375 633/205/377 632/204/376
f 631/208/375 635/209/379 636/210/380 633/205/377
f 627/211/371 634/212/378 636/210/380 635/209/379
f 634/212/378 629/213/373 630/206/374 636/210/380
f 630/206/374 633/205/377 636/210/380
f 637/214/381 640/215/384 642/216/386 641/217/385
f 640/218/384 644/219/388 645/220/389 642/221/386
f 638/222/382 643/223/387 645/220/389 644/219/388
f 643/223/387 647/224/391 648/225/392 645/220/389
f 639/226/383 646/227/390 648/225/392 647/224/391
f 646/227/390 641/228/385 642/221/386 648/225/392
f 642/221/386 645/220/389 648/225/392
f 649/229/393 652/230/396 654/231/398 653/232/397
f 652/233/396 656/234/400 657/235/401 654/236/398
f 650/237/394 655/238/399 657/235/401 656/234/400
f 655/238/399 659/239/403 660/240/404 657/235/401
f 651/241/395 658/242/402 660/243/404 659/244/403
f 658/242/402 653/245/397 654/246/398 660/243/404
f 654/236/398 657/235/401 660/240/404
f 661/247/405 664/248/408 666/249/410 665/250/409
f 664/251/408 668/252/412 669/253/413 666/254/410
f 662/255/406 667/256/411 669/253/413 668/252/412
f 667/257/411 671/258/415 672/259/416 669/260/413
f 663/261/407 670/262/414 672/259/416 671/258/415
f 670/262/414 665/263/409 666/264/410 672/259/416
f 666/254/410 669/253/413 672/265/416
f 673/266/417 676/267/420 678/268/422 677/269/421
f 676/267/420 680/270/424 681/271/425 678/268/422
f 674/272/418 679/273/423 681/271/425 680/270/424
f 679/273/423 683/274/427 684/275/428 681/271/425
f 675/276/419 682/277/426 684/278/428 683/279/427
f 682/280/426 677/269/421 678/268/422 684/275/428
f 678/268/422 681/271/425 684/275/428
f 685/281/429 688/282/432 690/283/434 689/284/433
f 688/285/432 692/286/436 693/287/437 690/288/434
f 686/289/430 691/290/435 693/287/437 692/286/436
f 691/290/435 695/291/439 696/292/440 693/287/437
f 687/293/431 694/294/438 696/292/440 695/291/439
f 694/294/438 689/295/433 690/288/434 696/292/440
f 690/288/434 693/287/437 696/292/440
f 697/296/441 700/297/444 702/298/446 701/299/445
f 700/297/444 704/300/448 705/301/449 702/298/446
f 698/302/442 703/303/447 705/304/449 704/305/448
f 703/306/447 707/307/451 708/308/452 705/309/449
f 699/272/443 706/310/450 708/308/452 707/307/451
f 706/310/450 701/311/445 702/312/446 708/308/452
f 702/298/446 705/301/449 708/313/452
f 709/314/453 712/315/456 714/316/458 713/317/457
f 712/318/456 716/319/460 717/320/461 714/321/458
f 710/289/454 715/322/459 717/320/461 716/319/460
f 715/322/459 719/323/463 720/324/464 717/320/461
f 711/325/455 718/326/462 720/327/464 719/328/463
f 718/329/462 713/317/457 714/316/458 720/330/464
f 714/321/458 717/320/461 720/324/464
f 721/296/465 724/331/468 726/332/470 725/333/469
f 724/331/468 728/334/472 729/335/473 726/332/470
f 722/336/466 727/337/471 729/335/473 728/334/472
f 727/337/471 731/338/475 732/339/476 729/335/473
f 723/340/467 730/341/474 732/342/476 731/343/475
f 730/344/474 725/333/469 726/332/470 732/339/476
f 726/332/470 729/335/473 732/339/476
f 733/345/477 736/346/480 738/347/482 737/348/481
f 736/349/480 740/350/484 741/351/485 738/352/482
f 734/353/478 739/354/483 741/351/485 740/350/484
f 739/354/483 743/355/487 744/356/488 741/351/485
f 735/357/479 742/358/486 744/356/488 743/355/487
f 742/358/486 737/359/481 738/352/482 744/356/488
f 738/352/482 741/351/485 744/356/488
f 745/360/489 748/361/492 750/362/494 749/363/493
f 748/364/492 752/365/496 753/366/497 750/367/494
f 746/368/490 751/369/495 753/366/497 752/365/496
f 751/370/495 755/371/499 756/372/500 753/373/497
f 747/374/491 754/375/498 756/372/500 755/371/499
f 754/375/498 749/376/493 750/377/494 756/372/500
f 750/367/494 753/366/497 756/378/500
f 757/379/501 760/380/504 762/381/506 761/382/505
f 760/383/504 764/384/508 765/385/509 762/386/506
f 758/387/502 763/388/507 765/385/509 764/384/508
f 763/388/507 767/389/511 768/390/512 765/385/509
f 759/391/503 766/392/510 768/393/512 767/394/511
f 766/392/510 761/395/505 762/396/506 768/393/512
f 762/386/506 765/385/509 768/390/512
f 769/397/513 772/398/516 774/399/518 773/400/517
f 772/401/516 776/402/520 777/403/521 774/404/518
f 770/374/514 775/405/519 777/403/521 776/402/520
f 775/405/519 779/406/523 780/407/524 777/403/521
f 771/408/515 778/409/522 780/407/524 779/406/523
f 778/409/522 773/410/517 774/404/518 780/407/524
f 774/404/518 777/403/521 780/407/524
f 781/411/525 784/412/528 786/413/530 785/414/529
f 784/415/528 788/416/532 789/417/533 786/418/530
f 782/419/526 787/420/531 789/417/533 788/416/532
f 787/420/531 791/421/535 792/422/536 789/417/533
f 783/387/527 790/423/534 792/422/536 791/421/535
f 790/423/534 785/424/529 786/418/530 792/422/536
f 786/418/530 789/417/533 792/422/536
f 793/425/537 796/426/540 798/427/542 797/428/541
f 796/429/540 800/430/544 801/431/545 798/432/542
f 794/408/538 799/433/543 801/431/545 800/430/544
f 799/433/543 803/434/547 804/435/548 801/431/545
f 795/436/539 802/437/546 804/438/548 803/439/547
f 802/437/546 797/440/541 798/441/542 804/438/548
f 798/432/542 801/431/545 804/435/548
f 805/442/549 808/443/552 810/444/554 809/445/553
f 808/446/552 812/447/556 813/448/557 810/449/554
f 806/450/550 811/451/555 813/448/557 812/447/556
f 811/452/555 815/453/559 816/454/560 813/455/557
f 807/419/551 814/456/558 816/454/560 815/453/559
f 814/456/558 809/457/553 810/458/554 816/454/560
f 810/449/554 813/448/557 816/459/560
f 817/460/561 820/461/564 822/462/566 821/463/565
f 820/464/564 824/465/568 825/466/569 822/467/566
f 818/436/562 823/468/567 825/466/569 824/465/568
f 823/468/567 827/469/571 828/470/572 825/466/569
f 819/471/563 826/472/570 828/470/572 827/469/571
f 826/472/570 821/473/565 822/467/566 828/470/572
f 822/467/566 825/466/569 828/470/572
f 829/474/573 832/475/576 834/476/578 833/477/577
f 832/478/576 836/479/580 837/480/581 834/481/578
f 830/482/574 835/483/579 837/480/581 836/479/580
f 835/483/579 839/484/583 840/485/584 837/480/581
f 831/450/575 838/486/582 840/485/584 839/484/583
f 838/486/582 833/487/577 834/481/578 840/485/584
f 834/481/578 837/480/581 840/485/584
f 841/488/585 844/489/588 846/490/590 845/491/589
f 844/492/588 848/493/592 849/494/593 846/495/590
f 842/496/586 847/497/591 849/494/593 848/493/592
f 847/498/591 851/499/595 852/500/596 849/501/593
f 843/266/587 850/502/594 852/500/596 851/499/595
f 850/502/594 845/503/589 846/504/590 852/500/596
f 846/495/590 849/494/593 852/505/596
f 853/506/597 856/507/600 858/508/602 857/509/601
f 856/510/600 860/511/604 861/512/605 858/513/602
f 854/293/598 859/514/603 861/512/605 860/511/604
f 859/514/603 863/515/607 864/516/608 861/512/605
f 855/517/599 862/518/606 864/519/608 863/520/607
f 862/518/606 857/521/601 858/522/602 864/519/608
f 858/513/602 861/512/605 864/516/608
f 865/523/609 868/524/612 870/525/614 869/526/613
f 868/524/612 872/527/616 873/528/617 870/525/614
f 866/529/610 871/530/615 873/528/617 872/527/616
f 871/530/615 875/531/619 876/532/620 873/528/617
f 867/533/611 874/534/618 876/535/620 875/536/619
f 874/537/618 869/526/613 870/525/614 876/532/620
f 870/525/614 873/528/617 876/532/620
f 877/538/621 880/539/624 882/540/626 881/541/625
f 880/542/624 884/543/628 885/544/629 882/545/626
f 878/546/622 883/547/627 885/544/629 884/543/628
f 883/547/627 887/548/631 888/549/632 885/544/629
f 879/550/623 886/551/630 888/549/632 887/548/631
f 886/551/630 881/552/625 882/545/626 888/549/632
f 882/545/626 885/544/629 888/549/632
f 889/553/633 892/554/636 894/555/638 893/556/637
f 892/554/636 896/557/640 897/558/641 894/555/638
f 890/559/634 895/560/639 897/561/641 896/562/640
f 895/563/639 899/564/643 900/565/644 897/566/641
f 891/529/635 898/567/642 900/565/644 899/564/643
f 898/568/642 893/556/637 894/555/638 900/569/644
f 894/555/638 897/558/641 900/569/644
f 901/570/645 904/571/648 906/572/650 905/573/649
f 904/571/648 908/574/652 909/575/653 906/572/650
f 902/546/646 907/576/651 909/577/653 908/578/652
f 907/576/651 911/579/655 912/580/656 909/577/653
f 903/581/647 910/582/654 912/583/656 911/584/655
f 910/585/654 905/573/649 906/572/650 912/586/656
f 906/572/650 909/575/653 912/586/656
f 913/587/657 916/588/660 918/589/662 917/590/661
f 916/588/660 920/591/664 921/592/665 918/589/662
f 914/593/658 919/594/663 921/592/665 920/591/664
f 919/594/663 923/595/667 924/596/668 921/592/665
f 915/597/659 922/598/666 924/599/668 923/600/667
f 922/601/666 917/590/661 918/589/662 924/596/668
f 918/589/662 921/592/665 924/596/668
f 925/602/669 928/603/672 930/604/674 929/605/673
f 928/603/672 932/606/676 933/607/677 930/604/674
f 926/608/670 931/609/675 933/607/677 932/606/676
f 931/609/675 935/610/679 936/611/680 933/607/677
f 927/612/671 934/613/678 936/614/680 935/615/679
f 934/616/678 929/605/673 930/604/674 936/611/680
f 930/604/674 933/607/677 936/611/680
f 937/617/681 940/618/684 942/619/686 941/620/685
f 940/621/684 944/622/688 945/623/689 942/624/686
f 938/625/682 943/626/687 945/623/689 944/622/688
f 943/626/687 947/627/691 948/628/692 945/623/689
f 939/629/683 946/630/690 948/631/692 947/632/691
f 946/630/690 941/633/685 942/634/686 948/631/692
f 942/624/686 945/623/689 948/628/692
f 949/635/693 952/636/696 954/637/698 953/638/697
f 952/639/696 956/640/700 957/641/701 954/642/698
f 950/643/694 955/644/699 957/641/701 956/640/700
f 955/645/699 959/646/703 960/647/704 957/648/701
f 951/649/695 958/650/702 960/647/704 959/646/703
f 958/650/702 953/651/697 954/652/698 960/647/704
f 954/642/698 957/641/701 960/653/704
f 961/654/705 964/655/708 966/656/710 965/657/709
f 964/658/708 968/659/712 969/660/713 966/661/710
f 962/629/706 967/662/711 969/660/713 968/659/712
f 967/662/711 971/663/715 972/664/716 969/660/713
f 963/665/707 970/666/714 972/664/716 971/663/715
f 970/666/714 965/667/709 966/661/710 972/664/716
f 966/661/710 969/660/713 972/664/716
f 973/668/717 976/669/720 978/670/722 977/671/721
f 976/672/720 980/673/724 981/674/725 978/675/722
f 974/676/718 979/677/723 981/674/725 980/673/724
f 979/677/723 983/678/727 984/679/728 981/674/725
f 975/643/719 982/680/726 984/679/728 983/678/727
f 982/680/726 977/681/721 978/675/722 984/679/728
f 978/675/722 981/674/725 984/679/728
f 985/682/729 988/683/732 990/684/734 989/685/733
f 988/686/732 992/687/736 993/688/737 990/689/734
f 986/665/730 991/690/735 993/688/737 992/687/736
f 991/690/735 995/691/739 996/692/740 993/688/737
f 987/693/731 994/694/738 996/695/740 995/696/739
f 994/694/738 989/697/733 990/698/734 996/695/740
f 990/689/734 993/688/737 996/692/740
f 997/699/741 1000/700/744 1002/701/746 1001/702/745
f 1000/703/744 1004/704/748 1005/705/749 1002/706/746
f 998/707/742 1003/708/747 1005/705/749 1004/704/748
f 1003/709/747 1007/710/751 1008/711/752 1005/712/749
f 999/676/743 1006/713/750 1008/711/752 1007/710/751
f 1006/713/750 1001/714/745 1002/715/746 1008/711/752
f 1002/706/746 1005/705/749 1008/716/752
f 1009/717/753 1012/718/756 1014/719/758 1013/720/757
f 1012/721/756 1016/722/760 1017/723/761 1014/724/758
f 1010/725/754 1015/726/759 1017/723/761 1016/722/760
f 1015/726/759 1019/727/763 1020/728/764 1017/723/761
f 1011/729/755 1018/730/762 1020/728/764 1019/727/763
f 1018/730/762 1013/731/757 1014/724/758 1020/728/764
f 1014/724/758 1017/723/761 1020/728/764
f 1021/732/765 1024/733/768 1026/734/770 1025/735/769
f 1024/736/768 1028/737/772 1029/738/773 1026/739/770
f 1022/740/766 1027/741/771 1029/738/773 1028/737/772
f 1027/741/771 1031/742/775 1032/743/776 1029/738/773
f 1023/707/767 1030/744/774 1032/743/776 1031/742/775
f 1030/744/774 1025/745/769 1026/739/770 1032/743/776
f 1026/739/770 1029/738/773 1032/743/776
f 1033/746/777 1036/747/780 1038/748/782 1037/749/781
f 1036/750/780 1040/751/784 1041/752/785 1038/753/782
f 1034/729/778 1039/754/783 1041/752/785 1040/751/784
f 1039/755/783 1043/756/787 1044/757/788 1041/758/785
f 1035/523/779 1042/759/786 1044/757/788 1043/756/787
f 1042/759/786 1037/760/781 1038/761/782 1044/757/788
f 1038/753/782 1041/752/785 1044/762/788
f 1045/763/789 1048/764/792 1050/765/794 1049/766/793
f 1048/767/792 1052/768/796 1053/769/797 1050/770/794
f 1046/550/790 1051/771/795 1053/769/797 1052/768/796
f 1051/771/795 1055/772/799 1056/773/800 1053/769/797
f 1047/740/791 1054/774/798 1056/775/800 1055/776/799
f 1054/774/798 1049/777/793 1050/778/794 1056/775/800
f 1050/770/794 1053/769/797 1056/773/800
f 1057/779/239 1060/780/246 1062/781/248 1061/782/247
f 1060/780/246 1064/783/241 1065/784/242 1062/781/248
f 1058/785/237 1063/786/240 1065/784/242 1064/783/241
f 1063/786/240 1067/787/244 1068/788/245 1065/784/242
f 1059/789/238 1066/790/243 1068/791/245 1067/792/244
f 1066/793/243 1061/782/247 1062/781/248 1068/788/245
f 1062/781/248 1065/784/242 1068/788/245
f 1069/794/226 1072/795/231 1074/796/233 1073/797/232
f 1072/795/231 1076/798/235 1077/799/236 1074/796/233
f 1070/800/227 1075/801/234 1077/802/236 1076/803/235
f 1075/804/234 1079/805/229 1080/806/230 1077/799/236
f 1071/807/225 1078/808/228 1080/806/230 1079/805/229
f 1078/808/228 1073/797/232 1074/796/233 1080/806/230
f 1074/796/233 1077/799/236 1080/806/230
f 1081/809/407 1084/810/414 1086/811/416 1085/812/415
f 1084/810/414 1088/813/409 1089/814/410 1086/811/416
f 1082/815/405 1087/816/408 1089/817/410 1088/818/409
f 1087/819/408 1091/820/412 1092/821/413 1089/822/410
f 1083/823/406 1090/824/411 1092/821/413 1091/820/412
f 1090/824/411 1085/825/415 1086/826/416 1092/821/413
f 1086/811/416 1089/814/410 1092/827/413
f 1093/828/393 1096/829/396 1098/830/398 1097/831/397
f 1096/832/396 1100/833/400 1101/834/401 1098/835/398
f 1094/836/394 1099/837/399 1101/834/401 1100/833/400
f 1099/838/399 1103/839/403 1104/840/404 1101/841/401
f 1095/842/395 1102/843/402 1104/840/404 1103/839/403
f 1102/843/402 1097/844/397 1098/845/398 1104/840/404
f 1098/835/398 1101/834/401 1104/846/404
f 1105/847/381 1108/848/384 1110/849/386 1109/850/385
f 1108/851/384 1112/852/388 1113/853/389 1110/854/386
f 1106/855/382 1111/856/387 1113/853/389 1112/852/388
f 1111/856/387 1115/857/391 1116/858/392 1113/853/389
f 1107/859/383 1114/860/390 1116/858/392 1115/857/391
f 1114/860/390 1109/861/385 1110/854/386 1116/858/392
f 1110/854/386 1113/853/389 1116/858/392
f 1117/862/370 1120/863/375 1122/864/377 1121/865/376
f 1120/863/375 1124/866/379 1125/867/380 1122/864/377
f 1118/868/371 1123/869/378 1125/867/380 1124/866/379
f 1123/869/378 1127/870/373 1128/871/374 1125/867/380
f 1119/872/369 1126/873/372 1128/874/374 1127/875/373
f 1126/876/372 1121/865/376 1122/864/377 1128/871/374
f 1122/864/377 1125/867/380 1128/871/374
f 1129/877/357 1132/878/360 1134/879/362 1133/880/361
f 1132/881/360 1136/882/364 1137/883/365 1134/884/362
f 1130/885/358 1135/886/363 1137/883/365 1136/882/364
f 1135/887/363 1139/888/367 1140/889/368 1137/890/365
f 1131/891/359 1138/892/366 1140/889/368 1139/888/367
f 1138/892/366 1133/893/361 1134/894/362 1140/889/368
f 1134/884/362 1137/883/365 1140/895/368
f 1141/896/345 1144/897/348 1146/898/350 1145/899/349
f 1144/900/348 1148/901/352 1149/902/353 1146/903/350
f 1142/904/346 1147/905/351 1149/902/353 1148/901/352
f 1147/905/351 1151/906/801 1152/907/356 1149/902/353
f 1143/862/347 1150/908/354 1152/909/356 1151/910/801
f 1150/908/354 1145/911/349 1146/912/350 1152/909/356
f 1146/903/350 1149/902/353 1152/907/356
f 1153/913/333 1156/914/336 1158/915/338 1157/916/337
f 1156/917/336 1160/918/340 1161/919/341 1158/920/338
f 1154/891/334 1159/921/339 1161/919/341 1160/918/340
f 1159/921/339 1163/922/343 1164/923/344 1161/919/341
f 1155/924/335 1162/925/342 1164/923/344 1163/922/343
f 1162/925/342 1157/926/337 1158/920/338 1164/923/344
f 1158/920/338 1161/919/341 1164/923/344
f 1165/927/321 1168/928/324 1170/929/326 1169/930/325
f 1168/931/324 1172/932/328 1173/933/329 1170/934/326
f 1166/935/322 1171/936/327 1173/933/329 1172/932/328
f 1171/936/327 1175/937/331 1176/938/332 1173/933/329
f 1167/939/323 1174/940/330 1176/938/332 1175/937/331
f 1174/940/330 1169/941/325 1170/934/326 1176/938/332
f 1170/934/326 1173/933/329 1176/938/332
f 1177/942/310 1180/943/315 1182/944/317 1181/945/316
f 1180/946/315 1184/947/319 1185/948/320 1182/949/317
f 1178/950/311 1183/951/318 1185/948/320 1184/947/319
f 1183/951/318 1187/952/313 1188/953/802 1185/948/320
f 1179/954/309 1186/955/312 1188/956/802 1187/957/313
f 1186/955/312 1181/958/316 1182/959/317 1188/956/802
f 1182/949/317 1185/948/320 1188/953/802
f 1189/960/299 1192/961/306 1194/962/308 1193/963/307
f 1192/964/306 1196/965/301 1197/966/302 1194/967/308
f 1190/968/297 1195/969/300 1197/966/302 1196/965/301
f 1195/970/300 1199/971/304 1200/972/305 1197/973/302
f 1191/974/298 1198/975/303 1200/972/305 1199/971/304
f 1198/975/303 1193/976/307 1194/977/308 1200/972/305
f 1194/967/308 1197/966/302 1200/978/305
f 1201/979/286 1204/980/291 1206/981/293 1205/982/292
f 1204/983/291 1208/984/295 1209/985/296 1206/986/293
f 1202/987/287 1207/988/294 1209/985/296 1208/984/295
f 1207/988/294 1211/989/289 1212/990/290 1209/985/296
f 1203/991/285 1210/992/288 1212/990/290 1211/989/289
f 1210/992/288 1205/993/292 1206/986/293 1212/990/290
f 1206/986/293 1209/985/296 1212/990/290
f 1213/994/275 1216/995/282 1218/996/284 1217/997/283
f 1216/998/282 1220/999/277 1221/1000/278 1218/1001/284
f 1214/1002/273 1219/1003/276 1221/1000/278 1220/999/277
f 1219/1003/276 1223/1004/280 1224/1005/281 1221/1000/278
f 1215/968/274 1222/1006/279 1224/1005/281 1223/1004/280
f 1222/1006/279 1217/1007/283 1218/1001/284 1224/1005/281
f 1218/1001/284 1221/1000/278 1224/1005/281
f 1225/1008/261 1228/1009/264 1230/1010/266 1229/1011/265
f 1228/1012/264 1232/1013/268 1233/1014/269 1230/1015/266
f 1226/1016/262 1231/1017/267 1233/1014/269 1232/1013/268
f 1231/1018/267 1235/1019/271 1236/1020/272 1233/1021/269
f 1227/1022/263 1234/1023/270 1236/1020/272 1235/1019/271
f 1234/1023/270 1229/1024/265 1230/1025/266 1236/1020/272
f 1230/1015/266 1233/1014/269 1236/1026/272
f 1237/1027/249 1240/1028/252 1242/1029/254 1241/1030/253
f 1240/1031/252 1244/1032/256 1245/1033/257 1242/1034/254
f 1238/1035/250 1243/1036/255 1245/1033/257 1244/1032/256
f 1243/1036/255 1247/1037/803 1248/1038/260 1245/1033/257
f 1239/1039/251 1246/1040/258 1248/1041/260 1247/1042/803
f 1246/1040/258 1241/1043/253 1242/1044/254 1248/1041/260
f 1242/1034/254 1245/1033/257 1248/1038/260
f 1249/1045/804 1252/1046/435 1254/1047/437 1253/1048/807
f 1252/1046/435 1256/1049/439 1257/1050/440 1254/1047/437
f 1250/1051/805 1255/1052/808 1257/1050/440 1256/1049/439
f 1255/1052/808 1259/1053/810 1260/1054/434 1257/1050/440
f 1251/1055/806 1258/1056/809 1260/1057/434 1259/1058/810
f 1258/1059/809 1253/1048/807 1254/1047/437 1260/1054/434
f 1254/1047/437 1257/1050/440 1260/1054/434
f 1261/1060/811 1264/1061/613 1266/1062/425 1265/1063/424
f 1264/1061/613 1268/1064/815 1269/1065/428 1266/1062/425
f 1262/1066/812 1267/1067/814 1269/1068/428 1268/1069/815
f 1267/1070/814 1271/1071/816 1272/1072/422 1269/1065/428
f 1263/1073/813 1270/1074/420 1272/1072/422 1271/1071/816
f 1270/1074/420 1265/1063/424 1266/1062/425 1272/1072/422
f 1266/1062/425 1269/1065/428 1272/1072/422
f 1273/1075/817 1276/1076/820 1278/1077/822 1277/1078/821
f 1276/1076/820 1280/1079/824 1281/1080/825 1278/1077/822
f 1274/1081/818 1279/1082/823 1281/1083/825 1280/1084/824
f 1279/1085/823 1283/1086/827 1284/1087/828 1281/1088/825
f 1275/1051/819 1282/1089/826 1284/1087/828 1283/1086/827
f 1282/1089/826 1277/1090/821 1278/1091/822 1284/1087/828
f 1278/1077/822 1281/1080/825 1284/1092/828
f 1285/1093/829 1288/1094/832 1290/1095/834 1289/1096/833
f 1288/1097/832 1292/1098/836 1293/1099/837 1290/1100/834
f 1286/1073/830 1291/1101/835 1293/1099/837 1292/1098/836
f 1291/1101/835 1295/1102/839 1296/1103/840 1293/1099/837
f 1287/1104/831 1294/1105/838 1296/1106/840 1295/1107/839
f 1294/1108/838 1289/1096/833 1290/1095/834 1296/1109/840
f 1290/1100/834 1293/1099/837 1296/1103/840
f 1297/1110/841 1300/1111/844 1302/1112/578 1301/1113/845
f 1300/1114/844 1304/1115/846 1305/1116/581 1302/1117/578
f 1298/1075/842 1303/1118/579 1305/1116/581 1304/1115/846
f 1303/1118/579 1307/1119/583 1308/1120/584 1305/1116/581
f 1299/1121/843 1306/1122/847 1308/1120/584 1307/1119/583
f 1306/1122/847 1301/1123/845 1302/1117/578 1308/1120/584
f 1302/1117/578 1305/1116/581 1308/1120/584
f 1309/1124/848 1312/1125/567 1314/1126/569 1313/1127/851
f 1312/1125/567 1316/1128/571 1317/1129/572 1314/1126/569
f 1310/1093/849 1315/1130/852 1317/1129/572 1316/1128/571
f 1315/1130/852 1319/1131/854 1320/1132/566 1317/1129/572
f 1311/1133/850 1318/1134/853 1320/1135/566 1319/1136/854
f 1318/1137/853 1313/1127/851 1314/1126/569 1320/1132/566
f 1314/1126/569 1317/1129/572 1320/1132/566
f 1321/1138/855 1324/1139/858 1326/1140/860 1325/1141/859
f 1324/1142/858 1328/1143/862 1329/1144/863 1326/1145/860
f 1322/1121/856 1327/1146/861 1329/1144/863 1328/1143/862
f 1327/1147/861 1331/1148/865 1332/1149/866 1329/1150/863
f 1323/1151/857 1330/1152/864 1332/1149/866 1331/1148/865
f 1330/1152/864 1325/1153/859 1326/1154/860 1332/1149/866
f 1326/1145/860 1329/1144/863 1332/1155/866
f 1333/1156/867 1336/1157/870 1338/1158/872 1337/1159/871
f 1336/1160/870 1340/1161/874 1341/1162/875 1338/1163/872
f 1334/1164/868 1339/1165/873 1341/1162/875 1340/1161/874
f 1339/1165/873 1343/1166/877 1344/1167/878 1341/1162/875
f 1335/1168/869 1342/1169/876 1344/1170/878 1343/1171/877
f 1342/1169/876 1337/1172/871 1338/1173/872 1344/1170/878
f 1338/1163/872 1341/1162/875 1344/1167/878
f 1345/1174/879 1348/1175/882 1350/1176/530 1349/1177/883
f 1348/1178/882 1352/1179/884 1353/1180/533 1350/1181/530
f 1346/1151/880 1351/1182/531 1353/1180/533 1352/1179/884
f 1351/1182/531 1355/1183/535 1356/1184/536 1353/1180/533
f 1347/1185/881 1354/1186/885 1356/1184/536 1355/1183/535
f 1354/1186/885 1349/1187/883 1350/1181/530 1356/1184/536
f 1350/1181/530 1353/1180/533 1356/1184/536
f 1357/1188/886 1360/1189/889 1362/1190/518 1361/1191/890
f 1360/1192/889 1364/1193/714 1365/1194/521 1362/1195/518
f 1358/1196/887 1363/1197/519 1365/1194/521 1364/1193/714
f 1363/1197/519 1367/1198/523 1368/1199/524 1365/1194/521
f 1359/1164/888 1366/1200/891 1368/1199/524 1367/1198/523
f 1366/1200/891 1361/1201/890 1362/1195/518 1368/1199/524
f 1362/1195/518 1365/1194/521 1368/1199/524
f 1369/1202/892 1372/1203/895 1374/1204/897 1373/1205/896
f 1372/1206/895 1376/1207/899 1377/1208/900 1374/1209/897
f 1370/1210/893 1375/1211/898 1377/1208/900 1376/1207/899
f 1375/1211/898 1379/1212/902 1380/1213/903 1377/1208/900
f 1371/1214/894 1378/1215/901 1380/1216/903 1379/1217/902
f 1378/1215/901 1373/1218/896 1374/1219/897 1380/1216/903
f 1374/1209/897 1377/1208/900 1380/1213/903
f 1381/1220/904 1384/1221/907 1386/1222/909 1385/1223/908
f 1384/1224/907 1388/1225/911 1389/1226/912 1386/1227/909
f 1382/1228/905 1387/1229/910 1389/1226/912 1388/1225/911
f 1387/1230/910 1391/1231/914 1392/1232/915 1389/1233/912
f 1383/1196/906 1390/1234/913 1392/1232/915 1391/1231/914
f 1390/1234/913 1385/1235/908 1386/1236/909 1392/1232/915
f 1386/1227/909 1389/1226/912 1392/1237/915
f 1393/1238/916 1396/1239/919 1398/1240/482 1397/1241/920
f 1396/1242/919 1400/1243/922 1401/1244/485 1398/1245/482
f 1394/1246/917 1399/1247/921 1401/1244/485 1400/1243/922
f 1399/1247/921 1403/1248/924 1404/1249/488 1401/1244/485
f 1395/1250/918 1402/1251/923 1404/1249/488 1403/1248/924
f 1402/1251/923 1397/1252/920 1398/1245/482 1404/1249/488
f 1398/1245/482 1401/1244/485 1404/1249/488
f 1405/1253/925 1408/1254/928 1410/1255/930 1409/1256/929
f 1408/1257/928 1412/1258/932 1413/1259/933 1410/1260/930
f 1406/1261/926 1411/1262/931 1413/1259/933 1412/1258/932
f 1411/1262/931 1415/1263/935 1416/1264/936 1413/1259/933
f 1407/1265/927 1414/1266/934 1416/1264/936 1415/1263/935
f 1414/1266/934 1409/1267/929 1410/1260/930 1416/1264/936
f 1410/1260/930 1413/1259/933 1416/1264/936
f 1417/1268/937 1420/1269/940 1422/1270/942 1421/1271/941
f 1420/1272/940 1424/1273/944 1425/1274/945 1422/1275/942
f 1418/1276/938 1423/1277/943 1425/1274/945 1424/1273/944
f 1423/1278/943 1427/1279/947 1428/1280/948 1425/1281/945
f 1419/1282/939 1426/1283/946 1428/1280/948 1427/1279/947
f 1426/1283/946 1421/1284/941 1422/1285/942 1428/1280/948
f 1422/1275/942 1425/1274/945 1428/1286/948
f 1429/1287/949 1432/1288/952 1434/1289/954 1433/1290/953
f 1432/1291/952 1436/1292/956 1437/1293/957 1434/1294/954
f 1430/1060/950 1435/1295/955 1437/1293/957 1436/1292/956
f 1435/1295/955 1439/1296/959 1440/1297/960 1437/1293/957
f 1431/1298/951 1438/1299/958 1440/1300/960 1439/1301/959
f 1438/1299/958 1433/1302/953 1434/1303/954 1440/1300/960
f 1434/1294/954 1437/1293/957 1440/1297/960
f 1441/1304/961 1444/1305/627 1446/1306/629 1445/1307/438
f 1444/1305/627 1448/1308/631 1449/1309/632 1446/1306/629
f 1442/1310/962 1447/1311/964 1449/1309/632 1448/1308/631
f 1447/1311/964 1451/1312/966 1452/1313/626 1449/1309/632
f 1443/1314/963 1450/1315/965 1452/1316/626 1451/1317/966
f 1450/1318/965 1445/1307/438 1446/1306/629 1452/1313/626
f 1446/1306/629 1449/1309/632 1452/1313/626
f 1453/1319/967 1456/1320/970 1458/1321/617 1457/1322/616
f 1456/1320/970 1460/1323/619 1461/1324/620 1458/1321/617
f 1454/1325/968 1459/1326/971 1461/1327/620 1460/1328/619
f 1459/1329/971 1463/1330/972 1464/1331/614 1461/1324/620
f 1455/1332/969 1462/1333/612 1464/1331/614 1463/1330/972
f 1462/1333/612 1457/1322/616 1458/1321/617 1464/1331/614
f 1458/1321/617 1461/1324/620 1464/1331/614
f 1465/1334/973 1468/1335/976 1470/1336/978 1469/1337/977
f 1468/1335/976 1472/1338/980 1473/1339/981 1470/1336/978
f 1466/1340/974 1471/1341/979 1473/1342/981 1472/1343/980
f 1471/1344/979 1475/1345/983 1476/1346/984 1473/1347/981
f 1467/1310/975 1474/1348/982 1476/1346/984 1475/1345/983
f 1474/1348/982 1469/1349/977 1470/1350/978 1476/1346/984
f 1470/1336/978 1473/1339/981 1476/1351/984
f 1477/1352/985 1480/1353/988 1482/1354/990 1481/1355/989
f 1480/1356/988 1484/1357/992 1485/1358/993 1482/1359/990
f 1478/1332/986 1483/1360/991 1485/1358/993 1484/1357/992
f 1483/1360/991 1487/1361/995 1488/1362/996 1485/1358/993
f 1479/1363/987 1486/1364/994 1488/1365/996 1487/1366/995
f 1486/1367/994 1481/1355/989 1482/1354/990 1488/1368/996
f 1482/1359/990 1485/1358/993 1488/1362/996
f 1489/1369/997 1492/1370/1000 1494/1371/770 1493/1372/1001
f 1492/1373/1000 1496/1374/1002 1497/1375/773 1494/1376/770
f 1490/1334/998 1495/1377/771 1497/1375/773 1496/1374/1002
f 1495/1377/771 1499/1378/775 1500/1379/776 1497/1375/773
f 1491/1380/999 1498/1381/1003 1500/1379/776 1499/1378/775
f 1498/1381/1003 1493/1382/1001 1494/1376/770 1500/1379/776
f 1494/1376/770 1497/1375/773 1500/1379/776
f 1501/1383/1004 1504/1384/759 1506/1385/761 1505/1386/1007
f 1504/1384/759 1508/1387/763 1509/1388/764 1506/1385/761
f 1502/1352/1005 1507/1389/1008 1509/1388/764 1508/1387/763
f 1507/1389/1008 1511/1390/1010 1512/1391/758 1509/1388/764
f 1503/1392/1006 1510/1393/1009 1512/1394/758 1511/1395/1010
f 1510/1396/1009 1505/1386/1007 1506/1385/761 1512/1391/758
f 1506/1385/761 1509/1388/764 1512/1391/758
f 1513/1397/1011 1516/1398/1014 1518/1399/1016 1517/1400/1015
f 1516/1401/1014 1520/1402/1018 1521/1403/1019 1518/1404/1016
f 1514/1405/1012 1519/1406/1017 1521/1403/1019 1520/1402/1018
f 1519/1407/1017 1523/1408/1021 1524/1409/1022 1521/1410/1019
f 1515/1411/1013 1522/1412/1020 1524/1409/1022 1523/1408/1021
f 1522/1412/1020 1517/1413/1015 1518/1414/1016 1524/1409/1022
f 1518/1404/1016 1521/1403/1019 1524/1415/1022
f 1525/1416/1023 1528/1417/1026 1530/1418/1028 1529/1419/1027
f 1528/1420/1026 1532/1421/1030 1533/1422/1031 1530/1423/1028
f 1526/1424/1024 1531/1425/1029 1533/1422/1031 1532/1421/1030
f 1531/1425/1029 1535/1426/1033 1536/1427/1034 1533/1422/1031
f 1527/1428/1025 1534/1429/1032 1536/1430/1034 1535/1431/1033
f 1534/1429/1032 1529/1432/1027 1530/1433/1028 1536/1430/1034
f 1530/1423/1028 1533/1422/1031 1536/1427/1034
f 1537/1434/1035 1540/1435/1038 1542/1436/722 1541/1437/1039
f 1540/1438/1038 1544/1439/1040 1545/1440/725 1542/1441/722
f 1538/1411/1036 1543/1442/723 1545/1440/725 1544/1439/1040
f 1543/1442/723 1547/1443/727 1548/1444/728 1545/1440/725
f 1539/1445/1037 1546/1446/532 1548/1444/728 1547/1443/727
f 1546/1446/532 1541/1447/1039 1542/1441/722 1548/1444/728
f 1542/1441/722 1545/1440/725 1548/1444/728
f 1549/1448/1041 1552/1449/1044 1554/1450/710 1553/1451/1045
f 1552/1452/1044 1556/1453/1046 1557/1454/713 1554/1455/710
f 1550/1456/1042 1555/1457/711 1557/1454/713 1556/1453/1046
f 1555/1457/711 1559/1458/715 1560/1459/716 1557/1454/713
f 1551/1460/1043 1558/1461/1047 1560/1459/716 1559/1458/715
f 1558/1461/1047 1553/1462/1045 1554/1455/710 1560/1459/716
f 1554/1455/710 1557/1454/713 1560/1459/716
f 1561/1463/1048 1564/1464/1051 1566/1465/1053 1565/1466/1052
f 1564/1467/1051 1568/1468/1055 1569/1469/1056 1566/1470/1053
f 1562/1445/1049 1567/1471/1054 1569/1469/1056 1568/1468/1055
f 1567/1471/1054 1571/1472/1058 1572/1473/1059 1569/1469/1056
f 1563/1474/1050 1570/1475/1057 1572/1476/1059 1571/1477/1058
f 1570/1475/1057 1565/1478/1052 1566/1479/1053 1572/1476/1059
f 1566/1470/1053 1569/1469/1056 1572/1473/1059
f 1573/1480/1060 1576/1481/1063 1578/1482/1065 1577/1483/1064
f 1576/1484/1063 1580/1485/1067 1581/1486/1068 1578/1487/1065
f 1574/1488/1061 1579/1489/1066 1581/1486/1068 1580/1485/1067
f 1579/1490/1066 1583/1491/1070 1584/1492/1071 1581/1493/1068
f 1575/1494/1062 1582/1495/1069 1584/1492/1071 1583/1491/1070
f 1582/1495/1069 1577/1496/1064 1578/1497/1065 1584/1492/1071
f 1578/1487/1065 1581/1486/1068 1584/1498/1071
f 1585/1499/1072 1588/1500/1075 1590/1501/680 1589/1502/1076
f 1588/1503/1075 1592/1504/1078 1593/1505/674 1590/1506/680
f 1586/1474/1073 1591/1507/1077 1593/1505/674 1592/1504/1078
f 1591/1507/1077 1595/1508/1080 1596/1509/677 1593/1505/674
f 1587/1510/1074 1594/1511/1079 1596/1509/677 1595/1508/1080
f 1594/1511/1079 1589/1512/1076 1590/1506/680 1596/1509/677
f 1590/1506/680 1593/1505/674 1596/1509/677
f 1597/1513/1081 1600/1514/1084 1602/1515/1086 1601/1516/1085
f 1600/1517/1084 1604/1518/1088 1605/1519/1089 1602/1520/1086
f 1598/1521/1082 1603/1522/1087 1605/1519/1089 1604/1518/1088
f 1603/1522/1087 1607/1523/1091 1608/1524/1092 1605/1519/1089
f 1599/1525/1083 1606/1526/1090 1608/1524/1092 1607/1523/1091
f 1606/1526/1090 1601/1527/1085 1602/1520/1086 1608/1524/1092
f 1602/1520/1086 1605/1519/1089 1608/1524/1092
f 1609/1528/1093 1612/1529/1096 1614/1530/1098 1613/1531/1097
f 1612/1532/1096 1616/1533/1100 1617/1534/1101 1614/1535/1098
f 1610/1536/1094 1615/1537/1099 1617/1534/1101 1616/1533/1100
f 1615/1538/1099 1619/1539/1103 1620/1540/1104 1617/1541/1101
f 1611/1304/1095 1618/1542/1102 1620/1540/1104 1619/1539/1103
f 1618/1542/1102 1613/1543/1097 1614/1544/1098 1620/1540/1104
f 1614/1535/1098 1617/1534/1101 1620/1545/1104
f 1621/1546/1105 1624/1547/639 1626/1548/641 1625/1549/1108
f 1624/1550/639 1628/1551/643 1629/1552/1110 1626/1553/641
f 1622/1554/1106 1627/1555/1109 1629/1552/1110 1628/1551/643
f 1627/1555/1109 1631/1556/1112 1632/1557/638 1629/1552/1110
f 1623/1558/1107 1630/1559/1111 1632/1560/638 1631/1561/1112
f 1630/1559/1111 1625/1562/1108 1626/1563/641 1632/1560/638
f 1626/1553/641 1629/1552/1110 1632/1557/638
f 1633/1564/1113 1636/1565/1116 1638/1566/1118 1637/1567/1117
f 1636/1565/1116 1640/1568/1120 1641/1569/1121 1638/1566/1118
f 1634/1570/1114 1639/1571/1119 1641/1569/1121 1640/1568/1120
f 1639/1571/1119 1643/1572/1123 1644/1573/1124 1641/1569/1121
f 1635/1574/1115 1642/1575/1122 1644/1576/1124 1643/1577/1123
f 1642/1578/1122 1637/1567/1117 1638/1566/1118 1644/1573/1124
f 1638/1566/1118 1641/1569/1121 1644/1573/1124
f 1645/1579/1125 1648/1580/1128 1650/1581/1130 1649/1582/1129
f 1648/1580/1128 1652/1583/1132 1653/1584/1133 1650/1581/1130
f 1646/1585/1126 1651/1586/1131 1653/1587/1133 1652/1588/1132
f 1651/1589/1131 1655/1590/1135 1656/1591/1136 1653/1584/1133
f 1647/1592/1127 1654/1593/1134 1656/1591/1136 1655/1590/1135
f 1654/1593/1134 1649/1582/1129 1650/1581/1130 1656/1591/1136
f 1650/1581/1130 1653/1584/1133 1656/1591/1136
f 1657/1594/1137 1660/1595/1140 1662/1596/1142 1661/1597/1141
f 1660/1595/1140 1664/1598/1144 1665/1599/1145 1662/1596/1142
f 1658/1600/1138 1663/1601/1143 1665/1602/1145 1664/1603/1144
f 1663/1604/1143 1667/1605/1147 1668/1606/1148 1665/1607/1145
f 1659/1608/1139 1666/1609/1146 1668/1606/1148 1667/1605/1147
f 1666/1609/1146 1661/1610/1141 1662/1611/1142 1668/1606/1148
f 1662/1596/1142 1665/1599/1145 1668/1612/1148
f 1669/1613/1149 1672/1614/1152 1674/1615/1154 1673/1616/1153
f 1672/1617/1152 1676/1618/1156 1677/1619/1157 1674/1620/1154
f 1670/1621/1150 1675/1622/1155 1677/1619/1157 1676/1618/1156
f 1675/1622/1155 1679/1623/1159 1680/1624/1160 1677/1619/1157
f 1671/1625/1151 1678/1626/1158 1680/1627/1160 1679/1628/1159
f 1678/1629/1158 1673/1616/1153 1674/1615/1154 1680/1630/1160
f 1674/1620/1154 1677/1619/1157 1680/1624/1160
f 1681/1631/1161 1684/1632/1164 1686/1633/1166 1685/1634/1165
f 1684/1635/1164 1688/1636/1168 1689/1637/1169 1686/1638/1166
f 1682/1594/1162 1687/1639/1167 1689/1637/1169 1688/1636/1168
f 1687/1639/1167 1691/1640/1171 1692/1641/1172 1689/1637/1169
f 1683/1642/1163 1690/1643/1170 1692/1641/1172 1691/1640/1171
f 1690/1643/1170 1685/1644/1165 1686/1638/1166 1692/1641/1172
f 1686/1638/1166 1689/1637/1169 1692/1641/1172
f 1693/1645/1173 1696/1646/1176 1698/1647/1178 1697/1648/1177
f 1696/1646/1176 1700/1649/1180 1701/1650/1181 1698/1647/1178
f 1694/1613/1174 1699/1651/1179 1701/1650/1181 1700/1649/1180
f 1699/1651/1179 1703/1652/1183 1704/1653/1184 1701/1650/1181
f 1695/1654/1175 1702/1655/1182 1704/1656/1184 1703/1657/1183
f 1702/1658/1182 1697/1648/1177 1698/1647/1178 1704/1653/1184
f 1698/1647/1178 1701/1650/1181 1704/1653/1184
f 1705/1659/1185 1708/1660/1188 1710/1661/1190 1709/1662/1189
f 1708/1663/1188 1712/1664/1192 1713/1665/1193 1710/1666/1190
f 1706/1667/1186 1711/1668/1191 1713/1665/1193 1712/1664/1192
f 1711/1669/1191 1715/1670/1195 1716/1671/1196 1713/1672/1193
f 1707/1673/1187 1714/1674/1194 1716/1671/1196 1715/1670/1195
f 1714/1674/1194 1709/1675/1189 1710/1676/1190 1716/1671/1196
f 1710/1666/1190 1713/1665/1193 1716/1677/1196
f 1717/1678/1197 1720/1679/1200 1722/1680/1202 1721/1681/1201
f 1720/1682/1200 1724/1683/1204 1725/1684/1205 1722/1685/1202
f 1718/1686/1198 1723/1687/1203 1725/1684/1205 1724/1683/1204
f 1723/1687/1203 1727/1688/1207 1728/1689/1208 1725/1684/1205
f 1719/1690/1199 1726/1691/1206 1728/1692/1208 1727/1693/1207
f 1726/1691/1206 1721/1694/1201 1722/1695/1202 1728/1692/1208
f 1722/1685/1202 1725/1684/1205 1728/1689/1208
f 1729/1696/1209 1732/1697/1212 1734/1698/1214 1733/1699/1213
f 1732/1700/1212 1736/1701/1216 1737/1702/1217 1734/1703/1214
f 1730/1704/1210 1735/1705/1215 1737/1702/1217 1736/1701/1216
f 1735/1705/1215 1739/1706/1219 1740/1707/1220 1737/1702/1217
f 1731/1708/1211 1738/1709/1218 1740/1707/1220 1739/1706/1219
f 1738/1709/1218 1733/1710/1213 1734/1703/1214 1740/1707/1220
f 1734/1703/1214 1737/1702/1217 1740/1707/1220
f 1741/1711/1221 1744/1712/1224 1746/1713/1226 1745/1714/1225
f 1744/1715/1224 1748/1716/1228 1749/1717/1229 1746/1718/1226
f 1742/1719/1222 1747/1720/1227 1749/1717/1229 1748/1716/1228
f 1747/1720/1227 1751/1721/1231 1752/1722/1232 1749/1717/1229
f 1743/1723/1223 1750/1724/1230 1752/1722/1232 1751/1721/1231
f 1750/1724/1230 1745/1725/1225 1746/1718/1226 1752/1722/1232
f 1746/1718/1226 1749/1717/1229 1752/1722/1232
f 1753/1726/1233 1756/1727/1236 1758/1728/1238 1757/1729/1237
f 1756/1730/1236 1760/1731/1240 1761/1732/1241 1758/1733/1238
f 1754/1734/1234 1759/1735/1239 1761/1732/1241 1760/1731/1240
f 1759/1735/1239 1763/1736/1243 1764/1737/1244 1761/1732/1241
f 1755/1738/1235 1762/1739/1242 1764/1740/1244 1763/1741/1243
f 1762/1739/1242 1757/1742/1237 1758/1743/1238 1764/1740/1244
f 1758/1733/1238 1761/1732/1241 1764/1737/1244
f 1765/1744/1245 1768/1745/1248 1770/1746/1250 1769/1747/1249
f 1768/1748/1248 1772/1749/1252 1773/1750/1253 1770/1751/1250
f 1766/1752/1246 1771/1753/1251 1773/1750/1253 1772/1749/1252
f 1771/1754/1251 1775/1755/1255 1776/1756/1256 1773/1757/1253
f 1767/1758/1247 1774/1759/1254 1776/1756/1256 1775/1755/1255
f 1774/1759/1254 1769/1760/1249 1770/1761/1250 1776/1756/1256
f 1770/1751/1250 1773/1750/1253 1776/1762/1256
f 1777/1763/1257 1780/1764/1260 1782/1765/1262 1781/1766/1261
f 1780/1767/1260 1784/1768/1264 1785/1769/1265 1782/1770/1262
f 1778/1771/1258 1783/1772/1263 1785/1769/1265 1784/1768/1264
f 1783/1772/1263 1787/1773/1267 1788/1774/1268 1785/1769/1265
f 1779/1775/1259 1786/1776/1266 1788/1774/1268 1787/1773/1267
f 1786/1776/1266 1781/1777/1261 1782/1770/1262 1788/1774/1268
f 1782/1770/1262 1785/1769/1265 1788/1774/1268
f 1789/1778/1269 1792/1779/1272 1794/1780/1274 1793/1781/1273
f 1792/1782/1272 1796/1783/1276 1797/1784/1277 1794/1785/1274
f 1790/1786/1270 1795/1787/1275 1797/1784/1277 1796/1783/1276
f 1795/1787/1275 1799/1788/1279 1800/1789/1280 1797/1784/1277
f 1791/1790/1271 1798/1791/1278 1800/1789/1280 1799/1788/1279
f 1798/1791/1278 1793/1792/1273 1794/1785/1274 1800/1789/1280
f 1794/1785/1274 1797/1784/1277 1800/1789/1280
f 1801/1793/1281 1804/1794/1284 1806/1795/1286 1805/1796/1285
f 1804/1797/1284 1808/1798/1288 1809/1799/1289 1806/1800/1286
f 1802/1775/1282 1807/1801/1287 1809/1799/1289 1808/1798/1288
f 1807/1802/1287 1811/1803/1291 1812/1804/1292 1809/1805/1289
f 1803/1564/1283 1810/1806/1290 1812/1804/1292 1811/1803/1291
f 1810/1806/1290 1805/1807/1285 1806/1808/1286 1812/1804/1292
f 1806/1800/1286 1809/1799/1289 1812/1809/1292
f 1813/1810/1293 1816/1811/1296 1818/1812/1298 1817/1813/1297
f 1816/1814/1296 1820/1815/1300 1821/1816/1301 1818/1817/1298
f 1814/1818/1294 1819/1819/1299 1821/1816/1301 1820/1815/1300
f 1819/1819/1299 1823/1820/1303 1824/1821/1304 1821/1816/1301
f 1815/1786/1295 1822/1822/1302 1824/1823/1304 1823/1824/1303
f 1822/1822/1302 1817/1825/1297 1818/1826/1298 1824/1823/1304
f 1818/1817/1298 1821/1816/1301 1824/1821/1304
f 1825/1827/1305 1828/1828/1308 1830/1829/1310 1829/1830/1309
f 1828/1828/1308 1832/1831/1312 1833/1832/1313 1830/1829/1310
f 1826/1833/1306 1831/1834/1311 1833/1832/1313 1832/1831/1312
f 1831/1834/1311 1835/1835/1315 1836/1836/1316 1833/1832/1313
f 1827/1837/1307 1834/1838/1314 1836/1839/1316 1835/1840/1315
f 1834/1841/1314 1829/1830/1309 1830/1829/1310 1836/1836/1316
f 1830/1829/1310 1833/1832/1313 1836/1836/1316
f 1837/1842/1317 1840/1843/1320 1842/1844/1322 1841/1845/1321
f 1840/1843/1320 1844/1846/1324 1845/1847/1325 1842/1844/1322
f 1838/1848/1318 1843/1849/1323 1845/1850/1325 1844/1851/1324
f 1843/1852/1323 1847/1853/1327 1848/1854/1328 1845/1847/1325
f 1839/1855/1319 1846/1856/1326 1848/1854/1328 1847/1853/1327
f 1846/1856/1326 1841/1845/1321 1842/1844/1322 1848/1854/1328
f 1842/1844/1322 1845/1847/1325 1848/1854/1328
f 1849/1857/1329 1852/1858/1332 1854/1859/1334 1853/1860/1333
f 1852/1858/1332 1856/1861/1336 1857/1862/1337 1854/1859/1334
f 1850/1863/1330 1855/1864/1335 1857/1865/1337 1856/1866/1336
f 1855/1867/1335 1859/1868/1339 1860/1869/1340 1857/1870/1337
f 1851/1833/1331 1858/1871/1338 1860/1869/1340 1859/1868/1339
f 1858/1871/1338 1853/1872/1333 1854/1873/1334 1860/1869/1340
f 1854/1859/1334 1857/1862/1337 1860/1874/1340
f 1861/1875/1341 1864/1876/1344 1866/1877/1346 1865/1878/1345
f 1864/1879/1344 1868/1880/1348 1869/1881/1349 1866/1882/1346
f 1862/1855/1342 1867/1883/1347 1869/1881/1349 1868/1880/1348
f 1867/1883/1347 1871/1884/1351 1872/1885/1352 1869/1881/1349
f 1863/1886/1343 1870/1887/1350 1872/1888/1352 1871/1889/1351
f 1870/1890/1350 1865/1878/1345 1866/1877/1346 1872/1891/1352
f 1866/1882/1346 1869/1881/1349 1872/1885/1352
f 1873/1892/1353 1876/1893/1356 1878/1894/1358 1877/1895/1357
f 1876/1896/1356 1880/1897/1360 1881/1898/1361 1878/1899/1358
f 1874/1900/1354 1879/1901/1359 1881/1898/1361 1880/1897/1360
f 1879/1901/1359 1883/1902/1363 1884/1903/1364 1881/1898/1361
f 1875/1904/1355 1882/1905/1362 1884/1903/1364 1883/1902/1363
f 1882/1905/1362 1877/1906/1357 1878/1899/1358 1884/1903/1364
f 1878/1899/1358 1881/1898/1361 1884/1903/1364
f 1885/1907/1365 1888/1908/1368 1890/1909/1370 1889/1910/1369
f 1888/1908/1368 1892/1911/1372 1893/1912/1373 1890/1909/1370
f 1886/1913/1366 1891/1914/1371 1893/1912/1373 1892/1911/1372
f 1891/1914/1371 1895/1915/1375 1896/1916/1376 1893/1912/1373
f 1887/1917/1367 1894/1918/1374 1896/1919/1376 1895/1920/1375
f 1894/1921/1374 1889/1910/1369 1890/1909/1370 1896/1916/1376
f 1890/1909/1370 1893/1912/1373 1896/1916/1376
f 1897/1922/1377 1900/1923/1380 1902/1924/1382 1901/1925/1381
f 1900/1926/1380 1904/1927/1384 1905/1928/1385 1902/1929/1382
f 1898/1930/1378 1903/1931/1383 1905/1928/1385 1904/1927/1384
f 1903/1932/1383 1907/1933/1387 1908/1934/1388 1905/1935/1385
f 1899/1936/1379 1906/1937/1386 1908/1934/1388 1907/1933/1387
f 1906/1937/1386 1901/1938/1381 1902/1939/1382 1908/1934/1388
f 1902/1929/1382 1905/1928/1385 1908/1940/1388
f 1909/1941/1389 1912/1942/1392 1914/1943/1394 1913/1944/1393
f 1912/1945/1392 1916/1946/1396 1917/1947/1397 1914/1948/1394
f 1910/1949/1390 1915/1950/1395 1917/1947/1397 1916/1946/1396
f 1915/1950/1395 1919/1951/1399 1920/1952/1400 1917/1947/1397
f 1911/1953/1391 1918/1954/1398 1920/1955/1400 1919/1956/1399
f 1918/1954/1398 1913/1957/1393 1914/1958/1394 1920/1955/1400
f 1914/1948/1394 1917/1947/1397 1920/1952/1400
f 1921/1959/1401 1924/1960/1404 1926/1961/1406 1925/1962/1405
f 1924/1963/1404 1928/1964/1408 1929/1965/1409 1926/1966/1406
f 1922/1967/1402 1927/1968/1407 1929/1965/1409 1928/1964/1408
f 1927/1968/1407 1931/1969/1411 1932/1970/1412 1929/1965/1409
f 1923/1971/1403 1930/1972/1410 1932/1970/1412 1931/1969/1411
f 1930/1972/1410 1925/1973/1405 1926/1966/1406 1932/1970/1412
f 1926/1966/1406 1929/1965/1409 1932/1970/1412
f 1933/1974/1413 1936/1975/1416 1938/1976/1418 1937/1977/1417
f 1936/1978/1416 1940/1979/1420 1941/1980/1421 1938/1981/1418
f 1934/1982/1414 1939/1983/1419 1941/1980/1421 1940/1979/1420
f 1939/1983/1419 1943/1984/1423 1944/1985/1424 1941/1980/1421
f 1935/1986/1415 1942/1987/1422 1944/1985/1424 1943/1984/1423
f 1942/1987/1422 1937/1988/1417 1938/1981/1418 1944/1985/1424
f 1938/1981/1418 1941/1980/1421 1944/1985/1424
f 1945/1989/1425 1948/1990/1428 1950/1991/1430 1949/1992/1429
f 1948/1993/1428 1952/1994/1432 1953/1995/1433 1950/1996/1430
f 1946/1997/1426 1951/1998/1431 1953/1995/1433 1952/1994/1432
f 1951/1998/1431 1955/1999/1435 1956/2000/1436 1953/1995/1433
f 1947/2001/1427 1954/2002/1434 1956/2003/1436 1955/2004/1435
f 1954/2002/1434 1949/2005/1429 1950/2006/1430 1956/2003/1436
f 1950/1996/1430 1953/1995/1433 1956/2000/1436
f 1957/2007/1437 1960/2008/1440 1962/2009/1442 1961/2010/1441
f 1960/2011/1440 1964/2012/1444 1965/2013/1445 1962/2014/1442
f 1958/2015/1438 1963/2016/1443 1965/2013/1445 1964/2012/1444
f 1963/2017/1443 1967/2018/1447 1968/2019/1448 1965/2020/1445
f 1959/2021/1439 1966/2022/1446 1968/2019/1448 1967/2018/1447
f 1966/2022/1446 1961/2023/1441 1962/2024/1442 1968/2019/1448
f 1962/2014/1442 1965/2013/1445 1968/2025/1448
f 1969/2026/1449 1972/2027/1452 1974/2028/1454 1973/2029/1453
f 1972/2030/1452 1976/2031/1456 1977/2032/1457 1974/2033/1454
f 1970/2034/1450 1975/2035/1455 1977/2032/1457 1976/2031/1456
f 1975/2035/1455 1979/2036/1459 1980/2037/1460 1977/2032/1457
f 1971/2038/1451 1978/2039/1458 1980/2037/1460 1979/2036/1459
f 1978/2039/1458 1973/2040/1453 1974/2033/1454 1980/2037/1460
f 1974/2033/1454 1977/2032/1457 1980/2037/1460
f 1981/2041/1461 1984/2042/1464 1986/2043/1466 1985/2044/1465
f 1984/2045/1464 1988/2046/1468 1989/2047/1469 1986/2048/1466
f 1982/2049/1462 1987/2050/1467 1989/2047/1469 1988/2046/1468
f 1987/2050/1467 1991/2051/1471 1992/2052/1472 1989/2047/1469
f 1983/2053/1463 1990/2054/1470 1992/2052/1472 1991/2051/1471
f 1990/2054/1470 1985/2055/1465 1986/2048/1466 1992/2052/1472
f 1986/2048/1466 1989/2047/1469 1992/2052/1472
f 1993/2056/1473 1996/2057/1476 1998/2058/1478 1997/2059/1477
f 1996/2060/1476 2000/2061/1480 2001/2062/1481 1998/2063/1478
f 1994/2038/1474 1999/2064/1479 2001/2062/1481 2000/2061/1480
f 1999/2065/1479 2003/2066/1483 2004/2067/1484 2001/2068/1481
f 1995/2069/1475 2002/2070/1482 2004/2067/1484 2003/2066/1483
f 2002/2070/1482 1997/2071/1477 1998/2072/1478 2004/2067/1484
f 1998/2063/1478 2001/2062/1481 2004/2073/1484
f 2005/2074/1485 2008/2075/1488 2010/2076/1490 2009/2077/1489
f 2008/2078/1488 2012/2079/1492 2013/2080/1493 2010/2081/1490
f 2006/2082/1486 2011/2083/1491 2013/2080/1493 2012/2079/1492
f 2011/2083/1491 2015/2084/1495 2016/2085/1496 2013/2080/1493
f 2007/2086/1487 2014/2087/1494 2016/2088/1496 2015/2089/1495
f 2014/2087/1494 2009/2090/1489 2010/2091/1490 2016/2088/1496
f 2010/2081/1490 2013/2080/1493 2016/2085/1496
f 182/2092/54 174/2093/46 176/2094/48 184/2095/56
f 184/2096/56 176/2097/48 175/2098/47 183/2099/55
f 183/2099/55 175/2098/47 173/2100/45 181/2101/53
f 266/2102/10 274/2103/18 276/2104/20 268/2105/12
f 268/2106/12 276/2107/20 275/2108/19 267/2109/11
f 267/2109/11 275/2108/19 273/2110/17 265/2111/9
f 2/2112/2 10/2113/10 12/2114/12 4/2115/4
f 4/2115/4 12/2114/12 11/2116/11 3/2117/3
f 3/2118/3 11/2119/11 9/2120/9 1/2121/1
f 146/2122/18 153/2123/26 155/2124/28 148/2125/20
f 148/2126/20 155/2127/28 156/2128/27 147/2129/19
f 147/2129/19 156/2128/27 154/2130/25 145/2131/17
f 14/2132/14 6/2133/6 8/2134/8 16/2135/16
f 16/2135/16 8/2134/8 7/2136/7 15/2137/15
f 15/2138/15 7/2139/7 5/2140/5 13/2141/13
f 170/2142/42 178/2143/50 180/2144/52 172/2145/44
f 172/2146/44 180/2147/52 179/2148/51 171/2149/43
f 171/2149/43 179/2148/51 177/2150/49 169/2151/41
f 10/2113/10 18/2152/18 20/2153/20 12/2114/12
f 12/2114/12 20/2153/20 19/2154/19 11/2116/11
f 11/2119/11 19/2155/19 17/2156/17 9/2120/9
f 394/2157/138 402/2158/146 404/2159/148 396/2160/140
f 396/2160/140 404/2159/148 403/2161/147 395/2162/139
f 395/2163/139 403/2164/147 401/2165/145 393/2166/137
f 22/2167/22 14/2132/14 16/2135/16 24/2168/24
f 24/2168/24 16/2135/16 15/2137/15 23/2169/23
f 23/2170/23 15/2138/15 13/2141/13 21/2171/21
f 430/2172/174 422/2173/166 424/2174/168 432/2175/176
f 432/2175/176 424/2174/168 423/2176/167 431/2177/175
f 431/2178/175 423/2179/167 421/2180/165 429/2181/173
f 18/2182/18 26/2183/26 28/2184/28 20/2185/20
f 20/2185/20 28/2184/28 27/2186/27 19/2187/19
f 19/2155/19 27/2188/27 25/2189/25 17/2156/17
f 30/2190/30 22/2191/22 24/2192/24 32/2193/32
f 32/2193/32 24/2192/24 23/2194/23 31/2195/31
f 31/2196/31 23/2170/23 21/2171/21 29/2197/29
f 26/2183/26 34/2198/34 36/2199/36 28/2184/28
f 28/2184/28 36/2199/36 35/2200/35 27/2186/27
f 27/2188/27 35/2201/35 33/2202/33 25/2189/25
f 150/2203/22 142/2204/14 144/2205/16 152/2206/24
f 152/2207/24 144/2208/16 143/2209/15 151/2210/23
f 151/2210/23 143/2209/15 141/2211/13 149/2212/21
f 38/2213/38 30/2190/30 32/2193/32 40/2214/40
f 40/2214/40 32/2193/32 31/2195/31 39/2215/39
f 39/2216/39 31/2196/31 29/2197/29 37/2217/37
f 174/2093/46 166/2218/38 168/2219/40 176/2094/48
f 176/2097/48 168/2220/40 167/2221/39 175/2098/47
f 175/2098/47 167/2221/39 165/2222/37 173/2100/45
f 34/2198/34 42/2223/42 44/2224/44 36/2199/36
f 36/2199/36 44/2224/44 43/2225/43 35/2200/35
f 35/2201/35 43/2226/43 41/2227/41 33/2202/33
f 46/2228/46 38/2213/38 40/2214/40 48/2229/48
f 48/2229/48 40/2214/40 39/2215/39 47/2230/47
f 47/2231/47 39/2216/39 37/2217/37 45/2232/45
f 426/2233/170 434/2234/178 436/2235/180 428/2236/172
f 428/2236/172 436/2235/180 435/2237/179 427/2238/171
f 427/2239/171 435/2240/179 433/2241/177 425/2242/169
f 42/2223/42 50/2243/50 52/2244/52 44/2224/44
f 44/2224/44 52/2244/52 51/2245/51 43/2225/43
f 43/2226/43 51/2246/51 49/2247/49 41/2227/41
f 138/2248/10 146/2249/18 148/2250/20 140/2251/12
f 140/2251/12 148/2250/20 147/2252/19 139/2253/11
f 139/2254/11 147/2129/19 145/2131/17 137/2255/9
f 54/2256/54 46/2228/46 48/2229/48 56/2257/56
f 56/2257/56 48/2229/48 47/2230/47 55/2258/55
f 55/2259/55 47/2231/47 45/2232/45 53/2260/53
f 162/2261/34 170/2142/42 172/2145/44 164/2262/36
f 164/2263/36 172/2146/44 171/2149/43 163/2264/35
f 163/2264/35 171/2149/43 169/2151/41 161/2265/33
f 50/2266/50 58/2267/58 60/2268/60 52/2269/52
f 52/2269/52 60/2268/60 59/2270/59 51/2271/51
f 51/2246/51 59/2272/59 57/2273/57 49/2247/49
f 298/2274/42 306/2275/50 308/2276/52 300/2277/44
f 300/2278/44 308/2279/52 307/2280/51 299/2281/43
f 299/2281/43 307/2280/51 305/2282/49 297/2283/41
f 62/2284/62 54/2285/54 56/2286/56 64/2287/64
f 64/2287/64 56/2286/56 55/2288/55 63/2289/63
f 63/2290/63 55/2259/55 53/2260/53 61/2291/61
f 302/2292/46 294/2293/38 296/2294/40 304/2295/48
f 304/2295/48 296/2294/40 295/2296/39 303/2297/47
f 303/2298/47 295/2299/39 293/2300/37 301/2301/45
f 58/2267/58 66/2302/66 68/2303/68 60/2268/60
f 60/2268/60 68/2303/68 67/2304/67 59/2270/59
f 59/2272/59 67/2305/67 65/2306/65 57/2273/57
f 70/2307/70 62/2284/62 64/2287/64 72/2308/72
f 72/2308/72 64/2287/64 63/2289/63 71/2309/71
f 71/2310/71 63/2290/63 61/2291/61 69/2311/69
f 66/2302/66 74/2312/74 76/2313/76 68/2303/68
f 68/2303/68 76/2313/76 75/2314/75 67/2304/67
f 67/2305/67 75/2315/75 73/2316/73 65/2306/65
f 78/2317/78 70/2307/70 72/2308/72 80/2318/80
f 80/2318/80 72/2308/72 71/2309/71 79/2319/79
f 79/2320/79 71/2310/71 69/2311/69 77/2321/77
f 166/2218/38 158/2322/30 160/2323/32 168/2219/40
f 168/2220/40 160/2324/32 159/2325/31 167/2221/39
f 167/2221/39 159/2325/31 157/2326/29 165/2222/37
f 74/2312/74 82/2327/82 84/2328/84 76/2313/76
f 76/2313/76 84/2328/84 83/2329/83 75/2314/75
f 75/2315/75 83/2330/83 81/2331/81 73/2316/73
f 142/2204/14 134/2332/6 136/2333/8 144/2205/16
f 144/2208/16 136/2334/8 135/2335/7 143/2209/15
f 143/2209/15 135/2335/7 133/2336/5 141/2211/13
f 86/2337/86 78/2317/78 80/2318/80 88/2338/88
f 88/2338/88 80/2318/80 79/2319/79 87/2339/87
f 87/2340/87 79/2320/79 77/2321/77 85/2341/85
f 278/2342/22 270/2343/14 272/2344/16 280/2345/24
f 280/2345/24 272/2344/16 271/2346/15 279/2347/23
f 279/2348/23 271/2349/15 269/2350/13 277/2351/21
f 82/2352/82 90/2353/90 92/2354/92 84/2355/84
f 84/2355/84 92/2354/92 91/2356/91 83/2357/83
f 83/2330/83 91/2358/91 89/2359/89 81/2331/81
f 274/2360/18 281/2361/26 283/2362/28 276/2363/20
f 276/2107/20 283/2364/28 284/2365/27 275/2108/19
f 275/2108/19 284/2365/27 282/2366/25 273/2110/17
f 94/2367/94 86/2368/86 88/2369/88 96/2370/96
f 96/2370/96 88/2369/88 87/2371/87 95/2372/95
f 95/2373/95 87/2340/87 85/2341/85 93/2374/93
f 153/2123/26 162/2261/34 164/2262/36 155/2124/28
f 155/2127/28 164/2263/36 163/2264/35 156/2128/27
f 156/2128/27 163/2264/35 161/2265/33 154/2130/25
f 90/2353/90 98/2375/98 100/2376/100 92/2354/92
f 92/2354/92 100/2376/100 99/2377/99 91/2356/91
f 91/2358/91 99/2378/99 97/2379/97 89/2359/89
f 567/127/311 554/104/298 560/101/304 574/128/318
f 574/128/318 560/101/304 556/100/300 569/129/313
f 569/116/313 556/97/300 553/96/297 565/94/309
f 102/2380/102 94/2367/94 96/2370/96 104/2381/104
f 104/2381/104 96/2370/96 95/2372/95 103/2382/103
f 103/2383/103 95/2373/95 93/2374/93 101/2384/101
f 98/2375/98 106/2385/106 108/2386/108 100/2376/100
f 100/2376/100 108/2386/108 107/2387/107 99/2377/99
f 99/2378/99 107/2388/107 105/2389/105 97/2379/97
f 130/2390/2 138/2248/10 140/2251/12 132/2391/4
f 132/2391/4 140/2251/12 139/2253/11 131/2392/3
f 131/2393/3 139/2254/11 137/2255/9 129/2394/1
f 110/2395/110 102/2380/102 104/2381/104 112/2396/112
f 112/2396/112 104/2381/104 103/2382/103 111/2397/111
f 111/2398/111 103/2383/103 101/2384/101 109/2399/109
f 106/2385/106 114/2400/114 116/2401/116 108/2386/108
f 108/2386/108 116/2401/116 115/2402/115 107/2387/107
f 107/2388/107 115/2403/115 113/2404/113 105/2389/105
f 481/1/225 493/16/237 497/19/241 484/2/228
f 484/2/228 497/19/241 502/30/246 488/5/232
f 488/5/232 502/30/246 495/29/239 482/7/226
f 118/2405/118 110/2395/110 112/2396/112 120/2406/120
f 120/2406/120 112/2396/112 111/2397/111 119/2407/119
f 119/2408/119 111/2398/111 109/2399/109 117/2409/117
f 158/2322/30 150/2410/22 152/2411/24 160/2323/32
f 160/2324/32 152/2207/24 151/2210/23 159/2325/31
f 159/2325/31 151/2210/23 149/2212/21 157/2326/29
f 114/2412/114 122/2413/122 124/2414/124 116/2415/116
f 116/2415/116 124/2414/124 123/2416/123 115/2417/115
f 115/2403/115 123/2418/123 121/2419/121 113/2404/113
f 310/2420/54 302/2292/46 304/2295/48 312/2421/56
f 312/2421/56 304/2295/48 303/2297/47 311/2422/55
f 311/2423/55 303/2298/47 301/2301/45 309/2424/53
f 126/2425/126 118/2426/118 120/2427/120 128/2428/128
f 128/2428/128 120/2427/120 119/2429/119 127/2430/127
f 127/2431/127 119/2408/119 117/2409/117 125/2432/125
f 122/2413/122 2/2112/2 4/2115/4 124/2414/124
f 124/2414/124 4/2115/4 3/2117/3 123/2416/123
f 123/2418/123 3/2118/3 1/2121/1 121/2419/121
f 6/2133/6 126/2425/126 128/2428/128 8/2134/8
f 8/2134/8 128/2428/128 127/2430/127 7/2136/7
f 7/2139/7 127/2431/127 125/2432/125 5/2140/5
f 290/2433/34 298/2274/42 300/2277/44 292/2434/36
f 292/2435/36 300/2278/44 299/2281/43 291/2436/35
f 291/2436/35 299/2281/43 297/2283/41 289/2437/33
f 178/2438/50 186/2439/58 188/2440/60 180/2441/52
f 180/2441/52 188/2440/60 187/2442/59 179/2443/51
f 179/2148/51 187/2444/59 185/2445/57 177/2150/49
f 901/570/645 889/553/633 893/556/637 904/571/648
f 904/571/648 893/556/637 898/568/642 908/574/652
f 908/578/652 898/567/642 891/529/635 902/546/646
f 190/2446/62 182/2447/54 184/2448/56 192/2449/64
f 192/2450/64 184/2096/56 183/2099/55 191/2451/63
f 191/2451/63 183/2099/55 181/2101/53 189/2452/61
f 507/45/251 529/45/273 533/70/277 514/46/258
f 514/46/258 533/70/277 538/81/282 509/47/253
f 509/34/253 538/78/282 531/77/275 505/31/249
f 186/2439/58 194/2453/66 196/2454/68 188/2440/60
f 188/2440/60 196/2454/68 195/2455/67 187/2442/59
f 187/2444/59 195/2456/67 193/2457/65 185/2445/57
f 198/2458/70 190/2446/62 192/2449/64 200/2459/72
f 200/2460/72 192/2450/64 191/2451/63 199/2461/71
f 199/2461/71 191/2451/63 189/2452/61 197/2462/69
f 194/2453/66 202/2463/74 204/2464/76 196/2454/68
f 196/2454/68 204/2464/76 203/2465/75 195/2455/67
f 195/2456/67 203/2466/75 201/2467/73 193/2457/65
f 206/2468/78 198/2458/70 200/2459/72 208/2469/80
f 208/2470/80 200/2460/72 199/2461/71 207/2471/79
f 207/2471/79 199/2461/71 197/2462/69 205/2472/77
f 294/2293/38 286/2473/30 288/2474/32 296/2294/40
f 296/2294/40 288/2474/32 287/2475/31 295/2296/39
f 295/2299/39 287/2476/31 285/2477/29 293/2300/37
f 202/2463/74 210/2478/82 212/2479/84 204/2464/76
f 204/2464/76 212/2479/84 211/2480/83 203/2465/75
f 203/2466/75 211/2481/83 209/2482/81 201/2467/73
f 270/2343/14 262/2483/6 264/2484/8 272/2344/16
f 272/2344/16 264/2484/8 263/2485/7 271/2346/15
f 271/2349/15 263/2486/7 261/2487/5 269/2350/13
f 214/2488/86 206/2468/78 208/2469/80 216/2489/88
f 216/2490/88 208/2470/80 207/2471/79 215/2491/87
f 215/2491/87 207/2471/79 205/2472/77 213/2492/85
f 210/2493/82 218/2494/90 220/2495/92 212/2496/84
f 212/2496/84 220/2495/92 219/2497/91 211/2498/83
f 211/2481/83 219/2499/91 217/2500/89 209/2482/81
f 519/62/263 495/29/239 503/27/247 526/63/270
f 526/63/270 503/27/247 499/26/243 521/66/265
f 521/53/265 499/23/243 494/22/238 517/50/261
f 222/2501/94 214/2502/86 216/2503/88 224/2504/96
f 224/2505/96 216/2490/88 215/2491/87 223/2506/95
f 223/2506/95 215/2491/87 213/2492/85 221/2507/93
f 281/2361/26 290/2433/34 292/2434/36 283/2362/28
f 283/2364/28 292/2435/36 291/2436/35 284/2365/27
f 284/2365/27 291/2436/35 289/2437/33 282/2366/25
f 218/2494/90 226/2508/98 228/2509/100 220/2495/92
f 220/2495/92 228/2509/100 227/2510/99 219/2497/91
f 219/2499/91 227/2511/99 225/2512/97 217/2500/89
f 438/2513/182 430/2172/174 432/2175/176 440/2514/184
f 440/2514/184 432/2175/176 431/2177/175 439/2515/183
f 439/2516/183 431/2178/175 429/2181/173 437/2517/181
f 230/2518/102 222/2501/94 224/2504/96 232/2519/104
f 232/2520/104 224/2505/96 223/2506/95 231/2521/103
f 231/2521/103 223/2506/95 221/2507/93 229/2522/101
f 406/2523/150 398/2524/142 400/2525/144 408/2526/152
f 408/2526/152 400/2525/144 399/2527/143 407/2528/151
f 407/2529/151 399/2530/143 397/2531/141 405/2532/149
f 226/2508/98 234/2533/106 236/2534/108 228/2509/100
f 228/2509/100 236/2534/108 235/2535/107 227/2510/99
f 227/2511/99 235/2536/107 233/2537/105 225/2512/97
f 258/2538/2 266/2102/10 268/2105/12 260/2539/4
f 260/2540/4 268/2106/12 267/2109/11 259/2541/3
f 259/2541/3 267/2109/11 265/2111/9 257/2542/1
f 238/2543/110 230/2518/102 232/2519/104 240/2544/112
f 240/2545/112 232/2520/104 231/2521/103 239/2546/111
f 239/2546/111 231/2521/103 229/2522/101 237/2547/109
f 234/2533/106 242/2548/114 244/2549/116 236/2534/108
f 236/2534/108 244/2549/116 243/2550/115 235/2535/107
f 235/2536/107 243/2551/115 241/2552/113 233/2537/105
f 402/2553/146 409/2554/153 411/2555/155 404/2556/148
f 404/2556/148 411/2555/155 412/2557/156 403/2558/147
f 403/2164/147 412/2559/156 410/2560/154 401/2165/145
f 246/2561/118 238/2543/110 240/2544/112 248/2562/120
f 248/2563/120 240/2545/112 239/2546/111 247/2564/119
f 247/2564/119 239/2546/111 237/2547/109 245/2565/117
f 286/2473/30 278/2566/22 280/2567/24 288/2474/32
f 288/2474/32 280/2567/24 279/2568/23 287/2475/31
f 287/2476/31 279/2348/23 277/2351/21 285/2477/29
f 242/2569/114 250/2570/122 252/2571/124 244/2572/116
f 244/2572/116 252/2571/124 251/2573/123 243/2574/115
f 243/2551/115 251/2575/123 249/2576/121 241/2552/113
f 925/602/669 914/593/658 920/591/664 928/603/672
f 928/603/672 920/591/664 916/588/660 932/606/676
f 932/606/676 916/588/660 913/587/657 926/608/670
f 254/2577/126 246/2578/118 248/2579/120 256/2580/128
f 256/2581/128 248/2563/120 247/2564/119 255/2582/127
f 255/2582/127 247/2564/119 245/2565/117 253/2583/125
f 250/2570/122 130/2390/2 132/2391/4 252/2571/124
f 252/2571/124 132/2391/4 131/2392/3 251/2573/123
f 251/2575/123 131/2393/3 129/2394/1 249/2576/121
f 134/2332/6 254/2577/126 256/2580/128 136/2333/8
f 136/2334/8 256/2581/128 255/2582/127 135/2335/7
f 135/2335/7 255/2582/127 253/2583/125 133/2336/5
f 591/159/335 567/127/311 575/124/319 598/160/342
f 598/160/342 575/124/319 571/123/315 593/161/337
f 593/150/337 571/120/315 566/119/310 589/147/333
f 306/2584/50 314/2585/58 316/2586/60 308/2587/52
f 308/2279/52 316/2588/60 315/2589/59 307/2280/51
f 307/2280/51 315/2589/59 313/2590/57 305/2282/49
f 418/2591/162 426/2233/170 428/2236/172 420/2592/164
f 420/2592/164 428/2236/172 427/2238/171 419/2593/163
f 419/2594/163 427/2239/171 425/2242/169 417/2595/161
f 318/2596/62 310/2597/54 312/2598/56 320/2599/64
f 320/2599/64 312/2598/56 311/2600/55 319/2601/63
f 319/2602/63 311/2423/55 309/2424/53 317/2603/61
f 314/2585/58 322/2604/66 324/2605/68 316/2586/60
f 316/2588/60 324/2606/68 323/2607/67 315/2589/59
f 315/2589/59 323/2607/67 321/2608/65 313/2590/57
f 735/357/479 709/314/453 713/317/457 742/358/486
f 742/358/486 713/317/457 718/329/462 737/359/481
f 737/348/481 718/326/462 711/325/455 733/345/477
f 326/2609/70 318/2596/62 320/2599/64 328/2610/72
f 328/2610/72 320/2599/64 319/2601/63 327/2611/71
f 327/2612/71 319/2602/63 317/2603/61 325/2613/69
f 322/2604/66 330/2614/74 332/2615/76 324/2605/68
f 324/2606/68 332/2616/76 331/2617/75 323/2607/67
f 323/2607/67 331/2617/75 329/2618/73 321/2608/65
f 334/2619/78 326/2609/70 328/2610/72 336/2620/80
f 336/2620/80 328/2610/72 327/2611/71 335/2621/79
f 335/2622/79 327/2612/71 325/2613/69 333/2623/77
f 398/2524/142 390/2624/134 392/2625/136 400/2525/144
f 400/2525/144 392/2625/136 391/2626/135 399/2527/143
f 399/2530/143 391/2627/135 389/2628/133 397/2531/141
f 330/2614/74 338/2629/82 340/2630/84 332/2615/76
f 332/2616/76 340/2631/84 339/2632/83 331/2617/75
f 331/2617/75 339/2632/83 337/2633/81 329/2618/73
f 422/2634/166 414/2635/158 416/2636/160 424/2637/168
f 424/2637/168 416/2636/160 415/2638/159 423/2639/167
f 423/2179/167 415/2640/159 413/2641/157 421/2180/165
f 342/2642/86 334/2619/78 336/2620/80 344/2643/88
f 344/2643/88 336/2620/80 335/2621/79 343/2644/87
f 343/2645/87 335/2622/79 333/2623/77 341/2646/85
f 710/289/454 686/289/430 692/286/436 715/322/459
f 715/322/459 692/286/436 688/285/432 719/323/463
f 719/328/463 688/282/432 685/281/429 711/325/455
f 338/2647/82 346/2648/90 348/2649/92 340/2650/84
f 340/2631/84 348/2651/92 347/2652/91 339/2632/83
f 339/2632/83 347/2652/91 345/2653/89 337/2633/81
f 518/58/262 507/45/251 515/42/259 523/59/267
f 523/59/267 515/42/259 511/41/255 527/60/271
f 527/65/271 511/40/255 506/39/250 519/62/263
f 350/2654/94 342/2655/86 344/2656/88 352/2657/96
f 352/2657/96 344/2656/88 343/2658/87 351/2659/95
f 351/2660/95 343/2645/87 341/2646/85 349/2661/93
f 541/58/285 518/58/262 524/55/268 544/82/288
f 544/82/288 524/55/268 520/54/264 548/85/292
f 548/90/292 520/51/264 517/50/261 542/87/286
f 346/2648/90 354/2662/98 356/2663/100 348/2649/92
f 348/2651/92 356/2664/100 355/2665/99 347/2652/91
f 347/2652/91 355/2665/99 353/2666/97 345/2653/89
f 409/2554/153 418/2667/162 420/2668/164 411/2555/155
f 411/2555/155 420/2668/164 419/2669/163 412/2557/156
f 412/2559/156 419/2594/163 417/2595/161 410/2560/154
f 358/2670/102 350/2654/94 352/2657/96 360/2671/104
f 360/2671/104 352/2657/96 351/2659/95 359/2672/103
f 359/2673/103 351/2660/95 349/2661/93 357/2674/101
f 386/2675/130 394/2157/138 396/2160/140 388/2676/132
f 388/2676/132 396/2160/140 395/2162/139 387/2677/131
f 387/2678/131 395/2163/139 393/2166/137 385/2679/129
f 354/2662/98 362/2680/106 364/2681/108 356/2663/100
f 356/2664/100 364/2682/108 363/2683/107 355/2665/99
f 355/2665/99 363/2683/107 361/2684/105 353/2666/97
f 554/104/298 578/140/322 584/137/328 559/105/303
f 559/105/303 584/137/328 580/136/324 563/106/307
f 563/111/307 580/133/324 577/132/321 555/108/299
f 366/2685/110 358/2670/102 360/2671/104 368/2686/112
f 368/2686/112 360/2671/104 359/2672/103 367/2687/111
f 367/2688/111 359/2673/103 357/2674/101 365/2689/109
f 590/155/334 579/144/323 587/142/331 595/156/339
f 595/156/339 587/142/331 583/141/327 599/157/343
f 599/157/343 583/141/327 578/140/322 591/159/335
f 362/2680/106 370/2690/114 372/2691/116 364/2681/108
f 364/2682/108 372/2692/116 371/2693/115 363/2683/107
f 363/2683/107 371/2693/115 369/2694/113 361/2684/105
f 374/2695/118 366/2685/110 368/2686/112 376/2696/120
f 376/2696/120 368/2686/112 367/2687/111 375/2697/119
f 375/2698/119 367/2688/111 365/2689/109 373/2699/117
f 902/546/646 878/546/622 884/543/628 907/576/651
f 907/576/651 884/543/628 880/542/624 911/579/655
f 911/584/655 880/539/624 877/538/621 903/581/647
f 370/2700/114 378/2701/122 380/2702/124 372/2703/116
f 372/2692/116 380/2704/124 379/2705/123 371/2693/115
f 371/2693/115 379/2705/123 377/2706/121 369/2694/113
f 414/2635/158 406/2707/150 408/2708/152 416/2636/160
f 416/2636/160 408/2708/152 407/2709/151 415/2638/159
f 415/2640/159 407/2529/151 405/2532/149 413/2641/157
f 382/2710/126 374/2711/118 376/2712/120 384/2713/128
f 384/2713/128 376/2712/120 375/2714/119 383/2715/127
f 383/2716/127 375/2698/119 373/2699/117 381/2717/125
f 378/2701/122 258/2538/2 260/2539/4 380/2702/124
f 380/2704/124 260/2540/4 259/2541/3 379/2705/123
f 379/2705/123 259/2541/3 257/2542/1 377/2706/121
f 262/2483/6 382/2710/126 384/2713/128 264/2484/8
f 264/2484/8 384/2713/128 383/2715/127 263/2485/7
f 263/2486/7 383/2716/127 381/2717/125 261/2487/5
f 565/94/309 543/94/287 551/92/295 568/114/312
f 568/114/312 551/92/295 547/91/291 572/117/316
f 572/122/316 547/88/291 542/87/286 566/119/310
f 434/2234/178 442/2718/186 444/2719/188 436/2235/180
f 436/2235/180 444/2719/188 443/2720/187 435/2237/179
f 435/2240/179 443/2721/187 441/2722/185 433/2241/177
f 673/266/417 687/293/431 695/291/439 676/267/420
f 676/267/420 695/291/439 691/290/435 680/270/424
f 680/270/424 691/290/435 686/289/430 674/272/418
f 446/2723/190 438/2513/182 440/2514/184 448/2724/192
f 448/2724/192 440/2514/184 439/2515/183 447/2725/191
f 447/2726/191 439/2516/183 437/2517/181 445/2727/189
f 865/523/609 879/550/623 887/548/631 868/524/612
f 868/524/612 887/548/631 883/547/627 872/527/616
f 872/527/616 883/547/627 878/546/622 866/529/610
f 442/2728/186 450/2729/194 452/2730/196 444/2731/188
f 444/2731/188 452/2730/196 451/2732/195 443/2733/187
f 443/2721/187 451/2734/195 449/2735/193 441/2722/185
f 709/314/453 697/296/441 701/299/445 712/315/456
f 712/318/456 701/311/445 706/310/450 716/319/460
f 716/319/460 706/310/450 699/272/443 710/289/454
f 454/2736/198 446/2737/190 448/2738/192 456/2739/200
f 456/2739/200 448/2738/192 447/2740/191 455/2741/199
f 455/2742/199 447/2726/191 445/2727/189 453/2743/197
f 530/73/274 553/96/297 557/99/301 535/74/279
f 535/74/279 557/99/301 562/112/306 539/75/283
f 539/80/283 562/109/306 555/108/299 531/77/275
f 450/2729/194 458/2744/202 460/2745/204 452/2730/196
f 452/2730/196 460/2745/204 459/2746/203 451/2732/195
f 451/2734/195 459/2747/203 457/2748/201 449/2735/193
f 482/7/226 506/39/250 512/36/256 487/8/231
f 487/8/231 512/36/256 508/35/252 491/9/235
f 491/14/235 508/32/252 505/31/249 483/11/227
f 462/2749/206 454/2736/198 456/2739/200 464/2750/208
f 464/2750/208 456/2739/200 455/2741/199 463/2751/207
f 463/2752/207 455/2742/199 453/2743/197 461/2753/205
f 734/353/478 722/336/466 728/334/472 739/354/483
f 739/354/483 728/334/472 724/331/468 743/355/487
f 743/355/487 724/331/468 721/296/465 735/357/479
f 458/2744/202 466/2754/210 468/2755/212 460/2745/204
f 460/2745/204 468/2755/212 467/2756/211 459/2746/203
f 459/2747/203 467/2757/211 465/2758/209 457/2748/201
f 722/336/466 746/368/490 752/365/496 727/337/471
f 727/337/471 752/365/496 748/364/492 731/338/475
f 731/343/475 748/361/492 745/360/489 723/340/467
f 470/2759/214 462/2749/206 464/2750/208 472/2760/216
f 472/2760/216 464/2750/208 463/2751/207 471/2761/215
f 471/2762/215 463/2752/207 461/2753/205 469/2763/213
f 543/94/287 530/73/274 536/71/280 550/95/294
f 550/95/294 536/71/280 532/68/276 545/84/289
f 545/84/289 532/68/276 529/45/273 541/58/285
f 466/2754/210 474/2764/218 476/2765/220 468/2755/212
f 468/2755/212 476/2765/220 475/2766/219 467/2756/211
f 467/2757/211 475/2767/219 473/2768/217 465/2758/209
f 1107/859/383 1130/885/358 1136/882/364 1114/860/390
f 1114/860/390 1136/882/364 1132/881/360 1109/861/385
f 1109/850/385 1132/878/360 1129/877/357 1105/847/381
f 478/2769/222 470/2759/214 472/2760/216 480/2770/224
f 480/2770/224 472/2760/216 471/2761/215 479/2771/223
f 479/2772/223 471/2762/215 469/2763/213 477/2773/221
f 474/2774/218 386/2675/130 388/2676/132 476/2775/220
f 476/2775/220 388/2676/132 387/2677/131 475/2776/219
f 475/2767/219 387/2678/131 385/2679/129 473/2768/217
f 390/2624/134 478/2777/222 480/2778/224 392/2625/136
f 392/2625/136 480/2778/224 479/2779/223 391/2626/135
f 391/2627/135 479/2772/223 477/2773/221 389/2628/133
f 579/144/323 602/170/346 608/167/352 586/145/330
f 586/145/330 608/167/352 604/166/348 581/146/325
f 581/135/325 604/163/348 601/162/345 577/132/321
f 674/272/418 699/272/443 707/307/451 679/273/423
f 679/273/423 707/307/451 703/306/447 683/274/427
f 683/279/427 703/303/447 698/302/442 675/276/419
f 615/194/359 590/155/334 596/152/340 622/195/366
f 622/195/366 596/152/340 592/151/336 617/196/361
f 617/183/361 592/148/336 589/147/333 613/180/357
f 614/188/358 603/174/347 611/177/355 619/189/363
f 619/190/363 611/172/355 607/171/351 623/191/367
f 623/191/367 607/171/351 602/170/346 615/194/359
f 697/296/441 721/296/465 725/333/469 700/297/444
f 700/297/444 725/333/469 730/344/474 704/300/448
f 704/305/448 730/341/474 723/340/467 698/302/442
f 603/174/347 626/207/370 632/204/376 610/175/354
f 610/175/354 632/204/376 628/203/372 605/178/349
f 605/165/349 628/200/372 625/199/369 601/162/345
f 914/593/658 938/625/682 944/622/688 919/594/663
f 919/594/663 944/622/688 940/621/684 923/595/667
f 923/600/667 940/618/684 937/617/681 915/597/659
f 639/226/383 614/188/358 620/185/364 646/227/390
f 646/227/390 620/185/364 616/184/360 641/228/385
f 641/217/385 616/181/360 613/180/357 637/214/381
f 638/222/382 627/211/371 635/209/379 643/223/387
f 643/223/387 635/209/379 631/208/375 647/224/391
f 647/224/391 631/208/375 626/207/370 639/226/383
f 1299/1121/843 1322/1121/856 1328/1143/862 1306/1122/847
f 1306/1122/847 1328/1143/862 1324/1142/858 1301/1123/845
f 1301/1113/845 1324/1139/858 1321/1138/855 1297/1110/841
f 627/211/371 650/237/394 656/234/400 634/212/378
f 634/212/378 656/234/400 652/233/396 629/213/373
f 629/202/373 652/230/396 649/229/393 625/199/369
f 1117/862/370 1107/859/383 1115/857/391 1120/863/375
f 1120/863/375 1115/857/391 1111/856/387 1124/866/379
f 1124/866/379 1111/856/387 1106/855/382 1118/868/371
f 663/261/407 638/222/382 644/219/388 670/262/414
f 670/262/414 644/219/388 640/218/384 665/263/409
f 665/250/409 640/215/384 637/214/381 661/247/405
f 662/255/406 651/241/395 659/244/403 667/256/411
f 667/257/411 659/239/403 655/238/399 671/258/415
f 671/258/415 655/238/399 650/237/394 663/261/407
f 651/241/395 481/1/225 485/4/229 658/242/402
f 658/242/402 485/4/229 490/15/234 653/245/397
f 653/232/397 490/12/234 483/11/227 649/229/393
f 493/16/237 662/255/406 668/252/412 496/17/240
f 496/17/240 668/252/412 664/251/408 500/20/244
f 500/25/244 664/248/408 661/247/405 494/22/238
f 759/391/503 734/353/478 740/350/484 766/392/510
f 766/392/510 740/350/484 736/349/480 761/395/505
f 761/382/505 736/346/480 733/345/477 757/379/501
f 758/387/502 747/374/491 755/371/499 763/388/507
f 763/388/507 755/371/499 751/370/495 767/389/511
f 767/394/511 751/369/495 746/368/490 759/391/503
f 926/608/670 901/570/645 905/573/649 931/609/675
f 931/609/675 905/573/649 910/585/654 935/610/679
f 935/615/679 910/582/654 903/581/647 927/612/671
f 747/374/491 770/374/514 776/402/520 754/375/498
f 754/375/498 776/402/520 772/401/516 749/376/493
f 749/363/493 772/398/516 769/397/513 745/360/489
f 1309/1124/848 1299/1121/843 1307/1119/583 1312/1125/567
f 1312/1125/567 1307/1119/583 1303/1118/579 1316/1128/571
f 1316/1128/571 1303/1118/579 1298/1075/842 1310/1093/849
f 783/387/527 758/387/502 764/384/508 790/423/534
f 790/423/534 764/384/508 760/383/504 785/424/529
f 785/414/529 760/380/504 757/379/501 781/411/525
f 782/419/526 771/408/515 779/406/523 787/420/531
f 787/420/531 779/406/523 775/405/519 791/421/535
f 791/421/535 775/405/519 770/374/514 783/387/527
f 1491/1380/999 1514/1405/1012 1520/1402/1018 1498/1381/1003
f 1498/1381/1003 1520/1402/1018 1516/1401/1014 1493/1382/1001
f 1493/1372/1001 1516/1398/1014 1513/1397/1011 1489/1369/997
f 771/408/515 794/408/538 800/430/544 778/409/522
f 778/409/522 800/430/544 796/429/540 773/410/517
f 773/400/517 796/426/540 793/425/537 769/397/513
f 866/529/610 891/529/635 899/564/643 871/530/615
f 871/530/615 899/564/643 895/563/639 875/531/619
f 875/536/619 895/560/639 890/559/634 867/533/611
f 807/419/551 782/419/526 788/416/532 814/456/558
f 814/456/558 788/416/532 784/415/528 809/457/553
f 809/445/553 784/412/528 781/411/525 805/442/549
f 806/450/550 795/436/539 803/439/547 811/451/555
f 811/452/555 803/434/547 799/433/543 815/453/559
f 815/453/559 799/433/543 794/408/538 807/419/551
f 889/553/633 913/587/657 917/590/661 892/554/636
f 892/554/636 917/590/661 922/601/666 896/557/640
f 896/562/640 922/598/666 915/597/659 890/559/634
f 795/436/539 818/436/562 824/465/568 802/437/546
f 802/437/546 824/465/568 820/464/564 797/440/541
f 797/428/541 820/461/564 817/460/561 793/425/537
f 1057/779/239 1069/794/226 1073/797/232 1060/780/246
f 1060/780/246 1073/797/232 1078/808/228 1064/783/241
f 1064/783/241 1078/808/228 1071/807/225 1058/785/237
f 831/450/575 806/450/550 812/447/556 838/486/582
f 838/486/582 812/447/556 808/446/552 833/487/577
f 833/477/577 808/443/552 805/442/549 829/474/573
f 830/482/574 819/471/563 827/469/571 835/483/579
f 835/483/579 827/469/571 823/468/567 839/484/583
f 839/484/583 823/468/567 818/436/562 831/450/575
f 1095/842/395 1071/807/225 1079/805/229 1102/843/402
f 1102/843/402 1079/805/229 1075/804/234 1097/844/397
f 1097/831/397 1075/801/234 1070/800/227 1093/828/393
f 819/471/563 842/496/586 848/493/592 826/472/570
f 826/472/570 848/493/592 844/492/588 821/473/565
f 821/463/565 844/489/588 841/488/585 817/460/561
f 1094/836/394 1081/809/407 1085/812/415 1099/837/399
f 1099/838/399 1085/825/415 1090/824/411 1103/839/403
f 1103/839/403 1090/824/411 1083/823/406 1095/842/395
f 855/517/599 830/482/574 836/479/580 862/518/606
f 862/518/606 836/479/580 832/478/576 857/521/601
f 857/509/601 832/475/576 829/474/573 853/506/597
f 854/293/598 843/266/587 851/499/595 859/514/603
f 859/514/603 851/499/595 847/498/591 863/515/607
f 863/520/607 847/497/591 842/496/586 855/517/599
f 843/266/587 673/266/417 677/269/421 850/502/594
f 850/502/594 677/269/421 682/280/426 845/503/589
f 845/491/589 682/277/426 675/276/419 841/488/585
f 687/293/431 854/293/598 860/511/604 694/294/438
f 694/294/438 860/511/604 856/510/600 689/295/433
f 689/284/433 856/507/600 853/506/597 685/281/429
f 951/649/695 925/602/669 929/605/673 958/650/702
f 958/650/702 929/605/673 934/616/678 953/651/697
f 953/638/697 934/613/678 927/612/671 949/635/693
f 950/643/694 939/629/683 947/632/691 955/644/699
f 955/645/699 947/627/691 943/626/687 959/646/703
f 959/646/703 943/626/687 938/625/682 951/649/695
f 1501/1383/1004 1491/1380/999 1499/1378/775 1504/1384/759
f 1504/1384/759 1499/1378/775 1495/1377/771 1508/1387/763
f 1508/1387/763 1495/1377/771 1490/1334/998 1502/1352/1005
f 939/629/683 962/629/706 968/659/712 946/630/690
f 946/630/690 968/659/712 964/658/708 941/633/685
f 941/620/685 964/655/708 961/654/705 937/617/681
f 1118/868/371 1094/836/394 1100/833/400 1123/869/378
f 1123/869/378 1100/833/400 1096/832/396 1127/870/373
f 1127/875/373 1096/829/396 1093/828/393 1119/872/369
f 975/643/719 950/643/694 956/640/700 982/680/726
f 982/680/726 956/640/700 952/639/696 977/681/721
f 977/671/721 952/636/696 949/635/693 973/668/717
f 974/676/718 963/665/707 971/663/715 979/677/723
f 979/677/723 971/663/715 967/662/711 983/678/727
f 983/678/727 967/662/711 962/629/706 975/643/719
f 1058/785/237 1083/823/406 1091/820/412 1063/786/240
f 1063/786/240 1091/820/412 1087/819/408 1067/787/244
f 1067/792/244 1087/816/408 1082/815/405 1059/789/238
f 963/665/707 986/665/730 992/687/736 970/666/714
f 970/666/714 992/687/736 988/686/732 965/667/709
f 965/657/709 988/683/732 985/682/729 961/654/705
f 1683/1642/1163 1706/1667/1186 1712/1664/1192 1690/1643/1170
f 1690/1643/1170 1712/1664/1192 1708/1663/1188 1685/1644/1165
f 1685/1634/1165 1708/1660/1188 1705/1659/1185 1681/1631/1161
f 999/676/743 974/676/718 980/673/724 1006/713/750
f 1006/713/750 980/673/724 976/672/720 1001/714/745
f 1001/702/745 976/669/720 973/668/717 997/699/741
f 998/707/742 987/693/731 995/696/739 1003/708/747
f 1003/709/747 995/691/739 991/690/735 1007/710/751
f 1007/710/751 991/690/735 986/665/730 999/676/743
f 1249/1045/804 1261/1060/811 1265/1063/424 1252/1046/435
f 1252/1046/435 1265/1063/424 1270/1074/420 1256/1049/439
f 1256/1049/439 1270/1074/420 1263/1073/813 1250/1051/805
f 987/693/731 1010/725/754 1016/722/760 994/694/738
f 994/694/738 1016/722/760 1012/721/756 989/697/733
f 989/685/733 1012/718/756 1009/717/753 985/682/729
f 1081/809/407 1106/855/382 1112/852/388 1084/810/414
f 1084/810/414 1112/852/388 1108/851/384 1088/813/409
f 1088/818/409 1108/848/384 1105/847/381 1082/815/405
f 1023/707/767 998/707/742 1004/704/748 1030/744/774
f 1030/744/774 1004/704/748 1000/703/744 1025/745/769
f 1025/735/769 1000/700/744 997/699/741 1021/732/765
f 1022/740/766 1011/729/755 1019/727/763 1027/741/771
f 1027/741/771 1019/727/763 1015/726/759 1031/742/775
f 1031/742/775 1015/726/759 1010/725/754 1023/707/767
f 1285/1093/829 1273/1075/817 1277/1078/821 1288/1094/832
f 1288/1097/832 1277/1090/821 1282/1089/826 1292/1098/836
f 1292/1098/836 1282/1089/826 1275/1051/819 1286/1073/830
f 1011/729/755 1034/729/778 1040/751/784 1018/730/762
f 1018/730/762 1040/751/784 1036/750/780 1013/731/757
f 1013/720/757 1036/747/780 1033/746/777 1009/717/753
f 1286/1073/830 1263/1073/813 1271/1071/816 1291/1101/835
f 1291/1101/835 1271/1071/816 1267/1070/814 1295/1102/839
f 1295/1107/839 1267/1067/814 1262/1066/812 1287/1104/831
f 1047/740/791 1022/740/766 1028/737/772 1054/774/798
f 1054/774/798 1028/737/772 1024/736/768 1049/777/793
f 1049/766/793 1024/733/768 1021/732/765 1045/763/789
f 1046/550/790 1035/523/779 1043/756/787 1051/771/795
f 1051/771/795 1043/756/787 1039/755/783 1055/772/799
f 1055/776/799 1039/754/783 1034/729/778 1047/740/791
f 1035/523/779 865/523/609 869/526/613 1042/759/786
f 1042/759/786 869/526/613 874/537/618 1037/760/781
f 1037/749/781 874/534/618 867/533/611 1033/746/777
f 879/550/623 1046/550/790 1052/768/796 886/551/630
f 886/551/630 1052/768/796 1048/767/792 881/552/625
f 881/541/625 1048/764/792 1045/763/789 877/538/621
f 1143/862/347 1117/862/370 1121/865/376 1150/908/354
f 1150/908/354 1121/865/376 1126/876/372 1145/911/349
f 1145/899/349 1126/873/372 1119/872/369 1141/896/345
f 1142/904/346 1131/891/359 1139/888/367 1147/905/351
f 1147/905/351 1139/888/367 1135/887/363 1151/906/801
f 1151/910/801 1135/886/363 1130/885/358 1143/862/347
f 1693/1645/1173 1683/1642/1163 1691/1640/1171 1696/1646/1176
f 1696/1646/1176 1691/1640/1171 1687/1639/1167 1700/1649/1180
f 1700/1649/1180 1687/1639/1167 1682/1594/1162 1694/1613/1174
f 1131/891/359 1154/891/334 1160/918/340 1138/892/366
f 1138/892/366 1160/918/340 1156/917/336 1133/893/361
f 1133/880/361 1156/914/336 1153/913/333 1129/877/357
f 1310/1093/849 1285/1093/829 1289/1096/833 1315/1130/852
f 1315/1130/852 1289/1096/833 1294/1108/838 1319/1131/854
f 1319/1136/854 1294/1105/838 1287/1104/831 1311/1133/850
f 1167/939/323 1142/904/346 1148/901/352 1174/940/330
f 1174/940/330 1148/901/352 1144/900/348 1169/941/325
f 1169/930/325 1144/897/348 1141/896/345 1165/927/321
f 1166/935/322 1155/924/335 1163/922/343 1171/936/327
f 1171/936/327 1163/922/343 1159/921/339 1175/937/331
f 1175/937/331 1159/921/339 1154/891/334 1167/939/323
f 1250/1051/805 1275/1051/819 1283/1086/827 1255/1052/808
f 1255/1052/808 1283/1086/827 1279/1085/823 1259/1053/810
f 1259/1058/810 1279/1082/823 1274/1081/818 1251/1055/806
f 1155/924/335 1178/950/311 1184/947/319 1162/925/342
f 1162/925/342 1184/947/319 1180/946/315 1157/926/337
f 1157/916/337 1180/943/315 1177/942/310 1153/913/333
f 1875/1904/1355 1898/1930/1378 1904/1927/1384 1882/1905/1362
f 1882/1905/1362 1904/1927/1384 1900/1926/1380 1877/1906/1357
f 1877/1895/1357 1900/1923/1380 1897/1922/1377 1873/1892/1353
f 1191/974/298 1166/935/322 1172/932/328 1198/975/303
f 1198/975/303 1172/932/328 1168/931/324 1193/976/307
f 1193/963/307 1168/928/324 1165/927/321 1189/960/299
f 1190/968/297 1179/954/309 1187/957/313 1195/969/300
f 1195/970/300 1187/952/313 1183/951/318 1199/971/304
f 1199/971/304 1183/951/318 1178/950/311 1191/974/298
f 1441/1304/961 1453/1319/967 1457/1322/616 1444/1305/627
f 1444/1305/627 1457/1322/616 1462/1333/612 1448/1308/631
f 1448/1308/631 1462/1333/612 1455/1332/969 1442/1310/962
f 1179/954/309 1202/987/287 1208/984/295 1186/955/312
f 1186/955/312 1208/984/295 1204/983/291 1181/958/316
f 1181/945/316 1204/980/291 1201/979/286 1177/942/310
f 1273/1075/817 1298/1075/842 1304/1115/846 1276/1076/820
f 1276/1076/820 1304/1115/846 1300/1114/844 1280/1079/824
f 1280/1084/824 1300/1111/844 1297/1110/841 1274/1081/818
f 1215/968/274 1190/968/297 1196/965/301 1222/1006/279
f 1222/1006/279 1196/965/301 1192/964/306 1217/1007/283
f 1217/997/283 1192/961/306 1189/960/299 1213/994/275
f 1214/1002/273 1203/991/285 1211/989/289 1219/1003/276
f 1219/1003/276 1211/989/289 1207/988/294 1223/1004/280
f 1223/1004/280 1207/988/294 1202/987/287 1215/968/274
f 1477/1352/985 1465/1334/973 1469/1337/977 1480/1353/988
f 1480/1356/988 1469/1349/977 1474/1348/982 1484/1357/992
f 1484/1357/992 1474/1348/982 1467/1310/975 1478/1332/986
f 1203/991/285 1226/1016/262 1232/1013/268 1210/992/288
f 1210/992/288 1232/1013/268 1228/1012/264 1205/993/292
f 1205/982/292 1228/1009/264 1225/1008/261 1201/979/286
f 1478/1332/986 1455/1332/969 1463/1330/972 1483/1360/991
f 1483/1360/991 1463/1330/972 1459/1329/971 1487/1361/995
f 1487/1366/995 1459/1326/971 1454/1325/968 1479/1363/987
f 1239/1039/251 1214/1002/273 1220/999/277 1246/1040/258
f 1246/1040/258 1220/999/277 1216/998/282 1241/1043/253
f 1241/1030/253 1216/995/282 1213/994/275 1237/1027/249
f 1238/1035/250 1227/1022/263 1235/1019/271 1243/1036/255
f 1243/1036/255 1235/1019/271 1231/1018/267 1247/1037/803
f 1247/1042/803 1231/1017/267 1226/1016/262 1239/1039/251
f 1227/1022/263 1057/779/239 1061/782/247 1234/1023/270
f 1234/1023/270 1061/782/247 1066/793/243 1229/1024/265
f 1229/1011/265 1066/790/243 1059/789/238 1225/1008/261
f 1069/794/226 1238/1035/250 1244/1032/256 1072/795/231
f 1072/795/231 1244/1032/256 1240/1031/252 1076/798/235
f 1076/803/235 1240/1028/252 1237/1027/249 1070/800/227
f 1335/1168/869 1309/1124/848 1313/1127/851 1342/1169/876
f 1342/1169/876 1313/1127/851 1318/1137/853 1337/1172/871
f 1337/1159/871 1318/1134/853 1311/1133/850 1333/1156/867
f 1334/1164/868 1323/1151/857 1331/1148/865 1339/1165/873
f 1339/1165/873 1331/1148/865 1327/1147/861 1343/1166/877
f 1343/1171/877 1327/1146/861 1322/1121/856 1335/1168/869
f 1885/1907/1365 1875/1904/1355 1883/1902/1363 1888/1908/1368
f 1888/1908/1368 1883/1902/1363 1879/1901/1359 1892/1911/1372
f 1892/1911/1372 1879/1901/1359 1874/1900/1354 1886/1913/1366
f 1323/1151/857 1346/1151/880 1352/1179/884 1330/1152/864
f 1330/1152/864 1352/1179/884 1348/1178/882 1325/1153/859
f 1325/1141/859 1348/1175/882 1345/1174/879 1321/1138/855
f 1502/1352/1005 1477/1352/985 1481/1355/989 1507/1389/1008
f 1507/1389/1008 1481/1355/989 1486/1367/994 1511/1390/1010
f 1511/1395/1010 1486/1364/994 1479/1363/987 1503/1392/1006
f 1359/1164/888 1334/1164/868 1340/1161/874 1366/1200/891
f 1366/1200/891 1340/1161/874 1336/1160/870 1361/1201/890
f 1361/1191/890 1336/1157/870 1333/1156/867 1357/1188/886
f 1358/1196/887 1347/1185/881 1355/1183/535 1363/1197/519
f 1363/1197/519 1355/1183/535 1351/1182/531 1367/1198/523
f 1367/1198/523 1351/1182/531 1346/1151/880 1359/1164/888
f 1442/1310/962 1467/1310/975 1475/1345/983 1447/1311/964
f 1447/1311/964 1475/1345/983 1471/1344/979 1451/1312/966
f 1451/1317/966 1471/1341/979 1466/1340/974 1443/1314/963
f 1347/1185/881 1370/1210/893 1376/1207/899 1354/1186/885
f 1354/1186/885 1376/1207/899 1372/1206/895 1349/1187/883
f 1349/1177/883 1372/1203/895 1369/1202/892 1345/1174/879
f 1383/1196/906 1358/1196/887 1364/1193/714 1390/1234/913
f 1390/1234/913 1364/1193/714 1360/1192/889 1385/1235/908
f 1385/1223/908 1360/1189/889 1357/1188/886 1381/1220/904
f 1382/1228/905 1371/1214/894 1379/1217/902 1387/1229/910
f 1387/1230/910 1379/1212/902 1375/1211/898 1391/1231/914
f 1391/1231/914 1375/1211/898 1370/1210/893 1383/1196/906
f 1633/1564/1113 1645/1579/1125 1649/1582/1129 1636/1565/1116
f 1636/1565/1116 1649/1582/1129 1654/1593/1134 1640/1568/1120
f 1640/1568/1120 1654/1593/1134 1647/1592/1127 1634/1570/1114
f 1371/1214/894 1394/1246/917 1400/1243/922 1378/1215/901
f 1378/1215/901 1400/1243/922 1396/1242/919 1373/1218/896
f 1373/1205/896 1396/1239/919 1393/1238/916 1369/1202/892
f 1465/1334/973 1490/1334/998 1496/1374/1002 1468/1335/976
f 1468/1335/976 1496/1374/1002 1492/1373/1000 1472/1338/980
f 1472/1343/980 1492/1370/1000 1489/1369/997 1466/1340/974
f 1407/1265/927 1382/1228/905 1388/1225/911 1414/1266/934
f 1414/1266/934 1388/1225/911 1384/1224/907 1409/1267/929
f 1409/1256/929 1384/1221/907 1381/1220/904 1405/1253/925
f 1406/1261/926 1395/1250/918 1403/1248/924 1411/1262/931
f 1411/1262/931 1403/1248/924 1399/1247/921 1415/1263/935
f 1415/1263/935 1399/1247/921 1394/1246/917 1407/1265/927
f 1669/1613/1149 1657/1594/1137 1661/1597/1141 1672/1614/1152
f 1672/1617/1152 1661/1610/1141 1666/1609/1146 1676/1618/1156
f 1676/1618/1156 1666/1609/1146 1659/1608/1139 1670/1621/1150
f 1395/1250/918 1418/1276/938 1424/1273/944 1402/1251/923
f 1402/1251/923 1424/1273/944 1420/1272/940 1397/1252/920
f 1397/1241/920 1420/1269/940 1417/1268/937 1393/1238/916
f 1670/1621/1150 1647/1592/1127 1655/1590/1135 1675/1622/1155
f 1675/1622/1155 1655/1590/1135 1651/1589/1131 1679/1623/1159
f 1679/1628/1159 1651/1586/1131 1646/1585/1126 1671/1625/1151
f 1431/1298/951 1406/1261/926 1412/1258/932 1438/1299/958
f 1438/1299/958 1412/1258/932 1408/1257/928 1433/1302/953
f 1433/1290/953 1408/1254/928 1405/1253/925 1429/1287/949
f 1430/1060/950 1419/1282/939 1427/1279/947 1435/1295/955
f 1435/1295/955 1427/1279/947 1423/1278/943 1439/1296/959
f 1439/1301/959 1423/1277/943 1418/1276/938 1431/1298/951
f 1419/1282/939 1249/1045/804 1253/1048/807 1426/1283/946
f 1426/1283/946 1253/1048/807 1258/1059/809 1421/1284/941
f 1421/1271/941 1258/1056/809 1251/1055/806 1417/1268/937
f 1261/1060/811 1430/1060/950 1436/1292/956 1264/1061/613
f 1264/1061/613 1436/1292/956 1432/1291/952 1268/1064/815
f 1268/1069/815 1432/1288/952 1429/1287/949 1262/1066/812
f 1527/1428/1025 1501/1383/1004 1505/1386/1007 1534/1429/1032
f 1534/1429/1032 1505/1386/1007 1510/1396/1009 1529/1432/1027
f 1529/1419/1027 1510/1393/1009 1503/1392/1006 1525/1416/1023
f 1526/1424/1024 1515/1411/1013 1523/1408/1021 1531/1425/1029
f 1531/1425/1029 1523/1408/1021 1519/1407/1017 1535/1426/1033
f 1535/1431/1033 1519/1406/1017 1514/1405/1012 1527/1428/1025
f 1515/1411/1013 1538/1411/1036 1544/1439/1040 1522/1412/1020
f 1522/1412/1020 1544/1439/1040 1540/1438/1038 1517/1413/1015
f 1517/1400/1015 1540/1435/1038 1537/1434/1035 1513/1397/1011
f 1694/1613/1174 1669/1613/1149 1673/1616/1153 1699/1651/1179
f 1699/1651/1179 1673/1616/1153 1678/1629/1158 1703/1652/1183
f 1703/1657/1183 1678/1626/1158 1671/1625/1151 1695/1654/1175
f 1551/1460/1043 1526/1424/1024 1532/1421/1030 1558/1461/1047
f 1558/1461/1047 1532/1421/1030 1528/1420/1026 1553/1462/1045
f 1553/1451/1045 1528/1417/1026 1525/1416/1023 1549/1448/1041
f 1550/1456/1042 1539/1445/1037 1547/1443/727 1555/1457/711
f 1555/1457/711 1547/1443/727 1543/1442/723 1559/1458/715
f 1559/1458/715 1543/1442/723 1538/1411/1036 1551/1460/1043
f 1634/1570/1114 1659/1608/1139 1667/1605/1147 1639/1571/1119
f 1639/1571/1119 1667/1605/1147 1663/1604/1143 1643/1572/1123
f 1643/1577/1123 1663/1601/1143 1658/1600/1138 1635/1574/1115
f 1539/1445/1037 1562/1445/1049 1568/1468/1055 1546/1446/532
f 1546/1446/532 1568/1468/1055 1564/1467/1051 1541/1447/1039
f 1541/1437/1039 1564/1464/1051 1561/1463/1048 1537/1434/1035
f 1575/1494/1062 1550/1456/1042 1556/1453/1046 1582/1495/1069
f 1582/1495/1069 1556/1453/1046 1552/1452/1044 1577/1496/1064
f 1577/1483/1064 1552/1449/1044 1549/1448/1041 1573/1480/1060
f 1574/1488/1061 1563/1474/1050 1571/1477/1058 1579/1489/1066
f 1579/1490/1066 1571/1472/1058 1567/1471/1054 1583/1491/1070
f 1583/1491/1070 1567/1471/1054 1562/1445/1049 1575/1494/1062
f 1825/1827/1305 1837/1842/1317 1841/1845/1321 1828/1828/1308
f 1828/1828/1308 1841/1845/1321 1846/1856/1326 1832/1831/1312
f 1832/1831/1312 1846/1856/1326 1839/1855/1319 1826/1833/1306
f 1563/1474/1050 1586/1474/1073 1592/1504/1078 1570/1475/1057
f 1570/1475/1057 1592/1504/1078 1588/1503/1075 1565/1478/1052
f 1565/1466/1052 1588/1500/1075 1585/1499/1072 1561/1463/1048
f 1657/1594/1137 1682/1594/1162 1688/1636/1168 1660/1595/1140
f 1660/1595/1140 1688/1636/1168 1684/1635/1164 1664/1598/1144
f 1664/1603/1144 1684/1632/1164 1681/1631/1161 1658/1600/1138
f 1599/1525/1083 1574/1488/1061 1580/1485/1067 1606/1526/1090
f 1606/1526/1090 1580/1485/1067 1576/1484/1063 1601/1527/1085
f 1601/1516/1085 1576/1481/1063 1573/1480/1060 1597/1513/1081
f 1598/1521/1082 1587/1510/1074 1595/1508/1080 1603/1522/1087
f 1603/1522/1087 1595/1508/1080 1591/1507/1077 1607/1523/1091
f 1607/1523/1091 1591/1507/1077 1586/1474/1073 1599/1525/1083
f 1861/1875/1341 1849/1857/1329 1853/1860/1333 1864/1876/1344
f 1864/1879/1344 1853/1872/1333 1858/1871/1338 1868/1880/1348
f 1868/1880/1348 1858/1871/1338 1851/1833/1331 1862/1855/1342
f 1587/1510/1074 1610/1536/1094 1616/1533/1100 1594/1511/1079
f 1594/1511/1079 1616/1533/1100 1612/1532/1096 1589/1512/1076
f 1589/1502/1076 1612/1529/1096 1609/1528/1093 1585/1499/1072
f 1862/1855/1342 1839/1855/1319 1847/1853/1327 1867/1883/1347
f 1867/1883/1347 1847/1853/1327 1843/1852/1323 1871/1884/1351
f 1871/1889/1351 1843/1849/1323 1838/1848/1318 1863/1886/1343
f 1623/1558/1107 1598/1521/1082 1604/1518/1088 1630/1559/1111
f 1630/1559/1111 1604/1518/1088 1600/1517/1084 1625/1562/1108
f 1625/1549/1108 1600/1514/1084 1597/1513/1081 1621/1546/1105
f 1622/1554/1106 1611/1304/1095 1619/1539/1103 1627/1555/1109
f 1627/1555/1109 1619/1539/1103 1615/1538/1099 1631/1556/1112
f 1631/1561/1112 1615/1537/1099 1610/1536/1094 1623/1558/1107
f 1611/1304/1095 1441/1304/961 1445/1307/438 1618/1542/1102
f 1618/1542/1102 1445/1307/438 1450/1318/965 1613/1543/1097
f 1613/1531/1097 1450/1315/965 1443/1314/963 1609/1528/1093
f 1453/1319/967 1622/1554/1106 1628/1551/643 1456/1320/970
f 1456/1320/970 1628/1551/643 1624/1550/639 1460/1323/619
f 1460/1328/619 1624/1547/639 1621/1546/1105 1454/1325/968
f 1719/1690/1199 1693/1645/1173 1697/1648/1177 1726/1691/1206
f 1726/1691/1206 1697/1648/1177 1702/1658/1182 1721/1694/1201
f 1721/1681/1201 1702/1655/1182 1695/1654/1175 1717/1678/1197
f 1718/1686/1198 1707/1673/1187 1715/1670/1195 1723/1687/1203
f 1723/1687/1203 1715/1670/1195 1711/1669/1191 1727/1688/1207
f 1727/1693/1207 1711/1668/1191 1706/1667/1186 1719/1690/1199
f 1707/1673/1187 1730/1704/1210 1736/1701/1216 1714/1674/1194
f 1714/1674/1194 1736/1701/1216 1732/1700/1212 1709/1675/1189
f 1709/1662/1189 1732/1697/1212 1729/1696/1209 1705/1659/1185
f 1886/1913/1366 1861/1875/1341 1865/1878/1345 1891/1914/1371
f 1891/1914/1371 1865/1878/1345 1870/1890/1350 1895/1915/1375
f 1895/1920/1375 1870/1887/1350 1863/1886/1343 1887/1917/1367
f 1743/1723/1223 1718/1686/1198 1724/1683/1204 1750/1724/1230
f 1750/1724/1230 1724/1683/1204 1720/1682/1200 1745/1725/1225
f 1745/1714/1225 1720/1679/1200 1717/1678/1197 1741/1711/1221
f 1742/1719/1222 1731/1708/1211 1739/1706/1219 1747/1720/1227
f 1747/1720/1227 1739/1706/1219 1735/1705/1215 1751/1721/1231
f 1751/1721/1231 1735/1705/1215 1730/1704/1210 1743/1723/1223
f 1826/1833/1306 1851/1833/1331 1859/1868/1339 1831/1834/1311
f 1831/1834/1311 1859/1868/1339 1855/1867/1335 1835/1835/1315
f 1835/1840/1315 1855/1864/1335 1850/1863/1330 1827/1837/1307
f 1731/1708/1211 1754/1734/1234 1760/1731/1240 1738/1709/1218
f 1738/1709/1218 1760/1731/1240 1756/1730/1236 1733/1710/1213
f 1733/1699/1213 1756/1727/1236 1753/1726/1233 1729/1696/1209
f 1767/1758/1247 1742/1719/1222 1748/1716/1228 1774/1759/1254
f 1774/1759/1254 1748/1716/1228 1744/1715/1224 1769/1760/1249
f 1769/1747/1249 1744/1712/1224 1741/1711/1221 1765/1744/1245
f 1766/1752/1246 1755/1738/1235 1763/1741/1243 1771/1753/1251
f 1771/1754/1251 1763/1736/1243 1759/1735/1239 1775/1755/1255
f 1775/1755/1255 1759/1735/1239 1754/1734/1234 1767/1758/1247
f 1755/1738/1235 1778/1771/1258 1784/1768/1264 1762/1739/1242
f 1762/1739/1242 1784/1768/1264 1780/1767/1260 1757/1742/1237
f 1757/1729/1237 1780/1764/1260 1777/1763/1257 1753/1726/1233
f 1849/1857/1329 1874/1900/1354 1880/1897/1360 1852/1858/1332
f 1852/1858/1332 1880/1897/1360 1876/1896/1356 1856/1861/1336
f 1856/1866/1336 1876/1893/1356 1873/1892/1353 1850/1863/1330
f 1791/1790/1271 1766/1752/1246 1772/1749/1252 1798/1791/1278
f 1798/1791/1278 1772/1749/1252 1768/1748/1248 1793/1792/1273
f 1793/1781/1273 1768/1745/1248 1765/1744/1245 1789/1778/1269
f 1790/1786/1270 1779/1775/1259 1787/1773/1267 1795/1787/1275
f 1795/1787/1275 1787/1773/1267 1783/1772/1263 1799/1788/1279
f 1799/1788/1279 1783/1772/1263 1778/1771/1258 1791/1790/1271
f 1779/1775/1259 1802/1775/1282 1808/1798/1288 1786/1776/1266
f 1786/1776/1266 1808/1798/1288 1804/1797/1284 1781/1777/1261
f 1781/1766/1261 1804/1794/1284 1801/1793/1281 1777/1763/1257
f 1815/1786/1295 1790/1786/1270 1796/1783/1276 1822/1822/1302
f 1822/1822/1302 1796/1783/1276 1792/1782/1272 1817/1825/1297
f 1817/1813/1297 1792/1779/1272 1789/1778/1269 1813/1810/1293
f 1814/1818/1294 1803/1564/1283 1811/1803/1291 1819/1819/1299
f 1819/1819/1299 1811/1803/1291 1807/1802/1287 1823/1820/1303
f 1823/1824/1303 1807/1801/1287 1802/1775/1282 1815/1786/1295
f 1803/1564/1283 1633/1564/1113 1637/1567/1117 1810/1806/1290
f 1810/1806/1290 1637/1567/1117 1642/1578/1122 1805/1807/1285
f 1805/1796/1285 1642/1575/1122 1635/1574/1115 1801/1793/1281
f 1645/1579/1125 1814/1818/1294 1820/1815/1300 1648/1580/1128
f 1648/1580/1128 1820/1815/1300 1816/1814/1296 1652/1583/1132
f 1652/1588/1132 1816/1811/1296 1813/1810/1293 1646/1585/1126
f 1911/1953/1391 1885/1907/1365 1889/1910/1369 1918/1954/1398
f 1918/1954/1398 1889/1910/1369 1894/1921/1374 1913/1957/1393
f 1913/1944/1393 1894/1918/1374 1887/1917/1367 1909/1941/1389
f 1910/1949/1390 1899/1936/1379 1907/1933/1387 1915/1950/1395
f 1915/1950/1395 1907/1933/1387 1903/1932/1383 1919/1951/1399
f 1919/1956/1399 1903/1931/1383 1898/1930/1378 1911/1953/1391
f 1899/1936/1379 1922/1967/1402 1928/1964/1408 1906/1937/1386
f 1906/1937/1386 1928/1964/1408 1924/1963/1404 1901/1938/1381
f 1901/1925/1381 1924/1960/1404 1921/1959/1401 1897/1922/1377
f 1935/1986/1415 1910/1949/1390 1916/1946/1396 1942/1987/1422
f 1942/1987/1422 1916/1946/1396 1912/1945/1392 1937/1988/1417
f 1937/1977/1417 1912/1942/1392 1909/1941/1389 1933/1974/1413
f 1934/1982/1414 1923/1971/1403 1931/1969/1411 1939/1983/1419
f 1939/1983/1419 1931/1969/1411 1927/1968/1407 1943/1984/1423
f 1943/1984/1423 1927/1968/1407 1922/1967/1402 1935/1986/1415
f 1923/1971/1403 1946/1997/1426 1952/1994/1432 1930/1972/1410
f 1930/1972/1410 1952/1994/1432 1948/1993/1428 1925/1973/1405
f 1925/1962/1405 1948/1990/1428 1945/1989/1425 1921/1959/1401
f 1959/2021/1439 1934/1982/1414 1940/1979/1420 1966/2022/1446
f 1966/2022/1446 1940/1979/1420 1936/1978/1416 1961/2023/1441
f 1961/2010/1441 1936/1975/1416 1933/1974/1413 1957/2007/1437
f 1958/2015/1438 1947/2001/1427 1955/2004/1435 1963/2016/1443
f 1963/2017/1443 1955/1999/1435 1951/1998/1431 1967/2018/1447
f 1967/2018/1447 1951/1998/1431 1946/1997/1426 1959/2021/1439
f 1947/2001/1427 1970/2034/1450 1976/2031/1456 1954/2002/1434
f 1954/2002/1434 1976/2031/1456 1972/2030/1452 1949/2005/1429
f 1949/1992/1429 1972/2027/1452 1969/2026/1449 1945/1989/1425
f 1983/2053/1463 1958/2015/1438 1964/2012/1444 1990/2054/1470
f 1990/2054/1470 1964/2012/1444 1960/2011/1440 1985/2055/1465
f 1985/2044/1465 1960/2008/1440 1957/2007/1437 1981/2041/1461
f 1982/2049/1462 1971/2038/1451 1979/2036/1459 1987/2050/1467
f 1987/2050/1467 1979/2036/1459 1975/2035/1455 1991/2051/1471
f 1991/2051/1471 1975/2035/1455 1970/2034/1450 1983/2053/1463
f 1971/2038/1451 1994/2038/1474 2000/2061/1480 1978/2039/1458
f 1978/2039/1458 2000/2061/1480 1996/2060/1476 1973/2040/1453
f 1973/2029/1453 1996/2057/1476 1993/2056/1473 1969/2026/1449
f 2007/2086/1487 1982/2049/1462 1988/2046/1468 2014/2087/1494
f 2014/2087/1494 1988/2046/1468 1984/2045/1464 2009/2090/1489
f 2009/2077/1489 1984/2042/1464 1981/2041/1461 2005/2074/1485
f 2006/2082/1486 1995/2069/1475 2003/2066/1483 2011/2083/1491
f 2011/2083/1491 2003/2066/1483 1999/2065/1479 2015/2084/1495
f 2015/2089/1495 1999/2064/1479 1994/2038/1474 2007/2086/1487
f 1995/2069/1475 1825/1827/1305 1829/1830/1309 2002/2070/1482
f 2002/2070/1482 1829/1830/1309 1834/1841/1314 1997/2071/1477
f 1997/2059/1477 1834/1838/1314 1827/1837/1307 1993/2056/1473
f 1837/1842/1317 2006/2082/1486 2012/2079/1492 1840/1843/1320
f 1840/1843/1320 2012/2079/1492 2008/2078/1488 1844/1846/1324
f 1844/1851/1324 2008/2075/1488 2005/2074/1485 1838/1848/1318
f 1/2121/1 9/2120/9 17/2156/17 25/2189/25 33/2202/33 41/2227/41 49/2247/49 57/2273/57 65/2306/65 73/2316/73 81/2331/81 89/2359/89 97/2379/97 105/2389/105 113/2404/113 121/2419/121
f 2/2112/2 6/2133/6 14/2132/14 10/2113/10
f 122/2413/122 126/2425/126 6/2133/6 2/2112/2
f 13/2141/13 5/2140/5 125/2432/125 117/2409/117 109/2399/109 101/2384/101 93/2374/93 85/2341/85 77/2321/77 69/2311/69 61/2291/61 53/2260/53 45/2232/45 37/2217/37 29/2197/29 21/2171/21
f 10/2113/10 14/2132/14 22/2167/22 18/2152/18
f 18/2182/18 22/2191/22 30/2190/30 26/2183/26
f 26/2183/26 30/2190/30 38/2213/38 34/2198/34
f 34/2198/34 38/2213/38 46/2228/46 42/2223/42
f 42/2223/42 46/2228/46 54/2256/54 50/2243/50
f 50/2266/50 54/2285/54 62/2284/62 58/2267/58
f 58/2267/58 62/2284/62 70/2307/70 66/2302/66
f 66/2302/66 70/2307/70 78/2317/78 74/2312/74
f 74/2312/74 78/2317/78 86/2337/86 82/2327/82
f 82/2352/82 86/2368/86 94/2367/94 90/2353/90
f 90/2353/90 94/2367/94 102/2380/102 98/2375/98
f 98/2375/98 102/2380/102 110/2395/110 106/2385/106
f 106/2385/106 110/2395/110 118/2405/118 114/2400/114
f 114/2412/114 118/2426/118 126/2425/126 122/2413/122
f 250/2570/122 254/2577/126 134/2332/6 130/2390/2
f 130/2390/2 134/2332/6 142/2204/14 138/2248/10
f 209/2482/81 217/2500/89 225/2512/97 233/2537/105 241/2552/113 249/2576/121 129/2394/1 137/2255/9 145/2131/17 154/2130/25 161/2265/33 169/2151/41 177/2150/49 185/2445/57 193/2457/65 201/2467/73
f 173/2100/45 165/2222/37 157/2326/29 149/2212/21 141/2211/13 133/2336/5 253/2583/125 245/2565/117 237/2547/109 229/2522/101 221/2507/93 213/2492/85 205/2472/77 197/2462/69 189/2452/61 181/2101/53
f 138/2248/10 142/2204/14 150/2203/22 146/2249/18
f 146/2122/18 150/2410/22 158/2322/30 153/2123/26
f 153/2123/26 158/2322/30 166/2218/38 162/2261/34
f 162/2261/34 166/2218/38 174/2093/46 170/2142/42
f 170/2142/42 174/2093/46 182/2092/54 178/2143/50
f 178/2438/50 182/2447/54 190/2446/62 186/2439/58
f 186/2439/58 190/2446/62 198/2458/70 194/2453/66
f 194/2453/66 198/2458/70 206/2468/78 202/2463/74
f 202/2463/74 206/2468/78 214/2488/86 210/2478/82
f 210/2493/82 214/2502/86 222/2501/94 218/2494/90
f 218/2494/90 222/2501/94 230/2518/102 226/2508/98
f 226/2508/98 230/2518/102 238/2543/110 234/2533/106
f 234/2533/106 238/2543/110 246/2561/118 242/2548/114
f 242/2569/114 246/2578/118 254/2577/126 250/2570/122
f 378/2701/122 382/2710/126 262/2483/6 258/2538/2
f 258/2538/2 262/2483/6 270/2343/14 266/2102/10
f 273/2110/17 282/2366/25 289/2437/33 297/2283/41 305/2282/49 313/2590/57 321/2608/65 329/2618/73 337/2633/81 345/2653/89 353/2666/97 361/2684/105 369/2694/113 377/2706/121 257/2542/1 265/2111/9
f 317/2603/61 309/2424/53 301/2301/45 293/2300/37 285/2477/29 277/2351/21 269/2350/13 261/2487/5 381/2717/125 373/2699/117 365/2689/109 357/2674/101 349/2661/93 341/2646/85 333/2623/77 325/2613/69
f 266/2102/10 270/2343/14 278/2342/22 274/2103/18
f 274/2360/18 278/2566/22 286/2473/30 281/2361/26
f 281/2361/26 286/2473/30 294/2293/38 290/2433/34
f 290/2433/34 294/2293/38 302/2292/46 298/2274/42
f 298/2274/42 302/2292/46 310/2420/54 306/2275/50
f 306/2584/50 310/2597/54 318/2596/62 314/2585/58
f 314/2585/58 318/2596/62 326/2609/70 322/2604/66
f 322/2604/66 326/2609/70 334/2619/78 330/2614/74
f 330/2614/74 334/2619/78 342/2642/86 338/2629/82
f 338/2647/82 342/2655/86 350/2654/94 346/2648/90
f 346/2648/90 350/2654/94 358/2670/102 354/2662/98
f 354/2662/98 358/2670/102 366/2685/110 362/2680/106
f 362/2680/106 366/2685/110 374/2695/118 370/2690/114
f 370/2700/114 374/2711/118 382/2710/126 378/2701/122
f 474/2774/218 478/2777/222 390/2624/134 386/2675/130
f 386/2675/130 390/2624/134 398/2524/142 394/2157/138
f 441/2722/185 449/2735/193 457/2748/201 465/2758/209 473/2768/217 385/2679/129 393/2166/137 401/2165/145 410/2560/154 417/2595/161 425/2242/169 433/2241/177
f 413/2641/157 405/2532/149 397/2531/141 389/2628/133 477/2773/221 469/2763/213 461/2753/205 453/2743/197 445/2727/189 437/2517/181 429/2181/173 421/2180/165
f 394/2157/138 398/2524/142 406/2523/150 402/2158/146
f 402/2553/146 406/2707/150 414/2635/158 409/2554/153
f 409/2554/153 414/2635/158 422/2634/166 418/2667/162
f 418/2591/162 422/2173/166 430/2172/174 426/2233/170
f 426/2233/170 430/2172/174 438/2513/182 434/2234/178
f 434/2234/178 438/2513/182 446/2723/190 442/2718/186
f 442/2728/186 446/2737/190 454/2736/198 450/2729/194
f 450/2729/194 454/2736/198 462/2749/206 458/2744/202
f 458/2744/202 462/2749/206 470/2759/214 466/2754/210
f 466/2754/210 470/2759/214 478/2769/222 474/2764/218
f 651/241/395 662/255/406 493/16/237 481/1/225
f 482/7/226 495/29/239 519/62/263 506/39/250
f 577/132/321 601/162/345 625/199/369 649/229/393 483/11/227 505/31/249 531/77/275 555/108/299
f 566/119/310 542/87/286 517/50/261 494/22/238 661/247/405 637/214/381 613/180/357 589/147/333
f 507/45/251 518/58/262 541/58/285 529/45/273
f 530/73/274 543/94/287 565/94/309 553/96/297
f 554/104/298 567/127/311 591/159/335 578/140/322
f 579/144/323 590/155/334 615/194/359 602/170/346
f 603/174/347 614/188/358 639/226/383 626/207/370
f 627/211/371 638/222/382 663/261/407 650/237/394
f 843/266/587 854/293/598 687/293/431 673/266/417
f 674/272/418 686/289/430 710/289/454 699/272/443
f 745/360/489 769/397/513 793/425/537 817/460/561 841/488/585 675/276/419 698/302/442 723/340/467
f 733/345/477 711/325/455 685/281/429 853/506/597 829/474/573 805/442/549 781/411/525 757/379/501
f 697/296/441 709/314/453 735/357/479 721/296/465
f 722/336/466 734/353/478 759/391/503 746/368/490
f 747/374/491 758/387/502 783/387/527 770/374/514
f 771/408/515 782/419/526 807/419/551 794/408/538
f 795/436/539 806/450/550 831/450/575 818/436/562
f 819/471/563 830/482/574 855/517/599 842/496/586
f 1035/523/779 1046/550/790 879/550/623 865/523/609
f 866/529/610 878/546/622 902/546/646 891/529/635
f 890/559/634 915/597/659 937/617/681 961/654/705 985/682/729 1009/717/753 1033/746/777 867/533/611
f 973/668/717 949/635/693 927/612/671 903/581/647 877/538/621 1045/763/789 1021/732/765 997/699/741
f 889/553/633 901/570/645 926/608/670 913/587/657
f 914/593/658 925/602/669 951/649/695 938/625/682
f 939/629/683 950/643/694 975/643/719 962/629/706
f 963/665/707 974/676/718 999/676/743 986/665/730
f 987/693/731 998/707/742 1023/707/767 1010/725/754
f 1011/729/755 1022/740/766 1047/740/791 1034/729/778
f 1227/1022/263 1238/1035/250 1069/794/226 1057/779/239
f 1058/785/237 1071/807/225 1095/842/395 1083/823/406
f 1129/877/357 1153/913/333 1177/942/310 1201/979/286 1225/1008/261 1059/789/238 1082/815/405 1105/847/381
f 1165/927/321 1141/896/345 1119/872/369 1093/828/393 1070/800/227 1237/1027/249 1213/994/275 1189/960/299
f 1081/809/407 1094/836/394 1118/868/371 1106/855/382
f 1107/859/383 1117/862/370 1143/862/347 1130/885/358
f 1131/891/359 1142/904/346 1167/939/323 1154/891/334
f 1155/924/335 1166/935/322 1191/974/298 1178/950/311
f 1179/954/309 1190/968/297 1215/968/274 1202/987/287
f 1203/991/285 1214/1002/273 1239/1039/251 1226/1016/262
f 1419/1282/939 1430/1060/950 1261/1060/811 1249/1045/804
f 1250/1051/805 1263/1073/813 1286/1073/830 1275/1051/819
f 1274/1081/818 1297/1110/841 1321/1138/855 1345/1174/879 1369/1202/892 1393/1238/916 1417/1268/937 1251/1055/806
f 1357/1188/886 1333/1156/867 1311/1133/850 1287/1104/831 1262/1066/812 1429/1287/949 1405/1253/925 1381/1220/904
f 1273/1075/817 1285/1093/829 1310/1093/849 1298/1075/842
f 1299/1121/843 1309/1124/848 1335/1168/869 1322/1121/856
f 1323/1151/857 1334/1164/868 1359/1164/888 1346/1151/880
f 1347/1185/881 1358/1196/887 1383/1196/906 1370/1210/893
f 1371/1214/894 1382/1228/905 1407/1265/927 1394/1246/917
f 1395/1250/918 1406/1261/926 1431/1298/951 1418/1276/938
f 1611/1304/1095 1622/1554/1106 1453/1319/967 1441/1304/961
f 1442/1310/962 1455/1332/969 1478/1332/986 1467/1310/975
f 1466/1340/974 1489/1369/997 1513/1397/1011 1537/1434/1035 1561/1463/1048 1585/1499/1072 1609/1528/1093 1443/1314/963
f 1549/1448/1041 1525/1416/1023 1503/1392/1006 1479/1363/987 1454/1325/968 1621/1546/1105 1597/1513/1081 1573/1480/1060
f 1465/1334/973 1477/1352/985 1502/1352/1005 1490/1334/998
f 1491/1380/999 1501/1383/1004 1527/1428/1025 1514/1405/1012
f 1515/1411/1013 1526/1424/1024 1551/1460/1043 1538/1411/1036
f 1539/1445/1037 1550/1456/1042 1575/1494/1062 1562/1445/1049
f 1563/1474/1050 1574/1488/1061 1599/1525/1083 1586/1474/1073
f 1587/1510/1074 1598/1521/1082 1623/1558/1107 1610/1536/1094
f 1803/1564/1283 1814/1818/1294 1645/1579/1125 1633/1564/1113
f 1634/1570/1114 1647/1592/1127 1670/1621/1150 1659/1608/1139
f 1658/1600/1138 1681/1631/1161 1705/1659/1185 1729/1696/1209 1753/1726/1233 1777/1763/1257 1801/1793/1281 1635/1574/1115
f 1741/1711/1221 1717/1678/1197 1695/1654/1175 1671/1625/1151 1646/1585/1126 1813/1810/1293 1789/1778/1269 1765/1744/1245
f 1657/1594/1137 1669/1613/1149 1694/1613/1174 1682/1594/1162
f 1683/1642/1163 1693/1645/1173 1719/1690/1199 1706/1667/1186
f 1707/1673/1187 1718/1686/1198 1743/1723/1223 1730/1704/1210
f 1731/1708/1211 1742/1719/1222 1767/1758/1247 1754/1734/1234
f 1755/1738/1235 1766/1752/1246 1791/1790/1271 1778/1771/1258
f 1779/1775/1259 1790/1786/1270 1815/1786/1295 1802/1775/1282
f 1995/2069/1475 2006/2082/1486 1837/1842/1317 1825/1827/1305
f 1826/1833/1306 1839/1855/1319 1862/1855/1342 1851/1833/1331
f 1850/1863/1330 1873/1892/1353 1897/1922/1377 1921/1959/1401 1945/1989/1425 1969/2026/1449 1993/2056/1473 1827/1837/1307
f 1933/1974/1413 1909/1941/1389 1887/1917/1367 1863/1886/1343 1838/1848/1318 2005/2074/1485 1981/2041/1461 1957/2007/1437
f 1849/1857/1329 1861/1875/1341 1886/1913/1366 1874/1900/1354
f 1875/1904/1355 1885/1907/1365 1911/1953/1391 1898/1930/1378
f 1899/1936/1379 1910/1949/1390 1935/1986/1415 1922/1967/1402
f 1923/1971/1403 1934/1982/1414 1959/2021/1439 1946/1997/1426
f 1947/2001/1427 1958/2015/1438 1983/2053/1463 1970/2034/1450
f 1971/2038/1451 1982/2049/1462 2007/2086/1487 1994/2038/1474
