# Blender 5.0.1
# www.blender.org
mtllib BB_PROP_WallLamp.mtl
o BB_PROP_WallLamp
v -0.022111 3.681948 -0.285778
v -0.071554 3.750000 -0.285777
v -0.022111 3.818052 -0.285778
v 0.057889 3.792058 -0.285778
v 0.022111 3.681948 -0.214222
v -0.057889 3.707942 -0.214222
v -0.057889 3.792058 -0.214222
v 0.022111 3.818052 -0.214222
v 0.071554 3.750000 -0.214223
v 0.000000 3.750000 -0.170000
v 0.012996 3.790000 -0.181948
v 0.076085 3.774721 -0.250000
v -0.034026 3.725279 -0.181948
v 0.042058 3.750000 -0.181948
v -0.076085 3.725279 -0.250000
v 0.000000 3.670000 -0.250000
v -0.047023 3.685279 -0.250000
v -0.034026 3.774721 -0.181948
v 0.012996 3.710000 -0.181948
v 0.021030 3.814721 -0.292059
v 0.055055 3.790000 -0.207941
v -0.055055 3.790000 -0.292059
v -0.021030 3.814721 -0.207941
v -0.068052 3.750000 -0.207941
v -0.055055 3.710000 -0.292059
v -0.021030 3.685279 -0.207941
v 0.055055 3.710000 -0.207941
v 0.000000 3.830000 -0.250000
v 0.047023 3.814721 -0.250000
v -0.076085 3.774721 -0.250000
v -0.047023 3.814721 -0.250000
v 0.058995 3.893538 -0.090580
v 0.052037 3.889583 -0.094545
v 0.051636 3.905821 -0.091417
v 0.056103 3.892145 -0.116235
v 0.060894 3.911463 -0.085261
v 0.056654 3.891511 -0.090861
v 0.060388 3.899070 -0.088660
v 0.057768 3.910352 -0.078657
v 0.051189 3.894685 -0.093399
v 0.054131 3.890077 -0.092299
v 0.054614 3.908832 -0.080293
v 0.052423 3.902094 -0.099735
v 0.051043 3.900624 -0.092254
v 0.054002 3.912747 -0.083144
v 0.058316 3.898988 -0.106970
v 0.054057 3.897091 -0.108815
v 0.056532 3.912507 -0.087899
v 0.061082 3.905625 -0.086714
v 0.060069 3.906056 -0.095637
v 0.058954 3.915160 -0.080558
v 0.002107 3.954567 -0.129726
v 0.009939 3.927341 -0.149538
v 0.002247 3.941497 -0.129341
v -0.006868 3.934154 -0.138220
v -0.006863 3.941484 -0.140803
v 0.005498 3.946470 -0.136385
v -0.000986 3.951043 -0.133777
v 0.001326 3.957515 -0.124033
v 0.008241 3.931441 -0.142579
v 0.008364 3.936509 -0.143634
v 0.004517 3.951027 -0.126797
v -0.000827 3.938714 -0.131594
v 0.005428 3.936619 -0.135191
v 0.001343 3.951481 -0.122921
v -0.008088 3.936550 -0.138887
v -0.004160 3.936029 -0.134840
v -0.003354 3.951713 -0.123980
v -0.004266 3.946259 -0.137828
v -0.008086 3.939201 -0.139821
v -0.003387 3.955242 -0.124970
v -0.000000 3.950000 0.094902
v 0.000000 3.955000 0.100000
v -0.000000 3.950670 0.097451
v -0.000000 3.952500 0.099317
v 0.000000 4.000000 0.094902
v 0.000000 3.995000 0.100000
v 0.000000 3.999330 0.097451
v 0.000000 3.997500 0.099317
v 0.036317 3.950000 0.087678
v 0.038268 3.955000 0.092388
v 0.037293 3.950670 0.090033
v 0.038007 3.952500 0.091757
v 0.036317 4.000000 0.087678
v 0.038268 3.995000 0.092388
v 0.037293 3.999330 0.090033
v 0.038007 3.997500 0.091757
v 0.067106 3.950000 0.067106
v 0.070711 3.955000 0.070711
v 0.068908 3.950670 0.068908
v 0.070228 3.952500 0.070228
v 0.067106 4.000000 0.067106
v 0.070711 3.995000 0.070711
v 0.068908 3.999330 0.068908
v 0.070228 3.997500 0.070228
v 0.087678 3.950000 0.036317
v 0.092388 3.955000 0.038268
v 0.090033 3.950670 0.037293
v 0.091757 3.952500 0.038007
v 0.087678 4.000000 0.036317
v 0.092388 3.995000 0.038268
v 0.090033 3.999330 0.037293
v 0.091757 3.997500 0.038007
v 0.094902 3.950000 0.000000
v 0.100000 3.955000 0.000000
v 0.097451 3.950670 0.000000
v 0.099317 3.952500 0.000000
v 0.094902 4.000000 -0.000000
v 0.100000 3.995000 0.000000
v 0.097451 3.999330 -0.000000
v 0.099317 3.997500 -0.000000
v 0.087678 3.950000 -0.036317
v 0.092388 3.955000 -0.038268
v 0.090033 3.950670 -0.037293
v 0.091757 3.952500 -0.038007
v 0.087678 4.000000 -0.036317
v 0.092388 3.995000 -0.038268
v 0.090033 3.999330 -0.037293
v 0.091757 3.997500 -0.038007
v 0.067106 3.950000 -0.067106
v 0.070711 3.955000 -0.070711
v 0.068908 3.950670 -0.068908
v 0.070228 3.952500 -0.070228
v 0.067106 4.000000 -0.067106
v 0.070711 3.995000 -0.070711
v 0.068908 3.999330 -0.068908
v 0.070228 3.997500 -0.070228
v 0.036317 3.950000 -0.087678
v 0.038268 3.955000 -0.092388
v 0.037293 3.950670 -0.090033
v 0.038007 3.952500 -0.091757
v 0.036317 4.000000 -0.087678
v 0.038268 3.995000 -0.092388
v 0.037293 3.999330 -0.090033
v 0.038007 3.997500 -0.091757
v 0.000000 3.950000 -0.094902
v 0.000000 3.955000 -0.100000
v 0.000000 3.950670 -0.097451
v 0.000000 3.952500 -0.099317
v -0.000000 4.000000 -0.094902
v 0.000000 3.995000 -0.100000
v -0.000000 3.999330 -0.097451
v -0.000000 3.997500 -0.099317
v -0.036317 3.950000 -0.087678
v -0.038268 3.955000 -0.092388
v -0.037293 3.950670 -0.090033
v -0.038007 3.952500 -0.091757
v -0.036317 4.000000 -0.087678
v -0.038268 3.995000 -0.092388
v -0.037293 3.999330 -0.090033
v -0.038007 3.997500 -0.091757
v -0.067106 3.950000 -0.067106
v -0.070711 3.955000 -0.070711
v -0.068908 3.950670 -0.068908
v -0.070228 3.952500 -0.070228
v -0.067106 4.000000 -0.067106
v -0.070711 3.995000 -0.070711
v -0.068908 3.999330 -0.068908
v -0.070228 3.997500 -0.070228
v -0.087678 3.950000 -0.036317
v -0.092388 3.955000 -0.038268
v -0.090033 3.950670 -0.037293
v -0.091757 3.952500 -0.038007
v -0.087678 4.000000 -0.036317
v -0.092388 3.995000 -0.038268
v -0.090033 3.999330 -0.037293
v -0.091757 3.997500 -0.038007
v -0.094902 3.950000 -0.000000
v -0.100000 3.955000 0.000000
v -0.097451 3.950670 -0.000000
v -0.099317 3.952500 -0.000000
v -0.094902 4.000000 0.000000
v -0.100000 3.995000 0.000000
v -0.097451 3.999330 0.000000
v -0.099317 3.997500 0.000000
v -0.087678 3.950000 0.036317
v -0.092388 3.955000 0.038268
v -0.090033 3.950670 0.037293
v -0.091757 3.952500 0.038007
v -0.087678 4.000000 0.036317
v -0.092388 3.995000 0.038268
v -0.090033 3.999330 0.037293
v -0.091757 3.997500 0.038007
v -0.067106 3.950000 0.067106
v -0.070711 3.955000 0.070711
v -0.068908 3.950670 0.068908
v -0.070228 3.952500 0.070228
v -0.067106 4.000000 0.067106
v -0.070711 3.995000 0.070711
v -0.068908 3.999330 0.068908
v -0.070228 3.997500 0.070228
v -0.036317 3.950000 0.087678
v -0.038268 3.955000 0.092388
v -0.037293 3.950670 0.090033
v -0.038007 3.952500 0.091757
v -0.036317 4.000000 0.087678
v -0.038268 3.995000 0.092388
v -0.037293 3.999330 0.090033
v -0.038007 3.997500 0.091757
v -0.000000 3.972342 -0.187658
v 0.000000 3.972465 -0.180464
v -0.000000 3.973697 -0.185355
v -0.000000 3.973742 -0.182722
v 0.000000 3.762342 0.022342
v 0.000000 3.769536 0.022464
v 0.000000 3.764645 0.023697
v 0.000000 3.767278 0.023742
v 0.012430 3.970011 -0.189989
v 0.015000 3.969651 -0.183278
v 0.013715 3.971125 -0.187928
v 0.014656 3.970993 -0.185471
v 0.012430 3.760011 0.020011
v 0.015000 3.766722 0.019651
v 0.013715 3.762072 0.021125
v 0.014656 3.764529 0.020993
v 0.021506 3.963657 -0.196343
v 0.022427 3.964452 -0.188477
v 0.027287 3.958552 -0.194377
v 0.022402 3.964946 -0.194009
v 0.024176 3.962791 -0.196163
v 0.024272 3.963881 -0.194288
v 0.024352 3.962739 -0.190190
v 0.022735 3.965233 -0.191161
v 0.024335 3.963883 -0.192405
v 0.026269 3.960943 -0.195451
v 0.026129 3.960581 -0.192348
v 0.025463 3.962514 -0.193774
v 0.027287 3.755623 0.008552
v 0.022427 3.761523 0.014452
v 0.021506 3.753657 0.013657
v 0.026129 3.757652 0.010581
v 0.026269 3.754549 0.010943
v 0.025463 3.756226 0.012514
v 0.022735 3.758839 0.015233
v 0.024352 3.759809 0.012739
v 0.024335 3.757595 0.013883
v 0.024176 3.753837 0.012792
v 0.022402 3.755991 0.014946
v 0.024272 3.755712 0.013881
v 0.028694 3.954877 -0.198052
v 0.028694 3.948052 -0.204877
v 0.024820 3.955000 -0.205000
v 0.029140 3.952713 -0.200216
v 0.028284 3.955679 -0.200715
v 0.028745 3.953936 -0.202352
v 0.028284 3.950715 -0.205679
v 0.029140 3.950217 -0.202712
v 0.028745 3.952352 -0.203936
v 0.026882 3.955724 -0.203230
v 0.026882 3.953230 -0.205724
v 0.028019 3.954084 -0.204084
v 0.024820 3.745000 0.005000
v 0.028694 3.745123 -0.001948
v 0.028694 3.751948 0.004877
v 0.026882 3.744276 0.003230
v 0.026882 3.746770 0.005724
v 0.028019 3.745915 0.004085
v 0.029140 3.747288 0.000216
v 0.028284 3.744321 0.000715
v 0.028745 3.746064 0.002352
v 0.028284 3.749285 0.005679
v 0.029140 3.749784 0.002712
v 0.028745 3.747648 0.003936
v 0.021506 3.946343 -0.213657
v 0.027287 3.944377 -0.208552
v 0.022427 3.938477 -0.214452
v 0.024176 3.946163 -0.212792
v 0.022402 3.944009 -0.214946
v 0.024272 3.944288 -0.213881
v 0.026129 3.942348 -0.210581
v 0.026269 3.945451 -0.210943
v 0.025463 3.943774 -0.212514
v 0.022735 3.941161 -0.215233
v 0.024352 3.940190 -0.212739
v 0.024335 3.942405 -0.213883
v 0.021506 3.736343 -0.003657
v 0.022427 3.735548 -0.011523
v 0.027287 3.741448 -0.005623
v 0.022402 3.735054 -0.005991
v 0.024176 3.737208 -0.003837
v 0.024272 3.736119 -0.005712
v 0.024352 3.737261 -0.009810
v 0.022735 3.734767 -0.008839
v 0.024335 3.736117 -0.007595
v 0.026269 3.739057 -0.004549
v 0.026129 3.739419 -0.007652
v 0.025463 3.737486 -0.006226
v 0.012430 3.939989 -0.220011
v 0.015000 3.933278 -0.219651
v 0.013715 3.937928 -0.221125
v 0.014656 3.935471 -0.220993
v 0.012430 3.729989 -0.010011
v 0.015000 3.730349 -0.016722
v 0.013715 3.728875 -0.012072
v 0.014656 3.729007 -0.014529
v 0.000000 3.937658 -0.222342
v 0.000000 3.930465 -0.222464
v 0.000000 3.935355 -0.223697
v 0.000000 3.932722 -0.223742
v 0.000000 3.727658 -0.012342
v 0.000000 3.727535 -0.019536
v 0.000000 3.726303 -0.014645
v 0.000000 3.726258 -0.017278
v -0.012430 3.939989 -0.220011
v -0.015000 3.933278 -0.219651
v -0.013715 3.937928 -0.221125
v -0.014656 3.935471 -0.220993
v -0.012430 3.729989 -0.010011
v -0.015000 3.730349 -0.016722
v -0.013715 3.728875 -0.012072
v -0.014656 3.729007 -0.014529
v -0.021506 3.946343 -0.213657
v -0.022427 3.938477 -0.214452
v -0.027287 3.944377 -0.208552
v -0.022402 3.944009 -0.214946
v -0.024176 3.946163 -0.212792
v -0.024272 3.944288 -0.213881
v -0.024352 3.940190 -0.212739
v -0.022735 3.941161 -0.215233
v -0.024335 3.942405 -0.213883
v -0.026269 3.945451 -0.210943
v -0.026129 3.942348 -0.210581
v -0.025463 3.943774 -0.212514
v -0.021506 3.736343 -0.003657
v -0.027287 3.741448 -0.005623
v -0.022427 3.735548 -0.011523
v -0.024176 3.737208 -0.003837
v -0.022402 3.735054 -0.005991
v -0.024272 3.736119 -0.005712
v -0.026129 3.739419 -0.007652
v -0.026269 3.739057 -0.004549
v -0.025463 3.737486 -0.006226
v -0.022735 3.734767 -0.008839
v -0.024352 3.737261 -0.009810
v -0.024335 3.736117 -0.007595
v -0.024820 3.955000 -0.205000
v -0.028694 3.948052 -0.204877
v -0.028694 3.954877 -0.198052
v -0.026882 3.953230 -0.205724
v -0.026882 3.955724 -0.203230
v -0.028019 3.954084 -0.204085
v -0.029140 3.950217 -0.202712
v -0.028284 3.950715 -0.205679
v -0.028745 3.952352 -0.203936
v -0.028284 3.955679 -0.200715
v -0.029140 3.952713 -0.200216
v -0.028745 3.953936 -0.202352
v -0.024820 3.745000 0.005000
v -0.028694 3.751948 0.004877
v -0.028694 3.745123 -0.001948
v -0.026882 3.746770 0.005724
v -0.026882 3.744276 0.003230
v -0.028019 3.745915 0.004085
v -0.029140 3.749784 0.002712
v -0.028284 3.749285 0.005679
v -0.028745 3.747648 0.003936
v -0.028284 3.744321 0.000715
v -0.029140 3.747288 0.000216
v -0.028745 3.746064 0.002352
v -0.021506 3.963657 -0.196343
v -0.027287 3.958552 -0.194377
v -0.022427 3.964452 -0.188477
v -0.024176 3.962791 -0.196163
v -0.022402 3.964946 -0.194009
v -0.024272 3.963881 -0.194288
v -0.026129 3.960581 -0.192348
v -0.026269 3.960943 -0.195451
v -0.025463 3.962514 -0.193774
v -0.022735 3.965233 -0.191161
v -0.024352 3.962739 -0.190190
v -0.024335 3.963883 -0.192405
v -0.021506 3.753657 0.013657
v -0.022427 3.761523 0.014452
v -0.027287 3.755623 0.008552
v -0.022402 3.755991 0.014946
v -0.024176 3.753837 0.012792
v -0.024272 3.755712 0.013881
v -0.024352 3.759809 0.012739
v -0.022735 3.758839 0.015233
v -0.024335 3.757595 0.013883
v -0.026269 3.754549 0.010943
v -0.026129 3.757652 0.010581
v -0.025463 3.756226 0.012514
v -0.012430 3.970011 -0.189989
v -0.015000 3.969651 -0.183278
v -0.013715 3.971125 -0.187928
v -0.014656 3.970993 -0.185471
v -0.012430 3.760011 0.020011
v -0.015000 3.766722 0.019651
v -0.013715 3.762072 0.021125
v -0.014656 3.764529 0.020993
v -0.000784 3.892894 -0.249877
v 0.004937 3.895448 -0.246430
v 0.004121 3.895455 -0.253413
v 0.000333 3.894392 -0.248094
v -0.000054 3.894484 -0.251621
v 0.000875 3.895976 -0.249900
v 0.004915 3.896652 -0.248690
v 0.002399 3.895314 -0.246849
v 0.002420 3.896650 -0.248984
v 0.001707 3.895403 -0.252891
v 0.004621 3.896655 -0.251208
v 0.002201 3.896675 -0.250862
v -0.000268 3.799978 -0.157039
v 0.004937 3.799018 -0.150000
v 0.000527 3.799858 -0.153520
v 0.002432 3.799506 -0.150943
v 0.055452 3.883872 -0.250000
v 0.056036 3.885284 -0.246430
v 0.056244 3.885785 -0.249522
v 0.056458 3.886302 -0.248215
v 0.006320 3.798743 -0.150000
v 0.020500 3.799492 -0.153570
v 0.012910 3.797910 -0.150478
v 0.018100 3.798184 -0.151785
v 0.103542 3.853542 -0.246430
v 0.102461 3.852461 -0.250000
v 0.104321 3.854321 -0.248215
v 0.103925 3.853925 -0.249522
v 0.031751 3.781750 -0.150000
v 0.037879 3.787879 -0.153570
v 0.033891 3.783891 -0.150478
v 0.036134 3.786134 -0.151785
v 0.133872 3.805452 -0.250000
v 0.135284 3.806036 -0.246430
v 0.135785 3.806244 -0.249522
v 0.136302 3.806458 -0.248215
v 0.041484 3.767183 -0.150000
v 0.049492 3.770500 -0.153570
v 0.044281 3.768342 -0.150478
v 0.047212 3.769556 -0.151785
v 0.144902 3.750000 -0.250000
v 0.146430 3.750000 -0.246430
v 0.146973 3.750000 -0.249522
v 0.147532 3.750000 -0.248215
v 0.044902 3.750000 -0.150000
v 0.053570 3.750000 -0.153570
v 0.047929 3.750000 -0.150478
v 0.051102 3.750000 -0.151785
v 0.133872 3.694548 -0.250000
v 0.135284 3.693964 -0.246430
v 0.135785 3.693756 -0.249522
v 0.136302 3.693542 -0.248215
v 0.041484 3.732817 -0.150000
v 0.049492 3.729500 -0.153570
v 0.044281 3.731658 -0.150478
v 0.047212 3.730444 -0.151785
v 0.102461 3.647539 -0.250000
v 0.103542 3.646458 -0.246430
v 0.103925 3.646075 -0.249522
v 0.104321 3.645679 -0.248215
v 0.031751 3.718249 -0.150000
v 0.037879 3.712121 -0.153570
v 0.033891 3.716109 -0.150478
v 0.036134 3.713866 -0.151785
v 0.055452 3.616128 -0.250000
v 0.056036 3.614716 -0.246430
v 0.056244 3.614215 -0.249522
v 0.056458 3.613698 -0.248215
v 0.017183 3.708516 -0.150000
v 0.020500 3.700508 -0.153570
v 0.018342 3.705719 -0.150478
v 0.019556 3.702788 -0.151785
v -0.000000 3.605098 -0.250000
v 0.000000 3.603570 -0.246430
v -0.000000 3.603027 -0.249522
v -0.000000 3.602468 -0.248215
v -0.000000 3.705098 -0.150000
v 0.000000 3.696430 -0.153570
v -0.000000 3.702071 -0.150478
v -0.000000 3.698898 -0.151785
v -0.055452 3.616128 -0.250000
v -0.056036 3.614716 -0.246430
v -0.056244 3.614215 -0.249522
v -0.056458 3.613698 -0.248215
v -0.017183 3.708516 -0.150000
v -0.020500 3.700508 -0.153570
v -0.018342 3.705719 -0.150478
v -0.019556 3.702788 -0.151785
v -0.102461 3.647539 -0.250000
v -0.103542 3.646458 -0.246430
v -0.103925 3.646075 -0.249522
v -0.104321 3.645679 -0.248215
v -0.031751 3.718249 -0.150000
v -0.037879 3.712121 -0.153570
v -0.033891 3.716109 -0.150478
v -0.036134 3.713866 -0.151785
v -0.133872 3.694548 -0.250000
v -0.135284 3.693964 -0.246430
v -0.135785 3.693756 -0.249522
v -0.136302 3.693542 -0.248215
v -0.041484 3.732817 -0.150000
v -0.049492 3.729500 -0.153570
v -0.044281 3.731658 -0.150478
v -0.047212 3.730444 -0.151785
v -0.144902 3.750000 -0.250000
v -0.146430 3.750000 -0.246430
v -0.146973 3.750000 -0.249522
v -0.147532 3.750000 -0.248215
v -0.044902 3.750000 -0.150000
v -0.053570 3.750000 -0.153570
v -0.047929 3.750000 -0.150478
v -0.051102 3.750000 -0.151785
v -0.133872 3.805452 -0.250000
v -0.135284 3.806036 -0.246430
v -0.135785 3.806244 -0.249522
v -0.136302 3.806458 -0.248215
v -0.049492 3.770500 -0.153570
v -0.038935 3.779998 -0.150000
v -0.046870 3.771273 -0.151785
v -0.043006 3.774749 -0.150478
v -0.108375 3.847731 -0.254201
v -0.106347 3.849344 -0.246430
v -0.102812 3.850270 -0.250198
v -0.108612 3.848835 -0.251619
v -0.106443 3.849563 -0.253778
v -0.106674 3.850945 -0.251296
v -0.104839 3.850928 -0.247000
v -0.107876 3.849421 -0.248797
v -0.106157 3.851383 -0.249178
v -0.104440 3.850477 -0.252337
v -0.103599 3.851253 -0.248323
v -0.105128 3.851698 -0.250249
v -0.037644 3.784393 -0.157217
v -0.037084 3.785166 -0.151358
v -0.036731 3.784849 -0.153791
v -0.036526 3.785131 -0.151646
v -0.057586 3.616695 -0.522945
v -0.056775 3.638562 -0.492717
v -0.055262 3.638885 -0.493039
v -0.056760 3.624488 -0.513998
v -0.057879 3.624246 -0.513765
v -0.057116 3.630070 -0.507120
v -0.056178 3.637358 -0.494074
v -0.056463 3.632488 -0.502939
v -0.056641 3.634563 -0.500450
v -0.057029 3.632365 -0.502824
v -0.055819 3.637435 -0.494150
v -0.056732 3.634543 -0.500432
v -0.018816 3.613292 -0.331912
v -0.020220 3.553024 -0.400032
v -0.020723 3.552920 -0.399926
v -0.018214 3.593708 -0.353165
v -0.020005 3.593367 -0.352758
v -0.019344 3.575775 -0.371739
v -0.020428 3.551536 -0.401323
v -0.018729 3.571651 -0.378097
v -0.019717 3.560363 -0.389320
v -0.020703 3.571271 -0.377651
v -0.020479 3.551525 -0.401313
v -0.019880 3.560333 -0.389281
v 0.051116 3.695824 -0.245917
v 0.044567 3.683495 -0.245089
v 0.044082 3.689954 -0.251387
v 0.049561 3.691516 -0.247191
v 0.048754 3.693190 -0.246676
v 0.047879 3.689690 -0.247900
v 0.045350 3.685058 -0.247674
v 0.047180 3.687033 -0.246890
v 0.046765 3.687089 -0.248178
v 0.046196 3.691055 -0.248665
v 0.045174 3.687402 -0.249960
v 0.046468 3.688379 -0.248808
v 0.072189 3.724829 -0.245917
v 0.074963 3.731577 -0.250890
v 0.077023 3.728166 -0.245089
v 0.073862 3.726820 -0.247264
v 0.074291 3.725525 -0.247197
v 0.074954 3.726550 -0.248104
v 0.075625 3.729002 -0.249886
v 0.074873 3.729280 -0.249077
v 0.075392 3.727691 -0.248978
v 0.075987 3.726696 -0.246907
v 0.076356 3.727791 -0.247826
v 0.075742 3.726886 -0.248254
v -0.007967 3.791784 -0.314254
v -0.016294 3.789107 -0.313535
v -0.014514 3.794671 -0.315017
v -0.010861 3.791559 -0.314564
v -0.010460 3.791534 -0.315673
v -0.012041 3.791209 -0.315777
v -0.014865 3.790292 -0.315316
v -0.013895 3.790584 -0.314302
v -0.013479 3.790798 -0.315663
v -0.012788 3.792560 -0.315945
v -0.014239 3.792248 -0.315837
v -0.013128 3.791452 -0.316154
v -0.037381 3.760083 -0.313535
v -0.037937 3.749476 -0.314072
v -0.046970 3.750000 -0.315017
v -0.038778 3.756765 -0.313549
v -0.039586 3.756261 -0.315297
v -0.040424 3.753827 -0.315361
v -0.040683 3.749738 -0.315573
v -0.038980 3.752906 -0.313744
v -0.040756 3.751727 -0.315452
v -0.043073 3.752594 -0.315836
v -0.043962 3.749928 -0.315916
v -0.042112 3.751645 -0.316081
v 0.028482 3.779941 -0.314254
v 0.037999 3.777608 -0.315017
v 0.033318 3.772554 -0.313103
v 0.031142 3.778018 -0.315668
v 0.030931 3.778125 -0.314265
v 0.032543 3.776757 -0.315635
v 0.035937 3.775986 -0.315772
v 0.034574 3.777177 -0.315943
v 0.034165 3.776091 -0.316086
v 0.032688 3.775441 -0.313847
v 0.034260 3.774176 -0.315086
v 0.033542 3.775501 -0.315447
v 0.068752 3.750690 -0.283408
v 0.063006 3.750911 -0.290301
v 0.068052 3.755774 -0.292059
v 0.067617 3.751480 -0.286159
v 0.068526 3.750845 -0.287036
v 0.067693 3.751213 -0.288726
v 0.065583 3.751392 -0.291095
v 0.065530 3.751560 -0.288663
v 0.066732 3.751377 -0.290038
v 0.068274 3.752679 -0.290158
v 0.067392 3.753136 -0.291725
v 0.067613 3.751783 -0.290499
v 0.025051 3.689954 -0.282180
v 0.015539 3.683495 -0.292059
v 0.022895 3.693210 -0.291253
v 0.022967 3.687410 -0.285895
v 0.023646 3.690940 -0.284906
v 0.022119 3.688133 -0.288044
v 0.018656 3.686028 -0.292264
v 0.019495 3.685052 -0.289501
v 0.020482 3.686573 -0.290385
v 0.022859 3.692129 -0.288219
v 0.021339 3.689572 -0.291970
v 0.021601 3.688828 -0.289993
v 0.039895 3.734120 -0.307956
v 0.033029 3.724401 -0.311522
v 0.027017 3.718824 -0.315017
v 0.028750 3.727520 -0.314758
v 0.033318 3.738583 -0.313103
v 0.037999 3.733939 -0.315017
v 0.037085 3.731645 -0.309538
v 0.040246 3.732985 -0.310450
v 0.036417 3.729878 -0.312780
v 0.031898 3.722073 -0.313095
v 0.034579 3.728097 -0.310839
v 0.033496 3.725986 -0.313642
v 0.027557 3.721626 -0.316017
v 0.029712 3.720045 -0.314366
v 0.030990 3.723826 -0.315401
v 0.030942 3.730643 -0.313677
v 0.028187 3.724787 -0.315923
v 0.031383 3.727487 -0.315279
v 0.034262 3.737091 -0.315088
v 0.032609 3.734680 -0.313073
v 0.033609 3.731800 -0.314976
v 0.039566 3.732919 -0.312983
v 0.035935 3.735431 -0.315772
v 0.036029 3.731347 -0.314806
v -0.016469 3.719928 -0.314072
v -0.007876 3.715619 -0.314758
v -0.014514 3.705329 -0.315017
v -0.013924 3.718105 -0.313726
v -0.015717 3.715387 -0.315570
v -0.013750 3.714121 -0.315519
v -0.009995 3.712385 -0.315922
v -0.010787 3.716532 -0.313976
v -0.011914 3.713161 -0.315635
v -0.015004 3.710060 -0.315915
v -0.012417 3.708632 -0.316016
v -0.013272 3.711075 -0.316211
v 0.100000 3.750000 -0.400000
v 0.100000 3.745000 -0.395000
v 0.095000 3.750000 -0.395000
v 0.100000 3.747503 -0.399332
v 0.097503 3.750000 -0.399332
v 0.097609 3.747609 -0.398683
v 0.097503 3.745668 -0.395000
v 0.100000 3.745668 -0.397497
v 0.097609 3.746317 -0.397391
v 0.095668 3.750000 -0.397497
v 0.095668 3.747503 -0.395000
v 0.096317 3.747609 -0.397391
v 0.100000 3.745000 -0.205000
v 0.100000 3.750000 -0.200000
v 0.095000 3.750000 -0.205000
v 0.100000 3.745668 -0.202503
v 0.097503 3.745668 -0.205000
v 0.097609 3.746317 -0.202609
v 0.097503 3.750000 -0.200668
v 0.100000 3.747503 -0.200668
v 0.097609 3.747609 -0.201317
v 0.095668 3.747503 -0.205000
v 0.095668 3.750000 -0.202503
v 0.096317 3.747609 -0.202609
v 0.100000 3.750000 -0.400000
v 0.095000 3.750000 -0.395000
v 0.100000 3.755000 -0.395000
v 0.097503 3.750000 -0.399332
v 0.100000 3.752497 -0.399332
v 0.097609 3.752391 -0.398683
v 0.095668 3.752497 -0.395000
v 0.095668 3.750000 -0.397497
v 0.096317 3.752391 -0.397391
v 0.100000 3.754332 -0.397497
v 0.097503 3.754332 -0.395000
v 0.097609 3.753683 -0.397391
v 0.100000 3.750000 -0.200000
v 0.100000 3.755000 -0.205000
v 0.095000 3.750000 -0.205000
v 0.100000 3.752497 -0.200668
v 0.097503 3.750000 -0.200668
v 0.097609 3.752391 -0.201317
v 0.097503 3.754332 -0.205000
v 0.100000 3.754332 -0.202503
v 0.097609 3.753683 -0.202609
v 0.095668 3.750000 -0.202503
v 0.095668 3.752497 -0.205000
v 0.096317 3.752391 -0.202609
v 0.100000 3.750000 -0.400000
v 0.105000 3.750000 -0.395000
v 0.100000 3.745000 -0.395000
v 0.102497 3.750000 -0.399332
v 0.100000 3.747503 -0.399332
v 0.102391 3.747609 -0.398683
v 0.104332 3.747503 -0.395000
v 0.104332 3.750000 -0.397497
v 0.103683 3.747609 -0.397391
v 0.100000 3.745668 -0.397497
v 0.102497 3.745668 -0.395000
v 0.102391 3.746317 -0.397391
v 0.100000 3.750000 -0.200000
v 0.100000 3.745000 -0.205000
v 0.105000 3.750000 -0.205000
v 0.100000 3.747503 -0.200668
v 0.102497 3.750000 -0.200668
v 0.102391 3.747609 -0.201317
v 0.102497 3.745668 -0.205000
v 0.100000 3.745668 -0.202503
v 0.102391 3.746317 -0.202609
v 0.104332 3.750000 -0.202503
v 0.104332 3.747503 -0.205000
v 0.103683 3.747609 -0.202609
v 0.100000 3.750000 -0.400000
v 0.100000 3.755000 -0.395000
v 0.105000 3.750000 -0.395000
v 0.100000 3.752497 -0.399332
v 0.102497 3.750000 -0.399332
v 0.102391 3.752391 -0.398683
v 0.102497 3.754332 -0.395000
v 0.100000 3.754332 -0.397497
v 0.102391 3.753683 -0.397391
v 0.104332 3.750000 -0.397497
v 0.104332 3.752497 -0.395000
v 0.103683 3.752391 -0.397391
v 0.100000 3.750000 -0.200000
v 0.105000 3.750000 -0.205000
v 0.100000 3.755000 -0.205000
v 0.102497 3.750000 -0.200668
v 0.100000 3.752497 -0.200668
v 0.102391 3.752391 -0.201317
v 0.104332 3.752497 -0.205000
v 0.104332 3.750000 -0.202503
v 0.103683 3.752391 -0.202609
v 0.100000 3.754332 -0.202503
v 0.102497 3.754332 -0.205000
v 0.102391 3.753683 -0.202609
v -0.000000 3.850000 -0.400000
v -0.000000 3.845000 -0.395000
v -0.005000 3.850000 -0.395000
v -0.000000 3.847503 -0.399332
v -0.002497 3.850000 -0.399332
v -0.002391 3.847609 -0.398683
v -0.002497 3.845668 -0.395000
v -0.000000 3.845668 -0.397497
v -0.002391 3.846317 -0.397391
v -0.004332 3.850000 -0.397497
v -0.004332 3.847503 -0.395000
v -0.003683 3.847609 -0.397391
v -0.000000 3.845000 -0.205000
v -0.000000 3.850000 -0.200000
v -0.005000 3.850000 -0.205000
v -0.000000 3.845668 -0.202503
v -0.002497 3.845668 -0.205000
v -0.002391 3.846317 -0.202609
v -0.002497 3.850000 -0.200668
v -0.000000 3.847503 -0.200668
v -0.002391 3.847609 -0.201317
v -0.004332 3.847503 -0.205000
v -0.004332 3.850000 -0.202503
v -0.003683 3.847609 -0.202609
v -0.000000 3.850000 -0.400000
v -0.005000 3.850000 -0.395000
v -0.000000 3.855000 -0.395000
v -0.002497 3.850000 -0.399332
v -0.000000 3.852497 -0.399332
v -0.002391 3.852391 -0.398683
v -0.004332 3.852497 -0.395000
v -0.004332 3.850000 -0.397497
v -0.003683 3.852391 -0.397391
v -0.000000 3.854332 -0.397497
v -0.002497 3.854332 -0.395000
v -0.002391 3.853683 -0.397391
v -0.000000 3.850000 -0.200000
v -0.000000 3.855000 -0.205000
v -0.005000 3.850000 -0.205000
v -0.000000 3.852497 -0.200668
v -0.002497 3.850000 -0.200668
v -0.002391 3.852391 -0.201317
v -0.002497 3.854332 -0.205000
v -0.000000 3.854332 -0.202503
v -0.002391 3.853683 -0.202609
v -0.004332 3.850000 -0.202503
v -0.004332 3.852497 -0.205000
v -0.003683 3.852391 -0.202609
v 0.000000 3.850000 -0.400000
v 0.005000 3.850000 -0.395000
v 0.000000 3.845000 -0.395000
v 0.002497 3.850000 -0.399332
v 0.000000 3.847503 -0.399332
v 0.002391 3.847609 -0.398683
v 0.004332 3.847503 -0.395000
v 0.004332 3.850000 -0.397497
v 0.003683 3.847609 -0.397391
v 0.000000 3.845668 -0.397497
v 0.002497 3.845668 -0.395000
v 0.002391 3.846317 -0.397391
v 0.000000 3.850000 -0.200000
v 0.000000 3.845000 -0.205000
v 0.005000 3.850000 -0.205000
v 0.000000 3.847503 -0.200668
v 0.002497 3.850000 -0.200668
v 0.002391 3.847609 -0.201317
v 0.002497 3.845668 -0.205000
v 0.000000 3.845668 -0.202503
v 0.002391 3.846317 -0.202609
v 0.004332 3.850000 -0.202503
v 0.004332 3.847503 -0.205000
v 0.003683 3.847609 -0.202609
v 0.000000 3.850000 -0.400000
v 0.000000 3.855000 -0.395000
v 0.005000 3.850000 -0.395000
v 0.000000 3.852497 -0.399332
v 0.002497 3.850000 -0.399332
v 0.002391 3.852391 -0.398683
v 0.002497 3.854332 -0.395000
v 0.000000 3.854332 -0.397497
v 0.002391 3.853683 -0.397391
v 0.004332 3.850000 -0.397497
v 0.004332 3.852497 -0.395000
v 0.003683 3.852391 -0.397391
v 0.000000 3.850000 -0.200000
v 0.005000 3.850000 -0.205000
v 0.000000 3.855000 -0.205000
v 0.002497 3.850000 -0.200668
v 0.000000 3.852497 -0.200668
v 0.002391 3.852391 -0.201317
v 0.004332 3.852497 -0.205000
v 0.004332 3.850000 -0.202503
v 0.003683 3.852391 -0.202609
v 0.000000 3.854332 -0.202503
v 0.002497 3.854332 -0.205000
v 0.002391 3.853683 -0.202609
v -0.100000 3.750000 -0.400000
v -0.100000 3.745000 -0.395000
v -0.105000 3.750000 -0.395000
v -0.100000 3.747503 -0.399332
v -0.102497 3.750000 -0.399332
v -0.102391 3.747609 -0.398683
v -0.102497 3.745668 -0.395000
v -0.100000 3.745668 -0.397497
v -0.102391 3.746317 -0.397391
v -0.104332 3.750000 -0.397497
v -0.104332 3.747503 -0.395000
v -0.103683 3.747609 -0.397391
v -0.100000 3.745000 -0.205000
v -0.100000 3.750000 -0.200000
v -0.105000 3.750000 -0.205000
v -0.100000 3.745668 -0.202503
v -0.102497 3.745668 -0.205000
v -0.102391 3.746317 -0.202609
v -0.102497 3.750000 -0.200668
v -0.100000 3.747503 -0.200668
v -0.102391 3.747609 -0.201317
v -0.104332 3.747503 -0.205000
v -0.104332 3.750000 -0.202503
v -0.103683 3.747609 -0.202609
v -0.100000 3.750000 -0.400000
v -0.105000 3.750000 -0.395000
v -0.100000 3.755000 -0.395000
v -0.102497 3.750000 -0.399332
v -0.100000 3.752497 -0.399332
v -0.102391 3.752391 -0.398683
v -0.104332 3.752497 -0.395000
v -0.104332 3.750000 -0.397497
v -0.103683 3.752391 -0.397391
v -0.100000 3.754332 -0.397497
v -0.102497 3.754332 -0.395000
v -0.102391 3.753683 -0.397391
v -0.100000 3.750000 -0.200000
v -0.100000 3.755000 -0.205000
v -0.105000 3.750000 -0.205000
v -0.100000 3.752497 -0.200668
v -0.102497 3.750000 -0.200668
v -0.102391 3.752391 -0.201317
v -0.102497 3.754332 -0.205000
v -0.100000 3.754332 -0.202503
v -0.102391 3.753683 -0.202609
v -0.104332 3.750000 -0.202503
v -0.104332 3.752497 -0.205000
v -0.103683 3.752391 -0.202609
v -0.100000 3.750000 -0.400000
v -0.095000 3.750000 -0.395000
v -0.100000 3.745000 -0.395000
v -0.097503 3.750000 -0.399332
v -0.100000 3.747503 -0.399332
v -0.097609 3.747609 -0.398683
v -0.095668 3.747503 -0.395000
v -0.095668 3.750000 -0.397497
v -0.096317 3.747609 -0.397391
v -0.100000 3.745668 -0.397497
v -0.097503 3.745668 -0.395000
v -0.097609 3.746317 -0.397391
v -0.100000 3.750000 -0.200000
v -0.100000 3.745000 -0.205000
v -0.095000 3.750000 -0.205000
v -0.100000 3.747503 -0.200668
v -0.097503 3.750000 -0.200668
v -0.097609 3.747609 -0.201317
v -0.097503 3.745668 -0.205000
v -0.100000 3.745668 -0.202503
v -0.097609 3.746317 -0.202609
v -0.095668 3.750000 -0.202503
v -0.095668 3.747503 -0.205000
v -0.096317 3.747609 -0.202609
v -0.100000 3.750000 -0.400000
v -0.100000 3.755000 -0.395000
v -0.095000 3.750000 -0.395000
v -0.100000 3.752497 -0.399332
v -0.097503 3.750000 -0.399332
v -0.097609 3.752391 -0.398683
v -0.097503 3.754332 -0.395000
v -0.100000 3.754332 -0.397497
v -0.097609 3.753683 -0.397391
v -0.095668 3.750000 -0.397497
v -0.095668 3.752497 -0.395000
v -0.096317 3.752391 -0.397391
v -0.100000 3.750000 -0.200000
v -0.095000 3.750000 -0.205000
v -0.100000 3.755000 -0.205000
v -0.097503 3.750000 -0.200668
v -0.100000 3.752497 -0.200668
v -0.097609 3.752391 -0.201317
v -0.095668 3.752497 -0.205000
v -0.095668 3.750000 -0.202503
v -0.096317 3.752391 -0.202609
v -0.100000 3.754332 -0.202503
v -0.097503 3.754332 -0.205000
v -0.097609 3.753683 -0.202609
v -0.000000 3.650000 -0.400000
v -0.000000 3.645000 -0.395000
v -0.005000 3.650000 -0.395000
v -0.000000 3.647503 -0.399332
v -0.002497 3.650000 -0.399332
v -0.002391 3.647609 -0.398683
v -0.002497 3.645668 -0.395000
v -0.000000 3.645668 -0.397497
v -0.002391 3.646317 -0.397391
v -0.004332 3.650000 -0.397497
v -0.004332 3.647503 -0.395000
v -0.003683 3.647609 -0.397391
v -0.000000 3.645000 -0.205000
v -0.000000 3.650000 -0.200000
v -0.005000 3.650000 -0.205000
v -0.000000 3.645668 -0.202503
v -0.002497 3.645668 -0.205000
v -0.002391 3.646317 -0.202609
v -0.002497 3.650000 -0.200668
v -0.000000 3.647503 -0.200668
v -0.002391 3.647609 -0.201317
v -0.004332 3.647503 -0.205000
v -0.004332 3.650000 -0.202503
v -0.003683 3.647609 -0.202609
v -0.000000 3.650000 -0.400000
v -0.005000 3.650000 -0.395000
v -0.000000 3.655000 -0.395000
v -0.002497 3.650000 -0.399332
v -0.000000 3.652497 -0.399332
v -0.002391 3.652391 -0.398683
v -0.004332 3.652497 -0.395000
v -0.004332 3.650000 -0.397497
v -0.003683 3.652391 -0.397391
v -0.000000 3.654332 -0.397497
v -0.002497 3.654332 -0.395000
v -0.002391 3.653683 -0.397391
v -0.000000 3.650000 -0.200000
v -0.000000 3.655000 -0.205000
v -0.005000 3.650000 -0.205000
v -0.000000 3.652497 -0.200668
v -0.002497 3.650000 -0.200668
v -0.002391 3.652391 -0.201317
v -0.002497 3.654332 -0.205000
v -0.000000 3.654332 -0.202503
v -0.002391 3.653683 -0.202609
v -0.004332 3.650000 -0.202503
v -0.004332 3.652497 -0.205000
v -0.003683 3.652391 -0.202609
v 0.000000 3.650000 -0.400000
v 0.005000 3.650000 -0.395000
v 0.000000 3.645000 -0.395000
v 0.002497 3.650000 -0.399332
v 0.000000 3.647503 -0.399332
v 0.002391 3.647609 -0.398683
v 0.004332 3.647503 -0.395000
v 0.004332 3.650000 -0.397497
v 0.003683 3.647609 -0.397391
v 0.000000 3.645668 -0.397497
v 0.002497 3.645668 -0.395000
v 0.002391 3.646317 -0.397391
v 0.000000 3.650000 -0.200000
v 0.000000 3.645000 -0.205000
v 0.005000 3.650000 -0.205000
v 0.000000 3.647503 -0.200668
v 0.002497 3.650000 -0.200668
v 0.002391 3.647609 -0.201317
v 0.002497 3.645668 -0.205000
v 0.000000 3.645668 -0.202503
v 0.002391 3.646317 -0.202609
v 0.004332 3.650000 -0.202503
v 0.004332 3.647503 -0.205000
v 0.003683 3.647609 -0.202609
v 0.000000 3.650000 -0.400000
v 0.000000 3.655000 -0.395000
v 0.005000 3.650000 -0.395000
v 0.000000 3.652497 -0.399332
v 0.002497 3.650000 -0.399332
v 0.002391 3.652391 -0.398683
v 0.002497 3.654332 -0.395000
v 0.000000 3.654332 -0.397497
v 0.002391 3.653683 -0.397391
v 0.004332 3.650000 -0.397497
v 0.004332 3.652497 -0.395000
v 0.003683 3.652391 -0.397391
v 0.000000 3.650000 -0.200000
v 0.005000 3.650000 -0.205000
v 0.000000 3.655000 -0.205000
v 0.002497 3.650000 -0.200668
v 0.000000 3.652497 -0.200668
v 0.002391 3.652391 -0.201317
v 0.004332 3.652497 -0.205000
v 0.004332 3.650000 -0.202503
v 0.003683 3.652391 -0.202609
v 0.000000 3.654332 -0.202503
v 0.002497 3.654332 -0.205000
v 0.002391 3.653683 -0.202609
vn -0.2939 -0.8546 -0.4281
vn -0.9015 -0.0000 -0.4327
vn -0.2786 0.8574 -0.4327
vn 0.7220 0.5436 -0.4281
vn 0.2655 -0.8479 0.4589
vn -0.7236 -0.5257 0.4472
vn -0.7236 0.5257 0.4472
vn 0.2764 0.8506 0.4472
vn 0.8885 0.0095 0.4588
vn -0.0000 -0.0000 1.0000
vn 0.1625 0.5000 0.8507
vn 0.9493 0.3143 0.0035
vn -0.4253 -0.3090 0.8507
vn 0.5257 -0.0000 0.8507
vn -0.9511 -0.3090 -0.0000
vn -0.0056 -1.0000 0.0035
vn -0.5878 -0.8090 -0.0000
vn -0.4253 0.3090 0.8507
vn 0.1625 -0.5000 0.8507
vn 0.2639 0.8123 -0.5201
vn 0.6882 0.5000 0.5257
vn -0.6910 0.5020 -0.5201
vn -0.2629 0.8090 0.5257
vn -0.8506 -0.0000 0.5257
vn -0.6910 -0.5020 -0.5201
vn -0.2629 -0.8090 0.5257
vn 0.6854 -0.4979 0.5313
vn -0.0000 1.0000 -0.0000
vn 0.5878 0.8090 -0.0000
vn -0.9511 0.3090 -0.0000
vn -0.5878 0.8090 -0.0000
vn -0.6453 0.4497 -0.6175
vn 0.7672 0.3558 -0.5337
vn 0.9443 -0.3183 0.0839
vn 0.0644 -0.7834 0.6182
vn -0.9384 -0.3405 0.0590
vn -0.1493 0.5753 -0.8042
vn -0.7942 0.3278 -0.5117
vn -0.2262 -0.1949 -0.9544
vn 0.8984 0.1901 -0.3959
vn 0.4262 0.5147 -0.7439
vn 0.7083 0.0215 -0.7056
vn 0.7331 -0.5783 0.3580
vn 0.9863 -0.0626 -0.1528
vn 0.8073 -0.5516 -0.2099
vn -0.2732 -0.7735 0.5719
vn 0.3969 -0.7437 0.5380
vn 0.1572 -0.8954 0.4165
vn -0.9665 0.0433 -0.2528
vn -0.6746 -0.6203 0.4002
vn -0.3213 -0.8356 -0.4455
vn -0.3162 -0.7958 0.5165
vn -0.9892 -0.0204 -0.1450
vn -0.2336 0.5621 -0.7934
vn 0.6684 0.4259 -0.6098
vn 0.7361 -0.5549 0.3876
vn -0.7452 -0.5689 0.3478
vn 0.1709 -0.7946 0.5826
vn -0.2663 -0.8728 -0.4090
vn -0.8930 0.1963 -0.4051
vn -0.9594 -0.2730 0.0707
vn -0.9135 -0.1222 -0.3880
vn 0.1077 0.5855 -0.8035
vn -0.6279 0.4270 -0.6507
vn -0.1936 0.1785 -0.9647
vn 0.9128 0.1484 -0.3805
vn 0.4602 0.5142 -0.7237
vn 0.5371 0.1151 -0.8356
vn 0.5636 -0.6701 0.4830
vn 0.9669 -0.2539 0.0251
vn 0.5640 -0.7427 -0.3610
vn -0.0000 0.9896 -0.1438
vn -0.0000 0.1308 -0.9914
vn -0.0000 0.8559 -0.5172
vn -0.0000 0.4926 -0.8702
vn -0.0000 -0.9896 -0.1438
vn -0.0000 -0.1308 -0.9914
vn -0.0000 -0.8559 -0.5172
vn -0.0000 -0.4926 -0.8702
vn -0.0550 0.9896 -0.1329
vn -0.3794 0.1308 -0.9159
vn -0.1979 0.8559 -0.4778
vn -0.3330 0.4926 -0.8040
vn -0.0550 -0.9896 -0.1329
vn -0.3794 -0.1308 -0.9159
vn -0.1979 -0.8559 -0.4778
vn -0.3330 -0.4926 -0.8040
vn -0.1017 0.9896 -0.1017
vn -0.7010 0.1308 -0.7010
vn -0.3657 0.8559 -0.3657
vn -0.6154 0.4926 -0.6154
vn -0.1017 -0.9896 -0.1017
vn -0.7010 -0.1308 -0.7010
vn -0.3657 -0.8559 -0.3657
vn -0.6154 -0.4926 -0.6154
vn -0.1329 0.9896 -0.0550
vn -0.9159 0.1308 -0.3794
vn -0.4778 0.8559 -0.1979
vn -0.8040 0.4926 -0.3330
vn -0.1329 -0.9896 -0.0550
vn -0.9159 -0.1308 -0.3794
vn -0.4778 -0.8559 -0.1979
vn -0.8040 -0.4926 -0.3330
vn -0.1438 0.9896 -0.0000
vn -0.9914 0.1308 -0.0000
vn -0.5172 0.8559 -0.0000
vn -0.8702 0.4926 -0.0000
vn -0.1438 -0.9896 -0.0000
vn -0.9914 -0.1308 -0.0000
vn -0.5172 -0.8559 -0.0000
vn -0.8702 -0.4926 -0.0000
vn -0.1329 0.9896 0.0550
vn -0.9159 0.1308 0.3794
vn -0.4778 0.8559 0.1979
vn -0.8040 0.4926 0.3330
vn -0.1329 -0.9896 0.0550
vn -0.9159 -0.1308 0.3794
vn -0.4778 -0.8559 0.1979
vn -0.8040 -0.4926 0.3330
vn -0.1017 0.9896 0.1017
vn -0.7010 0.1308 0.7010
vn -0.3657 0.8559 0.3657
vn -0.6154 0.4926 0.6154
vn -0.1017 -0.9896 0.1017
vn -0.7010 -0.1308 0.7010
vn -0.3657 -0.8559 0.3657
vn -0.6154 -0.4926 0.6154
vn -0.0550 0.9896 0.1329
vn -0.3794 0.1308 0.9159
vn -0.1979 0.8559 0.4778
vn -0.3330 0.4926 0.8040
vn -0.0550 -0.9896 0.1329
vn -0.3794 -0.1308 0.9159
vn -0.1979 -0.8559 0.4778
vn -0.3330 -0.4926 0.8040
vn -0.0000 0.9896 0.1438
vn -0.0000 0.1308 0.9914
vn -0.0000 0.8559 0.5172
vn -0.0000 0.4926 0.8702
vn -0.0000 -0.9896 0.1438
vn -0.0000 -0.1308 0.9914
vn -0.0000 -0.8559 0.5172
vn -0.0000 -0.4926 0.8702
vn 0.0550 0.9896 0.1329
vn 0.3794 0.1308 0.9159
vn 0.1979 0.8559 0.4778
vn 0.3330 0.4926 0.8040
vn 0.0550 -0.9896 0.1329
vn 0.3794 -0.1308 0.9159
vn 0.1979 -0.8559 0.4778
vn 0.3330 -0.4926 0.8040
vn 0.1017 0.9896 0.1017
vn 0.7010 0.1308 0.7010
vn 0.3657 0.8559 0.3657
vn 0.6154 0.4926 0.6154
vn 0.1017 -0.9896 0.1017
vn 0.7010 -0.1308 0.7010
vn 0.3657 -0.8559 0.3657
vn 0.6154 -0.4926 0.6154
vn 0.1329 0.9896 0.0550
vn 0.9159 0.1308 0.3794
vn 0.4778 0.8559 0.1979
vn 0.8040 0.4926 0.3330
vn 0.1329 -0.9896 0.0550
vn 0.9159 -0.1308 0.3794
vn 0.4778 -0.8559 0.1979
vn 0.8040 -0.4926 0.3330
vn 0.1438 0.9896 -0.0000
vn 0.9914 0.1308 -0.0000
vn 0.5172 0.8559 -0.0000
vn 0.8702 0.4926 -0.0000
vn 0.1438 -0.9896 -0.0000
vn 0.9914 -0.1308 -0.0000
vn 0.5172 -0.8559 -0.0000
vn 0.8702 -0.4926 -0.0000
vn 0.1329 0.9896 -0.0550
vn 0.9159 0.1308 -0.3794
vn 0.4778 0.8559 -0.1979
vn 0.8040 0.4926 -0.3330
vn 0.1329 -0.9896 -0.0550
vn 0.9159 -0.1308 -0.3794
vn 0.4778 -0.8559 -0.1979
vn 0.8040 -0.4926 -0.3330
vn 0.1017 0.9896 -0.1017
vn 0.7010 0.1308 -0.7010
vn 0.3657 0.8559 -0.3657
vn 0.6154 0.4926 -0.6154
vn 0.1017 -0.9896 -0.1017
vn 0.7010 -0.1308 -0.7010
vn 0.3657 -0.8559 -0.3657
vn 0.6154 -0.4926 -0.6154
vn 0.0550 0.9896 -0.1329
vn 0.3794 0.1308 -0.9159
vn 0.1979 0.8559 -0.4778
vn 0.3330 0.4926 -0.8040
vn 0.0550 -0.9896 -0.1329
vn 0.3794 -0.1308 -0.9159
vn 0.1979 -0.8559 -0.4778
vn 0.3330 -0.4926 -0.8040
vn -0.0000 0.8032 -0.5957
vn -0.0000 0.7942 0.6076
vn -0.0000 0.9716 -0.2368
vn -0.0000 0.9638 0.2666
vn -0.0000 -0.5957 0.8032
vn -0.0000 0.6076 0.7942
vn -0.0000 -0.2368 0.9716
vn -0.0000 0.2666 0.9638
vn 0.0770 0.7910 -0.6069
vn 0.4927 0.7037 0.5119
vn 0.2629 0.9223 -0.2833
vn 0.4332 0.8829 0.1809
vn 0.0770 -0.6069 0.7910
vn 0.4927 0.5119 0.7037
vn 0.2629 -0.2833 0.9223
vn 0.4332 0.1809 0.8829
vn 0.1591 0.7596 -0.6306
vn 0.7318 0.5641 0.3825
vn 0.9429 0.3102 0.1211
vn 0.3839 0.8491 -0.3629
vn 0.4926 0.7197 -0.4893
vn 0.5860 0.7610 -0.2783
vn 0.8157 0.4736 0.3322
vn 0.6433 0.7614 0.0802
vn 0.7365 0.6694 0.0979
vn 0.8341 0.5287 -0.1575
vn 0.8980 0.3736 0.2322
vn 0.8353 0.5494 -0.0221
vn 0.9429 0.1211 0.3102
vn 0.7318 0.3825 0.5641
vn 0.1591 -0.6306 0.7596
vn 0.8980 0.2322 0.3736
vn 0.8341 -0.1575 0.5287
vn 0.8353 -0.0221 0.5494
vn 0.6433 0.0802 0.7614
vn 0.8157 0.3322 0.4736
vn 0.7365 0.0979 0.6694
vn 0.4926 -0.4893 0.7197
vn 0.3839 -0.3629 0.8491
vn 0.5860 -0.2783 0.7610
vn 0.9681 0.2444 0.0554
vn 0.9681 -0.0554 -0.2444
vn 0.1859 0.6948 -0.6948
vn 0.9916 0.1287 -0.0125
vn 0.8527 0.4800 -0.2060
vn 0.9095 0.3552 -0.2160
vn 0.8527 0.2060 -0.4801
vn 0.9916 0.0125 -0.1287
vn 0.9095 0.2160 -0.3552
vn 0.5077 0.6804 -0.5284
vn 0.5077 0.5284 -0.6804
vn 0.6782 0.5196 -0.5196
vn 0.1859 -0.6948 0.6948
vn 0.9681 -0.2444 -0.0554
vn 0.9681 0.0554 0.2444
vn 0.5077 -0.6804 0.5284
vn 0.5077 -0.5284 0.6804
vn 0.6783 -0.5196 0.5196
vn 0.9916 -0.1287 0.0125
vn 0.8527 -0.4800 0.2060
vn 0.9095 -0.3552 0.2160
vn 0.8527 -0.2060 0.4800
vn 0.9916 -0.0125 0.1287
vn 0.9095 -0.2160 0.3552
vn 0.1591 0.6306 -0.7596
vn 0.9429 -0.1211 -0.3102
vn 0.7318 -0.3825 -0.5641
vn 0.4926 0.4893 -0.7197
vn 0.3839 0.3629 -0.8491
vn 0.5860 0.2783 -0.7610
vn 0.8980 -0.2322 -0.3736
vn 0.8341 0.1575 -0.5287
vn 0.8353 0.0221 -0.5494
vn 0.6433 -0.0802 -0.7614
vn 0.8157 -0.3322 -0.4736
vn 0.7365 -0.0979 -0.6694
vn 0.1591 -0.7596 0.6306
vn 0.7318 -0.5641 -0.3825
vn 0.9429 -0.3102 -0.1211
vn 0.3839 -0.8491 0.3629
vn 0.4926 -0.7197 0.4893
vn 0.5860 -0.7610 0.2783
vn 0.8157 -0.4736 -0.3322
vn 0.6433 -0.7614 -0.0802
vn 0.7365 -0.6694 -0.0979
vn 0.8341 -0.5287 0.1575
vn 0.8980 -0.3736 -0.2322
vn 0.8353 -0.5494 0.0221
vn 0.0770 0.6069 -0.7910
vn 0.4927 -0.5119 -0.7037
vn 0.2629 0.2833 -0.9223
vn 0.4332 -0.1809 -0.8829
vn 0.0770 -0.7910 0.6069
vn 0.4927 -0.7037 -0.5119
vn 0.2629 -0.9223 0.2833
vn 0.4332 -0.8829 -0.1809
vn -0.0000 0.5957 -0.8032
vn -0.0000 -0.6076 -0.7942
vn -0.0000 0.2368 -0.9716
vn -0.0000 -0.2666 -0.9638
vn -0.0000 -0.8032 0.5957
vn -0.0000 -0.7942 -0.6076
vn -0.0000 -0.9716 0.2368
vn -0.0000 -0.9638 -0.2666
vn -0.0770 0.6069 -0.7910
vn -0.4927 -0.5119 -0.7037
vn -0.2629 0.2833 -0.9223
vn -0.4332 -0.1809 -0.8829
vn -0.0770 -0.7910 0.6069
vn -0.4927 -0.7037 -0.5119
vn -0.2629 -0.9223 0.2833
vn -0.4332 -0.8829 -0.1809
vn -0.1591 0.6306 -0.7596
vn -0.7318 -0.3825 -0.5641
vn -0.9429 -0.1211 -0.3102
vn -0.3839 0.3629 -0.8491
vn -0.4926 0.4893 -0.7197
vn -0.5860 0.2783 -0.7610
vn -0.8157 -0.3322 -0.4736
vn -0.6433 -0.0802 -0.7614
vn -0.7365 -0.0979 -0.6694
vn -0.8341 0.1575 -0.5287
vn -0.8980 -0.2322 -0.3736
vn -0.8353 0.0221 -0.5494
vn -0.1591 -0.7596 0.6306
vn -0.9429 -0.3102 -0.1211
vn -0.7318 -0.5641 -0.3825
vn -0.4926 -0.7197 0.4893
vn -0.3839 -0.8491 0.3629
vn -0.5860 -0.7610 0.2783
vn -0.8980 -0.3736 -0.2322
vn -0.8341 -0.5287 0.1575
vn -0.8353 -0.5494 0.0221
vn -0.6433 -0.7614 -0.0802
vn -0.8157 -0.4736 -0.3322
vn -0.7365 -0.6694 -0.0979
vn -0.1859 0.6948 -0.6948
vn -0.9681 -0.0554 -0.2444
vn -0.9681 0.2444 0.0554
vn -0.5077 0.5284 -0.6804
vn -0.5077 0.6804 -0.5284
vn -0.6782 0.5196 -0.5196
vn -0.9916 0.0125 -0.1287
vn -0.8527 0.2060 -0.4801
vn -0.9095 0.2160 -0.3552
vn -0.8527 0.4800 -0.2060
vn -0.9916 0.1287 -0.0125
vn -0.9095 0.3552 -0.2160
vn -0.1859 -0.6948 0.6948
vn -0.9681 0.0554 0.2444
vn -0.9681 -0.2444 -0.0554
vn -0.5077 -0.5284 0.6804
vn -0.5077 -0.6804 0.5284
vn -0.6783 -0.5196 0.5196
vn -0.9916 -0.0125 0.1287
vn -0.8527 -0.2060 0.4800
vn -0.9095 -0.2160 0.3552
vn -0.8527 -0.4800 0.2060
vn -0.9916 -0.1287 0.0125
vn -0.9095 -0.3552 0.2160
vn -0.1591 0.7596 -0.6306
vn -0.9429 0.3102 0.1211
vn -0.7318 0.5641 0.3825
vn -0.4926 0.7197 -0.4893
vn -0.3839 0.8491 -0.3629
vn -0.5860 0.7610 -0.2783
vn -0.8980 0.3736 0.2322
vn -0.8341 0.5287 -0.1575
vn -0.8353 0.5494 -0.0221
vn -0.6433 0.7614 0.0802
vn -0.8157 0.4736 0.3322
vn -0.7365 0.6694 0.0979
vn -0.1591 -0.6306 0.7596
vn -0.7318 0.3825 0.5641
vn -0.9429 0.1211 0.3102
vn -0.3839 -0.3629 0.8491
vn -0.4926 -0.4893 0.7197
vn -0.5860 -0.2783 0.7610
vn -0.8157 0.3322 0.4736
vn -0.6433 0.0802 0.7614
vn -0.7365 0.0979 0.6694
vn -0.8341 -0.1575 0.5287
vn -0.8980 0.2322 0.3736
vn -0.8353 -0.0221 0.5494
vn -0.0770 0.7910 -0.6069
vn -0.4927 0.7037 0.5119
vn -0.2629 0.9223 -0.2833
vn -0.4332 0.8829 0.1809
vn -0.0770 -0.6069 0.7910
vn -0.4927 0.5119 0.7037
vn -0.2629 -0.2833 0.9223
vn -0.4332 0.1809 0.8829
vn -0.9618 0.2375 0.1358
vn 0.0190 0.7946 0.6068
vn -0.0490 0.5402 -0.8401
vn -0.7832 0.5123 0.3525
vn -0.8520 0.5028 -0.1461
vn -0.6802 0.7292 0.0743
vn 0.0747 0.9723 0.2214
vn -0.3643 0.7347 0.5722
vn -0.2767 0.9192 0.2803
vn -0.4801 0.7381 -0.4740
vn 0.0771 0.9154 -0.3951
vn -0.2899 0.9314 -0.2201
vn -0.9789 0.0881 0.1845
vn -0.3447 0.7370 0.5814
vn -0.9123 0.2709 0.3072
vn -0.7807 0.4845 0.3947
vn 0.1503 0.0963 -0.9839
vn 0.3032 0.7355 0.6059
vn 0.2939 0.7335 -0.6129
vn 0.3775 0.9175 0.1254
vn -0.0322 0.7308 0.6819
vn 0.2726 0.6130 0.7416
vn 0.1321 0.4369 0.8898
vn 0.2095 0.5242 0.8255
vn 0.5584 0.5584 0.6135
vn 0.1485 -0.0437 -0.9880
vn 0.7054 0.7054 0.0703
vn 0.4756 0.4756 -0.7400
vn -0.0478 0.4602 0.8865
vn 0.4627 0.4627 0.7562
vn 0.2006 0.2006 0.9589
vn 0.3520 0.3520 0.8673
vn 0.1753 -0.0851 -0.9808
vn 0.7296 0.3022 0.6135
vn 0.6214 0.2574 -0.7400
vn 0.9216 0.3817 0.0703
vn -0.0270 0.4350 0.9000
vn 0.6045 0.2504 0.7562
vn 0.2621 0.1086 0.9589
vn 0.4599 0.1905 0.8673
vn 0.1838 -0.1335 -0.9738
vn 0.7897 -0.0000 0.6135
vn 0.6726 -0.0000 -0.7400
vn 0.9975 -0.0000 0.0703
vn -0.0198 0.4035 0.9147
vn 0.6543 -0.0000 0.7562
vn 0.2837 -0.0000 0.9589
vn 0.4978 -0.0000 0.8673
vn 0.1731 -0.1814 -0.9681
vn 0.7296 -0.3022 0.6135
vn 0.6214 -0.2574 -0.7400
vn 0.9216 -0.3817 0.0703
vn -0.0279 0.3704 0.9284
vn 0.6045 -0.2504 0.7562
vn 0.2621 -0.1086 0.9589
vn 0.4599 -0.1905 0.8673
vn 0.1449 -0.2218 -0.9643
vn 0.5584 -0.5584 0.6135
vn 0.4756 -0.4756 -0.7400
vn 0.7054 -0.7054 0.0703
vn -0.0506 0.3409 0.9387
vn 0.4627 -0.4627 0.7562
vn 0.2006 -0.2006 0.9589
vn 0.3520 -0.3520 0.8673
vn 0.1037 -0.2489 -0.9630
vn 0.3022 -0.7296 0.6135
vn 0.2574 -0.6214 -0.7400
vn 0.3817 -0.9216 0.0703
vn -0.0846 0.3201 0.9436
vn 0.2504 -0.6045 0.7562
vn 0.1086 -0.2621 0.9589
vn 0.1905 -0.4599 0.8673
vn 0.0553 -0.2589 -0.9643
vn -0.0000 -0.7897 0.6135
vn -0.0000 -0.6726 -0.7400
vn -0.0000 -0.9975 0.0703
vn -0.1242 0.3117 0.9420
vn -0.0000 -0.6543 0.7562
vn -0.0000 -0.2837 0.9589
vn -0.0000 -0.4978 0.8673
vn 0.0069 -0.2503 -0.9682
vn -0.3022 -0.7296 0.6135
vn -0.2574 -0.6214 -0.7400
vn -0.3817 -0.9216 0.0703
vn -0.1627 0.3170 0.9344
vn -0.2504 -0.6045 0.7562
vn -0.1086 -0.2621 0.9589
vn -0.1905 -0.4599 0.8673
vn -0.0346 -0.2240 -0.9740
vn -0.5584 -0.5584 0.6135
vn -0.4756 -0.4756 -0.7400
vn -0.7054 -0.7054 0.0703
vn -0.1935 0.3349 0.9222
vn -0.4627 -0.4627 0.7562
vn -0.2006 -0.2006 0.9589
vn -0.3520 -0.3520 0.8673
vn -0.0628 -0.1838 -0.9810
vn -0.7296 -0.3022 0.6135
vn -0.6214 -0.2574 -0.7400
vn -0.9216 -0.3817 0.0703
vn -0.2122 0.3621 0.9077
vn -0.6045 -0.2504 0.7562
vn -0.2621 -0.1086 0.9589
vn -0.4599 -0.1905 0.8673
vn -0.0731 -0.1355 -0.9881
vn -0.7897 -0.0000 0.6135
vn -0.6726 -0.0000 -0.7400
vn -0.9975 -0.0000 0.0703
vn -0.2163 0.3941 0.8933
vn -0.6543 -0.0000 0.7562
vn -0.2837 -0.0000 0.9589
vn -0.4978 -0.0000 0.8673
vn -0.2076 -0.0260 -0.9779
vn -0.7326 0.3043 0.6089
vn -0.7617 0.3261 -0.5599
vn -0.9123 0.3791 0.1550
vn -0.6262 0.2407 0.7416
vn -0.4150 0.5937 0.6895
vn -0.5188 0.2225 0.8255
vn -0.4023 0.2155 0.8898
vn -0.4228 0.4801 -0.7686
vn -0.5410 0.5920 0.5974
vn 0.7537 0.6075 -0.2507
vn -0.7492 0.5971 -0.2868
vn -0.1585 0.8046 -0.5723
vn -0.4665 0.8410 -0.2739
vn -0.0596 0.9025 0.4266
vn -0.7508 0.6083 0.2574
vn -0.4488 0.8696 0.2057
vn 0.4028 0.7937 -0.4559
vn 0.4971 0.8677 0.0016
vn 0.0740 0.9825 -0.1710
vn 0.8543 0.4593 -0.2433
vn -0.3845 0.7756 0.5005
vn 0.6997 0.6852 -0.2022
vn 0.1717 0.9702 -0.1707
vn -0.1137 0.2479 -0.9621
vn 0.8231 0.5056 -0.2588
vn -0.9843 0.1456 0.0995
vn 0.7139 -0.2381 -0.6585
vn -0.8588 -0.4814 -0.1751
vn 0.2709 -0.7999 0.5356
vn -0.0539 0.9912 -0.1212
vn -0.7831 0.4843 -0.3902
vn -0.5334 0.7904 -0.3013
vn 0.3184 0.7190 -0.6178
vn -0.3917 0.9181 -0.0600
vn 0.0234 0.9095 -0.4151
vn -0.6126 0.6267 -0.4817
vn -0.9927 0.0572 0.1063
vn 0.8642 0.4273 -0.2659
vn -0.8122 0.4537 -0.3667
vn 0.2096 0.7247 -0.6564
vn -0.2767 0.7217 -0.6346
vn -0.6555 0.7236 0.2162
vn -0.9693 0.2094 -0.1290
vn -0.7451 0.5405 -0.3908
vn 0.6619 0.5667 -0.4907
vn 0.3664 0.9304 0.0076
vn 0.2810 0.7483 -0.6009
vn -0.4978 0.4850 -0.7190
vn 0.5704 -0.8210 0.0245
vn 0.7942 0.2126 -0.5692
vn 0.1835 0.0233 -0.9827
vn 0.0438 0.4549 -0.8895
vn 0.6534 -0.1154 -0.7481
vn 0.6804 -0.6459 -0.3462
vn 0.8050 -0.5589 -0.1990
vn 0.7249 -0.4539 -0.5183
vn 0.5606 0.3100 -0.7679
vn 0.7700 -0.2349 -0.5932
vn 0.6735 -0.1344 -0.7269
vn -0.6668 0.3882 -0.6361
vn -0.9864 -0.1642 -0.0086
vn 0.9583 -0.2799 0.0569
vn -0.7689 0.0178 -0.6391
vn -0.0826 -0.2688 -0.9597
vn -0.0959 -0.6544 -0.7500
vn -0.3895 -0.7018 -0.5965
vn -0.8947 -0.1357 -0.4255
vn -0.0016 -0.5018 -0.8650
vn 0.7829 -0.5916 -0.1924
vn 0.8994 -0.3083 -0.3099
vn 0.5720 -0.6301 -0.5251
vn -0.1616 -0.7834 0.6001
vn 0.7080 -0.6135 0.3497
vn -0.1826 0.5465 -0.8173
vn 0.1686 -0.9197 0.3546
vn -0.0733 -0.9248 -0.3733
vn 0.2727 -0.7043 -0.6554
vn 0.4921 -0.6833 -0.5394
vn 0.4417 -0.8647 0.2391
vn 0.0899 -0.7829 -0.6157
vn 0.0590 0.2894 -0.9554
vn -0.2176 0.1285 -0.9676
vn -0.0254 -0.2081 -0.9778
vn 0.8395 -0.4874 0.2401
vn 0.6020 0.3543 -0.7156
vn -0.5515 -0.0046 -0.8342
vn 0.9517 -0.2133 -0.2206
vn 0.7214 -0.3709 -0.5848
vn 0.4988 -0.0019 -0.8667
vn 0.3091 0.1047 -0.9452
vn 0.7960 0.1348 -0.5900
vn 0.4699 0.0191 -0.8825
vn -0.1873 0.1662 -0.9681
vn -0.1559 -0.0347 -0.9872
vn 0.1058 0.0051 -0.9944
vn -0.3583 -0.7463 0.5609
vn 0.4507 0.3219 -0.8326
vn -0.9586 -0.0857 -0.2716
vn -0.4438 -0.7962 -0.4112
vn -0.7183 -0.6783 0.1546
vn -0.5199 -0.4012 -0.7542
vn 0.1604 -0.0282 -0.9867
vn 0.1102 0.2478 -0.9625
vn -0.0780 -0.2335 -0.9692
vn -0.8900 -0.4172 -0.1837
vn -0.5552 -0.2269 -0.8002
vn -0.4821 -0.4992 -0.7200
vn -0.9430 -0.3062 0.1305
vn 0.1169 -0.8574 0.5013
vn 0.8476 0.0335 -0.5296
vn -0.6155 -0.7524 0.2347
vn -0.2855 -0.9170 -0.2787
vn 0.2530 -0.9503 -0.1813
vn 0.4062 -0.9089 -0.0946
vn -0.1795 -0.9267 0.3302
vn 0.1643 -0.9562 -0.2424
vn 0.8759 -0.2993 -0.3785
vn 0.7048 -0.4214 -0.5707
vn 0.5382 -0.6749 -0.5048
vn 0.8722 0.1466 -0.4666
vn 0.2470 -0.8169 -0.5213
vn 0.9560 -0.2872 -0.0602
vn 0.8495 -0.2584 -0.4600
vn 0.9419 0.0154 -0.3355
vn 0.8820 -0.3150 -0.3505
vn 0.5787 -0.6123 -0.5387
vn 0.6199 -0.6892 -0.3752
vn 0.7524 -0.5218 -0.4020
vn 0.9743 -0.1494 -0.1683
vn 0.8333 -0.4431 -0.3305
vn 0.8843 -0.3428 -0.3169
vn 0.3105 -0.8034 0.5081
vn 0.9373 -0.3484 0.0077
vn 0.2833 -0.4800 -0.8303
vn -0.2089 0.4976 -0.8419
vn -0.9209 0.0827 -0.3809
vn 0.4892 -0.2215 -0.8436
vn 0.5582 -0.7175 0.4166
vn 0.5653 -0.8202 0.0875
vn 0.7204 -0.6409 -0.2653
vn 0.8352 -0.4173 -0.3583
vn 0.8252 -0.5224 0.2148
vn 0.7734 -0.3942 -0.4965
vn 0.1829 -0.1890 -0.9648
vn 0.5719 -0.4764 -0.6678
vn 0.4741 -0.2366 -0.8481
vn -0.4884 0.4392 -0.7541
vn 0.0086 0.1940 -0.9810
vn 0.1301 0.0786 -0.9884
vn -0.6202 0.0242 -0.7841
vn -0.7860 0.2563 -0.5626
vn -0.2143 0.0336 -0.9762
vn 0.6613 -0.5200 -0.5406
vn 0.0676 -0.0961 -0.9931
vn 0.3803 -0.3754 -0.8453
vn 0.4873 0.4319 -0.7590
vn -0.1080 0.5048 -0.8564
vn -0.1716 -0.5119 -0.8417
vn 0.3054 0.4896 -0.8167
vn 0.2019 0.2167 -0.9551
vn 0.0895 0.2742 -0.9575
vn -0.0226 0.1942 -0.9807
vn 0.0701 0.5237 -0.8490
vn 0.0465 0.2806 -0.9587
vn -0.1651 -0.1148 -0.9796
vn 0.0037 -0.1877 -0.9822
vn -0.0207 0.0513 -0.9985
vn -0.3144 -0.9061 0.2830
vn -0.1292 -0.9870 -0.0956
vn -0.7134 -0.1935 0.6735
vn -0.1206 -0.5470 -0.8284
vn -0.8148 -0.4220 0.3975
vn -0.4473 -0.4474 -0.7744
vn -0.4915 -0.8623 -0.1216
vn -0.1226 -0.8823 -0.4545
vn -0.4473 -0.7744 -0.4473
vn -0.7926 -0.2309 0.5643
vn -0.8623 -0.4915 -0.1216
vn -0.7744 -0.4474 -0.4474
vn -0.1296 -0.9834 0.1270
vn -0.0638 -0.1838 0.9809
vn -0.6282 -0.1704 0.7592
vn -0.1214 -0.8676 0.4823
vn -0.4915 -0.8623 0.1216
vn -0.4473 -0.7744 0.4473
vn -0.2382 -0.1234 0.9633
vn -0.1206 -0.5470 0.8284
vn -0.4473 -0.4474 0.7744
vn -0.8623 -0.4915 0.1216
vn -0.4736 -0.1379 0.8699
vn -0.7744 -0.4473 0.4473
vn -0.3144 0.9061 0.2830
vn -0.7134 0.1935 0.6735
vn -0.1292 0.9870 -0.0956
vn -0.8148 0.4220 0.3975
vn -0.1206 0.5470 -0.8284
vn -0.4473 0.4473 -0.7744
vn -0.8623 0.4915 -0.1216
vn -0.7926 0.2309 0.5643
vn -0.7744 0.4473 -0.4474
vn -0.1226 0.8823 -0.4545
vn -0.4915 0.8623 -0.1216
vn -0.4473 0.7744 -0.4473
vn -0.0638 0.1838 0.9809
vn -0.1295 0.9834 0.1270
vn -0.6282 0.1704 0.7592
vn -0.1206 0.5470 0.8284
vn -0.2382 0.1234 0.9633
vn -0.4474 0.4473 0.7744
vn -0.4915 0.8623 0.1216
vn -0.1214 0.8676 0.4823
vn -0.4474 0.7744 0.4473
vn -0.4736 0.1379 0.8699
vn -0.8623 0.4915 0.1216
vn -0.7744 0.4473 0.4473
vn 0.3144 -0.9061 0.2830
vn 0.7134 -0.1935 0.6735
vn 0.1292 -0.9870 -0.0956
vn 0.8148 -0.4220 0.3975
vn 0.1206 -0.5470 -0.8284
vn 0.4473 -0.4474 -0.7744
vn 0.8623 -0.4915 -0.1216
vn 0.7926 -0.2309 0.5643
vn 0.7744 -0.4474 -0.4474
vn 0.1226 -0.8823 -0.4545
vn 0.4915 -0.8623 -0.1216
vn 0.4473 -0.7744 -0.4473
vn 0.0638 -0.1838 0.9809
vn 0.1296 -0.9834 0.1270
vn 0.6282 -0.1704 0.7592
vn 0.1206 -0.5470 0.8284
vn 0.2382 -0.1234 0.9633
vn 0.4473 -0.4474 0.7744
vn 0.4915 -0.8623 0.1216
vn 0.1214 -0.8676 0.4823
vn 0.4473 -0.7744 0.4473
vn 0.4736 -0.1379 0.8699
vn 0.8623 -0.4915 0.1216
vn 0.7744 -0.4474 0.4473
vn 0.3144 0.9061 0.2830
vn 0.1292 0.9870 -0.0956
vn 0.7134 0.1935 0.6735
vn 0.1206 0.5470 -0.8284
vn 0.8148 0.4220 0.3975
vn 0.4473 0.4473 -0.7744
vn 0.4915 0.8623 -0.1216
vn 0.1226 0.8823 -0.4545
vn 0.4473 0.7744 -0.4474
vn 0.7926 0.2309 0.5643
vn 0.8623 0.4915 -0.1216
vn 0.7744 0.4473 -0.4474
vn 0.0638 0.1838 0.9809
vn 0.6282 0.1704 0.7592
vn 0.1296 0.9834 0.1270
vn 0.2382 0.1234 0.9633
vn 0.1206 0.5470 0.8284
vn 0.4473 0.4473 0.7744
vn 0.8623 0.4915 0.1216
vn 0.4736 0.1379 0.8699
vn 0.7744 0.4473 0.4473
vn 0.1214 0.8676 0.4823
vn 0.4915 0.8623 0.1216
vn 0.4473 0.7744 0.4473
vn -0.4461 -0.8938 -0.0448
vn -0.1296 -0.9831 -0.1296
vn -0.1216 -0.4915 -0.8623
vn -0.2877 -0.1486 -0.9461
vn -0.4473 -0.4473 -0.7744
vn -0.1216 -0.8623 -0.4915
vn -0.4473 -0.7744 -0.4474
vn -0.6969 -0.2030 -0.6879
vn -0.7744 -0.4473 -0.4474
vn -0.1296 -0.9831 0.1296
vn -0.0605 -0.1243 0.9904
vn -0.1216 -0.8623 0.4915
vn -0.2875 -0.1528 0.9455
vn -0.1216 -0.4915 0.8623
vn -0.4473 -0.4473 0.7744
vn -0.6969 -0.2030 0.6879
vn -0.3834 0.7885 0.4809
vn -0.1296 0.9831 -0.1296
vn -0.8595 0.4567 -0.2296
vn -0.1216 0.4915 -0.8623
vn -0.9518 0.2773 -0.1312
vn -0.1216 0.8623 -0.4915
vn -0.4473 0.7744 -0.4474
vn -0.0658 0.1319 0.9891
vn -0.1296 0.9831 0.1296
vn -0.1216 0.4915 0.8623
vn -0.8644 0.4466 0.2309
vn -0.4473 0.4473 0.7744
vn -0.1216 0.8623 0.4915
vn -0.9518 0.2772 0.1312
vn 0.4369 -0.8984 -0.0438
vn 0.1296 -0.9831 -0.1296
vn 0.2875 -0.1528 -0.9455
vn 0.1216 -0.4915 -0.8623
vn 0.4473 -0.4473 -0.7744
vn 0.8657 -0.2522 0.4323
vn 0.7744 -0.4473 -0.4474
vn 0.1216 -0.8623 -0.4915
vn 0.4473 -0.7744 -0.4474
vn 0.4462 -0.8938 0.0448
vn 0.1296 -0.9831 0.1296
vn 0.1216 -0.4915 0.8623
vn 0.2877 -0.1486 0.9461
vn 0.4473 -0.4473 0.7744
vn 0.1216 -0.8623 0.4915
vn 0.4474 -0.7744 0.4473
vn 0.4350 -0.1267 0.8915
vn 0.7744 -0.4473 0.4473
vn 0.0658 0.1319 -0.9891
vn 0.1296 0.9831 -0.1296
vn 0.1216 0.4915 -0.8623
vn 0.8644 0.4466 -0.2309
vn 0.1216 0.8623 -0.4915
vn 0.7181 0.2092 0.6638
vn 0.0658 0.1353 0.9886
vn 0.1296 0.9831 0.1296
vn 0.8595 0.4567 0.2296
vn 0.1216 0.4915 0.8623
vn 0.5182 0.1510 0.8418
vn 0.1216 0.8623 0.4915
vn -0.7744 -0.4474 0.4473
vn -0.1296 0.9834 0.1270
vn 0.4473 0.7744 -0.4473
vn 0.1295 0.9834 0.1270
vn 0.4474 0.7744 0.4473
vn -0.0658 -0.1319 -0.9891
vn -0.8644 -0.4466 -0.2309
vn -0.4916 -0.8623 -0.1216
vn -0.7181 -0.2092 0.6638
vn -0.0658 -0.1353 0.9886
vn -0.1216 -0.8623 0.4916
vn -0.4916 -0.8623 0.1216
vn -0.8595 -0.4567 0.2296
vn -0.5182 -0.1510 0.8418
vn -0.4369 0.8984 -0.0438
vn -0.2875 0.1528 -0.9455
vn -0.4473 0.4474 -0.7744
vn -0.8657 0.2522 0.4323
vn -0.7744 0.4474 -0.4474
vn -0.4462 0.8938 0.0448
vn -0.2877 0.1486 0.9461
vn -0.4473 0.4474 0.7744
vn -0.4473 0.7744 0.4473
vn -0.4350 0.1267 0.8915
vn -0.7744 0.4474 0.4473
vn 0.3834 -0.7885 0.4809
vn 0.8595 -0.4567 -0.2296
vn 0.9518 -0.2772 -0.1312
vn 0.1216 -0.8623 -0.4916
vn 0.4916 -0.8623 -0.1216
vn 0.0658 -0.1319 0.9891
vn 0.1216 -0.4916 0.8623
vn 0.8644 -0.4466 0.2309
vn 0.4916 -0.8623 0.1216
vn 0.9518 -0.2772 0.1312
vn 0.4462 0.8938 -0.0448
vn 0.2877 0.1486 -0.9461
vn 0.4473 0.4474 -0.7744
vn 0.6969 0.2030 -0.6879
vn 0.7744 0.4474 -0.4474
vn 0.0605 0.1243 0.9904
vn 0.2875 0.1528 0.9455
vn 0.4473 0.4474 0.7744
vn 0.6969 0.2030 0.6879
vt 0.334732 0.809737
vt 0.311999 0.775315
vt 0.354821 0.771372
vt 0.117207 0.706344
vt 0.084482 0.723387
vt 0.074352 0.681615
vt 0.419716 0.813567
vt 0.377880 0.815877
vt 0.404774 0.773623
vt 0.529106 0.817302
vt 0.503996 0.782077
vt 0.549128 0.779591
vt 0.308592 0.822257
vt 0.044066 0.790824
vt 0.041626 0.748749
vt 0.084481 0.773478
vt 0.668218 0.786443
vt 0.651833 0.823779
vt 0.623082 0.805379
vt 0.687530 0.899537
vt 0.644063 0.898357
vt 0.668219 0.864834
vt 0.613058 0.817301
vt 0.573000 0.822780
vt 0.598474 0.779591
vt 0.186926 0.788298
vt 0.174101 0.741128
vt 0.208945 0.752386
vt 0.183406 0.702808
vt 0.214196 0.711975
vt 0.623082 0.853827
vt 0.288753 0.736791
vt 0.281856 0.779132
vt 0.251800 0.741128
vt 0.260078 0.817042
vt 0.216981 0.826302
vt 0.234946 0.788298
vt 0.116976 0.747675
vt 0.044067 0.705604
vt 0.025237 0.681160
vt 0.178381 0.817042
vt 0.261105 0.702808
vt 0.572446 0.743824
vt 0.609314 0.738888
vt 0.117207 0.787393
vt 0.074352 0.812755
vt 0.529470 0.738888
vt 0.380486 0.737851
vt 0.419716 0.736704
vt 0.338892 0.733062
vt 0.307632 0.744559
vt 0.543203 0.471059
vt 0.538417 0.473291
vt 0.538417 0.451349
vt 0.545285 0.465405
vt 0.170909 0.398596
vt 0.169316 0.400977
vt 0.163077 0.379307
vt 0.166067 0.376500
vt 0.167832 0.403081
vt 0.164936 0.398736
vt 0.160545 0.394051
vt 0.157387 0.379000
vt 0.157157 0.390142
vt 0.154520 0.399003
vt 0.152243 0.409203
vt 0.156248 0.382307
vt 0.898263 0.479234
vt 0.894420 0.469391
vt 0.900262 0.448880
vt 0.903219 0.471119
vt 0.559304 0.478202
vt 0.554449 0.465516
vt 0.548778 0.448679
vt 0.552695 0.455632
vt 0.549968 0.454536
vt 0.548370 0.459328
vt 0.161424 0.374512
vt 0.739434 0.061920
vt 0.736857 0.070996
vt 0.739148 0.056660
vt 0.743065 0.066149
vt 0.734364 0.081466
vt 0.734364 0.062415
vt 0.850734 0.102171
vt 0.846137 0.094019
vt 0.852293 0.070393
vt 0.854336 0.092092
vt 0.836114 0.074597
vt 0.834011 0.067155
vt 0.832094 0.051870
vt 0.837970 0.056026
vt 0.831612 0.060502
vt 0.826717 0.061027
vt 0.288753 0.394348
vt 0.287410 0.398500
vt 0.286842 0.379211
vt 0.289517 0.378829
vt 0.285568 0.402031
vt 0.284114 0.400479
vt 0.280605 0.398908
vt 0.278489 0.376625
vt 0.278830 0.397940
vt 0.275963 0.392181
vt 0.746223 0.071161
vt 0.743881 0.058096
vt 0.738240 0.059482
vt 0.743120 0.059557
vt 0.707616 0.364290
vt 0.709694 0.364563
vt 0.709357 0.366632
vt 0.707782 0.367037
vt 0.711898 0.364752
vt 0.710970 0.366858
vt 0.680080 0.301245
vt 0.682384 0.301279
vt 0.682774 0.306354
vt 0.680954 0.306328
vt 0.685740 0.301306
vt 0.685224 0.306375
vt 0.688785 0.301317
vt 0.687630 0.306383
vt 0.707882 0.369948
vt 0.709496 0.368765
vt 0.688785 0.010312
vt 0.685740 0.010301
vt 0.685224 0.007891
vt 0.687630 0.005238
vt 0.682384 0.010274
vt 0.682876 0.007875
vt 0.680080 0.010240
vt 0.680954 0.005183
vt 0.761629 0.393232
vt 0.761738 0.395544
vt 0.759655 0.395870
vt 0.759947 0.394824
vt 0.761936 0.397725
vt 0.759194 0.397515
vt 0.756285 0.397373
vt 0.758330 0.396076
vt 0.684339 0.006539
vt 0.694122 0.301335
vt 0.697167 0.301346
vt 0.697905 0.303759
vt 0.695275 0.306409
vt 0.700937 0.301343
vt 0.700437 0.303754
vt 0.703898 0.301327
vt 0.702777 0.306403
vt 0.697253 0.375468
vt 0.698276 0.372921
vt 0.699809 0.373622
vt 0.699121 0.374604
vt 0.699179 0.370470
vt 0.700894 0.372082
vt 0.702752 0.373705
vt 0.700784 0.374071
vt 0.699577 0.305107
vt 0.755449 0.406484
vt 0.752963 0.407398
vt 0.752317 0.405782
vt 0.753898 0.404666
vt 0.750378 0.408437
vt 0.750378 0.406483
vt 0.703898 0.010322
vt 0.700937 0.010338
vt 0.700437 0.005270
vt 0.702777 0.005258
vt 0.697167 0.010341
vt 0.697682 0.005273
vt 0.694122 0.010330
vt 0.695275 0.005264
vt 0.752341 0.402699
vt 0.751099 0.404375
vt 0.689438 0.370118
vt 0.690323 0.372633
vt 0.688786 0.373227
vt 0.687712 0.371610
vt 0.691329 0.375254
vt 0.689465 0.375186
vt 0.709087 0.301300
vt 0.712049 0.301284
vt 0.712550 0.306352
vt 0.710211 0.306364
vt 0.715208 0.301251
vt 0.714857 0.306328
vt 0.717283 0.301214
vt 0.716496 0.306298
vt 0.685845 0.373104
vt 0.687452 0.374397
vt 0.755448 0.416696
vt 0.753893 0.418484
vt 0.752315 0.417338
vt 0.752964 0.415735
vt 0.752331 0.420422
vt 0.751095 0.418720
vt 0.717283 0.010209
vt 0.715208 0.010246
vt 0.714857 0.005182
vt 0.716496 0.005153
vt 0.712049 0.010279
vt 0.712550 0.005207
vt 0.709087 0.010295
vt 0.710211 0.005219
vt 0.750378 0.414647
vt 0.750378 0.416601
vt 0.680967 0.327730
vt 0.677191 0.326121
vt 0.677955 0.324387
vt 0.679822 0.322717
vt 0.794521 0.613212
vt 0.793393 0.612155
vt 0.795535 0.611163
vt 0.796283 0.612434
vt 0.792402 0.611097
vt 0.796812 0.609151
vt 0.819130 0.648410
vt 0.820821 0.647915
vt 0.820365 0.650129
vt 0.818467 0.650684
vt 0.823516 0.647127
vt 0.822494 0.649572
vt 0.821334 0.652145
vt 0.818740 0.652903
vt 0.797443 0.610321
vt 0.797549 0.426127
vt 0.802523 0.427392
vt 0.801502 0.428772
vt 0.797747 0.428308
vt 0.821334 0.392012
vt 0.822494 0.393906
vt 0.820364 0.394595
vt 0.819581 0.392525
vt 0.823516 0.395753
vt 0.820821 0.396542
vt 0.819130 0.397036
vt 0.819130 0.394956
vt 0.796753 0.434156
vt 0.797818 0.432191
vt 0.801199 0.430745
vt 0.801163 0.432210
vt 0.689404 0.321551
vt 0.686710 0.317672
vt 0.688040 0.316698
vt 0.690317 0.316516
vt 0.830417 0.649488
vt 0.829259 0.647594
vt 0.831388 0.646905
vt 0.832170 0.648931
vt 0.828238 0.645746
vt 0.830932 0.644958
vt 0.834580 0.644466
vt 0.833861 0.646497
vt 0.837695 0.644471
vt 0.836515 0.646615
vt 0.835176 0.648847
vt 0.804037 0.417368
vt 0.809107 0.416477
vt 0.809107 0.418087
vt 0.807820 0.420241
vt 0.835176 0.388714
vt 0.836515 0.390949
vt 0.834053 0.391011
vt 0.833104 0.388673
vt 0.837695 0.393097
vt 0.834580 0.393093
vt 0.830932 0.393584
vt 0.831506 0.391280
vt 0.828238 0.394372
vt 0.829259 0.391927
vt 0.830416 0.389356
vt 0.699146 0.321903
vt 0.698270 0.316803
vt 0.699805 0.316859
vt 0.701863 0.318212
vt 0.845678 0.648862
vt 0.844336 0.646627
vt 0.846798 0.646564
vt 0.847748 0.648827
vt 0.843154 0.644479
vt 0.846270 0.644483
vt 0.849913 0.644983
vt 0.849341 0.646839
vt 0.852603 0.645776
vt 0.851582 0.647622
vt 0.850424 0.649514
vt 0.804037 0.407156
vt 0.807828 0.404357
vt 0.808845 0.405757
vt 0.809107 0.408140
vt 0.850424 0.389381
vt 0.851582 0.391955
vt 0.849457 0.391395
vt 0.848675 0.388822
vt 0.852602 0.394402
vt 0.849913 0.393610
vt 0.846270 0.393110
vt 0.846989 0.390982
vt 0.843154 0.393105
vt 0.844336 0.390960
vt 0.845678 0.388729
vt 0.657921 0.014038
vt 0.657569 0.008999
vt 0.659667 0.009070
vt 0.659873 0.014139
vt 0.369700 0.270290
vt 0.371883 0.271532
vt 0.370477 0.273211
vt 0.368249 0.271877
vt 0.373995 0.272753
vt 0.372579 0.274420
vt 0.371072 0.276164
vt 0.368968 0.275084
vt 0.032326 0.068681
vt 0.028925 0.072388
vt 0.029056 0.067680
vt 0.030725 0.065975
vt 0.662220 0.014187
vt 0.661556 0.009221
vt 0.009709 0.190453
vt 0.007850 0.190838
vt 0.006768 0.188186
vt 0.008290 0.185627
vt 0.307874 0.165945
vt 0.309965 0.166720
vt 0.309850 0.169310
vt 0.307782 0.168777
vt 0.312253 0.167373
vt 0.312054 0.169535
vt 0.311893 0.172465
vt 0.309819 0.172908
vt 0.025527 0.337737
vt 0.023577 0.339033
vt 0.023513 0.333005
vt 0.025520 0.332674
vt 0.021054 0.340402
vt 0.022574 0.335697
vt 0.163372 0.266430
vt 0.162125 0.267626
vt 0.005012 0.671136
vt 0.007294 0.677589
vt 0.007519 0.674307
vt 0.010066 0.665848
vt 0.010132 0.667732
vt 0.010168 0.670893
vt 0.007452 0.671021
vt 0.658589 0.372988
vt 0.660765 0.384850
vt 0.660434 0.378355
vt 0.658447 0.377985
vt 0.662220 0.378687
vt 0.490945 0.047764
vt 0.497666 0.035020
vt 0.502625 0.022254
vt 0.496649 0.033527
vt 0.503207 0.021450
vt 0.505728 0.013620
vt 0.565127 0.355675
vt 0.565205 0.360644
vt 0.560665 0.342567
vt 0.559619 0.326699
vt 0.137586 0.664885
vt 0.137511 0.661835
vt 0.142220 0.646884
vt 0.142438 0.647084
vt 0.137423 0.659826
vt 0.142220 0.630671
vt 0.501142 0.018726
vt 0.504651 0.012185
vt 0.543203 0.717713
vt 0.541130 0.722037
vt 0.539603 0.724061
vt 0.538417 0.720702
vt 0.539511 0.727797
vt 0.539367 0.727937
vt 0.009551 0.720095
vt 0.005012 0.722651
vt 0.004163 0.722216
vt 0.004035 0.722150
vt 0.227311 0.655970
vt 0.225252 0.654616
vt 0.225706 0.652995
vt 0.227069 0.655131
vt 0.222792 0.653879
vt 0.224107 0.651012
vt 0.225510 0.647750
vt 0.225939 0.651291
vt 0.538566 0.725757
vt 0.569157 0.692394
vt 0.571789 0.691388
vt 0.573097 0.691907
vt 0.571580 0.692351
vt 0.575494 0.690677
vt 0.574678 0.691638
vt 0.577641 0.690535
vt 0.575798 0.691471
vt 0.574209 0.693947
vt 0.574209 0.693947
vt 0.690430 0.822965
vt 0.696115 0.823188
vt 0.776391 0.268064
vt 0.779278 0.268115
vt 0.780687 0.268949
vt 0.779147 0.268844
vt 0.781567 0.268307
vt 0.781696 0.269028
vt 0.241521 0.627698
vt 0.238973 0.628891
vt 0.237706 0.627771
vt 0.237846 0.626913
vt 0.237334 0.630062
vt 0.062306 0.864495
vt 0.066630 0.864495
vt 0.782041 0.270951
vt 0.260628 0.649387
vt 0.262292 0.651796
vt 0.263462 0.655250
vt 0.260195 0.656012
vt 0.265691 0.655028
vt 0.264625 0.656994
vt 0.267036 0.658020
vt 0.264184 0.660630
vt 0.348925 0.847897
vt 0.348329 0.845379
vt 0.350789 0.845863
vt 0.351624 0.846246
vt 0.347060 0.843067
vt 0.351096 0.844952
vt 0.355894 0.847622
vt 0.353607 0.845706
vt 0.263795 0.657422
vt 0.739434 0.278315
vt 0.737307 0.281416
vt 0.735452 0.281382
vt 0.736848 0.279601
vt 0.037138 0.872929
vt 0.033053 0.872929
vt 0.033641 0.871983
vt 0.034336 0.872914
vt 0.030495 0.872349
vt 0.032336 0.871439
vt 0.035160 0.870476
vt 0.033924 0.872409
vt 0.871303 0.320642
vt 0.875741 0.319435
vt 0.875851 0.320596
vt 0.875744 0.323316
vt 0.734364 0.281067
vt 0.734364 0.282087
vt 0.733900 0.282194
vt 0.607678 0.701796
vt 0.609943 0.703254
vt 0.611476 0.705297
vt 0.610116 0.704332
vt 0.612223 0.704933
vt 0.612499 0.706114
vt 0.876908 0.675057
vt 0.872092 0.677319
vt 0.872012 0.674863
vt 0.872128 0.673797
vt 0.717498 0.867686
vt 0.715161 0.870246
vt 0.716942 0.867389
vt 0.714689 0.867994
vt 0.713771 0.872419
vt 0.716964 0.867435
vt 0.612812 0.708420
vt 0.612772 0.708405
vt 0.203127 0.676893
vt 0.202300 0.681468
vt 0.200741 0.682506
vt 0.200957 0.678196
vt 0.201195 0.686534
vt 0.201012 0.686655
vt 0.782955 0.298968
vt 0.779707 0.294205
vt 0.779980 0.293327
vt 0.780019 0.293148
vt 0.200364 0.687396
vt 0.197327 0.684665
vt 0.199120 0.683504
vt 0.194748 0.681759
vt 0.197410 0.680020
vt 0.898263 0.694962
vt 0.903219 0.696978
vt 0.903219 0.700151
vt 0.895504 0.699142
vt 0.152243 0.671717
vt 0.154517 0.675090
vt 0.154587 0.678681
vt 0.152243 0.675404
vt 0.157157 0.678004
vt 0.158154 0.680756
vt 0.159367 0.683300
vt 0.155526 0.682917
vt 0.743086 0.301929
vt 0.740406 0.302230
vt 0.737457 0.297354
vt 0.741077 0.297084
vt 0.737741 0.302268
vt 0.734992 0.299438
vt 0.831612 0.272917
vt 0.834014 0.271630
vt 0.833961 0.274196
vt 0.831031 0.276557
vt 0.836114 0.269919
vt 0.836676 0.272731
vt 0.850734 0.341853
vt 0.853289 0.346471
vt 0.847938 0.347485
vt 0.846137 0.343859
vt 0.043545 0.834300
vt 0.041507 0.831878
vt 0.041880 0.827711
vt 0.043464 0.828714
vt 0.040099 0.829842
vt 0.038267 0.828161
vt 0.036107 0.825787
vt 0.042111 0.826170
vt 0.153025 0.679176
vt 0.149535 0.676143
vt 0.149356 0.676148
vt 0.285568 0.682273
vt 0.287411 0.683577
vt 0.288035 0.687896
vt 0.285730 0.688828
vt 0.288753 0.684996
vt 0.288753 0.688730
vt 0.797303 0.265022
vt 0.795264 0.268327
vt 0.792535 0.264785
vt 0.792969 0.262200
vt 0.761926 0.335740
vt 0.765435 0.337165
vt 0.763596 0.339303
vt 0.762206 0.340117
vt 0.768653 0.337728
vt 0.764750 0.340136
vt 0.760109 0.342936
vt 0.761470 0.341231
vt 0.288889 0.690789
vt 0.812177 0.360181
vt 0.814677 0.360228
vt 0.814571 0.362635
vt 0.812177 0.362696
vt 0.817183 0.360275
vt 0.817183 0.362684
vt 0.519109 0.723392
vt 0.524123 0.723501
vt 0.521507 0.728462
vt 0.519109 0.728410
vt 0.727120 0.981320
vt 0.729281 0.981055
vt 0.729373 0.986014
vt 0.727120 0.986290
vt 0.731437 0.980792
vt 0.731437 0.985762
vt 0.812177 0.365218
vt 0.814571 0.365263
vt 0.519109 0.532718
vt 0.519109 0.530212
vt 0.521507 0.530370
vt 0.524123 0.532826
vt 0.519109 0.527700
vt 0.521507 0.527752
vt 0.814274 0.833146
vt 0.814274 0.838166
vt 0.809422 0.835754
vt 0.809422 0.833353
vt 0.731437 0.786971
vt 0.731437 0.789459
vt 0.729373 0.789817
vt 0.727120 0.787499
vt 0.731437 0.791941
vt 0.729281 0.792205
vt 0.727120 0.792469
vt 0.728257 0.789953
vt 0.522802 0.530398
vt 0.809783 0.362545
vt 0.809677 0.360134
vt 0.809783 0.365173
vt 0.733592 0.980528
vt 0.733501 0.985509
vt 0.735754 0.980264
vt 0.735754 0.985233
vt 0.931183 0.202143
vt 0.931183 0.207196
vt 0.928780 0.207224
vt 0.926159 0.202200
vt 0.807171 0.360087
vt 0.807171 0.362496
vt 0.819126 0.832939
vt 0.819126 0.835339
vt 0.931183 0.005068
vt 0.931183 0.007598
vt 0.928780 0.007732
vt 0.928780 0.005096
vt 0.931183 0.010122
vt 0.926159 0.010178
vt 0.735754 0.791413
vt 0.733592 0.791677
vt 0.733501 0.789312
vt 0.734617 0.789175
vt 0.735754 0.786443
vt 0.927482 0.007747
vt 0.812177 0.360181
vt 0.812177 0.357666
vt 0.814571 0.357818
vt 0.814677 0.360228
vt 0.812177 0.355145
vt 0.814571 0.355190
vt 0.519164 0.512497
vt 0.521695 0.512493
vt 0.521588 0.517559
vt 0.519164 0.517561
vt 0.524233 0.512490
vt 0.524233 0.517555
vt 0.516711 0.728358
vt 0.514095 0.723283
vt 0.817183 0.360275
vt 0.817183 0.357867
vt 0.809422 0.830952
vt 0.814274 0.828125
vt 0.516711 0.530266
vt 0.516711 0.527648
vt 0.519109 0.532718
vt 0.514095 0.532609
vt 0.524233 0.320025
vt 0.521695 0.320029
vt 0.521588 0.317607
vt 0.522898 0.317605
vt 0.519164 0.320032
vt 0.519164 0.317502
vt 0.519164 0.314967
vt 0.524233 0.314961
vt 0.515415 0.530238
vt 0.809678 0.360134
vt 0.809783 0.357728
vt 0.807171 0.357679
vt 0.931183 0.202143
vt 0.933692 0.202115
vt 0.933586 0.207169
vt 0.936208 0.202087
vt 0.936208 0.207140
vt 0.516740 0.517564
vt 0.514095 0.512503
vt 0.809783 0.355100
vt 0.816594 0.828026
vt 0.516740 0.317612
vt 0.516740 0.314970
vt 0.514095 0.320038
vt 0.936208 0.010065
vt 0.933692 0.010093
vt 0.933586 0.007678
vt 0.934884 0.007663
vt 0.931183 0.010122
vt 0.931183 0.007598
vt 0.936208 0.005012
vt 0.515430 0.317614
vt 0.812177 0.319613
vt 0.817183 0.319707
vt 0.817183 0.322116
vt 0.812177 0.324650
vt 0.958327 0.917175
vt 0.958327 0.914662
vt 0.960724 0.914609
vt 0.960724 0.917227
vt 0.958327 0.912157
vt 0.963341 0.912266
vt 0.986355 0.199889
vt 0.988516 0.199624
vt 0.988607 0.201990
vt 0.987492 0.202126
vt 0.990672 0.199361
vt 0.990672 0.201842
vt 0.990672 0.204330
vt 0.986355 0.204859
vt 0.962020 0.914637
vt 0.958327 0.721482
vt 0.958327 0.718977
vt 0.960724 0.719135
vt 0.963341 0.721591
vt 0.958327 0.716464
vt 0.960724 0.716516
vt 0.178953 0.841553
vt 0.178953 0.846573
vt 0.174101 0.844161
vt 0.174101 0.841760
vt 0.990672 0.005540
vt 0.990672 0.008028
vt 0.988607 0.008386
vt 0.986355 0.006068
vt 0.990672 0.010510
vt 0.988516 0.010773
vt 0.986355 0.011038
vt 0.987492 0.008522
vt 0.962020 0.719163
vt 0.812177 0.319613
vt 0.809783 0.324605
vt 0.807171 0.319519
vt 0.992736 0.201485
vt 0.992736 0.204078
vt 0.992827 0.199097
vt 0.994988 0.198832
vt 0.994988 0.201209
vt 0.951255 0.202143
vt 0.951255 0.204667
vt 0.946231 0.204617
vt 0.946231 0.202200
vt 0.951255 0.207196
vt 0.946231 0.207253
vt 0.178953 0.841553
vt 0.183805 0.841346
vt 0.183805 0.843747
vt 0.951255 0.005068
vt 0.951255 0.007598
vt 0.948853 0.007732
vt 0.948853 0.005096
vt 0.951255 0.010122
vt 0.946231 0.010178
vt 0.994988 0.009981
vt 0.992827 0.010246
vt 0.992736 0.007880
vt 0.993851 0.007744
vt 0.994988 0.005012
vt 0.947554 0.007747
vt 0.812177 0.319613
vt 0.812177 0.314577
vt 0.814571 0.314622
vt 0.817183 0.319707
vt 0.157312 0.900029
vt 0.157312 0.897493
vt 0.159736 0.897383
vt 0.159736 0.900026
vt 0.157312 0.894964
vt 0.159843 0.894961
vt 0.162381 0.894958
vt 0.162381 0.897380
vt 0.958326 0.914662
vt 0.953312 0.914448
vt 0.953312 0.912048
vt 0.958327 0.917175
vt 0.953312 0.917066
vt 0.174101 0.841760
vt 0.174101 0.839360
vt 0.178953 0.836533
vt 0.958327 0.718977
vt 0.955929 0.719031
vt 0.955929 0.716412
vt 0.953312 0.721373
vt 0.162381 0.702493
vt 0.159843 0.702496
vt 0.159736 0.700074
vt 0.161046 0.700072
vt 0.157312 0.702499
vt 0.157312 0.699970
vt 0.157312 0.697434
vt 0.162381 0.697428
vt 0.954633 0.719002
vt 0.812177 0.319613
vt 0.807171 0.317111
vt 0.951255 0.204667
vt 0.953658 0.204533
vt 0.953658 0.207169
vt 0.953764 0.202115
vt 0.956280 0.202087
vt 0.956280 0.204503
vt 0.152243 0.897392
vt 0.152243 0.894970
vt 0.152243 0.900035
vt 0.178953 0.841553
vt 0.181273 0.836434
vt 0.183805 0.841346
vt 0.154888 0.700080
vt 0.154888 0.697437
vt 0.152243 0.702505
vt 0.956280 0.010065
vt 0.953764 0.010093
vt 0.953658 0.007678
vt 0.954957 0.007663
vt 0.951256 0.007598
vt 0.951255 0.005068
vt 0.956280 0.005012
vt 0.153578 0.700081
vt 0.812177 0.339897
vt 0.817183 0.339991
vt 0.817183 0.342400
vt 0.812177 0.344934
vt 0.958490 0.589529
vt 0.958490 0.587017
vt 0.960888 0.586963
vt 0.960888 0.589581
vt 0.958490 0.584512
vt 0.963504 0.584620
vt 0.973364 0.911233
vt 0.975525 0.910968
vt 0.975617 0.913334
vt 0.974501 0.913470
vt 0.977681 0.910704
vt 0.977681 0.913186
vt 0.977681 0.915674
vt 0.973364 0.916202
vt 0.962184 0.586991
vt 0.958490 0.393837
vt 0.958490 0.391331
vt 0.960888 0.391489
vt 0.963504 0.393946
vt 0.958490 0.388819
vt 0.960888 0.388871
vt 0.814274 0.812667
vt 0.814274 0.817688
vt 0.809422 0.815275
vt 0.809422 0.812874
vt 0.977681 0.716884
vt 0.977681 0.719372
vt 0.975616 0.719729
vt 0.973364 0.717412
vt 0.977681 0.721853
vt 0.975525 0.722117
vt 0.973364 0.722382
vt 0.974501 0.719866
vt 0.962183 0.391517
vt 0.809783 0.344889
vt 0.807171 0.339803
vt 0.979745 0.912828
vt 0.979745 0.915422
vt 0.979836 0.910441
vt 0.981997 0.910176
vt 0.981997 0.912553
vt 0.938265 0.913487
vt 0.938265 0.916010
vt 0.933240 0.915960
vt 0.933240 0.913544
vt 0.938265 0.918540
vt 0.933240 0.918597
vt 0.819126 0.812460
vt 0.819126 0.814861
vt 0.938265 0.716412
vt 0.938265 0.718942
vt 0.935862 0.719076
vt 0.935862 0.716439
vt 0.938265 0.721466
vt 0.933240 0.721522
vt 0.981997 0.721325
vt 0.979836 0.721590
vt 0.979745 0.719224
vt 0.980861 0.719088
vt 0.981997 0.716356
vt 0.934563 0.719091
vt 0.812177 0.339897
vt 0.812177 0.334861
vt 0.814571 0.334906
vt 0.132300 0.883761
vt 0.132300 0.881225
vt 0.134724 0.881115
vt 0.134724 0.883758
vt 0.132300 0.878696
vt 0.134831 0.878693
vt 0.137369 0.878690
vt 0.137369 0.881112
vt 0.958490 0.584512
vt 0.958490 0.587017
vt 0.953476 0.586802
vt 0.953476 0.584403
vt 0.953476 0.589420
vt 0.809422 0.810474
vt 0.814274 0.807647
vt 0.958490 0.391331
vt 0.956092 0.391385
vt 0.956092 0.388767
vt 0.958490 0.393837
vt 0.953476 0.393728
vt 0.137369 0.686225
vt 0.134831 0.686228
vt 0.134724 0.683806
vt 0.136034 0.683804
vt 0.132300 0.686231
vt 0.132300 0.683702
vt 0.132300 0.681166
vt 0.137369 0.681160
vt 0.954796 0.391357
vt 0.807171 0.339803
vt 0.807171 0.337395
vt 0.938264 0.916010
vt 0.940667 0.915877
vt 0.940667 0.918513
vt 0.938265 0.913487
vt 0.940773 0.913459
vt 0.943289 0.913430
vt 0.943289 0.915847
vt 0.127231 0.881124
vt 0.127231 0.878702
vt 0.127231 0.883767
vt 0.816594 0.807548
vt 0.819126 0.812460
vt 0.129876 0.683811
vt 0.129876 0.681169
vt 0.127231 0.686237
vt 0.943289 0.721409
vt 0.940773 0.721437
vt 0.940667 0.719022
vt 0.941966 0.719007
vt 0.938265 0.721465
vt 0.943289 0.716356
vt 0.128566 0.683813
vt 0.812177 0.299329
vt 0.817183 0.299423
vt 0.817183 0.301832
vt 0.812177 0.304366
vt 0.971317 0.205831
vt 0.971317 0.203319
vt 0.973715 0.203265
vt 0.973715 0.205883
vt 0.971317 0.200813
vt 0.976331 0.200922
vt 0.973527 0.583587
vt 0.975689 0.583323
vt 0.975780 0.585688
vt 0.974664 0.585825
vt 0.977844 0.583059
vt 0.977844 0.585541
vt 0.977844 0.588029
vt 0.973528 0.588557
vt 0.975011 0.203293
vt 0.971317 0.010138
vt 0.971317 0.007633
vt 0.973715 0.007791
vt 0.976331 0.010247
vt 0.971317 0.005121
vt 0.973715 0.005173
vt 0.108151 0.828006
vt 0.108151 0.833026
vt 0.103299 0.830614
vt 0.103299 0.828213
vt 0.977844 0.389238
vt 0.977844 0.391726
vt 0.975780 0.392084
vt 0.973528 0.389767
vt 0.977844 0.394208
vt 0.975689 0.394472
vt 0.973528 0.394736
vt 0.974665 0.392221
vt 0.975011 0.007819
vt 0.812177 0.299329
vt 0.809783 0.304321
vt 0.807171 0.299235
vt 0.979909 0.585183
vt 0.979908 0.587776
vt 0.980000 0.582795
vt 0.982161 0.582531
vt 0.982161 0.584908
vt 0.938428 0.585842
vt 0.938428 0.588365
vt 0.933404 0.588315
vt 0.933403 0.585898
vt 0.938428 0.590895
vt 0.933404 0.590952
vt 0.108151 0.828006
vt 0.113003 0.827798
vt 0.113003 0.830199
vt 0.938428 0.388767
vt 0.938428 0.391297
vt 0.936025 0.391431
vt 0.936025 0.388794
vt 0.938428 0.393820
vt 0.933404 0.393877
vt 0.982161 0.393680
vt 0.980000 0.393944
vt 0.979908 0.391579
vt 0.981024 0.391442
vt 0.982161 0.388710
vt 0.934727 0.391445
vt 0.812177 0.299329
vt 0.812177 0.294293
vt 0.814571 0.294338
vt 0.817183 0.299423
vt 0.918311 0.591311
vt 0.918311 0.588775
vt 0.920735 0.588665
vt 0.920735 0.591308
vt 0.918311 0.586246
vt 0.920842 0.586243
vt 0.923380 0.586240
vt 0.923380 0.588662
vt 0.971317 0.203319
vt 0.966303 0.203104
vt 0.966303 0.200704
vt 0.971317 0.205831
vt 0.966303 0.205722
vt 0.103299 0.825812
vt 0.108151 0.822985
vt 0.971317 0.005121
vt 0.968920 0.007687
vt 0.968920 0.005068
vt 0.971317 0.010138
vt 0.966303 0.010029
vt 0.923380 0.393775
vt 0.920842 0.393778
vt 0.920735 0.391356
vt 0.922045 0.391355
vt 0.918311 0.393781
vt 0.918311 0.391252
vt 0.918311 0.388716
vt 0.923380 0.388710
vt 0.967624 0.007659
vt 0.812177 0.299329
vt 0.807171 0.299235
vt 0.807171 0.296827
vt 0.938428 0.590895
vt 0.938428 0.588365
vt 0.940831 0.588231
vt 0.940831 0.590868
vt 0.940937 0.585813
vt 0.943452 0.585785
vt 0.943452 0.588202
vt 0.913242 0.588674
vt 0.913242 0.586252
vt 0.913242 0.591317
vt 0.108151 0.828006
vt 0.110471 0.822886
vt 0.915887 0.391362
vt 0.915887 0.388719
vt 0.913242 0.393787
vt 0.943452 0.393763
vt 0.940937 0.393792
vt 0.940831 0.391376
vt 0.942129 0.391362
vt 0.938428 0.388767
vt 0.943452 0.388710
vt 0.914577 0.391364
vt 0.847273 0.667000
vt 0.831641 0.668059
vt 0.831821 0.663921
vt 0.847267 0.662901
vt 0.771886 0.434900
vt 0.758279 0.428538
vt 0.760099 0.427106
vt 0.772560 0.432931
vt 0.761952 0.425648
vt 0.773245 0.430928
vt 0.479526 0.801723
vt 0.478296 0.764063
vt 0.480795 0.764122
vt 0.482025 0.801773
vt 0.483287 0.764205
vt 0.484517 0.801829
vt 0.350269 0.330153
vt 0.386334 0.315057
vt 0.387311 0.320032
vt 0.353051 0.334372
vt 0.438249 0.763311
vt 0.439479 0.800972
vt 0.436972 0.800928
vt 0.435742 0.763277
vt 0.434458 0.800889
vt 0.433229 0.763265
vt 0.424386 0.524347
vt 0.460149 0.539745
vt 0.457390 0.543937
vt 0.423417 0.529310
vt 0.831641 0.904855
vt 0.847273 0.903797
vt 0.847267 0.905886
vt 0.831821 0.906906
vt 0.847249 0.908021
vt 0.832312 0.908935
vt 0.679009 0.365515
vt 0.672370 0.353038
vt 0.676084 0.351847
vt 0.680979 0.363311
vt 0.474792 0.733907
vt 0.477307 0.734057
vt 0.479843 0.734385
vt 0.425370 0.315092
vt 0.424393 0.320065
vt 0.434745 0.733156
vt 0.432254 0.733212
vt 0.429784 0.733446
vt 0.385676 0.524043
vt 0.386645 0.529021
vt 0.752475 0.808190
vt 0.760266 0.845143
vt 0.758079 0.845189
vt 0.750328 0.808357
vt 0.755868 0.845243
vt 0.748226 0.808744
vt 0.461435 0.330252
vt 0.458652 0.334466
vt 0.795051 0.844477
vt 0.787260 0.807523
vt 0.789460 0.807608
vt 0.797211 0.844440
vt 0.791707 0.807911
vt 0.799349 0.844410
vt 0.349912 0.538879
vt 0.352672 0.543115
vt 0.760266 0.884693
vt 0.758079 0.884729
vt 0.755869 0.884754
vt 0.489037 0.358229
vt 0.484873 0.361043
vt 0.672243 0.010125
vt 0.672377 0.005057
vt 0.771886 0.388746
vt 0.772537 0.390732
vt 0.773201 0.392753
vt 0.795051 0.884026
vt 0.797211 0.883979
vt 0.799349 0.883921
vt 0.322540 0.566597
vt 0.326670 0.569445
vt 0.724340 0.010082
vt 0.724220 0.005014
vt 0.752475 0.920817
vt 0.750328 0.920735
vt 0.748226 0.920440
vt 0.503976 0.394764
vt 0.499064 0.395749
vt 0.420105 0.296428
vt 0.475607 0.300854
vt 0.475414 0.302500
vt 0.419367 0.298030
vt 0.475118 0.304822
vt 0.418307 0.300291
vt 0.068231 0.027822
vt 0.121921 0.005126
vt 0.122925 0.010114
vt 0.071024 0.032060
vt 0.787260 0.920151
vt 0.789460 0.919986
vt 0.791707 0.919607
vt 0.307727 0.602976
vt 0.312597 0.604003
vt 0.543039 0.010151
vt 0.539545 0.006310
vt 0.451576 0.180352
vt 0.453559 0.181895
vt 0.456553 0.182472
vt 0.752983 0.628340
vt 0.761043 0.655033
vt 0.758609 0.655014
vt 0.750582 0.628397
vt 0.756163 0.655023
vt 0.748230 0.628612
vt 0.503976 0.434295
vt 0.499064 0.433301
vt 0.672243 0.301130
vt 0.672377 0.306202
vt 0.716272 0.354826
vt 0.715060 0.353958
vt 0.712500 0.353207
vt 0.799889 0.655581
vt 0.791829 0.628888
vt 0.794284 0.629014
vt 0.802310 0.655631
vt 0.796787 0.629297
vt 0.804721 0.655708
vt 0.307727 0.642479
vt 0.312597 0.641529
vt 0.724340 0.301087
vt 0.724220 0.306159
vt 0.678270 0.367008
vt 0.765405 0.690871
vt 0.762969 0.690843
vt 0.760521 0.690826
vt 0.489037 0.470803
vt 0.484873 0.467982
vt 0.627244 0.719303
vt 0.626845 0.740187
vt 0.624612 0.739323
vt 0.624993 0.719333
vt 0.623089 0.738443
vt 0.623450 0.719355
vt 0.519856 0.171709
vt 0.505175 0.183358
vt 0.503874 0.179769
vt 0.516354 0.168310
vt 0.804251 0.691418
vt 0.806671 0.691459
vt 0.809079 0.691511
vt 0.322540 0.679091
vt 0.326670 0.676308
vt 0.765405 0.730397
vt 0.762970 0.730359
vt 0.760521 0.730313
vt 0.461435 0.498731
vt 0.458652 0.494512
vt 0.804251 0.730945
vt 0.806671 0.730975
vt 0.809079 0.730998
vt 0.349912 0.707239
vt 0.352672 0.703047
vt 0.761043 0.767594
vt 0.758609 0.767546
vt 0.756163 0.767475
vt 0.425370 0.513826
vt 0.424393 0.508852
vt 0.799889 0.768142
vt 0.802310 0.768163
vt 0.804721 0.768160
vt 0.385676 0.722637
vt 0.386645 0.717674
vt 0.752983 0.796800
vt 0.750583 0.796666
vt 0.748230 0.796359
vt 0.386333 0.513792
vt 0.387311 0.508818
vt 0.916135 0.009497
vt 0.901758 0.012483
vt 0.901751 0.007976
vt 0.915970 0.005046
vt 0.787599 0.388952
vt 0.786925 0.390920
vt 0.786240 0.392924
vt 0.791829 0.797348
vt 0.794284 0.797282
vt 0.796787 0.797044
vt 0.424386 0.722942
vt 0.423417 0.717963
vt 0.918148 0.859618
vt 0.917593 0.825701
vt 0.920128 0.825689
vt 0.920680 0.859499
vt 0.922664 0.825662
vt 0.923210 0.859179
vt 0.350269 0.498632
vt 0.353051 0.494417
vt 0.877040 0.825750
vt 0.877595 0.859667
vt 0.875059 0.859554
vt 0.874506 0.825744
vt 0.872519 0.859241
vt 0.871973 0.825723
vt 0.460149 0.708105
vt 0.457390 0.703870
vt 0.917398 0.786566
vt 0.919933 0.786565
vt 0.922470 0.786565
vt 0.322666 0.470654
vt 0.326830 0.467841
vt 0.487845 0.194644
vt 0.467541 0.193025
vt 0.466960 0.190437
vt 0.488123 0.192207
vt 0.462999 0.186825
vt 0.487523 0.188773
vt 0.457801 0.183113
vt 0.487893 0.185246
vt 0.876845 0.786615
vt 0.874312 0.786620
vt 0.871779 0.786626
vt 0.487522 0.680388
vt 0.483392 0.677540
vt 0.724753 0.775078
vt 0.725842 0.717991
vt 0.727381 0.717970
vt 0.726283 0.775555
vt 0.729627 0.717943
vt 0.728528 0.775829
vt 0.180078 0.005126
vt 0.233847 0.027822
vt 0.231129 0.032055
vt 0.179147 0.010113
vt 0.917593 0.748171
vt 0.920128 0.748180
vt 0.922664 0.748207
vt 0.307727 0.434119
vt 0.312639 0.433134
vt 0.901758 0.269932
vt 0.916135 0.266946
vt 0.915970 0.269223
vt 0.901751 0.272154
vt 0.915518 0.271560
vt 0.901731 0.274338
vt 0.716214 0.338983
vt 0.712499 0.340173
vt 0.877040 0.748221
vt 0.874506 0.748235
vt 0.871973 0.748269
vt 0.502335 0.644008
vt 0.497464 0.642981
vt 0.918148 0.716362
vt 0.920680 0.716467
vt 0.923210 0.716761
vt 0.307727 0.394589
vt 0.312639 0.395582
vt 0.877595 0.716411
vt 0.875059 0.716522
vt 0.872519 0.716822
vt 0.502335 0.604505
vt 0.497464 0.605456
vt 0.474792 0.876356
vt 0.478296 0.841156
vt 0.480795 0.841195
vt 0.477307 0.876283
vt 0.483287 0.841223
vt 0.479843 0.876001
vt 0.322666 0.358080
vt 0.326830 0.360902
vt 0.438249 0.840404
vt 0.434745 0.875605
vt 0.432254 0.875437
vt 0.435742 0.840350
vt 0.429784 0.875062
vt 0.433229 0.840283
vt 0.487522 0.567893
vt 0.483392 0.570676
vt 0.506865 0.188139
vt 0.506330 0.185993
vt 0.861753 0.907382
vt 0.861586 0.909403
vt 0.861131 0.911353
vt 0.672371 0.337398
vt 0.676084 0.338813
vt 0.861753 0.670586
vt 0.861586 0.666419
vt 0.787630 0.436122
vt 0.786948 0.433120
vt 0.786285 0.431098
vt 0.783184 0.615166
vt 0.783304 0.616637
vt 0.783696 0.617989
vt 0.787535 0.438224
vt 0.527596 0.283072
vt 0.527858 0.284575
vt 0.527856 0.286905
vt 0.861753 0.648472
vt 0.861596 0.650616
vt 0.861169 0.652679
vt 0.710338 0.325227
vt 0.707604 0.328709
vt 0.861753 0.397098
vt 0.861597 0.394862
vt 0.861169 0.392547
vt 0.800117 0.396416
vt 0.797533 0.398204
vt 0.886098 0.269202
vt 0.886278 0.271453
vt 0.886771 0.273719
vt 0.886098 0.011753
vt 0.886278 0.007276
vt 0.801082 0.395214
vt 0.725842 0.661462
vt 0.727381 0.660887
vt 0.729627 0.660081
vt 0.275042 0.069758
vt 0.270957 0.072599
vt 0.627244 0.698622
vt 0.624993 0.699476
vt 0.623450 0.700083
vt 0.527683 0.154285
vt 0.523446 0.152605
vt 0.724753 0.614098
vt 0.726283 0.613105
vt 0.728528 0.612005
vt 0.297393 0.124550
vt 0.292568 0.125573
vt 0.626845 0.681295
vt 0.624612 0.682885
vt 0.623089 0.684213
vt 0.526886 0.135190
vt 0.524097 0.135029
vt 0.633529 0.391537
vt 0.628838 0.434494
vt 0.627187 0.433778
vt 0.631917 0.390440
vt 0.624785 0.432774
vt 0.629526 0.389154
vt 0.297496 0.183857
vt 0.292673 0.182915
vt 0.734684 0.480804
vt 0.736400 0.465089
vt 0.740355 0.467916
vt 0.738753 0.482584
vt 0.521728 0.116181
vt 0.528393 0.134790
vt 0.519809 0.117313
vt 0.518207 0.118258
vt 0.627191 0.489053
vt 0.625524 0.488873
vt 0.623099 0.488620
vt 0.275336 0.238649
vt 0.271259 0.235897
vt 0.734082 0.500764
vt 0.738191 0.501214
vt 0.508776 0.101313
vt 0.507438 0.103033
vt 0.506665 0.104850
vt 0.628838 0.546910
vt 0.627187 0.547297
vt 0.624785 0.547842
vt 0.234286 0.280586
vt 0.231592 0.276459
vt 0.734684 0.521930
vt 0.738753 0.520970
vt 0.491510 0.092448
vt 0.490914 0.094518
vt 0.491252 0.096832
vt 0.633529 0.599255
vt 0.631917 0.600101
vt 0.629526 0.600950
vt 0.180596 0.303281
vt 0.179722 0.298440
vt 0.736400 0.541080
vt 0.740355 0.538844
vt 0.472085 0.090130
vt 0.472764 0.093059
vt 0.474352 0.095400
vt 0.429460 0.009091
vt 0.377470 0.026874
vt 0.376314 0.025831
vt 0.428750 0.007882
vt 0.374667 0.024378
vt 0.427327 0.006245
vt 0.122440 0.303281
vt 0.123541 0.298488
vt 0.451943 0.094412
vt 0.470963 0.087906
vt 0.453650 0.095965
vt 0.455736 0.098886
vt 0.458543 0.100770
vt 0.336908 0.064158
vt 0.335354 0.063481
vt 0.333148 0.062542
vt 0.068671 0.280586
vt 0.071568 0.276557
vt 0.437104 0.108052
vt 0.439402 0.109062
vt 0.442419 0.111115
vt 0.446247 0.112115
vt 0.313950 0.115268
vt 0.312170 0.115093
vt 0.309647 0.114858
vt 0.027475 0.238649
vt 0.031747 0.236021
vt 0.428705 0.126750
vt 0.430717 0.128585
vt 0.431803 0.133984
vt 0.432691 0.140262
vt 0.137857 0.319248
vt 0.140889 0.315171
vt 0.431438 0.146383
vt 0.432699 0.144994
vt 0.432032 0.144939
vt 0.005425 0.834921
vt 0.004570 0.838192
vt 0.004066 0.840554
vt 0.734968 0.376862
vt 0.735572 0.379501
vt 0.736250 0.381894
vt 0.398390 0.849537
vt 0.400628 0.847196
vt 0.402438 0.845631
vt 0.734592 0.284112
vt 0.093148 0.822978
vt 0.092062 0.817907
vt 0.009486 0.775629
vt 0.005012 0.771355
vt 0.716455 0.790361
vt 0.713839 0.785035
vt 0.540610 0.847608
vt 0.056239 0.822778
vt 0.779789 0.374292
vt 0.594890 0.847608
vt 0.005012 0.877051
vt 0.797148 0.333547
s 1
usemtl BB_PaintedIron
f 13/4/13 26/5/26 19/6/19
f 13/26/13 19/27/19 10/28/10
f 19/27/19 27/29/27 14/30/14
f 19/27/19 14/30/14 10/28/10
f 18/37/18 13/26/13 10/28/10
f 18/37/18 24/36/24 13/26/13
f 11/34/11 18/37/18 10/28/10
f 11/34/11 23/33/23 18/37/18
f 14/30/14 11/34/11 10/28/10
f 14/30/14 21/42/21 11/34/11
f 32/52/32 37/53/37 39/54/39 38/55/38
f 37/56/37 41/57/41 42/58/42 39/59/39
f 33/60/33 40/61/40 42/58/42 41/57/41
f 40/61/40 44/62/44 45/63/45 42/58/42
f 34/64/34 43/65/43 45/63/45 44/62/44
f 43/65/43 47/66/47 48/67/48 45/63/45
f 35/68/35 46/69/46 48/70/48 47/71/47
f 46/72/46 50/73/50 51/74/51 48/75/48
f 36/76/36 49/77/49 51/74/51 50/73/50
f 49/77/49 38/55/38 39/54/39 51/74/51
f 39/59/39 42/58/42 45/63/45 48/67/48 51/78/51
f 52/79/52 57/80/57 59/81/59 58/82/58
f 57/80/57 61/83/61 62/84/62 59/81/59
f 53/85/53 60/86/60 62/87/62 61/88/61
f 60/89/60 64/90/64 65/91/65 62/92/62
f 54/93/54 63/94/63 65/91/65 64/90/64
f 63/95/63 67/96/67 68/97/68 65/98/65
f 55/99/55 66/100/66 68/97/68 67/96/67
f 66/100/66 70/101/70 71/102/71 68/97/68
f 56/103/56 69/104/69 71/102/71 70/101/70
f 69/105/69 58/82/58 59/81/59 71/106/71
f 59/81/59 62/84/62 65/107/65 68/108/68 71/106/71
f 217/115/217 222/116/222 224/117/224 223/118/223
f 222/116/222 226/119/226 227/120/227 224/117/224
f 218/121/218 225/122/225 227/120/227 226/119/226
f 228/125/228 231/126/231 233/127/233 232/128/232
f 231/126/231 235/129/235 236/130/236 233/127/233
f 229/131/229 234/132/234 236/130/236 235/129/235
f 234/133/234 238/134/238 239/135/239 236/136/236
f 230/137/230 237/138/237 239/135/239 238/134/238
f 237/138/237 232/139/232 233/140/233 239/135/239
f 233/127/233 236/130/236 239/141/239
f 240/142/240 243/143/243 245/144/245 244/145/244
f 243/143/243 247/146/247 248/147/248 245/144/245
f 241/148/241 246/149/246 248/147/248 247/146/247
f 245/144/245 248/147/248 251/158/251
f 252/159/252 255/160/255 257/161/257 256/162/256
f 255/160/255 259/163/259 260/164/260 257/161/257
f 253/165/253 258/166/258 260/167/260 259/168/259
f 258/166/258 262/169/262 263/170/263 260/167/260
f 254/171/254 261/172/261 263/170/263 262/169/262
f 261/173/261 256/162/256 257/161/257 263/174/263
f 257/161/257 260/164/260 263/174/263
f 265/181/265 270/182/270 272/183/272 271/184/271
f 270/182/270 274/185/274 275/186/275 272/183/272
f 266/187/266 273/188/273 275/186/275 274/185/274
f 276/191/276 279/192/279 281/193/281 280/194/280
f 279/192/279 283/195/283 284/196/284 281/193/281
f 277/197/277 282/198/282 284/199/284 283/200/283
f 282/198/282 286/201/286 287/202/287 284/199/284
f 278/203/278 285/204/285 287/202/287 286/201/286
f 285/205/285 280/194/280 281/193/281 287/206/287
f 281/193/281 284/196/284 287/206/287
f 315/211/315 319/212/319 320/213/320 317/214/317
f 313/215/313 318/216/318 320/213/320 319/212/319
f 318/217/318 322/218/322 323/219/323 320/220/320
f 314/221/314 321/222/321 323/219/323 322/218/322
f 321/222/321 316/223/316 317/224/317 323/219/323
f 317/214/317 320/213/320 323/225/323
f 324/226/324 327/227/327 329/228/329 328/229/328
f 327/230/327 331/231/331 332/232/332 329/233/329
f 325/234/325 330/235/330 332/232/332 331/231/331
f 330/235/330 334/236/334 335/237/335 332/232/332
f 326/238/326 333/239/333 335/240/335 334/241/334
f 333/239/333 328/229/328 329/228/329 335/240/335
f 329/233/329 332/232/332 335/237/335
f 339/246/339 343/247/343 344/248/344 341/249/341
f 337/250/337 342/251/342 344/248/344 343/247/343
f 342/251/342 346/252/346 347/253/347 344/248/344
f 338/254/338 345/255/345 347/253/347 346/252/346
f 345/255/345 340/256/340 341/249/341 347/253/347
f 341/249/341 344/248/344 347/253/347
f 348/257/348 351/258/351 353/259/353 352/260/352
f 351/261/351 355/262/355 356/263/356 353/264/353
f 349/265/349 354/266/354 356/263/356 355/262/355
f 354/266/354 358/267/358 359/268/359 356/263/356
f 350/269/350 357/270/357 359/268/359 358/267/358
f 357/270/357 352/271/352 353/264/353 359/268/359
f 353/264/353 356/263/356 359/268/359
f 363/276/363 367/277/367 368/278/368 365/279/365
f 361/280/361 366/281/366 368/278/368 367/277/367
f 366/281/366 370/282/370 371/283/371 368/278/368
f 362/284/362 369/285/369 371/283/371 370/282/370
f 369/285/369 364/286/364 365/279/365 371/283/371
f 365/279/365 368/278/368 371/283/371
f 372/287/372 375/288/375 377/289/377 376/290/376
f 375/291/375 379/292/379 380/293/380 377/294/377
f 373/295/373 378/296/378 380/293/380 379/292/379
f 378/296/378 382/297/382 383/298/383 380/293/380
f 374/299/374 381/300/381 383/298/383 382/297/382
f 381/300/381 376/301/376 377/294/377 383/298/383
f 377/294/377 380/293/380 383/298/383
f 392/302/392 395/303/395 397/304/397 396/305/396
f 395/306/395 399/307/399 400/308/400 397/309/397
f 393/310/393 398/311/398 400/308/400 399/307/399
f 398/311/398 402/312/402 403/313/403 400/308/400
f 394/314/394 401/315/401 403/316/403 402/317/402
f 401/318/401 396/305/396 397/304/397 403/319/403
f 397/309/397 400/308/400 403/313/403
f 512/320/512 515/321/515 517/322/517 516/323/516
f 515/324/515 519/325/519 520/326/520 517/327/517
f 513/328/513 518/329/518 520/326/520 519/325/519
f 518/329/518 522/330/522 523/331/523 520/326/520
f 514/332/514 521/333/521 523/334/523 522/335/522
f 521/333/521 516/336/516 517/337/517 523/334/523
f 517/327/517 520/326/520 523/331/523
f 528/338/528 531/339/531 533/339/533 532/339/532
f 531/340/531 535/341/535 536/342/536 533/340/533
f 529/343/529 534/344/534 536/342/536 535/341/535
f 534/344/534 538/345/538 539/346/539 536/342/536
f 530/347/530 537/348/537 539/349/539 538/350/538
f 537/348/537 532/351/532 533/351/533 539/349/539
f 533/340/533 536/342/536 539/346/539
f 540/352/540 543/353/543 545/354/545 544/355/544
f 543/353/543 547/356/547 548/357/548 545/354/545
f 541/358/541 546/359/546 548/360/548 547/361/547
f 546/362/546 550/363/550 551/364/551 548/365/548
f 542/366/542 549/367/549 551/364/551 550/363/550
f 549/368/549 544/355/544 545/354/545 551/369/551
f 545/354/545 548/357/548 551/369/551
f 552/370/552 555/371/555 557/372/557 556/373/556
f 555/371/555 559/374/559 560/375/560 557/372/557
f 558/380/558 562/381/562 563/382/563 560/383/560
f 554/384/554 561/385/561 563/382/563 562/381/562
f 561/385/561 556/386/556 557/387/557 563/382/563
f 557/372/557 560/375/560 563/388/563
f 564/389/564 567/390/567 569/391/569 568/392/568
f 567/390/567 571/393/571 572/394/572 569/391/569
f 565/395/565 570/396/570 572/394/572 571/393/571
f 570/396/570 574/397/574 575/398/575 572/394/572
f 573/397/573 568/392/568 569/391/569 575/398/575
f 569/391/569 572/394/572 575/398/575
f 576/401/576 579/402/579 581/403/581 580/404/580
f 579/402/579 583/405/583 584/406/584 581/403/581
f 577/407/577 582/408/582 584/409/584 583/410/583
f 582/408/582 586/411/586 587/411/587 584/409/584
f 578/412/578 585/413/585 587/413/587 586/413/586
f 585/414/585 580/404/580 581/403/581 587/414/587
f 581/403/581 584/406/584 587/414/587
f 588/415/588 591/416/591 593/417/593 592/418/592
f 591/416/591 595/419/595 596/420/596 593/417/593
f 589/421/589 594/422/594 596/420/596 595/419/595
f 594/423/594 598/424/598 599/425/599 596/426/596
f 590/427/590 597/428/597 599/425/599 598/424/598
f 597/428/597 592/429/592 593/430/593 599/425/599
f 593/417/593 596/420/596 599/431/599
f 600/432/600 603/433/603 605/434/605 604/435/604
f 603/436/603 607/437/607 608/438/608 605/439/605
f 601/440/601 606/441/606 608/438/608 607/437/607
f 606/441/606 610/442/610 611/443/611 608/438/608
f 602/444/602 609/445/609 611/446/611 610/447/610
f 609/448/609 604/435/604 605/434/605 611/449/611
f 605/434/605 608/450/608 611/449/611
f 612/451/612 615/452/615 617/453/617 616/454/616
f 615/452/615 619/455/619 620/456/620 617/453/617
f 613/457/613 618/458/618 620/459/620 619/460/619
f 621/467/621 616/454/616 617/453/617 623/468/623
f 617/453/617 620/456/620 623/468/623
f 624/469/624 627/470/627 629/471/629 628/472/628
f 627/470/627 631/473/631 632/474/632 629/471/629
f 625/475/625 630/476/630 632/477/632 631/478/631
f 630/479/630 634/480/634 635/481/635 632/474/632
f 626/482/626 633/483/633 635/481/635 634/480/634
f 633/483/633 628/472/628 629/471/629 635/481/635
f 629/471/629 632/474/632 635/481/635
f 636/484/636 642/485/642 644/486/644 643/487/643
f 642/488/642 646/489/646 647/490/647 644/491/644
f 637/492/637 645/493/645 647/490/647 646/489/646
f 645/493/645 649/494/649 650/495/650 647/490/647
f 638/496/638 648/497/648 650/498/650 649/499/649
f 648/497/648 652/500/652 653/501/653 650/498/650
f 639/502/639 651/503/651 653/504/653 652/505/652
f 651/503/651 655/506/655 656/507/656 653/504/653
f 640/508/640 654/509/654 656/510/656 655/511/655
f 654/512/654 658/513/658 659/514/659 656/515/656
f 641/516/641 657/517/657 659/514/659 658/513/658
f 657/517/657 643/518/643 644/519/644 659/514/659
f 644/491/644 647/490/647 650/495/650 653/520/653 656/521/656 659/522/659
f 660/523/660 663/524/663 665/525/665 664/526/664
f 663/524/663 667/527/667 668/528/668 665/525/665
f 661/529/661 666/530/666 668/531/668 667/532/667
f 666/533/666 670/534/670 671/535/671 668/536/668
f 662/537/662 669/538/669 671/535/671 670/534/670
f 669/538/669 664/539/664 665/540/665 671/535/671
f 665/525/665 668/528/668 671/541/671
f 672/542/672 675/543/675 677/544/677 676/545/676
f 675/543/675 679/546/679 680/547/680 677/544/677
f 673/548/673 678/549/678 680/550/680 679/551/679
f 678/552/678 682/553/682 683/554/683 680/555/680
f 674/556/674 681/557/681 683/554/683 682/553/682
f 681/558/681 676/545/676 677/544/677 683/559/683
f 677/544/677 680/547/680 683/559/683
f 684/560/684 687/561/687 689/562/689 688/563/688
f 687/561/687 691/564/691 692/565/692 689/562/689
f 685/566/685 690/567/690 692/568/692 691/569/691
f 690/570/690 694/571/694 695/572/695 692/573/692
f 686/574/686 693/575/693 695/572/695 694/571/694
f 693/575/693 688/576/688 689/577/689 695/572/695
f 689/562/689 692/565/692 695/578/695
f 696/542/696 699/545/699 701/579/701 700/580/700
f 699/545/699 703/558/703 704/581/704 701/579/701
f 697/556/697 702/582/702 704/583/704 703/557/703
f 702/582/702 706/584/706 707/585/707 704/583/704
f 698/586/698 705/587/705 707/588/707 706/589/706
f 705/590/705 700/580/700 701/579/701 707/591/707
f 701/579/701 704/581/704 707/591/707
f 708/566/708 711/592/711 713/593/713 712/567/712
f 711/594/711 715/595/715 716/596/716 713/597/713
f 709/598/709 714/599/714 716/596/716 715/595/715
f 714/600/714 718/601/718 719/602/719 716/603/716
f 710/574/710 717/571/717 719/602/719 718/601/718
f 717/571/717 712/570/712 713/604/713 719/602/719
f 713/597/713 716/596/716 719/605/719
f 720/606/720 723/607/723 725/608/725 724/609/724
f 723/607/723 727/610/727 728/611/728 725/608/725
f 721/612/721 726/613/726 728/614/728 727/615/727
f 726/613/726 730/616/730 731/617/731 728/614/728
f 722/548/722 729/551/729 731/618/731 730/619/730
f 729/620/729 724/609/724 725/608/725 731/621/731
f 725/608/725 728/611/728 731/621/731
f 732/566/732 735/569/735 737/622/737 736/623/736
f 735/564/735 739/561/739 740/624/740 737/625/737
f 733/626/733 738/627/738 740/624/740 739/561/739
f 738/628/738 742/629/742 743/630/743 740/631/740
f 734/632/734 741/633/741 743/630/743 742/629/742
f 741/633/741 736/634/736 737/635/737 743/630/743
f 737/625/737 740/624/740 743/636/743
f 744/606/744 747/637/747 749/638/749 748/607/748
f 747/637/747 751/590/751 752/639/752 749/638/749
f 745/640/745 750/641/750 752/642/752 751/587/751
f 750/641/750 754/643/754 755/644/755 752/642/752
f 746/612/746 753/615/753 755/645/755 754/646/754
f 753/610/753 748/607/748 749/638/749 755/647/755
f 749/638/749 752/639/752 755/647/755
f 756/566/756 759/623/759 761/648/761 760/592/760
f 759/634/759 763/633/763 764/649/764 761/650/761
f 757/632/757 762/651/762 764/649/764 763/633/763
f 762/652/762 766/653/766 767/654/767 764/655/764
f 758/656/758 765/657/765 767/654/767 766/653/766
f 765/657/765 760/594/760 761/658/761 767/654/767
f 761/650/761 764/649/764 767/659/767
f 768/660/768 771/661/770 773/662/772 772/663/771
f 771/664/770 775/665/773 776/666/774 773/667/772
f 769/668/769 774/669/678 776/666/774 775/665/773
f 774/670/678 778/671/682 779/672/776 776/673/774
f 770/674/674 777/675/775 779/672/776 778/671/682
f 777/675/775 772/676/771 773/677/772 779/672/776
f 773/667/772 776/666/774 779/678/776
f 780/679/777 783/680/779 785/681/689 784/682/688
f 783/680/779 787/683/781 788/684/782 785/681/689
f 786/689/780 790/690/783 791/691/695 788/692/782
f 782/693/686 789/694/693 791/691/695 790/690/783
f 789/694/693 784/695/688 785/696/689 791/691/695
f 785/681/689 788/684/782 791/697/695
f 792/698/784 795/663/786 797/699/701 796/700/787
f 795/676/786 799/675/788 800/701/704 797/702/701
f 793/674/697 798/703/702 800/701/704 799/675/788
f 798/703/702 802/704/706 803/705/790 800/701/704
f 794/706/785 801/707/789 803/708/790 802/709/706
f 801/707/789 796/710/787 797/711/701 803/708/790
f 797/702/701 800/701/704 803/705/790
f 807/715/793 811/716/796 812/717/716 809/718/795
f 805/719/792 810/720/714 812/717/716 811/716/796
f 810/721/714 814/722/718 815/723/719 812/724/716
f 806/693/710 813/690/797 815/723/719 814/722/718
f 813/690/797 808/689/794 809/725/795 815/723/719
f 809/718/795 812/717/716 815/726/719
f 816/727/798 819/728/800 821/729/802 820/730/801
f 819/731/800 823/732/803 824/733/804 821/734/802
f 817/735/721 822/736/726 824/733/804 823/732/803
f 822/736/726 826/737/730 827/738/806 824/733/804
f 818/668/799 825/739/805 827/740/806 826/741/730
f 825/739/805 820/742/801 821/743/802 827/740/806
f 821/734/802 824/733/804 827/738/806
f 831/683/809 835/747/812 836/748/813 833/749/811
f 829/679/808 834/750/738 836/748/813 835/747/812
f 834/751/738 838/752/742 839/753/815 836/754/813
f 830/755/734 837/756/814 839/753/815 838/752/742
f 837/756/814 832/757/810 833/758/811 839/753/815
f 833/749/811 836/748/813 839/759/815
f 840/760/816 843/700/818 845/761/749 844/728/819
f 843/710/818 847/762/820 848/763/752 845/764/749
f 841/706/817 846/765/750 848/763/752 847/762/820
f 846/765/750 850/766/754 851/767/755 848/763/752
f 842/735/746 849/732/821 851/768/755 850/769/754
f 849/732/821 844/731/819 845/770/749 851/768/755
f 845/764/749 848/763/752 851/767/755
f 855/757/824 859/756/826 860/774/764 857/775/761
f 853/755/757 858/776/762 860/774/764 859/756/826
f 858/777/762 862/778/766 863/779/767 860/780/764
f 854/719/823 861/781/827 863/779/767 862/778/766
f 861/781/827 856/782/825 857/783/761 863/779/767
f 857/775/761 860/774/764 863/784/767
f 864/785/672 867/786/675 869/787/677 868/788/676
f 867/789/675 871/790/679 872/791/680 869/792/677
f 865/793/673 870/794/678 872/791/680 871/790/679
f 870/795/678 874/796/682 875/797/683 872/798/680
f 866/799/674 873/800/681 875/797/683 874/796/682
f 873/800/681 868/801/676 869/802/677 875/797/683
f 869/792/677 872/791/680 875/803/683
f 876/804/684 879/805/687 881/806/689 880/807/688
f 879/805/687 883/808/691 884/809/692 881/806/689
f 877/810/685 882/811/690 884/812/692 883/813/691
f 882/814/690 886/815/694 887/816/828 884/817/692
f 878/818/686 885/819/693 887/816/828 886/815/694
f 885/819/693 880/820/688 881/821/689 887/816/828
f 881/806/689 884/809/692 887/822/828
f 888/785/696 891/788/699 893/823/701 892/824/700
f 891/801/699 895/800/703 896/825/704 893/826/701
f 889/799/697 894/827/702 896/825/704 895/800/703
f 894/827/702 898/828/706 899/829/790 896/825/704
f 890/830/698 897/831/705 899/832/790 898/833/706
f 897/831/705 892/834/700 893/835/701 899/832/790
f 893/826/701 896/825/704 899/829/790
f 900/810/708 903/836/711 905/837/795 904/811/712
f 903/838/711 907/839/715 908/840/716 905/841/795
f 901/842/829 906/843/714 908/840/716 907/839/715
f 906/844/714 910/845/718 911/846/719 908/847/716
f 902/818/710 909/815/717 911/846/719 910/845/718
f 909/815/717 904/814/712 905/848/795 911/846/719
f 905/841/795 908/840/716 911/849/719
f 912/850/720 915/851/723 917/852/725 916/786/724
f 915/853/723 919/854/727 920/855/728 917/856/725
f 913/857/721 918/858/726 920/855/728 919/854/727
f 918/858/726 922/859/730 923/860/731 920/855/728
f 914/861/722 921/862/729 923/863/731 922/864/730
f 921/862/729 916/789/724 917/865/725 923/863/731
f 917/856/725 920/855/728 923/860/731
f 924/810/732 927/813/735 929/866/737 928/867/736
f 927/808/735 931/868/739 932/869/740 929/870/737
f 925/871/733 930/872/738 932/869/740 931/868/739
f 930/873/738 934/874/742 935/875/743 932/876/740
f 926/877/734 933/878/741 935/875/743 934/874/742
f 933/878/741 928/879/736 929/880/737 935/875/743
f 929/870/737 932/869/740 935/881/743
f 936/850/744 939/882/747 941/883/749 940/851/748
f 939/834/747 943/884/751 944/885/830 941/886/749
f 937/887/745 942/888/750 944/885/830 943/884/751
f 942/888/750 946/889/754 947/890/755 944/885/830
f 938/857/746 945/854/753 947/891/755 946/892/754
f 945/854/753 940/853/748 941/893/749 947/891/755
f 941/886/749 944/885/830 947/890/755
f 948/810/756 951/867/759 953/894/761 952/895/760
f 951/879/759 955/878/763 956/896/764 953/897/761
f 949/877/757 954/898/762 956/896/764 955/878/763
f 954/899/762 958/900/766 959/901/832 956/902/764
f 950/903/831 957/839/765 959/901/832 958/900/766
f 957/839/765 952/838/760 953/904/761 959/901/832
f 953/897/761 956/896/764 959/905/832
f 960/906/833 963/907/770 965/908/677 964/909/834
f 963/910/770 967/911/773 968/912/680 965/913/677
f 961/914/769 966/915/835 968/912/680 967/911/773
f 966/916/835 970/917/682 971/918/683 968/919/680
f 962/920/674 969/921/836 971/918/683 970/917/682
f 969/921/836 964/922/834 965/923/677 971/918/683
f 965/913/677 968/912/680 971/924/683
f 972/925/777 975/926/838 977/927/689 976/928/839
f 975/926/838 979/929/781 980/930/692 977/927/689
f 978/935/840 982/936/841 983/937/828 980/938/692
f 974/939/686 981/940/693 983/937/828 982/936/841
f 981/940/693 976/941/839 977/942/689 983/937/828
f 977/927/689 980/930/692 983/943/828
f 984/944/842 987/909/843 989/945/844 988/946/787
f 987/922/843 991/921/845 992/947/846 989/948/844
f 985/920/697 990/949/702 992/947/846 991/921/845
f 990/949/702 994/950/706 995/951/707 992/947/846
f 986/952/785 993/953/789 995/954/707 994/955/706
f 993/953/789 988/956/787 989/957/844 995/954/707
f 989/948/844 992/947/846 995/951/707
f 999/961/793 1003/962/796 1004/963/850 1001/964/849
f 997/965/792 1002/966/714 1004/963/850 1003/962/796
f 1002/967/714 1006/968/718 1007/969/852 1004/970/850
f 998/939/710 1005/936/851 1007/969/852 1006/968/718
f 1005/936/851 1000/935/848 1001/971/849 1007/969/852
f 1001/964/849 1004/963/850 1007/972/852
f 1008/973/853 1011/974/854 1013/975/802 1012/976/801
f 1011/977/854 1015/978/855 1016/979/728 1013/980/802
f 1009/981/721 1014/982/726 1016/979/728 1015/978/855
f 1014/982/726 1018/983/857 1019/984/806 1016/979/728
f 1010/914/799 1017/985/856 1019/986/806 1018/987/857
f 1017/985/856 1012/988/801 1013/989/802 1019/986/806
f 1013/980/802 1016/979/728 1019/984/806
f 1023/992/859 1027/926/812 1028/993/740 1025/994/737
f 1021/995/808 1026/996/861 1028/993/740 1027/926/812
f 1026/997/861 1030/998/742 1031/999/743 1028/1000/740
f 1022/1001/734 1029/1002/862 1031/999/743 1030/998/742
f 1029/1002/862 1024/1003/860 1025/1004/737 1031/999/743
f 1025/994/737 1028/993/740 1031/1005/743
f 1032/1006/863 1035/1007/818 1037/1008/865 1036/974/864
f 1035/1009/818 1039/1010/820 1040/1011/830 1037/1012/865
f 1033/952/817 1038/1013/750 1040/1011/830 1039/1010/820
f 1038/1013/750 1042/1014/754 1043/1015/867 1040/1011/830
f 1034/981/746 1041/978/866 1043/1016/867 1042/1017/754
f 1041/978/866 1036/977/864 1037/1018/865 1043/1016/867
f 1037/1012/865 1040/1011/830 1043/1015/867
f 1047/1003/869 1051/1002/871 1052/1021/764 1049/1022/870
f 1045/1001/757 1050/1023/762 1052/1021/764 1051/1002/871
f 1050/1024/762 1054/1025/766 1055/1026/767 1052/1027/764
f 1046/965/823 1053/962/827 1055/1026/767 1054/1025/766
f 1053/962/827 1048/1028/825 1049/1029/870 1055/1026/767
f 1049/1022/870 1052/1021/764 1055/1030/767
f 301/1031/301 293/1032/293 295/1033/295 303/1034/303
f 303/1035/303 295/1036/295 294/1037/294 302/1038/302
f 302/1038/302 294/1037/294 292/1039/292 300/1040/300
f 73/1041/73 81/1042/81 83/1043/83 75/1044/75
f 75/1044/75 83/1043/83 82/1045/82 74/1046/74
f 74/1047/74 82/1048/82 80/1049/80 72/1050/72
f 218/121/218 240/142/240 244/145/244 225/122/225
f 85/1051/85 77/1052/77 79/1053/79 87/1054/87
f 87/1054/87 79/1053/79 78/1055/78 86/1056/86
f 86/1057/86 78/1058/78 76/1059/76 84/1060/84
f 289/1061/289 297/1062/297 299/1063/299 291/1064/291
f 291/1064/291 299/1063/299 298/1065/298 290/1066/290
f 81/1042/81 89/1071/89 91/1072/91 83/1043/83
f 83/1043/83 91/1072/91 90/1073/90 82/1045/82
f 82/1048/82 90/1074/90 88/1075/88 80/1049/80
f 93/1076/93 85/1051/85 87/1054/87 95/1077/95
f 95/1077/95 87/1054/87 86/1056/86 94/1078/94
f 94/1079/94 86/1057/86 84/1060/84 92/1080/92
f 89/1081/89 97/1082/97 99/1083/99 91/1084/91
f 91/1084/91 99/1083/99 98/1085/98 90/1086/90
f 90/1074/90 98/1087/98 96/1088/96 88/1075/88
f 228/125/228 218/121/218 226/119/226 231/126/231
f 231/126/231 226/119/226 222/116/222 235/129/235
f 235/129/235 222/116/222 217/115/217 229/131/229
f 101/1089/101 93/1090/93 95/1091/95 103/1092/103
f 103/1092/103 95/1091/95 94/1093/94 102/1094/102
f 102/1095/102 94/1079/94 92/1080/92 100/1096/100
f 97/1082/97 105/1097/105 107/1098/107 99/1083/99
f 99/1083/99 107/1098/107 106/1099/106 98/1085/98
f 98/1087/98 106/1100/106 104/1101/104 96/1088/96
f 229/131/229 213/1102/213 215/1103/215 234/132/234
f 234/133/234 215/1104/215 214/1105/214 238/134/238
f 238/134/238 214/1105/214 212/1106/212 230/137/230
f 109/1107/109 101/1089/101 103/1092/103 111/1108/111
f 111/1108/111 103/1092/103 102/1094/102 110/1109/110
f 110/1110/110 102/1095/102 100/1096/100 108/1111/108
f 293/1112/293 277/197/277 283/200/283 295/1113/295
f 295/1036/295 283/195/283 279/192/279 294/1037/294
f 294/1037/294 279/192/279 276/191/276 292/1039/292
f 105/1097/105 113/1114/113 115/1115/115 107/1098/107
f 107/1098/107 115/1115/115 114/1116/114 106/1099/106
f 106/1100/106 114/1117/114 112/1118/112 104/1101/104
f 409/1119/409 416/1120/416 418/1121/418 411/1122/411
f 411/1122/411 418/1121/418 419/1123/419 410/1124/410
f 410/1125/410 419/1126/419 417/1127/417 408/1128/408
f 117/1129/117 109/1107/109 111/1108/111 119/1130/119
f 119/1130/119 111/1108/111 110/1109/110 118/1131/118
f 118/1132/118 110/1110/110 108/1111/108 116/1133/116
f 392/302/392 404/1134/404 406/1135/406 395/303/395
f 395/306/395 406/1136/406 407/1137/407 399/307/399
f 399/307/399 407/1137/407 405/1138/405 393/310/393
f 113/1139/113 121/1140/121 123/1141/123 115/1142/115
f 115/1142/115 123/1141/123 122/1143/122 114/1144/114
f 114/1117/114 122/1145/122 120/1146/120 112/1118/112
f 209/1147/209 217/115/217 223/118/223 211/1148/211
f 125/1152/125 117/1153/117 119/1154/119 127/1155/127
f 127/1155/127 119/1154/119 118/1156/118 126/1157/126
f 126/1158/126 118/1132/118 116/1133/116 124/1159/124
f 266/187/266 289/1160/289 291/1161/291 273/188/273
f 121/1140/121 129/1163/129 131/1164/131 123/1141/123
f 123/1141/123 131/1164/131 130/1165/130 122/1143/122
f 122/1145/122 130/1166/130 128/1167/128 120/1146/120
f 437/1168/437 429/1169/429 431/1170/431 439/1171/439
f 439/1171/439 431/1170/431 430/1172/430 438/1173/438
f 438/1174/438 430/1175/430 428/1176/428 436/1177/436
f 133/1178/133 125/1152/125 127/1155/127 135/1179/135
f 135/1179/135 127/1155/127 126/1157/126 134/1180/134
f 134/1181/134 126/1158/126 124/1159/124 132/1182/132
f 129/1163/129 137/1183/137 139/1184/139 131/1164/131
f 131/1164/131 139/1184/139 138/1185/138 130/1165/130
f 130/1166/130 138/1186/138 136/1187/136 128/1167/128
f 141/1188/141 133/1178/133 135/1179/135 143/1189/143
f 143/1189/143 135/1179/135 134/1180/134 142/1190/142
f 142/1191/142 134/1181/134 132/1182/132 140/1192/140
f 277/197/277 266/187/266 274/185/274 282/198/282
f 282/198/282 274/185/274 270/182/270 286/201/286
f 286/201/286 270/182/270 265/181/265 278/203/278
f 137/1183/137 145/1193/145 147/1194/147 139/1184/139
f 139/1184/139 147/1194/147 146/1195/146 138/1185/138
f 138/1186/138 146/1196/146 144/1197/144 136/1187/136
f 149/1198/149 141/1188/141 143/1189/143 151/1199/151
f 151/1199/151 143/1189/143 142/1190/142 150/1200/150
f 150/1201/150 142/1191/142 140/1192/140 148/1202/148
f 278/203/278 253/165/253 259/168/259 285/204/285
f 285/205/285 259/163/259 255/160/255 280/194/280
f 280/194/280 255/160/255 252/159/252 276/191/276
f 145/1193/145 153/1203/153 155/1204/155 147/1194/147
f 147/1194/147 155/1204/155 154/1205/154 146/1195/146
f 146/1196/146 154/1206/154 152/1207/152 144/1197/144
f 213/1208/213 205/1209/205 207/1210/207 215/1211/215
f 215/1104/215 207/1212/207 206/1213/206 214/1105/214
f 214/1105/214 206/1213/206 204/1214/204 212/1106/212
f 157/1215/157 149/1198/149 151/1199/151 159/1216/159
f 159/1216/159 151/1199/151 150/1200/150 158/1217/158
f 158/1218/158 150/1201/150 148/1202/148 156/1219/156
f 153/1220/153 161/1221/161 163/1222/163 155/1223/155
f 155/1223/155 163/1222/163 162/1224/162 154/1225/154
f 154/1206/154 162/1226/162 160/1227/160 152/1207/152
f 165/1228/165 157/1229/157 159/1230/159 167/1231/167
f 167/1231/167 159/1230/159 158/1232/158 166/1233/166
f 166/1234/166 158/1218/158 156/1219/156 164/1235/164
f 241/148/241 265/181/265 271/184/271 246/149/246
f 161/1221/161 169/1236/169 171/1237/171 163/1222/163
f 163/1222/163 171/1237/171 170/1238/170 162/1224/162
f 162/1226/162 170/1239/170 168/1240/168 160/1227/160
f 421/1241/421 413/1242/413 415/1243/415 423/1244/423
f 423/1244/423 415/1243/415 414/1245/414 422/1246/422
f 422/1246/422 414/1245/414 412/1247/412 420/1248/420
f 173/1249/173 165/1228/165 167/1231/167 175/1250/175
f 175/1250/175 167/1231/167 166/1233/166 174/1251/174
f 174/1252/174 166/1234/166 164/1235/164 172/1253/172
f 425/1254/425 433/1255/433 435/1256/435 427/1257/427
f 427/1257/427 435/1256/435 434/1258/434 426/1259/426
f 426/1260/426 434/1261/434 432/1262/432 424/1263/424
f 169/1236/169 177/1264/177 179/1265/179 171/1237/171
f 171/1237/171 179/1265/179 178/1266/178 170/1238/170
f 170/1239/170 178/1267/178 176/1268/176 168/1240/168
f 201/1269/201 209/1270/209 211/1271/211 203/1272/203
f 203/1272/203 211/1271/211 210/1273/210 202/1274/202
f 181/1277/181 173/1249/173 175/1250/175 183/1278/183
f 183/1278/183 175/1250/175 174/1251/174 182/1279/182
f 182/1280/182 174/1252/174 172/1253/172 180/1281/180
f 253/165/253 241/148/241 247/146/247 258/166/258
f 258/166/258 247/146/247 243/143/243 262/169/262
f 262/169/262 243/143/243 240/142/240 254/171/254
f 177/1264/177 185/1282/185 187/1283/187 179/1265/179
f 179/1265/179 187/1283/187 186/1284/186 178/1266/178
f 178/1267/178 186/1285/186 184/1286/184 176/1268/176
f 189/1287/189 181/1277/181 183/1278/183 191/1288/191
f 191/1288/191 183/1278/183 182/1279/182 190/1289/190
f 190/1290/190 182/1280/182 180/1281/180 188/1291/188
f 254/171/254 228/125/228 232/128/232 261/172/261
f 261/173/261 232/139/232 237/138/237 256/162/256
f 256/162/256 237/138/237 230/137/230 252/159/252
f 185/1292/185 193/1293/193 195/1294/195 187/1295/187
f 187/1295/187 195/1294/195 194/1296/194 186/1297/186
f 186/1285/186 194/1298/194 192/1299/192 184/1286/184
f 197/1300/197 189/1301/189 191/1302/191 199/1303/199
f 199/1303/199 191/1302/191 190/1304/190 198/1305/198
f 198/1306/198 190/1290/190 188/1291/188 196/1307/196
f 193/1293/193 73/1041/73 75/1044/75 195/1294/195
f 195/1294/195 75/1044/75 74/1046/74 194/1296/194
f 194/1298/194 74/1047/74 72/1050/72 192/1299/192
f 77/1052/77 197/1300/197 199/1303/199 79/1053/79
f 79/1053/79 199/1303/199 198/1305/198 78/1055/78
f 78/1058/78 198/1306/198 196/1307/196 76/1059/76
f 429/1308/429 421/1241/421 423/1244/423 431/1309/431
f 431/1309/431 423/1244/423 422/1246/422 430/1175/430
f 430/1175/430 422/1246/422 420/1248/420 428/1176/428
f 297/1062/297 305/1310/305 307/1311/307 299/1063/299
f 299/1063/299 307/1311/307 306/1312/306 298/1065/298
f 309/1315/309 301/1031/301 303/1034/303 311/1316/311
f 311/1317/311 303/1035/303 302/1038/302 310/1318/310
f 310/1318/310 302/1038/302 300/1040/300 308/1319/308
f 305/1320/305 313/215/313 319/212/319 307/1321/307
f 307/1321/307 319/212/319 315/211/315 306/1322/306
f 326/238/326 309/1323/309 311/1317/311 333/239/333
f 333/239/333 311/1317/311 310/1318/310 328/229/328
f 328/229/328 310/1318/310 308/1319/308 324/226/324
f 325/234/325 314/221/314 322/218/322 330/235/330
f 330/235/330 322/218/322 318/217/318 334/236/334
f 334/241/334 318/216/318 313/215/313 326/238/326
f 416/1120/416 425/1324/425 427/1325/427 418/1121/418
f 418/1121/418 427/1325/427 426/1326/426 419/1123/419
f 419/1126/419 426/1260/426 424/1263/424 417/1127/417
f 314/221/314 337/250/337 343/247/343 321/222/321
f 321/222/321 343/247/343 339/246/339 316/223/316
f 393/310/393 409/1119/409 411/1122/411 398/311/398
f 398/311/398 411/1122/411 410/1124/410 402/312/402
f 402/317/402 410/1125/410 408/1128/408 394/314/394
f 350/269/350 325/234/325 331/231/331 357/270/357
f 357/270/357 331/231/331 327/230/327 352/271/352
f 352/260/352 327/227/327 324/226/324 348/257/348
f 349/265/349 338/254/338 346/252/346 354/266/354
f 354/266/354 346/252/346 342/251/342 358/267/358
f 358/267/358 342/251/342 337/250/337 350/269/350
f 338/254/338 361/280/361 367/277/367 345/255/345
f 345/255/345 367/277/367 363/276/363 340/256/340
f 374/299/374 349/265/349 355/262/355 381/300/381
f 381/300/381 355/262/355 351/261/351 376/301/376
f 376/290/376 351/258/351 348/257/348 372/287/372
f 373/295/373 362/284/362 370/282/370 378/296/378
f 378/296/378 370/282/370 366/281/366 382/297/382
f 382/297/382 366/281/366 361/280/361 374/299/374
f 362/284/362 385/1327/385 387/1328/387 369/285/369
f 369/285/369 387/1328/387 386/1329/386 364/286/364
f 389/1332/389 373/295/373 379/292/379 391/1333/391
f 391/1333/391 379/292/379 375/291/375 390/1334/390
f 390/1335/390 375/288/375 372/287/372 388/1336/388
f 385/1337/385 201/1269/201 203/1272/203 387/1338/387
f 387/1338/387 203/1272/203 202/1274/202 386/1339/386
f 205/1209/205 389/1340/389 391/1341/391 207/1210/207
f 207/1212/207 391/1342/391 390/1335/390 206/1213/206
f 206/1213/206 390/1335/390 388/1336/388 204/1214/204
f 433/1255/433 441/1343/441 443/1344/443 435/1256/435
f 435/1256/435 443/1344/443 442/1345/442 434/1258/434
f 434/1261/434 442/1346/442 440/1347/440 432/1262/432
f 564/389/564 32/52/32 38/55/38 567/390/567
f 567/390/567 38/55/38 49/77/49 571/393/571
f 571/393/571 49/77/49 36/76/36 565/395/565
f 445/1348/445 437/1168/437 439/1171/439 447/1349/447
f 447/1349/447 439/1171/439 438/1173/438 446/1350/446
f 446/1351/446 438/1174/438 436/1177/436 444/1352/444
f 441/1343/441 449/1353/449 451/1354/451 443/1344/443
f 443/1344/443 451/1354/451 450/1355/450 442/1345/442
f 442/1346/442 450/1356/450 448/1357/448 440/1347/440
f 453/1358/453 445/1348/445 447/1349/447 455/1359/455
f 455/1359/455 447/1349/447 446/1350/446 454/1360/454
f 454/1361/454 446/1351/446 444/1352/444 452/1362/452
f 449/1363/449 457/1364/457 459/1365/459 451/1366/451
f 451/1366/451 459/1365/459 458/1367/458 450/1368/450
f 450/1356/450 458/1369/458 456/1370/456 448/1357/448
f 461/1371/461 453/1372/453 455/1373/455 463/1374/463
f 463/1375/463 455/1376/455 454/1361/454 462/1377/462
f 462/1377/462 454/1361/454 452/1362/452 460/1378/460
f 457/1364/457 465/1379/465 467/1380/467 459/1365/459
f 459/1365/459 467/1380/467 466/1381/466 458/1367/458
f 458/1369/458 466/1382/466 464/1383/464 456/1370/456
f 576/401/576 52/79/52 58/82/58 579/402/579
f 579/402/579 58/82/58 69/105/69 583/405/583
f 583/410/583 69/104/69 56/103/56 577/407/577
f 469/1384/469 461/1371/461 463/1374/463 471/1385/471
f 471/1386/471 463/1375/463 462/1377/462 470/1387/470
f 470/1387/470 462/1377/462 460/1378/460 468/1388/468
f 465/1379/465 473/1389/473 475/1390/475 467/1380/467
f 467/1380/467 475/1390/475 474/1391/474 466/1381/466
f 466/1382/466 474/1392/474 472/1393/472 464/1383/464
f 477/1394/477 469/1384/469 471/1385/471 479/1395/479
f 479/1396/479 471/1386/471 470/1387/470 478/1397/478
f 478/1397/478 470/1387/470 468/1388/468 476/1398/476
f 473/1389/473 481/1399/481 483/1400/483 475/1390/475
f 475/1390/475 483/1400/483 482/1401/482 474/1391/474
f 474/1392/474 482/1402/482 480/1403/480 472/1393/472
f 588/415/588 56/103/56 70/101/70 591/416/591
f 591/416/591 70/101/70 66/100/66 595/419/595
f 595/419/595 66/100/66 55/99/55 589/421/589
f 485/1404/485 477/1394/477 479/1395/479 487/1405/487
f 487/1406/487 479/1396/479 478/1397/478 486/1407/486
f 486/1407/486 478/1397/478 476/1398/476 484/1408/484
f 481/1409/481 489/1410/489 491/1411/491 483/1412/483
f 483/1412/483 491/1411/491 490/1413/490 482/1414/482
f 482/1402/482 490/1415/490 488/1416/488 480/1403/480
f 493/1417/493 485/1418/485 487/1406/487 495/1419/495
f 495/1419/495 487/1406/487 486/1407/486 494/1420/494
f 494/1420/494 486/1407/486 484/1408/484 492/1421/492
f 489/1410/489 497/1422/497 499/1423/499 491/1411/491
f 491/1411/491 499/1423/499 498/1424/498 490/1413/490
f 490/1415/490 498/1425/498 496/1426/496 488/1416/488
f 612/451/612 36/76/36 50/73/50 615/452/615
f 615/452/615 50/73/50 46/72/46 619/455/619
f 619/460/619 46/69/46 35/68/35 613/457/613
f 501/1427/501 493/1417/493 495/1419/495 503/1428/503
f 503/1428/503 495/1419/495 494/1420/494 502/1429/502
f 502/1429/502 494/1420/494 492/1421/492 500/1430/500
f 497/1422/497 505/1431/505 507/1432/507 499/1423/499
f 499/1423/499 507/1432/507 506/1433/506 498/1424/498
f 498/1425/498 506/1434/506 504/1435/504 496/1426/496
f 508/1436/508 501/1427/501 503/1428/503 510/1437/510
f 510/1437/510 503/1428/503 502/1429/502 511/1438/511
f 511/1438/511 502/1429/502 500/1430/500 509/1439/509
f 505/1431/505 513/328/513 519/325/519 507/1432/507
f 507/1432/507 519/325/519 515/324/515 506/1433/506
f 506/1434/506 515/321/515 512/320/512 504/1435/504
f 636/484/636 35/68/35 47/71/47 642/485/642
f 642/488/642 47/66/47 43/65/43 646/489/646
f 646/489/646 43/65/43 34/64/34 637/492/637
f 524/1440/524 514/332/514 522/335/522 526/1441/526
f 526/1442/526 522/330/522 518/329/518 527/1443/527
f 527/1443/527 518/329/518 513/328/513 525/1444/525
f 514/332/514 529/343/529 535/341/535 521/333/521
f 521/333/521 535/341/535 531/340/531 516/336/516
f 516/323/516 531/339/531 528/338/528 512/320/512
f 660/523/660 55/99/55 67/96/67 663/524/663
f 663/524/663 67/96/67 63/95/63 667/527/667
f 667/532/667 63/94/63 54/93/54 661/529/661
f 542/366/542 524/1440/524 526/1441/526 549/367/549
f 549/368/549 526/1442/526 527/1443/527 544/355/544
f 544/355/544 527/1443/527 525/1444/525 540/352/540
f 541/358/541 530/347/530 538/350/538 546/359/546
f 546/362/546 538/345/538 534/344/534 550/363/550
f 550/363/550 534/344/534 529/343/529 542/366/542
f 530/347/530 392/302/392 396/305/396 537/348/537
f 537/348/537 396/305/396 401/318/401 532/351/532
f 532/339/532 401/315/401 394/314/394 528/338/528
f 404/1134/404 541/358/541 547/361/547 406/1135/406
f 406/1136/406 547/356/547 543/353/543 407/1137/407
f 407/1137/407 543/353/543 540/352/540 405/1138/405
f 32/52/32 552/370/552 556/373/556 37/53/37
f 37/56/37 556/386/556 561/385/561 41/57/41
f 41/57/41 561/385/561 554/384/554 33/60/33
f 52/79/52 600/432/600 604/435/604 57/80/57
f 57/80/57 604/435/604 609/448/609 61/83/61
f 61/88/61 609/445/609 602/444/602 53/85/53
f 33/60/33 624/469/624 628/472/628 40/61/40
f 40/61/40 628/472/628 633/483/633 44/62/44
f 44/62/44 633/483/633 626/482/626 34/64/34
f 53/85/53 640/508/640 655/511/655 60/86/60
f 60/89/60 655/506/655 651/503/651 64/90/64
f 64/90/64 651/503/651 639/502/639 54/93/54
f 661/529/661 639/502/639 652/505/652 666/530/666
f 666/533/666 652/500/652 648/497/648 670/534/670
f 670/534/670 648/497/648 638/496/638 662/537/662
f 625/475/625 638/496/638 649/499/649 630/476/630
f 630/479/630 649/494/649 645/493/645 634/480/634
f 634/480/634 645/493/645 637/492/637 626/482/626
f 613/457/613 636/484/636 643/487/643 618/458/618
f 618/1445/618 643/518/643 657/517/657 622/1446/622
f 622/1446/622 657/517/657 641/516/641 614/1447/614
f 601/440/601 641/516/641 658/513/658 606/441/606
f 606/441/606 658/513/658 654/512/654 610/442/610
f 610/447/610 654/509/654 640/508/640 602/444/602
f 589/421/589 660/523/660 664/526/664 594/422/594
f 594/1448/594 664/539/664 669/538/669 598/1449/598
f 598/1449/598 669/538/669 662/537/662 590/1450/590
f 577/407/577 588/415/588 592/418/592 582/408/582
f 582/1451/582 592/429/592 597/428/597 586/1452/586
f 586/1452/586 597/428/597 590/427/590 578/1453/578
f 600/432/600 576/401/576 580/404/580 603/433/603
f 603/433/603 580/404/580 585/414/585 607/1454/607
f 607/1455/607 585/413/585 578/412/578 601/1456/601
f 565/395/565 612/451/612 616/454/616 570/396/570
f 570/396/570 616/454/616 621/467/621 574/397/574
f 558/380/558 631/473/631 627/470/627 562/381/562
f 562/381/562 627/470/627 624/469/624 554/384/554
f 552/370/552 564/389/564 568/392/568 555/371/555
f 555/371/555 568/392/568 573/397/573 559/374/559
f 696/542/696 672/542/672 676/545/676 699/545/699
f 699/545/699 676/545/676 681/558/681 703/558/703
f 703/557/703 681/557/681 674/556/674 697/556/697
f 673/548/673 684/560/684 688/563/688 678/549/678
f 678/552/678 688/576/688 693/575/693 682/553/682
f 682/553/682 693/575/693 686/574/686 674/556/674
f 685/566/685 708/566/708 712/567/712 690/567/690
f 690/570/690 712/570/712 717/571/717 694/571/694
f 694/571/694 717/571/717 710/574/710 686/574/686
f 709/598/709 698/586/698 706/589/706 714/599/714
f 714/600/714 706/584/706 702/582/702 718/601/718
f 718/601/718 702/582/702 697/556/697 710/574/710
f 744/606/744 696/542/696 700/580/700 747/637/747
f 747/637/747 700/580/700 705/590/705 751/590/751
f 751/587/751 705/587/705 698/586/698 745/640/745
f 708/566/708 756/566/756 760/592/760 711/592/711
f 711/594/711 760/594/760 765/657/765 715/595/715
f 715/595/715 765/657/765 758/656/758 709/598/709
f 757/632/757 746/612/746 754/646/754 762/651/762
f 762/652/762 754/643/754 750/641/750 766/653/766
f 766/653/766 750/641/750 745/640/745 758/656/758
f 720/606/720 744/606/744 748/607/748 723/607/723
f 723/607/723 748/607/748 753/610/753 727/610/727
f 727/615/727 753/615/753 746/612/746 721/612/721
f 756/566/756 732/566/732 736/623/736 759/623/759
f 759/634/759 736/634/736 741/633/741 763/633/763
f 763/633/763 741/633/741 734/632/734 757/632/757
f 733/626/733 722/548/722 730/619/730 738/627/738
f 738/628/738 730/616/730 726/613/726 742/629/742
f 742/629/742 726/613/726 721/612/721 734/632/734
f 672/542/672 720/606/720 724/609/724 675/543/675
f 675/543/675 724/609/724 729/620/729 679/546/679
f 679/551/679 729/551/729 722/548/722 673/548/673
f 732/566/732 685/566/685 691/569/691 735/569/735
f 735/564/735 691/564/691 687/561/687 739/561/739
f 739/561/739 687/561/687 684/560/684 733/626/733
f 792/698/784 768/660/768 772/663/771 795/663/786
f 795/676/786 772/676/771 777/675/775 799/675/788
f 799/675/788 777/675/775 770/674/674 793/674/697
f 769/668/769 780/679/777 784/682/688 774/669/678
f 774/670/678 784/695/688 789/694/693 778/671/682
f 778/671/682 789/694/693 782/693/686 770/674/674
f 786/689/780 808/689/794 813/690/797 790/690/783
f 790/690/783 813/690/797 806/693/710 782/693/686
f 805/719/792 794/706/785 802/709/706 810/720/714
f 810/721/714 802/704/706 798/703/702 814/722/718
f 814/722/718 798/703/702 793/674/697 806/693/710
f 840/760/816 792/698/784 796/700/787 843/700/818
f 843/710/818 796/710/787 801/707/789 847/762/820
f 847/762/820 801/707/789 794/706/785 841/706/817
f 807/715/793 856/782/825 861/781/827 811/716/796
f 811/716/796 861/781/827 854/719/823 805/719/792
f 853/755/757 842/735/746 850/769/754 858/776/762
f 858/777/762 850/766/754 846/765/750 862/778/766
f 862/778/766 846/765/750 841/706/817 854/719/823
f 816/727/798 840/760/816 844/728/819 819/728/800
f 819/731/800 844/731/819 849/732/821 823/732/803
f 823/732/803 849/732/821 842/735/746 817/735/721
f 855/757/824 832/757/810 837/756/814 859/756/826
f 859/756/826 837/756/814 830/755/734 853/755/757
f 829/679/808 818/668/799 826/741/730 834/750/738
f 834/751/738 826/737/730 822/736/726 838/752/742
f 838/752/742 822/736/726 817/735/721 830/755/734
f 768/660/768 816/727/798 820/730/801 771/661/770
f 771/664/770 820/742/801 825/739/805 775/665/773
f 775/665/773 825/739/805 818/668/799 769/668/769
f 831/683/809 787/683/781 783/680/779 835/747/812
f 835/747/812 783/680/779 780/679/777 829/679/808
f 888/785/696 864/785/672 868/788/676 891/788/699
f 891/801/699 868/801/676 873/800/681 895/800/703
f 895/800/703 873/800/681 866/799/674 889/799/697
f 865/793/673 876/804/684 880/807/688 870/794/678
f 870/795/678 880/820/688 885/819/693 874/796/682
f 874/796/682 885/819/693 878/818/686 866/799/674
f 877/810/685 900/810/708 904/811/712 882/811/690
f 882/814/690 904/814/712 909/815/717 886/815/694
f 886/815/694 909/815/717 902/818/710 878/818/686
f 901/842/829 890/830/698 898/833/706 906/843/714
f 906/844/714 898/828/706 894/827/702 910/845/718
f 910/845/718 894/827/702 889/799/697 902/818/710
f 936/850/744 888/785/696 892/824/700 939/882/747
f 939/834/747 892/834/700 897/831/705 943/884/751
f 943/884/751 897/831/705 890/830/698 937/887/745
f 900/810/708 948/810/756 952/895/760 903/836/711
f 903/838/711 952/838/760 957/839/765 907/839/715
f 907/839/715 957/839/765 950/903/831 901/842/829
f 949/877/757 938/857/746 946/892/754 954/898/762
f 954/899/762 946/889/754 942/888/750 958/900/766
f 958/900/766 942/888/750 937/887/745 950/903/831
f 912/850/720 936/850/744 940/851/748 915/851/723
f 915/853/723 940/853/748 945/854/753 919/854/727
f 919/854/727 945/854/753 938/857/746 913/857/721
f 948/810/756 924/810/732 928/867/736 951/867/759
f 951/879/759 928/879/736 933/878/741 955/878/763
f 955/878/763 933/878/741 926/877/734 949/877/757
f 925/871/733 914/861/722 922/864/730 930/872/738
f 930/873/738 922/859/730 918/858/726 934/874/742
f 934/874/742 918/858/726 913/857/721 926/877/734
f 864/785/672 912/850/720 916/786/724 867/786/675
f 867/789/675 916/789/724 921/862/729 871/790/679
f 871/790/679 921/862/729 914/861/722 865/793/673
f 924/810/732 877/810/685 883/813/691 927/813/735
f 927/808/735 883/808/691 879/805/687 931/868/739
f 931/868/739 879/805/687 876/804/684 925/871/733
f 984/944/842 960/906/833 964/909/834 987/909/843
f 987/922/843 964/922/834 969/921/836 991/921/845
f 991/921/845 969/921/836 962/920/674 985/920/697
f 961/914/769 972/925/777 976/928/839 966/915/835
f 966/916/835 976/941/839 981/940/693 970/917/682
f 970/917/682 981/940/693 974/939/686 962/920/674
f 978/935/840 1000/935/848 1005/936/851 982/936/841
f 982/936/841 1005/936/851 998/939/710 974/939/686
f 997/965/792 986/952/785 994/955/706 1002/966/714
f 1002/967/714 994/950/706 990/949/702 1006/968/718
f 1006/968/718 990/949/702 985/920/697 998/939/710
f 1032/1006/863 984/944/842 988/946/787 1035/1007/818
f 1035/1009/818 988/956/787 993/953/789 1039/1010/820
f 1039/1010/820 993/953/789 986/952/785 1033/952/817
f 999/961/793 1048/1028/825 1053/962/827 1003/962/796
f 1003/962/796 1053/962/827 1046/965/823 997/965/792
f 1045/1001/757 1034/981/746 1042/1017/754 1050/1023/762
f 1050/1024/762 1042/1014/754 1038/1013/750 1054/1025/766
f 1054/1025/766 1038/1013/750 1033/952/817 1046/965/823
f 1008/973/853 1032/1006/863 1036/974/864 1011/974/854
f 1011/977/854 1036/977/864 1041/978/866 1015/978/855
f 1015/978/855 1041/978/866 1034/981/746 1009/981/721
f 1047/1003/869 1024/1003/860 1029/1002/862 1051/1002/871
f 1051/1002/871 1029/1002/862 1022/1001/734 1045/1001/757
f 1021/995/808 1010/914/799 1018/987/857 1026/996/861
f 1026/997/861 1018/983/857 1014/982/726 1030/998/742
f 1030/998/742 1014/982/726 1009/981/721 1022/1001/734
f 960/906/833 1008/973/853 1012/976/801 963/907/770
f 963/910/770 1012/988/801 1017/985/856 967/911/773
f 967/911/773 1017/985/856 1010/914/799 961/914/769
f 1023/992/859 979/929/781 975/926/838 1027/926/812
f 1027/926/812 975/926/838 972/925/777 1021/995/808
f 36/76/36 612/451/612 565/395/565
f 35/68/35 636/484/636 613/457/613
f 624/469/624 33/60/33 554/384/554
f 637/492/637 34/64/34 626/482/626
f 32/52/32 564/389/564 552/370/552
f 56/103/56 588/415/588 577/407/577
f 55/99/55 660/523/660 589/421/589
f 640/508/640 53/85/53 602/444/602
f 54/93/54 639/502/639 661/529/661
f 52/79/52 576/401/576 600/432/600
f 72/1050/72 80/1049/80 88/1075/88 96/1088/96 104/1101/104 112/1118/112 120/1146/120 128/1167/128 136/1187/136 144/1197/144 152/1207/152 160/1227/160 168/1240/168 176/1268/176 184/1286/184 192/1299/192
f 73/1041/73 77/1052/77 85/1051/85 81/1042/81
f 193/1293/193 197/1300/197 77/1052/77 73/1041/73
f 84/1060/84 76/1059/76 196/1307/196 188/1291/188 180/1281/180 172/1253/172 164/1235/164 156/1219/156 148/1202/148 140/1192/140 132/1182/132 124/1159/124 116/1133/116 108/1111/108 100/1096/100 92/1080/92
f 81/1042/81 85/1051/85 93/1076/93 89/1071/89
f 89/1081/89 93/1090/93 101/1089/101 97/1082/97
f 97/1082/97 101/1089/101 109/1107/109 105/1097/105
f 105/1097/105 109/1107/109 117/1129/117 113/1114/113
f 113/1139/113 117/1153/117 125/1152/125 121/1140/121
f 121/1140/121 125/1152/125 133/1178/133 129/1163/129
f 129/1163/129 133/1178/133 141/1188/141 137/1183/137
f 137/1183/137 141/1188/141 149/1198/149 145/1193/145
f 145/1193/145 149/1198/149 157/1215/157 153/1203/153
f 153/1220/153 157/1229/157 165/1228/165 161/1221/161
f 161/1221/161 165/1228/165 173/1249/173 169/1236/169
f 169/1236/169 173/1249/173 181/1277/181 177/1264/177
f 177/1264/177 181/1277/181 189/1287/189 185/1282/185
f 185/1292/185 189/1301/189 197/1300/197 193/1293/193
f 385/1337/385 389/1340/389 205/1209/205 201/1269/201
f 201/1269/201 205/1209/205 213/1208/213 209/1270/209
f 292/1039/292 276/191/276 252/159/252 230/137/230 212/1106/212 204/1214/204 388/1336/388 372/287/372 348/257/348 324/226/324 308/1319/308 300/1040/300
f 209/1147/209 213/1102/213 229/131/229 217/115/217
f 218/121/218 228/125/228 254/171/254 240/142/240
f 241/148/241 253/165/253 278/203/278 265/181/265
f 266/187/266 277/197/277 293/1112/293 289/1160/289
f 289/1061/289 293/1032/293 301/1031/301 297/1062/297
f 297/1062/297 301/1031/301 309/1315/309 305/1310/305
f 305/1320/305 309/1323/309 326/238/326 313/215/313
f 314/221/314 325/234/325 350/269/350 337/250/337
f 338/254/338 349/265/349 374/299/374 361/280/361
f 362/284/362 373/295/373 389/1332/389 385/1327/385
f 530/347/530 541/358/541 404/1134/404 392/302/392
f 393/310/393 405/1138/405 412/1247/412 414/1245/414 415/1243/415 413/1242/413 409/1119/409
f 417/1127/417 424/1263/424 432/1262/432 440/1347/440 448/1357/448 456/1370/456 464/1383/464 472/1393/472 480/1403/480 488/1416/488 496/1426/496 504/1435/504 512/320/512 528/338/528 394/314/394 408/1128/408
f 428/1176/428 420/1248/420 412/1247/412 405/1138/405 540/352/540 525/1444/525 509/1439/509 500/1430/500 492/1421/492 484/1408/484 476/1398/476 468/1388/468 460/1378/460 452/1362/452 444/1352/444 436/1177/436
f 409/1119/409 413/1242/413 421/1241/421 416/1120/416
f 416/1120/416 421/1241/421 429/1308/429 425/1324/425
f 425/1254/425 429/1169/429 437/1168/437 433/1255/433
f 433/1255/433 437/1168/437 445/1348/445 441/1343/441
f 441/1343/441 445/1348/445 453/1358/453 449/1353/449
f 449/1363/449 453/1372/453 461/1371/461 457/1364/457
f 457/1364/457 461/1371/461 469/1384/469 465/1379/465
f 465/1379/465 469/1384/469 477/1394/477 473/1389/473
f 473/1389/473 477/1394/477 485/1404/485 481/1399/481
f 481/1409/481 485/1418/485 493/1417/493 489/1410/489
f 489/1410/489 493/1417/493 501/1427/501 497/1422/497
f 497/1422/497 501/1427/501 508/1436/508 505/1431/505
f 505/1431/505 508/1436/508 510/1437/510 511/1438/511 509/1439/509 525/1444/525 513/328/513
f 514/332/514 524/1440/524 542/366/542 529/343/529
f 578/1453/578 590/427/590 22/8/22
f 601/1456/601 578/412/578 20/1462/20
f 590/1450/590 662/537/662 25/1463/25
f 614/1447/614 641/516/641 601/440/601
f 662/537/662 638/496/638 625/475/625
f 696/542/696 744/606/744 720/606/720 672/542/672
f 674/556/674 686/574/686 710/574/710 697/556/697
f 722/548/722 733/626/733 684/560/684 673/548/673
f 756/566/756 708/566/708 685/566/685 732/566/732
f 698/586/698 709/598/709 758/656/758 745/640/745
f 746/612/746 757/632/757 734/632/734 721/612/721
f 792/698/784 840/760/816 816/727/798 768/660/768
f 770/674/674 782/693/686 806/693/710 793/674/697
f 818/668/799 829/679/808 780/679/777 769/668/769
f 794/706/785 805/719/792 854/719/823 841/706/817
f 842/735/746 853/755/757 830/755/734 817/735/721
f 888/785/696 936/850/744 912/850/720 864/785/672
f 866/799/674 878/818/686 902/818/710 889/799/697
f 914/861/722 925/871/733 876/804/684 865/793/673
f 948/810/756 900/810/708 877/810/685 924/810/732
f 890/830/698 901/842/829 950/903/831 937/887/745
f 938/857/746 949/877/757 926/877/734 913/857/721
f 984/944/842 1032/1006/863 1008/973/853 960/906/833
f 962/920/674 974/939/686 998/939/710 985/920/697
f 1010/914/799 1021/995/808 972/925/777 961/914/769
f 986/952/785 997/965/792 1046/965/823 1033/952/817
f 1034/981/746 1045/1001/757 1022/1001/734 1009/981/721
usemtl BB_DirtyGlass
f 2/1/2 15/2/15 30/3/30
f 3/7/3 22/8/22 31/9/31
f 3/10/3 31/11/31 28/12/28
f 2/1/2 25/13/25 15/2/15
f 1/14/1 16/15/16 17/16/17
f 27/17/27 9/18/9 14/19/14
f 4/20/4 29/21/29 12/22/12
f 4/23/4 20/24/20 29/25/29
f 9/18/9 21/31/21 14/19/14
f 8/32/8 23/33/23 11/34/11
f 7/35/7 24/36/24 18/37/18
f 6/38/6 26/5/26 13/4/13
f 5/39/5 27/40/27 19/6/19
f 26/5/26 5/39/5 19/6/19
f 24/36/24 6/41/6 13/26/13
f 23/33/23 7/35/7 18/37/18
f 21/42/21 8/32/8 11/34/11
f 29/25/29 28/12/28 8/43/8
f 29/25/29 20/24/20 28/12/28
f 20/24/20 3/10/3 28/12/28
f 12/22/12 21/31/21 9/18/9
f 12/22/12 29/21/29 21/31/21
f 29/25/29 8/43/8 21/44/21
f 17/16/17 26/5/26 6/38/6
f 17/16/17 16/15/16 26/5/26
f 16/15/16 5/39/5 26/5/26
f 15/45/15 17/16/17 6/38/6
f 15/45/15 25/46/25 17/16/17
f 25/46/25 1/14/1 17/16/17
f 28/12/28 23/47/23 8/43/8
f 28/12/28 31/11/31 23/47/23
f 31/9/31 7/48/7 23/49/23
f 31/9/31 30/3/30 7/48/7
f 31/9/31 22/8/22 30/3/30
f 22/8/22 2/1/2 30/3/30
f 30/3/30 24/50/24 7/48/7
f 30/3/30 15/2/15 24/50/24
f 15/2/15 6/51/6 24/50/24
f 216/109/216 219/110/219 221/111/221 220/112/220
f 219/110/219 223/113/223 224/114/224 221/111/221
f 225/123/225 220/112/220 221/111/221 227/124/227
f 221/111/221 224/114/224 227/124/227
f 246/150/246 250/151/250 251/152/251 248/153/248
f 242/154/242 249/155/249 251/152/251 250/151/250
f 249/155/249 244/156/244 245/157/245 251/152/251
f 264/175/264 267/176/267 269/177/269 268/178/268
f 267/176/267 271/179/271 272/180/272 269/177/269
f 273/189/273 268/178/268 269/177/269 275/190/275
f 269/177/269 272/180/272 275/190/275
f 312/207/312 315/208/315 317/209/317 316/210/316
f 336/242/336 339/243/339 341/244/341 340/245/340
f 360/272/360 363/273/363 365/274/365 364/275/364
f 553/376/553 558/377/558 560/378/560 559/379/559
f 566/399/566 573/400/573 575/400/575 574/400/574
f 618/461/618 622/462/622 623/463/623 620/464/620
f 614/465/614 621/466/621 623/463/623 622/462/622
f 781/685/778 786/686/780 788/687/782 787/688/781
f 804/712/791 807/713/793 809/714/795 808/686/794
f 828/712/807 831/744/809 833/745/811 832/746/810
f 852/771/822 855/746/824 857/772/761 856/773/825
f 973/931/837 978/932/840 980/933/692 979/934/781
f 996/958/847 999/959/793 1001/960/849 1000/932/848
f 1020/958/858 1023/934/859 1025/990/737 1024/991/860
f 1044/1019/868 1047/991/869 1049/1020/870 1048/959/825
f 225/123/225 244/156/244 249/155/249 220/112/220
f 220/112/220 249/155/249 242/154/242 216/109/216
f 290/1067/290 298/1068/298 296/1069/296 288/1070/288
f 211/1149/211 223/113/223 219/110/219 210/1150/210
f 210/1150/210 219/110/219 216/109/216 208/1151/208
f 273/189/273 291/1162/291 290/1067/290 268/178/268
f 268/178/268 290/1067/290 288/1070/288 264/175/264
f 246/150/246 271/179/271 267/176/267 250/151/250
f 250/151/250 267/176/267 264/175/264 242/154/242
f 202/1275/202 210/1150/210 208/1151/208 200/1276/200
f 298/1068/298 306/1313/306 304/1314/304 296/1069/296
f 306/1313/306 315/208/315 312/207/312 304/1314/304
f 316/210/316 339/243/339 336/242/336 312/207/312
f 340/245/340 363/273/363 360/272/360 336/242/336
f 364/275/364 386/1330/386 384/1331/384 360/272/360
f 386/1330/386 202/1275/202 200/1276/200 384/1331/384
f 574/400/574 621/466/621 614/465/614 566/399/566
f 553/376/553 625/1457/625 631/1458/631 558/377/558
f 559/1459/559 573/400/573 566/399/566 553/1460/553
f 781/685/778 804/712/791 808/686/794 786/686/780
f 804/712/791 852/771/822 856/773/825 807/713/793
f 852/771/822 828/712/807 832/746/810 855/746/824
f 828/712/807 781/685/778 787/688/781 831/744/809
f 973/931/837 996/958/847 1000/932/848 978/932/840
f 996/958/847 1044/1019/868 1048/959/825 999/959/793
f 1044/1019/868 1020/958/858 1024/991/860 1047/991/869
f 1020/958/858 973/931/837 979/934/781 1023/934/859
f 360/272/360 384/1331/384 200/1276/200 208/1151/208 216/109/216 242/154/242 264/175/264 288/1070/288 296/1069/296 304/1314/304 312/207/312 336/242/336
f 553/376/553 27/40/27 5/39/5
f 553/1460/553 566/399/566 27/17/27
f 16/15/16 553/376/553 5/39/5
f 16/15/16 625/1457/625 553/376/553
f 566/399/566 9/18/9 27/17/27
f 566/399/566 12/22/12 9/18/9
f 566/399/566 614/465/614 12/22/12
f 578/1461/578 3/10/3 20/24/20
f 578/1453/578 22/8/22 3/7/3
f 590/427/590 2/1/2 22/8/22
f 590/427/590 25/13/25 2/1/2
f 601/1464/601 20/24/20 4/23/4
f 614/1447/614 601/440/601 4/1465/4
f 614/465/614 4/20/4 12/22/12
f 1/14/1 625/1457/625 16/15/16
f 662/537/662 625/475/625 1/1466/1
f 662/537/662 1/1466/1 25/1463/25
f 852/771/822 804/712/791 781/685/778 828/712/807
f 1044/1019/868 996/958/847 973/931/837 1020/958/858
