o SM_StormCoast
v 100.000 2600.000 -811.836
v 200.000 2600.000 -795.769
v 200.000 2500.000 -671.563
v 100.000 2500.000 -688.237
v 300.000 2600.000 -784.247
v 300.000 2500.000 -659.601
v 400.000 2600.000 -777.314
v 400.000 2500.000 -652.403
v 500.000 2600.000 -775.000
v 500.000 2500.000 -650.000
v 600.000 2600.000 -777.314
v 600.000 2500.000 -652.403
v 700.000 2600.000 -784.247
v 700.000 2500.000 -659.601
v 800.000 2600.000 -795.769
v 800.000 2500.000 -671.563
v 900.000 2600.000 -811.836
v 900.000 2500.000 -688.237
v -300.000 2500.000 -800.368
v -200.000 2500.000 -765.728
v -200.000 2400.000 -645.189
v -300.000 2400.000 -681.101
v -100.000 2500.000 -735.416
v -100.000 2400.000 -613.740
v 0.000 2500.000 -709.551
v 0.000 2400.000 -586.887
v 100.000 2400.000 -564.747
v 200.000 2400.000 -547.420
v 300.000 2400.000 -534.984
v 400.000 2400.000 -527.499
v 500.000 2400.000 -525.000
v 600.000 2400.000 -527.499
v 700.000 2400.000 -534.984
v 800.000 2400.000 -547.420
v 900.000 2400.000 -564.747
v 1000.000 2500.000 -709.551
v 1000.000 2400.000 -586.887
v 1100.000 2500.000 -735.416
v 1100.000 2400.000 -613.740
v 1200.000 2500.000 -765.728
v 1200.000 2400.000 -645.189
v 1300.000 2500.000 -800.368
v 1300.000 2400.000 -681.101
v -600.000 2400.000 -814.125
v -500.000 2400.000 -765.728
v -500.000 2300.000 -650.000
v -600.000 2300.000 -700.095
v -400.000 2400.000 -721.333
v -400.000 2300.000 -604.001
v -300.000 2300.000 -562.278
v -200.000 2300.000 -525.000
v -100.000 2300.000 -492.329
v 0.000 2300.000 -464.413
v 100.000 2300.000 -441.381
v 200.000 2300.000 -423.347
v 300.000 2300.000 -410.399
v 400.000 2300.000 -402.603
v 500.000 2300.000 -400.000
v 600.000 2300.000 -402.603
v 700.000 2300.000 -410.399
v 800.000 2300.000 -423.347
v 900.000 2300.000 -441.381
v 1000.000 2300.000 -464.413
v 1100.000 2300.000 -492.329
v 1200.000 2300.000 -525.000
v 1300.000 2300.000 -562.278
v 1400.000 2400.000 -721.333
v 1400.000 2300.000 -604.001
v 1500.000 2400.000 -765.728
v 1500.000 2300.000 -650.000
v 1600.000 2400.000 -814.125
v 1600.000 2300.000 -700.095
v -800.000 2300.000 -811.836
v -700.000 2300.000 -754.102
v -700.000 2200.000 -642.780
v -800.000 2200.000 -702.461
v -600.000 2200.000 -586.887
v -500.000 2200.000 -534.984
v -400.000 2200.000 -487.272
v -300.000 2200.000 -443.949
v -200.000 2200.000 -405.204
v -100.000 2200.000 -371.216
v 0.000 2200.000 -342.151
v 100.000 2200.000 -318.154
v 200.000 2200.000 -299.353
v 300.000 2200.000 -285.849
v 400.000 2200.000 -277.716
v 500.000 2200.000 -275.000
v 600.000 2200.000 -277.716
v 700.000 2200.000 -285.849
v 800.000 2200.000 -299.353
v 900.000 2200.000 -318.154
v 1000.000 2200.000 -342.151
v 1100.000 2200.000 -371.216
v 1200.000 2200.000 -405.204
v 1300.000 2200.000 -443.949
v 1400.000 2200.000 -487.272
v 1500.000 2200.000 -534.984
v 1600.000 2200.000 -586.887
v 1700.000 2300.000 -754.102
v 1700.000 2200.000 -642.780
v 1800.000 2300.000 -811.836
v 1800.000 2200.000 -702.461
v -1000.000 2200.000 -832.383
v -900.000 2200.000 -765.728
v -900.000 2100.000 -659.601
v -1000.000 2100.000 -728.382
v -800.000 2100.000 -594.233
v -700.000 2100.000 -532.491
v -600.000 2100.000 -474.593
v -500.000 2100.000 -420.761
v -400.000 2100.000 -371.216
v -300.000 2100.000 -326.175
v -200.000 2100.000 -285.849
v -100.000 2100.000 -250.439
v 0.000 2100.000 -220.129
v 100.000 2100.000 -195.085
v 200.000 2100.000 -175.450
v 300.000 2100.000 -161.340
v 400.000 2100.000 -152.839
v 500.000 2100.000 -150.000
v 600.000 2100.000 -152.839
v 700.000 2100.000 -161.340
v 800.000 2100.000 -175.450
v 900.000 2100.000 -195.085
v 1000.000 2100.000 -220.129
v 1100.000 2100.000 -250.439
v 1200.000 2100.000 -285.849
v 1300.000 2100.000 -326.175
v 1400.000 2100.000 -371.216
v 1500.000 2100.000 -420.761
v 1600.000 2100.000 -474.593
v 1700.000 2100.000 -532.491
v 1800.000 2100.000 -594.233
v 1900.000 2200.000 -765.728
v 1900.000 2100.000 -659.601
v 2000.000 2200.000 -832.383
v 2000.000 2100.000 -728.382
v -1100.000 2100.000 -800.368
v -1000.000 2000.000 -625.872
v -1100.000 2000.000 -700.095
v -900.000 2000.000 -554.857
v -800.000 2000.000 -487.272
v -700.000 2000.000 -423.347
v -600.000 2000.000 -363.317
v -500.000 2000.000 -307.426
v -400.000 2000.000 -255.915
v -300.000 2000.000 -209.026
v -200.000 2000.000 -166.993
v -100.000 2000.000 -130.041
v 0.000 2000.000 -98.379
v 100.000 2000.000 -72.195
v 200.000 2000.000 -51.650
v 300.000 2000.000 -36.878
v 400.000 2000.000 -27.975
v 500.000 2000.000 -25.000
v 600.000 2000.000 -27.975
v 700.000 2000.000 -36.878
v 800.000 2000.000 -51.650
v 900.000 2000.000 -72.195
v 1000.000 2000.000 -98.379
v 1100.000 2000.000 -130.041
v 1200.000 2000.000 -166.993
v 1300.000 2000.000 -209.026
v 1400.000 2000.000 -255.915
v 1500.000 2000.000 -307.426
v 1600.000 2000.000 -363.317
v 1700.000 2000.000 -423.347
v 1800.000 2000.000 -487.272
v 1900.000 2000.000 -554.857
v 2000.000 2000.000 -625.872
v 2100.000 2100.000 -800.368
v 2100.000 2000.000 -700.095
v -1200.000 2000.000 -777.314
v -1100.000 1900.000 -601.562
v -1200.000 1900.000 -681.101
v -1000.000 1900.000 -525.000
v -900.000 1900.000 -451.639
v -800.000 1900.000 -381.715
v -700.000 1900.000 -315.476
v -600.000 1900.000 -253.178
v -500.000 1900.000 -195.085
v -400.000 1900.000 -141.464
v -300.000 1900.000 -92.582
v -200.000 1900.000 -48.703
v -100.000 1900.000 -10.077
v 0.000 1900.000 0.000
v 100.000 1900.000 0.000
v 200.000 1900.000 0.000
v 300.000 1900.000 0.000
v 400.000 1900.000 0.000
v 500.000 1900.000 0.000
v 600.000 1900.000 0.000
v 700.000 1900.000 0.000
v 800.000 1900.000 0.000
v 900.000 1900.000 0.000
v 1000.000 1900.000 0.000
v 1100.000 1900.000 -10.077
v 1200.000 1900.000 -48.703
v 1300.000 1900.000 -92.582
v 1400.000 1900.000 -141.464
v 1500.000 1900.000 -195.085
v 1600.000 1900.000 -253.178
v 1700.000 1900.000 -315.476
v 1800.000 1900.000 -381.715
v 1900.000 1900.000 -451.639
v 2000.000 1900.000 -525.000
v 2100.000 1900.000 -601.562
v 2200.000 2000.000 -777.314
v 2200.000 1900.000 -681.101
v -5200.000 1900.000 -828.549
v -5100.000 1900.000 -787.684
v -5100.000 1800.000 -668.639
v -5200.000 1800.000 -712.500
v -5000.000 1900.000 -755.208
v -5000.000 1800.000 -633.665
v -4900.000 1900.000 -731.618
v -4900.000 1800.000 -608.191
v -4800.000 1900.000 -717.301
v -4800.000 1800.000 -592.699
v -4700.000 1900.000 -712.500
v -4700.000 1800.000 -587.500
v -4600.000 1900.000 -717.301
v -4600.000 1800.000 -592.699
v -4500.000 1900.000 -731.523
v -4500.000 1800.000 -607.780
v -4400.000 1900.000 -749.201
v -4400.000 1800.000 -625.457
v -4300.000 1900.000 -766.879
v -4300.000 1800.000 -643.135
v -4200.000 1900.000 -784.556
v -4200.000 1800.000 -660.813
v -4100.000 1900.000 -802.234
v -4100.000 1800.000 -678.490
v -4000.000 1900.000 -819.912
v -4000.000 1800.000 -696.168
v -1300.000 1900.000 -763.406
v -1200.000 1800.000 -586.887
v -1300.000 1800.000 -671.563
v -1100.000 1800.000 -504.936
v -1000.000 1800.000 -425.930
v -900.000 1800.000 -350.106
v -800.000 1800.000 -277.716
v -700.000 1800.000 -209.026
v -600.000 1800.000 -144.312
v -500.000 1800.000 -83.864
v -400.000 1800.000 -27.975
v -300.000 1800.000 0.000
v -200.000 1800.000 0.000
v -100.000 1800.000 0.000
v 0.000 1800.000 0.000
v 100.000 1800.000 0.000
v 200.000 1800.000 0.000
v 300.000 1800.000 0.000
v 400.000 1800.000 0.000
v 500.000 1800.000 0.000
v 600.000 1800.000 0.000
v 700.000 1800.000 0.000
v 800.000 1800.000 0.000
v 900.000 1800.000 0.000
v 1000.000 1800.000 0.000
v 1100.000 1800.000 0.000
v 1200.000 1800.000 0.000
v 1300.000 1800.000 0.000
v 1400.000 1800.000 -27.975
v 1500.000 1800.000 -83.864
v 1600.000 1800.000 -144.312
v 1700.000 1800.000 -209.026
v 1800.000 1800.000 -277.716
v 1900.000 1800.000 -350.106
v 2000.000 1800.000 -425.930
v 2100.000 1800.000 -504.936
v 2200.000 1800.000 -586.887
v 2300.000 1900.000 -763.406
v 2300.000 1800.000 -671.563
v -5400.000 1800.000 -824.055
v -5300.000 1800.000 -764.551
v -5300.000 1700.000 -653.746
v -5400.000 1700.000 -717.301
v -5200.000 1700.000 -597.881
v -5100.000 1700.000 -550.587
v -5000.000 1700.000 -512.719
v -4900.000 1700.000 -485.042
v -4800.000 1700.000 -468.170
v -4700.000 1700.000 -462.500
v -4600.000 1700.000 -468.170
v -4500.000 1700.000 -484.036
v -4400.000 1700.000 -501.714
v -4300.000 1700.000 -519.391
v -4200.000 1700.000 -537.069
v -4100.000 1700.000 -554.747
v -4000.000 1700.000 -572.424
v -3900.000 1800.000 -713.846
v -3900.000 1700.000 -590.102
v -3800.000 1800.000 -731.523
v -3800.000 1700.000 -607.780
v -3700.000 1800.000 -749.201
v -3700.000 1700.000 -625.457
v -3600.000 1800.000 -766.879
v -3600.000 1700.000 -643.135
v -3500.000 1800.000 -784.556
v -3500.000 1700.000 -660.813
v -3400.000 1800.000 -802.234
v -3400.000 1700.000 -678.490
v -3300.000 1800.000 -819.912
v -3300.000 1700.000 -696.168
v -1400.000 1800.000 -758.757
v -1300.000 1700.000 -581.981
v -1400.000 1700.000 -671.563
v -1200.000 1700.000 -494.855
v -1100.000 1700.000 -410.399
v -1000.000 1700.000 -328.844
v -900.000 1700.000 -250.439
v -800.000 1700.000 -175.450
v -700.000 1700.000 -104.163
v -600.000 1700.000 -36.878
v -500.000 1700.000 0.000
v -400.000 1700.000 0.000
v -300.000 1700.000 0.000
v -200.000 1700.000 0.000
v -100.000 1700.000 0.000
v 0.000 1700.000 0.000
v 100.000 1700.000 0.000
v 200.000 1700.000 0.000
v 300.000 1700.000 0.000
v 400.000 1700.000 0.000
v 500.000 1700.000 0.000
v 600.000 1700.000 0.000
v 700.000 1700.000 0.000
v 800.000 1700.000 0.000
v 900.000 1700.000 0.000
v 1000.000 1700.000 0.000
v 1100.000 1700.000 0.000
v 1200.000 1700.000 0.000
v 1300.000 1700.000 0.000
v 1400.000 1700.000 0.000
v 1500.000 1700.000 0.000
v 1600.000 1700.000 -36.878
v 1700.000 1700.000 -104.163
v 1800.000 1700.000 -175.450
v 1900.000 1700.000 -250.439
v 2000.000 1700.000 -328.844
v 2100.000 1700.000 -410.399
v 2200.000 1700.000 -494.855
v 2300.000 1700.000 -581.981
v 2400.000 1800.000 -758.757
v 2400.000 1700.000 -671.563
v -5500.000 1700.000 -787.684
v -5400.000 1600.000 -613.319
v -5500.000 1600.000 -688.281
v -5300.000 1600.000 -545.238
v -5200.000 1600.000 -485.042
v -5100.000 1600.000 -433.791
v -5000.000 1600.000 -392.538
v -4900.000 1600.000 -362.255
v -4800.000 1600.000 -343.734
v -4700.000 1600.000 -337.500
v -4600.000 1600.000 -343.734
v -4500.000 1600.000 -360.292
v -4400.000 1600.000 -377.970
v -4300.000 1600.000 -395.648
v -4200.000 1600.000 -413.325
v -4100.000 1600.000 -431.003
v -4000.000 1600.000 -448.681
v -3900.000 1600.000 -466.358
v -3800.000 1600.000 -484.036
v -3700.000 1600.000 -501.714
v -3600.000 1600.000 -519.391
v -3500.000 1600.000 -537.069
v -3400.000 1600.000 -554.747
v -3300.000 1600.000 -572.424
v -3200.000 1700.000 -713.846
v -3200.000 1600.000 -590.102
v -3100.000 1700.000 -731.523
v -3100.000 1600.000 -607.780
v -3000.000 1700.000 -749.201
v -3000.000 1600.000 -625.457
v -2900.000 1700.000 -766.879
v -2900.000 1600.000 -643.135
v -2800.000 1700.000 -784.556
v -2800.000 1600.000 -660.813
v -2700.000 1700.000 -802.234
v -2700.000 1600.000 -678.490
v -2600.000 1700.000 -819.912
v -2600.000 1600.000 -696.168
v -1500.000 1700.000 -763.406
v -1400.000 1600.000 -586.887
v -1500.000 1600.000 -681.101
v -1300.000 1600.000 -494.855
v -1200.000 1600.000 -405.204
v -1100.000 1600.000 -318.154
v -1000.000 1600.000 -233.946
v -900.000 1600.000 -152.839
v -800.000 1600.000 -75.117
v -700.000 1600.000 -1.082
v -600.000 1600.000 0.000
v -500.000 1600.000 0.000
v -400.000 1600.000 0.000
v -300.000 1600.000 0.000
v -200.000 1600.000 0.000
v -100.000 1600.000 0.000
v 0.000 1600.000 0.000
v 100.000 1600.000 0.000
v 200.000 1600.000 0.000
v 300.000 1600.000 0.000
v 400.000 1600.000 0.000
v 500.000 1600.000 0.000
v 600.000 1600.000 0.000
v 700.000 1600.000 0.000
v 800.000 1600.000 0.000
v 900.000 1600.000 0.000
v 1000.000 1600.000 0.000
v 1100.000 1600.000 0.000
v 1200.000 1600.000 0.000
v 1300.000 1600.000 0.000
v 1400.000 1600.000 0.000
v 1500.000 1600.000 0.000
v 1600.000 1600.000 0.000
v 1700.000 1600.000 -1.082
v 1800.000 1600.000 -75.117
v 1900.000 1600.000 -152.839
v 2000.000 1600.000 -233.946
v 2100.000 1600.000 -318.154
v 2200.000 1600.000 -405.204
v 2300.000 1600.000 -494.855
v 2400.000 1600.000 -586.887
v 2500.000 1700.000 -763.406
v 2500.000 1600.000 -681.101
v -5600.000 1600.000 -769.203
v -5500.000 1500.000 -592.699
v -5600.000 1500.000 -678.490
v -5400.000 1500.000 -512.719
v -5300.000 1500.000 -439.582
v -5200.000 1500.000 -374.454
v -5100.000 1500.000 -318.607
v -5000.000 1500.000 -273.354
v -4900.000 1500.000 -239.943
v -4800.000 1500.000 -219.423
v -4700.000 1500.000 -212.500
v -4600.000 1500.000 -219.423
v -4500.000 1500.000 -236.549
v -4400.000 1500.000 -254.226
v -4300.000 1500.000 -271.904
v -4200.000 1500.000 -289.582
v -4100.000 1500.000 -307.259
v -4000.000 1500.000 -324.937
v -3900.000 1500.000 -342.615
v -3800.000 1500.000 -360.292
v -3700.000 1500.000 -377.970
v -3600.000 1500.000 -395.648
v -3500.000 1500.000 -413.325
v -3400.000 1500.000 -431.003
v -3300.000 1500.000 -448.681
v -3200.000 1500.000 -466.358
v -3100.000 1500.000 -484.036
v -3000.000 1500.000 -501.714
v -2900.000 1500.000 -519.391
v -2800.000 1500.000 -537.069
v -2700.000 1500.000 -554.747
v -2600.000 1500.000 -572.424
v -2500.000 1600.000 -713.846
v -2500.000 1500.000 -590.102
v -2400.000 1600.000 -731.523
v -2400.000 1500.000 -607.780
v -2300.000 1600.000 -749.201
v -2300.000 1500.000 -625.457
v -2200.000 1600.000 -766.879
v -2200.000 1500.000 -643.135
v -2100.000 1600.000 -784.556
v -2100.000 1500.000 -660.813
v -2000.000 1600.000 -802.234
v -2000.000 1500.000 -678.490
v -1900.000 1600.000 -819.912
v -1900.000 1500.000 -696.168
v -1600.000 1600.000 -777.314
v -1500.000 1500.000 -601.562
v -1600.000 1500.000 -700.095
v -1400.000 1500.000 -504.936
v -1300.000 1500.000 -410.399
v -1200.000 1500.000 -318.154
v -1100.000 1500.000 -228.427
v -1000.000 1500.000 -141.464
v -900.000 1500.000 -57.536
v -800.000 1500.000 0.000
v -700.000 1500.000 0.000
v -600.000 1500.000 0.000
v -500.000 1500.000 0.000
v -400.000 1500.000 0.000
v -300.000 1500.000 0.000
v -200.000 1500.000 0.000
v -100.000 1500.000 0.000
v 0.000 1500.000 0.000
v 100.000 1500.000 0.000
v 200.000 1500.000 0.000
v 300.000 1500.000 0.000
v 400.000 1500.000 0.000
v 500.000 1500.000 0.000
v 600.000 1500.000 0.000
v 700.000 1500.000 0.000
v 800.000 1500.000 0.000
v 900.000 1500.000 0.000
v 1000.000 1500.000 0.000
v 1100.000 1500.000 0.000
v 1200.000 1500.000 0.000
v 1300.000 1500.000 0.000
v 1400.000 1500.000 0.000
v 1500.000 1500.000 0.000
v 1600.000 1500.000 0.000
v 1700.000 1500.000 0.000
v 1800.000 1500.000 0.000
v 1900.000 1500.000 -57.536
v 2000.000 1500.000 -141.464
v 2100.000 1500.000 -228.427
v 2200.000 1500.000 -318.154
v 2300.000 1500.000 -410.399
v 2400.000 1500.000 -504.936
v 2500.000 1500.000 -601.562
v 2600.000 1600.000 -777.314
v 2600.000 1500.000 -700.095
v -5700.000 1500.000 -769.203
v -5600.000 1400.000 -592.699
v -5700.000 1400.000 -688.281
v -5500.000 1400.000 -501.714
v -5400.000 1400.000 -416.268
v -5300.000 1400.000 -337.500
v -5200.000 1400.000 -266.748
v -5100.000 1400.000 -205.534
v -5000.000 1400.000 -155.500
v -4900.000 1400.000 -118.276
v -4800.000 1400.000 -95.282
v -4700.000 1400.000 -87.500
v -4600.000 1400.000 -95.282
v -4500.000 1400.000 -112.805
v -4400.000 1400.000 -130.483
v -4300.000 1400.000 -148.160
v -4200.000 1400.000 -165.838
v -4100.000 1400.000 -183.516
v -4000.000 1400.000 -201.193
v -3900.000 1400.000 -218.871
v -3800.000 1400.000 -236.549
v -3700.000 1400.000 -254.226
v -3600.000 1400.000 -271.904
v -3500.000 1400.000 -289.582
v -3400.000 1400.000 -307.259
v -3300.000 1400.000 -324.937
v -3200.000 1400.000 -342.615
v -3100.000 1400.000 -360.292
v -3000.000 1400.000 -377.970
v -2900.000 1400.000 -395.648
v -2800.000 1400.000 -413.325
v -2700.000 1400.000 -431.003
v -2600.000 1400.000 -448.681
v -2500.000 1400.000 -466.358
v -2400.000 1400.000 -484.036
v -2300.000 1400.000 -501.714
v -2200.000 1400.000 -519.391
v -2100.000 1400.000 -537.069
v -2000.000 1400.000 -554.747
v -1900.000 1400.000 -572.424
v -1800.000 1500.000 -713.846
v -1800.000 1400.000 -590.102
v -1700.000 1500.000 -731.523
v -1700.000 1400.000 -607.780
v -1600.000 1400.000 -625.457
v -1500.000 1400.000 -525.000
v -1400.000 1400.000 -425.930
v -1300.000 1400.000 -328.844
v -1200.000 1400.000 -233.946
v -1100.000 1400.000 -141.464
v -1000.000 1400.000 -51.650
v -900.000 1400.000 0.000
v -800.000 1400.000 0.000
v -700.000 1400.000 0.000
v -600.000 1400.000 0.000
v -500.000 1400.000 0.000
v -400.000 1400.000 0.000
v -300.000 1400.000 0.000
v -200.000 1400.000 0.000
v -100.000 1400.000 0.000
v 0.000 1400.000 0.000
v 100.000 1400.000 0.000
v 200.000 1400.000 0.000
v 300.000 1400.000 0.000
v 400.000 1400.000 0.000
v 500.000 1400.000 0.000
v 600.000 1400.000 0.000
v 700.000 1400.000 0.000
v 800.000 1400.000 0.000
v 900.000 1400.000 0.000
v 1000.000 1400.000 0.000
v 1100.000 1400.000 0.000
v 1200.000 1400.000 0.000
v 1300.000 1400.000 0.000
v 1400.000 1400.000 0.000
v 1500.000 1400.000 0.000
v 1600.000 1400.000 0.000
v 1700.000 1400.000 0.000
v 1800.000 1400.000 0.000
v 1900.000 1400.000 0.000
v 2000.000 1400.000 -51.650
v 2100.000 1400.000 -141.464
v 2200.000 1400.000 -233.946
v 2300.000 1400.000 -328.844
v 2400.000 1400.000 -425.930
v 2500.000 1400.000 -525.000
v 2600.000 1400.000 -625.872
v 2700.000 1500.000 -800.368
v 2700.000 1400.000 -728.382
v -5800.000 1400.000 -787.684
v -5700.000 1300.000 -613.319
v -5800.000 1300.000 -717.301
v -5600.000 1300.000 -512.719
v -5500.000 1300.000 -416.268
v -5400.000 1300.000 -324.937
v -5300.000 1300.000 -239.943
v -5200.000 1300.000 -162.791
v -5100.000 1300.000 -95.282
v -5000.000 1300.000 -39.472
v -4900.000 1300.000 0.000
v -4800.000 1300.000 0.000
v -4700.000 1300.000 0.000
v -4600.000 1300.000 0.000
v -4500.000 1300.000 0.000
v -4400.000 1300.000 -6.739
v -4300.000 1300.000 -24.416
v -4200.000 1300.000 -42.094
v -4100.000 1300.000 -59.772
v -4000.000 1300.000 -77.449
v -3900.000 1300.000 -95.127
v -3800.000 1300.000 -112.805
v -3700.000 1300.000 -130.483
v -3600.000 1300.000 -148.160
v -3500.000 1300.000 -165.838
v -3400.000 1300.000 -183.516
v -3300.000 1300.000 -201.193
v -3200.000 1300.000 -218.871
v -3100.000 1300.000 -236.549
v -3000.000 1300.000 -254.226
v -2900.000 1300.000 -271.904
v -2800.000 1300.000 -289.582
v -2700.000 1300.000 -307.259
v -2600.000 1300.000 -324.937
v -2500.000 1300.000 -342.615
v -2400.000 1300.000 -360.292
v -2300.000 1300.000 -377.970
v -2200.000 1300.000 -395.648
v -2100.000 1300.000 -413.325
v -2000.000 1300.000 -431.003
v -1900.000 1300.000 -448.681
v -1800.000 1300.000 -466.358
v -1700.000 1300.000 -484.036
v -1600.000 1300.000 -501.714
v -1500.000 1300.000 -451.639
v -1400.000 1300.000 -350.106
v -1300.000 1300.000 -250.439
v -1200.000 1300.000 -152.839
v -1100.000 1300.000 -57.536
v -1000.000 1300.000 0.000
v -900.000 1300.000 0.000
v -800.000 1300.000 0.000
v -700.000 1300.000 0.000
v -600.000 1300.000 0.000
v -500.000 1300.000 0.000
v -400.000 1300.000 0.000
v -300.000 1300.000 0.000
v -200.000 1300.000 0.000
v -100.000 1300.000 0.000
v 0.000 1300.000 0.000
v 100.000 1300.000 0.000
v 200.000 1300.000 0.000
v 300.000 1300.000 0.000
v 400.000 1300.000 0.000
v 500.000 1300.000 0.000
v 600.000 1300.000 0.000
v 700.000 1300.000 0.000
v 800.000 1300.000 0.000
v 900.000 1300.000 0.000
v 1000.000 1300.000 0.000
v 1100.000 1300.000 0.000
v 1200.000 1300.000 0.000
v 1300.000 1300.000 0.000
v 1400.000 1300.000 0.000
v 1500.000 1300.000 0.000
v 1600.000 1300.000 0.000
v 1700.000 1300.000 0.000
v 1800.000 1300.000 0.000
v 1900.000 1300.000 0.000
v 2000.000 1300.000 0.000
v 2100.000 1300.000 -57.536
v 2200.000 1300.000 -152.839
v 2300.000 1300.000 -250.439
v 2400.000 1300.000 -350.106
v 2500.000 1300.000 -451.639
v 2600.000 1300.000 -554.857
v 2700.000 1300.000 -659.601
v 2800.000 1400.000 -832.383
v 2800.000 1300.000 -765.728
v -5900.000 1300.000 -824.055
v -5800.000 1200.000 -653.746
v -5900.000 1200.000 -764.551
v -5700.000 1200.000 -545.238
v -5600.000 1200.000 -439.582
v -5500.000 1200.000 -337.500
v -5400.000 1200.000 -239.943
v -5300.000 1200.000 -148.160
v -5200.000 1200.000 -63.781
v -5100.000 1200.000 0.000
v -5000.000 1200.000 0.000
v -4900.000 1200.000 0.000
v -4800.000 1200.000 0.000
v -4700.000 1200.000 0.000
v -4600.000 1200.000 0.000
v -4500.000 1200.000 0.000
v -4400.000 1200.000 0.000
v -4300.000 1200.000 0.000
v -4200.000 1200.000 0.000
v -4100.000 1200.000 0.000
v -4000.000 1200.000 0.000
v -3900.000 1200.000 0.000
v -3800.000 1200.000 0.000
v -3700.000 1200.000 -6.739
v -3600.000 1200.000 -24.416
v -3500.000 1200.000 -42.094
v -3400.000 1200.000 -59.772
v -3300.000 1200.000 -77.449
v -3200.000 1200.000 -95.127
v -3100.000 1200.000 -112.805
v -3000.000 1200.000 -130.483
v -2900.000 1200.000 -148.160
v -2800.000 1200.000 -165.838
v -2700.000 1200.000 -183.516
v -2600.000 1200.000 -201.193
v -2500.000 1200.000 -218.871
v -2400.000 1200.000 -236.549
v -2300.000 1200.000 -254.226
v -2200.000 1200.000 -271.904
v -2100.000 1200.000 -289.582
v -2000.000 1200.000 -307.259
v -1900.000 1200.000 -324.937
v -1800.000 1200.000 -342.615
v -1700.000 1200.000 -360.292
v -1600.000 1200.000 -377.970
v -1500.000 1200.000 -381.715
v -1400.000 1200.000 -277.716
v -1300.000 1200.000 -175.450
v -1200.000 1200.000 -75.117
v -1100.000 1200.000 0.000
v -1000.000 1200.000 0.000
v -900.000 1200.000 0.000
v -800.000 1200.000 0.000
v -700.000 1200.000 0.000
v -600.000 1200.000 0.000
v -500.000 1200.000 0.000
v -400.000 1200.000 0.000
v -300.000 1200.000 0.000
v -200.000 1200.000 0.000
v -100.000 1200.000 0.000
v 0.000 1200.000 0.000
v 100.000 1200.000 0.000
v 200.000 1200.000 0.000
v 300.000 1200.000 0.000
v 400.000 1200.000 0.000
v 500.000 1200.000 0.000
v 600.000 1200.000 0.000
v 700.000 1200.000 0.000
v 800.000 1200.000 0.000
v 900.000 1200.000 0.000
v 1000.000 1200.000 0.000
v 1100.000 1200.000 0.000
v 1200.000 1200.000 0.000
v 1300.000 1200.000 0.000
v 1400.000 1200.000 0.000
v 1500.000 1200.000 0.000
v 1600.000 1200.000 0.000
v 1700.000 1200.000 0.000
v 1800.000 1200.000 0.000
v 1900.000 1200.000 0.000
v 2000.000 1200.000 0.000
v 2100.000 1200.000 0.000
v 2200.000 1200.000 -75.117
v 2300.000 1200.000 -175.450
v 2400.000 1200.000 -277.716
v 2500.000 1200.000 -381.715
v 2600.000 1200.000 -487.272
v 2700.000 1200.000 -594.233
v 2800.000 1200.000 -702.461
v -5800.000 1100.000 -597.881
v -5900.000 1100.000 -712.500
v -5700.000 1100.000 -485.042
v -5600.000 1100.000 -374.454
v -5500.000 1100.000 -266.748
v -5400.000 1100.000 -162.791
v -5300.000 1100.000 -63.781
v -5200.000 1100.000 0.000
v -5100.000 1100.000 0.000
v -5000.000 1100.000 0.000
v -4900.000 1100.000 0.000
v -4800.000 1100.000 0.000
v -4700.000 1100.000 0.000
v -4600.000 1100.000 0.000
v -4500.000 1100.000 0.000
v -4400.000 1100.000 0.000
v -4300.000 1100.000 0.000
v -4200.000 1100.000 0.000
v -4100.000 1100.000 0.000
v -4000.000 1100.000 0.000
v -3900.000 1100.000 0.000
v -3800.000 1100.000 0.000
v -3700.000 1100.000 0.000
v -3600.000 1100.000 0.000
v -3500.000 1100.000 0.000
v -3400.000 1100.000 0.000
v -3300.000 1100.000 0.000
v -3200.000 1100.000 0.000
v -3100.000 1100.000 0.000
v -3000.000 1100.000 -6.739
v -2900.000 1100.000 -24.416
v -2800.000 1100.000 -42.094
v -2700.000 1100.000 -59.772
v -2600.000 1100.000 -77.449
v -2500.000 1100.000 -95.127
v -2400.000 1100.000 -112.805
v -2300.000 1100.000 -130.483
v -2200.000 1100.000 -148.160
v -2100.000 1100.000 -165.838
v -2000.000 1100.000 -183.516
v -1900.000 1100.000 -201.193
v -1800.000 1100.000 -218.871
v -1700.000 1100.000 -236.549
v -1600.000 1100.000 -254.226
v -1500.000 1100.000 -271.904
v -1400.000 1100.000 -209.026
v -1300.000 1100.000 -104.163
v -1200.000 1100.000 -1.082
v -1100.000 1100.000 0.000
v -1000.000 1100.000 0.000
v -900.000 1100.000 0.000
v -800.000 1100.000 0.000
v -700.000 1100.000 0.000
v -600.000 1100.000 0.000
v -500.000 1100.000 0.000
v -400.000 1100.000 0.000
v -300.000 1100.000 0.000
v -200.000 1100.000 0.000
v -100.000 1100.000 0.000
v 0.000 1100.000 0.000
v 100.000 1100.000 0.000
v 200.000 1100.000 0.000
v 300.000 1100.000 0.000
v 400.000 1100.000 0.000
v 500.000 1100.000 0.000
v 600.000 1100.000 0.000
v 700.000 1100.000 0.000
v 800.000 1100.000 0.000
v 900.000 1100.000 0.000
v 1000.000 1100.000 0.000
v 1100.000 1100.000 0.000
v 1200.000 1100.000 0.000
v 1300.000 1100.000 0.000
v 1400.000 1100.000 0.000
v 1500.000 1100.000 0.000
v 1600.000 1100.000 0.000
v 1700.000 1100.000 0.000
v 1800.000 1100.000 0.000
v 1900.000 1100.000 0.000
v 2000.000 1100.000 0.000
v 2100.000 1100.000 0.000
v 2200.000 1100.000 -1.082
v 2300.000 1100.000 -104.163
v 2400.000 1100.000 -209.026
v 2500.000 1100.000 -315.476
v 2600.000 1100.000 -423.347
v 2700.000 1100.000 -532.491
v 2800.000 1100.000 -642.780
v 2900.000 1200.000 -811.836
v 2900.000 1100.000 -754.102
v -6000.000 1100.000 -828.549
v -5900.000 1000.000 -668.639
v -6000.000 1000.000 -787.684
v -5800.000 1000.000 -550.587
v -5700.000 1000.000 -433.791
v -5600.000 1000.000 -318.607
v -5500.000 1000.000 -205.534
v -5400.000 1000.000 -95.282
v -5300.000 1000.000 0.000
v -5200.000 1000.000 0.000
v -5100.000 1000.000 0.000
v -5000.000 1000.000 0.000
v -4900.000 1000.000 0.000
v -4800.000 1000.000 0.000
v -4700.000 1000.000 0.000
v -4600.000 1000.000 0.000
v -4500.000 1000.000 0.000
v -4400.000 1000.000 0.000
v -4300.000 1000.000 0.000
v -4200.000 1000.000 0.000
v -4100.000 1000.000 0.000
v -4000.000 1000.000 0.000
v -3900.000 1000.000 0.000
v -3800.000 1000.000 0.000
v -3700.000 1000.000 0.000
v -3600.000 1000.000 0.000
v -3500.000 1000.000 0.000
v -3400.000 1000.000 0.000
v -3300.000 1000.000 0.000
v -3200.000 1000.000 0.000
v -3100.000 1000.000 0.000
v -3000.000 1000.000 0.000
v -2900.000 1000.000 0.000
v -2800.000 1000.000 0.000
v -2700.000 1000.000 0.000
v -2600.000 1000.000 0.000
v -2500.000 1000.000 0.000
v -2400.000 1000.000 0.000
v -2300.000 1000.000 -6.739
v -2200.000 1000.000 -24.416
v -2100.000 1000.000 -42.094
v -2000.000 1000.000 -59.772
v -1900.000 1000.000 -77.449
v -1800.000 1000.000 -95.127
v -1700.000 1000.000 -112.805
v -1600.000 1000.000 -130.483
v -1500.000 1000.000 -148.160
v -1400.000 1000.000 -144.312
v -1300.000 1000.000 -36.878
v -1200.000 1000.000 0.000
v -1100.000 1000.000 0.000
v -1000.000 1000.000 0.000
v -900.000 1000.000 0.000
v -800.000 1000.000 0.000
v -700.000 1000.000 0.000
v -600.000 1000.000 0.000
v -500.000 1000.000 0.000
v -400.000 1000.000 0.000
v -300.000 1000.000 0.000
v -200.000 1000.000 0.000
v -100.000 1000.000 0.000
v 0.000 1000.000 0.000
v 100.000 1000.000 0.000
v 200.000 1000.000 0.000
v 300.000 1000.000 0.000
v 400.000 1000.000 0.000
v 500.000 1000.000 0.000
v 600.000 1000.000 0.000
v 700.000 1000.000 0.000
v 800.000 1000.000 0.000
v 900.000 1000.000 0.000
v 1000.000 1000.000 0.000
v 1100.000 1000.000 0.000
v 1200.000 1000.000 0.000
v 1300.000 1000.000 0.000
v 1400.000 1000.000 0.000
v 1500.000 1000.000 0.000
v 1600.000 1000.000 0.000
v 1700.000 1000.000 0.000
v 1800.000 1000.000 0.000
v 1900.000 1000.000 0.000
v 2000.000 1000.000 0.000
v 2100.000 1000.000 0.000
v 2200.000 1000.000 0.000
v 2300.000 1000.000 -36.878
v 2400.000 1000.000 -144.312
v 2500.000 1000.000 -253.178
v 2600.000 1000.000 -363.317
v 2700.000 1000.000 -474.593
v 2800.000 1000.000 -586.887
v 2900.000 1000.000 -700.095
v -5900.000 900.000 -633.665
v -6000.000 900.000 -755.208
v -5800.000 900.000 -512.719
v -5700.000 900.000 -392.538
v -5600.000 900.000 -273.354
v -5500.000 900.000 -155.500
v -5400.000 900.000 -39.472
v -5300.000 900.000 0.000
v -5200.000 900.000 0.000
v -5100.000 900.000 0.000
v -5000.000 900.000 0.000
v -4900.000 900.000 0.000
v -4800.000 900.000 0.000
v -4700.000 900.000 0.000
v -4600.000 900.000 0.000
v -4500.000 900.000 0.000
v -4400.000 900.000 0.000
v -4300.000 900.000 0.000
v -4200.000 900.000 0.000
v -4100.000 900.000 0.000
v -4000.000 900.000 0.000
v -3900.000 900.000 0.000
v -3800.000 900.000 0.000
v -3700.000 900.000 0.000
v -3600.000 900.000 0.000
v -3500.000 900.000 0.000
v -3400.000 900.000 0.000
v -3300.000 900.000 0.000
v -3200.000 900.000 0.000
v -3100.000 900.000 0.000
v -3000.000 900.000 0.000
v -2900.000 900.000 0.000
v -2800.000 900.000 0.000
v -2700.000 900.000 0.000
v -2600.000 900.000 0.000
v -2500.000 900.000 0.000
v -2400.000 900.000 0.000
v -2300.000 900.000 0.000
v -2200.000 900.000 0.000
v -2100.000 900.000 0.000
v -2000.000 900.000 0.000
v -1900.000 900.000 0.000
v -1800.000 900.000 0.000
v -1700.000 900.000 0.000
v -1600.000 900.000 -6.739
v -1500.000 900.000 -24.416
v -1400.000 900.000 -42.094
v -1300.000 900.000 0.000
v -1200.000 900.000 0.000
v -1100.000 900.000 0.000
v -1000.000 900.000 0.000
v -900.000 900.000 0.000
v -800.000 900.000 0.000
v -700.000 900.000 0.000
v -600.000 900.000 0.000
v -500.000 900.000 0.000
v -400.000 900.000 0.000
v -300.000 900.000 0.000
v -200.000 900.000 0.000
v -100.000 900.000 0.000
v 0.000 900.000 0.000
v 100.000 900.000 0.000
v 200.000 900.000 0.000
v 300.000 900.000 0.000
v 400.000 900.000 0.000
v 500.000 900.000 0.000
v 600.000 900.000 0.000
v 700.000 900.000 0.000
v 800.000 900.000 0.000
v 900.000 900.000 0.000
v 1000.000 900.000 0.000
v 1100.000 900.000 0.000
v 1200.000 900.000 0.000
v 1300.000 900.000 0.000
v 1400.000 900.000 0.000
v 1500.000 900.000 0.000
v 1600.000 900.000 0.000
v 1700.000 900.000 0.000
v 1800.000 900.000 0.000
v 1900.000 900.000 0.000
v 2000.000 900.000 0.000
v 2100.000 900.000 0.000
v 2200.000 900.000 0.000
v 2300.000 900.000 0.000
v 2400.000 900.000 -83.864
v 2500.000 900.000 -195.085
v 2600.000 900.000 -307.426
v 2700.000 900.000 -420.761
v 2800.000 900.000 -534.984
v 2900.000 900.000 -650.000
v 3000.000 1000.000 -814.125
v 3000.000 900.000 -765.728
v -5900.000 800.000 -608.191
v -6000.000 800.000 -731.618
v -5800.000 800.000 -485.042
v -5700.000 800.000 -362.255
v -5600.000 800.000 -239.943
v -5500.000 800.000 -118.276
v -5400.000 800.000 0.000
v -5300.000 800.000 0.000
v -5200.000 800.000 0.000
v -5100.000 800.000 0.000
v -5000.000 800.000 0.000
v -4900.000 800.000 0.000
v -4800.000 800.000 0.000
v -4700.000 800.000 0.000
v -4600.000 800.000 0.000
v -4500.000 800.000 0.000
v -4400.000 800.000 0.000
v -4300.000 800.000 0.000
v -4200.000 800.000 0.000
v -4100.000 800.000 0.000
v -4000.000 800.000 0.000
v -3900.000 800.000 0.000
v -3800.000 800.000 0.000
v -3700.000 800.000 0.000
v -3600.000 800.000 0.000
v -3500.000 800.000 0.000
v -3400.000 800.000 0.000
v -3300.000 800.000 0.000
v -3200.000 800.000 0.000
v -3100.000 800.000 0.000
v -3000.000 800.000 0.000
v -2900.000 800.000 0.000
v -2800.000 800.000 0.000
v -2700.000 800.000 0.000
v -2600.000 800.000 0.000
v -2500.000 800.000 0.000
v -2400.000 800.000 0.000
v -2300.000 800.000 0.000
v -2200.000 800.000 0.000
v -2100.000 800.000 0.000
v -2000.000 800.000 0.000
v -1900.000 800.000 0.000
v -1800.000 800.000 0.000
v -1700.000 800.000 0.000
v -1600.000 800.000 0.000
v -1500.000 800.000 0.000
v -1400.000 800.000 0.000
v -1300.000 800.000 0.000
v -1200.000 800.000 0.000
v -1100.000 800.000 0.000
v -1000.000 800.000 0.000
v -900.000 800.000 0.000
v -800.000 800.000 0.000
v -700.000 800.000 0.000
v -600.000 800.000 0.000
v -500.000 800.000 0.000
v -400.000 800.000 0.000
v -300.000 800.000 0.000
v -200.000 800.000 0.000
v -100.000 800.000 0.000
v 0.000 800.000 0.000
v 100.000 800.000 0.000
v 200.000 800.000 0.000
v 300.000 800.000 0.000
v 400.000 800.000 0.000
v 500.000 800.000 0.000
v 600.000 800.000 0.000
v 700.000 800.000 0.000
v 800.000 800.000 0.000
v 900.000 800.000 0.000
v 1000.000 800.000 0.000
v 1100.000 800.000 0.000
v 1200.000 800.000 0.000
v 1300.000 800.000 0.000
v 1400.000 800.000 0.000
v 1500.000 800.000 0.000
v 1600.000 800.000 0.000
v 1700.000 800.000 0.000
v 1800.000 800.000 0.000
v 1900.000 800.000 0.000
v 2000.000 800.000 0.000
v 2100.000 800.000 0.000
v 2200.000 800.000 0.000
v 2300.000 800.000 0.000
v 2400.000 800.000 -27.975
v 2500.000 800.000 -141.464
v 2600.000 800.000 -255.915
v 2700.000 800.000 -371.216
v 2800.000 800.000 -487.272
v 2900.000 800.000 -604.001
v 3000.000 800.000 -721.333
v -5900.000 700.000 -592.699
v -6000.000 700.000 -717.301
v -5800.000 700.000 -468.170
v -5700.000 700.000 -343.734
v -5600.000 700.000 -219.423
v -5500.000 700.000 -95.282
v -5400.000 700.000 0.000
v -5300.000 700.000 0.000
v -5200.000 700.000 0.000
v -5100.000 700.000 0.000
v -5000.000 700.000 0.000
v -4900.000 700.000 0.000
v -4800.000 700.000 0.000
v -4700.000 700.000 0.000
v -4600.000 700.000 0.000
v -4500.000 700.000 0.000
v -4400.000 700.000 0.000
v -4300.000 700.000 0.000
v -4200.000 700.000 0.000
v -4100.000 700.000 0.000
v -4000.000 700.000 0.000
v -3900.000 700.000 0.000
v -3800.000 700.000 0.000
v -3700.000 700.000 0.000
v -3600.000 700.000 0.000
v -3500.000 700.000 0.000
v -3400.000 700.000 0.000
v -3300.000 700.000 0.000
v -3200.000 700.000 0.000
v -3100.000 700.000 0.000
v -3000.000 700.000 0.000
v -2900.000 700.000 0.000
v -2800.000 700.000 0.000
v -2700.000 700.000 0.000
v -2600.000 700.000 0.000
v -2500.000 700.000 0.000
v -2400.000 700.000 0.000
v -2300.000 700.000 0.000
v -2200.000 700.000 0.000
v -2100.000 700.000 0.000
v -2000.000 700.000 0.000
v -1900.000 700.000 0.000
v -1800.000 700.000 0.000
v -1700.000 700.000 0.000
v -1600.000 700.000 0.000
v -1500.000 700.000 0.000
v -1400.000 700.000 0.000
v -1300.000 700.000 0.000
v -1200.000 700.000 0.000
v -1100.000 700.000 0.000
v -1000.000 700.000 0.000
v -900.000 700.000 0.000
v -800.000 700.000 0.000
v -700.000 700.000 0.000
v -600.000 700.000 0.000
v -500.000 700.000 0.000
v -400.000 700.000 0.000
v -300.000 700.000 0.000
v -200.000 700.000 0.000
v -100.000 700.000 0.000
v 0.000 700.000 0.000
v 100.000 700.000 0.000
v 200.000 700.000 0.000
v 300.000 700.000 0.000
v 400.000 700.000 0.000
v 500.000 700.000 0.000
v 600.000 700.000 0.000
v 700.000 700.000 0.000
v 800.000 700.000 0.000
v 900.000 700.000 0.000
v 1000.000 700.000 0.000
v 1100.000 700.000 0.000
v 1200.000 700.000 0.000
v 1300.000 700.000 0.000
v 1400.000 700.000 0.000
v 1500.000 700.000 0.000
v 1600.000 700.000 0.000
v 1700.000 700.000 0.000
v 1800.000 700.000 0.000
v 1900.000 700.000 0.000
v 2000.000 700.000 0.000
v 2100.000 700.000 0.000
v 2200.000 700.000 0.000
v 2300.000 700.000 0.000
v 2400.000 700.000 0.000
v 2500.000 700.000 -92.582
v 2600.000 700.000 -209.026
v 2700.000 700.000 -326.175
v 2800.000 700.000 -443.949
v 2900.000 700.000 -562.278
v 3000.000 700.000 -681.101
v -5900.000 600.000 -587.500
v -6000.000 600.000 -712.500
v -5800.000 600.000 -462.500
v -5700.000 600.000 -337.500
v -5600.000 600.000 -212.500
v -5500.000 600.000 -87.500
v -5400.000 600.000 0.000
v -5300.000 600.000 0.000
v -5200.000 600.000 0.000
v -5100.000 600.000 0.000
v -5000.000 600.000 0.000
v -4900.000 600.000 0.000
v -4800.000 600.000 0.000
v -4700.000 600.000 0.000
v -4600.000 600.000 0.000
v -4500.000 600.000 0.000
v -4400.000 600.000 0.000
v -4300.000 600.000 0.000
v -4200.000 600.000 0.000
v -4100.000 600.000 0.000
v -4000.000 600.000 0.000
v -3900.000 600.000 0.000
v -3800.000 600.000 0.000
v -3700.000 600.000 0.000
v -3600.000 600.000 0.000
v -3500.000 600.000 0.000
v -3400.000 600.000 0.000
v -3300.000 600.000 0.000
v -3200.000 600.000 0.000
v -3100.000 600.000 0.000
v -3000.000 600.000 0.000
v -2900.000 600.000 0.000
v -2800.000 600.000 0.000
v -2700.000 600.000 0.000
v -2600.000 600.000 0.000
v -2500.000 600.000 0.000
v -2400.000 600.000 0.000
v -2300.000 600.000 0.000
v -2200.000 600.000 0.000
v -2100.000 600.000 0.000
v -2000.000 600.000 0.000
v -1900.000 600.000 0.000
v -1800.000 600.000 0.000
v -1700.000 600.000 0.000
v -1600.000 600.000 0.000
v -1500.000 600.000 0.000
v -1400.000 600.000 0.000
v -1300.000 600.000 0.000
v -1200.000 600.000 0.000
v -1100.000 600.000 0.000
v -1000.000 600.000 0.000
v -900.000 600.000 0.000
v -800.000 600.000 0.000
v -700.000 600.000 0.000
v -600.000 600.000 0.000
v -500.000 600.000 0.000
v -400.000 600.000 0.000
v -300.000 600.000 0.000
v -200.000 600.000 0.000
v -100.000 600.000 0.000
v 0.000 600.000 0.000
v 100.000 600.000 0.000
v 200.000 600.000 0.000
v 300.000 600.000 0.000
v 400.000 600.000 0.000
v 500.000 600.000 0.000
v 600.000 600.000 0.000
v 700.000 600.000 0.000
v 800.000 600.000 0.000
v 900.000 600.000 0.000
v 1000.000 600.000 0.000
v 1100.000 600.000 0.000
v 1200.000 600.000 0.000
v 1300.000 600.000 0.000
v 1400.000 600.000 0.000
v 1500.000 600.000 0.000
v 1600.000 600.000 0.000
v 1700.000 600.000 0.000
v 1800.000 600.000 0.000
v 1900.000 600.000 0.000
v 2000.000 600.000 0.000
v 2100.000 600.000 0.000
v 2200.000 600.000 0.000
v 2300.000 600.000 0.000
v 2400.000 600.000 0.000
v 2500.000 600.000 -48.703
v 2600.000 600.000 -166.993
v 2700.000 600.000 -285.849
v 2800.000 600.000 -405.204
v 2900.000 600.000 -525.000
v 3000.000 600.000 -645.189
v 3100.000 700.000 -800.368
v 3100.000 600.000 -765.728
v -5900.000 500.000 -592.699
v -6000.000 500.000 -717.301
v -5800.000 500.000 -468.170
v -5700.000 500.000 -343.734
v -5600.000 500.000 -219.423
v -5500.000 500.000 -95.282
v -5400.000 500.000 0.000
v -5300.000 500.000 0.000
v -5200.000 500.000 0.000
v -5100.000 500.000 0.000
v -5000.000 500.000 0.000
v -4900.000 500.000 0.000
v -4800.000 500.000 0.000
v -4700.000 500.000 0.000
v -4600.000 500.000 0.000
v -4500.000 500.000 0.000
v -4400.000 500.000 0.000
v -4300.000 500.000 0.000
v -4200.000 500.000 0.000
v -4100.000 500.000 0.000
v -4000.000 500.000 0.000
v -3900.000 500.000 0.000
v -3800.000 500.000 0.000
v -3700.000 500.000 0.000
v -3600.000 500.000 0.000
v -3500.000 500.000 0.000
v -3400.000 500.000 0.000
v -3300.000 500.000 0.000
v -3200.000 500.000 0.000
v -3100.000 500.000 0.000
v -3000.000 500.000 0.000
v -2900.000 500.000 0.000
v -2800.000 500.000 0.000
v -2700.000 500.000 0.000
v -2600.000 500.000 0.000
v -2500.000 500.000 0.000
v -2400.000 500.000 0.000
v -2300.000 500.000 0.000
v -2200.000 500.000 0.000
v -2100.000 500.000 0.000
v -2000.000 500.000 0.000
v -1900.000 500.000 0.000
v -1800.000 500.000 0.000
v -1700.000 500.000 0.000
v -1600.000 500.000 0.000
v -1500.000 500.000 0.000
v -1400.000 500.000 0.000
v -1300.000 500.000 0.000
v -1200.000 500.000 0.000
v -1100.000 500.000 0.000
v -1000.000 500.000 0.000
v -900.000 500.000 0.000
v -800.000 500.000 0.000
v -700.000 500.000 0.000
v -600.000 500.000 0.000
v -500.000 500.000 0.000
v -400.000 500.000 0.000
v -300.000 500.000 0.000
v -200.000 500.000 0.000
v -100.000 500.000 0.000
v 0.000 500.000 0.000
v 100.000 500.000 0.000
v 200.000 500.000 0.000
v 300.000 500.000 0.000
v 400.000 500.000 0.000
v 500.000 500.000 0.000
v 600.000 500.000 0.000
v 700.000 500.000 0.000
v 800.000 500.000 0.000
v 900.000 500.000 0.000
v 1000.000 500.000 0.000
v 1100.000 500.000 0.000
v 1200.000 500.000 0.000
v 1300.000 500.000 0.000
v 1400.000 500.000 0.000
v 1500.000 500.000 0.000
v 1600.000 500.000 0.000
v 1700.000 500.000 0.000
v 1800.000 500.000 0.000
v 1900.000 500.000 0.000
v 2000.000 500.000 0.000
v 2100.000 500.000 0.000
v 2200.000 500.000 0.000
v 2300.000 500.000 0.000
v 2400.000 500.000 0.000
v 2500.000 500.000 -10.077
v 2600.000 500.000 -130.041
v 2700.000 500.000 -250.439
v 2800.000 500.000 -371.216
v 2900.000 500.000 -492.329
v 3000.000 500.000 -613.740
v 3100.000 500.000 -735.416
v -5900.000 400.000 -608.191
v -6000.000 400.000 -731.618
v -5800.000 400.000 -485.042
v -5700.000 400.000 -362.255
v -5600.000 400.000 -239.943
v -5500.000 400.000 -118.276
v -5400.000 400.000 0.000
v -5300.000 400.000 0.000
v -5200.000 400.000 0.000
v -5100.000 400.000 0.000
v -5000.000 400.000 0.000
v -4900.000 400.000 0.000
v -4800.000 400.000 0.000
v -4700.000 400.000 0.000
v -4600.000 400.000 0.000
v -4500.000 400.000 0.000
v -4400.000 400.000 0.000
v -4300.000 400.000 0.000
v -4200.000 400.000 0.000
v -4100.000 400.000 0.000
v -4000.000 400.000 0.000
v -3900.000 400.000 0.000
v -3800.000 400.000 0.000
v -3700.000 400.000 0.000
v -3600.000 400.000 0.000
v -3500.000 400.000 0.000
v -3400.000 400.000 0.000
v -3300.000 400.000 0.000
v -3200.000 400.000 0.000
v -3100.000 400.000 0.000
v -3000.000 400.000 0.000
v -2900.000 400.000 0.000
v -2800.000 400.000 0.000
v -2700.000 400.000 0.000
v -2600.000 400.000 0.000
v -2500.000 400.000 0.000
v -2400.000 400.000 0.000
v -2300.000 400.000 0.000
v -2200.000 400.000 0.000
v -2100.000 400.000 0.000
v -2000.000 400.000 0.000
v -1900.000 400.000 0.000
v -1800.000 400.000 0.000
v -1700.000 400.000 0.000
v -1600.000 400.000 0.000
v -1500.000 400.000 0.000
v -1400.000 400.000 0.000
v -1300.000 400.000 0.000
v -1200.000 400.000 0.000
v -1100.000 400.000 0.000
v -1000.000 400.000 0.000
v -900.000 400.000 0.000
v -800.000 400.000 0.000
v -700.000 400.000 0.000
v -600.000 400.000 0.000
v -500.000 400.000 0.000
v -400.000 400.000 0.000
v -300.000 400.000 0.000
v -200.000 400.000 0.000
v -100.000 400.000 0.000
v 0.000 400.000 0.000
v 100.000 400.000 0.000
v 200.000 400.000 0.000
v 300.000 400.000 0.000
v 400.000 400.000 0.000
v 500.000 400.000 0.000
v 600.000 400.000 0.000
v 700.000 400.000 0.000
v 800.000 400.000 0.000
v 900.000 400.000 0.000
v 1000.000 400.000 0.000
v 1100.000 400.000 0.000
v 1200.000 400.000 0.000
v 1300.000 400.000 0.000
v 1400.000 400.000 0.000
v 1500.000 400.000 0.000
v 1600.000 400.000 0.000
v 1700.000 400.000 0.000
v 1800.000 400.000 0.000
v 1900.000 400.000 0.000
v 2000.000 400.000 0.000
v 2100.000 400.000 0.000
v 2200.000 400.000 0.000
v 2300.000 400.000 0.000
v 2400.000 400.000 0.000
v 2500.000 400.000 0.000
v 2600.000 400.000 -98.379
v 2700.000 400.000 -220.129
v 2800.000 400.000 -342.151
v 2900.000 400.000 -464.413
v 3000.000 400.000 -586.887
v 3100.000 400.000 -709.551
v -5900.000 300.000 -633.665
v -6000.000 300.000 -755.208
v -5800.000 300.000 -512.719
v -5700.000 300.000 -392.538
v -5600.000 300.000 -273.354
v -5500.000 300.000 -155.500
v -5400.000 300.000 -39.472
v -5300.000 300.000 0.000
v -5200.000 300.000 0.000
v -5100.000 300.000 0.000
v -5000.000 300.000 0.000
v -4900.000 300.000 0.000
v -4800.000 300.000 0.000
v -4700.000 300.000 0.000
v -4600.000 300.000 0.000
v -4500.000 300.000 0.000
v -4400.000 300.000 0.000
v -4300.000 300.000 0.000
v -4200.000 300.000 0.000
v -4100.000 300.000 0.000
v -4000.000 300.000 0.000
v -3900.000 300.000 0.000
v -3800.000 300.000 0.000
v -3700.000 300.000 0.000
v -3600.000 300.000 0.000
v -3500.000 300.000 0.000
v -3400.000 300.000 0.000
v -3300.000 300.000 0.000
v -3200.000 300.000 0.000
v -3100.000 300.000 0.000
v -3000.000 300.000 0.000
v -2900.000 300.000 0.000
v -2800.000 300.000 0.000
v -2700.000 300.000 0.000
v -2600.000 300.000 0.000
v -2500.000 300.000 0.000
v -2400.000 300.000 0.000
v -2300.000 300.000 0.000
v -2200.000 300.000 0.000
v -2100.000 300.000 0.000
v -2000.000 300.000 0.000
v -1900.000 300.000 0.000
v -1800.000 300.000 0.000
v -1700.000 300.000 0.000
v -1600.000 300.000 0.000
v -1500.000 300.000 0.000
v -1400.000 300.000 0.000
v -1300.000 300.000 0.000
v -1200.000 300.000 0.000
v -1100.000 300.000 0.000
v -1000.000 300.000 0.000
v -900.000 300.000 0.000
v -800.000 300.000 0.000
v -700.000 300.000 0.000
v -600.000 300.000 0.000
v -500.000 300.000 0.000
v -400.000 300.000 0.000
v -300.000 300.000 0.000
v -200.000 300.000 0.000
v -100.000 300.000 0.000
v 0.000 300.000 0.000
v 100.000 300.000 0.000
v 200.000 300.000 0.000
v 300.000 300.000 0.000
v 400.000 300.000 0.000
v 500.000 300.000 0.000
v 600.000 300.000 0.000
v 700.000 300.000 0.000
v 800.000 300.000 0.000
v 900.000 300.000 0.000
v 1000.000 300.000 0.000
v 1100.000 300.000 0.000
v 1200.000 300.000 0.000
v 1300.000 300.000 0.000
v 1400.000 300.000 0.000
v 1500.000 300.000 0.000
v 1600.000 300.000 0.000
v 1700.000 300.000 0.000
v 1800.000 300.000 0.000
v 1900.000 300.000 0.000
v 2000.000 300.000 0.000
v 2100.000 300.000 0.000
v 2200.000 300.000 0.000
v 2300.000 300.000 0.000
v 2400.000 300.000 0.000
v 2500.000 300.000 0.000
v 2600.000 300.000 -72.195
v 2700.000 300.000 -195.085
v 2800.000 300.000 -318.154
v 2900.000 300.000 -441.381
v 3000.000 300.000 -564.747
v 3100.000 300.000 -688.237
v -5900.000 200.000 -668.639
v -6000.000 200.000 -787.684
v -5800.000 200.000 -550.587
v -5700.000 200.000 -433.791
v -5600.000 200.000 -318.607
v -5500.000 200.000 -205.534
v -5400.000 200.000 -95.282
v -5300.000 200.000 0.000
v -5200.000 200.000 0.000
v -5100.000 200.000 0.000
v -5000.000 200.000 0.000
v -4900.000 200.000 0.000
v -4800.000 200.000 0.000
v -4700.000 200.000 0.000
v -4600.000 200.000 0.000
v -4500.000 200.000 0.000
v -4400.000 200.000 0.000
v -4300.000 200.000 0.000
v -4200.000 200.000 0.000
v -4100.000 200.000 0.000
v -4000.000 200.000 0.000
v -3900.000 200.000 0.000
v -3800.000 200.000 0.000
v -3700.000 200.000 0.000
v -3600.000 200.000 0.000
v -3500.000 200.000 0.000
v -3400.000 200.000 0.000
v -3300.000 200.000 0.000
v -3200.000 200.000 0.000
v -3100.000 200.000 0.000
v -3000.000 200.000 0.000
v -2900.000 200.000 0.000
v -2800.000 200.000 0.000
v -2700.000 200.000 0.000
v -2600.000 200.000 0.000
v -2500.000 200.000 0.000
v -2400.000 200.000 0.000
v -2300.000 200.000 0.000
v -2200.000 200.000 0.000
v -2100.000 200.000 0.000
v -2000.000 200.000 0.000
v -1900.000 200.000 0.000
v -1800.000 200.000 0.000
v -1700.000 200.000 0.000
v -1600.000 200.000 0.000
v -1500.000 200.000 0.000
v -1400.000 200.000 0.000
v -1300.000 200.000 0.000
v -1200.000 200.000 0.000
v -1100.000 200.000 0.000
v -1000.000 200.000 0.000
v -900.000 200.000 0.000
v -800.000 200.000 0.000
v -700.000 200.000 0.000
v -600.000 200.000 0.000
v -500.000 200.000 0.000
v -400.000 200.000 0.000
v -300.000 200.000 0.000
v -200.000 200.000 0.000
v -100.000 200.000 0.000
v 0.000 200.000 0.000
v 100.000 200.000 0.000
v 200.000 200.000 0.000
v 300.000 200.000 0.000
v 400.000 200.000 0.000
v 500.000 200.000 0.000
v 600.000 200.000 0.000
v 700.000 200.000 0.000
v 800.000 200.000 0.000
v 900.000 200.000 0.000
v 1000.000 200.000 0.000
v 1100.000 200.000 0.000
v 1200.000 200.000 0.000
v 1300.000 200.000 0.000
v 1400.000 200.000 0.000
v 1500.000 200.000 0.000
v 1600.000 200.000 0.000
v 1700.000 200.000 0.000
v 1800.000 200.000 0.000
v 1900.000 200.000 0.000
v 2000.000 200.000 0.000
v 2100.000 200.000 0.000
v 2200.000 200.000 0.000
v 2300.000 200.000 0.000
v 2400.000 200.000 0.000
v 2500.000 200.000 0.000
v 2600.000 200.000 -51.650
v 2700.000 200.000 -175.450
v 2800.000 200.000 -299.353
v 2900.000 200.000 -423.347
v 3000.000 200.000 -547.420
v 3100.000 200.000 -671.563
v 3200.000 300.000 -811.836
v 3200.000 200.000 -795.769
v -5900.000 100.000 -712.500
v -6000.000 100.000 -828.549
v -5800.000 100.000 -597.881
v -5700.000 100.000 -485.042
v -5600.000 100.000 -374.454
v -5500.000 100.000 -266.748
v -5400.000 100.000 -162.791
v -5300.000 100.000 -63.781
v -5200.000 100.000 0.000
v -5100.000 100.000 0.000
v -5000.000 100.000 0.000
v -4900.000 100.000 0.000
v -4800.000 100.000 0.000
v -4700.000 100.000 0.000
v -4600.000 100.000 0.000
v -4500.000 100.000 0.000
v -4400.000 100.000 0.000
v -4300.000 100.000 0.000
v -4200.000 100.000 0.000
v -4100.000 100.000 0.000
v -4000.000 100.000 0.000
v -3900.000 100.000 0.000
v -3800.000 100.000 0.000
v -3700.000 100.000 0.000
v -3600.000 100.000 0.000
v -3500.000 100.000 0.000
v -3400.000 100.000 0.000
v -3300.000 100.000 0.000
v -3200.000 100.000 0.000
v -3100.000 100.000 0.000
v -3000.000 100.000 0.000
v -2900.000 100.000 0.000
v -2800.000 100.000 0.000
v -2700.000 100.000 0.000
v -2600.000 100.000 0.000
v -2500.000 100.000 0.000
v -2400.000 100.000 0.000
v -2300.000 100.000 0.000
v -2200.000 100.000 0.000
v -2100.000 100.000 0.000
v -2000.000 100.000 0.000
v -1900.000 100.000 0.000
v -1800.000 100.000 0.000
v -1700.000 100.000 0.000
v -1600.000 100.000 0.000
v -1500.000 100.000 0.000
v -1400.000 100.000 0.000
v -1300.000 100.000 0.000
v -1200.000 100.000 0.000
v -1100.000 100.000 0.000
v -1000.000 100.000 0.000
v -900.000 100.000 0.000
v -800.000 100.000 0.000
v -700.000 100.000 0.000
v -600.000 100.000 0.000
v -500.000 100.000 0.000
v -400.000 100.000 0.000
v -300.000 100.000 0.000
v -200.000 100.000 0.000
v -100.000 100.000 0.000
v 0.000 100.000 0.000
v 100.000 100.000 0.000
v 200.000 100.000 0.000
v 300.000 100.000 0.000
v 400.000 100.000 0.000
v 500.000 100.000 0.000
v 600.000 100.000 0.000
v 700.000 100.000 0.000
v 800.000 100.000 0.000
v 900.000 100.000 0.000
v 1000.000 100.000 0.000
v 1100.000 100.000 0.000
v 1200.000 100.000 0.000
v 1300.000 100.000 0.000
v 1400.000 100.000 0.000
v 1500.000 100.000 0.000
v 1600.000 100.000 0.000
v 1700.000 100.000 0.000
v 1800.000 100.000 0.000
v 1900.000 100.000 0.000
v 2000.000 100.000 0.000
v 2100.000 100.000 0.000
v 2200.000 100.000 0.000
v 2300.000 100.000 0.000
v 2400.000 100.000 0.000
v 2500.000 100.000 0.000
v 2600.000 100.000 -36.878
v 2700.000 100.000 -161.340
v 2800.000 100.000 -285.849
v 2900.000 100.000 -410.399
v 3000.000 100.000 -534.984
v 3100.000 100.000 -659.601
v 3200.000 100.000 -784.247
v -5800.000 -0.000 -653.746
v -5900.000 -0.000 -764.551
v -5700.000 -0.000 -545.238
v -5600.000 -0.000 -439.582
v -5500.000 -0.000 -337.500
v -5400.000 -0.000 -239.943
v -5300.000 -0.000 -148.160
v -5200.000 -0.000 -63.781
v -5100.000 -0.000 0.000
v -5000.000 -0.000 0.000
v -4900.000 -0.000 0.000
v -4800.000 -0.000 0.000
v -4700.000 -0.000 0.000
v -4600.000 -0.000 0.000
v -4500.000 -0.000 0.000
v -4400.000 -0.000 0.000
v -4300.000 -0.000 0.000
v -4200.000 -0.000 0.000
v -4100.000 -0.000 0.000
v -4000.000 -0.000 0.000
v -3900.000 -0.000 0.000
v -3800.000 -0.000 0.000
v -3700.000 -0.000 0.000
v -3600.000 -0.000 0.000
v -3500.000 -0.000 0.000
v -3400.000 -0.000 0.000
v -3300.000 -0.000 0.000
v -3200.000 -0.000 0.000
v -3100.000 -0.000 0.000
v -3000.000 -0.000 0.000
v -2900.000 -0.000 0.000
v -2800.000 -0.000 0.000
v -2700.000 -0.000 0.000
v -2600.000 -0.000 0.000
v -2500.000 -0.000 0.000
v -2400.000 -0.000 0.000
v -2300.000 -0.000 0.000
v -2200.000 -0.000 0.000
v -2100.000 -0.000 0.000
v -2000.000 -0.000 0.000
v -1900.000 -0.000 0.000
v -1800.000 -0.000 0.000
v -1700.000 -0.000 0.000
v -1600.000 -0.000 0.000
v -1500.000 -0.000 0.000
v -1400.000 -0.000 0.000
v -1300.000 -0.000 0.000
v -1200.000 -0.000 0.000
v -1100.000 -0.000 0.000
v -1000.000 -0.000 0.000
v -900.000 -0.000 0.000
v -800.000 -0.000 0.000
v -700.000 -0.000 0.000
v -600.000 -0.000 0.000
v -500.000 -0.000 0.000
v -400.000 -0.000 0.000
v -300.000 -0.000 0.000
v -200.000 -0.000 0.000
v -100.000 -0.000 0.000
v 0.000 -0.000 0.000
v 100.000 -0.000 0.000
v 200.000 -0.000 0.000
v 300.000 -0.000 0.000
v 400.000 -0.000 0.000
v 500.000 -0.000 0.000
v 600.000 -0.000 0.000
v 700.000 -0.000 0.000
v 800.000 -0.000 0.000
v 900.000 -0.000 0.000
v 1000.000 -0.000 0.000
v 1100.000 -0.000 0.000
v 1200.000 -0.000 0.000
v 1300.000 -0.000 0.000
v 1400.000 -0.000 0.000
v 1500.000 -0.000 0.000
v 1600.000 -0.000 0.000
v 1700.000 -0.000 0.000
v 1800.000 -0.000 0.000
v 1900.000 -0.000 0.000
v 2000.000 -0.000 0.000
v 2100.000 -0.000 0.000
v 2200.000 -0.000 0.000
v 2300.000 -0.000 0.000
v 2400.000 -0.000 0.000
v 2500.000 -0.000 0.000
v 2600.000 -0.000 -27.975
v 2700.000 -0.000 -152.839
v 2800.000 -0.000 -277.716
v 2900.000 -0.000 -402.603
v 3000.000 -0.000 -527.499
v 3100.000 -0.000 -652.403
v 3200.000 -0.000 -777.314
v -5800.000 -100.000 -717.301
v -5900.000 -100.000 -824.055
v -5700.000 -100.000 -613.319
v -5600.000 -100.000 -512.719
v -5500.000 -100.000 -416.268
v -5400.000 -100.000 -324.937
v -5300.000 -100.000 -239.943
v -5200.000 -100.000 -162.791
v -5100.000 -100.000 -95.282
v -5000.000 -100.000 -39.472
v -4900.000 -100.000 0.000
v -4800.000 -100.000 0.000
v -4700.000 -100.000 0.000
v -4600.000 -100.000 0.000
v -4500.000 -100.000 0.000
v -4400.000 -100.000 0.000
v -4300.000 -100.000 0.000
v -4200.000 -100.000 0.000
v -4100.000 -100.000 0.000
v -4000.000 -100.000 0.000
v -3900.000 -100.000 0.000
v -3800.000 -100.000 0.000
v -3700.000 -100.000 0.000
v -3600.000 -100.000 0.000
v -3500.000 -100.000 0.000
v -3400.000 -100.000 0.000
v -3300.000 -100.000 0.000
v -3200.000 -100.000 0.000
v -3100.000 -100.000 0.000
v -3000.000 -100.000 0.000
v -2900.000 -100.000 0.000
v -2800.000 -100.000 0.000
v -2700.000 -100.000 0.000
v -2600.000 -100.000 0.000
v -2500.000 -100.000 0.000
v -2400.000 -100.000 0.000
v -2300.000 -100.000 0.000
v -2200.000 -100.000 0.000
v -2100.000 -100.000 0.000
v -2000.000 -100.000 0.000
v -1900.000 -100.000 0.000
v -1800.000 -100.000 0.000
v -1700.000 -100.000 0.000
v -1600.000 -100.000 0.000
v -1500.000 -100.000 0.000
v -1400.000 -100.000 0.000
v -1300.000 -100.000 0.000
v -1200.000 -100.000 0.000
v -1100.000 -100.000 0.000
v -1000.000 -100.000 0.000
v -900.000 -100.000 0.000
v -800.000 -100.000 0.000
v -700.000 -100.000 0.000
v -600.000 -100.000 0.000
v -500.000 -100.000 0.000
v -400.000 -100.000 0.000
v -300.000 -100.000 0.000
v -200.000 -100.000 0.000
v -100.000 -100.000 0.000
v 0.000 -100.000 0.000
v 100.000 -100.000 0.000
v 200.000 -100.000 0.000
v 300.000 -100.000 0.000
v 400.000 -100.000 0.000
v 500.000 -100.000 0.000
v 600.000 -100.000 0.000
v 700.000 -100.000 0.000
v 800.000 -100.000 0.000
v 900.000 -100.000 0.000
v 1000.000 -100.000 0.000
v 1100.000 -100.000 0.000
v 1200.000 -100.000 0.000
v 1300.000 -100.000 0.000
v 1400.000 -100.000 0.000
v 1500.000 -100.000 0.000
v 1600.000 -100.000 0.000
v 1700.000 -100.000 0.000
v 1800.000 -100.000 0.000
v 1900.000 -100.000 0.000
v 2000.000 -100.000 0.000
v 2100.000 -100.000 0.000
v 2200.000 -100.000 0.000
v 2300.000 -100.000 0.000
v 2400.000 -100.000 0.000
v 2500.000 -100.000 0.000
v 2600.000 -100.000 -25.000
v 2700.000 -100.000 -150.000
v 2800.000 -100.000 -275.000
v 2900.000 -100.000 -400.000
v 3000.000 -100.000 -525.000
v 3100.000 -100.000 -650.000
v 3200.000 -100.000 -775.000
v -5700.000 -200.000 -688.281
v -5800.000 -200.000 -787.684
v -5600.000 -200.000 -592.699
v -5500.000 -200.000 -501.714
v -5400.000 -200.000 -416.268
v -5300.000 -200.000 -337.500
v -5200.000 -200.000 -266.748
v -5100.000 -200.000 -205.534
v -5000.000 -200.000 -155.500
v -4900.000 -200.000 -118.276
v -4800.000 -200.000 -95.127
v -4700.000 -200.000 -77.449
v -4600.000 -200.000 -59.772
v -4500.000 -200.000 -42.094
v -4400.000 -200.000 -24.416
v -4300.000 -200.000 -6.739
v -4200.000 -200.000 0.000
v -4100.000 -200.000 0.000
v -4000.000 -200.000 0.000
v -3900.000 -200.000 0.000
v -3800.000 -200.000 0.000
v -3700.000 -200.000 0.000
v -3600.000 -200.000 0.000
v -3500.000 -200.000 0.000
v -3400.000 -200.000 0.000
v -3300.000 -200.000 0.000
v -3200.000 -200.000 0.000
v -3100.000 -200.000 0.000
v -3000.000 -200.000 0.000
v -2900.000 -200.000 0.000
v -2800.000 -200.000 0.000
v -2700.000 -200.000 0.000
v -2600.000 -200.000 0.000
v -2500.000 -200.000 0.000
v -2400.000 -200.000 0.000
v -2300.000 -200.000 0.000
v -2200.000 -200.000 0.000
v -2100.000 -200.000 0.000
v -2000.000 -200.000 0.000
v -1900.000 -200.000 0.000
v -1800.000 -200.000 0.000
v -1700.000 -200.000 0.000
v -1600.000 -200.000 0.000
v -1500.000 -200.000 0.000
v -1400.000 -200.000 0.000
v -1300.000 -200.000 0.000
v -1200.000 -200.000 0.000
v -1100.000 -200.000 0.000
v -1000.000 -200.000 0.000
v -900.000 -200.000 0.000
v -800.000 -200.000 0.000
v -700.000 -200.000 0.000
v -600.000 -200.000 0.000
v -500.000 -200.000 0.000
v -400.000 -200.000 0.000
v -300.000 -200.000 0.000
v -200.000 -200.000 0.000
v -100.000 -200.000 0.000
v 0.000 -200.000 0.000
v 100.000 -200.000 0.000
v 200.000 -200.000 0.000
v 300.000 -200.000 0.000
v 400.000 -200.000 0.000
v 500.000 -200.000 0.000
v 600.000 -200.000 0.000
v 700.000 -200.000 0.000
v 800.000 -200.000 0.000
v 900.000 -200.000 0.000
v 1000.000 -200.000 0.000
v 1100.000 -200.000 0.000
v 1200.000 -200.000 0.000
v 1300.000 -200.000 0.000
v 1400.000 -200.000 0.000
v 1500.000 -200.000 0.000
v 1600.000 -200.000 0.000
v 1700.000 -200.000 0.000
v 1800.000 -200.000 0.000
v 1900.000 -200.000 0.000
v 2000.000 -200.000 0.000
v 2100.000 -200.000 0.000
v 2200.000 -200.000 0.000
v 2300.000 -200.000 0.000
v 2400.000 -200.000 0.000
v 2500.000 -200.000 0.000
v 2600.000 -200.000 -27.975
v 2700.000 -200.000 -152.839
v 2800.000 -200.000 -277.716
v 2900.000 -200.000 -402.603
v 3000.000 -200.000 -527.499
v 3100.000 -200.000 -652.403
v 3200.000 -200.000 -777.314
v -5600.000 -300.000 -678.490
v -5700.000 -300.000 -769.203
v -5500.000 -300.000 -592.699
v -5400.000 -300.000 -512.719
v -5300.000 -300.000 -439.582
v -5200.000 -300.000 -374.454
v -5100.000 -300.000 -318.607
v -5000.000 -300.000 -273.354
v -4900.000 -300.000 -239.943
v -4800.000 -300.000 -218.871
v -4700.000 -300.000 -201.193
v -4600.000 -300.000 -183.516
v -4500.000 -300.000 -165.838
v -4400.000 -300.000 -148.160
v -4300.000 -300.000 -130.483
v -4200.000 -300.000 -112.805
v -4100.000 -300.000 -95.127
v -4000.000 -300.000 -77.449
v -3900.000 -300.000 -59.772
v -3800.000 -300.000 -42.094
v -3700.000 -300.000 -24.416
v -3600.000 -300.000 -6.739
v -3500.000 -300.000 0.000
v -3400.000 -300.000 0.000
v -3300.000 -300.000 0.000
v -3200.000 -300.000 0.000
v -3100.000 -300.000 0.000
v -3000.000 -300.000 0.000
v -2900.000 -300.000 0.000
v -2800.000 -300.000 0.000
v -2700.000 -300.000 0.000
v -2600.000 -300.000 0.000
v -2500.000 -300.000 0.000
v -2400.000 -300.000 0.000
v -2300.000 -300.000 0.000
v -2200.000 -300.000 0.000
v -2100.000 -300.000 0.000
v -2000.000 -300.000 0.000
v -1900.000 -300.000 0.000
v -1800.000 -300.000 0.000
v -1700.000 -300.000 0.000
v -1600.000 -300.000 0.000
v -1500.000 -300.000 0.000
v -1400.000 -300.000 0.000
v -1300.000 -300.000 0.000
v -1200.000 -300.000 0.000
v -1100.000 -300.000 0.000
v -1000.000 -300.000 0.000
v -900.000 -300.000 0.000
v -800.000 -300.000 0.000
v -700.000 -300.000 0.000
v -600.000 -300.000 0.000
v -500.000 -300.000 0.000
v -400.000 -300.000 0.000
v -300.000 -300.000 0.000
v -200.000 -300.000 0.000
v -100.000 -300.000 0.000
v 0.000 -300.000 0.000
v 100.000 -300.000 0.000
v 200.000 -300.000 0.000
v 300.000 -300.000 0.000
v 400.000 -300.000 0.000
v 500.000 -300.000 0.000
v 600.000 -300.000 0.000
v 700.000 -300.000 0.000
v 800.000 -300.000 0.000
v 900.000 -300.000 0.000
v 1000.000 -300.000 0.000
v 1100.000 -300.000 0.000
v 1200.000 -300.000 0.000
v 1300.000 -300.000 0.000
v 1400.000 -300.000 0.000
v 1500.000 -300.000 0.000
v 1600.000 -300.000 0.000
v 1700.000 -300.000 0.000
v 1800.000 -300.000 0.000
v 1900.000 -300.000 0.000
v 2000.000 -300.000 0.000
v 2100.000 -300.000 0.000
v 2200.000 -300.000 0.000
v 2300.000 -300.000 0.000
v 2400.000 -300.000 0.000
v 2500.000 -300.000 0.000
v 2600.000 -300.000 -36.878
v 2700.000 -300.000 -161.340
v 2800.000 -300.000 -285.849
v 2900.000 -300.000 -410.399
v 3000.000 -300.000 -534.984
v 3100.000 -300.000 -659.601
v 3200.000 -300.000 -784.247
v -5500.000 -400.000 -688.281
v -5600.000 -400.000 -769.203
v -5400.000 -400.000 -613.319
v -5300.000 -400.000 -545.238
v -5200.000 -400.000 -485.042
v -5100.000 -400.000 -433.791
v -5000.000 -400.000 -392.538
v -4900.000 -400.000 -362.255
v -4800.000 -400.000 -342.615
v -4700.000 -400.000 -324.937
v -4600.000 -400.000 -307.259
v -4500.000 -400.000 -289.582
v -4400.000 -400.000 -271.904
v -4300.000 -400.000 -254.226
v -4200.000 -400.000 -236.549
v -4100.000 -400.000 -218.871
v -4000.000 -400.000 -201.193
v -3900.000 -400.000 -183.516
v -3800.000 -400.000 -165.838
v -3700.000 -400.000 -148.160
v -3600.000 -400.000 -130.483
v -3500.000 -400.000 -112.805
v -3400.000 -400.000 -95.127
v -3300.000 -400.000 -77.449
v -3200.000 -400.000 -59.772
v -3100.000 -400.000 -42.094
v -3000.000 -400.000 -24.416
v -2900.000 -400.000 -6.739
v -2800.000 -400.000 0.000
v -2700.000 -400.000 0.000
v -2600.000 -400.000 0.000
v -2500.000 -400.000 0.000
v -2400.000 -400.000 0.000
v -2300.000 -400.000 0.000
v -2200.000 -400.000 0.000
v -2100.000 -400.000 0.000
v -2000.000 -400.000 0.000
v -1900.000 -400.000 0.000
v -1800.000 -400.000 0.000
v -1700.000 -400.000 0.000
v -1600.000 -400.000 0.000
v -1500.000 -400.000 0.000
v -1400.000 -400.000 0.000
v -1300.000 -400.000 0.000
v -1200.000 -400.000 0.000
v -1100.000 -400.000 0.000
v -1000.000 -400.000 0.000
v -900.000 -400.000 0.000
v -800.000 -400.000 0.000
v -700.000 -400.000 0.000
v -600.000 -400.000 0.000
v -500.000 -400.000 0.000
v -400.000 -400.000 0.000
v -300.000 -400.000 0.000
v -200.000 -400.000 0.000
v -100.000 -400.000 0.000
v 0.000 -400.000 0.000
v 100.000 -400.000 0.000
v 200.000 -400.000 0.000
v 300.000 -400.000 0.000
v 400.000 -400.000 0.000
v 500.000 -400.000 0.000
v 600.000 -400.000 0.000
v 700.000 -400.000 0.000
v 800.000 -400.000 0.000
v 900.000 -400.000 0.000
v 1000.000 -400.000 0.000
v 1100.000 -400.000 0.000
v 1200.000 -400.000 0.000
v 1300.000 -400.000 0.000
v 1400.000 -400.000 0.000
v 1500.000 -400.000 0.000
v 1600.000 -400.000 0.000
v 1700.000 -400.000 0.000
v 1800.000 -400.000 0.000
v 1900.000 -400.000 0.000
v 2000.000 -400.000 0.000
v 2100.000 -400.000 0.000
v 2200.000 -400.000 0.000
v 2300.000 -400.000 0.000
v 2400.000 -400.000 0.000
v 2500.000 -400.000 0.000
v 2600.000 -400.000 -51.650
v 2700.000 -400.000 -175.450
v 2800.000 -400.000 -299.353
v 2900.000 -400.000 -423.347
v 3000.000 -400.000 -547.420
v 3100.000 -400.000 -671.563
v 3200.000 -400.000 -795.769
v -5400.000 -500.000 -717.301
v -5500.000 -500.000 -787.684
v -5300.000 -500.000 -653.746
v -5200.000 -500.000 -597.881
v -5100.000 -500.000 -550.587
v -5000.000 -500.000 -512.719
v -4900.000 -500.000 -485.042
v -4800.000 -500.000 -466.358
v -4700.000 -500.000 -448.681
v -4600.000 -500.000 -431.003
v -4500.000 -500.000 -413.325
v -4400.000 -500.000 -395.648
v -4300.000 -500.000 -377.970
v -4200.000 -500.000 -360.292
v -4100.000 -500.000 -342.615
v -4000.000 -500.000 -324.937
v -3900.000 -500.000 -307.259
v -3800.000 -500.000 -289.582
v -3700.000 -500.000 -271.904
v -3600.000 -500.000 -254.226
v -3500.000 -500.000 -236.549
v -3400.000 -500.000 -218.871
v -3300.000 -500.000 -201.193
v -3200.000 -500.000 -183.516
v -3100.000 -500.000 -165.838
v -3000.000 -500.000 -148.160
v -2900.000 -500.000 -130.483
v -2800.000 -500.000 -112.805
v -2700.000 -500.000 -95.127
v -2600.000 -500.000 -77.449
v -2500.000 -500.000 -59.772
v -2400.000 -500.000 -42.094
v -2300.000 -500.000 -24.416
v -2200.000 -500.000 -6.739
v -2100.000 -500.000 0.000
v -2000.000 -500.000 0.000
v -1900.000 -500.000 0.000
v -1800.000 -500.000 0.000
v -1700.000 -500.000 0.000
v -1600.000 -500.000 0.000
v -1500.000 -500.000 0.000
v -1400.000 -500.000 0.000
v -1300.000 -500.000 0.000
v -1200.000 -500.000 0.000
v -1100.000 -500.000 0.000
v -1000.000 -500.000 0.000
v -900.000 -500.000 0.000
v -800.000 -500.000 0.000
v -700.000 -500.000 0.000
v -600.000 -500.000 0.000
v -500.000 -500.000 0.000
v -400.000 -500.000 0.000
v -300.000 -500.000 0.000
v -200.000 -500.000 0.000
v -100.000 -500.000 0.000
v 0.000 -500.000 0.000
v 100.000 -500.000 0.000
v 200.000 -500.000 0.000
v 300.000 -500.000 0.000
v 400.000 -500.000 0.000
v 500.000 -500.000 0.000
v 600.000 -500.000 0.000
v 700.000 -500.000 0.000
v 800.000 -500.000 0.000
v 900.000 -500.000 0.000
v 1000.000 -500.000 0.000
v 1100.000 -500.000 0.000
v 1200.000 -500.000 0.000
v 1300.000 -500.000 0.000
v 1400.000 -500.000 0.000
v 1500.000 -500.000 0.000
v 1600.000 -500.000 0.000
v 1700.000 -500.000 0.000
v 1800.000 -500.000 0.000
v 1900.000 -500.000 0.000
v 2000.000 -500.000 0.000
v 2100.000 -500.000 0.000
v 2200.000 -500.000 0.000
v 2300.000 -500.000 0.000
v 2400.000 -500.000 0.000
v 2500.000 -500.000 0.000
v 2600.000 -500.000 -72.195
v 2700.000 -500.000 -195.085
v 2800.000 -500.000 -318.154
v 2900.000 -500.000 -441.381
v 3000.000 -500.000 -564.747
v 3100.000 -500.000 -688.237
v 3200.000 -500.000 -811.836
v -5300.000 -600.000 -764.551
v -5400.000 -600.000 -824.055
v -5200.000 -600.000 -712.500
v -5100.000 -600.000 -668.639
v -5000.000 -600.000 -633.665
v -4900.000 -600.000 -608.191
v -4800.000 -600.000 -590.102
v -4700.000 -600.000 -572.424
v -4600.000 -600.000 -554.747
v -4500.000 -600.000 -537.069
v -4400.000 -600.000 -519.391
v -4300.000 -600.000 -501.714
v -4200.000 -600.000 -484.036
v -4100.000 -600.000 -466.358
v -4000.000 -600.000 -448.681
v -3900.000 -600.000 -431.003
v -3800.000 -600.000 -413.325
v -3700.000 -600.000 -395.648
v -3600.000 -600.000 -377.970
v -3500.000 -600.000 -360.292
v -3400.000 -600.000 -342.615
v -3300.000 -600.000 -324.937
v -3200.000 -600.000 -307.259
v -3100.000 -600.000 -289.582
v -3000.000 -600.000 -271.904
v -2900.000 -600.000 -254.226
v -2800.000 -600.000 -236.549
v -2700.000 -600.000 -218.871
v -2600.000 -600.000 -201.193
v -2500.000 -600.000 -173.556
v -2400.000 -600.000 -109.244
v -2300.000 -600.000 -44.932
v -2200.000 -600.000 0.000
v -2100.000 -600.000 0.000
v -2000.000 -600.000 0.000
v -1900.000 -600.000 0.000
v -1800.000 -600.000 0.000
v -1700.000 -600.000 0.000
v -1600.000 -600.000 0.000
v -1500.000 -600.000 0.000
v -1400.000 -600.000 0.000
v -1300.000 -600.000 0.000
v -1200.000 -600.000 0.000
v -1100.000 -600.000 0.000
v -1000.000 -600.000 0.000
v -900.000 -600.000 0.000
v -800.000 -600.000 0.000
v -700.000 -600.000 0.000
v -600.000 -600.000 0.000
v -500.000 -600.000 0.000
v -400.000 -600.000 0.000
v -300.000 -600.000 0.000
v -200.000 -600.000 0.000
v -100.000 -600.000 0.000
v 0.000 -600.000 0.000
v 100.000 -600.000 0.000
v 200.000 -600.000 0.000
v 300.000 -600.000 0.000
v 400.000 -600.000 0.000
v 500.000 -600.000 0.000
v 600.000 -600.000 0.000
v 700.000 -600.000 0.000
v 800.000 -600.000 0.000
v 900.000 -600.000 0.000
v 1000.000 -600.000 0.000
v 1100.000 -600.000 0.000
v 1200.000 -600.000 0.000
v 1300.000 -600.000 0.000
v 1400.000 -600.000 0.000
v 1500.000 -600.000 0.000
v 1600.000 -600.000 0.000
v 1700.000 -600.000 0.000
v 1800.000 -600.000 0.000
v 1900.000 -600.000 0.000
v 2000.000 -600.000 0.000
v 2100.000 -600.000 0.000
v 2200.000 -600.000 0.000
v 2300.000 -600.000 0.000
v 2400.000 -600.000 0.000
v 2500.000 -600.000 0.000
v 2600.000 -600.000 -98.379
v 2700.000 -600.000 -220.129
v 2800.000 -600.000 -342.151
v 2900.000 -600.000 -464.413
v 3000.000 -600.000 -586.887
v 3100.000 -600.000 -709.551
v -5100.000 -700.000 -787.684
v -5200.000 -700.000 -828.549
v -5000.000 -700.000 -755.208
v -4900.000 -700.000 -731.618
v -4800.000 -700.000 -713.846
v -4700.000 -700.000 -696.168
v -4600.000 -700.000 -678.490
v -4500.000 -700.000 -660.813
v -4400.000 -700.000 -643.135
v -4300.000 -700.000 -625.457
v -4200.000 -700.000 -607.780
v -4100.000 -700.000 -590.102
v -4000.000 -700.000 -572.424
v -3900.000 -700.000 -554.747
v -3800.000 -700.000 -537.069
v -3700.000 -700.000 -519.391
v -3600.000 -700.000 -501.714
v -3500.000 -700.000 -484.036
v -3400.000 -700.000 -466.358
v -3300.000 -700.000 -448.681
v -3200.000 -700.000 -431.003
v -3100.000 -700.000 -413.325
v -3000.000 -700.000 -387.929
v -2900.000 -700.000 -323.617
v -2800.000 -700.000 -259.305
v -2700.000 -700.000 -194.993
v -2600.000 -700.000 -130.681
v -2500.000 -700.000 -66.369
v -2400.000 -700.000 -2.057
v -2300.000 -700.000 0.000
v -2200.000 -700.000 0.000
v -2100.000 -700.000 0.000
v -2000.000 -700.000 0.000
v -1900.000 -700.000 0.000
v -1800.000 -700.000 0.000
v -1700.000 -700.000 0.000
v -1600.000 -700.000 0.000
v -1500.000 -700.000 0.000
v -1400.000 -700.000 0.000
v -1300.000 -700.000 0.000
v -1200.000 -700.000 0.000
v -1100.000 -700.000 0.000
v -1000.000 -700.000 0.000
v -900.000 -700.000 0.000
v -800.000 -700.000 0.000
v -700.000 -700.000 0.000
v -600.000 -700.000 0.000
v -500.000 -700.000 0.000
v -400.000 -700.000 0.000
v -300.000 -700.000 0.000
v -200.000 -700.000 0.000
v -100.000 -700.000 0.000
v 0.000 -700.000 0.000
v 100.000 -700.000 0.000
v 200.000 -700.000 0.000
v 300.000 -700.000 0.000
v 400.000 -700.000 0.000
v 500.000 -700.000 0.000
v 600.000 -700.000 0.000
v 700.000 -700.000 0.000
v 800.000 -700.000 0.000
v 900.000 -700.000 0.000
v 1000.000 -700.000 0.000
v 1100.000 -700.000 0.000
v 1200.000 -700.000 0.000
v 1300.000 -700.000 0.000
v 1400.000 -700.000 0.000
v 1500.000 -700.000 0.000
v 1600.000 -700.000 0.000
v 1700.000 -700.000 0.000
v 1800.000 -700.000 0.000
v 1900.000 -700.000 0.000
v 2000.000 -700.000 0.000
v 2100.000 -700.000 0.000
v 2200.000 -700.000 0.000
v 2300.000 -700.000 0.000
v 2400.000 -700.000 0.000
v 2500.000 -700.000 -10.077
v 2600.000 -700.000 -130.041
v 2700.000 -700.000 -250.439
v 2800.000 -700.000 -371.216
v 2900.000 -700.000 -492.329
v 3000.000 -700.000 -613.740
v 3100.000 -700.000 -735.416
v -4600.000 -800.000 -802.234
v -4700.000 -800.000 -819.912
v -4500.000 -800.000 -784.556
v -4400.000 -800.000 -766.879
v -4300.000 -800.000 -749.201
v -4200.000 -800.000 -731.523
v -4100.000 -800.000 -713.846
v -4000.000 -800.000 -696.168
v -3900.000 -800.000 -678.490
v -3800.000 -800.000 -660.813
v -3700.000 -800.000 -643.135
v -3600.000 -800.000 -625.457
v -3500.000 -800.000 -602.302
v -3400.000 -800.000 -537.990
v -3300.000 -800.000 -473.678
v -3200.000 -800.000 -409.366
v -3100.000 -800.000 -345.054
v -3000.000 -800.000 -280.742
v -2900.000 -800.000 -216.430
v -2800.000 -800.000 -152.118
v -2700.000 -800.000 -87.806
v -2600.000 -800.000 -23.494
v -2500.000 -800.000 0.000
v -2400.000 -800.000 0.000
v -2300.000 -800.000 0.000
v -2200.000 -800.000 0.000
v -2100.000 -800.000 0.000
v -2000.000 -800.000 0.000
v -1900.000 -800.000 0.000
v -1800.000 -800.000 0.000
v -1700.000 -800.000 0.000
v -1600.000 -800.000 0.000
v -1500.000 -800.000 0.000
v -1400.000 -800.000 0.000
v -1300.000 -800.000 0.000
v -1200.000 -800.000 0.000
v -1100.000 -800.000 0.000
v -1000.000 -800.000 0.000
v -900.000 -800.000 0.000
v -800.000 -800.000 0.000
v -700.000 -800.000 0.000
v -600.000 -800.000 0.000
v -500.000 -800.000 0.000
v -400.000 -800.000 0.000
v -300.000 -800.000 0.000
v -200.000 -800.000 0.000
v -100.000 -800.000 0.000
v 0.000 -800.000 0.000
v 100.000 -800.000 0.000
v 200.000 -800.000 0.000
v 300.000 -800.000 0.000
v 400.000 -800.000 0.000
v 500.000 -800.000 0.000
v 600.000 -800.000 0.000
v 700.000 -800.000 0.000
v 800.000 -800.000 0.000
v 900.000 -800.000 0.000
v 1000.000 -800.000 0.000
v 1100.000 -800.000 0.000
v 1200.000 -800.000 0.000
v 1300.000 -800.000 0.000
v 1400.000 -800.000 0.000
v 1500.000 -800.000 0.000
v 1600.000 -800.000 0.000
v 1700.000 -800.000 0.000
v 1800.000 -800.000 0.000
v 1900.000 -800.000 0.000
v 2000.000 -800.000 0.000
v 2100.000 -800.000 0.000
v 2200.000 -800.000 0.000
v 2300.000 -800.000 0.000
v 2400.000 -800.000 0.000
v 2500.000 -800.000 -48.703
v 2600.000 -800.000 -166.993
v 2700.000 -800.000 -285.849
v 2800.000 -800.000 -405.204
v 2900.000 -800.000 -525.000
v 3000.000 -800.000 -645.189
v 3100.000 -800.000 -765.728
v -3900.000 -900.000 -752.363
v -4000.000 -900.000 -816.675
v -3800.000 -900.000 -688.051
v -3700.000 -900.000 -623.739
v -3600.000 -900.000 -559.427
v -3500.000 -900.000 -495.115
v -3400.000 -900.000 -430.803
v -3300.000 -900.000 -366.492
v -3200.000 -900.000 -302.180
v -3100.000 -900.000 -237.868
v -3000.000 -900.000 -173.556
v -2900.000 -900.000 -109.244
v -2800.000 -900.000 -44.932
v -2700.000 -900.000 0.000
v -2600.000 -900.000 0.000
v -2500.000 -900.000 0.000
v -2400.000 -900.000 0.000
v -2300.000 -900.000 0.000
v -2200.000 -900.000 0.000
v -2100.000 -900.000 0.000
v -2000.000 -900.000 0.000
v -1900.000 -900.000 0.000
v -1800.000 -900.000 0.000
v -1700.000 -900.000 0.000
v -1600.000 -900.000 0.000
v -1500.000 -900.000 0.000
v -1400.000 -900.000 0.000
v -1300.000 -900.000 0.000
v -1200.000 -900.000 0.000
v -1100.000 -900.000 0.000
v -1000.000 -900.000 0.000
v -900.000 -900.000 0.000
v -800.000 -900.000 0.000
v -700.000 -900.000 0.000
v -600.000 -900.000 0.000
v -500.000 -900.000 0.000
v -400.000 -900.000 0.000
v -300.000 -900.000 0.000
v -200.000 -900.000 0.000
v -100.000 -900.000 0.000
v 0.000 -900.000 0.000
v 100.000 -900.000 0.000
v 200.000 -900.000 0.000
v 300.000 -900.000 0.000
v 400.000 -900.000 0.000
v 500.000 -900.000 0.000
v 600.000 -900.000 0.000
v 700.000 -900.000 0.000
v 800.000 -900.000 0.000
v 900.000 -900.000 0.000
v 1000.000 -900.000 0.000
v 1100.000 -900.000 0.000
v 1200.000 -900.000 0.000
v 1300.000 -900.000 0.000
v 1400.000 -900.000 0.000
v 1500.000 -900.000 0.000
v 1600.000 -900.000 0.000
v 1700.000 -900.000 0.000
v 1800.000 -900.000 0.000
v 1900.000 -900.000 0.000
v 2000.000 -900.000 0.000
v 2100.000 -900.000 0.000
v 2200.000 -900.000 0.000
v 2300.000 -900.000 0.000
v 2400.000 -900.000 0.000
v 2500.000 -900.000 -92.582
v 2600.000 -900.000 -209.026
v 2700.000 -900.000 -326.175
v 2800.000 -900.000 -443.949
v 2900.000 -900.000 -562.278
v 3000.000 -900.000 -681.101
v 3100.000 -900.000 -800.368
v -3900.000 -1000.000 -645.177
v -4000.000 -1000.000 -709.489
v -3800.000 -1000.000 -580.865
v -3700.000 -1000.000 -516.553
v -3600.000 -1000.000 -452.241
v -3500.000 -1000.000 -387.929
v -3400.000 -1000.000 -323.617
v -3300.000 -1000.000 -259.305
v -3200.000 -1000.000 -194.993
v -3100.000 -1000.000 -130.681
v -3000.000 -1000.000 -66.369
v -2900.000 -1000.000 -2.057
v -2800.000 -1000.000 0.000
v -2700.000 -1000.000 0.000
v -2600.000 -1000.000 0.000
v -2500.000 -1000.000 0.000
v -2400.000 -1000.000 0.000
v -2300.000 -1000.000 0.000
v -2200.000 -1000.000 0.000
v -2100.000 -1000.000 0.000
v -2000.000 -1000.000 0.000
v -1900.000 -1000.000 0.000
v -1800.000 -1000.000 0.000
v -1700.000 -1000.000 0.000
v -1600.000 -1000.000 0.000
v -1500.000 -1000.000 0.000
v -1400.000 -1000.000 0.000
v -1300.000 -1000.000 0.000
v -1200.000 -1000.000 0.000
v -1100.000 -1000.000 0.000
v -1000.000 -1000.000 0.000
v -900.000 -1000.000 0.000
v -800.000 -1000.000 0.000
v -700.000 -1000.000 0.000
v -600.000 -1000.000 0.000
v -500.000 -1000.000 0.000
v -400.000 -1000.000 0.000
v -300.000 -1000.000 0.000
v -200.000 -1000.000 0.000
v -100.000 -1000.000 0.000
v 0.000 -1000.000 0.000
v 100.000 -1000.000 0.000
v 200.000 -1000.000 0.000
v 300.000 -1000.000 0.000
v 400.000 -1000.000 0.000
v 500.000 -1000.000 0.000
v 600.000 -1000.000 0.000
v 700.000 -1000.000 0.000
v 800.000 -1000.000 0.000
v 900.000 -1000.000 0.000
v 1000.000 -1000.000 0.000
v 1100.000 -1000.000 0.000
v 1200.000 -1000.000 0.000
v 1300.000 -1000.000 0.000
v 1400.000 -1000.000 0.000
v 1500.000 -1000.000 0.000
v 1600.000 -1000.000 0.000
v 1700.000 -1000.000 0.000
v 1800.000 -1000.000 0.000
v 1900.000 -1000.000 0.000
v 2000.000 -1000.000 0.000
v 2100.000 -1000.000 0.000
v 2200.000 -1000.000 0.000
v 2300.000 -1000.000 0.000
v 2400.000 -1000.000 -27.975
v 2500.000 -1000.000 -141.464
v 2600.000 -1000.000 -255.915
v 2700.000 -1000.000 -371.216
v 2800.000 -1000.000 -487.272
v 2900.000 -1000.000 -604.001
v 3000.000 -1000.000 -721.333
v -4100.000 -1000.000 -773.801
v -4000.000 -1100.000 -602.302
v -4100.000 -1100.000 -666.614
v -3900.000 -1100.000 -537.990
v -3800.000 -1100.000 -473.678
v -3700.000 -1100.000 -409.366
v -3600.000 -1100.000 -345.054
v -3500.000 -1100.000 -280.742
v -3400.000 -1100.000 -216.430
v -3300.000 -1100.000 -152.118
v -3200.000 -1100.000 -87.806
v -3100.000 -1100.000 -23.494
v -3000.000 -1100.000 0.000
v -2900.000 -1100.000 0.000
v -2800.000 -1100.000 0.000
v -2700.000 -1100.000 0.000
v -2600.000 -1100.000 0.000
v -2500.000 -1100.000 0.000
v -2400.000 -1100.000 0.000
v -2300.000 -1100.000 0.000
v -2200.000 -1100.000 0.000
v -2100.000 -1100.000 0.000
v -2000.000 -1100.000 0.000
v -1900.000 -1100.000 0.000
v -1800.000 -1100.000 0.000
v -1700.000 -1100.000 0.000
v -1600.000 -1100.000 0.000
v -1500.000 -1100.000 0.000
v -1400.000 -1100.000 0.000
v -1300.000 -1100.000 0.000
v -1200.000 -1100.000 0.000
v -1100.000 -1100.000 0.000
v -1000.000 -1100.000 0.000
v -900.000 -1100.000 0.000
v -800.000 -1100.000 0.000
v -700.000 -1100.000 0.000
v -600.000 -1100.000 0.000
v -500.000 -1100.000 0.000
v -400.000 -1100.000 0.000
v -300.000 -1100.000 0.000
v -200.000 -1100.000 0.000
v -100.000 -1100.000 0.000
v 0.000 -1100.000 0.000
v 100.000 -1100.000 0.000
v 200.000 -1100.000 0.000
v 300.000 -1100.000 0.000
v 400.000 -1100.000 0.000
v 500.000 -1100.000 0.000
v 600.000 -1100.000 0.000
v 700.000 -1100.000 0.000
v 800.000 -1100.000 0.000
v 900.000 -1100.000 0.000
v 1000.000 -1100.000 0.000
v 1100.000 -1100.000 0.000
v 1200.000 -1100.000 0.000
v 1300.000 -1100.000 0.000
v 1400.000 -1100.000 0.000
v 1500.000 -1100.000 0.000
v 1600.000 -1100.000 0.000
v 1700.000 -1100.000 0.000
v 1800.000 -1100.000 0.000
v 1900.000 -1100.000 0.000
v 2000.000 -1100.000 0.000
v 2100.000 -1100.000 0.000
v 2200.000 -1100.000 0.000
v 2300.000 -1100.000 0.000
v 2400.000 -1100.000 -83.864
v 2500.000 -1100.000 -195.085
v 2600.000 -1100.000 -307.426
v 2700.000 -1100.000 -420.761
v 2800.000 -1100.000 -534.984
v 2900.000 -1100.000 -650.000
v 3000.000 -1100.000 -765.728
v -4300.000 -1100.000 -795.238
v -4200.000 -1100.000 -730.926
v -4200.000 -1200.000 -623.739
v -4300.000 -1200.000 -688.051
v -4100.000 -1200.000 -559.427
v -4000.000 -1200.000 -495.115
v -3900.000 -1200.000 -430.803
v -3800.000 -1200.000 -366.492
v -3700.000 -1200.000 -302.180
v -3600.000 -1200.000 -237.868
v -3500.000 -1200.000 -173.556
v -3400.000 -1200.000 -109.244
v -3300.000 -1200.000 -44.932
v -3200.000 -1200.000 0.000
v -3100.000 -1200.000 0.000
v -3000.000 -1200.000 0.000
v -2900.000 -1200.000 0.000
v -2800.000 -1200.000 0.000
v -2700.000 -1200.000 0.000
v -2600.000 -1200.000 0.000
v -2500.000 -1200.000 0.000
v -2400.000 -1200.000 0.000
v -2300.000 -1200.000 0.000
v -2200.000 -1200.000 0.000
v -2100.000 -1200.000 0.000
v -2000.000 -1200.000 0.000
v -1900.000 -1200.000 0.000
v -1800.000 -1200.000 0.000
v -1700.000 -1200.000 0.000
v -1600.000 -1200.000 0.000
v -1500.000 -1200.000 0.000
v -1400.000 -1200.000 0.000
v -1300.000 -1200.000 0.000
v -1200.000 -1200.000 0.000
v -1100.000 -1200.000 0.000
v -1000.000 -1200.000 0.000
v -900.000 -1200.000 0.000
v -800.000 -1200.000 0.000
v -700.000 -1200.000 0.000
v -600.000 -1200.000 0.000
v -500.000 -1200.000 0.000
v -400.000 -1200.000 0.000
v -300.000 -1200.000 0.000
v -200.000 -1200.000 0.000
v -100.000 -1200.000 0.000
v 0.000 -1200.000 0.000
v 100.000 -1200.000 0.000
v 200.000 -1200.000 0.000
v 300.000 -1200.000 0.000
v 400.000 -1200.000 0.000
v 500.000 -1200.000 0.000
v 600.000 -1200.000 0.000
v 700.000 -1200.000 0.000
v 800.000 -1200.000 0.000
v 900.000 -1200.000 0.000
v 1000.000 -1200.000 0.000
v 1100.000 -1200.000 0.000
v 1200.000 -1200.000 0.000
v 1300.000 -1200.000 0.000
v 1400.000 -1200.000 0.000
v 1500.000 -1200.000 0.000
v 1600.000 -1200.000 0.000
v 1700.000 -1200.000 0.000
v 1800.000 -1200.000 0.000
v 1900.000 -1200.000 0.000
v 2000.000 -1200.000 0.000
v 2100.000 -1200.000 0.000
v 2200.000 -1200.000 0.000
v 2300.000 -1200.000 -36.878
v 2400.000 -1200.000 -144.312
v 2500.000 -1200.000 -253.178
v 2600.000 -1200.000 -363.317
v 2700.000 -1200.000 -474.593
v 2800.000 -1200.000 -586.887
v 2900.000 -1200.000 -700.095
v 3000.000 -1200.000 -814.125
v -4500.000 -1200.000 -816.675
v -4400.000 -1200.000 -752.363
v -4400.000 -1300.000 -645.177
v -4500.000 -1300.000 -709.489
v -4300.000 -1300.000 -580.865
v -4200.000 -1300.000 -516.553
v -4100.000 -1300.000 -452.241
v -4000.000 -1300.000 -387.929
v -3900.000 -1300.000 -323.617
v -3800.000 -1300.000 -259.305
v -3700.000 -1300.000 -194.993
v -3600.000 -1300.000 -130.681
v -3500.000 -1300.000 -66.369
v -3400.000 -1300.000 -2.057
v -3300.000 -1300.000 0.000
v -3200.000 -1300.000 0.000
v -3100.000 -1300.000 0.000
v -3000.000 -1300.000 0.000
v -2900.000 -1300.000 0.000
v -2800.000 -1300.000 0.000
v -2700.000 -1300.000 0.000
v -2600.000 -1300.000 0.000
v -2500.000 -1300.000 0.000
v -2400.000 -1300.000 0.000
v -2300.000 -1300.000 0.000
v -2200.000 -1300.000 0.000
v -2100.000 -1300.000 0.000
v -2000.000 -1300.000 0.000
v -1900.000 -1300.000 0.000
v -1800.000 -1300.000 0.000
v -1700.000 -1300.000 0.000
v -1600.000 -1300.000 0.000
v -1500.000 -1300.000 0.000
v -1400.000 -1300.000 0.000
v -1300.000 -1300.000 -23.494
v -1200.000 -1300.000 -1.082
v -1100.000 -1300.000 0.000
v -1000.000 -1300.000 0.000
v -900.000 -1300.000 0.000
v -800.000 -1300.000 0.000
v -700.000 -1300.000 0.000
v -600.000 -1300.000 0.000
v -500.000 -1300.000 0.000
v -400.000 -1300.000 0.000
v -300.000 -1300.000 0.000
v -200.000 -1300.000 0.000
v -100.000 -1300.000 0.000
v 0.000 -1300.000 0.000
v 100.000 -1300.000 0.000
v 200.000 -1300.000 0.000
v 300.000 -1300.000 0.000
v 400.000 -1300.000 0.000
v 500.000 -1300.000 0.000
v 600.000 -1300.000 0.000
v 700.000 -1300.000 0.000
v 800.000 -1300.000 0.000
v 900.000 -1300.000 0.000
v 1000.000 -1300.000 0.000
v 1100.000 -1300.000 0.000
v 1200.000 -1300.000 0.000
v 1300.000 -1300.000 0.000
v 1400.000 -1300.000 0.000
v 1500.000 -1300.000 0.000
v 1600.000 -1300.000 0.000
v 1700.000 -1300.000 0.000
v 1800.000 -1300.000 0.000
v 1900.000 -1300.000 0.000
v 2000.000 -1300.000 0.000
v 2100.000 -1300.000 0.000
v 2200.000 -1300.000 -1.082
v 2300.000 -1300.000 -104.163
v 2400.000 -1300.000 -209.026
v 2500.000 -1300.000 -315.476
v 2600.000 -1300.000 -423.347
v 2700.000 -1300.000 -532.491
v 2800.000 -1300.000 -642.780
v 2900.000 -1300.000 -754.102
v -4600.000 -1300.000 -773.801
v -4500.000 -1400.000 -602.302
v -4600.000 -1400.000 -666.614
v -4400.000 -1400.000 -537.990
v -4300.000 -1400.000 -473.678
v -4200.000 -1400.000 -409.366
v -4100.000 -1400.000 -345.054
v -4000.000 -1400.000 -280.742
v -3900.000 -1400.000 -216.430
v -3800.000 -1400.000 -152.118
v -3700.000 -1400.000 -87.806
v -3600.000 -1400.000 -23.494
v -3500.000 -1400.000 0.000
v -3400.000 -1400.000 0.000
v -3300.000 -1400.000 0.000
v -3200.000 -1400.000 0.000
v -3100.000 -1400.000 0.000
v -3000.000 -1400.000 0.000
v -2900.000 -1400.000 0.000
v -2800.000 -1400.000 0.000
v -2700.000 -1400.000 0.000
v -2600.000 -1400.000 0.000
v -2500.000 -1400.000 0.000
v -2400.000 -1400.000 0.000
v -2300.000 -1400.000 0.000
v -2200.000 -1400.000 0.000
v -2100.000 -1400.000 0.000
v -2000.000 -1400.000 0.000
v -1900.000 -1400.000 0.000
v -1800.000 -1400.000 0.000
v -1700.000 -1400.000 0.000
v -1600.000 -1400.000 0.000
v -1500.000 -1400.000 -2.057
v -1400.000 -1400.000 -66.369
v -1300.000 -1400.000 -130.681
v -1200.000 -1400.000 -75.117
v -1100.000 -1400.000 0.000
v -1000.000 -1400.000 0.000
v -900.000 -1400.000 0.000
v -800.000 -1400.000 0.000
v -700.000 -1400.000 0.000
v -600.000 -1400.000 0.000
v -500.000 -1400.000 0.000
v -400.000 -1400.000 0.000
v -300.000 -1400.000 0.000
v -200.000 -1400.000 0.000
v -100.000 -1400.000 0.000
v 0.000 -1400.000 0.000
v 100.000 -1400.000 0.000
v 200.000 -1400.000 0.000
v 300.000 -1400.000 0.000
v 400.000 -1400.000 0.000
v 500.000 -1400.000 0.000
v 600.000 -1400.000 0.000
v 700.000 -1400.000 0.000
v 800.000 -1400.000 0.000
v 900.000 -1400.000 0.000
v 1000.000 -1400.000 0.000
v 1100.000 -1400.000 0.000
v 1200.000 -1400.000 0.000
v 1300.000 -1400.000 0.000
v 1400.000 -1400.000 0.000
v 1500.000 -1400.000 0.000
v 1600.000 -1400.000 0.000
v 1700.000 -1400.000 0.000
v 1800.000 -1400.000 0.000
v 1900.000 -1400.000 0.000
v 2000.000 -1400.000 0.000
v 2100.000 -1400.000 0.000
v 2200.000 -1400.000 -75.117
v 2300.000 -1400.000 -175.450
v 2400.000 -1400.000 -277.716
v 2500.000 -1400.000 -381.715
v 2600.000 -1400.000 -487.272
v 2700.000 -1400.000 -594.233
v 2800.000 -1400.000 -702.461
v 2900.000 -1400.000 -811.836
v -4800.000 -1400.000 -795.238
v -4700.000 -1400.000 -730.926
v -4700.000 -1500.000 -623.739
v -4800.000 -1500.000 -688.051
v -4600.000 -1500.000 -559.427
v -4500.000 -1500.000 -495.115
v -4400.000 -1500.000 -430.803
v -4300.000 -1500.000 -366.492
v -4200.000 -1500.000 -302.180
v -4100.000 -1500.000 -237.868
v -4000.000 -1500.000 -173.556
v -3900.000 -1500.000 -109.244
v -3800.000 -1500.000 -44.932
v -3700.000 -1500.000 0.000
v -3600.000 -1500.000 0.000
v -3500.000 -1500.000 0.000
v -3400.000 -1500.000 0.000
v -3300.000 -1500.000 0.000
v -3200.000 -1500.000 0.000
v -3100.000 -1500.000 0.000
v -3000.000 -1500.000 0.000
v -2900.000 -1500.000 0.000
v -2800.000 -1500.000 0.000
v -2700.000 -1500.000 0.000
v -2600.000 -1500.000 0.000
v -2500.000 -1500.000 0.000
v -2400.000 -1500.000 0.000
v -2300.000 -1500.000 0.000
v -2200.000 -1500.000 0.000
v -2100.000 -1500.000 0.000
v -2000.000 -1500.000 0.000
v -1900.000 -1500.000 0.000
v -1800.000 -1500.000 0.000
v -1700.000 -1500.000 0.000
v -1600.000 -1500.000 -44.932
v -1500.000 -1500.000 -109.244
v -1400.000 -1500.000 -173.556
v -1300.000 -1500.000 -237.868
v -1200.000 -1500.000 -152.839
v -1100.000 -1500.000 -57.536
v -1000.000 -1500.000 0.000
v -900.000 -1500.000 0.000
v -800.000 -1500.000 0.000
v -700.000 -1500.000 0.000
v -600.000 -1500.000 0.000
v -500.000 -1500.000 0.000
v -400.000 -1500.000 0.000
v -300.000 -1500.000 0.000
v -200.000 -1500.000 0.000
v -100.000 -1500.000 0.000
v 0.000 -1500.000 0.000
v 100.000 -1500.000 0.000
v 200.000 -1500.000 0.000
v 300.000 -1500.000 0.000
v 400.000 -1500.000 0.000
v 500.000 -1500.000 0.000
v 600.000 -1500.000 0.000
v 700.000 -1500.000 0.000
v 800.000 -1500.000 0.000
v 900.000 -1500.000 0.000
v 1000.000 -1500.000 0.000
v 1100.000 -1500.000 0.000
v 1200.000 -1500.000 0.000
v 1300.000 -1500.000 0.000
v 1400.000 -1500.000 0.000
v 1500.000 -1500.000 0.000
v 1600.000 -1500.000 0.000
v 1700.000 -1500.000 0.000
v 1800.000 -1500.000 0.000
v 1900.000 -1500.000 0.000
v 2000.000 -1500.000 0.000
v 2100.000 -1500.000 -57.536
v 2200.000 -1500.000 -152.839
v 2300.000 -1500.000 -250.439
v 2400.000 -1500.000 -350.106
v 2500.000 -1500.000 -451.639
v 2600.000 -1500.000 -554.857
v 2700.000 -1500.000 -659.601
v 2800.000 -1500.000 -765.728
v -5000.000 -1500.000 -816.675
v -4900.000 -1500.000 -752.363
v -4900.000 -1600.000 -645.177
v -5000.000 -1600.000 -709.489
v -4800.000 -1600.000 -580.865
v -4700.000 -1600.000 -516.553
v -4600.000 -1600.000 -452.241
v -4500.000 -1600.000 -387.929
v -4400.000 -1600.000 -323.617
v -4300.000 -1600.000 -259.305
v -4200.000 -1600.000 -194.993
v -4100.000 -1600.000 -130.681
v -4000.000 -1600.000 -66.369
v -3900.000 -1600.000 -2.057
v -3800.000 -1600.000 0.000
v -3700.000 -1600.000 0.000
v -3600.000 -1600.000 0.000
v -3500.000 -1600.000 0.000
v -3400.000 -1600.000 0.000
v -3300.000 -1600.000 0.000
v -3200.000 -1600.000 0.000
v -3100.000 -1600.000 0.000
v -3000.000 -1600.000 0.000
v -2900.000 -1600.000 0.000
v -2800.000 -1600.000 0.000
v -2700.000 -1600.000 0.000
v -2600.000 -1600.000 0.000
v -2500.000 -1600.000 0.000
v -2400.000 -1600.000 0.000
v -2300.000 -1600.000 0.000
v -2200.000 -1600.000 0.000
v -2100.000 -1600.000 0.000
v -2000.000 -1600.000 0.000
v -1900.000 -1600.000 0.000
v -1800.000 -1600.000 -23.494
v -1700.000 -1600.000 -87.806
v -1600.000 -1600.000 -152.118
v -1500.000 -1600.000 -216.430
v -1400.000 -1600.000 -280.742
v -1300.000 -1600.000 -328.844
v -1200.000 -1600.000 -233.946
v -1100.000 -1600.000 -141.464
v -1000.000 -1600.000 -51.650
v -900.000 -1600.000 0.000
v -800.000 -1600.000 0.000
v -700.000 -1600.000 0.000
v -600.000 -1600.000 0.000
v -500.000 -1600.000 0.000
v -400.000 -1600.000 0.000
v -300.000 -1600.000 0.000
v -200.000 -1600.000 0.000
v -100.000 -1600.000 0.000
v 0.000 -1600.000 0.000
v 100.000 -1600.000 0.000
v 200.000 -1600.000 0.000
v 300.000 -1600.000 0.000
v 400.000 -1600.000 0.000
v 500.000 -1600.000 0.000
v 600.000 -1600.000 0.000
v 700.000 -1600.000 0.000
v 800.000 -1600.000 0.000
v 900.000 -1600.000 0.000
v 1000.000 -1600.000 0.000
v 1100.000 -1600.000 0.000
v 1200.000 -1600.000 0.000
v 1300.000 -1600.000 0.000
v 1400.000 -1600.000 0.000
v 1500.000 -1600.000 0.000
v 1600.000 -1600.000 0.000
v 1700.000 -1600.000 0.000
v 1800.000 -1600.000 0.000
v 1900.000 -1600.000 0.000
v 2000.000 -1600.000 -51.650
v 2100.000 -1600.000 -141.464
v 2200.000 -1600.000 -233.946
v 2300.000 -1600.000 -328.844
v 2400.000 -1600.000 -425.930
v 2500.000 -1600.000 -525.000
v 2600.000 -1600.000 -625.872
v 2700.000 -1600.000 -728.382
v 2800.000 -1600.000 -832.383
v -5100.000 -1600.000 -773.801
v -5000.000 -1700.000 -602.302
v -5100.000 -1700.000 -666.614
v -4900.000 -1700.000 -537.990
v -4800.000 -1700.000 -473.678
v -4700.000 -1700.000 -409.366
v -4600.000 -1700.000 -345.054
v -4500.000 -1700.000 -280.742
v -4400.000 -1700.000 -216.430
v -4300.000 -1700.000 -152.118
v -4200.000 -1700.000 -87.806
v -4100.000 -1700.000 -23.494
v -4000.000 -1700.000 0.000
v -3900.000 -1700.000 0.000
v -3800.000 -1700.000 0.000
v -3700.000 -1700.000 0.000
v -3600.000 -1700.000 0.000
v -3500.000 -1700.000 0.000
v -3400.000 -1700.000 0.000
v -3300.000 -1700.000 0.000
v -3200.000 -1700.000 0.000
v -3100.000 -1700.000 0.000
v -3000.000 -1700.000 0.000
v -2900.000 -1700.000 0.000
v -2800.000 -1700.000 0.000
v -2700.000 -1700.000 0.000
v -2600.000 -1700.000 0.000
v -2500.000 -1700.000 0.000
v -2400.000 -1700.000 0.000
v -2300.000 -1700.000 0.000
v -2200.000 -1700.000 0.000
v -2100.000 -1700.000 0.000
v -2000.000 -1700.000 -2.057
v -1900.000 -1700.000 -66.369
v -1800.000 -1700.000 -130.681
v -1700.000 -1700.000 -194.993
v -1600.000 -1700.000 -259.305
v -1500.000 -1700.000 -323.617
v -1400.000 -1700.000 -387.929
v -1300.000 -1700.000 -410.399
v -1200.000 -1700.000 -318.154
v -1100.000 -1700.000 -228.427
v -1000.000 -1700.000 -141.464
v -900.000 -1700.000 -57.536
v -800.000 -1700.000 0.000
v -700.000 -1700.000 0.000
v -600.000 -1700.000 0.000
v -500.000 -1700.000 0.000
v -400.000 -1700.000 0.000
v -300.000 -1700.000 0.000
v -200.000 -1700.000 0.000
v -100.000 -1700.000 0.000
v 0.000 -1700.000 0.000
v 100.000 -1700.000 0.000
v 200.000 -1700.000 0.000
v 300.000 -1700.000 0.000
v 400.000 -1700.000 0.000
v 500.000 -1700.000 0.000
v 600.000 -1700.000 0.000
v 700.000 -1700.000 0.000
v 800.000 -1700.000 0.000
v 900.000 -1700.000 0.000
v 1000.000 -1700.000 0.000
v 1100.000 -1700.000 0.000
v 1200.000 -1700.000 0.000
v 1300.000 -1700.000 0.000
v 1400.000 -1700.000 0.000
v 1500.000 -1700.000 0.000
v 1600.000 -1700.000 0.000
v 1700.000 -1700.000 0.000
v 1800.000 -1700.000 0.000
v 1900.000 -1700.000 -57.536
v 2000.000 -1700.000 -141.464
v 2100.000 -1700.000 -228.427
v 2200.000 -1700.000 -318.154
v 2300.000 -1700.000 -410.399
v 2400.000 -1700.000 -504.936
v 2500.000 -1700.000 -601.562
v 2600.000 -1700.000 -700.095
v 2700.000 -1700.000 -800.368
v -5300.000 -1700.000 -795.238
v -5200.000 -1700.000 -730.926
v -5200.000 -1800.000 -623.739
v -5300.000 -1800.000 -689.582
v -5100.000 -1800.000 -559.427
v -5000.000 -1800.000 -495.115
v -4900.000 -1800.000 -430.803
v -4800.000 -1800.000 -366.492
v -4700.000 -1800.000 -302.180
v -4600.000 -1800.000 -237.868
v -4500.000 -1800.000 -173.556
v -4400.000 -1800.000 -109.244
v -4300.000 -1800.000 -44.932
v -4200.000 -1800.000 0.000
v -4100.000 -1800.000 0.000
v -4000.000 -1800.000 0.000
v -3900.000 -1800.000 0.000
v -3800.000 -1800.000 0.000
v -3700.000 -1800.000 0.000
v -3600.000 -1800.000 0.000
v -3500.000 -1800.000 0.000
v -3400.000 -1800.000 0.000
v -3300.000 -1800.000 0.000
v -3200.000 -1800.000 0.000
v -3100.000 -1800.000 0.000
v -3000.000 -1800.000 0.000
v -2900.000 -1800.000 0.000
v -2800.000 -1800.000 0.000
v -2700.000 -1800.000 0.000
v -2600.000 -1800.000 0.000
v -2500.000 -1800.000 0.000
v -2400.000 -1800.000 0.000
v -2300.000 -1800.000 0.000
v -2200.000 -1800.000 0.000
v -2100.000 -1800.000 -44.932
v -2000.000 -1800.000 -109.244
v -1900.000 -1800.000 -173.556
v -1800.000 -1800.000 -237.868
v -1700.000 -1800.000 -302.180
v -1600.000 -1800.000 -366.492
v -1500.000 -1800.000 -430.803
v -1400.000 -1800.000 -495.115
v -1300.000 -1800.000 -494.855
v -1200.000 -1800.000 -405.204
v -1100.000 -1800.000 -318.154
v -1000.000 -1800.000 -233.946
v -900.000 -1800.000 -152.839
v -800.000 -1800.000 -75.117
v -700.000 -1800.000 -1.082
v -600.000 -1800.000 0.000
v -500.000 -1800.000 0.000
v -400.000 -1800.000 0.000
v -300.000 -1800.000 0.000
v -200.000 -1800.000 0.000
v -100.000 -1800.000 0.000
v 0.000 -1800.000 0.000
v 100.000 -1800.000 0.000
v 200.000 -1800.000 0.000
v 300.000 -1800.000 0.000
v 400.000 -1800.000 0.000
v 500.000 -1800.000 0.000
v 600.000 -1800.000 0.000
v 700.000 -1800.000 0.000
v 800.000 -1800.000 0.000
v 900.000 -1800.000 0.000
v 1000.000 -1800.000 0.000
v 1100.000 -1800.000 0.000
v 1200.000 -1800.000 0.000
v 1300.000 -1800.000 0.000
v 1400.000 -1800.000 0.000
v 1500.000 -1800.000 0.000
v 1600.000 -1800.000 0.000
v 1700.000 -1800.000 -1.082
v 1800.000 -1800.000 -75.117
v 1900.000 -1800.000 -152.839
v 2000.000 -1800.000 -233.946
v 2100.000 -1800.000 -318.154
v 2200.000 -1800.000 -405.204
v 2300.000 -1800.000 -494.855
v 2400.000 -1800.000 -586.887
v 2500.000 -1800.000 -681.101
v 2600.000 -1800.000 -777.314
v -5400.000 -1800.000 -762.719
v -5300.000 -1900.000 -587.500
v -5400.000 -1900.000 -666.268
v -5200.000 -1900.000 -516.748
v -5100.000 -1900.000 -452.241
v -5000.000 -1900.000 -387.929
v -4900.000 -1900.000 -323.617
v -4800.000 -1900.000 -259.305
v -4700.000 -1900.000 -194.993
v -4600.000 -1900.000 -130.681
v -4500.000 -1900.000 -66.369
v -4400.000 -1900.000 -2.057
v -4300.000 -1900.000 0.000
v -4200.000 -1900.000 0.000
v -4100.000 -1900.000 0.000
v -4000.000 -1900.000 0.000
v -3900.000 -1900.000 0.000
v -3800.000 -1900.000 0.000
v -3700.000 -1900.000 0.000
v -3600.000 -1900.000 0.000
v -3500.000 -1900.000 0.000
v -3400.000 -1900.000 0.000
v -3300.000 -1900.000 0.000
v -3200.000 -1900.000 0.000
v -3100.000 -1900.000 0.000
v -3000.000 -1900.000 0.000
v -2900.000 -1900.000 0.000
v -2800.000 -1900.000 0.000
v -2700.000 -1900.000 0.000
v -2600.000 -1900.000 0.000
v -2500.000 -1900.000 0.000
v -2400.000 -1900.000 0.000
v -2300.000 -1900.000 -23.494
v -2200.000 -1900.000 -87.806
v -2100.000 -1900.000 -152.118
v -2000.000 -1900.000 -216.430
v -1900.000 -1900.000 -280.742
v -1800.000 -1900.000 -345.054
v -1700.000 -1900.000 -409.366
v -1600.000 -1900.000 -473.678
v -1500.000 -1900.000 -537.990
v -1400.000 -1900.000 -602.302
v -1300.000 -1900.000 -581.981
v -1200.000 -1900.000 -494.855
v -1100.000 -1900.000 -410.399
v -1000.000 -1900.000 -328.844
v -900.000 -1900.000 -250.439
v -800.000 -1900.000 -175.450
v -700.000 -1900.000 -104.163
v -600.000 -1900.000 -36.878
v -500.000 -1900.000 0.000
v -400.000 -1900.000 0.000
v -300.000 -1900.000 0.000
v -200.000 -1900.000 0.000
v -100.000 -1900.000 0.000
v 0.000 -1900.000 0.000
v 100.000 -1900.000 0.000
v 200.000 -1900.000 0.000
v 300.000 -1900.000 0.000
v 400.000 -1900.000 0.000
v 500.000 -1900.000 0.000
v 600.000 -1900.000 0.000
v 700.000 -1900.000 0.000
v 800.000 -1900.000 0.000
v 900.000 -1900.000 0.000
v 1000.000 -1900.000 0.000
v 1100.000 -1900.000 0.000
v 1200.000 -1900.000 0.000
v 1300.000 -1900.000 0.000
v 1400.000 -1900.000 0.000
v 1500.000 -1900.000 0.000
v 1600.000 -1900.000 -36.878
v 1700.000 -1900.000 -104.163
v 1800.000 -1900.000 -175.450
v 1900.000 -1900.000 -250.439
v 2000.000 -1900.000 -328.844
v 2100.000 -1900.000 -410.399
v 2200.000 -1900.000 -494.855
v 2300.000 -1900.000 -581.981
v 2400.000 -1900.000 -671.563
v 2500.000 -1900.000 -763.406
v -5500.000 -1900.000 -751.714
v -5400.000 -2000.000 -574.937
v -5500.000 -2000.000 -666.268
v -5300.000 -2000.000 -489.943
v -5200.000 -2000.000 -412.791
v -5100.000 -2000.000 -345.054
v -5000.000 -2000.000 -280.742
v -4900.000 -2000.000 -216.430
v -4800.000 -2000.000 -152.118
v -4700.000 -2000.000 -87.806
v -4600.000 -2000.000 -23.494
v -4500.000 -2000.000 0.000
v -4400.000 -2000.000 0.000
v -4300.000 -2000.000 0.000
v -4200.000 -2000.000 0.000
v -4100.000 -2000.000 0.000
v -4000.000 -2000.000 0.000
v -3900.000 -2000.000 0.000
v -3800.000 -2000.000 0.000
v -3700.000 -2000.000 0.000
v -3600.000 -2000.000 0.000
v -3500.000 -2000.000 0.000
v -3400.000 -2000.000 0.000
v -3300.000 -2000.000 0.000
v -3200.000 -2000.000 0.000
v -3100.000 -2000.000 0.000
v -3000.000 -2000.000 0.000
v -2900.000 -2000.000 0.000
v -2800.000 -2000.000 0.000
v -2700.000 -2000.000 0.000
v -2600.000 -2000.000 0.000
v -2500.000 -2000.000 -2.057
v -2400.000 -2000.000 -66.369
v -2300.000 -2000.000 -130.681
v -2200.000 -2000.000 -194.993
v -2100.000 -2000.000 -259.305
v -2000.000 -2000.000 -323.617
v -1900.000 -2000.000 -387.929
v -1800.000 -2000.000 -452.241
v -1700.000 -2000.000 -516.553
v -1600.000 -2000.000 -580.865
v -1500.000 -2000.000 -645.177
v -1400.000 -2000.000 -709.489
v -1300.000 -2000.000 -671.563
v -1200.000 -2000.000 -586.887
v -1100.000 -2000.000 -504.936
v -1000.000 -2000.000 -425.930
v -900.000 -2000.000 -350.106
v -800.000 -2000.000 -277.716
v -700.000 -2000.000 -209.026
v -600.000 -2000.000 -144.312
v -500.000 -2000.000 -83.864
v -400.000 -2000.000 -27.975
v -300.000 -2000.000 0.000
v -200.000 -2000.000 0.000
v -100.000 -2000.000 0.000
v 0.000 -2000.000 0.000
v 100.000 -2000.000 0.000
v 200.000 -2000.000 0.000
v 300.000 -2000.000 0.000
v 400.000 -2000.000 0.000
v 500.000 -2000.000 0.000
v 600.000 -2000.000 0.000
v 700.000 -2000.000 0.000
v 800.000 -2000.000 0.000
v 900.000 -2000.000 0.000
v 1000.000 -2000.000 0.000
v 1100.000 -2000.000 0.000
v 1200.000 -2000.000 0.000
v 1300.000 -2000.000 0.000
v 1400.000 -2000.000 -27.975
v 1500.000 -2000.000 -83.864
v 1600.000 -2000.000 -144.312
v 1700.000 -2000.000 -209.026
v 1800.000 -2000.000 -277.716
v 1900.000 -2000.000 -350.106
v 2000.000 -2000.000 -425.930
v 2100.000 -2000.000 -504.936
v 2200.000 -2000.000 -586.887
v 2300.000 -2000.000 -671.563
v 2400.000 -2000.000 -758.757
v -5600.000 -2000.000 -762.719
v -5500.000 -2100.000 -587.500
v -5600.000 -2100.000 -689.582
v -5400.000 -2100.000 -489.943
v -5300.000 -2100.000 -398.160
v -5200.000 -2100.000 -313.781
v -5100.000 -2100.000 -238.888
v -5000.000 -2100.000 -173.556
v -4900.000 -2100.000 -109.244
v -4800.000 -2100.000 -44.932
v -4700.000 -2100.000 0.000
v -4600.000 -2100.000 0.000
v -4500.000 -2100.000 0.000
v -4400.000 -2100.000 0.000
v -4300.000 -2100.000 0.000
v -4200.000 -2100.000 0.000
v -4100.000 -2100.000 0.000
v -4000.000 -2100.000 0.000
v -3900.000 -2100.000 0.000
v -3800.000 -2100.000 0.000
v -3700.000 -2100.000 0.000
v -3600.000 -2100.000 0.000
v -3500.000 -2100.000 0.000
v -3400.000 -2100.000 0.000
v -3300.000 -2100.000 0.000
v -3200.000 -2100.000 0.000
v -3100.000 -2100.000 0.000
v -3000.000 -2100.000 0.000
v -2900.000 -2100.000 0.000
v -2800.000 -2100.000 0.000
v -2700.000 -2100.000 0.000
v -2600.000 -2100.000 -44.932
v -2500.000 -2100.000 -109.244
v -2400.000 -2100.000 -173.556
v -2300.000 -2100.000 -237.868
v -2200.000 -2100.000 -302.180
v -2100.000 -2100.000 -366.492
v -2000.000 -2100.000 -430.803
v -1900.000 -2100.000 -495.115
v -1800.000 -2100.000 -559.427
v -1700.000 -2100.000 -623.739
v -1600.000 -2100.000 -688.051
v -1500.000 -2100.000 -752.363
v -1400.000 -2100.000 -816.675
v -1200.000 -2100.000 -681.101
v -1300.000 -2100.000 -763.406
v -1100.000 -2100.000 -601.562
v -1000.000 -2100.000 -525.000
v -900.000 -2100.000 -451.639
v -800.000 -2100.000 -381.715
v -700.000 -2100.000 -315.476
v -600.000 -2100.000 -253.178
v -500.000 -2100.000 -195.085
v -400.000 -2100.000 -141.464
v -300.000 -2100.000 -92.582
v -200.000 -2100.000 -48.703
v -100.000 -2100.000 -10.077
v 0.000 -2100.000 0.000
v 100.000 -2100.000 0.000
v 200.000 -2100.000 0.000
v 300.000 -2100.000 0.000
v 400.000 -2100.000 0.000
v 500.000 -2100.000 0.000
v 600.000 -2100.000 0.000
v 700.000 -2100.000 0.000
v 800.000 -2100.000 0.000
v 900.000 -2100.000 0.000
v 1000.000 -2100.000 0.000
v 1100.000 -2100.000 -10.077
v 1200.000 -2100.000 -48.703
v 1300.000 -2100.000 -92.582
v 1400.000 -2100.000 -141.464
v 1500.000 -2100.000 -195.085
v 1600.000 -2100.000 -253.178
v 1700.000 -2100.000 -315.476
v 1800.000 -2100.000 -381.715
v 1900.000 -2100.000 -451.639
v 2000.000 -2100.000 -525.000
v 2100.000 -2100.000 -601.562
v 2200.000 -2100.000 -681.101
v 2300.000 -2100.000 -763.406
v -5700.000 -2100.000 -795.238
v -5600.000 -2200.000 -624.454
v -5700.000 -2200.000 -735.042
v -5500.000 -2200.000 -516.748
v -5400.000 -2200.000 -412.791
v -5300.000 -2200.000 -313.781
v -5200.000 -2200.000 -221.383
v -5100.000 -2200.000 -137.891
v -5000.000 -2200.000 -66.369
v -4900.000 -2200.000 -2.057
v -4800.000 -2200.000 0.000
v -4700.000 -2200.000 0.000
v -4600.000 -2200.000 0.000
v -4500.000 -2200.000 0.000
v -4400.000 -2200.000 0.000
v -4300.000 -2200.000 0.000
v -4200.000 -2200.000 0.000
v -4100.000 -2200.000 0.000
v -4000.000 -2200.000 0.000
v -3900.000 -2200.000 0.000
v -3800.000 -2200.000 0.000
v -3700.000 -2200.000 0.000
v -3600.000 -2200.000 0.000
v -3500.000 -2200.000 0.000
v -3400.000 -2200.000 0.000
v -3300.000 -2200.000 0.000
v -3200.000 -2200.000 0.000
v -3100.000 -2200.000 0.000
v -3000.000 -2200.000 0.000
v -2900.000 -2200.000 0.000
v -2800.000 -2200.000 -23.494
v -2700.000 -2200.000 -87.806
v -2600.000 -2200.000 -152.118
v -2500.000 -2200.000 -216.430
v -2400.000 -2200.000 -280.742
v -2300.000 -2200.000 -345.054
v -2200.000 -2200.000 -409.366
v -2100.000 -2200.000 -473.678
v -2000.000 -2200.000 -537.990
v -1900.000 -2200.000 -602.302
v -1800.000 -2200.000 -666.614
v -1700.000 -2200.000 -730.926
v -1600.000 -2200.000 -795.238
v -1100.000 -2200.000 -700.095
v -1200.000 -2200.000 -777.314
v -1000.000 -2200.000 -625.872
v -900.000 -2200.000 -554.857
v -800.000 -2200.000 -487.272
v -700.000 -2200.000 -423.347
v -600.000 -2200.000 -363.317
v -500.000 -2200.000 -307.426
v -400.000 -2200.000 -255.915
v -300.000 -2200.000 -209.026
v -200.000 -2200.000 -166.993
v -100.000 -2200.000 -130.041
v 0.000 -2200.000 -98.379
v 100.000 -2200.000 -72.195
v 200.000 -2200.000 -51.650
v 300.000 -2200.000 -36.878
v 400.000 -2200.000 -27.975
v 500.000 -2200.000 -25.000
v 600.000 -2200.000 -27.975
v 700.000 -2200.000 -36.878
v 800.000 -2200.000 -51.650
v 900.000 -2200.000 -72.195
v 1000.000 -2200.000 -98.379
v 1100.000 -2200.000 -130.041
v 1200.000 -2200.000 -166.993
v 1300.000 -2200.000 -209.026
v 1400.000 -2200.000 -255.915
v 1500.000 -2200.000 -307.426
v 1600.000 -2200.000 -363.317
v 1700.000 -2200.000 -423.347
v 1800.000 -2200.000 -487.272
v 1900.000 -2200.000 -554.857
v 2000.000 -2200.000 -625.872
v 2100.000 -2200.000 -700.095
v 2200.000 -2200.000 -777.314
v -5600.000 -2300.000 -568.607
v -5700.000 -2300.000 -683.791
v -5500.000 -2300.000 -455.534
v -5400.000 -2300.000 -345.282
v -5300.000 -2300.000 -238.888
v -5200.000 -2300.000 -137.891
v -5100.000 -2300.000 -44.607
v -5000.000 -2300.000 0.000
v -4900.000 -2300.000 0.000
v -4800.000 -2300.000 0.000
v -4700.000 -2300.000 0.000
v -4600.000 -2300.000 0.000
v -4500.000 -2300.000 0.000
v -4400.000 -2300.000 0.000
v -4300.000 -2300.000 0.000
v -4200.000 -2300.000 0.000
v -4100.000 -2300.000 0.000
v -4000.000 -2300.000 0.000
v -3900.000 -2300.000 0.000
v -3800.000 -2300.000 0.000
v -3700.000 -2300.000 0.000
v -3600.000 -2300.000 0.000
v -3500.000 -2300.000 0.000
v -3400.000 -2300.000 0.000
v -3300.000 -2300.000 0.000
v -3200.000 -2300.000 0.000
v -3100.000 -2300.000 0.000
v -3000.000 -2300.000 -2.057
v -2900.000 -2300.000 -66.369
v -2800.000 -2300.000 -130.681
v -2700.000 -2300.000 -194.993
v -2600.000 -2300.000 -259.305
v -2500.000 -2300.000 -323.617
v -2400.000 -2300.000 -387.929
v -2300.000 -2300.000 -452.241
v -2200.000 -2300.000 -516.553
v -2100.000 -2300.000 -580.865
v -2000.000 -2300.000 -645.177
v -1900.000 -2300.000 -709.489
v -1800.000 -2300.000 -773.801
v -1000.000 -2300.000 -728.382
v -1100.000 -2300.000 -800.368
v -900.000 -2300.000 -659.601
v -800.000 -2300.000 -594.233
v -700.000 -2300.000 -532.491
v -600.000 -2300.000 -474.593
v -500.000 -2300.000 -420.761
v -400.000 -2300.000 -371.216
v -300.000 -2300.000 -326.175
v -200.000 -2300.000 -285.849
v -100.000 -2300.000 -250.439
v 0.000 -2300.000 -220.129
v 100.000 -2300.000 -195.085
v 200.000 -2300.000 -175.450
v 300.000 -2300.000 -161.340
v 400.000 -2300.000 -152.839
v 500.000 -2300.000 -150.000
v 600.000 -2300.000 -152.839
v 700.000 -2300.000 -161.340
v 800.000 -2300.000 -175.450
v 900.000 -2300.000 -195.085
v 1000.000 -2300.000 -220.129
v 1100.000 -2300.000 -250.439
v 1200.000 -2300.000 -285.849
v 1300.000 -2300.000 -326.175
v 1400.000 -2300.000 -371.216
v 1500.000 -2300.000 -420.761
v 1600.000 -2300.000 -474.593
v 1700.000 -2300.000 -532.491
v 1800.000 -2300.000 -594.233
v 1900.000 -2300.000 -659.601
v 2000.000 -2300.000 -728.382
v 2100.000 -2300.000 -800.368
v -5800.000 -2300.000 -800.587
v -5700.000 -2400.000 -642.538
v -5800.000 -2400.000 -762.719
v -5600.000 -2400.000 -523.354
v -5500.000 -2400.000 -405.500
v -5400.000 -2400.000 -289.472
v -5300.000 -2400.000 -176.025
v -5200.000 -2400.000 -66.369
v -5100.000 -2400.000 0.000
v -5000.000 -2400.000 0.000
v -4900.000 -2400.000 0.000
v -4800.000 -2400.000 0.000
v -4700.000 -2400.000 0.000
v -4600.000 -2400.000 0.000
v -4500.000 -2400.000 0.000
v -4400.000 -2400.000 0.000
v -4300.000 -2400.000 0.000
v -4200.000 -2400.000 0.000
v -4100.000 -2400.000 0.000
v -4000.000 -2400.000 0.000
v -3900.000 -2400.000 0.000
v -3800.000 -2400.000 0.000
v -3700.000 -2400.000 0.000
v -3600.000 -2400.000 0.000
v -3500.000 -2400.000 0.000
v -3400.000 -2400.000 0.000
v -3300.000 -2400.000 0.000
v -3200.000 -2400.000 0.000
v -3100.000 -2400.000 -44.932
v -3000.000 -2400.000 -109.244
v -2900.000 -2400.000 -173.556
v -2800.000 -2400.000 -237.868
v -2700.000 -2400.000 -302.180
v -2600.000 -2400.000 -366.492
v -2500.000 -2400.000 -430.803
v -2400.000 -2400.000 -495.115
v -2300.000 -2400.000 -559.427
v -2200.000 -2400.000 -623.739
v -2100.000 -2400.000 -688.051
v -2000.000 -2400.000 -752.363
v -1900.000 -2400.000 -816.675
v -900.000 -2400.000 -765.728
v -1000.000 -2400.000 -832.383
v -800.000 -2400.000 -702.461
v -700.000 -2400.000 -642.780
v -600.000 -2400.000 -586.887
v -500.000 -2400.000 -534.984
v -400.000 -2400.000 -487.272
v -300.000 -2400.000 -443.949
v -200.000 -2400.000 -405.204
v -100.000 -2400.000 -371.216
v 0.000 -2400.000 -342.151
v 100.000 -2400.000 -318.154
v 200.000 -2400.000 -299.353
v 300.000 -2400.000 -285.849
v 400.000 -2400.000 -277.716
v 500.000 -2400.000 -275.000
v 600.000 -2400.000 -277.716
v 700.000 -2400.000 -285.849
v 800.000 -2400.000 -299.353
v 900.000 -2400.000 -318.154
v 1000.000 -2400.000 -342.151
v 1100.000 -2400.000 -371.216
v 1200.000 -2400.000 -405.204
v 1300.000 -2400.000 -443.949
v 1400.000 -2400.000 -487.272
v 1500.000 -2400.000 -534.984
v 1600.000 -2400.000 -586.887
v 1700.000 -2400.000 -642.780
v 1800.000 -2400.000 -702.461
v 1900.000 -2400.000 -765.728
v 2000.000 -2400.000 -832.383
v -5700.000 -2500.000 -612.255
v -5800.000 -2500.000 -735.042
v -5600.000 -2500.000 -489.943
v -5500.000 -2500.000 -368.276
v -5400.000 -2500.000 -247.514
v -5300.000 -2500.000 -128.069
v -5200.000 -2500.000 -10.646
v -5100.000 -2500.000 0.000
v -5000.000 -2500.000 0.000
v -4900.000 -2500.000 0.000
v -4800.000 -2500.000 0.000
v -4700.000 -2500.000 0.000
v -4600.000 -2500.000 0.000
v -4500.000 -2500.000 0.000
v -4400.000 -2500.000 0.000
v -4300.000 -2500.000 0.000
v -4200.000 -2500.000 0.000
v -4100.000 -2500.000 0.000
v -4000.000 -2500.000 0.000
v -3900.000 -2500.000 0.000
v -3800.000 -2500.000 0.000
v -3700.000 -2500.000 0.000
v -3600.000 -2500.000 0.000
v -3500.000 -2500.000 0.000
v -3400.000 -2500.000 0.000
v -3300.000 -2500.000 -23.494
v -3200.000 -2500.000 -87.806
v -3100.000 -2500.000 -152.118
v -3000.000 -2500.000 -216.430
v -2900.000 -2500.000 -280.742
v -2800.000 -2500.000 -345.054
v -2700.000 -2500.000 -409.366
v -2600.000 -2500.000 -473.678
v -2500.000 -2500.000 -537.990
v -2400.000 -2500.000 -602.302
v -2300.000 -2500.000 -666.614
v -2200.000 -2500.000 -730.926
v -2100.000 -2500.000 -795.238
v -700.000 -2500.000 -754.102
v -800.000 -2500.000 -811.836
v -600.000 -2500.000 -700.095
v -500.000 -2500.000 -650.000
v -400.000 -2500.000 -604.001
v -300.000 -2500.000 -562.278
v -200.000 -2500.000 -525.000
v -100.000 -2500.000 -492.329
v 0.000 -2500.000 -464.413
v 100.000 -2500.000 -441.381
v 200.000 -2500.000 -423.347
v 300.000 -2500.000 -410.399
v 400.000 -2500.000 -402.603
v 500.000 -2500.000 -400.000
v 600.000 -2500.000 -402.603
v 700.000 -2500.000 -410.399
v 800.000 -2500.000 -423.347
v 900.000 -2500.000 -441.381
v 1000.000 -2500.000 -464.413
v 1100.000 -2500.000 -492.329
v 1200.000 -2500.000 -525.000
v 1300.000 -2500.000 -562.278
v 1400.000 -2500.000 -604.001
v 1500.000 -2500.000 -650.000
v 1600.000 -2500.000 -700.095
v 1700.000 -2500.000 -754.102
v 1800.000 -2500.000 -811.836
v -5700.000 -2600.000 -593.734
v -5800.000 -2600.000 -718.170
v -5600.000 -2600.000 -469.423
v -5500.000 -2600.000 -345.282
v -5400.000 -2600.000 -221.383
v -5300.000 -2600.000 -97.845
v -5200.000 -2600.000 0.000
v -5100.000 -2600.000 0.000
v -5000.000 -2600.000 0.000
v -4900.000 -2600.000 0.000
v -4800.000 -2600.000 0.000
v -4700.000 -2600.000 0.000
v -4600.000 -2600.000 0.000
v -4500.000 -2600.000 0.000
v -4400.000 -2600.000 0.000
v -4300.000 -2600.000 0.000
v -4200.000 -2600.000 0.000
v -4100.000 -2600.000 0.000
v -4000.000 -2600.000 0.000
v -3900.000 -2600.000 0.000
v -3800.000 -2600.000 0.000
v -3700.000 -2600.000 0.000
v -3600.000 -2600.000 0.000
v -3500.000 -2600.000 -2.057
v -3400.000 -2600.000 -66.369
v -3300.000 -2600.000 -130.681
v -3200.000 -2600.000 -194.993
v -3100.000 -2600.000 -259.305
v -3000.000 -2600.000 -323.617
v -2900.000 -2600.000 -387.929
v -2800.000 -2600.000 -452.241
v -2700.000 -2600.000 -516.553
v -2600.000 -2600.000 -580.865
v -2500.000 -2600.000 -645.177
v -2400.000 -2600.000 -709.489
v -2300.000 -2600.000 -773.801
v -500.000 -2600.000 -765.728
v -600.000 -2600.000 -814.125
v -400.000 -2600.000 -721.333
v -300.000 -2600.000 -681.101
v -200.000 -2600.000 -645.189
v -100.000 -2600.000 -613.740
v 0.000 -2600.000 -586.887
v 100.000 -2600.000 -564.747
v 200.000 -2600.000 -547.420
v 300.000 -2600.000 -534.984
v 400.000 -2600.000 -527.499
v 500.000 -2600.000 -525.000
v 600.000 -2600.000 -527.499
v 700.000 -2600.000 -534.984
v 800.000 -2600.000 -547.420
v 900.000 -2600.000 -564.747
v 1000.000 -2600.000 -586.887
v 1100.000 -2600.000 -613.740
v 1200.000 -2600.000 -645.189
v 1300.000 -2600.000 -681.101
v 1400.000 -2600.000 -721.333
v 1500.000 -2600.000 -765.728
v 1600.000 -2600.000 -814.125
v -5700.000 -2700.000 -587.500
v -5800.000 -2700.000 -712.500
v -5600.000 -2700.000 -462.500
v -5500.000 -2700.000 -337.500
v -5400.000 -2700.000 -212.500
v -5300.000 -2700.000 -87.500
v -5200.000 -2700.000 0.000
v -5100.000 -2700.000 0.000
v -5000.000 -2700.000 0.000
v -4900.000 -2700.000 0.000
v -4800.000 -2700.000 0.000
v -4700.000 -2700.000 0.000
v -4600.000 -2700.000 0.000
v -4500.000 -2700.000 0.000
v -4400.000 -2700.000 0.000
v -4300.000 -2700.000 0.000
v -4200.000 -2700.000 0.000
v -4100.000 -2700.000 0.000
v -4000.000 -2700.000 0.000
v -3900.000 -2700.000 0.000
v -3800.000 -2700.000 0.000
v -3700.000 -2700.000 0.000
v -3600.000 -2700.000 -44.932
v -3500.000 -2700.000 -109.244
v -3400.000 -2700.000 -173.556
v -3300.000 -2700.000 -237.868
v -3200.000 -2700.000 -302.180
v -3100.000 -2700.000 -366.492
v -3000.000 -2700.000 -430.803
v -2900.000 -2700.000 -495.115
v -2800.000 -2700.000 -559.427
v -2700.000 -2700.000 -623.739
v -2600.000 -2700.000 -688.051
v -2500.000 -2700.000 -752.363
v -2400.000 -2700.000 -816.675
v -200.000 -2700.000 -765.728
v -300.000 -2700.000 -800.368
v -100.000 -2700.000 -735.416
v 0.000 -2700.000 -709.551
v 100.000 -2700.000 -688.237
v 200.000 -2700.000 -671.563
v 300.000 -2700.000 -659.601
v 400.000 -2700.000 -652.403
v 500.000 -2700.000 -650.000
v 600.000 -2700.000 -652.403
v 700.000 -2700.000 -659.601
v 800.000 -2700.000 -671.563
v 900.000 -2700.000 -688.237
v 1000.000 -2700.000 -709.551
v 1100.000 -2700.000 -735.416
v 1200.000 -2700.000 -765.728
v 1300.000 -2700.000 -800.368
v -5700.000 -2800.000 -593.734
v -5800.000 -2800.000 -718.170
v -5600.000 -2800.000 -469.423
v -5500.000 -2800.000 -345.282
v -5400.000 -2800.000 -221.383
v -5300.000 -2800.000 -97.845
v -5200.000 -2800.000 0.000
v -5100.000 -2800.000 0.000
v -5000.000 -2800.000 0.000
v -4900.000 -2800.000 0.000
v -4800.000 -2800.000 0.000
v -4700.000 -2800.000 0.000
v -4600.000 -2800.000 0.000
v -4500.000 -2800.000 0.000
v -4400.000 -2800.000 0.000
v -4300.000 -2800.000 0.000
v -4200.000 -2800.000 0.000
v -4100.000 -2800.000 0.000
v -4000.000 -2800.000 0.000
v -3900.000 -2800.000 0.000
v -3800.000 -2800.000 -23.494
v -3700.000 -2800.000 -87.806
v -3600.000 -2800.000 -152.118
v -3500.000 -2800.000 -216.430
v -3400.000 -2800.000 -280.742
v -3300.000 -2800.000 -345.054
v -3200.000 -2800.000 -409.366
v -3100.000 -2800.000 -473.678
v -3000.000 -2800.000 -537.990
v -2900.000 -2800.000 -602.302
v -2800.000 -2800.000 -666.614
v -2700.000 -2800.000 -730.926
v -2600.000 -2800.000 -795.238
v 200.000 -2800.000 -795.769
v 100.000 -2800.000 -811.836
v 300.000 -2800.000 -784.247
v 400.000 -2800.000 -777.314
v 500.000 -2800.000 -775.000
v 600.000 -2800.000 -777.314
v 700.000 -2800.000 -784.247
v 800.000 -2800.000 -795.769
v 900.000 -2800.000 -811.836
v -5700.000 -2900.000 -612.255
v -5800.000 -2900.000 -735.042
v -5600.000 -2900.000 -489.943
v -5500.000 -2900.000 -368.276
v -5400.000 -2900.000 -247.514
v -5300.000 -2900.000 -128.069
v -5200.000 -2900.000 -10.646
v -5100.000 -2900.000 0.000
v -5000.000 -2900.000 0.000
v -4900.000 -2900.000 0.000
v -4800.000 -2900.000 0.000
v -4700.000 -2900.000 0.000
v -4600.000 -2900.000 0.000
v -4500.000 -2900.000 0.000
v -4400.000 -2900.000 0.000
v -4300.000 -2900.000 0.000
v -4200.000 -2900.000 0.000
v -4100.000 -2900.000 0.000
v -4000.000 -2900.000 -2.057
v -3900.000 -2900.000 -66.369
v -3800.000 -2900.000 -130.681
v -3700.000 -2900.000 -194.993
v -3600.000 -2900.000 -259.305
v -3500.000 -2900.000 -323.617
v -3400.000 -2900.000 -387.929
v -3300.000 -2900.000 -452.241
v -3200.000 -2900.000 -516.553
v -3100.000 -2900.000 -580.865
v -3000.000 -2900.000 -645.177
v -2900.000 -2900.000 -709.489
v -2800.000 -2900.000 -773.801
v -5700.000 -3000.000 -642.538
v -5800.000 -3000.000 -762.719
v -5600.000 -3000.000 -523.354
v -5500.000 -3000.000 -405.500
v -5400.000 -3000.000 -289.472
v -5300.000 -3000.000 -176.025
v -5200.000 -3000.000 -66.369
v -5100.000 -3000.000 0.000
v -5000.000 -3000.000 0.000
v -4900.000 -3000.000 0.000
v -4800.000 -3000.000 0.000
v -4700.000 -3000.000 0.000
v -4600.000 -3000.000 0.000
v -4500.000 -3000.000 0.000
v -4400.000 -3000.000 0.000
v -4300.000 -3000.000 0.000
v -4200.000 -3000.000 0.000
v -4100.000 -3000.000 -44.932
v -4000.000 -3000.000 -109.244
v -3900.000 -3000.000 -173.556
v -3800.000 -3000.000 -237.868
v -3700.000 -3000.000 -302.180
v -3600.000 -3000.000 -366.492
v -3500.000 -3000.000 -430.803
v -3400.000 -3000.000 -495.115
v -3300.000 -3000.000 -559.427
v -3200.000 -3000.000 -623.739
v -3100.000 -3000.000 -688.051
v -3000.000 -3000.000 -752.363
v -2900.000 -3000.000 -816.675
v -5700.000 -3100.000 -683.791
v -5800.000 -3100.000 -778.746
v -5600.000 -3100.000 -568.607
v -5500.000 -3100.000 -455.534
v -5400.000 -3100.000 -345.282
v -5300.000 -3100.000 -238.888
v -5200.000 -3100.000 -137.891
v -5100.000 -3100.000 -44.607
v -5000.000 -3100.000 0.000
v -4900.000 -3100.000 0.000
v -4800.000 -3100.000 0.000
v -4700.000 -3100.000 0.000
v -4600.000 -3100.000 0.000
v -4500.000 -3100.000 0.000
v -4400.000 -3100.000 0.000
v -4300.000 -3100.000 -23.494
v -4200.000 -3100.000 -87.806
v -4100.000 -3100.000 -152.118
v -4000.000 -3100.000 -216.430
v -3900.000 -3100.000 -280.742
v -3800.000 -3100.000 -345.054
v -3700.000 -3100.000 -409.366
v -3600.000 -3100.000 -473.678
v -3500.000 -3100.000 -537.990
v -3400.000 -3100.000 -602.302
v -3300.000 -3100.000 -666.614
v -3200.000 -3100.000 -730.926
v -3100.000 -3100.000 -795.238
v -5700.000 -3200.000 -610.042
v -5800.000 -3200.000 -670.238
v -5600.000 -3200.000 -558.791
v -5500.000 -3200.000 -516.748
v -5400.000 -3200.000 -412.791
v -5300.000 -3200.000 -313.781
v -5200.000 -3200.000 -221.383
v -5100.000 -3200.000 -137.891
v -5000.000 -3200.000 -66.369
v -4900.000 -3200.000 -10.646
v -4800.000 -3200.000 0.000
v -4700.000 -3200.000 0.000
v -4600.000 -3200.000 0.000
v -4500.000 -3200.000 -10.646
v -4400.000 -3200.000 -66.369
v -4300.000 -3200.000 -130.681
v -4200.000 -3200.000 -194.993
v -4100.000 -3200.000 -259.305
v -4000.000 -3200.000 -323.617
v -3900.000 -3200.000 -387.929
v -3800.000 -3200.000 -452.241
v -3700.000 -3200.000 -516.553
v -3600.000 -3200.000 -580.865
v -3500.000 -3200.000 -645.177
v -3400.000 -3200.000 -709.489
v -3300.000 -3200.000 -773.801
v -6000.000 -3200.000 -813.281
v -5900.000 -3200.000 -738.319
v -5900.000 -3300.000 -637.719
v -6000.000 -3300.000 -717.699
v -5800.000 -3300.000 -564.582
v -5700.000 -3300.000 -499.454
v -5600.000 -3300.000 -443.607
v -5500.000 -3300.000 -398.354
v -5400.000 -3300.000 -364.943
v -5300.000 -3300.000 -344.423
v -5200.000 -3300.000 -313.781
v -5100.000 -3300.000 -238.888
v -5000.000 -3300.000 -176.025
v -4900.000 -3300.000 -128.069
v -4800.000 -3300.000 -97.845
v -4700.000 -3300.000 -87.500
v -4600.000 -3300.000 -97.845
v -4500.000 -3300.000 -128.069
v -4400.000 -3300.000 -176.025
v -4300.000 -3300.000 -237.868
v -4200.000 -3300.000 -302.180
v -4100.000 -3300.000 -366.492
v -4000.000 -3300.000 -430.803
v -3900.000 -3300.000 -495.115
v -3800.000 -3300.000 -559.427
v -3700.000 -3300.000 -623.739
v -3600.000 -3300.000 -688.051
v -3500.000 -3300.000 -752.363
v -3400.000 -3300.000 -816.675
v -6100.000 -3300.000 -803.490
v -6000.000 -3400.000 -626.714
v -6100.000 -3400.000 -717.699
v -5900.000 -3400.000 -541.268
v -5800.000 -3400.000 -462.500
v -5700.000 -3400.000 -391.748
v -5600.000 -3400.000 -330.534
v -5500.000 -3400.000 -280.500
v -5400.000 -3400.000 -243.276
v -5300.000 -3400.000 -220.282
v -5200.000 -3400.000 -212.500
v -5100.000 -3400.000 -220.282
v -5000.000 -3400.000 -243.276
v -4900.000 -3400.000 -247.514
v -4800.000 -3400.000 -221.383
v -4700.000 -3400.000 -212.500
v -4600.000 -3400.000 -221.383
v -4500.000 -3400.000 -247.514
v -4400.000 -3400.000 -289.472
v -4300.000 -3400.000 -345.282
v -4200.000 -3400.000 -409.366
v -4100.000 -3400.000 -473.678
v -4000.000 -3400.000 -537.990
v -3900.000 -3400.000 -602.302
v -3800.000 -3400.000 -666.614
v -3700.000 -3400.000 -730.926
v -3600.000 -3400.000 -795.238
v -6200.000 -3400.000 -813.281
v -6100.000 -3500.000 -637.719
v -6200.000 -3500.000 -738.319
v -6000.000 -3500.000 -541.268
v -5900.000 -3500.000 -449.937
v -5800.000 -3500.000 -364.943
v -5700.000 -3500.000 -287.791
v -5600.000 -3500.000 -220.282
v -5500.000 -3500.000 -164.472
v -5400.000 -3500.000 -122.514
v -5300.000 -3500.000 -96.383
v -5200.000 -3500.000 -87.500
v -5100.000 -3500.000 -96.383
v -5000.000 -3500.000 -122.514
v -4900.000 -3500.000 -164.472
v -4800.000 -3500.000 -220.282
v -4700.000 -3500.000 -287.791
v -4600.000 -3500.000 -345.282
v -4500.000 -3500.000 -368.276
v -4400.000 -3500.000 -405.500
v -4300.000 -3500.000 -455.534
v -4200.000 -3500.000 -516.553
v -4100.000 -3500.000 -580.865
v -4000.000 -3500.000 -645.177
v -3900.000 -3500.000 -709.489
v -3800.000 -3500.000 -773.801
v -6100.000 -3600.000 -564.582
v -6200.000 -3600.000 -670.238
v -6000.000 -3600.000 -462.500
v -5900.000 -3600.000 -364.943
v -5800.000 -3600.000 -273.160
v -5700.000 -3600.000 -188.781
v -5600.000 -3600.000 -113.888
v -5500.000 -3600.000 -51.025
v -5400.000 -3600.000 -3.069
v -5300.000 -3600.000 0.000
v -5200.000 -3600.000 0.000
v -5100.000 -3600.000 0.000
v -5000.000 -3600.000 -3.069
v -4900.000 -3600.000 -51.025
v -4800.000 -3600.000 -113.888
v -4700.000 -3600.000 -188.781
v -4600.000 -3600.000 -273.160
v -4500.000 -3600.000 -364.943
v -4400.000 -3600.000 -462.500
v -4300.000 -3600.000 -564.582
v -4200.000 -3600.000 -624.454
v -4100.000 -3600.000 -688.051
v -4000.000 -3600.000 -752.363
v -3900.000 -3600.000 -816.675
v -6300.000 -3600.000 -778.746
v -6200.000 -3700.000 -610.042
v -6300.000 -3700.000 -722.881
v -6100.000 -3700.000 -499.454
v -6000.000 -3700.000 -391.748
v -5900.000 -3700.000 -287.791
v -5800.000 -3700.000 -188.781
v -5700.000 -3700.000 -96.383
v -5600.000 -3700.000 -12.891
v -5500.000 -3700.000 0.000
v -5400.000 -3700.000 0.000
v -5300.000 -3700.000 0.000
v -5200.000 -3700.000 0.000
v -5100.000 -3700.000 0.000
v -5000.000 -3700.000 0.000
v -4900.000 -3700.000 0.000
v -4800.000 -3700.000 -12.891
v -4700.000 -3700.000 -96.383
v -4600.000 -3700.000 -188.781
v -4500.000 -3700.000 -287.791
v -4400.000 -3700.000 -391.748
v -4300.000 -3700.000 -499.454
v -4200.000 -3700.000 -610.042
v -4100.000 -3700.000 -722.881
v -6200.000 -3800.000 -558.791
v -6300.000 -3800.000 -675.587
v -6100.000 -3800.000 -443.607
v -6000.000 -3800.000 -330.534
v -5900.000 -3800.000 -220.282
v -5800.000 -3800.000 -113.888
v -5700.000 -3800.000 -12.891
v -5600.000 -3800.000 0.000
v -5500.000 -3800.000 0.000
v -5400.000 -3800.000 0.000
v -5300.000 -3800.000 0.000
v -5200.000 -3800.000 0.000
v -5100.000 -3800.000 0.000
v -5000.000 -3800.000 0.000
v -4900.000 -3800.000 0.000
v -4800.000 -3800.000 0.000
v -4700.000 -3800.000 -12.891
v -4600.000 -3800.000 -113.888
v -4500.000 -3800.000 -220.282
v -4400.000 -3800.000 -330.534
v -4300.000 -3800.000 -443.607
v -4200.000 -3800.000 -558.791
v -4100.000 -3800.000 -675.587
v -6400.000 -3800.000 -793.639
v -6300.000 -3900.000 -637.719
v -6400.000 -3900.000 -758.665
v -6200.000 -3900.000 -517.538
v -6100.000 -3900.000 -398.354
v -6000.000 -3900.000 -280.500
v -5900.000 -3900.000 -164.472
v -5800.000 -3900.000 -51.025
v -5700.000 -3900.000 0.000
v -5600.000 -3900.000 0.000
v -5500.000 -3900.000 0.000
v -5400.000 -3900.000 0.000
v -5300.000 -3900.000 0.000
v -5200.000 -3900.000 0.000
v -5100.000 -3900.000 0.000
v -5000.000 -3900.000 0.000
v -4900.000 -3900.000 0.000
v -4800.000 -3900.000 0.000
v -4700.000 -3900.000 0.000
v -4600.000 -3900.000 -51.025
v -4500.000 -3900.000 -164.472
v -4400.000 -3900.000 -280.500
v -4300.000 -3900.000 -398.354
v -4200.000 -3900.000 -517.538
v -4100.000 -3900.000 -637.719
v -4000.000 -3800.000 -793.639
v -4000.000 -3900.000 -758.665
v -6300.000 -4000.000 -610.042
v -6400.000 -4000.000 -733.191
v -6200.000 -4000.000 -487.255
v -6100.000 -4000.000 -364.943
v -6000.000 -4000.000 -243.276
v -5900.000 -4000.000 -122.514
v -5800.000 -4000.000 -3.069
v -5700.000 -4000.000 0.000
v -5600.000 -4000.000 0.000
v -5500.000 -4000.000 0.000
v -5400.000 -4000.000 0.000
v -5300.000 -4000.000 0.000
v -5200.000 -4000.000 0.000
v -5100.000 -4000.000 0.000
v -5000.000 -4000.000 0.000
v -4900.000 -4000.000 0.000
v -4800.000 -4000.000 0.000
v -4700.000 -4000.000 0.000
v -4600.000 -4000.000 -3.069
v -4500.000 -4000.000 -122.514
v -4400.000 -4000.000 -243.276
v -4300.000 -4000.000 -364.943
v -4200.000 -4000.000 -487.255
v -4100.000 -4000.000 -610.042
v -4000.000 -4000.000 -733.191
v -6300.000 -4100.000 -593.170
v -6400.000 -4100.000 -717.699
v -6200.000 -4100.000 -468.734
v -6100.000 -4100.000 -344.423
v -6000.000 -4100.000 -220.282
v -5900.000 -4100.000 -96.383
v -5800.000 -4100.000 0.000
v -5700.000 -4100.000 0.000
v -5600.000 -4100.000 0.000
v -5500.000 -4100.000 0.000
v -5400.000 -4100.000 0.000
v -5300.000 -4100.000 0.000
v -5200.000 -4100.000 0.000
v -5100.000 -4100.000 0.000
v -5000.000 -4100.000 0.000
v -4900.000 -4100.000 0.000
v -4800.000 -4100.000 0.000
v -4700.000 -4100.000 0.000
v -4600.000 -4100.000 0.000
v -4500.000 -4100.000 -96.383
v -4400.000 -4100.000 -220.282
v -4300.000 -4100.000 -344.423
v -4200.000 -4100.000 -468.734
v -4100.000 -4100.000 -593.170
v -4000.000 -4100.000 -717.699
v -6300.000 -4200.000 -587.500
v -6400.000 -4200.000 -712.500
v -6200.000 -4200.000 -462.500
v -6100.000 -4200.000 -337.500
v -6000.000 -4200.000 -212.500
v -5900.000 -4200.000 -87.500
v -5800.000 -4200.000 0.000
v -5700.000 -4200.000 0.000
v -5600.000 -4200.000 0.000
v -5500.000 -4200.000 0.000
v -5400.000 -4200.000 0.000
v -5300.000 -4200.000 0.000
v -5200.000 -4200.000 0.000
v -5100.000 -4200.000 0.000
v -5000.000 -4200.000 0.000
v -4900.000 -4200.000 0.000
v -4800.000 -4200.000 0.000
v -4700.000 -4200.000 0.000
v -4600.000 -4200.000 0.000
v -4500.000 -4200.000 -87.500
v -4400.000 -4200.000 -212.500
v -4300.000 -4200.000 -337.500
v -4200.000 -4200.000 -462.500
v -4100.000 -4200.000 -587.500
v -4000.000 -4200.000 -712.500
v -6300.000 -4300.000 -593.170
v -6400.000 -4300.000 -717.699
v -6200.000 -4300.000 -468.734
v -6100.000 -4300.000 -344.423
v -6000.000 -4300.000 -220.282
v -5900.000 -4300.000 -96.383
v -5800.000 -4300.000 0.000
v -5700.000 -4300.000 0.000
v -5600.000 -4300.000 0.000
v -5500.000 -4300.000 0.000
v -5400.000 -4300.000 0.000
v -5300.000 -4300.000 0.000
v -5200.000 -4300.000 0.000
v -5100.000 -4300.000 0.000
v -5000.000 -4300.000 0.000
v -4900.000 -4300.000 0.000
v -4800.000 -4300.000 0.000
v -4700.000 -4300.000 0.000
v -4600.000 -4300.000 0.000
v -4500.000 -4300.000 -96.383
v -4400.000 -4300.000 -220.282
v -4300.000 -4300.000 -344.423
v -4200.000 -4300.000 -468.734
v -4100.000 -4300.000 -593.170
v -4000.000 -4300.000 -717.699
v -6300.000 -4400.000 -610.042
v -6400.000 -4400.000 -733.191
v -6200.000 -4400.000 -487.255
v -6100.000 -4400.000 -364.943
v -6000.000 -4400.000 -243.276
v -5900.000 -4400.000 -122.514
v -5800.000 -4400.000 -3.069
v -5700.000 -4400.000 0.000
v -5600.000 -4400.000 0.000
v -5500.000 -4400.000 0.000
v -5400.000 -4400.000 0.000
v -5300.000 -4400.000 0.000
v -5200.000 -4400.000 0.000
v -5100.000 -4400.000 0.000
v -5000.000 -4400.000 0.000
v -4900.000 -4400.000 0.000
v -4800.000 -4400.000 0.000
v -4700.000 -4400.000 0.000
v -4600.000 -4400.000 -3.069
v -4500.000 -4400.000 -122.514
v -4400.000 -4400.000 -243.276
v -4300.000 -4400.000 -364.943
v -4200.000 -4400.000 -487.255
v -4100.000 -4400.000 -610.042
v -4000.000 -4400.000 -733.191
v -6300.000 -4500.000 -637.719
v -6400.000 -4500.000 -758.665
v -6200.000 -4500.000 -517.538
v -6100.000 -4500.000 -398.354
v -6000.000 -4500.000 -280.500
v -5900.000 -4500.000 -164.472
v -5800.000 -4500.000 -51.025
v -5700.000 -4500.000 0.000
v -5600.000 -4500.000 0.000
v -5500.000 -4500.000 0.000
v -5400.000 -4500.000 0.000
v -5300.000 -4500.000 0.000
v -5200.000 -4500.000 0.000
v -5100.000 -4500.000 0.000
v -5000.000 -4500.000 0.000
v -4900.000 -4500.000 0.000
v -4800.000 -4500.000 0.000
v -4700.000 -4500.000 0.000
v -4600.000 -4500.000 -51.025
v -4500.000 -4500.000 -164.472
v -4400.000 -4500.000 -280.500
v -4300.000 -4500.000 -398.354
v -4200.000 -4500.000 -517.538
v -4100.000 -4500.000 -637.719
v -4000.000 -4500.000 -758.665
v -6300.000 -4600.000 -675.587
v -6400.000 -4600.000 -793.639
v -6200.000 -4600.000 -558.791
v -6100.000 -4600.000 -443.607
v -6000.000 -4600.000 -330.534
v -5900.000 -4600.000 -220.282
v -5800.000 -4600.000 -113.888
v -5700.000 -4600.000 -12.891
v -5600.000 -4600.000 0.000
v -5500.000 -4600.000 0.000
v -5400.000 -4600.000 0.000
v -5300.000 -4600.000 0.000
v -5200.000 -4600.000 0.000
v -5100.000 -4600.000 0.000
v -5000.000 -4600.000 0.000
v -4900.000 -4600.000 0.000
v -4800.000 -4600.000 0.000
v -4700.000 -4600.000 -12.891
v -4600.000 -4600.000 -113.888
v -4500.000 -4600.000 -220.282
v -4400.000 -4600.000 -330.534
v -4300.000 -4600.000 -443.607
v -4200.000 -4600.000 -558.791
v -4100.000 -4600.000 -675.587
v -4000.000 -4600.000 -793.639
v -6200.000 -4700.000 -610.042
v -6300.000 -4700.000 -722.881
v -6100.000 -4700.000 -499.454
v -6000.000 -4700.000 -391.748
v -5900.000 -4700.000 -287.791
v -5800.000 -4700.000 -188.781
v -5700.000 -4700.000 -96.383
v -5600.000 -4700.000 -12.891
v -5500.000 -4700.000 0.000
v -5400.000 -4700.000 0.000
v -5300.000 -4700.000 0.000
v -5200.000 -4700.000 0.000
v -5100.000 -4700.000 0.000
v -5000.000 -4700.000 0.000
v -4900.000 -4700.000 0.000
v -4800.000 -4700.000 -12.891
v -4700.000 -4700.000 -96.383
v -4600.000 -4700.000 -188.781
v -4500.000 -4700.000 -287.791
v -4400.000 -4700.000 -391.748
v -4300.000 -4700.000 -499.454
v -4200.000 -4700.000 -610.042
v -4100.000 -4700.000 -722.881
v -6200.000 -4800.000 -670.238
v -6300.000 -4800.000 -778.746
v -6100.000 -4800.000 -564.582
v -6000.000 -4800.000 -462.500
v -5900.000 -4800.000 -364.943
v -5800.000 -4800.000 -273.160
v -5700.000 -4800.000 -188.781
v -5600.000 -4800.000 -113.888
v -5500.000 -4800.000 -51.025
v -5400.000 -4800.000 -3.069
v -5300.000 -4800.000 0.000
v -5200.000 -4800.000 0.000
v -5100.000 -4800.000 0.000
v -5000.000 -4800.000 -3.069
v -4900.000 -4800.000 -51.025
v -4800.000 -4800.000 -113.888
v -4700.000 -4800.000 -188.781
v -4600.000 -4800.000 -273.160
v -4500.000 -4800.000 -364.943
v -4400.000 -4800.000 -462.500
v -4300.000 -4800.000 -564.582
v -4200.000 -4800.000 -670.238
v -4100.000 -4800.000 -778.746
v -6100.000 -4900.000 -637.719
v -6200.000 -4900.000 -738.319
v -6000.000 -4900.000 -541.268
v -5900.000 -4900.000 -449.937
v -5800.000 -4900.000 -364.943
v -5700.000 -4900.000 -287.791
v -5600.000 -4900.000 -220.282
v -5500.000 -4900.000 -164.472
v -5400.000 -4900.000 -122.514
v -5300.000 -4900.000 -96.383
v -5200.000 -4900.000 -87.500
v -5100.000 -4900.000 -96.383
v -5000.000 -4900.000 -122.514
v -4900.000 -4900.000 -164.472
v -4800.000 -4900.000 -220.282
v -4700.000 -4900.000 -287.791
v -4600.000 -4900.000 -364.943
v -4500.000 -4900.000 -449.937
v -4400.000 -4900.000 -541.268
v -4300.000 -4900.000 -637.719
v -4200.000 -4900.000 -738.319
v -6100.000 -5000.000 -717.699
v -6200.000 -5000.000 -813.281
v -6000.000 -5000.000 -626.714
v -5900.000 -5000.000 -541.268
v -5800.000 -5000.000 -462.500
v -5700.000 -5000.000 -391.748
v -5600.000 -5000.000 -330.534
v -5500.000 -5000.000 -280.500
v -5400.000 -5000.000 -243.276
v -5300.000 -5000.000 -220.282
v -5200.000 -5000.000 -212.500
v -5100.000 -5000.000 -220.282
v -5000.000 -5000.000 -243.276
v -4900.000 -5000.000 -280.500
v -4800.000 -5000.000 -330.534
v -4700.000 -5000.000 -391.748
v -4600.000 -5000.000 -462.500
v -4500.000 -5000.000 -541.268
v -4400.000 -5000.000 -626.714
v -4300.000 -5000.000 -717.699
v -4200.000 -5000.000 -813.281
v -6000.000 -5100.000 -717.699
v -6100.000 -5100.000 -803.490
v -5900.000 -5100.000 -637.719
v -5800.000 -5100.000 -564.582
v -5700.000 -5100.000 -499.454
v -5600.000 -5100.000 -443.607
v -5500.000 -5100.000 -398.354
v -5400.000 -5100.000 -364.943
v -5300.000 -5100.000 -344.423
v -5200.000 -5100.000 -337.500
v -5100.000 -5100.000 -344.423
v -5000.000 -5100.000 -364.943
v -4900.000 -5100.000 -398.354
v -4800.000 -5100.000 -443.607
v -4700.000 -5100.000 -499.454
v -4600.000 -5100.000 -564.582
v -4500.000 -5100.000 -637.719
v -4400.000 -5100.000 -717.699
v -4300.000 -5100.000 -803.490
v -5900.000 -5200.000 -738.319
v -6000.000 -5200.000 -813.281
v -5800.000 -5200.000 -670.238
v -5700.000 -5200.000 -610.042
v -5600.000 -5200.000 -558.791
v -5500.000 -5200.000 -517.538
v -5400.000 -5200.000 -487.255
v -5300.000 -5200.000 -468.734
v -5200.000 -5200.000 -462.500
v -5100.000 -5200.000 -468.734
v -5000.000 -5200.000 -487.255
v -4900.000 -5200.000 -517.538
v -4800.000 -5200.000 -558.791
v -4700.000 -5200.000 -610.042
v -4600.000 -5200.000 -670.238
v -4500.000 -5200.000 -738.319
v -4400.000 -5200.000 -813.281
v -5700.000 -5300.000 -722.881
v -5800.000 -5300.000 -778.746
v -5600.000 -5300.000 -675.587
v -5500.000 -5300.000 -637.719
v -5400.000 -5300.000 -610.042
v -5300.000 -5300.000 -593.170
v -5200.000 -5300.000 -587.500
v -5100.000 -5300.000 -593.170
v -5000.000 -5300.000 -610.042
v -4900.000 -5300.000 -637.719
v -4800.000 -5300.000 -675.587
v -4700.000 -5300.000 -722.881
v -4600.000 -5300.000 -778.746
v -5500.000 -5400.000 -758.665
v -5600.000 -5400.000 -793.639
v -5400.000 -5400.000 -733.191
v -5300.000 -5400.000 -717.699
v -5200.000 -5400.000 -712.500
v -5100.000 -5400.000 -717.699
v -5000.000 -5400.000 -733.191
v -4900.000 -5400.000 -758.665
v -4800.000 -5400.000 -793.639
vt 0.28571 -7.42857
vt 0.57143 -7.42857
vt 0.57143 -7.14286
vt 0.28571 -7.14286
vt 0.85714 -7.42857
vt 0.85714 -7.14286
vt 1.14286 -7.42857
vt 1.14286 -7.14286
vt 1.42857 -7.42857
vt 1.42857 -7.14286
vt 1.71429 -7.42857
vt 1.71429 -7.14286
vt 2.00000 -7.42857
vt 2.00000 -7.14286
vt 2.28571 -7.42857
vt 2.28571 -7.14286
vt 2.57143 -7.42857
vt 2.57143 -7.14286
vt -0.85714 -7.14286
vt -0.57143 -7.14286
vt -0.57143 -6.85714
vt -0.85714 -6.85714
vt -0.28571 -7.14286
vt -0.28571 -6.85714
vt 0.00000 -7.14286
vt 0.00000 -6.85714
vt 0.28571 -6.85714
vt 0.57143 -6.85714
vt 0.85714 -6.85714
vt 1.14286 -6.85714
vt 1.42857 -6.85714
vt 1.71429 -6.85714
vt 2.00000 -6.85714
vt 2.28571 -6.85714
vt 2.57143 -6.85714
vt 2.85714 -7.14286
vt 2.85714 -6.85714
vt 3.14286 -7.14286
vt 3.14286 -6.85714
vt 3.42857 -7.14286
vt 3.42857 -6.85714
vt 3.71429 -7.14286
vt 3.71429 -6.85714
vt -1.71429 -6.85714
vt -1.42857 -6.85714
vt -1.42857 -6.57143
vt -1.71429 -6.57143
vt -1.14286 -6.85714
vt -1.14286 -6.57143
vt -0.85714 -6.57143
vt -0.57143 -6.57143
vt -0.28571 -6.57143
vt 0.00000 -6.57143
vt 0.28571 -6.57143
vt 0.57143 -6.57143
vt 0.85714 -6.57143
vt 1.14286 -6.57143
vt 1.42857 -6.57143
vt 1.71429 -6.57143
vt 2.00000 -6.57143
vt 2.28571 -6.57143
vt 2.57143 -6.57143
vt 2.85714 -6.57143
vt 3.14286 -6.57143
vt 3.42857 -6.57143
vt 3.71429 -6.57143
vt 4.00000 -6.85714
vt 4.00000 -6.57143
vt 4.28571 -6.85714
vt 4.28571 -6.57143
vt 4.57143 -6.85714
vt 4.57143 -6.57143
vt -2.28571 -6.57143
vt -2.00000 -6.57143
vt -2.00000 -6.28571
vt -2.28571 -6.28571
vt -1.71429 -6.28571
vt -1.42857 -6.28571
vt -1.14286 -6.28571
vt -0.85714 -6.28571
vt -0.57143 -6.28571
vt -0.28571 -6.28571
vt 0.00000 -6.28571
vt 0.28571 -6.28571
vt 0.57143 -6.28571
vt 0.85714 -6.28571
vt 1.14286 -6.28571
vt 1.42857 -6.28571
vt 1.71429 -6.28571
vt 2.00000 -6.28571
vt 2.28571 -6.28571
vt 2.57143 -6.28571
vt 2.85714 -6.28571
vt 3.14286 -6.28571
vt 3.42857 -6.28571
vt 3.71429 -6.28571
vt 4.00000 -6.28571
vt 4.28571 -6.28571
vt 4.57143 -6.28571
vt 4.85714 -6.57143
vt 4.85714 -6.28571
vt 5.14286 -6.57143
vt 5.14286 -6.28571
vt -2.85714 -6.28571
vt -2.57143 -6.28571
vt -2.57143 -6.00000
vt -2.85714 -6.00000
vt -2.28571 -6.00000
vt -2.00000 -6.00000
vt -1.71429 -6.00000
vt -1.42857 -6.00000
vt -1.14286 -6.00000
vt -0.85714 -6.00000
vt -0.57143 -6.00000
vt -0.28571 -6.00000
vt 0.00000 -6.00000
vt 0.28571 -6.00000
vt 0.57143 -6.00000
vt 0.85714 -6.00000
vt 1.14286 -6.00000
vt 1.42857 -6.00000
vt 1.71429 -6.00000
vt 2.00000 -6.00000
vt 2.28571 -6.00000
vt 2.57143 -6.00000
vt 2.85714 -6.00000
vt 3.14286 -6.00000
vt 3.42857 -6.00000
vt 3.71429 -6.00000
vt 4.00000 -6.00000
vt 4.28571 -6.00000
vt 4.57143 -6.00000
vt 4.85714 -6.00000
vt 5.14286 -6.00000
vt 5.42857 -6.28571
vt 5.42857 -6.00000
vt 5.71429 -6.28571
vt 5.71429 -6.00000
vt -3.14286 -6.00000
vt -2.85714 -5.71429
vt -3.14286 -5.71429
vt -2.57143 -5.71429
vt -2.28571 -5.71429
vt -2.00000 -5.71429
vt -1.71429 -5.71429
vt -1.42857 -5.71429
vt -1.14286 -5.71429
vt -0.85714 -5.71429
vt -0.57143 -5.71429
vt -0.28571 -5.71429
vt 0.00000 -5.71429
vt 0.28571 -5.71429
vt 0.57143 -5.71429
vt 0.85714 -5.71429
vt 1.14286 -5.71429
vt 1.42857 -5.71429
vt 1.71429 -5.71429
vt 2.00000 -5.71429
vt 2.28571 -5.71429
vt 2.57143 -5.71429
vt 2.85714 -5.71429
vt 3.14286 -5.71429
vt 3.42857 -5.71429
vt 3.71429 -5.71429
vt 4.00000 -5.71429
vt 4.28571 -5.71429
vt 4.57143 -5.71429
vt 4.85714 -5.71429
vt 5.14286 -5.71429
vt 5.42857 -5.71429
vt 5.71429 -5.71429
vt 6.00000 -6.00000
vt 6.00000 -5.71429
vt -3.42857 -5.71429
vt -3.14286 -5.42857
vt -3.42857 -5.42857
vt -2.85714 -5.42857
vt -2.57143 -5.42857
vt -2.28571 -5.42857
vt -2.00000 -5.42857
vt -1.71429 -5.42857
vt -1.42857 -5.42857
vt -1.14286 -5.42857
vt -0.85714 -5.42857
vt -0.57143 -5.42857
vt -0.28571 -5.42857
vt 0.00000 -5.42857
vt 0.28571 -5.42857
vt 0.57143 -5.42857
vt 0.85714 -5.42857
vt 1.14286 -5.42857
vt 1.42857 -5.42857
vt 1.71429 -5.42857
vt 2.00000 -5.42857
vt 2.28571 -5.42857
vt 2.57143 -5.42857
vt 2.85714 -5.42857
vt 3.14286 -5.42857
vt 3.42857 -5.42857
vt 3.71429 -5.42857
vt 4.00000 -5.42857
vt 4.28571 -5.42857
vt 4.57143 -5.42857
vt 4.85714 -5.42857
vt 5.14286 -5.42857
vt 5.42857 -5.42857
vt 5.71429 -5.42857
vt 6.00000 -5.42857
vt 6.28571 -5.71429
vt 6.28571 -5.42857
vt -14.85714 -5.42857
vt -14.57143 -5.42857
vt -14.57143 -5.14286
vt -14.85714 -5.14286
vt -14.28571 -5.42857
vt -14.28571 -5.14286
vt -14.00000 -5.42857
vt -14.00000 -5.14286
vt -13.71429 -5.42857
vt -13.71429 -5.14286
vt -13.42857 -5.42857
vt -13.42857 -5.14286
vt -13.14286 -5.42857
vt -13.14286 -5.14286
vt -12.85714 -5.42857
vt -12.85714 -5.14286
vt -12.57143 -5.42857
vt -12.57143 -5.14286
vt -12.28571 -5.42857
vt -12.28571 -5.14286
vt -12.00000 -5.42857
vt -12.00000 -5.14286
vt -11.71429 -5.42857
vt -11.71429 -5.14286
vt -11.42857 -5.42857
vt -11.42857 -5.14286
vt -3.71429 -5.42857
vt -3.42857 -5.14286
vt -3.71429 -5.14286
vt -3.14286 -5.14286
vt -2.85714 -5.14286
vt -2.57143 -5.14286
vt -2.28571 -5.14286
vt -2.00000 -5.14286
vt -1.71429 -5.14286
vt -1.42857 -5.14286
vt -1.14286 -5.14286
vt -0.85714 -5.14286
vt -0.57143 -5.14286
vt -0.28571 -5.14286
vt 0.00000 -5.14286
vt 0.28571 -5.14286
vt 0.57143 -5.14286
vt 0.85714 -5.14286
vt 1.14286 -5.14286
vt 1.42857 -5.14286
vt 1.71429 -5.14286
vt 2.00000 -5.14286
vt 2.28571 -5.14286
vt 2.57143 -5.14286
vt 2.85714 -5.14286
vt 3.14286 -5.14286
vt 3.42857 -5.14286
vt 3.71429 -5.14286
vt 4.00000 -5.14286
vt 4.28571 -5.14286
vt 4.57143 -5.14286
vt 4.85714 -5.14286
vt 5.14286 -5.14286
vt 5.42857 -5.14286
vt 5.71429 -5.14286
vt 6.00000 -5.14286
vt 6.28571 -5.14286
vt 6.57143 -5.42857
vt 6.57143 -5.14286
vt -15.42857 -5.14286
vt -15.14286 -5.14286
vt -15.14286 -4.85714
vt -15.42857 -4.85714
vt -14.85714 -4.85714
vt -14.57143 -4.85714
vt -14.28571 -4.85714
vt -14.00000 -4.85714
vt -13.71429 -4.85714
vt -13.42857 -4.85714
vt -13.14286 -4.85714
vt -12.85714 -4.85714
vt -12.57143 -4.85714
vt -12.28571 -4.85714
vt -12.00000 -4.85714
vt -11.71429 -4.85714
vt -11.42857 -4.85714
vt -11.14286 -5.14286
vt -11.14286 -4.85714
vt -10.85714 -5.14286
vt -10.85714 -4.85714
vt -10.57143 -5.14286
vt -10.57143 -4.85714
vt -10.28571 -5.14286
vt -10.28571 -4.85714
vt -10.00000 -5.14286
vt -10.00000 -4.85714
vt -9.71429 -5.14286
vt -9.71429 -4.85714
vt -9.42857 -5.14286
vt -9.42857 -4.85714
vt -4.00000 -5.14286
vt -3.71429 -4.85714
vt -4.00000 -4.85714
vt -3.42857 -4.85714
vt -3.14286 -4.85714
vt -2.85714 -4.85714
vt -2.57143 -4.85714
vt -2.28571 -4.85714
vt -2.00000 -4.85714
vt -1.71429 -4.85714
vt -1.42857 -4.85714
vt -1.14286 -4.85714
vt -0.85714 -4.85714
vt -0.57143 -4.85714
vt -0.28571 -4.85714
vt 0.00000 -4.85714
vt 0.28571 -4.85714
vt 0.57143 -4.85714
vt 0.85714 -4.85714
vt 1.14286 -4.85714
vt 1.42857 -4.85714
vt 1.71429 -4.85714
vt 2.00000 -4.85714
vt 2.28571 -4.85714
vt 2.57143 -4.85714
vt 2.85714 -4.85714
vt 3.14286 -4.85714
vt 3.42857 -4.85714
vt 3.71429 -4.85714
vt 4.00000 -4.85714
vt 4.28571 -4.85714
vt 4.57143 -4.85714
vt 4.85714 -4.85714
vt 5.14286 -4.85714
vt 5.42857 -4.85714
vt 5.71429 -4.85714
vt 6.00000 -4.85714
vt 6.28571 -4.85714
vt 6.57143 -4.85714
vt 6.85714 -5.14286
vt 6.85714 -4.85714
vt -15.71429 -4.85714
vt -15.42857 -4.57143
vt -15.71429 -4.57143
vt -15.14286 -4.57143
vt -14.85714 -4.57143
vt -14.57143 -4.57143
vt -14.28571 -4.57143
vt -14.00000 -4.57143
vt -13.71429 -4.57143
vt -13.42857 -4.57143
vt -13.14286 -4.57143
vt -12.85714 -4.57143
vt -12.57143 -4.57143
vt -12.28571 -4.57143
vt -12.00000 -4.57143
vt -11.71429 -4.57143
vt -11.42857 -4.57143
vt -11.14286 -4.57143
vt -10.85714 -4.57143
vt -10.57143 -4.57143
vt -10.28571 -4.57143
vt -10.00000 -4.57143
vt -9.71429 -4.57143
vt -9.42857 -4.57143
vt -9.14286 -4.85714
vt -9.14286 -4.57143
vt -8.85714 -4.85714
vt -8.85714 -4.57143
vt -8.57143 -4.85714
vt -8.57143 -4.57143
vt -8.28571 -4.85714
vt -8.28571 -4.57143
vt -8.00000 -4.85714
vt -8.00000 -4.57143
vt -7.71429 -4.85714
vt -7.71429 -4.57143
vt -7.42857 -4.85714
vt -7.42857 -4.57143
vt -4.28571 -4.85714
vt -4.00000 -4.57143
vt -4.28571 -4.57143
vt -3.71429 -4.57143
vt -3.42857 -4.57143
vt -3.14286 -4.57143
vt -2.85714 -4.57143
vt -2.57143 -4.57143
vt -2.28571 -4.57143
vt -2.00000 -4.57143
vt -1.71429 -4.57143
vt -1.42857 -4.57143
vt -1.14286 -4.57143
vt -0.85714 -4.57143
vt -0.57143 -4.57143
vt -0.28571 -4.57143
vt 0.00000 -4.57143
vt 0.28571 -4.57143
vt 0.57143 -4.57143
vt 0.85714 -4.57143
vt 1.14286 -4.57143
vt 1.42857 -4.57143
vt 1.71429 -4.57143
vt 2.00000 -4.57143
vt 2.28571 -4.57143
vt 2.57143 -4.57143
vt 2.85714 -4.57143
vt 3.14286 -4.57143
vt 3.42857 -4.57143
vt 3.71429 -4.57143
vt 4.00000 -4.57143
vt 4.28571 -4.57143
vt 4.57143 -4.57143
vt 4.85714 -4.57143
vt 5.14286 -4.57143
vt 5.42857 -4.57143
vt 5.71429 -4.57143
vt 6.00000 -4.57143
vt 6.28571 -4.57143
vt 6.57143 -4.57143
vt 6.85714 -4.57143
vt 7.14286 -4.85714
vt 7.14286 -4.57143
vt -16.00000 -4.57143
vt -15.71429 -4.28571
vt -16.00000 -4.28571
vt -15.42857 -4.28571
vt -15.14286 -4.28571
vt -14.85714 -4.28571
vt -14.57143 -4.28571
vt -14.28571 -4.28571
vt -14.00000 -4.28571
vt -13.71429 -4.28571
vt -13.42857 -4.28571
vt -13.14286 -4.28571
vt -12.85714 -4.28571
vt -12.57143 -4.28571
vt -12.28571 -4.28571
vt -12.00000 -4.28571
vt -11.71429 -4.28571
vt -11.42857 -4.28571
vt -11.14286 -4.28571
vt -10.85714 -4.28571
vt -10.57143 -4.28571
vt -10.28571 -4.28571
vt -10.00000 -4.28571
vt -9.71429 -4.28571
vt -9.42857 -4.28571
vt -9.14286 -4.28571
vt -8.85714 -4.28571
vt -8.57143 -4.28571
vt -8.28571 -4.28571
vt -8.00000 -4.28571
vt -7.71429 -4.28571
vt -7.42857 -4.28571
vt -7.14286 -4.57143
vt -7.14286 -4.28571
vt -6.85714 -4.57143
vt -6.85714 -4.28571
vt -6.57143 -4.57143
vt -6.57143 -4.28571
vt -6.28571 -4.57143
vt -6.28571 -4.28571
vt -6.00000 -4.57143
vt -6.00000 -4.28571
vt -5.71429 -4.57143
vt -5.71429 -4.28571
vt -5.42857 -4.57143
vt -5.42857 -4.28571
vt -4.57143 -4.57143
vt -4.28571 -4.28571
vt -4.57143 -4.28571
vt -4.00000 -4.28571
vt -3.71429 -4.28571
vt -3.42857 -4.28571
vt -3.14286 -4.28571
vt -2.85714 -4.28571
vt -2.57143 -4.28571
vt -2.28571 -4.28571
vt -2.00000 -4.28571
vt -1.71429 -4.28571
vt -1.42857 -4.28571
vt -1.14286 -4.28571
vt -0.85714 -4.28571
vt -0.57143 -4.28571
vt -0.28571 -4.28571
vt 0.00000 -4.28571
vt 0.28571 -4.28571
vt 0.57143 -4.28571
vt 0.85714 -4.28571
vt 1.14286 -4.28571
vt 1.42857 -4.28571
vt 1.71429 -4.28571
vt 2.00000 -4.28571
vt 2.28571 -4.28571
vt 2.57143 -4.28571
vt 2.85714 -4.28571
vt 3.14286 -4.28571
vt 3.42857 -4.28571
vt 3.71429 -4.28571
vt 4.00000 -4.28571
vt 4.28571 -4.28571
vt 4.57143 -4.28571
vt 4.85714 -4.28571
vt 5.14286 -4.28571
vt 5.42857 -4.28571
vt 5.71429 -4.28571
vt 6.00000 -4.28571
vt 6.28571 -4.28571
vt 6.57143 -4.28571
vt 6.85714 -4.28571
vt 7.14286 -4.28571
vt 7.42857 -4.57143
vt 7.42857 -4.28571
vt -16.28571 -4.28571
vt -16.00000 -4.00000
vt -16.28571 -4.00000
vt -15.71429 -4.00000
vt -15.42857 -4.00000
vt -15.14286 -4.00000
vt -14.85714 -4.00000
vt -14.57143 -4.00000
vt -14.28571 -4.00000
vt -14.00000 -4.00000
vt -13.71429 -4.00000
vt -13.42857 -4.00000
vt -13.14286 -4.00000
vt -12.85714 -4.00000
vt -12.57143 -4.00000
vt -12.28571 -4.00000
vt -12.00000 -4.00000
vt -11.71429 -4.00000
vt -11.42857 -4.00000
vt -11.14286 -4.00000
vt -10.85714 -4.00000
vt -10.57143 -4.00000
vt -10.28571 -4.00000
vt -10.00000 -4.00000
vt -9.71429 -4.00000
vt -9.42857 -4.00000
vt -9.14286 -4.00000
vt -8.85714 -4.00000
vt -8.57143 -4.00000
vt -8.28571 -4.00000
vt -8.00000 -4.00000
vt -7.71429 -4.00000
vt -7.42857 -4.00000
vt -7.14286 -4.00000
vt -6.85714 -4.00000
vt -6.57143 -4.00000
vt -6.28571 -4.00000
vt -6.00000 -4.00000
vt -5.71429 -4.00000
vt -5.42857 -4.00000
vt -5.14286 -4.28571
vt -5.14286 -4.00000
vt -4.85714 -4.28571
vt -4.85714 -4.00000
vt -4.57143 -4.00000
vt -4.28571 -4.00000
vt -4.00000 -4.00000
vt -3.71429 -4.00000
vt -3.42857 -4.00000
vt -3.14286 -4.00000
vt -2.85714 -4.00000
vt -2.57143 -4.00000
vt -2.28571 -4.00000
vt -2.00000 -4.00000
vt -1.71429 -4.00000
vt -1.42857 -4.00000
vt -1.14286 -4.00000
vt -0.85714 -4.00000
vt -0.57143 -4.00000
vt -0.28571 -4.00000
vt 0.00000 -4.00000
vt 0.28571 -4.00000
vt 0.57143 -4.00000
vt 0.85714 -4.00000
vt 1.14286 -4.00000
vt 1.42857 -4.00000
vt 1.71429 -4.00000
vt 2.00000 -4.00000
vt 2.28571 -4.00000
vt 2.57143 -4.00000
vt 2.85714 -4.00000
vt 3.14286 -4.00000
vt 3.42857 -4.00000
vt 3.71429 -4.00000
vt 4.00000 -4.00000
vt 4.28571 -4.00000
vt 4.57143 -4.00000
vt 4.85714 -4.00000
vt 5.14286 -4.00000
vt 5.42857 -4.00000
vt 5.71429 -4.00000
vt 6.00000 -4.00000
vt 6.28571 -4.00000
vt 6.57143 -4.00000
vt 6.85714 -4.00000
vt 7.14286 -4.00000
vt 7.42857 -4.00000
vt 7.71429 -4.28571
vt 7.71429 -4.00000
vt -16.57143 -4.00000
vt -16.28571 -3.71429
vt -16.57143 -3.71429
vt -16.00000 -3.71429
vt -15.71429 -3.71429
vt -15.42857 -3.71429
vt -15.14286 -3.71429
vt -14.85714 -3.71429
vt -14.57143 -3.71429
vt -14.28571 -3.71429
vt -14.00000 -3.71429
vt -13.71429 -3.71429
vt -13.42857 -3.71429
vt -13.14286 -3.71429
vt -12.85714 -3.71429
vt -12.57143 -3.71429
vt -12.28571 -3.71429
vt -12.00000 -3.71429
vt -11.71429 -3.71429
vt -11.42857 -3.71429
vt -11.14286 -3.71429
vt -10.85714 -3.71429
vt -10.57143 -3.71429
vt -10.28571 -3.71429
vt -10.00000 -3.71429
vt -9.71429 -3.71429
vt -9.42857 -3.71429
vt -9.14286 -3.71429
vt -8.85714 -3.71429
vt -8.57143 -3.71429
vt -8.28571 -3.71429
vt -8.00000 -3.71429
vt -7.71429 -3.71429
vt -7.42857 -3.71429
vt -7.14286 -3.71429
vt -6.85714 -3.71429
vt -6.57143 -3.71429
vt -6.28571 -3.71429
vt -6.00000 -3.71429
vt -5.71429 -3.71429
vt -5.42857 -3.71429
vt -5.14286 -3.71429
vt -4.85714 -3.71429
vt -4.57143 -3.71429
vt -4.28571 -3.71429
vt -4.00000 -3.71429
vt -3.71429 -3.71429
vt -3.42857 -3.71429
vt -3.14286 -3.71429
vt -2.85714 -3.71429
vt -2.57143 -3.71429
vt -2.28571 -3.71429
vt -2.00000 -3.71429
vt -1.71429 -3.71429
vt -1.42857 -3.71429
vt -1.14286 -3.71429
vt -0.85714 -3.71429
vt -0.57143 -3.71429
vt -0.28571 -3.71429
vt 0.00000 -3.71429
vt 0.28571 -3.71429
vt 0.57143 -3.71429
vt 0.85714 -3.71429
vt 1.14286 -3.71429
vt 1.42857 -3.71429
vt 1.71429 -3.71429
vt 2.00000 -3.71429
vt 2.28571 -3.71429
vt 2.57143 -3.71429
vt 2.85714 -3.71429
vt 3.14286 -3.71429
vt 3.42857 -3.71429
vt 3.71429 -3.71429
vt 4.00000 -3.71429
vt 4.28571 -3.71429
vt 4.57143 -3.71429
vt 4.85714 -3.71429
vt 5.14286 -3.71429
vt 5.42857 -3.71429
vt 5.71429 -3.71429
vt 6.00000 -3.71429
vt 6.28571 -3.71429
vt 6.57143 -3.71429
vt 6.85714 -3.71429
vt 7.14286 -3.71429
vt 7.42857 -3.71429
vt 7.71429 -3.71429
vt 8.00000 -4.00000
vt 8.00000 -3.71429
vt -16.85714 -3.71429
vt -16.57143 -3.42857
vt -16.85714 -3.42857
vt -16.28571 -3.42857
vt -16.00000 -3.42857
vt -15.71429 -3.42857
vt -15.42857 -3.42857
vt -15.14286 -3.42857
vt -14.85714 -3.42857
vt -14.57143 -3.42857
vt -14.28571 -3.42857
vt -14.00000 -3.42857
vt -13.71429 -3.42857
vt -13.42857 -3.42857
vt -13.14286 -3.42857
vt -12.85714 -3.42857
vt -12.57143 -3.42857
vt -12.28571 -3.42857
vt -12.00000 -3.42857
vt -11.71429 -3.42857
vt -11.42857 -3.42857
vt -11.14286 -3.42857
vt -10.85714 -3.42857
vt -10.57143 -3.42857
vt -10.28571 -3.42857
vt -10.00000 -3.42857
vt -9.71429 -3.42857
vt -9.42857 -3.42857
vt -9.14286 -3.42857
vt -8.85714 -3.42857
vt -8.57143 -3.42857
vt -8.28571 -3.42857
vt -8.00000 -3.42857
vt -7.71429 -3.42857
vt -7.42857 -3.42857
vt -7.14286 -3.42857
vt -6.85714 -3.42857
vt -6.57143 -3.42857
vt -6.28571 -3.42857
vt -6.00000 -3.42857
vt -5.71429 -3.42857
vt -5.42857 -3.42857
vt -5.14286 -3.42857
vt -4.85714 -3.42857
vt -4.57143 -3.42857
vt -4.28571 -3.42857
vt -4.00000 -3.42857
vt -3.71429 -3.42857
vt -3.42857 -3.42857
vt -3.14286 -3.42857
vt -2.85714 -3.42857
vt -2.57143 -3.42857
vt -2.28571 -3.42857
vt -2.00000 -3.42857
vt -1.71429 -3.42857
vt -1.42857 -3.42857
vt -1.14286 -3.42857
vt -0.85714 -3.42857
vt -0.57143 -3.42857
vt -0.28571 -3.42857
vt 0.00000 -3.42857
vt 0.28571 -3.42857
vt 0.57143 -3.42857
vt 0.85714 -3.42857
vt 1.14286 -3.42857
vt 1.42857 -3.42857
vt 1.71429 -3.42857
vt 2.00000 -3.42857
vt 2.28571 -3.42857
vt 2.57143 -3.42857
vt 2.85714 -3.42857
vt 3.14286 -3.42857
vt 3.42857 -3.42857
vt 3.71429 -3.42857
vt 4.00000 -3.42857
vt 4.28571 -3.42857
vt 4.57143 -3.42857
vt 4.85714 -3.42857
vt 5.14286 -3.42857
vt 5.42857 -3.42857
vt 5.71429 -3.42857
vt 6.00000 -3.42857
vt 6.28571 -3.42857
vt 6.57143 -3.42857
vt 6.85714 -3.42857
vt 7.14286 -3.42857
vt 7.42857 -3.42857
vt 7.71429 -3.42857
vt 8.00000 -3.42857
vt -16.57143 -3.14286
vt -16.85714 -3.14286
vt -16.28571 -3.14286
vt -16.00000 -3.14286
vt -15.71429 -3.14286
vt -15.42857 -3.14286
vt -15.14286 -3.14286
vt -14.85714 -3.14286
vt -14.57143 -3.14286
vt -14.28571 -3.14286
vt -14.00000 -3.14286
vt -13.71429 -3.14286
vt -13.42857 -3.14286
vt -13.14286 -3.14286
vt -12.85714 -3.14286
vt -12.57143 -3.14286
vt -12.28571 -3.14286
vt -12.00000 -3.14286
vt -11.71429 -3.14286
vt -11.42857 -3.14286
vt -11.14286 -3.14286
vt -10.85714 -3.14286
vt -10.57143 -3.14286
vt -10.28571 -3.14286
vt -10.00000 -3.14286
vt -9.71429 -3.14286
vt -9.42857 -3.14286
vt -9.14286 -3.14286
vt -8.85714 -3.14286
vt -8.57143 -3.14286
vt -8.28571 -3.14286
vt -8.00000 -3.14286
vt -7.71429 -3.14286
vt -7.42857 -3.14286
vt -7.14286 -3.14286
vt -6.85714 -3.14286
vt -6.57143 -3.14286
vt -6.28571 -3.14286
vt -6.00000 -3.14286
vt -5.71429 -3.14286
vt -5.42857 -3.14286
vt -5.14286 -3.14286
vt -4.85714 -3.14286
vt -4.57143 -3.14286
vt -4.28571 -3.14286
vt -4.00000 -3.14286
vt -3.71429 -3.14286
vt -3.42857 -3.14286
vt -3.14286 -3.14286
vt -2.85714 -3.14286
vt -2.57143 -3.14286
vt -2.28571 -3.14286
vt -2.00000 -3.14286
vt -1.71429 -3.14286
vt -1.42857 -3.14286
vt -1.14286 -3.14286
vt -0.85714 -3.14286
vt -0.57143 -3.14286
vt -0.28571 -3.14286
vt 0.00000 -3.14286
vt 0.28571 -3.14286
vt 0.57143 -3.14286
vt 0.85714 -3.14286
vt 1.14286 -3.14286
vt 1.42857 -3.14286
vt 1.71429 -3.14286
vt 2.00000 -3.14286
vt 2.28571 -3.14286
vt 2.57143 -3.14286
vt 2.85714 -3.14286
vt 3.14286 -3.14286
vt 3.42857 -3.14286
vt 3.71429 -3.14286
vt 4.00000 -3.14286
vt 4.28571 -3.14286
vt 4.57143 -3.14286
vt 4.85714 -3.14286
vt 5.14286 -3.14286
vt 5.42857 -3.14286
vt 5.71429 -3.14286
vt 6.00000 -3.14286
vt 6.28571 -3.14286
vt 6.57143 -3.14286
vt 6.85714 -3.14286
vt 7.14286 -3.14286
vt 7.42857 -3.14286
vt 7.71429 -3.14286
vt 8.00000 -3.14286
vt 8.28571 -3.42857
vt 8.28571 -3.14286
vt -17.14286 -3.14286
vt -16.85714 -2.85714
vt -17.14286 -2.85714
vt -16.57143 -2.85714
vt -16.28571 -2.85714
vt -16.00000 -2.85714
vt -15.71429 -2.85714
vt -15.42857 -2.85714
vt -15.14286 -2.85714
vt -14.85714 -2.85714
vt -14.57143 -2.85714
vt -14.28571 -2.85714
vt -14.00000 -2.85714
vt -13.71429 -2.85714
vt -13.42857 -2.85714
vt -13.14286 -2.85714
vt -12.85714 -2.85714
vt -12.57143 -2.85714
vt -12.28571 -2.85714
vt -12.00000 -2.85714
vt -11.71429 -2.85714
vt -11.42857 -2.85714
vt -11.14286 -2.85714
vt -10.85714 -2.85714
vt -10.57143 -2.85714
vt -10.28571 -2.85714
vt -10.00000 -2.85714
vt -9.71429 -2.85714
vt -9.42857 -2.85714
vt -9.14286 -2.85714
vt -8.85714 -2.85714
vt -8.57143 -2.85714
vt -8.28571 -2.85714
vt -8.00000 -2.85714
vt -7.71429 -2.85714
vt -7.42857 -2.85714
vt -7.14286 -2.85714
vt -6.85714 -2.85714
vt -6.57143 -2.85714
vt -6.28571 -2.85714
vt -6.00000 -2.85714
vt -5.71429 -2.85714
vt -5.42857 -2.85714
vt -5.14286 -2.85714
vt -4.85714 -2.85714
vt -4.57143 -2.85714
vt -4.28571 -2.85714
vt -4.00000 -2.85714
vt -3.71429 -2.85714
vt -3.42857 -2.85714
vt -3.14286 -2.85714
vt -2.85714 -2.85714
vt -2.57143 -2.85714
vt -2.28571 -2.85714
vt -2.00000 -2.85714
vt -1.71429 -2.85714
vt -1.42857 -2.85714
vt -1.14286 -2.85714
vt -0.85714 -2.85714
vt -0.57143 -2.85714
vt -0.28571 -2.85714
vt 0.00000 -2.85714
vt 0.28571 -2.85714
vt 0.57143 -2.85714
vt 0.85714 -2.85714
vt 1.14286 -2.85714
vt 1.42857 -2.85714
vt 1.71429 -2.85714
vt 2.00000 -2.85714
vt 2.28571 -2.85714
vt 2.57143 -2.85714
vt 2.85714 -2.85714
vt 3.14286 -2.85714
vt 3.42857 -2.85714
vt 3.71429 -2.85714
vt 4.00000 -2.85714
vt 4.28571 -2.85714
vt 4.57143 -2.85714
vt 4.85714 -2.85714
vt 5.14286 -2.85714
vt 5.42857 -2.85714
vt 5.71429 -2.85714
vt 6.00000 -2.85714
vt 6.28571 -2.85714
vt 6.57143 -2.85714
vt 6.85714 -2.85714
vt 7.14286 -2.85714
vt 7.42857 -2.85714
vt 7.71429 -2.85714
vt 8.00000 -2.85714
vt 8.28571 -2.85714
vt -16.85714 -2.57143
vt -17.14286 -2.57143
vt -16.57143 -2.57143
vt -16.28571 -2.57143
vt -16.00000 -2.57143
vt -15.71429 -2.57143
vt -15.42857 -2.57143
vt -15.14286 -2.57143
vt -14.85714 -2.57143
vt -14.57143 -2.57143
vt -14.28571 -2.57143
vt -14.00000 -2.57143
vt -13.71429 -2.57143
vt -13.42857 -2.57143
vt -13.14286 -2.57143
vt -12.85714 -2.57143
vt -12.57143 -2.57143
vt -12.28571 -2.57143
vt -12.00000 -2.57143
vt -11.71429 -2.57143
vt -11.42857 -2.57143
vt -11.14286 -2.57143
vt -10.85714 -2.57143
vt -10.57143 -2.57143
vt -10.28571 -2.57143
vt -10.00000 -2.57143
vt -9.71429 -2.57143
vt -9.42857 -2.57143
vt -9.14286 -2.57143
vt -8.85714 -2.57143
vt -8.57143 -2.57143
vt -8.28571 -2.57143
vt -8.00000 -2.57143
vt -7.71429 -2.57143
vt -7.42857 -2.57143
vt -7.14286 -2.57143
vt -6.85714 -2.57143
vt -6.57143 -2.57143
vt -6.28571 -2.57143
vt -6.00000 -2.57143
vt -5.71429 -2.57143
vt -5.42857 -2.57143
vt -5.14286 -2.57143
vt -4.85714 -2.57143
vt -4.57143 -2.57143
vt -4.28571 -2.57143
vt -4.00000 -2.57143
vt -3.71429 -2.57143
vt -3.42857 -2.57143
vt -3.14286 -2.57143
vt -2.85714 -2.57143
vt -2.57143 -2.57143
vt -2.28571 -2.57143
vt -2.00000 -2.57143
vt -1.71429 -2.57143
vt -1.42857 -2.57143
vt -1.14286 -2.57143
vt -0.85714 -2.57143
vt -0.57143 -2.57143
vt -0.28571 -2.57143
vt 0.00000 -2.57143
vt 0.28571 -2.57143
vt 0.57143 -2.57143
vt 0.85714 -2.57143
vt 1.14286 -2.57143
vt 1.42857 -2.57143
vt 1.71429 -2.57143
vt 2.00000 -2.57143
vt 2.28571 -2.57143
vt 2.57143 -2.57143
vt 2.85714 -2.57143
vt 3.14286 -2.57143
vt 3.42857 -2.57143
vt 3.71429 -2.57143
vt 4.00000 -2.57143
vt 4.28571 -2.57143
vt 4.57143 -2.57143
vt 4.85714 -2.57143
vt 5.14286 -2.57143
vt 5.42857 -2.57143
vt 5.71429 -2.57143
vt 6.00000 -2.57143
vt 6.28571 -2.57143
vt 6.57143 -2.57143
vt 6.85714 -2.57143
vt 7.14286 -2.57143
vt 7.42857 -2.57143
vt 7.71429 -2.57143
vt 8.00000 -2.57143
vt 8.28571 -2.57143
vt 8.57143 -2.85714
vt 8.57143 -2.57143
vt -16.85714 -2.28571
vt -17.14286 -2.28571
vt -16.57143 -2.28571
vt -16.28571 -2.28571
vt -16.00000 -2.28571
vt -15.71429 -2.28571
vt -15.42857 -2.28571
vt -15.14286 -2.28571
vt -14.85714 -2.28571
vt -14.57143 -2.28571
vt -14.28571 -2.28571
vt -14.00000 -2.28571
vt -13.71429 -2.28571
vt -13.42857 -2.28571
vt -13.14286 -2.28571
vt -12.85714 -2.28571
vt -12.57143 -2.28571
vt -12.28571 -2.28571
vt -12.00000 -2.28571
vt -11.71429 -2.28571
vt -11.42857 -2.28571
vt -11.14286 -2.28571
vt -10.85714 -2.28571
vt -10.57143 -2.28571
vt -10.28571 -2.28571
vt -10.00000 -2.28571
vt -9.71429 -2.28571
vt -9.42857 -2.28571
vt -9.14286 -2.28571
vt -8.85714 -2.28571
vt -8.57143 -2.28571
vt -8.28571 -2.28571
vt -8.00000 -2.28571
vt -7.71429 -2.28571
vt -7.42857 -2.28571
vt -7.14286 -2.28571
vt -6.85714 -2.28571
vt -6.57143 -2.28571
vt -6.28571 -2.28571
vt -6.00000 -2.28571
vt -5.71429 -2.28571
vt -5.42857 -2.28571
vt -5.14286 -2.28571
vt -4.85714 -2.28571
vt -4.57143 -2.28571
vt -4.28571 -2.28571
vt -4.00000 -2.28571
vt -3.71429 -2.28571
vt -3.42857 -2.28571
vt -3.14286 -2.28571
vt -2.85714 -2.28571
vt -2.57143 -2.28571
vt -2.28571 -2.28571
vt -2.00000 -2.28571
vt -1.71429 -2.28571
vt -1.42857 -2.28571
vt -1.14286 -2.28571
vt -0.85714 -2.28571
vt -0.57143 -2.28571
vt -0.28571 -2.28571
vt 0.00000 -2.28571
vt 0.28571 -2.28571
vt 0.57143 -2.28571
vt 0.85714 -2.28571
vt 1.14286 -2.28571
vt 1.42857 -2.28571
vt 1.71429 -2.28571
vt 2.00000 -2.28571
vt 2.28571 -2.28571
vt 2.57143 -2.28571
vt 2.85714 -2.28571
vt 3.14286 -2.28571
vt 3.42857 -2.28571
vt 3.71429 -2.28571
vt 4.00000 -2.28571
vt 4.28571 -2.28571
vt 4.57143 -2.28571
vt 4.85714 -2.28571
vt 5.14286 -2.28571
vt 5.42857 -2.28571
vt 5.71429 -2.28571
vt 6.00000 -2.28571
vt 6.28571 -2.28571
vt 6.57143 -2.28571
vt 6.85714 -2.28571
vt 7.14286 -2.28571
vt 7.42857 -2.28571
vt 7.71429 -2.28571
vt 8.00000 -2.28571
vt 8.28571 -2.28571
vt 8.57143 -2.28571
vt -16.85714 -2.00000
vt -17.14286 -2.00000
vt -16.57143 -2.00000
vt -16.28571 -2.00000
vt -16.00000 -2.00000
vt -15.71429 -2.00000
vt -15.42857 -2.00000
vt -15.14286 -2.00000
vt -14.85714 -2.00000
vt -14.57143 -2.00000
vt -14.28571 -2.00000
vt -14.00000 -2.00000
vt -13.71429 -2.00000
vt -13.42857 -2.00000
vt -13.14286 -2.00000
vt -12.85714 -2.00000
vt -12.57143 -2.00000
vt -12.28571 -2.00000
vt -12.00000 -2.00000
vt -11.71429 -2.00000
vt -11.42857 -2.00000
vt -11.14286 -2.00000
vt -10.85714 -2.00000
vt -10.57143 -2.00000
vt -10.28571 -2.00000
vt -10.00000 -2.00000
vt -9.71429 -2.00000
vt -9.42857 -2.00000
vt -9.14286 -2.00000
vt -8.85714 -2.00000
vt -8.57143 -2.00000
vt -8.28571 -2.00000
vt -8.00000 -2.00000
vt -7.71429 -2.00000
vt -7.42857 -2.00000
vt -7.14286 -2.00000
vt -6.85714 -2.00000
vt -6.57143 -2.00000
vt -6.28571 -2.00000
vt -6.00000 -2.00000
vt -5.71429 -2.00000
vt -5.42857 -2.00000
vt -5.14286 -2.00000
vt -4.85714 -2.00000
vt -4.57143 -2.00000
vt -4.28571 -2.00000
vt -4.00000 -2.00000
vt -3.71429 -2.00000
vt -3.42857 -2.00000
vt -3.14286 -2.00000
vt -2.85714 -2.00000
vt -2.57143 -2.00000
vt -2.28571 -2.00000
vt -2.00000 -2.00000
vt -1.71429 -2.00000
vt -1.42857 -2.00000
vt -1.14286 -2.00000
vt -0.85714 -2.00000
vt -0.57143 -2.00000
vt -0.28571 -2.00000
vt 0.00000 -2.00000
vt 0.28571 -2.00000
vt 0.57143 -2.00000
vt 0.85714 -2.00000
vt 1.14286 -2.00000
vt 1.42857 -2.00000
vt 1.71429 -2.00000
vt 2.00000 -2.00000
vt 2.28571 -2.00000
vt 2.57143 -2.00000
vt 2.85714 -2.00000
vt 3.14286 -2.00000
vt 3.42857 -2.00000
vt 3.71429 -2.00000
vt 4.00000 -2.00000
vt 4.28571 -2.00000
vt 4.57143 -2.00000
vt 4.85714 -2.00000
vt 5.14286 -2.00000
vt 5.42857 -2.00000
vt 5.71429 -2.00000
vt 6.00000 -2.00000
vt 6.28571 -2.00000
vt 6.57143 -2.00000
vt 6.85714 -2.00000
vt 7.14286 -2.00000
vt 7.42857 -2.00000
vt 7.71429 -2.00000
vt 8.00000 -2.00000
vt 8.28571 -2.00000
vt 8.57143 -2.00000
vt -16.85714 -1.71429
vt -17.14286 -1.71429
vt -16.57143 -1.71429
vt -16.28571 -1.71429
vt -16.00000 -1.71429
vt -15.71429 -1.71429
vt -15.42857 -1.71429
vt -15.14286 -1.71429
vt -14.85714 -1.71429
vt -14.57143 -1.71429
vt -14.28571 -1.71429
vt -14.00000 -1.71429
vt -13.71429 -1.71429
vt -13.42857 -1.71429
vt -13.14286 -1.71429
vt -12.85714 -1.71429
vt -12.57143 -1.71429
vt -12.28571 -1.71429
vt -12.00000 -1.71429
vt -11.71429 -1.71429
vt -11.42857 -1.71429
vt -11.14286 -1.71429
vt -10.85714 -1.71429
vt -10.57143 -1.71429
vt -10.28571 -1.71429
vt -10.00000 -1.71429
vt -9.71429 -1.71429
vt -9.42857 -1.71429
vt -9.14286 -1.71429
vt -8.85714 -1.71429
vt -8.57143 -1.71429
vt -8.28571 -1.71429
vt -8.00000 -1.71429
vt -7.71429 -1.71429
vt -7.42857 -1.71429
vt -7.14286 -1.71429
vt -6.85714 -1.71429
vt -6.57143 -1.71429
vt -6.28571 -1.71429
vt -6.00000 -1.71429
vt -5.71429 -1.71429
vt -5.42857 -1.71429
vt -5.14286 -1.71429
vt -4.85714 -1.71429
vt -4.57143 -1.71429
vt -4.28571 -1.71429
vt -4.00000 -1.71429
vt -3.71429 -1.71429
vt -3.42857 -1.71429
vt -3.14286 -1.71429
vt -2.85714 -1.71429
vt -2.57143 -1.71429
vt -2.28571 -1.71429
vt -2.00000 -1.71429
vt -1.71429 -1.71429
vt -1.42857 -1.71429
vt -1.14286 -1.71429
vt -0.85714 -1.71429
vt -0.57143 -1.71429
vt -0.28571 -1.71429
vt 0.00000 -1.71429
vt 0.28571 -1.71429
vt 0.57143 -1.71429
vt 0.85714 -1.71429
vt 1.14286 -1.71429
vt 1.42857 -1.71429
vt 1.71429 -1.71429
vt 2.00000 -1.71429
vt 2.28571 -1.71429
vt 2.57143 -1.71429
vt 2.85714 -1.71429
vt 3.14286 -1.71429
vt 3.42857 -1.71429
vt 3.71429 -1.71429
vt 4.00000 -1.71429
vt 4.28571 -1.71429
vt 4.57143 -1.71429
vt 4.85714 -1.71429
vt 5.14286 -1.71429
vt 5.42857 -1.71429
vt 5.71429 -1.71429
vt 6.00000 -1.71429
vt 6.28571 -1.71429
vt 6.57143 -1.71429
vt 6.85714 -1.71429
vt 7.14286 -1.71429
vt 7.42857 -1.71429
vt 7.71429 -1.71429
vt 8.00000 -1.71429
vt 8.28571 -1.71429
vt 8.57143 -1.71429
vt 8.85714 -2.00000
vt 8.85714 -1.71429
vt -16.85714 -1.42857
vt -17.14286 -1.42857
vt -16.57143 -1.42857
vt -16.28571 -1.42857
vt -16.00000 -1.42857
vt -15.71429 -1.42857
vt -15.42857 -1.42857
vt -15.14286 -1.42857
vt -14.85714 -1.42857
vt -14.57143 -1.42857
vt -14.28571 -1.42857
vt -14.00000 -1.42857
vt -13.71429 -1.42857
vt -13.42857 -1.42857
vt -13.14286 -1.42857
vt -12.85714 -1.42857
vt -12.57143 -1.42857
vt -12.28571 -1.42857
vt -12.00000 -1.42857
vt -11.71429 -1.42857
vt -11.42857 -1.42857
vt -11.14286 -1.42857
vt -10.85714 -1.42857
vt -10.57143 -1.42857
vt -10.28571 -1.42857
vt -10.00000 -1.42857
vt -9.71429 -1.42857
vt -9.42857 -1.42857
vt -9.14286 -1.42857
vt -8.85714 -1.42857
vt -8.57143 -1.42857
vt -8.28571 -1.42857
vt -8.00000 -1.42857
vt -7.71429 -1.42857
vt -7.42857 -1.42857
vt -7.14286 -1.42857
vt -6.85714 -1.42857
vt -6.57143 -1.42857
vt -6.28571 -1.42857
vt -6.00000 -1.42857
vt -5.71429 -1.42857
vt -5.42857 -1.42857
vt -5.14286 -1.42857
vt -4.85714 -1.42857
vt -4.57143 -1.42857
vt -4.28571 -1.42857
vt -4.00000 -1.42857
vt -3.71429 -1.42857
vt -3.42857 -1.42857
vt -3.14286 -1.42857
vt -2.85714 -1.42857
vt -2.57143 -1.42857
vt -2.28571 -1.42857
vt -2.00000 -1.42857
vt -1.71429 -1.42857
vt -1.42857 -1.42857
vt -1.14286 -1.42857
vt -0.85714 -1.42857
vt -0.57143 -1.42857
vt -0.28571 -1.42857
vt 0.00000 -1.42857
vt 0.28571 -1.42857
vt 0.57143 -1.42857
vt 0.85714 -1.42857
vt 1.14286 -1.42857
vt 1.42857 -1.42857
vt 1.71429 -1.42857
vt 2.00000 -1.42857
vt 2.28571 -1.42857
vt 2.57143 -1.42857
vt 2.85714 -1.42857
vt 3.14286 -1.42857
vt 3.42857 -1.42857
vt 3.71429 -1.42857
vt 4.00000 -1.42857
vt 4.28571 -1.42857
vt 4.57143 -1.42857
vt 4.85714 -1.42857
vt 5.14286 -1.42857
vt 5.42857 -1.42857
vt 5.71429 -1.42857
vt 6.00000 -1.42857
vt 6.28571 -1.42857
vt 6.57143 -1.42857
vt 6.85714 -1.42857
vt 7.14286 -1.42857
vt 7.42857 -1.42857
vt 7.71429 -1.42857
vt 8.00000 -1.42857
vt 8.28571 -1.42857
vt 8.57143 -1.42857
vt 8.85714 -1.42857
vt -16.85714 -1.14286
vt -17.14286 -1.14286
vt -16.57143 -1.14286
vt -16.28571 -1.14286
vt -16.00000 -1.14286
vt -15.71429 -1.14286
vt -15.42857 -1.14286
vt -15.14286 -1.14286
vt -14.85714 -1.14286
vt -14.57143 -1.14286
vt -14.28571 -1.14286
vt -14.00000 -1.14286
vt -13.71429 -1.14286
vt -13.42857 -1.14286
vt -13.14286 -1.14286
vt -12.85714 -1.14286
vt -12.57143 -1.14286
vt -12.28571 -1.14286
vt -12.00000 -1.14286
vt -11.71429 -1.14286
vt -11.42857 -1.14286
vt -11.14286 -1.14286
vt -10.85714 -1.14286
vt -10.57143 -1.14286
vt -10.28571 -1.14286
vt -10.00000 -1.14286
vt -9.71429 -1.14286
vt -9.42857 -1.14286
vt -9.14286 -1.14286
vt -8.85714 -1.14286
vt -8.57143 -1.14286
vt -8.28571 -1.14286
vt -8.00000 -1.14286
vt -7.71429 -1.14286
vt -7.42857 -1.14286
vt -7.14286 -1.14286
vt -6.85714 -1.14286
vt -6.57143 -1.14286
vt -6.28571 -1.14286
vt -6.00000 -1.14286
vt -5.71429 -1.14286
vt -5.42857 -1.14286
vt -5.14286 -1.14286
vt -4.85714 -1.14286
vt -4.57143 -1.14286
vt -4.28571 -1.14286
vt -4.00000 -1.14286
vt -3.71429 -1.14286
vt -3.42857 -1.14286
vt -3.14286 -1.14286
vt -2.85714 -1.14286
vt -2.57143 -1.14286
vt -2.28571 -1.14286
vt -2.00000 -1.14286
vt -1.71429 -1.14286
vt -1.42857 -1.14286
vt -1.14286 -1.14286
vt -0.85714 -1.14286
vt -0.57143 -1.14286
vt -0.28571 -1.14286
vt 0.00000 -1.14286
vt 0.28571 -1.14286
vt 0.57143 -1.14286
vt 0.85714 -1.14286
vt 1.14286 -1.14286
vt 1.42857 -1.14286
vt 1.71429 -1.14286
vt 2.00000 -1.14286
vt 2.28571 -1.14286
vt 2.57143 -1.14286
vt 2.85714 -1.14286
vt 3.14286 -1.14286
vt 3.42857 -1.14286
vt 3.71429 -1.14286
vt 4.00000 -1.14286
vt 4.28571 -1.14286
vt 4.57143 -1.14286
vt 4.85714 -1.14286
vt 5.14286 -1.14286
vt 5.42857 -1.14286
vt 5.71429 -1.14286
vt 6.00000 -1.14286
vt 6.28571 -1.14286
vt 6.57143 -1.14286
vt 6.85714 -1.14286
vt 7.14286 -1.14286
vt 7.42857 -1.14286
vt 7.71429 -1.14286
vt 8.00000 -1.14286
vt 8.28571 -1.14286
vt 8.57143 -1.14286
vt 8.85714 -1.14286
vt -16.85714 -0.85714
vt -17.14286 -0.85714
vt -16.57143 -0.85714
vt -16.28571 -0.85714
vt -16.00000 -0.85714
vt -15.71429 -0.85714
vt -15.42857 -0.85714
vt -15.14286 -0.85714
vt -14.85714 -0.85714
vt -14.57143 -0.85714
vt -14.28571 -0.85714
vt -14.00000 -0.85714
vt -13.71429 -0.85714
vt -13.42857 -0.85714
vt -13.14286 -0.85714
vt -12.85714 -0.85714
vt -12.57143 -0.85714
vt -12.28571 -0.85714
vt -12.00000 -0.85714
vt -11.71429 -0.85714
vt -11.42857 -0.85714
vt -11.14286 -0.85714
vt -10.85714 -0.85714
vt -10.57143 -0.85714
vt -10.28571 -0.85714
vt -10.00000 -0.85714
vt -9.71429 -0.85714
vt -9.42857 -0.85714
vt -9.14286 -0.85714
vt -8.85714 -0.85714
vt -8.57143 -0.85714
vt -8.28571 -0.85714
vt -8.00000 -0.85714
vt -7.71429 -0.85714
vt -7.42857 -0.85714
vt -7.14286 -0.85714
vt -6.85714 -0.85714
vt -6.57143 -0.85714
vt -6.28571 -0.85714
vt -6.00000 -0.85714
vt -5.71429 -0.85714
vt -5.42857 -0.85714
vt -5.14286 -0.85714
vt -4.85714 -0.85714
vt -4.57143 -0.85714
vt -4.28571 -0.85714
vt -4.00000 -0.85714
vt -3.71429 -0.85714
vt -3.42857 -0.85714
vt -3.14286 -0.85714
vt -2.85714 -0.85714
vt -2.57143 -0.85714
vt -2.28571 -0.85714
vt -2.00000 -0.85714
vt -1.71429 -0.85714
vt -1.42857 -0.85714
vt -1.14286 -0.85714
vt -0.85714 -0.85714
vt -0.57143 -0.85714
vt -0.28571 -0.85714
vt 0.00000 -0.85714
vt 0.28571 -0.85714
vt 0.57143 -0.85714
vt 0.85714 -0.85714
vt 1.14286 -0.85714
vt 1.42857 -0.85714
vt 1.71429 -0.85714
vt 2.00000 -0.85714
vt 2.28571 -0.85714
vt 2.57143 -0.85714
vt 2.85714 -0.85714
vt 3.14286 -0.85714
vt 3.42857 -0.85714
vt 3.71429 -0.85714
vt 4.00000 -0.85714
vt 4.28571 -0.85714
vt 4.57143 -0.85714
vt 4.85714 -0.85714
vt 5.14286 -0.85714
vt 5.42857 -0.85714
vt 5.71429 -0.85714
vt 6.00000 -0.85714
vt 6.28571 -0.85714
vt 6.57143 -0.85714
vt 6.85714 -0.85714
vt 7.14286 -0.85714
vt 7.42857 -0.85714
vt 7.71429 -0.85714
vt 8.00000 -0.85714
vt 8.28571 -0.85714
vt 8.57143 -0.85714
vt 8.85714 -0.85714
vt -16.85714 -0.57143
vt -17.14286 -0.57143
vt -16.57143 -0.57143
vt -16.28571 -0.57143
vt -16.00000 -0.57143
vt -15.71429 -0.57143
vt -15.42857 -0.57143
vt -15.14286 -0.57143
vt -14.85714 -0.57143
vt -14.57143 -0.57143
vt -14.28571 -0.57143
vt -14.00000 -0.57143
vt -13.71429 -0.57143
vt -13.42857 -0.57143
vt -13.14286 -0.57143
vt -12.85714 -0.57143
vt -12.57143 -0.57143
vt -12.28571 -0.57143
vt -12.00000 -0.57143
vt -11.71429 -0.57143
vt -11.42857 -0.57143
vt -11.14286 -0.57143
vt -10.85714 -0.57143
vt -10.57143 -0.57143
vt -10.28571 -0.57143
vt -10.00000 -0.57143
vt -9.71429 -0.57143
vt -9.42857 -0.57143
vt -9.14286 -0.57143
vt -8.85714 -0.57143
vt -8.57143 -0.57143
vt -8.28571 -0.57143
vt -8.00000 -0.57143
vt -7.71429 -0.57143
vt -7.42857 -0.57143
vt -7.14286 -0.57143
vt -6.85714 -0.57143
vt -6.57143 -0.57143
vt -6.28571 -0.57143
vt -6.00000 -0.57143
vt -5.71429 -0.57143
vt -5.42857 -0.57143
vt -5.14286 -0.57143
vt -4.85714 -0.57143
vt -4.57143 -0.57143
vt -4.28571 -0.57143
vt -4.00000 -0.57143
vt -3.71429 -0.57143
vt -3.42857 -0.57143
vt -3.14286 -0.57143
vt -2.85714 -0.57143
vt -2.57143 -0.57143
vt -2.28571 -0.57143
vt -2.00000 -0.57143
vt -1.71429 -0.57143
vt -1.42857 -0.57143
vt -1.14286 -0.57143
vt -0.85714 -0.57143
vt -0.57143 -0.57143
vt -0.28571 -0.57143
vt 0.00000 -0.57143
vt 0.28571 -0.57143
vt 0.57143 -0.57143
vt 0.85714 -0.57143
vt 1.14286 -0.57143
vt 1.42857 -0.57143
vt 1.71429 -0.57143
vt 2.00000 -0.57143
vt 2.28571 -0.57143
vt 2.57143 -0.57143
vt 2.85714 -0.57143
vt 3.14286 -0.57143
vt 3.42857 -0.57143
vt 3.71429 -0.57143
vt 4.00000 -0.57143
vt 4.28571 -0.57143
vt 4.57143 -0.57143
vt 4.85714 -0.57143
vt 5.14286 -0.57143
vt 5.42857 -0.57143
vt 5.71429 -0.57143
vt 6.00000 -0.57143
vt 6.28571 -0.57143
vt 6.57143 -0.57143
vt 6.85714 -0.57143
vt 7.14286 -0.57143
vt 7.42857 -0.57143
vt 7.71429 -0.57143
vt 8.00000 -0.57143
vt 8.28571 -0.57143
vt 8.57143 -0.57143
vt 8.85714 -0.57143
vt 9.14286 -0.85714
vt 9.14286 -0.57143
vt -16.85714 -0.28571
vt -17.14286 -0.28571
vt -16.57143 -0.28571
vt -16.28571 -0.28571
vt -16.00000 -0.28571
vt -15.71429 -0.28571
vt -15.42857 -0.28571
vt -15.14286 -0.28571
vt -14.85714 -0.28571
vt -14.57143 -0.28571
vt -14.28571 -0.28571
vt -14.00000 -0.28571
vt -13.71429 -0.28571
vt -13.42857 -0.28571
vt -13.14286 -0.28571
vt -12.85714 -0.28571
vt -12.57143 -0.28571
vt -12.28571 -0.28571
vt -12.00000 -0.28571
vt -11.71429 -0.28571
vt -11.42857 -0.28571
vt -11.14286 -0.28571
vt -10.85714 -0.28571
vt -10.57143 -0.28571
vt -10.28571 -0.28571
vt -10.00000 -0.28571
vt -9.71429 -0.28571
vt -9.42857 -0.28571
vt -9.14286 -0.28571
vt -8.85714 -0.28571
vt -8.57143 -0.28571
vt -8.28571 -0.28571
vt -8.00000 -0.28571
vt -7.71429 -0.28571
vt -7.42857 -0.28571
vt -7.14286 -0.28571
vt -6.85714 -0.28571
vt -6.57143 -0.28571
vt -6.28571 -0.28571
vt -6.00000 -0.28571
vt -5.71429 -0.28571
vt -5.42857 -0.28571
vt -5.14286 -0.28571
vt -4.85714 -0.28571
vt -4.57143 -0.28571
vt -4.28571 -0.28571
vt -4.00000 -0.28571
vt -3.71429 -0.28571
vt -3.42857 -0.28571
vt -3.14286 -0.28571
vt -2.85714 -0.28571
vt -2.57143 -0.28571
vt -2.28571 -0.28571
vt -2.00000 -0.28571
vt -1.71429 -0.28571
vt -1.42857 -0.28571
vt -1.14286 -0.28571
vt -0.85714 -0.28571
vt -0.57143 -0.28571
vt -0.28571 -0.28571
vt 0.00000 -0.28571
vt 0.28571 -0.28571
vt 0.57143 -0.28571
vt 0.85714 -0.28571
vt 1.14286 -0.28571
vt 1.42857 -0.28571
vt 1.71429 -0.28571
vt 2.00000 -0.28571
vt 2.28571 -0.28571
vt 2.57143 -0.28571
vt 2.85714 -0.28571
vt 3.14286 -0.28571
vt 3.42857 -0.28571
vt 3.71429 -0.28571
vt 4.00000 -0.28571
vt 4.28571 -0.28571
vt 4.57143 -0.28571
vt 4.85714 -0.28571
vt 5.14286 -0.28571
vt 5.42857 -0.28571
vt 5.71429 -0.28571
vt 6.00000 -0.28571
vt 6.28571 -0.28571
vt 6.57143 -0.28571
vt 6.85714 -0.28571
vt 7.14286 -0.28571
vt 7.42857 -0.28571
vt 7.71429 -0.28571
vt 8.00000 -0.28571
vt 8.28571 -0.28571
vt 8.57143 -0.28571
vt 8.85714 -0.28571
vt 9.14286 -0.28571
vt -16.57143 0.00000
vt -16.85714 0.00000
vt -16.28571 0.00000
vt -16.00000 0.00000
vt -15.71429 0.00000
vt -15.42857 0.00000
vt -15.14286 0.00000
vt -14.85714 0.00000
vt -14.57143 0.00000
vt -14.28571 0.00000
vt -14.00000 0.00000
vt -13.71429 0.00000
vt -13.42857 0.00000
vt -13.14286 0.00000
vt -12.85714 0.00000
vt -12.57143 0.00000
vt -12.28571 0.00000
vt -12.00000 0.00000
vt -11.71429 0.00000
vt -11.42857 0.00000
vt -11.14286 0.00000
vt -10.85714 0.00000
vt -10.57143 0.00000
vt -10.28571 0.00000
vt -10.00000 0.00000
vt -9.71429 0.00000
vt -9.42857 0.00000
vt -9.14286 0.00000
vt -8.85714 0.00000
vt -8.57143 0.00000
vt -8.28571 0.00000
vt -8.00000 0.00000
vt -7.71429 0.00000
vt -7.42857 0.00000
vt -7.14286 0.00000
vt -6.85714 0.00000
vt -6.57143 0.00000
vt -6.28571 0.00000
vt -6.00000 0.00000
vt -5.71429 0.00000
vt -5.42857 0.00000
vt -5.14286 0.00000
vt -4.85714 0.00000
vt -4.57143 0.00000
vt -4.28571 0.00000
vt -4.00000 0.00000
vt -3.71429 0.00000
vt -3.42857 0.00000
vt -3.14286 0.00000
vt -2.85714 0.00000
vt -2.57143 0.00000
vt -2.28571 0.00000
vt -2.00000 0.00000
vt -1.71429 0.00000
vt -1.42857 0.00000
vt -1.14286 0.00000
vt -0.85714 0.00000
vt -0.57143 0.00000
vt -0.28571 0.00000
vt 0.00000 0.00000
vt 0.28571 0.00000
vt 0.57143 0.00000
vt 0.85714 0.00000
vt 1.14286 0.00000
vt 1.42857 0.00000
vt 1.71429 0.00000
vt 2.00000 0.00000
vt 2.28571 0.00000
vt 2.57143 0.00000
vt 2.85714 0.00000
vt 3.14286 0.00000
vt 3.42857 0.00000
vt 3.71429 0.00000
vt 4.00000 0.00000
vt 4.28571 0.00000
vt 4.57143 0.00000
vt 4.85714 0.00000
vt 5.14286 0.00000
vt 5.42857 0.00000
vt 5.71429 0.00000
vt 6.00000 0.00000
vt 6.28571 0.00000
vt 6.57143 0.00000
vt 6.85714 0.00000
vt 7.14286 0.00000
vt 7.42857 0.00000
vt 7.71429 0.00000
vt 8.00000 0.00000
vt 8.28571 0.00000
vt 8.57143 0.00000
vt 8.85714 0.00000
vt 9.14286 0.00000
vt -16.57143 0.28571
vt -16.85714 0.28571
vt -16.28571 0.28571
vt -16.00000 0.28571
vt -15.71429 0.28571
vt -15.42857 0.28571
vt -15.14286 0.28571
vt -14.85714 0.28571
vt -14.57143 0.28571
vt -14.28571 0.28571
vt -14.00000 0.28571
vt -13.71429 0.28571
vt -13.42857 0.28571
vt -13.14286 0.28571
vt -12.85714 0.28571
vt -12.57143 0.28571
vt -12.28571 0.28571
vt -12.00000 0.28571
vt -11.71429 0.28571
vt -11.42857 0.28571
vt -11.14286 0.28571
vt -10.85714 0.28571
vt -10.57143 0.28571
vt -10.28571 0.28571
vt -10.00000 0.28571
vt -9.71429 0.28571
vt -9.42857 0.28571
vt -9.14286 0.28571
vt -8.85714 0.28571
vt -8.57143 0.28571
vt -8.28571 0.28571
vt -8.00000 0.28571
vt -7.71429 0.28571
vt -7.42857 0.28571
vt -7.14286 0.28571
vt -6.85714 0.28571
vt -6.57143 0.28571
vt -6.28571 0.28571
vt -6.00000 0.28571
vt -5.71429 0.28571
vt -5.42857 0.28571
vt -5.14286 0.28571
vt -4.85714 0.28571
vt -4.57143 0.28571
vt -4.28571 0.28571
vt -4.00000 0.28571
vt -3.71429 0.28571
vt -3.42857 0.28571
vt -3.14286 0.28571
vt -2.85714 0.28571
vt -2.57143 0.28571
vt -2.28571 0.28571
vt -2.00000 0.28571
vt -1.71429 0.28571
vt -1.42857 0.28571
vt -1.14286 0.28571
vt -0.85714 0.28571
vt -0.57143 0.28571
vt -0.28571 0.28571
vt 0.00000 0.28571
vt 0.28571 0.28571
vt 0.57143 0.28571
vt 0.85714 0.28571
vt 1.14286 0.28571
vt 1.42857 0.28571
vt 1.71429 0.28571
vt 2.00000 0.28571
vt 2.28571 0.28571
vt 2.57143 0.28571
vt 2.85714 0.28571
vt 3.14286 0.28571
vt 3.42857 0.28571
vt 3.71429 0.28571
vt 4.00000 0.28571
vt 4.28571 0.28571
vt 4.57143 0.28571
vt 4.85714 0.28571
vt 5.14286 0.28571
vt 5.42857 0.28571
vt 5.71429 0.28571
vt 6.00000 0.28571
vt 6.28571 0.28571
vt 6.57143 0.28571
vt 6.85714 0.28571
vt 7.14286 0.28571
vt 7.42857 0.28571
vt 7.71429 0.28571
vt 8.00000 0.28571
vt 8.28571 0.28571
vt 8.57143 0.28571
vt 8.85714 0.28571
vt 9.14286 0.28571
vt -16.28571 0.57143
vt -16.57143 0.57143
vt -16.00000 0.57143
vt -15.71429 0.57143
vt -15.42857 0.57143
vt -15.14286 0.57143
vt -14.85714 0.57143
vt -14.57143 0.57143
vt -14.28571 0.57143
vt -14.00000 0.57143
vt -13.71429 0.57143
vt -13.42857 0.57143
vt -13.14286 0.57143
vt -12.85714 0.57143
vt -12.57143 0.57143
vt -12.28571 0.57143
vt -12.00000 0.57143
vt -11.71429 0.57143
vt -11.42857 0.57143
vt -11.14286 0.57143
vt -10.85714 0.57143
vt -10.57143 0.57143
vt -10.28571 0.57143
vt -10.00000 0.57143
vt -9.71429 0.57143
vt -9.42857 0.57143
vt -9.14286 0.57143
vt -8.85714 0.57143
vt -8.57143 0.57143
vt -8.28571 0.57143
vt -8.00000 0.57143
vt -7.71429 0.57143
vt -7.42857 0.57143
vt -7.14286 0.57143
vt -6.85714 0.57143
vt -6.57143 0.57143
vt -6.28571 0.57143
vt -6.00000 0.57143
vt -5.71429 0.57143
vt -5.42857 0.57143
vt -5.14286 0.57143
vt -4.85714 0.57143
vt -4.57143 0.57143
vt -4.28571 0.57143
vt -4.00000 0.57143
vt -3.71429 0.57143
vt -3.42857 0.57143
vt -3.14286 0.57143
vt -2.85714 0.57143
vt -2.57143 0.57143
vt -2.28571 0.57143
vt -2.00000 0.57143
vt -1.71429 0.57143
vt -1.42857 0.57143
vt -1.14286 0.57143
vt -0.85714 0.57143
vt -0.57143 0.57143
vt -0.28571 0.57143
vt 0.00000 0.57143
vt 0.28571 0.57143
vt 0.57143 0.57143
vt 0.85714 0.57143
vt 1.14286 0.57143
vt 1.42857 0.57143
vt 1.71429 0.57143
vt 2.00000 0.57143
vt 2.28571 0.57143
vt 2.57143 0.57143
vt 2.85714 0.57143
vt 3.14286 0.57143
vt 3.42857 0.57143
vt 3.71429 0.57143
vt 4.00000 0.57143
vt 4.28571 0.57143
vt 4.57143 0.57143
vt 4.85714 0.57143
vt 5.14286 0.57143
vt 5.42857 0.57143
vt 5.71429 0.57143
vt 6.00000 0.57143
vt 6.28571 0.57143
vt 6.57143 0.57143
vt 6.85714 0.57143
vt 7.14286 0.57143
vt 7.42857 0.57143
vt 7.71429 0.57143
vt 8.00000 0.57143
vt 8.28571 0.57143
vt 8.57143 0.57143
vt 8.85714 0.57143
vt 9.14286 0.57143
vt -16.00000 0.85714
vt -16.28571 0.85714
vt -15.71429 0.85714
vt -15.42857 0.85714
vt -15.14286 0.85714
vt -14.85714 0.85714
vt -14.57143 0.85714
vt -14.28571 0.85714
vt -14.00000 0.85714
vt -13.71429 0.85714
vt -13.42857 0.85714
vt -13.14286 0.85714
vt -12.85714 0.85714
vt -12.57143 0.85714
vt -12.28571 0.85714
vt -12.00000 0.85714
vt -11.71429 0.85714
vt -11.42857 0.85714
vt -11.14286 0.85714
vt -10.85714 0.85714
vt -10.57143 0.85714
vt -10.28571 0.85714
vt -10.00000 0.85714
vt -9.71429 0.85714
vt -9.42857 0.85714
vt -9.14286 0.85714
vt -8.85714 0.85714
vt -8.57143 0.85714
vt -8.28571 0.85714
vt -8.00000 0.85714
vt -7.71429 0.85714
vt -7.42857 0.85714
vt -7.14286 0.85714
vt -6.85714 0.85714
vt -6.57143 0.85714
vt -6.28571 0.85714
vt -6.00000 0.85714
vt -5.71429 0.85714
vt -5.42857 0.85714
vt -5.14286 0.85714
vt -4.85714 0.85714
vt -4.57143 0.85714
vt -4.28571 0.85714
vt -4.00000 0.85714
vt -3.71429 0.85714
vt -3.42857 0.85714
vt -3.14286 0.85714
vt -2.85714 0.85714
vt -2.57143 0.85714
vt -2.28571 0.85714
vt -2.00000 0.85714
vt -1.71429 0.85714
vt -1.42857 0.85714
vt -1.14286 0.85714
vt -0.85714 0.85714
vt -0.57143 0.85714
vt -0.28571 0.85714
vt 0.00000 0.85714
vt 0.28571 0.85714
vt 0.57143 0.85714
vt 0.85714 0.85714
vt 1.14286 0.85714
vt 1.42857 0.85714
vt 1.71429 0.85714
vt 2.00000 0.85714
vt 2.28571 0.85714
vt 2.57143 0.85714
vt 2.85714 0.85714
vt 3.14286 0.85714
vt 3.42857 0.85714
vt 3.71429 0.85714
vt 4.00000 0.85714
vt 4.28571 0.85714
vt 4.57143 0.85714
vt 4.85714 0.85714
vt 5.14286 0.85714
vt 5.42857 0.85714
vt 5.71429 0.85714
vt 6.00000 0.85714
vt 6.28571 0.85714
vt 6.57143 0.85714
vt 6.85714 0.85714
vt 7.14286 0.85714
vt 7.42857 0.85714
vt 7.71429 0.85714
vt 8.00000 0.85714
vt 8.28571 0.85714
vt 8.57143 0.85714
vt 8.85714 0.85714
vt 9.14286 0.85714
vt -15.71429 1.14286
vt -16.00000 1.14286
vt -15.42857 1.14286
vt -15.14286 1.14286
vt -14.85714 1.14286
vt -14.57143 1.14286
vt -14.28571 1.14286
vt -14.00000 1.14286
vt -13.71429 1.14286
vt -13.42857 1.14286
vt -13.14286 1.14286
vt -12.85714 1.14286
vt -12.57143 1.14286
vt -12.28571 1.14286
vt -12.00000 1.14286
vt -11.71429 1.14286
vt -11.42857 1.14286
vt -11.14286 1.14286
vt -10.85714 1.14286
vt -10.57143 1.14286
vt -10.28571 1.14286
vt -10.00000 1.14286
vt -9.71429 1.14286
vt -9.42857 1.14286
vt -9.14286 1.14286
vt -8.85714 1.14286
vt -8.57143 1.14286
vt -8.28571 1.14286
vt -8.00000 1.14286
vt -7.71429 1.14286
vt -7.42857 1.14286
vt -7.14286 1.14286
vt -6.85714 1.14286
vt -6.57143 1.14286
vt -6.28571 1.14286
vt -6.00000 1.14286
vt -5.71429 1.14286
vt -5.42857 1.14286
vt -5.14286 1.14286
vt -4.85714 1.14286
vt -4.57143 1.14286
vt -4.28571 1.14286
vt -4.00000 1.14286
vt -3.71429 1.14286
vt -3.42857 1.14286
vt -3.14286 1.14286
vt -2.85714 1.14286
vt -2.57143 1.14286
vt -2.28571 1.14286
vt -2.00000 1.14286
vt -1.71429 1.14286
vt -1.42857 1.14286
vt -1.14286 1.14286
vt -0.85714 1.14286
vt -0.57143 1.14286
vt -0.28571 1.14286
vt 0.00000 1.14286
vt 0.28571 1.14286
vt 0.57143 1.14286
vt 0.85714 1.14286
vt 1.14286 1.14286
vt 1.42857 1.14286
vt 1.71429 1.14286
vt 2.00000 1.14286
vt 2.28571 1.14286
vt 2.57143 1.14286
vt 2.85714 1.14286
vt 3.14286 1.14286
vt 3.42857 1.14286
vt 3.71429 1.14286
vt 4.00000 1.14286
vt 4.28571 1.14286
vt 4.57143 1.14286
vt 4.85714 1.14286
vt 5.14286 1.14286
vt 5.42857 1.14286
vt 5.71429 1.14286
vt 6.00000 1.14286
vt 6.28571 1.14286
vt 6.57143 1.14286
vt 6.85714 1.14286
vt 7.14286 1.14286
vt 7.42857 1.14286
vt 7.71429 1.14286
vt 8.00000 1.14286
vt 8.28571 1.14286
vt 8.57143 1.14286
vt 8.85714 1.14286
vt 9.14286 1.14286
vt -15.42857 1.42857
vt -15.71429 1.42857
vt -15.14286 1.42857
vt -14.85714 1.42857
vt -14.57143 1.42857
vt -14.28571 1.42857
vt -14.00000 1.42857
vt -13.71429 1.42857
vt -13.42857 1.42857
vt -13.14286 1.42857
vt -12.85714 1.42857
vt -12.57143 1.42857
vt -12.28571 1.42857
vt -12.00000 1.42857
vt -11.71429 1.42857
vt -11.42857 1.42857
vt -11.14286 1.42857
vt -10.85714 1.42857
vt -10.57143 1.42857
vt -10.28571 1.42857
vt -10.00000 1.42857
vt -9.71429 1.42857
vt -9.42857 1.42857
vt -9.14286 1.42857
vt -8.85714 1.42857
vt -8.57143 1.42857
vt -8.28571 1.42857
vt -8.00000 1.42857
vt -7.71429 1.42857
vt -7.42857 1.42857
vt -7.14286 1.42857
vt -6.85714 1.42857
vt -6.57143 1.42857
vt -6.28571 1.42857
vt -6.00000 1.42857
vt -5.71429 1.42857
vt -5.42857 1.42857
vt -5.14286 1.42857
vt -4.85714 1.42857
vt -4.57143 1.42857
vt -4.28571 1.42857
vt -4.00000 1.42857
vt -3.71429 1.42857
vt -3.42857 1.42857
vt -3.14286 1.42857
vt -2.85714 1.42857
vt -2.57143 1.42857
vt -2.28571 1.42857
vt -2.00000 1.42857
vt -1.71429 1.42857
vt -1.42857 1.42857
vt -1.14286 1.42857
vt -0.85714 1.42857
vt -0.57143 1.42857
vt -0.28571 1.42857
vt 0.00000 1.42857
vt 0.28571 1.42857
vt 0.57143 1.42857
vt 0.85714 1.42857
vt 1.14286 1.42857
vt 1.42857 1.42857
vt 1.71429 1.42857
vt 2.00000 1.42857
vt 2.28571 1.42857
vt 2.57143 1.42857
vt 2.85714 1.42857
vt 3.14286 1.42857
vt 3.42857 1.42857
vt 3.71429 1.42857
vt 4.00000 1.42857
vt 4.28571 1.42857
vt 4.57143 1.42857
vt 4.85714 1.42857
vt 5.14286 1.42857
vt 5.42857 1.42857
vt 5.71429 1.42857
vt 6.00000 1.42857
vt 6.28571 1.42857
vt 6.57143 1.42857
vt 6.85714 1.42857
vt 7.14286 1.42857
vt 7.42857 1.42857
vt 7.71429 1.42857
vt 8.00000 1.42857
vt 8.28571 1.42857
vt 8.57143 1.42857
vt 8.85714 1.42857
vt 9.14286 1.42857
vt -15.14286 1.71429
vt -15.42857 1.71429
vt -14.85714 1.71429
vt -14.57143 1.71429
vt -14.28571 1.71429
vt -14.00000 1.71429
vt -13.71429 1.71429
vt -13.42857 1.71429
vt -13.14286 1.71429
vt -12.85714 1.71429
vt -12.57143 1.71429
vt -12.28571 1.71429
vt -12.00000 1.71429
vt -11.71429 1.71429
vt -11.42857 1.71429
vt -11.14286 1.71429
vt -10.85714 1.71429
vt -10.57143 1.71429
vt -10.28571 1.71429
vt -10.00000 1.71429
vt -9.71429 1.71429
vt -9.42857 1.71429
vt -9.14286 1.71429
vt -8.85714 1.71429
vt -8.57143 1.71429
vt -8.28571 1.71429
vt -8.00000 1.71429
vt -7.71429 1.71429
vt -7.42857 1.71429
vt -7.14286 1.71429
vt -6.85714 1.71429
vt -6.57143 1.71429
vt -6.28571 1.71429
vt -6.00000 1.71429
vt -5.71429 1.71429
vt -5.42857 1.71429
vt -5.14286 1.71429
vt -4.85714 1.71429
vt -4.57143 1.71429
vt -4.28571 1.71429
vt -4.00000 1.71429
vt -3.71429 1.71429
vt -3.42857 1.71429
vt -3.14286 1.71429
vt -2.85714 1.71429
vt -2.57143 1.71429
vt -2.28571 1.71429
vt -2.00000 1.71429
vt -1.71429 1.71429
vt -1.42857 1.71429
vt -1.14286 1.71429
vt -0.85714 1.71429
vt -0.57143 1.71429
vt -0.28571 1.71429
vt 0.00000 1.71429
vt 0.28571 1.71429
vt 0.57143 1.71429
vt 0.85714 1.71429
vt 1.14286 1.71429
vt 1.42857 1.71429
vt 1.71429 1.71429
vt 2.00000 1.71429
vt 2.28571 1.71429
vt 2.57143 1.71429
vt 2.85714 1.71429
vt 3.14286 1.71429
vt 3.42857 1.71429
vt 3.71429 1.71429
vt 4.00000 1.71429
vt 4.28571 1.71429
vt 4.57143 1.71429
vt 4.85714 1.71429
vt 5.14286 1.71429
vt 5.42857 1.71429
vt 5.71429 1.71429
vt 6.00000 1.71429
vt 6.28571 1.71429
vt 6.57143 1.71429
vt 6.85714 1.71429
vt 7.14286 1.71429
vt 7.42857 1.71429
vt 7.71429 1.71429
vt 8.00000 1.71429
vt 8.28571 1.71429
vt 8.57143 1.71429
vt 8.85714 1.71429
vt -14.57143 2.00000
vt -14.85714 2.00000
vt -14.28571 2.00000
vt -14.00000 2.00000
vt -13.71429 2.00000
vt -13.42857 2.00000
vt -13.14286 2.00000
vt -12.85714 2.00000
vt -12.57143 2.00000
vt -12.28571 2.00000
vt -12.00000 2.00000
vt -11.71429 2.00000
vt -11.42857 2.00000
vt -11.14286 2.00000
vt -10.85714 2.00000
vt -10.57143 2.00000
vt -10.28571 2.00000
vt -10.00000 2.00000
vt -9.71429 2.00000
vt -9.42857 2.00000
vt -9.14286 2.00000
vt -8.85714 2.00000
vt -8.57143 2.00000
vt -8.28571 2.00000
vt -8.00000 2.00000
vt -7.71429 2.00000
vt -7.42857 2.00000
vt -7.14286 2.00000
vt -6.85714 2.00000
vt -6.57143 2.00000
vt -6.28571 2.00000
vt -6.00000 2.00000
vt -5.71429 2.00000
vt -5.42857 2.00000
vt -5.14286 2.00000
vt -4.85714 2.00000
vt -4.57143 2.00000
vt -4.28571 2.00000
vt -4.00000 2.00000
vt -3.71429 2.00000
vt -3.42857 2.00000
vt -3.14286 2.00000
vt -2.85714 2.00000
vt -2.57143 2.00000
vt -2.28571 2.00000
vt -2.00000 2.00000
vt -1.71429 2.00000
vt -1.42857 2.00000
vt -1.14286 2.00000
vt -0.85714 2.00000
vt -0.57143 2.00000
vt -0.28571 2.00000
vt 0.00000 2.00000
vt 0.28571 2.00000
vt 0.57143 2.00000
vt 0.85714 2.00000
vt 1.14286 2.00000
vt 1.42857 2.00000
vt 1.71429 2.00000
vt 2.00000 2.00000
vt 2.28571 2.00000
vt 2.57143 2.00000
vt 2.85714 2.00000
vt 3.14286 2.00000
vt 3.42857 2.00000
vt 3.71429 2.00000
vt 4.00000 2.00000
vt 4.28571 2.00000
vt 4.57143 2.00000
vt 4.85714 2.00000
vt 5.14286 2.00000
vt 5.42857 2.00000
vt 5.71429 2.00000
vt 6.00000 2.00000
vt 6.28571 2.00000
vt 6.57143 2.00000
vt 6.85714 2.00000
vt 7.14286 2.00000
vt 7.42857 2.00000
vt 7.71429 2.00000
vt 8.00000 2.00000
vt 8.28571 2.00000
vt 8.57143 2.00000
vt 8.85714 2.00000
vt -13.14286 2.28571
vt -13.42857 2.28571
vt -12.85714 2.28571
vt -12.57143 2.28571
vt -12.28571 2.28571
vt -12.00000 2.28571
vt -11.71429 2.28571
vt -11.42857 2.28571
vt -11.14286 2.28571
vt -10.85714 2.28571
vt -10.57143 2.28571
vt -10.28571 2.28571
vt -10.00000 2.28571
vt -9.71429 2.28571
vt -9.42857 2.28571
vt -9.14286 2.28571
vt -8.85714 2.28571
vt -8.57143 2.28571
vt -8.28571 2.28571
vt -8.00000 2.28571
vt -7.71429 2.28571
vt -7.42857 2.28571
vt -7.14286 2.28571
vt -6.85714 2.28571
vt -6.57143 2.28571
vt -6.28571 2.28571
vt -6.00000 2.28571
vt -5.71429 2.28571
vt -5.42857 2.28571
vt -5.14286 2.28571
vt -4.85714 2.28571
vt -4.57143 2.28571
vt -4.28571 2.28571
vt -4.00000 2.28571
vt -3.71429 2.28571
vt -3.42857 2.28571
vt -3.14286 2.28571
vt -2.85714 2.28571
vt -2.57143 2.28571
vt -2.28571 2.28571
vt -2.00000 2.28571
vt -1.71429 2.28571
vt -1.42857 2.28571
vt -1.14286 2.28571
vt -0.85714 2.28571
vt -0.57143 2.28571
vt -0.28571 2.28571
vt 0.00000 2.28571
vt 0.28571 2.28571
vt 0.57143 2.28571
vt 0.85714 2.28571
vt 1.14286 2.28571
vt 1.42857 2.28571
vt 1.71429 2.28571
vt 2.00000 2.28571
vt 2.28571 2.28571
vt 2.57143 2.28571
vt 2.85714 2.28571
vt 3.14286 2.28571
vt 3.42857 2.28571
vt 3.71429 2.28571
vt 4.00000 2.28571
vt 4.28571 2.28571
vt 4.57143 2.28571
vt 4.85714 2.28571
vt 5.14286 2.28571
vt 5.42857 2.28571
vt 5.71429 2.28571
vt 6.00000 2.28571
vt 6.28571 2.28571
vt 6.57143 2.28571
vt 6.85714 2.28571
vt 7.14286 2.28571
vt 7.42857 2.28571
vt 7.71429 2.28571
vt 8.00000 2.28571
vt 8.28571 2.28571
vt 8.57143 2.28571
vt 8.85714 2.28571
vt -11.14286 2.57143
vt -11.42857 2.57143
vt -10.85714 2.57143
vt -10.57143 2.57143
vt -10.28571 2.57143
vt -10.00000 2.57143
vt -9.71429 2.57143
vt -9.42857 2.57143
vt -9.14286 2.57143
vt -8.85714 2.57143
vt -8.57143 2.57143
vt -8.28571 2.57143
vt -8.00000 2.57143
vt -7.71429 2.57143
vt -7.42857 2.57143
vt -7.14286 2.57143
vt -6.85714 2.57143
vt -6.57143 2.57143
vt -6.28571 2.57143
vt -6.00000 2.57143
vt -5.71429 2.57143
vt -5.42857 2.57143
vt -5.14286 2.57143
vt -4.85714 2.57143
vt -4.57143 2.57143
vt -4.28571 2.57143
vt -4.00000 2.57143
vt -3.71429 2.57143
vt -3.42857 2.57143
vt -3.14286 2.57143
vt -2.85714 2.57143
vt -2.57143 2.57143
vt -2.28571 2.57143
vt -2.00000 2.57143
vt -1.71429 2.57143
vt -1.42857 2.57143
vt -1.14286 2.57143
vt -0.85714 2.57143
vt -0.57143 2.57143
vt -0.28571 2.57143
vt 0.00000 2.57143
vt 0.28571 2.57143
vt 0.57143 2.57143
vt 0.85714 2.57143
vt 1.14286 2.57143
vt 1.42857 2.57143
vt 1.71429 2.57143
vt 2.00000 2.57143
vt 2.28571 2.57143
vt 2.57143 2.57143
vt 2.85714 2.57143
vt 3.14286 2.57143
vt 3.42857 2.57143
vt 3.71429 2.57143
vt 4.00000 2.57143
vt 4.28571 2.57143
vt 4.57143 2.57143
vt 4.85714 2.57143
vt 5.14286 2.57143
vt 5.42857 2.57143
vt 5.71429 2.57143
vt 6.00000 2.57143
vt 6.28571 2.57143
vt 6.57143 2.57143
vt 6.85714 2.57143
vt 7.14286 2.57143
vt 7.42857 2.57143
vt 7.71429 2.57143
vt 8.00000 2.57143
vt 8.28571 2.57143
vt 8.57143 2.57143
vt 8.85714 2.57143
vt -11.14286 2.85714
vt -11.42857 2.85714
vt -10.85714 2.85714
vt -10.57143 2.85714
vt -10.28571 2.85714
vt -10.00000 2.85714
vt -9.71429 2.85714
vt -9.42857 2.85714
vt -9.14286 2.85714
vt -8.85714 2.85714
vt -8.57143 2.85714
vt -8.28571 2.85714
vt -8.00000 2.85714
vt -7.71429 2.85714
vt -7.42857 2.85714
vt -7.14286 2.85714
vt -6.85714 2.85714
vt -6.57143 2.85714
vt -6.28571 2.85714
vt -6.00000 2.85714
vt -5.71429 2.85714
vt -5.42857 2.85714
vt -5.14286 2.85714
vt -4.85714 2.85714
vt -4.57143 2.85714
vt -4.28571 2.85714
vt -4.00000 2.85714
vt -3.71429 2.85714
vt -3.42857 2.85714
vt -3.14286 2.85714
vt -2.85714 2.85714
vt -2.57143 2.85714
vt -2.28571 2.85714
vt -2.00000 2.85714
vt -1.71429 2.85714
vt -1.42857 2.85714
vt -1.14286 2.85714
vt -0.85714 2.85714
vt -0.57143 2.85714
vt -0.28571 2.85714
vt 0.00000 2.85714
vt 0.28571 2.85714
vt 0.57143 2.85714
vt 0.85714 2.85714
vt 1.14286 2.85714
vt 1.42857 2.85714
vt 1.71429 2.85714
vt 2.00000 2.85714
vt 2.28571 2.85714
vt 2.57143 2.85714
vt 2.85714 2.85714
vt 3.14286 2.85714
vt 3.42857 2.85714
vt 3.71429 2.85714
vt 4.00000 2.85714
vt 4.28571 2.85714
vt 4.57143 2.85714
vt 4.85714 2.85714
vt 5.14286 2.85714
vt 5.42857 2.85714
vt 5.71429 2.85714
vt 6.00000 2.85714
vt 6.28571 2.85714
vt 6.57143 2.85714
vt 6.85714 2.85714
vt 7.14286 2.85714
vt 7.42857 2.85714
vt 7.71429 2.85714
vt 8.00000 2.85714
vt 8.28571 2.85714
vt 8.57143 2.85714
vt -11.71429 2.85714
vt -11.42857 3.14286
vt -11.71429 3.14286
vt -11.14286 3.14286
vt -10.85714 3.14286
vt -10.57143 3.14286
vt -10.28571 3.14286
vt -10.00000 3.14286
vt -9.71429 3.14286
vt -9.42857 3.14286
vt -9.14286 3.14286
vt -8.85714 3.14286
vt -8.57143 3.14286
vt -8.28571 3.14286
vt -8.00000 3.14286
vt -7.71429 3.14286
vt -7.42857 3.14286
vt -7.14286 3.14286
vt -6.85714 3.14286
vt -6.57143 3.14286
vt -6.28571 3.14286
vt -6.00000 3.14286
vt -5.71429 3.14286
vt -5.42857 3.14286
vt -5.14286 3.14286
vt -4.85714 3.14286
vt -4.57143 3.14286
vt -4.28571 3.14286
vt -4.00000 3.14286
vt -3.71429 3.14286
vt -3.42857 3.14286
vt -3.14286 3.14286
vt -2.85714 3.14286
vt -2.57143 3.14286
vt -2.28571 3.14286
vt -2.00000 3.14286
vt -1.71429 3.14286
vt -1.42857 3.14286
vt -1.14286 3.14286
vt -0.85714 3.14286
vt -0.57143 3.14286
vt -0.28571 3.14286
vt 0.00000 3.14286
vt 0.28571 3.14286
vt 0.57143 3.14286
vt 0.85714 3.14286
vt 1.14286 3.14286
vt 1.42857 3.14286
vt 1.71429 3.14286
vt 2.00000 3.14286
vt 2.28571 3.14286
vt 2.57143 3.14286
vt 2.85714 3.14286
vt 3.14286 3.14286
vt 3.42857 3.14286
vt 3.71429 3.14286
vt 4.00000 3.14286
vt 4.28571 3.14286
vt 4.57143 3.14286
vt 4.85714 3.14286
vt 5.14286 3.14286
vt 5.42857 3.14286
vt 5.71429 3.14286
vt 6.00000 3.14286
vt 6.28571 3.14286
vt 6.57143 3.14286
vt 6.85714 3.14286
vt 7.14286 3.14286
vt 7.42857 3.14286
vt 7.71429 3.14286
vt 8.00000 3.14286
vt 8.28571 3.14286
vt 8.57143 3.14286
vt -12.28571 3.14286
vt -12.00000 3.14286
vt -12.00000 3.42857
vt -12.28571 3.42857
vt -11.71429 3.42857
vt -11.42857 3.42857
vt -11.14286 3.42857
vt -10.85714 3.42857
vt -10.57143 3.42857
vt -10.28571 3.42857
vt -10.00000 3.42857
vt -9.71429 3.42857
vt -9.42857 3.42857
vt -9.14286 3.42857
vt -8.85714 3.42857
vt -8.57143 3.42857
vt -8.28571 3.42857
vt -8.00000 3.42857
vt -7.71429 3.42857
vt -7.42857 3.42857
vt -7.14286 3.42857
vt -6.85714 3.42857
vt -6.57143 3.42857
vt -6.28571 3.42857
vt -6.00000 3.42857
vt -5.71429 3.42857
vt -5.42857 3.42857
vt -5.14286 3.42857
vt -4.85714 3.42857
vt -4.57143 3.42857
vt -4.28571 3.42857
vt -4.00000 3.42857
vt -3.71429 3.42857
vt -3.42857 3.42857
vt -3.14286 3.42857
vt -2.85714 3.42857
vt -2.57143 3.42857
vt -2.28571 3.42857
vt -2.00000 3.42857
vt -1.71429 3.42857
vt -1.42857 3.42857
vt -1.14286 3.42857
vt -0.85714 3.42857
vt -0.57143 3.42857
vt -0.28571 3.42857
vt 0.00000 3.42857
vt 0.28571 3.42857
vt 0.57143 3.42857
vt 0.85714 3.42857
vt 1.14286 3.42857
vt 1.42857 3.42857
vt 1.71429 3.42857
vt 2.00000 3.42857
vt 2.28571 3.42857
vt 2.57143 3.42857
vt 2.85714 3.42857
vt 3.14286 3.42857
vt 3.42857 3.42857
vt 3.71429 3.42857
vt 4.00000 3.42857
vt 4.28571 3.42857
vt 4.57143 3.42857
vt 4.85714 3.42857
vt 5.14286 3.42857
vt 5.42857 3.42857
vt 5.71429 3.42857
vt 6.00000 3.42857
vt 6.28571 3.42857
vt 6.57143 3.42857
vt 6.85714 3.42857
vt 7.14286 3.42857
vt 7.42857 3.42857
vt 7.71429 3.42857
vt 8.00000 3.42857
vt 8.28571 3.42857
vt 8.57143 3.42857
vt -12.85714 3.42857
vt -12.57143 3.42857
vt -12.57143 3.71429
vt -12.85714 3.71429
vt -12.28571 3.71429
vt -12.00000 3.71429
vt -11.71429 3.71429
vt -11.42857 3.71429
vt -11.14286 3.71429
vt -10.85714 3.71429
vt -10.57143 3.71429
vt -10.28571 3.71429
vt -10.00000 3.71429
vt -9.71429 3.71429
vt -9.42857 3.71429
vt -9.14286 3.71429
vt -8.85714 3.71429
vt -8.57143 3.71429
vt -8.28571 3.71429
vt -8.00000 3.71429
vt -7.71429 3.71429
vt -7.42857 3.71429
vt -7.14286 3.71429
vt -6.85714 3.71429
vt -6.57143 3.71429
vt -6.28571 3.71429
vt -6.00000 3.71429
vt -5.71429 3.71429
vt -5.42857 3.71429
vt -5.14286 3.71429
vt -4.85714 3.71429
vt -4.57143 3.71429
vt -4.28571 3.71429
vt -4.00000 3.71429
vt -3.71429 3.71429
vt -3.42857 3.71429
vt -3.14286 3.71429
vt -2.85714 3.71429
vt -2.57143 3.71429
vt -2.28571 3.71429
vt -2.00000 3.71429
vt -1.71429 3.71429
vt -1.42857 3.71429
vt -1.14286 3.71429
vt -0.85714 3.71429
vt -0.57143 3.71429
vt -0.28571 3.71429
vt 0.00000 3.71429
vt 0.28571 3.71429
vt 0.57143 3.71429
vt 0.85714 3.71429
vt 1.14286 3.71429
vt 1.42857 3.71429
vt 1.71429 3.71429
vt 2.00000 3.71429
vt 2.28571 3.71429
vt 2.57143 3.71429
vt 2.85714 3.71429
vt 3.14286 3.71429
vt 3.42857 3.71429
vt 3.71429 3.71429
vt 4.00000 3.71429
vt 4.28571 3.71429
vt 4.57143 3.71429
vt 4.85714 3.71429
vt 5.14286 3.71429
vt 5.42857 3.71429
vt 5.71429 3.71429
vt 6.00000 3.71429
vt 6.28571 3.71429
vt 6.57143 3.71429
vt 6.85714 3.71429
vt 7.14286 3.71429
vt 7.42857 3.71429
vt 7.71429 3.71429
vt 8.00000 3.71429
vt 8.28571 3.71429
vt -13.14286 3.71429
vt -12.85714 4.00000
vt -13.14286 4.00000
vt -12.57143 4.00000
vt -12.28571 4.00000
vt -12.00000 4.00000
vt -11.71429 4.00000
vt -11.42857 4.00000
vt -11.14286 4.00000
vt -10.85714 4.00000
vt -10.57143 4.00000
vt -10.28571 4.00000
vt -10.00000 4.00000
vt -9.71429 4.00000
vt -9.42857 4.00000
vt -9.14286 4.00000
vt -8.85714 4.00000
vt -8.57143 4.00000
vt -8.28571 4.00000
vt -8.00000 4.00000
vt -7.71429 4.00000
vt -7.42857 4.00000
vt -7.14286 4.00000
vt -6.85714 4.00000
vt -6.57143 4.00000
vt -6.28571 4.00000
vt -6.00000 4.00000
vt -5.71429 4.00000
vt -5.42857 4.00000
vt -5.14286 4.00000
vt -4.85714 4.00000
vt -4.57143 4.00000
vt -4.28571 4.00000
vt -4.00000 4.00000
vt -3.71429 4.00000
vt -3.42857 4.00000
vt -3.14286 4.00000
vt -2.85714 4.00000
vt -2.57143 4.00000
vt -2.28571 4.00000
vt -2.00000 4.00000
vt -1.71429 4.00000
vt -1.42857 4.00000
vt -1.14286 4.00000
vt -0.85714 4.00000
vt -0.57143 4.00000
vt -0.28571 4.00000
vt 0.00000 4.00000
vt 0.28571 4.00000
vt 0.57143 4.00000
vt 0.85714 4.00000
vt 1.14286 4.00000
vt 1.42857 4.00000
vt 1.71429 4.00000
vt 2.00000 4.00000
vt 2.28571 4.00000
vt 2.57143 4.00000
vt 2.85714 4.00000
vt 3.14286 4.00000
vt 3.42857 4.00000
vt 3.71429 4.00000
vt 4.00000 4.00000
vt 4.28571 4.00000
vt 4.57143 4.00000
vt 4.85714 4.00000
vt 5.14286 4.00000
vt 5.42857 4.00000
vt 5.71429 4.00000
vt 6.00000 4.00000
vt 6.28571 4.00000
vt 6.57143 4.00000
vt 6.85714 4.00000
vt 7.14286 4.00000
vt 7.42857 4.00000
vt 7.71429 4.00000
vt 8.00000 4.00000
vt 8.28571 4.00000
vt -13.71429 4.00000
vt -13.42857 4.00000
vt -13.42857 4.28571
vt -13.71429 4.28571
vt -13.14286 4.28571
vt -12.85714 4.28571
vt -12.57143 4.28571
vt -12.28571 4.28571
vt -12.00000 4.28571
vt -11.71429 4.28571
vt -11.42857 4.28571
vt -11.14286 4.28571
vt -10.85714 4.28571
vt -10.57143 4.28571
vt -10.28571 4.28571
vt -10.00000 4.28571
vt -9.71429 4.28571
vt -9.42857 4.28571
vt -9.14286 4.28571
vt -8.85714 4.28571
vt -8.57143 4.28571
vt -8.28571 4.28571
vt -8.00000 4.28571
vt -7.71429 4.28571
vt -7.42857 4.28571
vt -7.14286 4.28571
vt -6.85714 4.28571
vt -6.57143 4.28571
vt -6.28571 4.28571
vt -6.00000 4.28571
vt -5.71429 4.28571
vt -5.42857 4.28571
vt -5.14286 4.28571
vt -4.85714 4.28571
vt -4.57143 4.28571
vt -4.28571 4.28571
vt -4.00000 4.28571
vt -3.71429 4.28571
vt -3.42857 4.28571
vt -3.14286 4.28571
vt -2.85714 4.28571
vt -2.57143 4.28571
vt -2.28571 4.28571
vt -2.00000 4.28571
vt -1.71429 4.28571
vt -1.42857 4.28571
vt -1.14286 4.28571
vt -0.85714 4.28571
vt -0.57143 4.28571
vt -0.28571 4.28571
vt 0.00000 4.28571
vt 0.28571 4.28571
vt 0.57143 4.28571
vt 0.85714 4.28571
vt 1.14286 4.28571
vt 1.42857 4.28571
vt 1.71429 4.28571
vt 2.00000 4.28571
vt 2.28571 4.28571
vt 2.57143 4.28571
vt 2.85714 4.28571
vt 3.14286 4.28571
vt 3.42857 4.28571
vt 3.71429 4.28571
vt 4.00000 4.28571
vt 4.28571 4.28571
vt 4.57143 4.28571
vt 4.85714 4.28571
vt 5.14286 4.28571
vt 5.42857 4.28571
vt 5.71429 4.28571
vt 6.00000 4.28571
vt 6.28571 4.28571
vt 6.57143 4.28571
vt 6.85714 4.28571
vt 7.14286 4.28571
vt 7.42857 4.28571
vt 7.71429 4.28571
vt 8.00000 4.28571
vt -14.28571 4.28571
vt -14.00000 4.28571
vt -14.00000 4.57143
vt -14.28571 4.57143
vt -13.71429 4.57143
vt -13.42857 4.57143
vt -13.14286 4.57143
vt -12.85714 4.57143
vt -12.57143 4.57143
vt -12.28571 4.57143
vt -12.00000 4.57143
vt -11.71429 4.57143
vt -11.42857 4.57143
vt -11.14286 4.57143
vt -10.85714 4.57143
vt -10.57143 4.57143
vt -10.28571 4.57143
vt -10.00000 4.57143
vt -9.71429 4.57143
vt -9.42857 4.57143
vt -9.14286 4.57143
vt -8.85714 4.57143
vt -8.57143 4.57143
vt -8.28571 4.57143
vt -8.00000 4.57143
vt -7.71429 4.57143
vt -7.42857 4.57143
vt -7.14286 4.57143
vt -6.85714 4.57143
vt -6.57143 4.57143
vt -6.28571 4.57143
vt -6.00000 4.57143
vt -5.71429 4.57143
vt -5.42857 4.57143
vt -5.14286 4.57143
vt -4.85714 4.57143
vt -4.57143 4.57143
vt -4.28571 4.57143
vt -4.00000 4.57143
vt -3.71429 4.57143
vt -3.42857 4.57143
vt -3.14286 4.57143
vt -2.85714 4.57143
vt -2.57143 4.57143
vt -2.28571 4.57143
vt -2.00000 4.57143
vt -1.71429 4.57143
vt -1.42857 4.57143
vt -1.14286 4.57143
vt -0.85714 4.57143
vt -0.57143 4.57143
vt -0.28571 4.57143
vt 0.00000 4.57143
vt 0.28571 4.57143
vt 0.57143 4.57143
vt 0.85714 4.57143
vt 1.14286 4.57143
vt 1.42857 4.57143
vt 1.71429 4.57143
vt 2.00000 4.57143
vt 2.28571 4.57143
vt 2.57143 4.57143
vt 2.85714 4.57143
vt 3.14286 4.57143
vt 3.42857 4.57143
vt 3.71429 4.57143
vt 4.00000 4.57143
vt 4.28571 4.57143
vt 4.57143 4.57143
vt 4.85714 4.57143
vt 5.14286 4.57143
vt 5.42857 4.57143
vt 5.71429 4.57143
vt 6.00000 4.57143
vt 6.28571 4.57143
vt 6.57143 4.57143
vt 6.85714 4.57143
vt 7.14286 4.57143
vt 7.42857 4.57143
vt 7.71429 4.57143
vt 8.00000 4.57143
vt -14.57143 4.57143
vt -14.28571 4.85714
vt -14.57143 4.85714
vt -14.00000 4.85714
vt -13.71429 4.85714
vt -13.42857 4.85714
vt -13.14286 4.85714
vt -12.85714 4.85714
vt -12.57143 4.85714
vt -12.28571 4.85714
vt -12.00000 4.85714
vt -11.71429 4.85714
vt -11.42857 4.85714
vt -11.14286 4.85714
vt -10.85714 4.85714
vt -10.57143 4.85714
vt -10.28571 4.85714
vt -10.00000 4.85714
vt -9.71429 4.85714
vt -9.42857 4.85714
vt -9.14286 4.85714
vt -8.85714 4.85714
vt -8.57143 4.85714
vt -8.28571 4.85714
vt -8.00000 4.85714
vt -7.71429 4.85714
vt -7.42857 4.85714
vt -7.14286 4.85714
vt -6.85714 4.85714
vt -6.57143 4.85714
vt -6.28571 4.85714
vt -6.00000 4.85714
vt -5.71429 4.85714
vt -5.42857 4.85714
vt -5.14286 4.85714
vt -4.85714 4.85714
vt -4.57143 4.85714
vt -4.28571 4.85714
vt -4.00000 4.85714
vt -3.71429 4.85714
vt -3.42857 4.85714
vt -3.14286 4.85714
vt -2.85714 4.85714
vt -2.57143 4.85714
vt -2.28571 4.85714
vt -2.00000 4.85714
vt -1.71429 4.85714
vt -1.42857 4.85714
vt -1.14286 4.85714
vt -0.85714 4.85714
vt -0.57143 4.85714
vt -0.28571 4.85714
vt 0.00000 4.85714
vt 0.28571 4.85714
vt 0.57143 4.85714
vt 0.85714 4.85714
vt 1.14286 4.85714
vt 1.42857 4.85714
vt 1.71429 4.85714
vt 2.00000 4.85714
vt 2.28571 4.85714
vt 2.57143 4.85714
vt 2.85714 4.85714
vt 3.14286 4.85714
vt 3.42857 4.85714
vt 3.71429 4.85714
vt 4.00000 4.85714
vt 4.28571 4.85714
vt 4.57143 4.85714
vt 4.85714 4.85714
vt 5.14286 4.85714
vt 5.42857 4.85714
vt 5.71429 4.85714
vt 6.00000 4.85714
vt 6.28571 4.85714
vt 6.57143 4.85714
vt 6.85714 4.85714
vt 7.14286 4.85714
vt 7.42857 4.85714
vt 7.71429 4.85714
vt -15.14286 4.85714
vt -14.85714 4.85714
vt -14.85714 5.14286
vt -15.14286 5.14286
vt -14.57143 5.14286
vt -14.28571 5.14286
vt -14.00000 5.14286
vt -13.71429 5.14286
vt -13.42857 5.14286
vt -13.14286 5.14286
vt -12.85714 5.14286
vt -12.57143 5.14286
vt -12.28571 5.14286
vt -12.00000 5.14286
vt -11.71429 5.14286
vt -11.42857 5.14286
vt -11.14286 5.14286
vt -10.85714 5.14286
vt -10.57143 5.14286
vt -10.28571 5.14286
vt -10.00000 5.14286
vt -9.71429 5.14286
vt -9.42857 5.14286
vt -9.14286 5.14286
vt -8.85714 5.14286
vt -8.57143 5.14286
vt -8.28571 5.14286
vt -8.00000 5.14286
vt -7.71429 5.14286
vt -7.42857 5.14286
vt -7.14286 5.14286
vt -6.85714 5.14286
vt -6.57143 5.14286
vt -6.28571 5.14286
vt -6.00000 5.14286
vt -5.71429 5.14286
vt -5.42857 5.14286
vt -5.14286 5.14286
vt -4.85714 5.14286
vt -4.57143 5.14286
vt -4.28571 5.14286
vt -4.00000 5.14286
vt -3.71429 5.14286
vt -3.42857 5.14286
vt -3.14286 5.14286
vt -2.85714 5.14286
vt -2.57143 5.14286
vt -2.28571 5.14286
vt -2.00000 5.14286
vt -1.71429 5.14286
vt -1.42857 5.14286
vt -1.14286 5.14286
vt -0.85714 5.14286
vt -0.57143 5.14286
vt -0.28571 5.14286
vt 0.00000 5.14286
vt 0.28571 5.14286
vt 0.57143 5.14286
vt 0.85714 5.14286
vt 1.14286 5.14286
vt 1.42857 5.14286
vt 1.71429 5.14286
vt 2.00000 5.14286
vt 2.28571 5.14286
vt 2.57143 5.14286
vt 2.85714 5.14286
vt 3.14286 5.14286
vt 3.42857 5.14286
vt 3.71429 5.14286
vt 4.00000 5.14286
vt 4.28571 5.14286
vt 4.57143 5.14286
vt 4.85714 5.14286
vt 5.14286 5.14286
vt 5.42857 5.14286
vt 5.71429 5.14286
vt 6.00000 5.14286
vt 6.28571 5.14286
vt 6.57143 5.14286
vt 6.85714 5.14286
vt 7.14286 5.14286
vt 7.42857 5.14286
vt -15.42857 5.14286
vt -15.14286 5.42857
vt -15.42857 5.42857
vt -14.85714 5.42857
vt -14.57143 5.42857
vt -14.28571 5.42857
vt -14.00000 5.42857
vt -13.71429 5.42857
vt -13.42857 5.42857
vt -13.14286 5.42857
vt -12.85714 5.42857
vt -12.57143 5.42857
vt -12.28571 5.42857
vt -12.00000 5.42857
vt -11.71429 5.42857
vt -11.42857 5.42857
vt -11.14286 5.42857
vt -10.85714 5.42857
vt -10.57143 5.42857
vt -10.28571 5.42857
vt -10.00000 5.42857
vt -9.71429 5.42857
vt -9.42857 5.42857
vt -9.14286 5.42857
vt -8.85714 5.42857
vt -8.57143 5.42857
vt -8.28571 5.42857
vt -8.00000 5.42857
vt -7.71429 5.42857
vt -7.42857 5.42857
vt -7.14286 5.42857
vt -6.85714 5.42857
vt -6.57143 5.42857
vt -6.28571 5.42857
vt -6.00000 5.42857
vt -5.71429 5.42857
vt -5.42857 5.42857
vt -5.14286 5.42857
vt -4.85714 5.42857
vt -4.57143 5.42857
vt -4.28571 5.42857
vt -4.00000 5.42857
vt -3.71429 5.42857
vt -3.42857 5.42857
vt -3.14286 5.42857
vt -2.85714 5.42857
vt -2.57143 5.42857
vt -2.28571 5.42857
vt -2.00000 5.42857
vt -1.71429 5.42857
vt -1.42857 5.42857
vt -1.14286 5.42857
vt -0.85714 5.42857
vt -0.57143 5.42857
vt -0.28571 5.42857
vt 0.00000 5.42857
vt 0.28571 5.42857
vt 0.57143 5.42857
vt 0.85714 5.42857
vt 1.14286 5.42857
vt 1.42857 5.42857
vt 1.71429 5.42857
vt 2.00000 5.42857
vt 2.28571 5.42857
vt 2.57143 5.42857
vt 2.85714 5.42857
vt 3.14286 5.42857
vt 3.42857 5.42857
vt 3.71429 5.42857
vt 4.00000 5.42857
vt 4.28571 5.42857
vt 4.57143 5.42857
vt 4.85714 5.42857
vt 5.14286 5.42857
vt 5.42857 5.42857
vt 5.71429 5.42857
vt 6.00000 5.42857
vt 6.28571 5.42857
vt 6.57143 5.42857
vt 6.85714 5.42857
vt 7.14286 5.42857
vt -15.71429 5.42857
vt -15.42857 5.71429
vt -15.71429 5.71429
vt -15.14286 5.71429
vt -14.85714 5.71429
vt -14.57143 5.71429
vt -14.28571 5.71429
vt -14.00000 5.71429
vt -13.71429 5.71429
vt -13.42857 5.71429
vt -13.14286 5.71429
vt -12.85714 5.71429
vt -12.57143 5.71429
vt -12.28571 5.71429
vt -12.00000 5.71429
vt -11.71429 5.71429
vt -11.42857 5.71429
vt -11.14286 5.71429
vt -10.85714 5.71429
vt -10.57143 5.71429
vt -10.28571 5.71429
vt -10.00000 5.71429
vt -9.71429 5.71429
vt -9.42857 5.71429
vt -9.14286 5.71429
vt -8.85714 5.71429
vt -8.57143 5.71429
vt -8.28571 5.71429
vt -8.00000 5.71429
vt -7.71429 5.71429
vt -7.42857 5.71429
vt -7.14286 5.71429
vt -6.85714 5.71429
vt -6.57143 5.71429
vt -6.28571 5.71429
vt -6.00000 5.71429
vt -5.71429 5.71429
vt -5.42857 5.71429
vt -5.14286 5.71429
vt -4.85714 5.71429
vt -4.57143 5.71429
vt -4.28571 5.71429
vt -4.00000 5.71429
vt -3.71429 5.71429
vt -3.42857 5.71429
vt -3.14286 5.71429
vt -2.85714 5.71429
vt -2.57143 5.71429
vt -2.28571 5.71429
vt -2.00000 5.71429
vt -1.71429 5.71429
vt -1.42857 5.71429
vt -1.14286 5.71429
vt -0.85714 5.71429
vt -0.57143 5.71429
vt -0.28571 5.71429
vt 0.00000 5.71429
vt 0.28571 5.71429
vt 0.57143 5.71429
vt 0.85714 5.71429
vt 1.14286 5.71429
vt 1.42857 5.71429
vt 1.71429 5.71429
vt 2.00000 5.71429
vt 2.28571 5.71429
vt 2.57143 5.71429
vt 2.85714 5.71429
vt 3.14286 5.71429
vt 3.42857 5.71429
vt 3.71429 5.71429
vt 4.00000 5.71429
vt 4.28571 5.71429
vt 4.57143 5.71429
vt 4.85714 5.71429
vt 5.14286 5.71429
vt 5.42857 5.71429
vt 5.71429 5.71429
vt 6.00000 5.71429
vt 6.28571 5.71429
vt 6.57143 5.71429
vt 6.85714 5.71429
vt -16.00000 5.71429
vt -15.71429 6.00000
vt -16.00000 6.00000
vt -15.42857 6.00000
vt -15.14286 6.00000
vt -14.85714 6.00000
vt -14.57143 6.00000
vt -14.28571 6.00000
vt -14.00000 6.00000
vt -13.71429 6.00000
vt -13.42857 6.00000
vt -13.14286 6.00000
vt -12.85714 6.00000
vt -12.57143 6.00000
vt -12.28571 6.00000
vt -12.00000 6.00000
vt -11.71429 6.00000
vt -11.42857 6.00000
vt -11.14286 6.00000
vt -10.85714 6.00000
vt -10.57143 6.00000
vt -10.28571 6.00000
vt -10.00000 6.00000
vt -9.71429 6.00000
vt -9.42857 6.00000
vt -9.14286 6.00000
vt -8.85714 6.00000
vt -8.57143 6.00000
vt -8.28571 6.00000
vt -8.00000 6.00000
vt -7.71429 6.00000
vt -7.42857 6.00000
vt -7.14286 6.00000
vt -6.85714 6.00000
vt -6.57143 6.00000
vt -6.28571 6.00000
vt -6.00000 6.00000
vt -5.71429 6.00000
vt -5.42857 6.00000
vt -5.14286 6.00000
vt -4.85714 6.00000
vt -4.57143 6.00000
vt -4.28571 6.00000
vt -4.00000 6.00000
vt -3.42857 6.00000
vt -3.71429 6.00000
vt -3.14286 6.00000
vt -2.85714 6.00000
vt -2.57143 6.00000
vt -2.28571 6.00000
vt -2.00000 6.00000
vt -1.71429 6.00000
vt -1.42857 6.00000
vt -1.14286 6.00000
vt -0.85714 6.00000
vt -0.57143 6.00000
vt -0.28571 6.00000
vt 0.00000 6.00000
vt 0.28571 6.00000
vt 0.57143 6.00000
vt 0.85714 6.00000
vt 1.14286 6.00000
vt 1.42857 6.00000
vt 1.71429 6.00000
vt 2.00000 6.00000
vt 2.28571 6.00000
vt 2.57143 6.00000
vt 2.85714 6.00000
vt 3.14286 6.00000
vt 3.42857 6.00000
vt 3.71429 6.00000
vt 4.00000 6.00000
vt 4.28571 6.00000
vt 4.57143 6.00000
vt 4.85714 6.00000
vt 5.14286 6.00000
vt 5.42857 6.00000
vt 5.71429 6.00000
vt 6.00000 6.00000
vt 6.28571 6.00000
vt 6.57143 6.00000
vt -16.28571 6.00000
vt -16.00000 6.28571
vt -16.28571 6.28571
vt -15.71429 6.28571
vt -15.42857 6.28571
vt -15.14286 6.28571
vt -14.85714 6.28571
vt -14.57143 6.28571
vt -14.28571 6.28571
vt -14.00000 6.28571
vt -13.71429 6.28571
vt -13.42857 6.28571
vt -13.14286 6.28571
vt -12.85714 6.28571
vt -12.57143 6.28571
vt -12.28571 6.28571
vt -12.00000 6.28571
vt -11.71429 6.28571
vt -11.42857 6.28571
vt -11.14286 6.28571
vt -10.85714 6.28571
vt -10.57143 6.28571
vt -10.28571 6.28571
vt -10.00000 6.28571
vt -9.71429 6.28571
vt -9.42857 6.28571
vt -9.14286 6.28571
vt -8.85714 6.28571
vt -8.57143 6.28571
vt -8.28571 6.28571
vt -8.00000 6.28571
vt -7.71429 6.28571
vt -7.42857 6.28571
vt -7.14286 6.28571
vt -6.85714 6.28571
vt -6.57143 6.28571
vt -6.28571 6.28571
vt -6.00000 6.28571
vt -5.71429 6.28571
vt -5.42857 6.28571
vt -5.14286 6.28571
vt -4.85714 6.28571
vt -4.57143 6.28571
vt -3.14286 6.28571
vt -3.42857 6.28571
vt -2.85714 6.28571
vt -2.57143 6.28571
vt -2.28571 6.28571
vt -2.00000 6.28571
vt -1.71429 6.28571
vt -1.42857 6.28571
vt -1.14286 6.28571
vt -0.85714 6.28571
vt -0.57143 6.28571
vt -0.28571 6.28571
vt 0.00000 6.28571
vt 0.28571 6.28571
vt 0.57143 6.28571
vt 0.85714 6.28571
vt 1.14286 6.28571
vt 1.42857 6.28571
vt 1.71429 6.28571
vt 2.00000 6.28571
vt 2.28571 6.28571
vt 2.57143 6.28571
vt 2.85714 6.28571
vt 3.14286 6.28571
vt 3.42857 6.28571
vt 3.71429 6.28571
vt 4.00000 6.28571
vt 4.28571 6.28571
vt 4.57143 6.28571
vt 4.85714 6.28571
vt 5.14286 6.28571
vt 5.42857 6.28571
vt 5.71429 6.28571
vt 6.00000 6.28571
vt 6.28571 6.28571
vt -16.00000 6.57143
vt -16.28571 6.57143
vt -15.71429 6.57143
vt -15.42857 6.57143
vt -15.14286 6.57143
vt -14.85714 6.57143
vt -14.57143 6.57143
vt -14.28571 6.57143
vt -14.00000 6.57143
vt -13.71429 6.57143
vt -13.42857 6.57143
vt -13.14286 6.57143
vt -12.85714 6.57143
vt -12.57143 6.57143
vt -12.28571 6.57143
vt -12.00000 6.57143
vt -11.71429 6.57143
vt -11.42857 6.57143
vt -11.14286 6.57143
vt -10.85714 6.57143
vt -10.57143 6.57143
vt -10.28571 6.57143
vt -10.00000 6.57143
vt -9.71429 6.57143
vt -9.42857 6.57143
vt -9.14286 6.57143
vt -8.85714 6.57143
vt -8.57143 6.57143
vt -8.28571 6.57143
vt -8.00000 6.57143
vt -7.71429 6.57143
vt -7.42857 6.57143
vt -7.14286 6.57143
vt -6.85714 6.57143
vt -6.57143 6.57143
vt -6.28571 6.57143
vt -6.00000 6.57143
vt -5.71429 6.57143
vt -5.42857 6.57143
vt -5.14286 6.57143
vt -2.85714 6.57143
vt -3.14286 6.57143
vt -2.57143 6.57143
vt -2.28571 6.57143
vt -2.00000 6.57143
vt -1.71429 6.57143
vt -1.42857 6.57143
vt -1.14286 6.57143
vt -0.85714 6.57143
vt -0.57143 6.57143
vt -0.28571 6.57143
vt 0.00000 6.57143
vt 0.28571 6.57143
vt 0.57143 6.57143
vt 0.85714 6.57143
vt 1.14286 6.57143
vt 1.42857 6.57143
vt 1.71429 6.57143
vt 2.00000 6.57143
vt 2.28571 6.57143
vt 2.57143 6.57143
vt 2.85714 6.57143
vt 3.14286 6.57143
vt 3.42857 6.57143
vt 3.71429 6.57143
vt 4.00000 6.57143
vt 4.28571 6.57143
vt 4.57143 6.57143
vt 4.85714 6.57143
vt 5.14286 6.57143
vt 5.42857 6.57143
vt 5.71429 6.57143
vt 6.00000 6.57143
vt -16.57143 6.57143
vt -16.28571 6.85714
vt -16.57143 6.85714
vt -16.00000 6.85714
vt -15.71429 6.85714
vt -15.42857 6.85714
vt -15.14286 6.85714
vt -14.85714 6.85714
vt -14.57143 6.85714
vt -14.28571 6.85714
vt -14.00000 6.85714
vt -13.71429 6.85714
vt -13.42857 6.85714
vt -13.14286 6.85714
vt -12.85714 6.85714
vt -12.57143 6.85714
vt -12.28571 6.85714
vt -12.00000 6.85714
vt -11.71429 6.85714
vt -11.42857 6.85714
vt -11.14286 6.85714
vt -10.85714 6.85714
vt -10.57143 6.85714
vt -10.28571 6.85714
vt -10.00000 6.85714
vt -9.71429 6.85714
vt -9.42857 6.85714
vt -9.14286 6.85714
vt -8.85714 6.85714
vt -8.57143 6.85714
vt -8.28571 6.85714
vt -8.00000 6.85714
vt -7.71429 6.85714
vt -7.42857 6.85714
vt -7.14286 6.85714
vt -6.85714 6.85714
vt -6.57143 6.85714
vt -6.28571 6.85714
vt -6.00000 6.85714
vt -5.71429 6.85714
vt -5.42857 6.85714
vt -2.57143 6.85714
vt -2.85714 6.85714
vt -2.28571 6.85714
vt -2.00000 6.85714
vt -1.71429 6.85714
vt -1.42857 6.85714
vt -1.14286 6.85714
vt -0.85714 6.85714
vt -0.57143 6.85714
vt -0.28571 6.85714
vt 0.00000 6.85714
vt 0.28571 6.85714
vt 0.57143 6.85714
vt 0.85714 6.85714
vt 1.14286 6.85714
vt 1.42857 6.85714
vt 1.71429 6.85714
vt 2.00000 6.85714
vt 2.28571 6.85714
vt 2.57143 6.85714
vt 2.85714 6.85714
vt 3.14286 6.85714
vt 3.42857 6.85714
vt 3.71429 6.85714
vt 4.00000 6.85714
vt 4.28571 6.85714
vt 4.57143 6.85714
vt 4.85714 6.85714
vt 5.14286 6.85714
vt 5.42857 6.85714
vt 5.71429 6.85714
vt -16.28571 7.14286
vt -16.57143 7.14286
vt -16.00000 7.14286
vt -15.71429 7.14286
vt -15.42857 7.14286
vt -15.14286 7.14286
vt -14.85714 7.14286
vt -14.57143 7.14286
vt -14.28571 7.14286
vt -14.00000 7.14286
vt -13.71429 7.14286
vt -13.42857 7.14286
vt -13.14286 7.14286
vt -12.85714 7.14286
vt -12.57143 7.14286
vt -12.28571 7.14286
vt -12.00000 7.14286
vt -11.71429 7.14286
vt -11.42857 7.14286
vt -11.14286 7.14286
vt -10.85714 7.14286
vt -10.57143 7.14286
vt -10.28571 7.14286
vt -10.00000 7.14286
vt -9.71429 7.14286
vt -9.42857 7.14286
vt -9.14286 7.14286
vt -8.85714 7.14286
vt -8.57143 7.14286
vt -8.28571 7.14286
vt -8.00000 7.14286
vt -7.71429 7.14286
vt -7.42857 7.14286
vt -7.14286 7.14286
vt -6.85714 7.14286
vt -6.57143 7.14286
vt -6.28571 7.14286
vt -6.00000 7.14286
vt -2.00000 7.14286
vt -2.28571 7.14286
vt -1.71429 7.14286
vt -1.42857 7.14286
vt -1.14286 7.14286
vt -0.85714 7.14286
vt -0.57143 7.14286
vt -0.28571 7.14286
vt 0.00000 7.14286
vt 0.28571 7.14286
vt 0.57143 7.14286
vt 0.85714 7.14286
vt 1.14286 7.14286
vt 1.42857 7.14286
vt 1.71429 7.14286
vt 2.00000 7.14286
vt 2.28571 7.14286
vt 2.57143 7.14286
vt 2.85714 7.14286
vt 3.14286 7.14286
vt 3.42857 7.14286
vt 3.71429 7.14286
vt 4.00000 7.14286
vt 4.28571 7.14286
vt 4.57143 7.14286
vt 4.85714 7.14286
vt 5.14286 7.14286
vt -16.28571 7.42857
vt -16.57143 7.42857
vt -16.00000 7.42857
vt -15.71429 7.42857
vt -15.42857 7.42857
vt -15.14286 7.42857
vt -14.85714 7.42857
vt -14.57143 7.42857
vt -14.28571 7.42857
vt -14.00000 7.42857
vt -13.71429 7.42857
vt -13.42857 7.42857
vt -13.14286 7.42857
vt -12.85714 7.42857
vt -12.57143 7.42857
vt -12.28571 7.42857
vt -12.00000 7.42857
vt -11.71429 7.42857
vt -11.42857 7.42857
vt -11.14286 7.42857
vt -10.85714 7.42857
vt -10.57143 7.42857
vt -10.28571 7.42857
vt -10.00000 7.42857
vt -9.71429 7.42857
vt -9.42857 7.42857
vt -9.14286 7.42857
vt -8.85714 7.42857
vt -8.57143 7.42857
vt -8.28571 7.42857
vt -8.00000 7.42857
vt -7.71429 7.42857
vt -7.42857 7.42857
vt -7.14286 7.42857
vt -6.85714 7.42857
vt -6.57143 7.42857
vt -1.42857 7.42857
vt -1.71429 7.42857
vt -1.14286 7.42857
vt -0.85714 7.42857
vt -0.57143 7.42857
vt -0.28571 7.42857
vt 0.00000 7.42857
vt 0.28571 7.42857
vt 0.57143 7.42857
vt 0.85714 7.42857
vt 1.14286 7.42857
vt 1.42857 7.42857
vt 1.71429 7.42857
vt 2.00000 7.42857
vt 2.28571 7.42857
vt 2.57143 7.42857
vt 2.85714 7.42857
vt 3.14286 7.42857
vt 3.42857 7.42857
vt 3.71429 7.42857
vt 4.00000 7.42857
vt 4.28571 7.42857
vt 4.57143 7.42857
vt -16.28571 7.71429
vt -16.57143 7.71429
vt -16.00000 7.71429
vt -15.71429 7.71429
vt -15.42857 7.71429
vt -15.14286 7.71429
vt -14.85714 7.71429
vt -14.57143 7.71429
vt -14.28571 7.71429
vt -14.00000 7.71429
vt -13.71429 7.71429
vt -13.42857 7.71429
vt -13.14286 7.71429
vt -12.85714 7.71429
vt -12.57143 7.71429
vt -12.28571 7.71429
vt -12.00000 7.71429
vt -11.71429 7.71429
vt -11.42857 7.71429
vt -11.14286 7.71429
vt -10.85714 7.71429
vt -10.57143 7.71429
vt -10.28571 7.71429
vt -10.00000 7.71429
vt -9.71429 7.71429
vt -9.42857 7.71429
vt -9.14286 7.71429
vt -8.85714 7.71429
vt -8.57143 7.71429
vt -8.28571 7.71429
vt -8.00000 7.71429
vt -7.71429 7.71429
vt -7.42857 7.71429
vt -7.14286 7.71429
vt -6.85714 7.71429
vt -0.57143 7.71429
vt -0.85714 7.71429
vt -0.28571 7.71429
vt 0.00000 7.71429
vt 0.28571 7.71429
vt 0.57143 7.71429
vt 0.85714 7.71429
vt 1.14286 7.71429
vt 1.42857 7.71429
vt 1.71429 7.71429
vt 2.00000 7.71429
vt 2.28571 7.71429
vt 2.57143 7.71429
vt 2.85714 7.71429
vt 3.14286 7.71429
vt 3.42857 7.71429
vt 3.71429 7.71429
vt -16.28571 8.00000
vt -16.57143 8.00000
vt -16.00000 8.00000
vt -15.71429 8.00000
vt -15.42857 8.00000
vt -15.14286 8.00000
vt -14.85714 8.00000
vt -14.57143 8.00000
vt -14.28571 8.00000
vt -14.00000 8.00000
vt -13.71429 8.00000
vt -13.42857 8.00000
vt -13.14286 8.00000
vt -12.85714 8.00000
vt -12.57143 8.00000
vt -12.28571 8.00000
vt -12.00000 8.00000
vt -11.71429 8.00000
vt -11.42857 8.00000
vt -11.14286 8.00000
vt -10.85714 8.00000
vt -10.57143 8.00000
vt -10.28571 8.00000
vt -10.00000 8.00000
vt -9.71429 8.00000
vt -9.42857 8.00000
vt -9.14286 8.00000
vt -8.85714 8.00000
vt -8.57143 8.00000
vt -8.28571 8.00000
vt -8.00000 8.00000
vt -7.71429 8.00000
vt -7.42857 8.00000
vt 0.57143 8.00000
vt 0.28571 8.00000
vt 0.85714 8.00000
vt 1.14286 8.00000
vt 1.42857 8.00000
vt 1.71429 8.00000
vt 2.00000 8.00000
vt 2.28571 8.00000
vt 2.57143 8.00000
vt -16.28571 8.28571
vt -16.57143 8.28571
vt -16.00000 8.28571
vt -15.71429 8.28571
vt -15.42857 8.28571
vt -15.14286 8.28571
vt -14.85714 8.28571
vt -14.57143 8.28571
vt -14.28571 8.28571
vt -14.00000 8.28571
vt -13.71429 8.28571
vt -13.42857 8.28571
vt -13.14286 8.28571
vt -12.85714 8.28571
vt -12.57143 8.28571
vt -12.28571 8.28571
vt -12.00000 8.28571
vt -11.71429 8.28571
vt -11.42857 8.28571
vt -11.14286 8.28571
vt -10.85714 8.28571
vt -10.57143 8.28571
vt -10.28571 8.28571
vt -10.00000 8.28571
vt -9.71429 8.28571
vt -9.42857 8.28571
vt -9.14286 8.28571
vt -8.85714 8.28571
vt -8.57143 8.28571
vt -8.28571 8.28571
vt -8.00000 8.28571
vt -16.28571 8.57143
vt -16.57143 8.57143
vt -16.00000 8.57143
vt -15.71429 8.57143
vt -15.42857 8.57143
vt -15.14286 8.57143
vt -14.85714 8.57143
vt -14.57143 8.57143
vt -14.28571 8.57143
vt -14.00000 8.57143
vt -13.71429 8.57143
vt -13.42857 8.57143
vt -13.14286 8.57143
vt -12.85714 8.57143
vt -12.57143 8.57143
vt -12.28571 8.57143
vt -12.00000 8.57143
vt -11.71429 8.57143
vt -11.42857 8.57143
vt -11.14286 8.57143
vt -10.85714 8.57143
vt -10.57143 8.57143
vt -10.28571 8.57143
vt -10.00000 8.57143
vt -9.71429 8.57143
vt -9.42857 8.57143
vt -9.14286 8.57143
vt -8.85714 8.57143
vt -8.57143 8.57143
vt -8.28571 8.57143
vt -16.28571 8.85714
vt -16.57143 8.85714
vt -16.00000 8.85714
vt -15.71429 8.85714
vt -15.42857 8.85714
vt -15.14286 8.85714
vt -14.85714 8.85714
vt -14.57143 8.85714
vt -14.28571 8.85714
vt -14.00000 8.85714
vt -13.71429 8.85714
vt -13.42857 8.85714
vt -13.14286 8.85714
vt -12.85714 8.85714
vt -12.57143 8.85714
vt -12.28571 8.85714
vt -12.00000 8.85714
vt -11.71429 8.85714
vt -11.42857 8.85714
vt -11.14286 8.85714
vt -10.85714 8.85714
vt -10.57143 8.85714
vt -10.28571 8.85714
vt -10.00000 8.85714
vt -9.71429 8.85714
vt -9.42857 8.85714
vt -9.14286 8.85714
vt -8.85714 8.85714
vt -16.28571 9.14286
vt -16.57143 9.14286
vt -16.00000 9.14286
vt -15.71429 9.14286
vt -15.42857 9.14286
vt -15.14286 9.14286
vt -14.85714 9.14286
vt -14.57143 9.14286
vt -14.28571 9.14286
vt -14.00000 9.14286
vt -13.71429 9.14286
vt -13.42857 9.14286
vt -13.14286 9.14286
vt -12.85714 9.14286
vt -12.57143 9.14286
vt -12.28571 9.14286
vt -12.00000 9.14286
vt -11.71429 9.14286
vt -11.42857 9.14286
vt -11.14286 9.14286
vt -10.85714 9.14286
vt -10.57143 9.14286
vt -10.28571 9.14286
vt -10.00000 9.14286
vt -9.71429 9.14286
vt -9.42857 9.14286
vt -17.14286 9.14286
vt -16.85714 9.14286
vt -16.85714 9.42857
vt -17.14286 9.42857
vt -16.57143 9.42857
vt -16.28571 9.42857
vt -16.00000 9.42857
vt -15.71429 9.42857
vt -15.42857 9.42857
vt -15.14286 9.42857
vt -14.85714 9.42857
vt -14.57143 9.42857
vt -14.28571 9.42857
vt -14.00000 9.42857
vt -13.71429 9.42857
vt -13.42857 9.42857
vt -13.14286 9.42857
vt -12.85714 9.42857
vt -12.57143 9.42857
vt -12.28571 9.42857
vt -12.00000 9.42857
vt -11.71429 9.42857
vt -11.42857 9.42857
vt -11.14286 9.42857
vt -10.85714 9.42857
vt -10.57143 9.42857
vt -10.28571 9.42857
vt -10.00000 9.42857
vt -9.71429 9.42857
vt -17.42857 9.42857
vt -17.14286 9.71429
vt -17.42857 9.71429
vt -16.85714 9.71429
vt -16.57143 9.71429
vt -16.28571 9.71429
vt -16.00000 9.71429
vt -15.71429 9.71429
vt -15.42857 9.71429
vt -15.14286 9.71429
vt -14.85714 9.71429
vt -14.57143 9.71429
vt -14.28571 9.71429
vt -14.00000 9.71429
vt -13.71429 9.71429
vt -13.42857 9.71429
vt -13.14286 9.71429
vt -12.85714 9.71429
vt -12.57143 9.71429
vt -12.28571 9.71429
vt -12.00000 9.71429
vt -11.71429 9.71429
vt -11.42857 9.71429
vt -11.14286 9.71429
vt -10.85714 9.71429
vt -10.57143 9.71429
vt -10.28571 9.71429
vt -17.71429 9.71429
vt -17.42857 10.00000
vt -17.71429 10.00000
vt -17.14286 10.00000
vt -16.85714 10.00000
vt -16.57143 10.00000
vt -16.28571 10.00000
vt -16.00000 10.00000
vt -15.71429 10.00000
vt -15.42857 10.00000
vt -15.14286 10.00000
vt -14.85714 10.00000
vt -14.57143 10.00000
vt -14.28571 10.00000
vt -14.00000 10.00000
vt -13.71429 10.00000
vt -13.42857 10.00000
vt -13.14286 10.00000
vt -12.85714 10.00000
vt -12.57143 10.00000
vt -12.28571 10.00000
vt -12.00000 10.00000
vt -11.71429 10.00000
vt -11.42857 10.00000
vt -11.14286 10.00000
vt -10.85714 10.00000
vt -17.42857 10.28571
vt -17.71429 10.28571
vt -17.14286 10.28571
vt -16.85714 10.28571
vt -16.57143 10.28571
vt -16.28571 10.28571
vt -16.00000 10.28571
vt -15.71429 10.28571
vt -15.42857 10.28571
vt -15.14286 10.28571
vt -14.85714 10.28571
vt -14.57143 10.28571
vt -14.28571 10.28571
vt -14.00000 10.28571
vt -13.71429 10.28571
vt -13.42857 10.28571
vt -13.14286 10.28571
vt -12.85714 10.28571
vt -12.57143 10.28571
vt -12.28571 10.28571
vt -12.00000 10.28571
vt -11.71429 10.28571
vt -11.42857 10.28571
vt -11.14286 10.28571
vt -18.00000 10.28571
vt -17.71429 10.57143
vt -18.00000 10.57143
vt -17.42857 10.57143
vt -17.14286 10.57143
vt -16.85714 10.57143
vt -16.57143 10.57143
vt -16.28571 10.57143
vt -16.00000 10.57143
vt -15.71429 10.57143
vt -15.42857 10.57143
vt -15.14286 10.57143
vt -14.85714 10.57143
vt -14.57143 10.57143
vt -14.28571 10.57143
vt -14.00000 10.57143
vt -13.71429 10.57143
vt -13.42857 10.57143
vt -13.14286 10.57143
vt -12.85714 10.57143
vt -12.57143 10.57143
vt -12.28571 10.57143
vt -12.00000 10.57143
vt -11.71429 10.57143
vt -17.71429 10.85714
vt -18.00000 10.85714
vt -17.42857 10.85714
vt -17.14286 10.85714
vt -16.85714 10.85714
vt -16.57143 10.85714
vt -16.28571 10.85714
vt -16.00000 10.85714
vt -15.71429 10.85714
vt -15.42857 10.85714
vt -15.14286 10.85714
vt -14.85714 10.85714
vt -14.57143 10.85714
vt -14.28571 10.85714
vt -14.00000 10.85714
vt -13.71429 10.85714
vt -13.42857 10.85714
vt -13.14286 10.85714
vt -12.85714 10.85714
vt -12.57143 10.85714
vt -12.28571 10.85714
vt -12.00000 10.85714
vt -11.71429 10.85714
vt -18.28571 10.85714
vt -18.00000 11.14286
vt -18.28571 11.14286
vt -17.71429 11.14286
vt -17.42857 11.14286
vt -17.14286 11.14286
vt -16.85714 11.14286
vt -16.57143 11.14286
vt -16.28571 11.14286
vt -16.00000 11.14286
vt -15.71429 11.14286
vt -15.42857 11.14286
vt -15.14286 11.14286
vt -14.85714 11.14286
vt -14.57143 11.14286
vt -14.28571 11.14286
vt -14.00000 11.14286
vt -13.71429 11.14286
vt -13.42857 11.14286
vt -13.14286 11.14286
vt -12.85714 11.14286
vt -12.57143 11.14286
vt -12.28571 11.14286
vt -12.00000 11.14286
vt -11.71429 11.14286
vt -11.42857 10.85714
vt -11.42857 11.14286
vt -18.00000 11.42857
vt -18.28571 11.42857
vt -17.71429 11.42857
vt -17.42857 11.42857
vt -17.14286 11.42857
vt -16.85714 11.42857
vt -16.57143 11.42857
vt -16.28571 11.42857
vt -16.00000 11.42857
vt -15.71429 11.42857
vt -15.42857 11.42857
vt -15.14286 11.42857
vt -14.85714 11.42857
vt -14.57143 11.42857
vt -14.28571 11.42857
vt -14.00000 11.42857
vt -13.71429 11.42857
vt -13.42857 11.42857
vt -13.14286 11.42857
vt -12.85714 11.42857
vt -12.57143 11.42857
vt -12.28571 11.42857
vt -12.00000 11.42857
vt -11.71429 11.42857
vt -11.42857 11.42857
vt -18.00000 11.71429
vt -18.28571 11.71429
vt -17.71429 11.71429
vt -17.42857 11.71429
vt -17.14286 11.71429
vt -16.85714 11.71429
vt -16.57143 11.71429
vt -16.28571 11.71429
vt -16.00000 11.71429
vt -15.71429 11.71429
vt -15.42857 11.71429
vt -15.14286 11.71429
vt -14.85714 11.71429
vt -14.57143 11.71429
vt -14.28571 11.71429
vt -14.00000 11.71429
vt -13.71429 11.71429
vt -13.42857 11.71429
vt -13.14286 11.71429
vt -12.85714 11.71429
vt -12.57143 11.71429
vt -12.28571 11.71429
vt -12.00000 11.71429
vt -11.71429 11.71429
vt -11.42857 11.71429
vt -18.00000 12.00000
vt -18.28571 12.00000
vt -17.71429 12.00000
vt -17.42857 12.00000
vt -17.14286 12.00000
vt -16.85714 12.00000
vt -16.57143 12.00000
vt -16.28571 12.00000
vt -16.00000 12.00000
vt -15.71429 12.00000
vt -15.42857 12.00000
vt -15.14286 12.00000
vt -14.85714 12.00000
vt -14.57143 12.00000
vt -14.28571 12.00000
vt -14.00000 12.00000
vt -13.71429 12.00000
vt -13.42857 12.00000
vt -13.14286 12.00000
vt -12.85714 12.00000
vt -12.57143 12.00000
vt -12.28571 12.00000
vt -12.00000 12.00000
vt -11.71429 12.00000
vt -11.42857 12.00000
vt -18.00000 12.28571
vt -18.28571 12.28571
vt -17.71429 12.28571
vt -17.42857 12.28571
vt -17.14286 12.28571
vt -16.85714 12.28571
vt -16.57143 12.28571
vt -16.28571 12.28571
vt -16.00000 12.28571
vt -15.71429 12.28571
vt -15.42857 12.28571
vt -15.14286 12.28571
vt -14.85714 12.28571
vt -14.57143 12.28571
vt -14.28571 12.28571
vt -14.00000 12.28571
vt -13.71429 12.28571
vt -13.42857 12.28571
vt -13.14286 12.28571
vt -12.85714 12.28571
vt -12.57143 12.28571
vt -12.28571 12.28571
vt -12.00000 12.28571
vt -11.71429 12.28571
vt -11.42857 12.28571
vt -18.00000 12.57143
vt -18.28571 12.57143
vt -17.71429 12.57143
vt -17.42857 12.57143
vt -17.14286 12.57143
vt -16.85714 12.57143
vt -16.57143 12.57143
vt -16.28571 12.57143
vt -16.00000 12.57143
vt -15.71429 12.57143
vt -15.42857 12.57143
vt -15.14286 12.57143
vt -14.85714 12.57143
vt -14.57143 12.57143
vt -14.28571 12.57143
vt -14.00000 12.57143
vt -13.71429 12.57143
vt -13.42857 12.57143
vt -13.14286 12.57143
vt -12.85714 12.57143
vt -12.57143 12.57143
vt -12.28571 12.57143
vt -12.00000 12.57143
vt -11.71429 12.57143
vt -11.42857 12.57143
vt -18.00000 12.85714
vt -18.28571 12.85714
vt -17.71429 12.85714
vt -17.42857 12.85714
vt -17.14286 12.85714
vt -16.85714 12.85714
vt -16.57143 12.85714
vt -16.28571 12.85714
vt -16.00000 12.85714
vt -15.71429 12.85714
vt -15.42857 12.85714
vt -15.14286 12.85714
vt -14.85714 12.85714
vt -14.57143 12.85714
vt -14.28571 12.85714
vt -14.00000 12.85714
vt -13.71429 12.85714
vt -13.42857 12.85714
vt -13.14286 12.85714
vt -12.85714 12.85714
vt -12.57143 12.85714
vt -12.28571 12.85714
vt -12.00000 12.85714
vt -11.71429 12.85714
vt -11.42857 12.85714
vt -18.00000 13.14286
vt -18.28571 13.14286
vt -17.71429 13.14286
vt -17.42857 13.14286
vt -17.14286 13.14286
vt -16.85714 13.14286
vt -16.57143 13.14286
vt -16.28571 13.14286
vt -16.00000 13.14286
vt -15.71429 13.14286
vt -15.42857 13.14286
vt -15.14286 13.14286
vt -14.85714 13.14286
vt -14.57143 13.14286
vt -14.28571 13.14286
vt -14.00000 13.14286
vt -13.71429 13.14286
vt -13.42857 13.14286
vt -13.14286 13.14286
vt -12.85714 13.14286
vt -12.57143 13.14286
vt -12.28571 13.14286
vt -12.00000 13.14286
vt -11.71429 13.14286
vt -11.42857 13.14286
vt -17.71429 13.42857
vt -18.00000 13.42857
vt -17.42857 13.42857
vt -17.14286 13.42857
vt -16.85714 13.42857
vt -16.57143 13.42857
vt -16.28571 13.42857
vt -16.00000 13.42857
vt -15.71429 13.42857
vt -15.42857 13.42857
vt -15.14286 13.42857
vt -14.85714 13.42857
vt -14.57143 13.42857
vt -14.28571 13.42857
vt -14.00000 13.42857
vt -13.71429 13.42857
vt -13.42857 13.42857
vt -13.14286 13.42857
vt -12.85714 13.42857
vt -12.57143 13.42857
vt -12.28571 13.42857
vt -12.00000 13.42857
vt -11.71429 13.42857
vt -17.71429 13.71429
vt -18.00000 13.71429
vt -17.42857 13.71429
vt -17.14286 13.71429
vt -16.85714 13.71429
vt -16.57143 13.71429
vt -16.28571 13.71429
vt -16.00000 13.71429
vt -15.71429 13.71429
vt -15.42857 13.71429
vt -15.14286 13.71429
vt -14.85714 13.71429
vt -14.57143 13.71429
vt -14.28571 13.71429
vt -14.00000 13.71429
vt -13.71429 13.71429
vt -13.42857 13.71429
vt -13.14286 13.71429
vt -12.85714 13.71429
vt -12.57143 13.71429
vt -12.28571 13.71429
vt -12.00000 13.71429
vt -11.71429 13.71429
vt -17.42857 14.00000
vt -17.71429 14.00000
vt -17.14286 14.00000
vt -16.85714 14.00000
vt -16.57143 14.00000
vt -16.28571 14.00000
vt -16.00000 14.00000
vt -15.71429 14.00000
vt -15.42857 14.00000
vt -15.14286 14.00000
vt -14.85714 14.00000
vt -14.57143 14.00000
vt -14.28571 14.00000
vt -14.00000 14.00000
vt -13.71429 14.00000
vt -13.42857 14.00000
vt -13.14286 14.00000
vt -12.85714 14.00000
vt -12.57143 14.00000
vt -12.28571 14.00000
vt -12.00000 14.00000
vt -17.42857 14.28571
vt -17.71429 14.28571
vt -17.14286 14.28571
vt -16.85714 14.28571
vt -16.57143 14.28571
vt -16.28571 14.28571
vt -16.00000 14.28571
vt -15.71429 14.28571
vt -15.42857 14.28571
vt -15.14286 14.28571
vt -14.85714 14.28571
vt -14.57143 14.28571
vt -14.28571 14.28571
vt -14.00000 14.28571
vt -13.71429 14.28571
vt -13.42857 14.28571
vt -13.14286 14.28571
vt -12.85714 14.28571
vt -12.57143 14.28571
vt -12.28571 14.28571
vt -12.00000 14.28571
vt -17.14286 14.57143
vt -17.42857 14.57143
vt -16.85714 14.57143
vt -16.57143 14.57143
vt -16.28571 14.57143
vt -16.00000 14.57143
vt -15.71429 14.57143
vt -15.42857 14.57143
vt -15.14286 14.57143
vt -14.85714 14.57143
vt -14.57143 14.57143
vt -14.28571 14.57143
vt -14.00000 14.57143
vt -13.71429 14.57143
vt -13.42857 14.57143
vt -13.14286 14.57143
vt -12.85714 14.57143
vt -12.57143 14.57143
vt -12.28571 14.57143
vt -16.85714 14.85714
vt -17.14286 14.85714
vt -16.57143 14.85714
vt -16.28571 14.85714
vt -16.00000 14.85714
vt -15.71429 14.85714
vt -15.42857 14.85714
vt -15.14286 14.85714
vt -14.85714 14.85714
vt -14.57143 14.85714
vt -14.28571 14.85714
vt -14.00000 14.85714
vt -13.71429 14.85714
vt -13.42857 14.85714
vt -13.14286 14.85714
vt -12.85714 14.85714
vt -12.57143 14.85714
vt -16.28571 15.14286
vt -16.57143 15.14286
vt -16.00000 15.14286
vt -15.71429 15.14286
vt -15.42857 15.14286
vt -15.14286 15.14286
vt -14.85714 15.14286
vt -14.57143 15.14286
vt -14.28571 15.14286
vt -14.00000 15.14286
vt -13.71429 15.14286
vt -13.42857 15.14286
vt -13.14286 15.14286
vt -15.71429 15.42857
vt -16.00000 15.42857
vt -15.42857 15.42857
vt -15.14286 15.42857
vt -14.85714 15.42857
vt -14.57143 15.42857
vt -14.28571 15.42857
vt -14.00000 15.42857
vt -13.71429 15.42857
f 1/1 3/3 2/2
f 1/1 4/4 3/3
f 2/2 6/6 5/5
f 2/2 3/3 6/6
f 5/5 8/8 7/7
f 5/5 6/6 8/8
f 7/7 10/10 9/9
f 7/7 8/8 10/10
f 9/9 12/12 11/11
f 9/9 10/10 12/12
f 11/11 14/14 13/13
f 11/11 12/12 14/14
f 13/13 16/16 15/15
f 13/13 14/14 16/16
f 15/15 18/18 17/17
f 15/15 16/16 18/18
f 19/19 21/21 20/20
f 19/19 22/22 21/21
f 20/20 24/24 23/23
f 20/20 21/21 24/24
f 23/23 26/26 25/25
f 23/23 24/24 26/26
f 25/25 27/27 4/4
f 25/25 26/26 27/27
f 4/4 28/28 3/3
f 4/4 27/27 28/28
f 3/3 29/29 6/6
f 3/3 28/28 29/29
f 6/6 30/30 8/8
f 6/6 29/29 30/30
f 8/8 31/31 10/10
f 8/8 30/30 31/31
f 10/10 32/32 12/12
f 10/10 31/31 32/32
f 12/12 33/33 14/14
f 12/12 32/32 33/33
f 14/14 34/34 16/16
f 14/14 33/33 34/34
f 16/16 35/35 18/18
f 16/16 34/34 35/35
f 18/18 37/37 36/36
f 18/18 35/35 37/37
f 36/36 39/39 38/38
f 36/36 37/37 39/39
f 38/38 41/41 40/40
f 38/38 39/39 41/41
f 40/40 43/43 42/42
f 40/40 41/41 43/43
f 44/44 46/46 45/45
f 44/44 47/47 46/46
f 45/45 49/49 48/48
f 45/45 46/46 49/49
f 48/48 50/50 22/22
f 48/48 49/49 50/50
f 22/22 51/51 21/21
f 22/22 50/50 51/51
f 21/21 52/52 24/24
f 21/21 51/51 52/52
f 24/24 53/53 26/26
f 24/24 52/52 53/53
f 26/26 54/54 27/27
f 26/26 53/53 54/54
f 27/27 55/55 28/28
f 27/27 54/54 55/55
f 28/28 56/56 29/29
f 28/28 55/55 56/56
f 29/29 57/57 30/30
f 29/29 56/56 57/57
f 30/30 58/58 31/31
f 30/30 57/57 58/58
f 31/31 59/59 32/32
f 31/31 58/58 59/59
f 32/32 60/60 33/33
f 32/32 59/59 60/60
f 33/33 61/61 34/34
f 33/33 60/60 61/61
f 34/34 62/62 35/35
f 34/34 61/61 62/62
f 35/35 63/63 37/37
f 35/35 62/62 63/63
f 37/37 64/64 39/39
f 37/37 63/63 64/64
f 39/39 65/65 41/41
f 39/39 64/64 65/65
f 41/41 66/66 43/43
f 41/41 65/65 66/66
f 43/43 68/68 67/67
f 43/43 66/66 68/68
f 67/67 70/70 69/69
f 67/67 68/68 70/70
f 69/69 72/72 71/71
f 69/69 70/70 72/72
f 73/73 75/75 74/74
f 73/73 76/76 75/75
f 74/74 77/77 47/47
f 74/74 75/75 77/77
f 47/47 78/78 46/46
f 47/47 77/77 78/78
f 46/46 79/79 49/49
f 46/46 78/78 79/79
f 49/49 80/80 50/50
f 49/49 79/79 80/80
f 50/50 81/81 51/51
f 50/50 80/80 81/81
f 51/51 82/82 52/52
f 51/51 81/81 82/82
f 52/52 83/83 53/53
f 52/52 82/82 83/83
f 53/53 84/84 54/54
f 53/53 83/83 84/84
f 54/54 85/85 55/55
f 54/54 84/84 85/85
f 55/55 86/86 56/56
f 55/55 85/85 86/86
f 56/56 87/87 57/57
f 56/56 86/86 87/87
f 57/57 88/88 58/58
f 57/57 87/87 88/88
f 58/58 89/89 59/59
f 58/58 88/88 89/89
f 59/59 90/90 60/60
f 59/59 89/89 90/90
f 60/60 91/91 61/61
f 60/60 90/90 91/91
f 61/61 92/92 62/62
f 61/61 91/91 92/92
f 62/62 93/93 63/63
f 62/62 92/92 93/93
f 63/63 94/94 64/64
f 63/63 93/93 94/94
f 64/64 95/95 65/65
f 64/64 94/94 95/95
f 65/65 96/96 66/66
f 65/65 95/95 96/96
f 66/66 97/97 68/68
f 66/66 96/96 97/97
f 68/68 98/98 70/70
f 68/68 97/97 98/98
f 70/70 99/99 72/72
f 70/70 98/98 99/99
f 72/72 101/101 100/100
f 72/72 99/99 101/101
f 100/100 103/103 102/102
f 100/100 101/101 103/103
f 104/104 106/106 105/105
f 104/104 107/107 106/106
f 105/105 108/108 76/76
f 105/105 106/106 108/108
f 76/76 109/109 75/75
f 76/76 108/108 109/109
f 75/75 110/110 77/77
f 75/75 109/109 110/110
f 77/77 111/111 78/78
f 77/77 110/110 111/111
f 78/78 112/112 79/79
f 78/78 111/111 112/112
f 79/79 113/113 80/80
f 79/79 112/112 113/113
f 80/80 114/114 81/81
f 80/80 113/113 114/114
f 81/81 115/115 82/82
f 81/81 114/114 115/115
f 82/82 116/116 83/83
f 82/82 115/115 116/116
f 83/83 117/117 84/84
f 83/83 116/116 117/117
f 84/84 118/118 85/85
f 84/84 117/117 118/118
f 85/85 119/119 86/86
f 85/85 118/118 119/119
f 86/86 120/120 87/87
f 86/86 119/119 120/120
f 87/87 121/121 88/88
f 87/87 120/120 121/121
f 88/88 122/122 89/89
f 88/88 121/121 122/122
f 89/89 123/123 90/90
f 89/89 122/122 123/123
f 90/90 124/124 91/91
f 90/90 123/123 124/124
f 91/91 125/125 92/92
f 91/91 124/124 125/125
f 92/92 126/126 93/93
f 92/92 125/125 126/126
f 93/93 127/127 94/94
f 93/93 126/126 127/127
f 94/94 128/128 95/95
f 94/94 127/127 128/128
f 95/95 129/129 96/96
f 95/95 128/128 129/129
f 96/96 130/130 97/97
f 96/96 129/129 130/130
f 97/97 131/131 98/98
f 97/97 130/130 131/131
f 98/98 132/132 99/99
f 98/98 131/131 132/132
f 99/99 133/133 101/101
f 99/99 132/132 133/133
f 101/101 134/134 103/103
f 101/101 133/133 134/134
f 103/103 136/136 135/135
f 103/103 134/134 136/136
f 135/135 138/138 137/137
f 135/135 136/136 138/138
f 139/139 140/140 107/107
f 139/139 141/141 140/140
f 107/107 142/142 106/106
f 107/107 140/140 142/142
f 106/106 143/143 108/108
f 106/106 142/142 143/143
f 108/108 144/144 109/109
f 108/108 143/143 144/144
f 109/109 145/145 110/110
f 109/109 144/144 145/145
f 110/110 146/146 111/111
f 110/110 145/145 146/146
f 111/111 147/147 112/112
f 111/111 146/146 147/147
f 112/112 148/148 113/113
f 112/112 147/147 148/148
f 113/113 149/149 114/114
f 113/113 148/148 149/149
f 114/114 150/150 115/115
f 114/114 149/149 150/150
f 115/115 151/151 116/116
f 115/115 150/150 151/151
f 116/116 152/152 117/117
f 116/116 151/151 152/152
f 117/117 153/153 118/118
f 117/117 152/152 153/153
f 118/118 154/154 119/119
f 118/118 153/153 154/154
f 119/119 155/155 120/120
f 119/119 154/154 155/155
f 120/120 156/156 121/121
f 120/120 155/155 156/156
f 121/121 157/157 122/122
f 121/121 156/156 157/157
f 122/122 158/158 123/123
f 122/122 157/157 158/158
f 123/123 159/159 124/124
f 123/123 158/158 159/159
f 124/124 160/160 125/125
f 124/124 159/159 160/160
f 125/125 161/161 126/126
f 125/125 160/160 161/161
f 126/126 162/162 127/127
f 126/126 161/161 162/162
f 127/127 163/163 128/128
f 127/127 162/162 163/163
f 128/128 164/164 129/129
f 128/128 163/163 164/164
f 129/129 165/165 130/130
f 129/129 164/164 165/165
f 130/130 166/166 131/131
f 130/130 165/165 166/166
f 131/131 167/167 132/132
f 131/131 166/166 167/167
f 132/132 168/168 133/133
f 132/132 167/167 168/168
f 133/133 169/169 134/134
f 133/133 168/168 169/169
f 134/134 170/170 136/136
f 134/134 169/169 170/170
f 136/136 171/171 138/138
f 136/136 170/170 171/171
f 138/138 173/173 172/172
f 138/138 171/171 173/173
f 174/174 175/175 141/141
f 174/174 176/176 175/175
f 141/141 177/177 140/140
f 141/141 175/175 177/177
f 140/140 178/178 142/142
f 140/140 177/177 178/178
f 142/142 179/179 143/143
f 142/142 178/178 179/179
f 143/143 180/180 144/144
f 143/143 179/179 180/180
f 144/144 181/181 145/145
f 144/144 180/180 181/181
f 145/145 182/182 146/146
f 145/145 181/181 182/182
f 146/146 183/183 147/147
f 146/146 182/182 183/183
f 147/147 184/184 148/148
f 147/147 183/183 184/184
f 148/148 185/185 149/149
f 148/148 184/184 185/185
f 149/149 186/186 150/150
f 149/149 185/185 186/186
f 150/150 187/187 151/151
f 150/150 186/186 187/187
f 151/151 188/188 152/152
f 151/151 187/187 188/188
f 152/152 189/189 153/153
f 152/152 188/188 189/189
f 153/153 190/190 154/154
f 153/153 189/189 190/190
f 154/154 191/191 155/155
f 154/154 190/190 191/191
f 155/155 192/192 156/156
f 155/155 191/191 192/192
f 156/156 193/193 157/157
f 156/156 192/192 193/193
f 157/157 194/194 158/158
f 157/157 193/193 194/194
f 158/158 195/195 159/159
f 158/158 194/194 195/195
f 159/159 196/196 160/160
f 159/159 195/195 196/196
f 160/160 197/197 161/161
f 160/160 196/196 197/197
f 161/161 198/198 162/162
f 161/161 197/197 198/198
f 162/162 199/199 163/163
f 162/162 198/198 199/199
f 163/163 200/200 164/164
f 163/163 199/199 200/200
f 164/164 201/201 165/165
f 164/164 200/200 201/201
f 165/165 202/202 166/166
f 165/165 201/201 202/202
f 166/166 203/203 167/167
f 166/166 202/202 203/203
f 167/167 204/204 168/168
f 167/167 203/203 204/204
f 168/168 205/205 169/169
f 168/168 204/204 205/205
f 169/169 206/206 170/170
f 169/169 205/205 206/206
f 170/170 207/207 171/171
f 170/170 206/206 207/207
f 171/171 208/208 173/173
f 171/171 207/207 208/208
f 173/173 210/210 209/209
f 173/173 208/208 210/210
f 211/211 213/213 212/212
f 211/211 214/214 213/213
f 212/212 216/216 215/215
f 212/212 213/213 216/216
f 215/215 218/218 217/217
f 215/215 216/216 218/218
f 217/217 220/220 219/219
f 217/217 218/218 220/220
f 219/219 222/222 221/221
f 219/219 220/220 222/222
f 221/221 224/224 223/223
f 221/221 222/222 224/224
f 223/223 226/226 225/225
f 223/223 224/224 226/226
f 225/225 228/228 227/227
f 225/225 226/226 228/228
f 227/227 230/230 229/229
f 227/227 228/228 230/230
f 229/229 232/232 231/231
f 229/229 230/230 232/232
f 231/231 234/234 233/233
f 231/231 232/232 234/234
f 233/233 236/236 235/235
f 233/233 234/234 236/236
f 237/237 238/238 176/176
f 237/237 239/239 238/238
f 176/176 240/240 175/175
f 176/176 238/238 240/240
f 175/175 241/241 177/177
f 175/175 240/240 241/241
f 177/177 242/242 178/178
f 177/177 241/241 242/242
f 178/178 243/243 179/179
f 178/178 242/242 243/243
f 179/179 244/244 180/180
f 179/179 243/243 244/244
f 180/180 245/245 181/181
f 180/180 244/244 245/245
f 181/181 246/246 182/182
f 181/181 245/245 246/246
f 182/182 247/247 183/183
f 182/182 246/246 247/247
f 183/183 248/248 184/184
f 183/183 247/247 248/248
f 184/184 249/249 185/185
f 184/184 248/248 249/249
f 185/185 250/250 186/186
f 185/185 249/249 250/250
f 186/186 251/251 187/187
f 186/186 250/250 251/251
f 187/187 252/252 188/188
f 187/187 251/251 252/252
f 188/188 253/253 189/189
f 188/188 252/252 253/253
f 189/189 254/254 190/190
f 189/189 253/253 254/254
f 190/190 255/255 191/191
f 190/190 254/254 255/255
f 191/191 256/256 192/192
f 191/191 255/255 256/256
f 192/192 257/257 193/193
f 192/192 256/256 257/257
f 193/193 258/258 194/194
f 193/193 257/257 258/258
f 194/194 259/259 195/195
f 194/194 258/258 259/259
f 195/195 260/260 196/196
f 195/195 259/259 260/260
f 196/196 261/261 197/197
f 196/196 260/260 261/261
f 197/197 262/262 198/198
f 197/197 261/261 262/262
f 198/198 263/263 199/199
f 198/198 262/262 263/263
f 199/199 264/264 200/200
f 199/199 263/263 264/264
f 200/200 265/265 201/201
f 200/200 264/264 265/265
f 201/201 266/266 202/202
f 201/201 265/265 266/266
f 202/202 267/267 203/203
f 202/202 266/266 267/267
f 203/203 268/268 204/204
f 203/203 267/267 268/268
f 204/204 269/269 205/205
f 204/204 268/268 269/269
f 205/205 270/270 206/206
f 205/205 269/269 270/270
f 206/206 271/271 207/207
f 206/206 270/270 271/271
f 207/207 272/272 208/208
f 207/207 271/271 272/272
f 208/208 273/273 210/210
f 208/208 272/272 273/273
f 210/210 275/275 274/274
f 210/210 273/273 275/275
f 276/276 278/278 277/277
f 276/276 279/279 278/278
f 277/277 280/280 214/214
f 277/277 278/278 280/280
f 214/214 281/281 213/213
f 214/214 280/280 281/281
f 213/213 282/282 216/216
f 213/213 281/281 282/282
f 216/216 283/283 218/218
f 216/216 282/282 283/283
f 218/218 284/284 220/220
f 218/218 283/283 284/284
f 220/220 285/285 222/222
f 220/220 284/284 285/285
f 222/222 286/286 224/224
f 222/222 285/285 286/286
f 224/224 287/287 226/226
f 224/224 286/286 287/287
f 226/226 288/288 228/228
f 226/226 287/287 288/288
f 228/228 289/289 230/230
f 228/228 288/288 289/289
f 230/230 290/290 232/232
f 230/230 289/289 290/290
f 232/232 291/291 234/234
f 232/232 290/290 291/291
f 234/234 292/292 236/236
f 234/234 291/291 292/292
f 236/236 294/294 293/293
f 236/236 292/292 294/294
f 293/293 296/296 295/295
f 293/293 294/294 296/296
f 295/295 298/298 297/297
f 295/295 296/296 298/298
f 297/297 300/300 299/299
f 297/297 298/298 300/300
f 299/299 302/302 301/301
f 299/299 300/300 302/302
f 301/301 304/304 303/303
f 301/301 302/302 304/304
f 303/303 306/306 305/305
f 303/303 304/304 306/306
f 307/307 308/308 239/239
f 307/307 309/309 308/308
f 239/239 310/310 238/238
f 239/239 308/308 310/310
f 238/238 311/311 240/240
f 238/238 310/310 311/311
f 240/240 312/312 241/241
f 240/240 311/311 312/312
f 241/241 313/313 242/242
f 241/241 312/312 313/313
f 242/242 314/314 243/243
f 242/242 313/313 314/314
f 243/243 315/315 244/244
f 243/243 314/314 315/315
f 244/244 316/316 245/245
f 244/244 315/315 316/316
f 245/245 317/317 246/246
f 245/245 316/316 317/317
f 246/246 318/318 247/247
f 246/246 317/317 318/318
f 247/247 319/319 248/248
f 247/247 318/318 319/319
f 248/248 320/320 249/249
f 248/248 319/319 320/320
f 249/249 321/321 250/250
f 249/249 320/320 321/321
f 250/250 322/322 251/251
f 250/250 321/321 322/322
f 251/251 323/323 252/252
f 251/251 322/322 323/323
f 252/252 324/324 253/253
f 252/252 323/323 324/324
f 253/253 325/325 254/254
f 253/253 324/324 325/325
f 254/254 326/326 255/255
f 254/254 325/325 326/326
f 255/255 327/327 256/256
f 255/255 326/326 327/327
f 256/256 328/328 257/257
f 256/256 327/327 328/328
f 257/257 329/329 258/258
f 257/257 328/328 329/329
f 258/258 330/330 259/259
f 258/258 329/329 330/330
f 259/259 331/331 260/260
f 259/259 330/330 331/331
f 260/260 332/332 261/261
f 260/260 331/331 332/332
f 261/261 333/333 262/262
f 261/261 332/332 333/333
f 262/262 334/334 263/263
f 262/262 333/333 334/334
f 263/263 335/335 264/264
f 263/263 334/334 335/335
f 264/264 336/336 265/265
f 264/264 335/335 336/336
f 265/265 337/337 266/266
f 265/265 336/336 337/337
f 266/266 338/338 267/267
f 266/266 337/337 338/338
f 267/267 339/339 268/268
f 267/267 338/338 339/339
f 268/268 340/340 269/269
f 268/268 339/339 340/340
f 269/269 341/341 270/270
f 269/269 340/340 341/341
f 270/270 342/342 271/271
f 270/270 341/341 342/342
f 271/271 343/343 272/272
f 271/271 342/342 343/343
f 272/272 344/344 273/273
f 272/272 343/343 344/344
f 273/273 345/345 275/275
f 273/273 344/344 345/345
f 275/275 347/347 346/346
f 275/275 345/345 347/347
f 348/348 349/349 279/279
f 348/348 350/350 349/349
f 279/279 351/351 278/278
f 279/279 349/349 351/351
f 278/278 352/352 280/280
f 278/278 351/351 352/352
f 280/280 353/353 281/281
f 280/280 352/352 353/353
f 281/281 354/354 282/282
f 281/281 353/353 354/354
f 282/282 355/355 283/283
f 282/282 354/354 355/355
f 283/283 356/356 284/284
f 283/283 355/355 356/356
f 284/284 357/357 285/285
f 284/284 356/356 357/357
f 285/285 358/358 286/286
f 285/285 357/357 358/358
f 286/286 359/359 287/287
f 286/286 358/358 359/359
f 287/287 360/360 288/288
f 287/287 359/359 360/360
f 288/288 361/361 289/289
f 288/288 360/360 361/361
f 289/289 362/362 290/290
f 289/289 361/361 362/362
f 290/290 363/363 291/291
f 290/290 362/362 363/363
f 291/291 364/364 292/292
f 291/291 363/363 364/364
f 292/292 365/365 294/294
f 292/292 364/364 365/365
f 294/294 366/366 296/296
f 294/294 365/365 366/366
f 296/296 367/367 298/298
f 296/296 366/366 367/367
f 298/298 368/368 300/300
f 298/298 367/367 368/368
f 300/300 369/369 302/302
f 300/300 368/368 369/369
f 302/302 370/370 304/304
f 302/302 369/369 370/370
f 304/304 371/371 306/306
f 304/304 370/370 371/371
f 306/306 373/373 372/372
f 306/306 371/371 373/373
f 372/372 375/375 374/374
f 372/372 373/373 375/375
f 374/374 377/377 376/376
f 374/374 375/375 377/377
f 376/376 379/379 378/378
f 376/376 377/377 379/379
f 378/378 381/381 380/380
f 378/378 379/379 381/381
f 380/380 383/383 382/382
f 380/380 381/381 383/383
f 382/382 385/385 384/384
f 382/382 383/383 385/385
f 386/386 387/387 309/309
f 386/386 388/388 387/387
f 309/309 389/389 308/308
f 309/309 387/387 389/389
f 308/308 390/390 310/310
f 308/308 389/389 390/390
f 310/310 391/391 311/311
f 310/310 390/390 391/391
f 311/311 392/392 312/312
f 311/311 391/391 392/392
f 312/312 393/393 313/313
f 312/312 392/392 393/393
f 313/313 394/394 314/314
f 313/313 393/393 394/394
f 314/314 395/395 315/315
f 314/314 394/394 395/395
f 315/315 396/396 316/316
f 315/315 395/395 396/396
f 316/316 397/397 317/317
f 316/316 396/396 397/397
f 317/317 398/398 318/318
f 317/317 397/397 398/398
f 318/318 399/399 319/319
f 318/318 398/398 399/399
f 319/319 400/400 320/320
f 319/319 399/399 400/400
f 320/320 401/401 321/321
f 320/320 400/400 401/401
f 321/321 402/402 322/322
f 321/321 401/401 402/402
f 322/322 403/403 323/323
f 322/322 402/402 403/403
f 323/323 404/404 324/324
f 323/323 403/403 404/404
f 324/324 405/405 325/325
f 324/324 404/404 405/405
f 325/325 406/406 326/326
f 325/325 405/405 406/406
f 326/326 407/407 327/327
f 326/326 406/406 407/407
f 327/327 408/408 328/328
f 327/327 407/407 408/408
f 328/328 409/409 329/329
f 328/328 408/408 409/409
f 329/329 410/410 330/330
f 329/329 409/409 410/410
f 330/330 411/411 331/331
f 330/330 410/410 411/411
f 331/331 412/412 332/332
f 331/331 411/411 412/412
f 332/332 413/413 333/333
f 332/332 412/412 413/413
f 333/333 414/414 334/334
f 333/333 413/413 414/414
f 334/334 415/415 335/335
f 334/334 414/414 415/415
f 335/335 416/416 336/336
f 335/335 415/415 416/416
f 336/336 417/417 337/337
f 336/336 416/416 417/417
f 337/337 418/418 338/338
f 337/337 417/417 418/418
f 338/338 419/419 339/339
f 338/338 418/418 419/419
f 339/339 420/420 340/340
f 339/339 419/419 420/420
f 340/340 421/421 341/341
f 340/340 420/420 421/421
f 341/341 422/422 342/342
f 341/341 421/421 422/422
f 342/342 423/423 343/343
f 342/342 422/422 423/423
f 343/343 424/424 344/344
f 343/343 423/423 424/424
f 344/344 425/425 345/345
f 344/344 424/424 425/425
f 345/345 426/426 347/347
f 345/345 425/425 426/426
f 347/347 428/428 427/427
f 347/347 426/426 428/428
f 429/429 430/430 350/350
f 429/429 431/431 430/430
f 350/350 432/432 349/349
f 350/350 430/430 432/432
f 349/349 433/433 351/351
f 349/349 432/432 433/433
f 351/351 434/434 352/352
f 351/351 433/433 434/434
f 352/352 435/435 353/353
f 352/352 434/434 435/435
f 353/353 436/436 354/354
f 353/353 435/435 436/436
f 354/354 437/437 355/355
f 354/354 436/436 437/437
f 355/355 438/438 356/356
f 355/355 437/437 438/438
f 356/356 439/439 357/357
f 356/356 438/438 439/439
f 357/357 440/440 358/358
f 357/357 439/439 440/440
f 358/358 441/441 359/359
f 358/358 440/440 441/441
f 359/359 442/442 360/360
f 359/359 441/441 442/442
f 360/360 443/443 361/361
f 360/360 442/442 443/443
f 361/361 444/444 362/362
f 361/361 443/443 444/444
f 362/362 445/445 363/363
f 362/362 444/444 445/445
f 363/363 446/446 364/364
f 363/363 445/445 446/446
f 364/364 447/447 365/365
f 364/364 446/446 447/447
f 365/365 448/448 366/366
f 365/365 447/447 448/448
f 366/366 449/449 367/367
f 366/366 448/448 449/449
f 367/367 450/450 368/368
f 367/367 449/449 450/450
f 368/368 451/451 369/369
f 368/368 450/450 451/451
f 369/369 452/452 370/370
f 369/369 451/451 452/452
f 370/370 453/453 371/371
f 370/370 452/452 453/453
f 371/371 454/454 373/373
f 371/371 453/453 454/454
f 373/373 455/455 375/375
f 373/373 454/454 455/455
f 375/375 456/456 377/377
f 375/375 455/455 456/456
f 377/377 457/457 379/379
f 377/377 456/456 457/457
f 379/379 458/458 381/381
f 379/379 457/457 458/458
f 381/381 459/459 383/383
f 381/381 458/458 459/459
f 383/383 460/460 385/385
f 383/383 459/459 460/460
f 385/385 462/462 461/461
f 385/385 460/460 462/462
f 461/461 464/464 463/463
f 461/461 462/462 464/464
f 463/463 466/466 465/465
f 463/463 464/464 466/466
f 465/465 468/468 467/467
f 465/465 466/466 468/468
f 467/467 470/470 469/469
f 467/467 468/468 470/470
f 469/469 472/472 471/471
f 469/469 470/470 472/472
f 471/471 474/474 473/473
f 471/471 472/472 474/474
f 475/475 476/476 388/388
f 475/475 477/477 476/476
f 388/388 478/478 387/387
f 388/388 476/476 478/478
f 387/387 479/479 389/389
f 387/387 478/478 479/479
f 389/389 480/480 390/390
f 389/389 479/479 480/480
f 390/390 481/481 391/391
f 390/390 480/480 481/481
f 391/391 482/482 392/392
f 391/391 481/481 482/482
f 392/392 483/483 393/393
f 392/392 482/482 483/483
f 393/393 484/484 394/394
f 393/393 483/483 484/484
f 394/394 485/485 395/395
f 394/394 484/484 485/485
f 395/395 486/486 396/396
f 395/395 485/485 486/486
f 396/396 487/487 397/397
f 396/396 486/486 487/487
f 397/397 488/488 398/398
f 397/397 487/487 488/488
f 398/398 489/489 399/399
f 398/398 488/488 489/489
f 399/399 490/490 400/400
f 399/399 489/489 490/490
f 400/400 491/491 401/401
f 400/400 490/490 491/491
f 401/401 492/492 402/402
f 401/401 491/491 492/492
f 402/402 493/493 403/403
f 402/402 492/492 493/493
f 403/403 494/494 404/404
f 403/403 493/493 494/494
f 404/404 495/495 405/405
f 404/404 494/494 495/495
f 405/405 496/496 406/406
f 405/405 495/495 496/496
f 406/406 497/497 407/407
f 406/406 496/496 497/497
f 407/407 498/498 408/408
f 407/407 497/497 498/498
f 408/408 499/499 409/409
f 408/408 498/498 499/499
f 409/409 500/500 410/410
f 409/409 499/499 500/500
f 410/410 501/501 411/411
f 410/410 500/500 501/501
f 411/411 502/502 412/412
f 411/411 501/501 502/502
f 412/412 503/503 413/413
f 412/412 502/502 503/503
f 413/413 504/504 414/414
f 413/413 503/503 504/504
f 414/414 505/505 415/415
f 414/414 504/504 505/505
f 415/415 506/506 416/416
f 415/415 505/505 506/506
f 416/416 507/507 417/417
f 416/416 506/506 507/507
f 417/417 508/508 418/418
f 417/417 507/507 508/508
f 418/418 509/509 419/419
f 418/418 508/508 509/509
f 419/419 510/510 420/420
f 419/419 509/509 510/510
f 420/420 511/511 421/421
f 420/420 510/510 511/511
f 421/421 512/512 422/422
f 421/421 511/511 512/512
f 422/422 513/513 423/423
f 422/422 512/512 513/513
f 423/423 514/514 424/424
f 423/423 513/513 514/514
f 424/424 515/515 425/425
f 424/424 514/514 515/515
f 425/425 516/516 426/426
f 425/425 515/515 516/516
f 426/426 517/517 428/428
f 426/426 516/516 517/517
f 428/428 519/519 518/518
f 428/428 517/517 519/519
f 520/520 521/521 431/431
f 520/520 522/522 521/521
f 431/431 523/523 430/430
f 431/431 521/521 523/523
f 430/430 524/524 432/432
f 430/430 523/523 524/524
f 432/432 525/525 433/433
f 432/432 524/524 525/525
f 433/433 526/526 434/434
f 433/433 525/525 526/526
f 434/434 527/527 435/435
f 434/434 526/526 527/527
f 435/435 528/528 436/436
f 435/435 527/527 528/528
f 436/436 529/529 437/437
f 436/436 528/528 529/529
f 437/437 530/530 438/438
f 437/437 529/529 530/530
f 438/438 531/531 439/439
f 438/438 530/530 531/531
f 439/439 532/532 440/440
f 439/439 531/531 532/532
f 440/440 533/533 441/441
f 440/440 532/532 533/533
f 441/441 534/534 442/442
f 441/441 533/533 534/534
f 442/442 535/535 443/443
f 442/442 534/534 535/535
f 443/443 536/536 444/444
f 443/443 535/535 536/536
f 444/444 537/537 445/445
f 444/444 536/536 537/537
f 445/445 538/538 446/446
f 445/445 537/537 538/538
f 446/446 539/539 447/447
f 446/446 538/538 539/539
f 447/447 540/540 448/448
f 447/447 539/539 540/540
f 448/448 541/541 449/449
f 448/448 540/540 541/541
f 449/449 542/542 450/450
f 449/449 541/541 542/542
f 450/450 543/543 451/451
f 450/450 542/542 543/543
f 451/451 544/544 452/452
f 451/451 543/543 544/544
f 452/452 545/545 453/453
f 452/452 544/544 545/545
f 453/453 546/546 454/454
f 453/453 545/545 546/546
f 454/454 547/547 455/455
f 454/454 546/546 547/547
f 455/455 548/548 456/456
f 455/455 547/547 548/548
f 456/456 549/549 457/457
f 456/456 548/548 549/549
f 457/457 550/550 458/458
f 457/457 549/549 550/550
f 458/458 551/551 459/459
f 458/458 550/550 551/551
f 459/459 552/552 460/460
f 459/459 551/551 552/552
f 460/460 553/553 462/462
f 460/460 552/552 553/553
f 462/462 554/554 464/464
f 462/462 553/553 554/554
f 464/464 555/555 466/466
f 464/464 554/554 555/555
f 466/466 556/556 468/468
f 466/466 555/555 556/556
f 468/468 557/557 470/470
f 468/468 556/556 557/557
f 470/470 558/558 472/472
f 470/470 557/557 558/558
f 472/472 559/559 474/474
f 472/472 558/558 559/559
f 474/474 561/561 560/560
f 474/474 559/559 561/561
f 560/560 563/563 562/562
f 560/560 561/561 563/563
f 562/562 564/564 477/477
f 562/562 563/563 564/564
f 477/477 565/565 476/476
f 477/477 564/564 565/565
f 476/476 566/566 478/478
f 476/476 565/565 566/566
f 478/478 567/567 479/479
f 478/478 566/566 567/567
f 479/479 568/568 480/480
f 479/479 567/567 568/568
f 480/480 569/569 481/481
f 480/480 568/568 569/569
f 481/481 570/570 482/482
f 481/481 569/569 570/570
f 482/482 571/571 483/483
f 482/482 570/570 571/571
f 483/483 572/572 484/484
f 483/483 571/571 572/572
f 484/484 573/573 485/485
f 484/484 572/572 573/573
f 485/485 574/574 486/486
f 485/485 573/573 574/574
f 486/486 575/575 487/487
f 486/486 574/574 575/575
f 487/487 576/576 488/488
f 487/487 575/575 576/576
f 488/488 577/577 489/489
f 488/488 576/576 577/577
f 489/489 578/578 490/490
f 489/489 577/577 578/578
f 490/490 579/579 491/491
f 490/490 578/578 579/579
f 491/491 580/580 492/492
f 491/491 579/579 580/580
f 492/492 581/581 493/493
f 492/492 580/580 581/581
f 493/493 582/582 494/494
f 493/493 581/581 582/582
f 494/494 583/583 495/495
f 494/494 582/582 583/583
f 495/495 584/584 496/496
f 495/495 583/583 584/584
f 496/496 585/585 497/497
f 496/496 584/584 585/585
f 497/497 586/586 498/498
f 497/497 585/585 586/586
f 498/498 587/587 499/499
f 498/498 586/586 587/587
f 499/499 588/588 500/500
f 499/499 587/587 588/588
f 500/500 589/589 501/501
f 500/500 588/588 589/589
f 501/501 590/590 502/502
f 501/501 589/589 590/590
f 502/502 591/591 503/503
f 502/502 590/590 591/591
f 503/503 592/592 504/504
f 503/503 591/591 592/592
f 504/504 593/593 505/505
f 504/504 592/592 593/593
f 505/505 594/594 506/506
f 505/505 593/593 594/594
f 506/506 595/595 507/507
f 506/506 594/594 595/595
f 507/507 596/596 508/508
f 507/507 595/595 596/596
f 508/508 597/597 509/509
f 508/508 596/596 597/597
f 509/509 598/598 510/510
f 509/509 597/597 598/598
f 510/510 599/599 511/511
f 510/510 598/598 599/599
f 511/511 600/600 512/512
f 511/511 599/599 600/600
f 512/512 601/601 513/513
f 512/512 600/600 601/601
f 513/513 602/602 514/514
f 513/513 601/601 602/602
f 514/514 603/603 515/515
f 514/514 602/602 603/603
f 515/515 604/604 516/516
f 515/515 603/603 604/604
f 516/516 605/605 517/517
f 516/516 604/604 605/605
f 517/517 606/606 519/519
f 517/517 605/605 606/606
f 519/519 608/608 607/607
f 519/519 606/606 608/608
f 609/609 610/610 522/522
f 609/609 611/611 610/610
f 522/522 612/612 521/521
f 522/522 610/610 612/612
f 521/521 613/613 523/523
f 521/521 612/612 613/613
f 523/523 614/614 524/524
f 523/523 613/613 614/614
f 524/524 615/615 525/525
f 524/524 614/614 615/615
f 525/525 616/616 526/526
f 525/525 615/615 616/616
f 526/526 617/617 527/527
f 526/526 616/616 617/617
f 527/527 618/618 528/528
f 527/527 617/617 618/618
f 528/528 619/619 529/529
f 528/528 618/618 619/619
f 529/529 620/620 530/530
f 529/529 619/619 620/620
f 530/530 621/621 531/531
f 530/530 620/620 621/621
f 531/531 622/622 532/532
f 531/531 621/621 622/622
f 532/532 623/623 533/533
f 532/532 622/622 623/623
f 533/533 624/624 534/534
f 533/533 623/623 624/624
f 534/534 625/625 535/535
f 534/534 624/624 625/625
f 535/535 626/626 536/536
f 535/535 625/625 626/626
f 536/536 627/627 537/537
f 536/536 626/626 627/627
f 537/537 628/628 538/538
f 537/537 627/627 628/628
f 538/538 629/629 539/539
f 538/538 628/628 629/629
f 539/539 630/630 540/540
f 539/539 629/629 630/630
f 540/540 631/631 541/541
f 540/540 630/630 631/631
f 541/541 632/632 542/542
f 541/541 631/631 632/632
f 542/542 633/633 543/543
f 542/542 632/632 633/633
f 543/543 634/634 544/544
f 543/543 633/633 634/634
f 544/544 635/635 545/545
f 544/544 634/634 635/635
f 545/545 636/636 546/546
f 545/545 635/635 636/636
f 546/546 637/637 547/547
f 546/546 636/636 637/637
f 547/547 638/638 548/548
f 547/547 637/637 638/638
f 548/548 639/639 549/549
f 548/548 638/638 639/639
f 549/549 640/640 550/550
f 549/549 639/639 640/640
f 550/550 641/641 551/551
f 550/550 640/640 641/641
f 551/551 642/642 552/552
f 551/551 641/641 642/642
f 552/552 643/643 553/553
f 552/552 642/642 643/643
f 553/553 644/644 554/554
f 553/553 643/643 644/644
f 554/554 645/645 555/555
f 554/554 644/644 645/645
f 555/555 646/646 556/556
f 555/555 645/645 646/646
f 556/556 647/647 557/557
f 556/556 646/646 647/647
f 557/557 648/648 558/558
f 557/557 647/647 648/648
f 558/558 649/649 559/559
f 558/558 648/648 649/649
f 559/559 650/650 561/561
f 559/559 649/649 650/650
f 561/561 651/651 563/563
f 561/561 650/650 651/651
f 563/563 652/652 564/564
f 563/563 651/651 652/652
f 564/564 653/653 565/565
f 564/564 652/652 653/653
f 565/565 654/654 566/566
f 565/565 653/653 654/654
f 566/566 655/655 567/567
f 566/566 654/654 655/655
f 567/567 656/656 568/568
f 567/567 655/655 656/656
f 568/568 657/657 569/569
f 568/568 656/656 657/657
f 569/569 658/658 570/570
f 569/569 657/657 658/658
f 570/570 659/659 571/571
f 570/570 658/658 659/659
f 571/571 660/660 572/572
f 571/571 659/659 660/660
f 572/572 661/661 573/573
f 572/572 660/660 661/661
f 573/573 662/662 574/574
f 573/573 661/661 662/662
f 574/574 663/663 575/575
f 574/574 662/662 663/663
f 575/575 664/664 576/576
f 575/575 663/663 664/664
f 576/576 665/665 577/577
f 576/576 664/664 665/665
f 577/577 666/666 578/578
f 577/577 665/665 666/666
f 578/578 667/667 579/579
f 578/578 666/666 667/667
f 579/579 668/668 580/580
f 579/579 667/667 668/668
f 580/580 669/669 581/581
f 580/580 668/668 669/669
f 581/581 670/670 582/582
f 581/581 669/669 670/670
f 582/582 671/671 583/583
f 582/582 670/670 671/671
f 583/583 672/672 584/584
f 583/583 671/671 672/672
f 584/584 673/673 585/585
f 584/584 672/672 673/673
f 585/585 674/674 586/586
f 585/585 673/673 674/674
f 586/586 675/675 587/587
f 586/586 674/674 675/675
f 587/587 676/676 588/588
f 587/587 675/675 676/676
f 588/588 677/677 589/589
f 588/588 676/676 677/677
f 589/589 678/678 590/590
f 589/589 677/677 678/678
f 590/590 679/679 591/591
f 590/590 678/678 679/679
f 591/591 680/680 592/592
f 591/591 679/679 680/680
f 592/592 681/681 593/593
f 592/592 680/680 681/681
f 593/593 682/682 594/594
f 593/593 681/681 682/682
f 594/594 683/683 595/595
f 594/594 682/682 683/683
f 595/595 684/684 596/596
f 595/595 683/683 684/684
f 596/596 685/685 597/597
f 596/596 684/684 685/685
f 597/597 686/686 598/598
f 597/597 685/685 686/686
f 598/598 687/687 599/599
f 598/598 686/686 687/687
f 599/599 688/688 600/600
f 599/599 687/687 688/688
f 600/600 689/689 601/601
f 600/600 688/688 689/689
f 601/601 690/690 602/602
f 601/601 689/689 690/690
f 602/602 691/691 603/603
f 602/602 690/690 691/691
f 603/603 692/692 604/604
f 603/603 691/691 692/692
f 604/604 693/693 605/605
f 604/604 692/692 693/693
f 605/605 694/694 606/606
f 605/605 693/693 694/694
f 606/606 695/695 608/608
f 606/606 694/694 695/695
f 608/608 697/697 696/696
f 608/608 695/695 697/697
f 698/698 699/699 611/611
f 698/698 700/700 699/699
f 611/611 701/701 610/610
f 611/611 699/699 701/701
f 610/610 702/702 612/612
f 610/610 701/701 702/702
f 612/612 703/703 613/613
f 612/612 702/702 703/703
f 613/613 704/704 614/614
f 613/613 703/703 704/704
f 614/614 705/705 615/615
f 614/614 704/704 705/705
f 615/615 706/706 616/616
f 615/615 705/705 706/706
f 616/616 707/707 617/617
f 616/616 706/706 707/707
f 617/617 708/708 618/618
f 617/617 707/707 708/708
f 618/618 709/709 619/619
f 618/618 708/708 709/709
f 619/619 710/710 620/620
f 619/619 709/709 710/710
f 620/620 711/711 621/621
f 620/620 710/710 711/711
f 621/621 712/712 622/622
f 621/621 711/711 712/712
f 622/622 713/713 623/623
f 622/622 712/712 713/713
f 623/623 714/714 624/624
f 623/623 713/713 714/714
f 624/624 715/715 625/625
f 624/624 714/714 715/715
f 625/625 716/716 626/626
f 625/625 715/715 716/716
f 626/626 717/717 627/627
f 626/626 716/716 717/717
f 627/627 718/718 628/628
f 627/627 717/717 718/718
f 628/628 719/719 629/629
f 628/628 718/718 719/719
f 629/629 720/720 630/630
f 629/629 719/719 720/720
f 630/630 721/721 631/631
f 630/630 720/720 721/721
f 631/631 722/722 632/632
f 631/631 721/721 722/722
f 632/632 723/723 633/633
f 632/632 722/722 723/723
f 633/633 724/724 634/634
f 633/633 723/723 724/724
f 634/634 725/725 635/635
f 634/634 724/724 725/725
f 635/635 726/726 636/636
f 635/635 725/725 726/726
f 636/636 727/727 637/637
f 636/636 726/726 727/727
f 637/637 728/728 638/638
f 637/637 727/727 728/728
f 638/638 729/729 639/639
f 638/638 728/728 729/729
f 639/639 730/730 640/640
f 639/639 729/729 730/730
f 640/640 731/731 641/641
f 640/640 730/730 731/731
f 641/641 732/732 642/642
f 641/641 731/731 732/732
f 642/642 733/733 643/643
f 642/642 732/732 733/733
f 643/643 734/734 644/644
f 643/643 733/733 734/734
f 644/644 735/735 645/645
f 644/644 734/734 735/735
f 645/645 736/736 646/646
f 645/645 735/735 736/736
f 646/646 737/737 647/647
f 646/646 736/736 737/737
f 647/647 738/738 648/648
f 647/647 737/737 738/738
f 648/648 739/739 649/649
f 648/648 738/738 739/739
f 649/649 740/740 650/650
f 649/649 739/739 740/740
f 650/650 741/741 651/651
f 650/650 740/740 741/741
f 651/651 742/742 652/652
f 651/651 741/741 742/742
f 652/652 743/743 653/653
f 652/652 742/742 743/743
f 653/653 744/744 654/654
f 653/653 743/743 744/744
f 654/654 745/745 655/655
f 654/654 744/744 745/745
f 655/655 746/746 656/656
f 655/655 745/745 746/746
f 656/656 747/747 657/657
f 656/656 746/746 747/747
f 657/657 748/748 658/658
f 657/657 747/747 748/748
f 658/658 749/749 659/659
f 658/658 748/748 749/749
f 659/659 750/750 660/660
f 659/659 749/749 750/750
f 660/660 751/751 661/661
f 660/660 750/750 751/751
f 661/661 752/752 662/662
f 661/661 751/751 752/752
f 662/662 753/753 663/663
f 662/662 752/752 753/753
f 663/663 754/754 664/664
f 663/663 753/753 754/754
f 664/664 755/755 665/665
f 664/664 754/754 755/755
f 665/665 756/756 666/666
f 665/665 755/755 756/756
f 666/666 757/757 667/667
f 666/666 756/756 757/757
f 667/667 758/758 668/668
f 667/667 757/757 758/758
f 668/668 759/759 669/669
f 668/668 758/758 759/759
f 669/669 760/760 670/670
f 669/669 759/759 760/760
f 670/670 761/761 671/671
f 670/670 760/760 761/761
f 671/671 762/762 672/672
f 671/671 761/761 762/762
f 672/672 763/763 673/673
f 672/672 762/762 763/763
f 673/673 764/764 674/674
f 673/673 763/763 764/764
f 674/674 765/765 675/675
f 674/674 764/764 765/765
f 675/675 766/766 676/676
f 675/675 765/765 766/766
f 676/676 767/767 677/677
f 676/676 766/766 767/767
f 677/677 768/768 678/678
f 677/677 767/767 768/768
f 678/678 769/769 679/679
f 678/678 768/768 769/769
f 679/679 770/770 680/680
f 679/679 769/769 770/770
f 680/680 771/771 681/681
f 680/680 770/770 771/771
f 681/681 772/772 682/682
f 681/681 771/771 772/772
f 682/682 773/773 683/683
f 682/682 772/772 773/773
f 683/683 774/774 684/684
f 683/683 773/773 774/774
f 684/684 775/775 685/685
f 684/684 774/774 775/775
f 685/685 776/776 686/686
f 685/685 775/775 776/776
f 686/686 777/777 687/687
f 686/686 776/776 777/777
f 687/687 778/778 688/688
f 687/687 777/777 778/778
f 688/688 779/779 689/689
f 688/688 778/778 779/779
f 689/689 780/780 690/690
f 689/689 779/779 780/780
f 690/690 781/781 691/691
f 690/690 780/780 781/781
f 691/691 782/782 692/692
f 691/691 781/781 782/782
f 692/692 783/783 693/693
f 692/692 782/782 783/783
f 693/693 784/784 694/694
f 693/693 783/783 784/784
f 694/694 785/785 695/695
f 694/694 784/784 785/785
f 695/695 786/786 697/697
f 695/695 785/785 786/786
f 700/700 787/787 699/699
f 700/700 788/788 787/787
f 699/699 789/789 701/701
f 699/699 787/787 789/789
f 701/701 790/790 702/702
f 701/701 789/789 790/790
f 702/702 791/791 703/703
f 702/702 790/790 791/791
f 703/703 792/792 704/704
f 703/703 791/791 792/792
f 704/704 793/793 705/705
f 704/704 792/792 793/793
f 705/705 794/794 706/706
f 705/705 793/793 794/794
f 706/706 795/795 707/707
f 706/706 794/794 795/795
f 707/707 796/796 708/708
f 707/707 795/795 796/796
f 708/708 797/797 709/709
f 708/708 796/796 797/797
f 709/709 798/798 710/710
f 709/709 797/797 798/798
f 710/710 799/799 711/711
f 710/710 798/798 799/799
f 711/711 800/800 712/712
f 711/711 799/799 800/800
f 712/712 801/801 713/713
f 712/712 800/800 801/801
f 713/713 802/802 714/714
f 713/713 801/801 802/802
f 714/714 803/803 715/715
f 714/714 802/802 803/803
f 715/715 804/804 716/716
f 715/715 803/803 804/804
f 716/716 805/805 717/717
f 716/716 804/804 805/805
f 717/717 806/806 718/718
f 717/717 805/805 806/806
f 718/718 807/807 719/719
f 718/718 806/806 807/807
f 719/719 808/808 720/720
f 719/719 807/807 808/808
f 720/720 809/809 721/721
f 720/720 808/808 809/809
f 721/721 810/810 722/722
f 721/721 809/809 810/810
f 722/722 811/811 723/723
f 722/722 810/810 811/811
f 723/723 812/812 724/724
f 723/723 811/811 812/812
f 724/724 813/813 725/725
f 724/724 812/812 813/813
f 725/725 814/814 726/726
f 725/725 813/813 814/814
f 726/726 815/815 727/727
f 726/726 814/814 815/815
f 727/727 816/816 728/728
f 727/727 815/815 816/816
f 728/728 817/817 729/729
f 728/728 816/816 817/817
f 729/729 818/818 730/730
f 729/729 817/817 818/818
f 730/730 819/819 731/731
f 730/730 818/818 819/819
f 731/731 820/820 732/732
f 731/731 819/819 820/820
f 732/732 821/821 733/733
f 732/732 820/820 821/821
f 733/733 822/822 734/734
f 733/733 821/821 822/822
f 734/734 823/823 735/735
f 734/734 822/822 823/823
f 735/735 824/824 736/736
f 735/735 823/823 824/824
f 736/736 825/825 737/737
f 736/736 824/824 825/825
f 737/737 826/826 738/738
f 737/737 825/825 826/826
f 738/738 827/827 739/739
f 738/738 826/826 827/827
f 739/739 828/828 740/740
f 739/739 827/827 828/828
f 740/740 829/829 741/741
f 740/740 828/828 829/829
f 741/741 830/830 742/742
f 741/741 829/829 830/830
f 742/742 831/831 743/743
f 742/742 830/830 831/831
f 743/743 832/832 744/744
f 743/743 831/831 832/832
f 744/744 833/833 745/745
f 744/744 832/832 833/833
f 745/745 834/834 746/746
f 745/745 833/833 834/834
f 746/746 835/835 747/747
f 746/746 834/834 835/835
f 747/747 836/836 748/748
f 747/747 835/835 836/836
f 748/748 837/837 749/749
f 748/748 836/836 837/837
f 749/749 838/838 750/750
f 749/749 837/837 838/838
f 750/750 839/839 751/751
f 750/750 838/838 839/839
f 751/751 840/840 752/752
f 751/751 839/839 840/840
f 752/752 841/841 753/753
f 752/752 840/840 841/841
f 753/753 842/842 754/754
f 753/753 841/841 842/842
f 754/754 843/843 755/755
f 754/754 842/842 843/843
f 755/755 844/844 756/756
f 755/755 843/843 844/844
f 756/756 845/845 757/757
f 756/756 844/844 845/845
f 757/757 846/846 758/758
f 757/757 845/845 846/846
f 758/758 847/847 759/759
f 758/758 846/846 847/847
f 759/759 848/848 760/760
f 759/759 847/847 848/848
f 760/760 849/849 761/761
f 760/760 848/848 849/849
f 761/761 850/850 762/762
f 761/761 849/849 850/850
f 762/762 851/851 763/763
f 762/762 850/850 851/851
f 763/763 852/852 764/764
f 763/763 851/851 852/852
f 764/764 853/853 765/765
f 764/764 852/852 853/853
f 765/765 854/854 766/766
f 765/765 853/853 854/854
f 766/766 855/855 767/767
f 766/766 854/854 855/855
f 767/767 856/856 768/768
f 767/767 855/855 856/856
f 768/768 857/857 769/769
f 768/768 856/856 857/857
f 769/769 858/858 770/770
f 769/769 857/857 858/858
f 770/770 859/859 771/771
f 770/770 858/858 859/859
f 771/771 860/860 772/772
f 771/771 859/859 860/860
f 772/772 861/861 773/773
f 772/772 860/860 861/861
f 773/773 862/862 774/774
f 773/773 861/861 862/862
f 774/774 863/863 775/775
f 774/774 862/862 863/863
f 775/775 864/864 776/776
f 775/775 863/863 864/864
f 776/776 865/865 777/777
f 776/776 864/864 865/865
f 777/777 866/866 778/778
f 777/777 865/865 866/866
f 778/778 867/867 779/779
f 778/778 866/866 867/867
f 779/779 868/868 780/780
f 779/779 867/867 868/868
f 780/780 869/869 781/781
f 780/780 868/868 869/869
f 781/781 870/870 782/782
f 781/781 869/869 870/870
f 782/782 871/871 783/783
f 782/782 870/870 871/871
f 783/783 872/872 784/784
f 783/783 871/871 872/872
f 784/784 873/873 785/785
f 784/784 872/872 873/873
f 785/785 874/874 786/786
f 785/785 873/873 874/874
f 786/786 876/876 875/875
f 786/786 874/874 876/876
f 877/877 878/878 788/788
f 877/877 879/879 878/878
f 788/788 880/880 787/787
f 788/788 878/878 880/880
f 787/787 881/881 789/789
f 787/787 880/880 881/881
f 789/789 882/882 790/790
f 789/789 881/881 882/882
f 790/790 883/883 791/791
f 790/790 882/882 883/883
f 791/791 884/884 792/792
f 791/791 883/883 884/884
f 792/792 885/885 793/793
f 792/792 884/884 885/885
f 793/793 886/886 794/794
f 793/793 885/885 886/886
f 794/794 887/887 795/795
f 794/794 886/886 887/887
f 795/795 888/888 796/796
f 795/795 887/887 888/888
f 796/796 889/889 797/797
f 796/796 888/888 889/889
f 797/797 890/890 798/798
f 797/797 889/889 890/890
f 798/798 891/891 799/799
f 798/798 890/890 891/891
f 799/799 892/892 800/800
f 799/799 891/891 892/892
f 800/800 893/893 801/801
f 800/800 892/892 893/893
f 801/801 894/894 802/802
f 801/801 893/893 894/894
f 802/802 895/895 803/803
f 802/802 894/894 895/895
f 803/803 896/896 804/804
f 803/803 895/895 896/896
f 804/804 897/897 805/805
f 804/804 896/896 897/897
f 805/805 898/898 806/806
f 805/805 897/897 898/898
f 806/806 899/899 807/807
f 806/806 898/898 899/899
f 807/807 900/900 808/808
f 807/807 899/899 900/900
f 808/808 901/901 809/809
f 808/808 900/900 901/901
f 809/809 902/902 810/810
f 809/809 901/901 902/902
f 810/810 903/903 811/811
f 810/810 902/902 903/903
f 811/811 904/904 812/812
f 811/811 903/903 904/904
f 812/812 905/905 813/813
f 812/812 904/904 905/905
f 813/813 906/906 814/814
f 813/813 905/905 906/906
f 814/814 907/907 815/815
f 814/814 906/906 907/907
f 815/815 908/908 816/816
f 815/815 907/907 908/908
f 816/816 909/909 817/817
f 816/816 908/908 909/909
f 817/817 910/910 818/818
f 817/817 909/909 910/910
f 818/818 911/911 819/819
f 818/818 910/910 911/911
f 819/819 912/912 820/820
f 819/819 911/911 912/912
f 820/820 913/913 821/821
f 820/820 912/912 913/913
f 821/821 914/914 822/822
f 821/821 913/913 914/914
f 822/822 915/915 823/823
f 822/822 914/914 915/915
f 823/823 916/916 824/824
f 823/823 915/915 916/916
f 824/824 917/917 825/825
f 824/824 916/916 917/917
f 825/825 918/918 826/826
f 825/825 917/917 918/918
f 826/826 919/919 827/827
f 826/826 918/918 919/919
f 827/827 920/920 828/828
f 827/827 919/919 920/920
f 828/828 921/921 829/829
f 828/828 920/920 921/921
f 829/829 922/922 830/830
f 829/829 921/921 922/922
f 830/830 923/923 831/831
f 830/830 922/922 923/923
f 831/831 924/924 832/832
f 831/831 923/923 924/924
f 832/832 925/925 833/833
f 832/832 924/924 925/925
f 833/833 926/926 834/834
f 833/833 925/925 926/926
f 834/834 927/927 835/835
f 834/834 926/926 927/927
f 835/835 928/928 836/836
f 835/835 927/927 928/928
f 836/836 929/929 837/837
f 836/836 928/928 929/929
f 837/837 930/930 838/838
f 837/837 929/929 930/930
f 838/838 931/931 839/839
f 838/838 930/930 931/931
f 839/839 932/932 840/840
f 839/839 931/931 932/932
f 840/840 933/933 841/841
f 840/840 932/932 933/933
f 841/841 934/934 842/842
f 841/841 933/933 934/934
f 842/842 935/935 843/843
f 842/842 934/934 935/935
f 843/843 936/936 844/844
f 843/843 935/935 936/936
f 844/844 937/937 845/845
f 844/844 936/936 937/937
f 845/845 938/938 846/846
f 845/845 937/937 938/938
f 846/846 939/939 847/847
f 846/846 938/938 939/939
f 847/847 940/940 848/848
f 847/847 939/939 940/940
f 848/848 941/941 849/849
f 848/848 940/940 941/941
f 849/849 942/942 850/850
f 849/849 941/941 942/942
f 850/850 943/943 851/851
f 850/850 942/942 943/943
f 851/851 944/944 852/852
f 851/851 943/943 944/944
f 852/852 945/945 853/853
f 852/852 944/944 945/945
f 853/853 946/946 854/854
f 853/853 945/945 946/946
f 854/854 947/947 855/855
f 854/854 946/946 947/947
f 855/855 948/948 856/856
f 855/855 947/947 948/948
f 856/856 949/949 857/857
f 856/856 948/948 949/949
f 857/857 950/950 858/858
f 857/857 949/949 950/950
f 858/858 951/951 859/859
f 858/858 950/950 951/951
f 859/859 952/952 860/860
f 859/859 951/951 952/952
f 860/860 953/953 861/861
f 860/860 952/952 953/953
f 861/861 954/954 862/862
f 861/861 953/953 954/954
f 862/862 955/955 863/863
f 862/862 954/954 955/955
f 863/863 956/956 864/864
f 863/863 955/955 956/956
f 864/864 957/957 865/865
f 864/864 956/956 957/957
f 865/865 958/958 866/866
f 865/865 957/957 958/958
f 866/866 959/959 867/867
f 866/866 958/958 959/959
f 867/867 960/960 868/868
f 867/867 959/959 960/960
f 868/868 961/961 869/869
f 868/868 960/960 961/961
f 869/869 962/962 870/870
f 869/869 961/961 962/962
f 870/870 963/963 871/871
f 870/870 962/962 963/963
f 871/871 964/964 872/872
f 871/871 963/963 964/964
f 872/872 965/965 873/873
f 872/872 964/964 965/965
f 873/873 966/966 874/874
f 873/873 965/965 966/966
f 874/874 967/967 876/876
f 874/874 966/966 967/967
f 879/879 968/968 878/878
f 879/879 969/969 968/968
f 878/878 970/970 880/880
f 878/878 968/968 970/970
f 880/880 971/971 881/881
f 880/880 970/970 971/971
f 881/881 972/972 882/882
f 881/881 971/971 972/972
f 882/882 973/973 883/883
f 882/882 972/972 973/973
f 883/883 974/974 884/884
f 883/883 973/973 974/974
f 884/884 975/975 885/885
f 884/884 974/974 975/975
f 885/885 976/976 886/886
f 885/885 975/975 976/976
f 886/886 977/977 887/887
f 886/886 976/976 977/977
f 887/887 978/978 888/888
f 887/887 977/977 978/978
f 888/888 979/979 889/889
f 888/888 978/978 979/979
f 889/889 980/980 890/890
f 889/889 979/979 980/980
f 890/890 981/981 891/891
f 890/890 980/980 981/981
f 891/891 982/982 892/892
f 891/891 981/981 982/982
f 892/892 983/983 893/893
f 892/892 982/982 983/983
f 893/893 984/984 894/894
f 893/893 983/983 984/984
f 894/894 985/985 895/895
f 894/894 984/984 985/985
f 895/895 986/986 896/896
f 895/895 985/985 986/986
f 896/896 987/987 897/897
f 896/896 986/986 987/987
f 897/897 988/988 898/898
f 897/897 987/987 988/988
f 898/898 989/989 899/899
f 898/898 988/988 989/989
f 899/899 990/990 900/900
f 899/899 989/989 990/990
f 900/900 991/991 901/901
f 900/900 990/990 991/991
f 901/901 992/992 902/902
f 901/901 991/991 992/992
f 902/902 993/993 903/903
f 902/902 992/992 993/993
f 903/903 994/994 904/904
f 903/903 993/993 994/994
f 904/904 995/995 905/905
f 904/904 994/994 995/995
f 905/905 996/996 906/906
f 905/905 995/995 996/996
f 906/906 997/997 907/907
f 906/906 996/996 997/997
f 907/907 998/998 908/908
f 907/907 997/997 998/998
f 908/908 999/999 909/909
f 908/908 998/998 999/999
f 909/909 1000/1000 910/910
f 909/909 999/999 1000/1000
f 910/910 1001/1001 911/911
f 910/910 1000/1000 1001/1001
f 911/911 1002/1002 912/912
f 911/911 1001/1001 1002/1002
f 912/912 1003/1003 913/913
f 912/912 1002/1002 1003/1003
f 913/913 1004/1004 914/914
f 913/913 1003/1003 1004/1004
f 914/914 1005/1005 915/915
f 914/914 1004/1004 1005/1005
f 915/915 1006/1006 916/916
f 915/915 1005/1005 1006/1006
f 916/916 1007/1007 917/917
f 916/916 1006/1006 1007/1007
f 917/917 1008/1008 918/918
f 917/917 1007/1007 1008/1008
f 918/918 1009/1009 919/919
f 918/918 1008/1008 1009/1009
f 919/919 1010/1010 920/920
f 919/919 1009/1009 1010/1010
f 920/920 1011/1011 921/921
f 920/920 1010/1010 1011/1011
f 921/921 1012/1012 922/922
f 921/921 1011/1011 1012/1012
f 922/922 1013/1013 923/923
f 922/922 1012/1012 1013/1013
f 923/923 1014/1014 924/924
f 923/923 1013/1013 1014/1014
f 924/924 1015/1015 925/925
f 924/924 1014/1014 1015/1015
f 925/925 1016/1016 926/926
f 925/925 1015/1015 1016/1016
f 926/926 1017/1017 927/927
f 926/926 1016/1016 1017/1017
f 927/927 1018/1018 928/928
f 927/927 1017/1017 1018/1018
f 928/928 1019/1019 929/929
f 928/928 1018/1018 1019/1019
f 929/929 1020/1020 930/930
f 929/929 1019/1019 1020/1020
f 930/930 1021/1021 931/931
f 930/930 1020/1020 1021/1021
f 931/931 1022/1022 932/932
f 931/931 1021/1021 1022/1022
f 932/932 1023/1023 933/933
f 932/932 1022/1022 1023/1023
f 933/933 1024/1024 934/934
f 933/933 1023/1023 1024/1024
f 934/934 1025/1025 935/935
f 934/934 1024/1024 1025/1025
f 935/935 1026/1026 936/936
f 935/935 1025/1025 1026/1026
f 936/936 1027/1027 937/937
f 936/936 1026/1026 1027/1027
f 937/937 1028/1028 938/938
f 937/937 1027/1027 1028/1028
f 938/938 1029/1029 939/939
f 938/938 1028/1028 1029/1029
f 939/939 1030/1030 940/940
f 939/939 1029/1029 1030/1030
f 940/940 1031/1031 941/941
f 940/940 1030/1030 1031/1031
f 941/941 1032/1032 942/942
f 941/941 1031/1031 1032/1032
f 942/942 1033/1033 943/943
f 942/942 1032/1032 1033/1033
f 943/943 1034/1034 944/944
f 943/943 1033/1033 1034/1034
f 944/944 1035/1035 945/945
f 944/944 1034/1034 1035/1035
f 945/945 1036/1036 946/946
f 945/945 1035/1035 1036/1036
f 946/946 1037/1037 947/947
f 946/946 1036/1036 1037/1037
f 947/947 1038/1038 948/948
f 947/947 1037/1037 1038/1038
f 948/948 1039/1039 949/949
f 948/948 1038/1038 1039/1039
f 949/949 1040/1040 950/950
f 949/949 1039/1039 1040/1040
f 950/950 1041/1041 951/951
f 950/950 1040/1040 1041/1041
f 951/951 1042/1042 952/952
f 951/951 1041/1041 1042/1042
f 952/952 1043/1043 953/953
f 952/952 1042/1042 1043/1043
f 953/953 1044/1044 954/954
f 953/953 1043/1043 1044/1044
f 954/954 1045/1045 955/955
f 954/954 1044/1044 1045/1045
f 955/955 1046/1046 956/956
f 955/955 1045/1045 1046/1046
f 956/956 1047/1047 957/957
f 956/956 1046/1046 1047/1047
f 957/957 1048/1048 958/958
f 957/957 1047/1047 1048/1048
f 958/958 1049/1049 959/959
f 958/958 1048/1048 1049/1049
f 959/959 1050/1050 960/960
f 959/959 1049/1049 1050/1050
f 960/960 1051/1051 961/961
f 960/960 1050/1050 1051/1051
f 961/961 1052/1052 962/962
f 961/961 1051/1051 1052/1052
f 962/962 1053/1053 963/963
f 962/962 1052/1052 1053/1053
f 963/963 1054/1054 964/964
f 963/963 1053/1053 1054/1054
f 964/964 1055/1055 965/965
f 964/964 1054/1054 1055/1055
f 965/965 1056/1056 966/966
f 965/965 1055/1055 1056/1056
f 966/966 1057/1057 967/967
f 966/966 1056/1056 1057/1057
f 967/967 1059/1059 1058/1058
f 967/967 1057/1057 1059/1059
f 969/969 1060/1060 968/968
f 969/969 1061/1061 1060/1060
f 968/968 1062/1062 970/970
f 968/968 1060/1060 1062/1062
f 970/970 1063/1063 971/971
f 970/970 1062/1062 1063/1063
f 971/971 1064/1064 972/972
f 971/971 1063/1063 1064/1064
f 972/972 1065/1065 973/973
f 972/972 1064/1064 1065/1065
f 973/973 1066/1066 974/974
f 973/973 1065/1065 1066/1066
f 974/974 1067/1067 975/975
f 974/974 1066/1066 1067/1067
f 975/975 1068/1068 976/976
f 975/975 1067/1067 1068/1068
f 976/976 1069/1069 977/977
f 976/976 1068/1068 1069/1069
f 977/977 1070/1070 978/978
f 977/977 1069/1069 1070/1070
f 978/978 1071/1071 979/979
f 978/978 1070/1070 1071/1071
f 979/979 1072/1072 980/980
f 979/979 1071/1071 1072/1072
f 980/980 1073/1073 981/981
f 980/980 1072/1072 1073/1073
f 981/981 1074/1074 982/982
f 981/981 1073/1073 1074/1074
f 982/982 1075/1075 983/983
f 982/982 1074/1074 1075/1075
f 983/983 1076/1076 984/984
f 983/983 1075/1075 1076/1076
f 984/984 1077/1077 985/985
f 984/984 1076/1076 1077/1077
f 985/985 1078/1078 986/986
f 985/985 1077/1077 1078/1078
f 986/986 1079/1079 987/987
f 986/986 1078/1078 1079/1079
f 987/987 1080/1080 988/988
f 987/987 1079/1079 1080/1080
f 988/988 1081/1081 989/989
f 988/988 1080/1080 1081/1081
f 989/989 1082/1082 990/990
f 989/989 1081/1081 1082/1082
f 990/990 1083/1083 991/991
f 990/990 1082/1082 1083/1083
f 991/991 1084/1084 992/992
f 991/991 1083/1083 1084/1084
f 992/992 1085/1085 993/993
f 992/992 1084/1084 1085/1085
f 993/993 1086/1086 994/994
f 993/993 1085/1085 1086/1086
f 994/994 1087/1087 995/995
f 994/994 1086/1086 1087/1087
f 995/995 1088/1088 996/996
f 995/995 1087/1087 1088/1088
f 996/996 1089/1089 997/997
f 996/996 1088/1088 1089/1089
f 997/997 1090/1090 998/998
f 997/997 1089/1089 1090/1090
f 998/998 1091/1091 999/999
f 998/998 1090/1090 1091/1091
f 999/999 1092/1092 1000/1000
f 999/999 1091/1091 1092/1092
f 1000/1000 1093/1093 1001/1001
f 1000/1000 1092/1092 1093/1093
f 1001/1001 1094/1094 1002/1002
f 1001/1001 1093/1093 1094/1094
f 1002/1002 1095/1095 1003/1003
f 1002/1002 1094/1094 1095/1095
f 1003/1003 1096/1096 1004/1004
f 1003/1003 1095/1095 1096/1096
f 1004/1004 1097/1097 1005/1005
f 1004/1004 1096/1096 1097/1097
f 1005/1005 1098/1098 1006/1006
f 1005/1005 1097/1097 1098/1098
f 1006/1006 1099/1099 1007/1007
f 1006/1006 1098/1098 1099/1099
f 1007/1007 1100/1100 1008/1008
f 1007/1007 1099/1099 1100/1100
f 1008/1008 1101/1101 1009/1009
f 1008/1008 1100/1100 1101/1101
f 1009/1009 1102/1102 1010/1010
f 1009/1009 1101/1101 1102/1102
f 1010/1010 1103/1103 1011/1011
f 1010/1010 1102/1102 1103/1103
f 1011/1011 1104/1104 1012/1012
f 1011/1011 1103/1103 1104/1104
f 1012/1012 1105/1105 1013/1013
f 1012/1012 1104/1104 1105/1105
f 1013/1013 1106/1106 1014/1014
f 1013/1013 1105/1105 1106/1106
f 1014/1014 1107/1107 1015/1015
f 1014/1014 1106/1106 1107/1107
f 1015/1015 1108/1108 1016/1016
f 1015/1015 1107/1107 1108/1108
f 1016/1016 1109/1109 1017/1017
f 1016/1016 1108/1108 1109/1109
f 1017/1017 1110/1110 1018/1018
f 1017/1017 1109/1109 1110/1110
f 1018/1018 1111/1111 1019/1019
f 1018/1018 1110/1110 1111/1111
f 1019/1019 1112/1112 1020/1020
f 1019/1019 1111/1111 1112/1112
f 1020/1020 1113/1113 1021/1021
f 1020/1020 1112/1112 1113/1113
f 1021/1021 1114/1114 1022/1022
f 1021/1021 1113/1113 1114/1114
f 1022/1022 1115/1115 1023/1023
f 1022/1022 1114/1114 1115/1115
f 1023/1023 1116/1116 1024/1024
f 1023/1023 1115/1115 1116/1116
f 1024/1024 1117/1117 1025/1025
f 1024/1024 1116/1116 1117/1117
f 1025/1025 1118/1118 1026/1026
f 1025/1025 1117/1117 1118/1118
f 1026/1026 1119/1119 1027/1027
f 1026/1026 1118/1118 1119/1119
f 1027/1027 1120/1120 1028/1028
f 1027/1027 1119/1119 1120/1120
f 1028/1028 1121/1121 1029/1029
f 1028/1028 1120/1120 1121/1121
f 1029/1029 1122/1122 1030/1030
f 1029/1029 1121/1121 1122/1122
f 1030/1030 1123/1123 1031/1031
f 1030/1030 1122/1122 1123/1123
f 1031/1031 1124/1124 1032/1032
f 1031/1031 1123/1123 1124/1124
f 1032/1032 1125/1125 1033/1033
f 1032/1032 1124/1124 1125/1125
f 1033/1033 1126/1126 1034/1034
f 1033/1033 1125/1125 1126/1126
f 1034/1034 1127/1127 1035/1035
f 1034/1034 1126/1126 1127/1127
f 1035/1035 1128/1128 1036/1036
f 1035/1035 1127/1127 1128/1128
f 1036/1036 1129/1129 1037/1037
f 1036/1036 1128/1128 1129/1129
f 1037/1037 1130/1130 1038/1038
f 1037/1037 1129/1129 1130/1130
f 1038/1038 1131/1131 1039/1039
f 1038/1038 1130/1130 1131/1131
f 1039/1039 1132/1132 1040/1040
f 1039/1039 1131/1131 1132/1132
f 1040/1040 1133/1133 1041/1041
f 1040/1040 1132/1132 1133/1133
f 1041/1041 1134/1134 1042/1042
f 1041/1041 1133/1133 1134/1134
f 1042/1042 1135/1135 1043/1043
f 1042/1042 1134/1134 1135/1135
f 1043/1043 1136/1136 1044/1044
f 1043/1043 1135/1135 1136/1136
f 1044/1044 1137/1137 1045/1045
f 1044/1044 1136/1136 1137/1137
f 1045/1045 1138/1138 1046/1046
f 1045/1045 1137/1137 1138/1138
f 1046/1046 1139/1139 1047/1047
f 1046/1046 1138/1138 1139/1139
f 1047/1047 1140/1140 1048/1048
f 1047/1047 1139/1139 1140/1140
f 1048/1048 1141/1141 1049/1049
f 1048/1048 1140/1140 1141/1141
f 1049/1049 1142/1142 1050/1050
f 1049/1049 1141/1141 1142/1142
f 1050/1050 1143/1143 1051/1051
f 1050/1050 1142/1142 1143/1143
f 1051/1051 1144/1144 1052/1052
f 1051/1051 1143/1143 1144/1144
f 1052/1052 1145/1145 1053/1053
f 1052/1052 1144/1144 1145/1145
f 1053/1053 1146/1146 1054/1054
f 1053/1053 1145/1145 1146/1146
f 1054/1054 1147/1147 1055/1055
f 1054/1054 1146/1146 1147/1147
f 1055/1055 1148/1148 1056/1056
f 1055/1055 1147/1147 1148/1148
f 1056/1056 1149/1149 1057/1057
f 1056/1056 1148/1148 1149/1149
f 1057/1057 1150/1150 1059/1059
f 1057/1057 1149/1149 1150/1150
f 1061/1061 1151/1151 1060/1060
f 1061/1061 1152/1152 1151/1151
f 1060/1060 1153/1153 1062/1062
f 1060/1060 1151/1151 1153/1153
f 1062/1062 1154/1154 1063/1063
f 1062/1062 1153/1153 1154/1154
f 1063/1063 1155/1155 1064/1064
f 1063/1063 1154/1154 1155/1155
f 1064/1064 1156/1156 1065/1065
f 1064/1064 1155/1155 1156/1156
f 1065/1065 1157/1157 1066/1066
f 1065/1065 1156/1156 1157/1157
f 1066/1066 1158/1158 1067/1067
f 1066/1066 1157/1157 1158/1158
f 1067/1067 1159/1159 1068/1068
f 1067/1067 1158/1158 1159/1159
f 1068/1068 1160/1160 1069/1069
f 1068/1068 1159/1159 1160/1160
f 1069/1069 1161/1161 1070/1070
f 1069/1069 1160/1160 1161/1161
f 1070/1070 1162/1162 1071/1071
f 1070/1070 1161/1161 1162/1162
f 1071/1071 1163/1163 1072/1072
f 1071/1071 1162/1162 1163/1163
f 1072/1072 1164/1164 1073/1073
f 1072/1072 1163/1163 1164/1164
f 1073/1073 1165/1165 1074/1074
f 1073/1073 1164/1164 1165/1165
f 1074/1074 1166/1166 1075/1075
f 1074/1074 1165/1165 1166/1166
f 1075/1075 1167/1167 1076/1076
f 1075/1075 1166/1166 1167/1167
f 1076/1076 1168/1168 1077/1077
f 1076/1076 1167/1167 1168/1168
f 1077/1077 1169/1169 1078/1078
f 1077/1077 1168/1168 1169/1169
f 1078/1078 1170/1170 1079/1079
f 1078/1078 1169/1169 1170/1170
f 1079/1079 1171/1171 1080/1080
f 1079/1079 1170/1170 1171/1171
f 1080/1080 1172/1172 1081/1081
f 1080/1080 1171/1171 1172/1172
f 1081/1081 1173/1173 1082/1082
f 1081/1081 1172/1172 1173/1173
f 1082/1082 1174/1174 1083/1083
f 1082/1082 1173/1173 1174/1174
f 1083/1083 1175/1175 1084/1084
f 1083/1083 1174/1174 1175/1175
f 1084/1084 1176/1176 1085/1085
f 1084/1084 1175/1175 1176/1176
f 1085/1085 1177/1177 1086/1086
f 1085/1085 1176/1176 1177/1177
f 1086/1086 1178/1178 1087/1087
f 1086/1086 1177/1177 1178/1178
f 1087/1087 1179/1179 1088/1088
f 1087/1087 1178/1178 1179/1179
f 1088/1088 1180/1180 1089/1089
f 1088/1088 1179/1179 1180/1180
f 1089/1089 1181/1181 1090/1090
f 1089/1089 1180/1180 1181/1181
f 1090/1090 1182/1182 1091/1091
f 1090/1090 1181/1181 1182/1182
f 1091/1091 1183/1183 1092/1092
f 1091/1091 1182/1182 1183/1183
f 1092/1092 1184/1184 1093/1093
f 1092/1092 1183/1183 1184/1184
f 1093/1093 1185/1185 1094/1094
f 1093/1093 1184/1184 1185/1185
f 1094/1094 1186/1186 1095/1095
f 1094/1094 1185/1185 1186/1186
f 1095/1095 1187/1187 1096/1096
f 1095/1095 1186/1186 1187/1187
f 1096/1096 1188/1188 1097/1097
f 1096/1096 1187/1187 1188/1188
f 1097/1097 1189/1189 1098/1098
f 1097/1097 1188/1188 1189/1189
f 1098/1098 1190/1190 1099/1099
f 1098/1098 1189/1189 1190/1190
f 1099/1099 1191/1191 1100/1100
f 1099/1099 1190/1190 1191/1191
f 1100/1100 1192/1192 1101/1101
f 1100/1100 1191/1191 1192/1192
f 1101/1101 1193/1193 1102/1102
f 1101/1101 1192/1192 1193/1193
f 1102/1102 1194/1194 1103/1103
f 1102/1102 1193/1193 1194/1194
f 1103/1103 1195/1195 1104/1104
f 1103/1103 1194/1194 1195/1195
f 1104/1104 1196/1196 1105/1105
f 1104/1104 1195/1195 1196/1196
f 1105/1105 1197/1197 1106/1106
f 1105/1105 1196/1196 1197/1197
f 1106/1106 1198/1198 1107/1107
f 1106/1106 1197/1197 1198/1198
f 1107/1107 1199/1199 1108/1108
f 1107/1107 1198/1198 1199/1199
f 1108/1108 1200/1200 1109/1109
f 1108/1108 1199/1199 1200/1200
f 1109/1109 1201/1201 1110/1110
f 1109/1109 1200/1200 1201/1201
f 1110/1110 1202/1202 1111/1111
f 1110/1110 1201/1201 1202/1202
f 1111/1111 1203/1203 1112/1112
f 1111/1111 1202/1202 1203/1203
f 1112/1112 1204/1204 1113/1113
f 1112/1112 1203/1203 1204/1204
f 1113/1113 1205/1205 1114/1114
f 1113/1113 1204/1204 1205/1205
f 1114/1114 1206/1206 1115/1115
f 1114/1114 1205/1205 1206/1206
f 1115/1115 1207/1207 1116/1116
f 1115/1115 1206/1206 1207/1207
f 1116/1116 1208/1208 1117/1117
f 1116/1116 1207/1207 1208/1208
f 1117/1117 1209/1209 1118/1118
f 1117/1117 1208/1208 1209/1209
f 1118/1118 1210/1210 1119/1119
f 1118/1118 1209/1209 1210/1210
f 1119/1119 1211/1211 1120/1120
f 1119/1119 1210/1210 1211/1211
f 1120/1120 1212/1212 1121/1121
f 1120/1120 1211/1211 1212/1212
f 1121/1121 1213/1213 1122/1122
f 1121/1121 1212/1212 1213/1213
f 1122/1122 1214/1214 1123/1123
f 1122/1122 1213/1213 1214/1214
f 1123/1123 1215/1215 1124/1124
f 1123/1123 1214/1214 1215/1215
f 1124/1124 1216/1216 1125/1125
f 1124/1124 1215/1215 1216/1216
f 1125/1125 1217/1217 1126/1126
f 1125/1125 1216/1216 1217/1217
f 1126/1126 1218/1218 1127/1127
f 1126/1126 1217/1217 1218/1218
f 1127/1127 1219/1219 1128/1128
f 1127/1127 1218/1218 1219/1219
f 1128/1128 1220/1220 1129/1129
f 1128/1128 1219/1219 1220/1220
f 1129/1129 1221/1221 1130/1130
f 1129/1129 1220/1220 1221/1221
f 1130/1130 1222/1222 1131/1131
f 1130/1130 1221/1221 1222/1222
f 1131/1131 1223/1223 1132/1132
f 1131/1131 1222/1222 1223/1223
f 1132/1132 1224/1224 1133/1133
f 1132/1132 1223/1223 1224/1224
f 1133/1133 1225/1225 1134/1134
f 1133/1133 1224/1224 1225/1225
f 1134/1134 1226/1226 1135/1135
f 1134/1134 1225/1225 1226/1226
f 1135/1135 1227/1227 1136/1136
f 1135/1135 1226/1226 1227/1227
f 1136/1136 1228/1228 1137/1137
f 1136/1136 1227/1227 1228/1228
f 1137/1137 1229/1229 1138/1138
f 1137/1137 1228/1228 1229/1229
f 1138/1138 1230/1230 1139/1139
f 1138/1138 1229/1229 1230/1230
f 1139/1139 1231/1231 1140/1140
f 1139/1139 1230/1230 1231/1231
f 1140/1140 1232/1232 1141/1141
f 1140/1140 1231/1231 1232/1232
f 1141/1141 1233/1233 1142/1142
f 1141/1141 1232/1232 1233/1233
f 1142/1142 1234/1234 1143/1143
f 1142/1142 1233/1233 1234/1234
f 1143/1143 1235/1235 1144/1144
f 1143/1143 1234/1234 1235/1235
f 1144/1144 1236/1236 1145/1145
f 1144/1144 1235/1235 1236/1236
f 1145/1145 1237/1237 1146/1146
f 1145/1145 1236/1236 1237/1237
f 1146/1146 1238/1238 1147/1147
f 1146/1146 1237/1237 1238/1238
f 1147/1147 1239/1239 1148/1148
f 1147/1147 1238/1238 1239/1239
f 1148/1148 1240/1240 1149/1149
f 1148/1148 1239/1239 1240/1240
f 1149/1149 1241/1241 1150/1150
f 1149/1149 1240/1240 1241/1241
f 1152/1152 1242/1242 1151/1151
f 1152/1152 1243/1243 1242/1242
f 1151/1151 1244/1244 1153/1153
f 1151/1151 1242/1242 1244/1244
f 1153/1153 1245/1245 1154/1154
f 1153/1153 1244/1244 1245/1245
f 1154/1154 1246/1246 1155/1155
f 1154/1154 1245/1245 1246/1246
f 1155/1155 1247/1247 1156/1156
f 1155/1155 1246/1246 1247/1247
f 1156/1156 1248/1248 1157/1157
f 1156/1156 1247/1247 1248/1248
f 1157/1157 1249/1249 1158/1158
f 1157/1157 1248/1248 1249/1249
f 1158/1158 1250/1250 1159/1159
f 1158/1158 1249/1249 1250/1250
f 1159/1159 1251/1251 1160/1160
f 1159/1159 1250/1250 1251/1251
f 1160/1160 1252/1252 1161/1161
f 1160/1160 1251/1251 1252/1252
f 1161/1161 1253/1253 1162/1162
f 1161/1161 1252/1252 1253/1253
f 1162/1162 1254/1254 1163/1163
f 1162/1162 1253/1253 1254/1254
f 1163/1163 1255/1255 1164/1164
f 1163/1163 1254/1254 1255/1255
f 1164/1164 1256/1256 1165/1165
f 1164/1164 1255/1255 1256/1256
f 1165/1165 1257/1257 1166/1166
f 1165/1165 1256/1256 1257/1257
f 1166/1166 1258/1258 1167/1167
f 1166/1166 1257/1257 1258/1258
f 1167/1167 1259/1259 1168/1168
f 1167/1167 1258/1258 1259/1259
f 1168/1168 1260/1260 1169/1169
f 1168/1168 1259/1259 1260/1260
f 1169/1169 1261/1261 1170/1170
f 1169/1169 1260/1260 1261/1261
f 1170/1170 1262/1262 1171/1171
f 1170/1170 1261/1261 1262/1262
f 1171/1171 1263/1263 1172/1172
f 1171/1171 1262/1262 1263/1263
f 1172/1172 1264/1264 1173/1173
f 1172/1172 1263/1263 1264/1264
f 1173/1173 1265/1265 1174/1174
f 1173/1173 1264/1264 1265/1265
f 1174/1174 1266/1266 1175/1175
f 1174/1174 1265/1265 1266/1266
f 1175/1175 1267/1267 1176/1176
f 1175/1175 1266/1266 1267/1267
f 1176/1176 1268/1268 1177/1177
f 1176/1176 1267/1267 1268/1268
f 1177/1177 1269/1269 1178/1178
f 1177/1177 1268/1268 1269/1269
f 1178/1178 1270/1270 1179/1179
f 1178/1178 1269/1269 1270/1270
f 1179/1179 1271/1271 1180/1180
f 1179/1179 1270/1270 1271/1271
f 1180/1180 1272/1272 1181/1181
f 1180/1180 1271/1271 1272/1272
f 1181/1181 1273/1273 1182/1182
f 1181/1181 1272/1272 1273/1273
f 1182/1182 1274/1274 1183/1183
f 1182/1182 1273/1273 1274/1274
f 1183/1183 1275/1275 1184/1184
f 1183/1183 1274/1274 1275/1275
f 1184/1184 1276/1276 1185/1185
f 1184/1184 1275/1275 1276/1276
f 1185/1185 1277/1277 1186/1186
f 1185/1185 1276/1276 1277/1277
f 1186/1186 1278/1278 1187/1187
f 1186/1186 1277/1277 1278/1278
f 1187/1187 1279/1279 1188/1188
f 1187/1187 1278/1278 1279/1279
f 1188/1188 1280/1280 1189/1189
f 1188/1188 1279/1279 1280/1280
f 1189/1189 1281/1281 1190/1190
f 1189/1189 1280/1280 1281/1281
f 1190/1190 1282/1282 1191/1191
f 1190/1190 1281/1281 1282/1282
f 1191/1191 1283/1283 1192/1192
f 1191/1191 1282/1282 1283/1283
f 1192/1192 1284/1284 1193/1193
f 1192/1192 1283/1283 1284/1284
f 1193/1193 1285/1285 1194/1194
f 1193/1193 1284/1284 1285/1285
f 1194/1194 1286/1286 1195/1195
f 1194/1194 1285/1285 1286/1286
f 1195/1195 1287/1287 1196/1196
f 1195/1195 1286/1286 1287/1287
f 1196/1196 1288/1288 1197/1197
f 1196/1196 1287/1287 1288/1288
f 1197/1197 1289/1289 1198/1198
f 1197/1197 1288/1288 1289/1289
f 1198/1198 1290/1290 1199/1199
f 1198/1198 1289/1289 1290/1290
f 1199/1199 1291/1291 1200/1200
f 1199/1199 1290/1290 1291/1291
f 1200/1200 1292/1292 1201/1201
f 1200/1200 1291/1291 1292/1292
f 1201/1201 1293/1293 1202/1202
f 1201/1201 1292/1292 1293/1293
f 1202/1202 1294/1294 1203/1203
f 1202/1202 1293/1293 1294/1294
f 1203/1203 1295/1295 1204/1204
f 1203/1203 1294/1294 1295/1295
f 1204/1204 1296/1296 1205/1205
f 1204/1204 1295/1295 1296/1296
f 1205/1205 1297/1297 1206/1206
f 1205/1205 1296/1296 1297/1297
f 1206/1206 1298/1298 1207/1207
f 1206/1206 1297/1297 1298/1298
f 1207/1207 1299/1299 1208/1208
f 1207/1207 1298/1298 1299/1299
f 1208/1208 1300/1300 1209/1209
f 1208/1208 1299/1299 1300/1300
f 1209/1209 1301/1301 1210/1210
f 1209/1209 1300/1300 1301/1301
f 1210/1210 1302/1302 1211/1211
f 1210/1210 1301/1301 1302/1302
f 1211/1211 1303/1303 1212/1212
f 1211/1211 1302/1302 1303/1303
f 1212/1212 1304/1304 1213/1213
f 1212/1212 1303/1303 1304/1304
f 1213/1213 1305/1305 1214/1214
f 1213/1213 1304/1304 1305/1305
f 1214/1214 1306/1306 1215/1215
f 1214/1214 1305/1305 1306/1306
f 1215/1215 1307/1307 1216/1216
f 1215/1215 1306/1306 1307/1307
f 1216/1216 1308/1308 1217/1217
f 1216/1216 1307/1307 1308/1308
f 1217/1217 1309/1309 1218/1218
f 1217/1217 1308/1308 1309/1309
f 1218/1218 1310/1310 1219/1219
f 1218/1218 1309/1309 1310/1310
f 1219/1219 1311/1311 1220/1220
f 1219/1219 1310/1310 1311/1311
f 1220/1220 1312/1312 1221/1221
f 1220/1220 1311/1311 1312/1312
f 1221/1221 1313/1313 1222/1222
f 1221/1221 1312/1312 1313/1313
f 1222/1222 1314/1314 1223/1223
f 1222/1222 1313/1313 1314/1314
f 1223/1223 1315/1315 1224/1224
f 1223/1223 1314/1314 1315/1315
f 1224/1224 1316/1316 1225/1225
f 1224/1224 1315/1315 1316/1316
f 1225/1225 1317/1317 1226/1226
f 1225/1225 1316/1316 1317/1317
f 1226/1226 1318/1318 1227/1227
f 1226/1226 1317/1317 1318/1318
f 1227/1227 1319/1319 1228/1228
f 1227/1227 1318/1318 1319/1319
f 1228/1228 1320/1320 1229/1229
f 1228/1228 1319/1319 1320/1320
f 1229/1229 1321/1321 1230/1230
f 1229/1229 1320/1320 1321/1321
f 1230/1230 1322/1322 1231/1231
f 1230/1230 1321/1321 1322/1322
f 1231/1231 1323/1323 1232/1232
f 1231/1231 1322/1322 1323/1323
f 1232/1232 1324/1324 1233/1233
f 1232/1232 1323/1323 1324/1324
f 1233/1233 1325/1325 1234/1234
f 1233/1233 1324/1324 1325/1325
f 1234/1234 1326/1326 1235/1235
f 1234/1234 1325/1325 1326/1326
f 1235/1235 1327/1327 1236/1236
f 1235/1235 1326/1326 1327/1327
f 1236/1236 1328/1328 1237/1237
f 1236/1236 1327/1327 1328/1328
f 1237/1237 1329/1329 1238/1238
f 1237/1237 1328/1328 1329/1329
f 1238/1238 1330/1330 1239/1239
f 1238/1238 1329/1329 1330/1330
f 1239/1239 1331/1331 1240/1240
f 1239/1239 1330/1330 1331/1331
f 1240/1240 1332/1332 1241/1241
f 1240/1240 1331/1331 1332/1332
f 1241/1241 1334/1334 1333/1333
f 1241/1241 1332/1332 1334/1334
f 1243/1243 1335/1335 1242/1242
f 1243/1243 1336/1336 1335/1335
f 1242/1242 1337/1337 1244/1244
f 1242/1242 1335/1335 1337/1337
f 1244/1244 1338/1338 1245/1245
f 1244/1244 1337/1337 1338/1338
f 1245/1245 1339/1339 1246/1246
f 1245/1245 1338/1338 1339/1339
f 1246/1246 1340/1340 1247/1247
f 1246/1246 1339/1339 1340/1340
f 1247/1247 1341/1341 1248/1248
f 1247/1247 1340/1340 1341/1341
f 1248/1248 1342/1342 1249/1249
f 1248/1248 1341/1341 1342/1342
f 1249/1249 1343/1343 1250/1250
f 1249/1249 1342/1342 1343/1343
f 1250/1250 1344/1344 1251/1251
f 1250/1250 1343/1343 1344/1344
f 1251/1251 1345/1345 1252/1252
f 1251/1251 1344/1344 1345/1345
f 1252/1252 1346/1346 1253/1253
f 1252/1252 1345/1345 1346/1346
f 1253/1253 1347/1347 1254/1254
f 1253/1253 1346/1346 1347/1347
f 1254/1254 1348/1348 1255/1255
f 1254/1254 1347/1347 1348/1348
f 1255/1255 1349/1349 1256/1256
f 1255/1255 1348/1348 1349/1349
f 1256/1256 1350/1350 1257/1257
f 1256/1256 1349/1349 1350/1350
f 1257/1257 1351/1351 1258/1258
f 1257/1257 1350/1350 1351/1351
f 1258/1258 1352/1352 1259/1259
f 1258/1258 1351/1351 1352/1352
f 1259/1259 1353/1353 1260/1260
f 1259/1259 1352/1352 1353/1353
f 1260/1260 1354/1354 1261/1261
f 1260/1260 1353/1353 1354/1354
f 1261/1261 1355/1355 1262/1262
f 1261/1261 1354/1354 1355/1355
f 1262/1262 1356/1356 1263/1263
f 1262/1262 1355/1355 1356/1356
f 1263/1263 1357/1357 1264/1264
f 1263/1263 1356/1356 1357/1357
f 1264/1264 1358/1358 1265/1265
f 1264/1264 1357/1357 1358/1358
f 1265/1265 1359/1359 1266/1266
f 1265/1265 1358/1358 1359/1359
f 1266/1266 1360/1360 1267/1267
f 1266/1266 1359/1359 1360/1360
f 1267/1267 1361/1361 1268/1268
f 1267/1267 1360/1360 1361/1361
f 1268/1268 1362/1362 1269/1269
f 1268/1268 1361/1361 1362/1362
f 1269/1269 1363/1363 1270/1270
f 1269/1269 1362/1362 1363/1363
f 1270/1270 1364/1364 1271/1271
f 1270/1270 1363/1363 1364/1364
f 1271/1271 1365/1365 1272/1272
f 1271/1271 1364/1364 1365/1365
f 1272/1272 1366/1366 1273/1273
f 1272/1272 1365/1365 1366/1366
f 1273/1273 1367/1367 1274/1274
f 1273/1273 1366/1366 1367/1367
f 1274/1274 1368/1368 1275/1275
f 1274/1274 1367/1367 1368/1368
f 1275/1275 1369/1369 1276/1276
f 1275/1275 1368/1368 1369/1369
f 1276/1276 1370/1370 1277/1277
f 1276/1276 1369/1369 1370/1370
f 1277/1277 1371/1371 1278/1278
f 1277/1277 1370/1370 1371/1371
f 1278/1278 1372/1372 1279/1279
f 1278/1278 1371/1371 1372/1372
f 1279/1279 1373/1373 1280/1280
f 1279/1279 1372/1372 1373/1373
f 1280/1280 1374/1374 1281/1281
f 1280/1280 1373/1373 1374/1374
f 1281/1281 1375/1375 1282/1282
f 1281/1281 1374/1374 1375/1375
f 1282/1282 1376/1376 1283/1283
f 1282/1282 1375/1375 1376/1376
f 1283/1283 1377/1377 1284/1284
f 1283/1283 1376/1376 1377/1377
f 1284/1284 1378/1378 1285/1285
f 1284/1284 1377/1377 1378/1378
f 1285/1285 1379/1379 1286/1286
f 1285/1285 1378/1378 1379/1379
f 1286/1286 1380/1380 1287/1287
f 1286/1286 1379/1379 1380/1380
f 1287/1287 1381/1381 1288/1288
f 1287/1287 1380/1380 1381/1381
f 1288/1288 1382/1382 1289/1289
f 1288/1288 1381/1381 1382/1382
f 1289/1289 1383/1383 1290/1290
f 1289/1289 1382/1382 1383/1383
f 1290/1290 1384/1384 1291/1291
f 1290/1290 1383/1383 1384/1384
f 1291/1291 1385/1385 1292/1292
f 1291/1291 1384/1384 1385/1385
f 1292/1292 1386/1386 1293/1293
f 1292/1292 1385/1385 1386/1386
f 1293/1293 1387/1387 1294/1294
f 1293/1293 1386/1386 1387/1387
f 1294/1294 1388/1388 1295/1295
f 1294/1294 1387/1387 1388/1388
f 1295/1295 1389/1389 1296/1296
f 1295/1295 1388/1388 1389/1389
f 1296/1296 1390/1390 1297/1297
f 1296/1296 1389/1389 1390/1390
f 1297/1297 1391/1391 1298/1298
f 1297/1297 1390/1390 1391/1391
f 1298/1298 1392/1392 1299/1299
f 1298/1298 1391/1391 1392/1392
f 1299/1299 1393/1393 1300/1300
f 1299/1299 1392/1392 1393/1393
f 1300/1300 1394/1394 1301/1301
f 1300/1300 1393/1393 1394/1394
f 1301/1301 1395/1395 1302/1302
f 1301/1301 1394/1394 1395/1395
f 1302/1302 1396/1396 1303/1303
f 1302/1302 1395/1395 1396/1396
f 1303/1303 1397/1397 1304/1304
f 1303/1303 1396/1396 1397/1397
f 1304/1304 1398/1398 1305/1305
f 1304/1304 1397/1397 1398/1398
f 1305/1305 1399/1399 1306/1306
f 1305/1305 1398/1398 1399/1399
f 1306/1306 1400/1400 1307/1307
f 1306/1306 1399/1399 1400/1400
f 1307/1307 1401/1401 1308/1308
f 1307/1307 1400/1400 1401/1401
f 1308/1308 1402/1402 1309/1309
f 1308/1308 1401/1401 1402/1402
f 1309/1309 1403/1403 1310/1310
f 1309/1309 1402/1402 1403/1403
f 1310/1310 1404/1404 1311/1311
f 1310/1310 1403/1403 1404/1404
f 1311/1311 1405/1405 1312/1312
f 1311/1311 1404/1404 1405/1405
f 1312/1312 1406/1406 1313/1313
f 1312/1312 1405/1405 1406/1406
f 1313/1313 1407/1407 1314/1314
f 1313/1313 1406/1406 1407/1407
f 1314/1314 1408/1408 1315/1315
f 1314/1314 1407/1407 1408/1408
f 1315/1315 1409/1409 1316/1316
f 1315/1315 1408/1408 1409/1409
f 1316/1316 1410/1410 1317/1317
f 1316/1316 1409/1409 1410/1410
f 1317/1317 1411/1411 1318/1318
f 1317/1317 1410/1410 1411/1411
f 1318/1318 1412/1412 1319/1319
f 1318/1318 1411/1411 1412/1412
f 1319/1319 1413/1413 1320/1320
f 1319/1319 1412/1412 1413/1413
f 1320/1320 1414/1414 1321/1321
f 1320/1320 1413/1413 1414/1414
f 1321/1321 1415/1415 1322/1322
f 1321/1321 1414/1414 1415/1415
f 1322/1322 1416/1416 1323/1323
f 1322/1322 1415/1415 1416/1416
f 1323/1323 1417/1417 1324/1324
f 1323/1323 1416/1416 1417/1417
f 1324/1324 1418/1418 1325/1325
f 1324/1324 1417/1417 1418/1418
f 1325/1325 1419/1419 1326/1326
f 1325/1325 1418/1418 1419/1419
f 1326/1326 1420/1420 1327/1327
f 1326/1326 1419/1419 1420/1420
f 1327/1327 1421/1421 1328/1328
f 1327/1327 1420/1420 1421/1421
f 1328/1328 1422/1422 1329/1329
f 1328/1328 1421/1421 1422/1422
f 1329/1329 1423/1423 1330/1330
f 1329/1329 1422/1422 1423/1423
f 1330/1330 1424/1424 1331/1331
f 1330/1330 1423/1423 1424/1424
f 1331/1331 1425/1425 1332/1332
f 1331/1331 1424/1424 1425/1425
f 1332/1332 1426/1426 1334/1334
f 1332/1332 1425/1425 1426/1426
f 1336/1336 1427/1427 1335/1335
f 1336/1336 1428/1428 1427/1427
f 1335/1335 1429/1429 1337/1337
f 1335/1335 1427/1427 1429/1429
f 1337/1337 1430/1430 1338/1338
f 1337/1337 1429/1429 1430/1430
f 1338/1338 1431/1431 1339/1339
f 1338/1338 1430/1430 1431/1431
f 1339/1339 1432/1432 1340/1340
f 1339/1339 1431/1431 1432/1432
f 1340/1340 1433/1433 1341/1341
f 1340/1340 1432/1432 1433/1433
f 1341/1341 1434/1434 1342/1342
f 1341/1341 1433/1433 1434/1434
f 1342/1342 1435/1435 1343/1343
f 1342/1342 1434/1434 1435/1435
f 1343/1343 1436/1436 1344/1344
f 1343/1343 1435/1435 1436/1436
f 1344/1344 1437/1437 1345/1345
f 1344/1344 1436/1436 1437/1437
f 1345/1345 1438/1438 1346/1346
f 1345/1345 1437/1437 1438/1438
f 1346/1346 1439/1439 1347/1347
f 1346/1346 1438/1438 1439/1439
f 1347/1347 1440/1440 1348/1348
f 1347/1347 1439/1439 1440/1440
f 1348/1348 1441/1441 1349/1349
f 1348/1348 1440/1440 1441/1441
f 1349/1349 1442/1442 1350/1350
f 1349/1349 1441/1441 1442/1442
f 1350/1350 1443/1443 1351/1351
f 1350/1350 1442/1442 1443/1443
f 1351/1351 1444/1444 1352/1352
f 1351/1351 1443/1443 1444/1444
f 1352/1352 1445/1445 1353/1353
f 1352/1352 1444/1444 1445/1445
f 1353/1353 1446/1446 1354/1354
f 1353/1353 1445/1445 1446/1446
f 1354/1354 1447/1447 1355/1355
f 1354/1354 1446/1446 1447/1447
f 1355/1355 1448/1448 1356/1356
f 1355/1355 1447/1447 1448/1448
f 1356/1356 1449/1449 1357/1357
f 1356/1356 1448/1448 1449/1449
f 1357/1357 1450/1450 1358/1358
f 1357/1357 1449/1449 1450/1450
f 1358/1358 1451/1451 1359/1359
f 1358/1358 1450/1450 1451/1451
f 1359/1359 1452/1452 1360/1360
f 1359/1359 1451/1451 1452/1452
f 1360/1360 1453/1453 1361/1361
f 1360/1360 1452/1452 1453/1453
f 1361/1361 1454/1454 1362/1362
f 1361/1361 1453/1453 1454/1454
f 1362/1362 1455/1455 1363/1363
f 1362/1362 1454/1454 1455/1455
f 1363/1363 1456/1456 1364/1364
f 1363/1363 1455/1455 1456/1456
f 1364/1364 1457/1457 1365/1365
f 1364/1364 1456/1456 1457/1457
f 1365/1365 1458/1458 1366/1366
f 1365/1365 1457/1457 1458/1458
f 1366/1366 1459/1459 1367/1367
f 1366/1366 1458/1458 1459/1459
f 1367/1367 1460/1460 1368/1368
f 1367/1367 1459/1459 1460/1460
f 1368/1368 1461/1461 1369/1369
f 1368/1368 1460/1460 1461/1461
f 1369/1369 1462/1462 1370/1370
f 1369/1369 1461/1461 1462/1462
f 1370/1370 1463/1463 1371/1371
f 1370/1370 1462/1462 1463/1463
f 1371/1371 1464/1464 1372/1372
f 1371/1371 1463/1463 1464/1464
f 1372/1372 1465/1465 1373/1373
f 1372/1372 1464/1464 1465/1465
f 1373/1373 1466/1466 1374/1374
f 1373/1373 1465/1465 1466/1466
f 1374/1374 1467/1467 1375/1375
f 1374/1374 1466/1466 1467/1467
f 1375/1375 1468/1468 1376/1376
f 1375/1375 1467/1467 1468/1468
f 1376/1376 1469/1469 1377/1377
f 1376/1376 1468/1468 1469/1469
f 1377/1377 1470/1470 1378/1378
f 1377/1377 1469/1469 1470/1470
f 1378/1378 1471/1471 1379/1379
f 1378/1378 1470/1470 1471/1471
f 1379/1379 1472/1472 1380/1380
f 1379/1379 1471/1471 1472/1472
f 1380/1380 1473/1473 1381/1381
f 1380/1380 1472/1472 1473/1473
f 1381/1381 1474/1474 1382/1382
f 1381/1381 1473/1473 1474/1474
f 1382/1382 1475/1475 1383/1383
f 1382/1382 1474/1474 1475/1475
f 1383/1383 1476/1476 1384/1384
f 1383/1383 1475/1475 1476/1476
f 1384/1384 1477/1477 1385/1385
f 1384/1384 1476/1476 1477/1477
f 1385/1385 1478/1478 1386/1386
f 1385/1385 1477/1477 1478/1478
f 1386/1386 1479/1479 1387/1387
f 1386/1386 1478/1478 1479/1479
f 1387/1387 1480/1480 1388/1388
f 1387/1387 1479/1479 1480/1480
f 1388/1388 1481/1481 1389/1389
f 1388/1388 1480/1480 1481/1481
f 1389/1389 1482/1482 1390/1390
f 1389/1389 1481/1481 1482/1482
f 1390/1390 1483/1483 1391/1391
f 1390/1390 1482/1482 1483/1483
f 1391/1391 1484/1484 1392/1392
f 1391/1391 1483/1483 1484/1484
f 1392/1392 1485/1485 1393/1393
f 1392/1392 1484/1484 1485/1485
f 1393/1393 1486/1486 1394/1394
f 1393/1393 1485/1485 1486/1486
f 1394/1394 1487/1487 1395/1395
f 1394/1394 1486/1486 1487/1487
f 1395/1395 1488/1488 1396/1396
f 1395/1395 1487/1487 1488/1488
f 1396/1396 1489/1489 1397/1397
f 1396/1396 1488/1488 1489/1489
f 1397/1397 1490/1490 1398/1398
f 1397/1397 1489/1489 1490/1490
f 1398/1398 1491/1491 1399/1399
f 1398/1398 1490/1490 1491/1491
f 1399/1399 1492/1492 1400/1400
f 1399/1399 1491/1491 1492/1492
f 1400/1400 1493/1493 1401/1401
f 1400/1400 1492/1492 1493/1493
f 1401/1401 1494/1494 1402/1402
f 1401/1401 1493/1493 1494/1494
f 1402/1402 1495/1495 1403/1403
f 1402/1402 1494/1494 1495/1495
f 1403/1403 1496/1496 1404/1404
f 1403/1403 1495/1495 1496/1496
f 1404/1404 1497/1497 1405/1405
f 1404/1404 1496/1496 1497/1497
f 1405/1405 1498/1498 1406/1406
f 1405/1405 1497/1497 1498/1498
f 1406/1406 1499/1499 1407/1407
f 1406/1406 1498/1498 1499/1499
f 1407/1407 1500/1500 1408/1408
f 1407/1407 1499/1499 1500/1500
f 1408/1408 1501/1501 1409/1409
f 1408/1408 1500/1500 1501/1501
f 1409/1409 1502/1502 1410/1410
f 1409/1409 1501/1501 1502/1502
f 1410/1410 1503/1503 1411/1411
f 1410/1410 1502/1502 1503/1503
f 1411/1411 1504/1504 1412/1412
f 1411/1411 1503/1503 1504/1504
f 1412/1412 1505/1505 1413/1413
f 1412/1412 1504/1504 1505/1505
f 1413/1413 1506/1506 1414/1414
f 1413/1413 1505/1505 1506/1506
f 1414/1414 1507/1507 1415/1415
f 1414/1414 1506/1506 1507/1507
f 1415/1415 1508/1508 1416/1416
f 1415/1415 1507/1507 1508/1508
f 1416/1416 1509/1509 1417/1417
f 1416/1416 1508/1508 1509/1509
f 1417/1417 1510/1510 1418/1418
f 1417/1417 1509/1509 1510/1510
f 1418/1418 1511/1511 1419/1419
f 1418/1418 1510/1510 1511/1511
f 1419/1419 1512/1512 1420/1420
f 1419/1419 1511/1511 1512/1512
f 1420/1420 1513/1513 1421/1421
f 1420/1420 1512/1512 1513/1513
f 1421/1421 1514/1514 1422/1422
f 1421/1421 1513/1513 1514/1514
f 1422/1422 1515/1515 1423/1423
f 1422/1422 1514/1514 1515/1515
f 1423/1423 1516/1516 1424/1424
f 1423/1423 1515/1515 1516/1516
f 1424/1424 1517/1517 1425/1425
f 1424/1424 1516/1516 1517/1517
f 1425/1425 1518/1518 1426/1426
f 1425/1425 1517/1517 1518/1518
f 1428/1428 1519/1519 1427/1427
f 1428/1428 1520/1520 1519/1519
f 1427/1427 1521/1521 1429/1429
f 1427/1427 1519/1519 1521/1521
f 1429/1429 1522/1522 1430/1430
f 1429/1429 1521/1521 1522/1522
f 1430/1430 1523/1523 1431/1431
f 1430/1430 1522/1522 1523/1523
f 1431/1431 1524/1524 1432/1432
f 1431/1431 1523/1523 1524/1524
f 1432/1432 1525/1525 1433/1433
f 1432/1432 1524/1524 1525/1525
f 1433/1433 1526/1526 1434/1434
f 1433/1433 1525/1525 1526/1526
f 1434/1434 1527/1527 1435/1435
f 1434/1434 1526/1526 1527/1527
f 1435/1435 1528/1528 1436/1436
f 1435/1435 1527/1527 1528/1528
f 1436/1436 1529/1529 1437/1437
f 1436/1436 1528/1528 1529/1529
f 1437/1437 1530/1530 1438/1438
f 1437/1437 1529/1529 1530/1530
f 1438/1438 1531/1531 1439/1439
f 1438/1438 1530/1530 1531/1531
f 1439/1439 1532/1532 1440/1440
f 1439/1439 1531/1531 1532/1532
f 1440/1440 1533/1533 1441/1441
f 1440/1440 1532/1532 1533/1533
f 1441/1441 1534/1534 1442/1442
f 1441/1441 1533/1533 1534/1534
f 1442/1442 1535/1535 1443/1443
f 1442/1442 1534/1534 1535/1535
f 1443/1443 1536/1536 1444/1444
f 1443/1443 1535/1535 1536/1536
f 1444/1444 1537/1537 1445/1445
f 1444/1444 1536/1536 1537/1537
f 1445/1445 1538/1538 1446/1446
f 1445/1445 1537/1537 1538/1538
f 1446/1446 1539/1539 1447/1447
f 1446/1446 1538/1538 1539/1539
f 1447/1447 1540/1540 1448/1448
f 1447/1447 1539/1539 1540/1540
f 1448/1448 1541/1541 1449/1449
f 1448/1448 1540/1540 1541/1541
f 1449/1449 1542/1542 1450/1450
f 1449/1449 1541/1541 1542/1542
f 1450/1450 1543/1543 1451/1451
f 1450/1450 1542/1542 1543/1543
f 1451/1451 1544/1544 1452/1452
f 1451/1451 1543/1543 1544/1544
f 1452/1452 1545/1545 1453/1453
f 1452/1452 1544/1544 1545/1545
f 1453/1453 1546/1546 1454/1454
f 1453/1453 1545/1545 1546/1546
f 1454/1454 1547/1547 1455/1455
f 1454/1454 1546/1546 1547/1547
f 1455/1455 1548/1548 1456/1456
f 1455/1455 1547/1547 1548/1548
f 1456/1456 1549/1549 1457/1457
f 1456/1456 1548/1548 1549/1549
f 1457/1457 1550/1550 1458/1458
f 1457/1457 1549/1549 1550/1550
f 1458/1458 1551/1551 1459/1459
f 1458/1458 1550/1550 1551/1551
f 1459/1459 1552/1552 1460/1460
f 1459/1459 1551/1551 1552/1552
f 1460/1460 1553/1553 1461/1461
f 1460/1460 1552/1552 1553/1553
f 1461/1461 1554/1554 1462/1462
f 1461/1461 1553/1553 1554/1554
f 1462/1462 1555/1555 1463/1463
f 1462/1462 1554/1554 1555/1555
f 1463/1463 1556/1556 1464/1464
f 1463/1463 1555/1555 1556/1556
f 1464/1464 1557/1557 1465/1465
f 1464/1464 1556/1556 1557/1557
f 1465/1465 1558/1558 1466/1466
f 1465/1465 1557/1557 1558/1558
f 1466/1466 1559/1559 1467/1467
f 1466/1466 1558/1558 1559/1559
f 1467/1467 1560/1560 1468/1468
f 1467/1467 1559/1559 1560/1560
f 1468/1468 1561/1561 1469/1469
f 1468/1468 1560/1560 1561/1561
f 1469/1469 1562/1562 1470/1470
f 1469/1469 1561/1561 1562/1562
f 1470/1470 1563/1563 1471/1471
f 1470/1470 1562/1562 1563/1563
f 1471/1471 1564/1564 1472/1472
f 1471/1471 1563/1563 1564/1564
f 1472/1472 1565/1565 1473/1473
f 1472/1472 1564/1564 1565/1565
f 1473/1473 1566/1566 1474/1474
f 1473/1473 1565/1565 1566/1566
f 1474/1474 1567/1567 1475/1475
f 1474/1474 1566/1566 1567/1567
f 1475/1475 1568/1568 1476/1476
f 1475/1475 1567/1567 1568/1568
f 1476/1476 1569/1569 1477/1477
f 1476/1476 1568/1568 1569/1569
f 1477/1477 1570/1570 1478/1478
f 1477/1477 1569/1569 1570/1570
f 1478/1478 1571/1571 1479/1479
f 1478/1478 1570/1570 1571/1571
f 1479/1479 1572/1572 1480/1480
f 1479/1479 1571/1571 1572/1572
f 1480/1480 1573/1573 1481/1481
f 1480/1480 1572/1572 1573/1573
f 1481/1481 1574/1574 1482/1482
f 1481/1481 1573/1573 1574/1574
f 1482/1482 1575/1575 1483/1483
f 1482/1482 1574/1574 1575/1575
f 1483/1483 1576/1576 1484/1484
f 1483/1483 1575/1575 1576/1576
f 1484/1484 1577/1577 1485/1485
f 1484/1484 1576/1576 1577/1577
f 1485/1485 1578/1578 1486/1486
f 1485/1485 1577/1577 1578/1578
f 1486/1486 1579/1579 1487/1487
f 1486/1486 1578/1578 1579/1579
f 1487/1487 1580/1580 1488/1488
f 1487/1487 1579/1579 1580/1580
f 1488/1488 1581/1581 1489/1489
f 1488/1488 1580/1580 1581/1581
f 1489/1489 1582/1582 1490/1490
f 1489/1489 1581/1581 1582/1582
f 1490/1490 1583/1583 1491/1491
f 1490/1490 1582/1582 1583/1583
f 1491/1491 1584/1584 1492/1492
f 1491/1491 1583/1583 1584/1584
f 1492/1492 1585/1585 1493/1493
f 1492/1492 1584/1584 1585/1585
f 1493/1493 1586/1586 1494/1494
f 1493/1493 1585/1585 1586/1586
f 1494/1494 1587/1587 1495/1495
f 1494/1494 1586/1586 1587/1587
f 1495/1495 1588/1588 1496/1496
f 1495/1495 1587/1587 1588/1588
f 1496/1496 1589/1589 1497/1497
f 1496/1496 1588/1588 1589/1589
f 1497/1497 1590/1590 1498/1498
f 1497/1497 1589/1589 1590/1590
f 1498/1498 1591/1591 1499/1499
f 1498/1498 1590/1590 1591/1591
f 1499/1499 1592/1592 1500/1500
f 1499/1499 1591/1591 1592/1592
f 1500/1500 1593/1593 1501/1501
f 1500/1500 1592/1592 1593/1593
f 1501/1501 1594/1594 1502/1502
f 1501/1501 1593/1593 1594/1594
f 1502/1502 1595/1595 1503/1503
f 1502/1502 1594/1594 1595/1595
f 1503/1503 1596/1596 1504/1504
f 1503/1503 1595/1595 1596/1596
f 1504/1504 1597/1597 1505/1505
f 1504/1504 1596/1596 1597/1597
f 1505/1505 1598/1598 1506/1506
f 1505/1505 1597/1597 1598/1598
f 1506/1506 1599/1599 1507/1507
f 1506/1506 1598/1598 1599/1599
f 1507/1507 1600/1600 1508/1508
f 1507/1507 1599/1599 1600/1600
f 1508/1508 1601/1601 1509/1509
f 1508/1508 1600/1600 1601/1601
f 1509/1509 1602/1602 1510/1510
f 1509/1509 1601/1601 1602/1602
f 1510/1510 1603/1603 1511/1511
f 1510/1510 1602/1602 1603/1603
f 1511/1511 1604/1604 1512/1512
f 1511/1511 1603/1603 1604/1604
f 1512/1512 1605/1605 1513/1513
f 1512/1512 1604/1604 1605/1605
f 1513/1513 1606/1606 1514/1514
f 1513/1513 1605/1605 1606/1606
f 1514/1514 1607/1607 1515/1515
f 1514/1514 1606/1606 1607/1607
f 1515/1515 1608/1608 1516/1516
f 1515/1515 1607/1607 1608/1608
f 1516/1516 1609/1609 1517/1517
f 1516/1516 1608/1608 1609/1609
f 1517/1517 1610/1610 1518/1518
f 1517/1517 1609/1609 1610/1610
f 1520/1520 1611/1611 1519/1519
f 1520/1520 1612/1612 1611/1611
f 1519/1519 1613/1613 1521/1521
f 1519/1519 1611/1611 1613/1613
f 1521/1521 1614/1614 1522/1522
f 1521/1521 1613/1613 1614/1614
f 1522/1522 1615/1615 1523/1523
f 1522/1522 1614/1614 1615/1615
f 1523/1523 1616/1616 1524/1524
f 1523/1523 1615/1615 1616/1616
f 1524/1524 1617/1617 1525/1525
f 1524/1524 1616/1616 1617/1617
f 1525/1525 1618/1618 1526/1526
f 1525/1525 1617/1617 1618/1618
f 1526/1526 1619/1619 1527/1527
f 1526/1526 1618/1618 1619/1619
f 1527/1527 1620/1620 1528/1528
f 1527/1527 1619/1619 1620/1620
f 1528/1528 1621/1621 1529/1529
f 1528/1528 1620/1620 1621/1621
f 1529/1529 1622/1622 1530/1530
f 1529/1529 1621/1621 1622/1622
f 1530/1530 1623/1623 1531/1531
f 1530/1530 1622/1622 1623/1623
f 1531/1531 1624/1624 1532/1532
f 1531/1531 1623/1623 1624/1624
f 1532/1532 1625/1625 1533/1533
f 1532/1532 1624/1624 1625/1625
f 1533/1533 1626/1626 1534/1534
f 1533/1533 1625/1625 1626/1626
f 1534/1534 1627/1627 1535/1535
f 1534/1534 1626/1626 1627/1627
f 1535/1535 1628/1628 1536/1536
f 1535/1535 1627/1627 1628/1628
f 1536/1536 1629/1629 1537/1537
f 1536/1536 1628/1628 1629/1629
f 1537/1537 1630/1630 1538/1538
f 1537/1537 1629/1629 1630/1630
f 1538/1538 1631/1631 1539/1539
f 1538/1538 1630/1630 1631/1631
f 1539/1539 1632/1632 1540/1540
f 1539/1539 1631/1631 1632/1632
f 1540/1540 1633/1633 1541/1541
f 1540/1540 1632/1632 1633/1633
f 1541/1541 1634/1634 1542/1542
f 1541/1541 1633/1633 1634/1634
f 1542/1542 1635/1635 1543/1543
f 1542/1542 1634/1634 1635/1635
f 1543/1543 1636/1636 1544/1544
f 1543/1543 1635/1635 1636/1636
f 1544/1544 1637/1637 1545/1545
f 1544/1544 1636/1636 1637/1637
f 1545/1545 1638/1638 1546/1546
f 1545/1545 1637/1637 1638/1638
f 1546/1546 1639/1639 1547/1547
f 1546/1546 1638/1638 1639/1639
f 1547/1547 1640/1640 1548/1548
f 1547/1547 1639/1639 1640/1640
f 1548/1548 1641/1641 1549/1549
f 1548/1548 1640/1640 1641/1641
f 1549/1549 1642/1642 1550/1550
f 1549/1549 1641/1641 1642/1642
f 1550/1550 1643/1643 1551/1551
f 1550/1550 1642/1642 1643/1643
f 1551/1551 1644/1644 1552/1552
f 1551/1551 1643/1643 1644/1644
f 1552/1552 1645/1645 1553/1553
f 1552/1552 1644/1644 1645/1645
f 1553/1553 1646/1646 1554/1554
f 1553/1553 1645/1645 1646/1646
f 1554/1554 1647/1647 1555/1555
f 1554/1554 1646/1646 1647/1647
f 1555/1555 1648/1648 1556/1556
f 1555/1555 1647/1647 1648/1648
f 1556/1556 1649/1649 1557/1557
f 1556/1556 1648/1648 1649/1649
f 1557/1557 1650/1650 1558/1558
f 1557/1557 1649/1649 1650/1650
f 1558/1558 1651/1651 1559/1559
f 1558/1558 1650/1650 1651/1651
f 1559/1559 1652/1652 1560/1560
f 1559/1559 1651/1651 1652/1652
f 1560/1560 1653/1653 1561/1561
f 1560/1560 1652/1652 1653/1653
f 1561/1561 1654/1654 1562/1562
f 1561/1561 1653/1653 1654/1654
f 1562/1562 1655/1655 1563/1563
f 1562/1562 1654/1654 1655/1655
f 1563/1563 1656/1656 1564/1564
f 1563/1563 1655/1655 1656/1656
f 1564/1564 1657/1657 1565/1565
f 1564/1564 1656/1656 1657/1657
f 1565/1565 1658/1658 1566/1566
f 1565/1565 1657/1657 1658/1658
f 1566/1566 1659/1659 1567/1567
f 1566/1566 1658/1658 1659/1659
f 1567/1567 1660/1660 1568/1568
f 1567/1567 1659/1659 1660/1660
f 1568/1568 1661/1661 1569/1569
f 1568/1568 1660/1660 1661/1661
f 1569/1569 1662/1662 1570/1570
f 1569/1569 1661/1661 1662/1662
f 1570/1570 1663/1663 1571/1571
f 1570/1570 1662/1662 1663/1663
f 1571/1571 1664/1664 1572/1572
f 1571/1571 1663/1663 1664/1664
f 1572/1572 1665/1665 1573/1573
f 1572/1572 1664/1664 1665/1665
f 1573/1573 1666/1666 1574/1574
f 1573/1573 1665/1665 1666/1666
f 1574/1574 1667/1667 1575/1575
f 1574/1574 1666/1666 1667/1667
f 1575/1575 1668/1668 1576/1576
f 1575/1575 1667/1667 1668/1668
f 1576/1576 1669/1669 1577/1577
f 1576/1576 1668/1668 1669/1669
f 1577/1577 1670/1670 1578/1578
f 1577/1577 1669/1669 1670/1670
f 1578/1578 1671/1671 1579/1579
f 1578/1578 1670/1670 1671/1671
f 1579/1579 1672/1672 1580/1580
f 1579/1579 1671/1671 1672/1672
f 1580/1580 1673/1673 1581/1581
f 1580/1580 1672/1672 1673/1673
f 1581/1581 1674/1674 1582/1582
f 1581/1581 1673/1673 1674/1674
f 1582/1582 1675/1675 1583/1583
f 1582/1582 1674/1674 1675/1675
f 1583/1583 1676/1676 1584/1584
f 1583/1583 1675/1675 1676/1676
f 1584/1584 1677/1677 1585/1585
f 1584/1584 1676/1676 1677/1677
f 1585/1585 1678/1678 1586/1586
f 1585/1585 1677/1677 1678/1678
f 1586/1586 1679/1679 1587/1587
f 1586/1586 1678/1678 1679/1679
f 1587/1587 1680/1680 1588/1588
f 1587/1587 1679/1679 1680/1680
f 1588/1588 1681/1681 1589/1589
f 1588/1588 1680/1680 1681/1681
f 1589/1589 1682/1682 1590/1590
f 1589/1589 1681/1681 1682/1682
f 1590/1590 1683/1683 1591/1591
f 1590/1590 1682/1682 1683/1683
f 1591/1591 1684/1684 1592/1592
f 1591/1591 1683/1683 1684/1684
f 1592/1592 1685/1685 1593/1593
f 1592/1592 1684/1684 1685/1685
f 1593/1593 1686/1686 1594/1594
f 1593/1593 1685/1685 1686/1686
f 1594/1594 1687/1687 1595/1595
f 1594/1594 1686/1686 1687/1687
f 1595/1595 1688/1688 1596/1596
f 1595/1595 1687/1687 1688/1688
f 1596/1596 1689/1689 1597/1597
f 1596/1596 1688/1688 1689/1689
f 1597/1597 1690/1690 1598/1598
f 1597/1597 1689/1689 1690/1690
f 1598/1598 1691/1691 1599/1599
f 1598/1598 1690/1690 1691/1691
f 1599/1599 1692/1692 1600/1600
f 1599/1599 1691/1691 1692/1692
f 1600/1600 1693/1693 1601/1601
f 1600/1600 1692/1692 1693/1693
f 1601/1601 1694/1694 1602/1602
f 1601/1601 1693/1693 1694/1694
f 1602/1602 1695/1695 1603/1603
f 1602/1602 1694/1694 1695/1695
f 1603/1603 1696/1696 1604/1604
f 1603/1603 1695/1695 1696/1696
f 1604/1604 1697/1697 1605/1605
f 1604/1604 1696/1696 1697/1697
f 1605/1605 1698/1698 1606/1606
f 1605/1605 1697/1697 1698/1698
f 1606/1606 1699/1699 1607/1607
f 1606/1606 1698/1698 1699/1699
f 1607/1607 1700/1700 1608/1608
f 1607/1607 1699/1699 1700/1700
f 1608/1608 1701/1701 1609/1609
f 1608/1608 1700/1700 1701/1701
f 1609/1609 1702/1702 1610/1610
f 1609/1609 1701/1701 1702/1702
f 1610/1610 1704/1704 1703/1703
f 1610/1610 1702/1702 1704/1704
f 1612/1612 1705/1705 1611/1611
f 1612/1612 1706/1706 1705/1705
f 1611/1611 1707/1707 1613/1613
f 1611/1611 1705/1705 1707/1707
f 1613/1613 1708/1708 1614/1614
f 1613/1613 1707/1707 1708/1708
f 1614/1614 1709/1709 1615/1615
f 1614/1614 1708/1708 1709/1709
f 1615/1615 1710/1710 1616/1616
f 1615/1615 1709/1709 1710/1710
f 1616/1616 1711/1711 1617/1617
f 1616/1616 1710/1710 1711/1711
f 1617/1617 1712/1712 1618/1618
f 1617/1617 1711/1711 1712/1712
f 1618/1618 1713/1713 1619/1619
f 1618/1618 1712/1712 1713/1713
f 1619/1619 1714/1714 1620/1620
f 1619/1619 1713/1713 1714/1714
f 1620/1620 1715/1715 1621/1621
f 1620/1620 1714/1714 1715/1715
f 1621/1621 1716/1716 1622/1622
f 1621/1621 1715/1715 1716/1716
f 1622/1622 1717/1717 1623/1623
f 1622/1622 1716/1716 1717/1717
f 1623/1623 1718/1718 1624/1624
f 1623/1623 1717/1717 1718/1718
f 1624/1624 1719/1719 1625/1625
f 1624/1624 1718/1718 1719/1719
f 1625/1625 1720/1720 1626/1626
f 1625/1625 1719/1719 1720/1720
f 1626/1626 1721/1721 1627/1627
f 1626/1626 1720/1720 1721/1721
f 1627/1627 1722/1722 1628/1628
f 1627/1627 1721/1721 1722/1722
f 1628/1628 1723/1723 1629/1629
f 1628/1628 1722/1722 1723/1723
f 1629/1629 1724/1724 1630/1630
f 1629/1629 1723/1723 1724/1724
f 1630/1630 1725/1725 1631/1631
f 1630/1630 1724/1724 1725/1725
f 1631/1631 1726/1726 1632/1632
f 1631/1631 1725/1725 1726/1726
f 1632/1632 1727/1727 1633/1633
f 1632/1632 1726/1726 1727/1727
f 1633/1633 1728/1728 1634/1634
f 1633/1633 1727/1727 1728/1728
f 1634/1634 1729/1729 1635/1635
f 1634/1634 1728/1728 1729/1729
f 1635/1635 1730/1730 1636/1636
f 1635/1635 1729/1729 1730/1730
f 1636/1636 1731/1731 1637/1637
f 1636/1636 1730/1730 1731/1731
f 1637/1637 1732/1732 1638/1638
f 1637/1637 1731/1731 1732/1732
f 1638/1638 1733/1733 1639/1639
f 1638/1638 1732/1732 1733/1733
f 1639/1639 1734/1734 1640/1640
f 1639/1639 1733/1733 1734/1734
f 1640/1640 1735/1735 1641/1641
f 1640/1640 1734/1734 1735/1735
f 1641/1641 1736/1736 1642/1642
f 1641/1641 1735/1735 1736/1736
f 1642/1642 1737/1737 1643/1643
f 1642/1642 1736/1736 1737/1737
f 1643/1643 1738/1738 1644/1644
f 1643/1643 1737/1737 1738/1738
f 1644/1644 1739/1739 1645/1645
f 1644/1644 1738/1738 1739/1739
f 1645/1645 1740/1740 1646/1646
f 1645/1645 1739/1739 1740/1740
f 1646/1646 1741/1741 1647/1647
f 1646/1646 1740/1740 1741/1741
f 1647/1647 1742/1742 1648/1648
f 1647/1647 1741/1741 1742/1742
f 1648/1648 1743/1743 1649/1649
f 1648/1648 1742/1742 1743/1743
f 1649/1649 1744/1744 1650/1650
f 1649/1649 1743/1743 1744/1744
f 1650/1650 1745/1745 1651/1651
f 1650/1650 1744/1744 1745/1745
f 1651/1651 1746/1746 1652/1652
f 1651/1651 1745/1745 1746/1746
f 1652/1652 1747/1747 1653/1653
f 1652/1652 1746/1746 1747/1747
f 1653/1653 1748/1748 1654/1654
f 1653/1653 1747/1747 1748/1748
f 1654/1654 1749/1749 1655/1655
f 1654/1654 1748/1748 1749/1749
f 1655/1655 1750/1750 1656/1656
f 1655/1655 1749/1749 1750/1750
f 1656/1656 1751/1751 1657/1657
f 1656/1656 1750/1750 1751/1751
f 1657/1657 1752/1752 1658/1658
f 1657/1657 1751/1751 1752/1752
f 1658/1658 1753/1753 1659/1659
f 1658/1658 1752/1752 1753/1753
f 1659/1659 1754/1754 1660/1660
f 1659/1659 1753/1753 1754/1754
f 1660/1660 1755/1755 1661/1661
f 1660/1660 1754/1754 1755/1755
f 1661/1661 1756/1756 1662/1662
f 1661/1661 1755/1755 1756/1756
f 1662/1662 1757/1757 1663/1663
f 1662/1662 1756/1756 1757/1757
f 1663/1663 1758/1758 1664/1664
f 1663/1663 1757/1757 1758/1758
f 1664/1664 1759/1759 1665/1665
f 1664/1664 1758/1758 1759/1759
f 1665/1665 1760/1760 1666/1666
f 1665/1665 1759/1759 1760/1760
f 1666/1666 1761/1761 1667/1667
f 1666/1666 1760/1760 1761/1761
f 1667/1667 1762/1762 1668/1668
f 1667/1667 1761/1761 1762/1762
f 1668/1668 1763/1763 1669/1669
f 1668/1668 1762/1762 1763/1763
f 1669/1669 1764/1764 1670/1670
f 1669/1669 1763/1763 1764/1764
f 1670/1670 1765/1765 1671/1671
f 1670/1670 1764/1764 1765/1765
f 1671/1671 1766/1766 1672/1672
f 1671/1671 1765/1765 1766/1766
f 1672/1672 1767/1767 1673/1673
f 1672/1672 1766/1766 1767/1767
f 1673/1673 1768/1768 1674/1674
f 1673/1673 1767/1767 1768/1768
f 1674/1674 1769/1769 1675/1675
f 1674/1674 1768/1768 1769/1769
f 1675/1675 1770/1770 1676/1676
f 1675/1675 1769/1769 1770/1770
f 1676/1676 1771/1771 1677/1677
f 1676/1676 1770/1770 1771/1771
f 1677/1677 1772/1772 1678/1678
f 1677/1677 1771/1771 1772/1772
f 1678/1678 1773/1773 1679/1679
f 1678/1678 1772/1772 1773/1773
f 1679/1679 1774/1774 1680/1680
f 1679/1679 1773/1773 1774/1774
f 1680/1680 1775/1775 1681/1681
f 1680/1680 1774/1774 1775/1775
f 1681/1681 1776/1776 1682/1682
f 1681/1681 1775/1775 1776/1776
f 1682/1682 1777/1777 1683/1683
f 1682/1682 1776/1776 1777/1777
f 1683/1683 1778/1778 1684/1684
f 1683/1683 1777/1777 1778/1778
f 1684/1684 1779/1779 1685/1685
f 1684/1684 1778/1778 1779/1779
f 1685/1685 1780/1780 1686/1686
f 1685/1685 1779/1779 1780/1780
f 1686/1686 1781/1781 1687/1687
f 1686/1686 1780/1780 1781/1781
f 1687/1687 1782/1782 1688/1688
f 1687/1687 1781/1781 1782/1782
f 1688/1688 1783/1783 1689/1689
f 1688/1688 1782/1782 1783/1783
f 1689/1689 1784/1784 1690/1690
f 1689/1689 1783/1783 1784/1784
f 1690/1690 1785/1785 1691/1691
f 1690/1690 1784/1784 1785/1785
f 1691/1691 1786/1786 1692/1692
f 1691/1691 1785/1785 1786/1786
f 1692/1692 1787/1787 1693/1693
f 1692/1692 1786/1786 1787/1787
f 1693/1693 1788/1788 1694/1694
f 1693/1693 1787/1787 1788/1788
f 1694/1694 1789/1789 1695/1695
f 1694/1694 1788/1788 1789/1789
f 1695/1695 1790/1790 1696/1696
f 1695/1695 1789/1789 1790/1790
f 1696/1696 1791/1791 1697/1697
f 1696/1696 1790/1790 1791/1791
f 1697/1697 1792/1792 1698/1698
f 1697/1697 1791/1791 1792/1792
f 1698/1698 1793/1793 1699/1699
f 1698/1698 1792/1792 1793/1793
f 1699/1699 1794/1794 1700/1700
f 1699/1699 1793/1793 1794/1794
f 1700/1700 1795/1795 1701/1701
f 1700/1700 1794/1794 1795/1795
f 1701/1701 1796/1796 1702/1702
f 1701/1701 1795/1795 1796/1796
f 1702/1702 1797/1797 1704/1704
f 1702/1702 1796/1796 1797/1797
f 1705/1705 1798/1798 1707/1707
f 1705/1705 1799/1799 1798/1798
f 1707/1707 1800/1800 1708/1708
f 1707/1707 1798/1798 1800/1800
f 1708/1708 1801/1801 1709/1709
f 1708/1708 1800/1800 1801/1801
f 1709/1709 1802/1802 1710/1710
f 1709/1709 1801/1801 1802/1802
f 1710/1710 1803/1803 1711/1711
f 1710/1710 1802/1802 1803/1803
f 1711/1711 1804/1804 1712/1712
f 1711/1711 1803/1803 1804/1804
f 1712/1712 1805/1805 1713/1713
f 1712/1712 1804/1804 1805/1805
f 1713/1713 1806/1806 1714/1714
f 1713/1713 1805/1805 1806/1806
f 1714/1714 1807/1807 1715/1715
f 1714/1714 1806/1806 1807/1807
f 1715/1715 1808/1808 1716/1716
f 1715/1715 1807/1807 1808/1808
f 1716/1716 1809/1809 1717/1717
f 1716/1716 1808/1808 1809/1809
f 1717/1717 1810/1810 1718/1718
f 1717/1717 1809/1809 1810/1810
f 1718/1718 1811/1811 1719/1719
f 1718/1718 1810/1810 1811/1811
f 1719/1719 1812/1812 1720/1720
f 1719/1719 1811/1811 1812/1812
f 1720/1720 1813/1813 1721/1721
f 1720/1720 1812/1812 1813/1813
f 1721/1721 1814/1814 1722/1722
f 1721/1721 1813/1813 1814/1814
f 1722/1722 1815/1815 1723/1723
f 1722/1722 1814/1814 1815/1815
f 1723/1723 1816/1816 1724/1724
f 1723/1723 1815/1815 1816/1816
f 1724/1724 1817/1817 1725/1725
f 1724/1724 1816/1816 1817/1817
f 1725/1725 1818/1818 1726/1726
f 1725/1725 1817/1817 1818/1818
f 1726/1726 1819/1819 1727/1727
f 1726/1726 1818/1818 1819/1819
f 1727/1727 1820/1820 1728/1728
f 1727/1727 1819/1819 1820/1820
f 1728/1728 1821/1821 1729/1729
f 1728/1728 1820/1820 1821/1821
f 1729/1729 1822/1822 1730/1730
f 1729/1729 1821/1821 1822/1822
f 1730/1730 1823/1823 1731/1731
f 1730/1730 1822/1822 1823/1823
f 1731/1731 1824/1824 1732/1732
f 1731/1731 1823/1823 1824/1824
f 1732/1732 1825/1825 1733/1733
f 1732/1732 1824/1824 1825/1825
f 1733/1733 1826/1826 1734/1734
f 1733/1733 1825/1825 1826/1826
f 1734/1734 1827/1827 1735/1735
f 1734/1734 1826/1826 1827/1827
f 1735/1735 1828/1828 1736/1736
f 1735/1735 1827/1827 1828/1828
f 1736/1736 1829/1829 1737/1737
f 1736/1736 1828/1828 1829/1829
f 1737/1737 1830/1830 1738/1738
f 1737/1737 1829/1829 1830/1830
f 1738/1738 1831/1831 1739/1739
f 1738/1738 1830/1830 1831/1831
f 1739/1739 1832/1832 1740/1740
f 1739/1739 1831/1831 1832/1832
f 1740/1740 1833/1833 1741/1741
f 1740/1740 1832/1832 1833/1833
f 1741/1741 1834/1834 1742/1742
f 1741/1741 1833/1833 1834/1834
f 1742/1742 1835/1835 1743/1743
f 1742/1742 1834/1834 1835/1835
f 1743/1743 1836/1836 1744/1744
f 1743/1743 1835/1835 1836/1836
f 1744/1744 1837/1837 1745/1745
f 1744/1744 1836/1836 1837/1837
f 1745/1745 1838/1838 1746/1746
f 1745/1745 1837/1837 1838/1838
f 1746/1746 1839/1839 1747/1747
f 1746/1746 1838/1838 1839/1839
f 1747/1747 1840/1840 1748/1748
f 1747/1747 1839/1839 1840/1840
f 1748/1748 1841/1841 1749/1749
f 1748/1748 1840/1840 1841/1841
f 1749/1749 1842/1842 1750/1750
f 1749/1749 1841/1841 1842/1842
f 1750/1750 1843/1843 1751/1751
f 1750/1750 1842/1842 1843/1843
f 1751/1751 1844/1844 1752/1752
f 1751/1751 1843/1843 1844/1844
f 1752/1752 1845/1845 1753/1753
f 1752/1752 1844/1844 1845/1845
f 1753/1753 1846/1846 1754/1754
f 1753/1753 1845/1845 1846/1846
f 1754/1754 1847/1847 1755/1755
f 1754/1754 1846/1846 1847/1847
f 1755/1755 1848/1848 1756/1756
f 1755/1755 1847/1847 1848/1848
f 1756/1756 1849/1849 1757/1757
f 1756/1756 1848/1848 1849/1849
f 1757/1757 1850/1850 1758/1758
f 1757/1757 1849/1849 1850/1850
f 1758/1758 1851/1851 1759/1759
f 1758/1758 1850/1850 1851/1851
f 1759/1759 1852/1852 1760/1760
f 1759/1759 1851/1851 1852/1852
f 1760/1760 1853/1853 1761/1761
f 1760/1760 1852/1852 1853/1853
f 1761/1761 1854/1854 1762/1762
f 1761/1761 1853/1853 1854/1854
f 1762/1762 1855/1855 1763/1763
f 1762/1762 1854/1854 1855/1855
f 1763/1763 1856/1856 1764/1764
f 1763/1763 1855/1855 1856/1856
f 1764/1764 1857/1857 1765/1765
f 1764/1764 1856/1856 1857/1857
f 1765/1765 1858/1858 1766/1766
f 1765/1765 1857/1857 1858/1858
f 1766/1766 1859/1859 1767/1767
f 1766/1766 1858/1858 1859/1859
f 1767/1767 1860/1860 1768/1768
f 1767/1767 1859/1859 1860/1860
f 1768/1768 1861/1861 1769/1769
f 1768/1768 1860/1860 1861/1861
f 1769/1769 1862/1862 1770/1770
f 1769/1769 1861/1861 1862/1862
f 1770/1770 1863/1863 1771/1771
f 1770/1770 1862/1862 1863/1863
f 1771/1771 1864/1864 1772/1772
f 1771/1771 1863/1863 1864/1864
f 1772/1772 1865/1865 1773/1773
f 1772/1772 1864/1864 1865/1865
f 1773/1773 1866/1866 1774/1774
f 1773/1773 1865/1865 1866/1866
f 1774/1774 1867/1867 1775/1775
f 1774/1774 1866/1866 1867/1867
f 1775/1775 1868/1868 1776/1776
f 1775/1775 1867/1867 1868/1868
f 1776/1776 1869/1869 1777/1777
f 1776/1776 1868/1868 1869/1869
f 1777/1777 1870/1870 1778/1778
f 1777/1777 1869/1869 1870/1870
f 1778/1778 1871/1871 1779/1779
f 1778/1778 1870/1870 1871/1871
f 1779/1779 1872/1872 1780/1780
f 1779/1779 1871/1871 1872/1872
f 1780/1780 1873/1873 1781/1781
f 1780/1780 1872/1872 1873/1873
f 1781/1781 1874/1874 1782/1782
f 1781/1781 1873/1873 1874/1874
f 1782/1782 1875/1875 1783/1783
f 1782/1782 1874/1874 1875/1875
f 1783/1783 1876/1876 1784/1784
f 1783/1783 1875/1875 1876/1876
f 1784/1784 1877/1877 1785/1785
f 1784/1784 1876/1876 1877/1877
f 1785/1785 1878/1878 1786/1786
f 1785/1785 1877/1877 1878/1878
f 1786/1786 1879/1879 1787/1787
f 1786/1786 1878/1878 1879/1879
f 1787/1787 1880/1880 1788/1788
f 1787/1787 1879/1879 1880/1880
f 1788/1788 1881/1881 1789/1789
f 1788/1788 1880/1880 1881/1881
f 1789/1789 1882/1882 1790/1790
f 1789/1789 1881/1881 1882/1882
f 1790/1790 1883/1883 1791/1791
f 1790/1790 1882/1882 1883/1883
f 1791/1791 1884/1884 1792/1792
f 1791/1791 1883/1883 1884/1884
f 1792/1792 1885/1885 1793/1793
f 1792/1792 1884/1884 1885/1885
f 1793/1793 1886/1886 1794/1794
f 1793/1793 1885/1885 1886/1886
f 1794/1794 1887/1887 1795/1795
f 1794/1794 1886/1886 1887/1887
f 1795/1795 1888/1888 1796/1796
f 1795/1795 1887/1887 1888/1888
f 1796/1796 1889/1889 1797/1797
f 1796/1796 1888/1888 1889/1889
f 1799/1799 1890/1890 1798/1798
f 1799/1799 1891/1891 1890/1890
f 1798/1798 1892/1892 1800/1800
f 1798/1798 1890/1890 1892/1892
f 1800/1800 1893/1893 1801/1801
f 1800/1800 1892/1892 1893/1893
f 1801/1801 1894/1894 1802/1802
f 1801/1801 1893/1893 1894/1894
f 1802/1802 1895/1895 1803/1803
f 1802/1802 1894/1894 1895/1895
f 1803/1803 1896/1896 1804/1804
f 1803/1803 1895/1895 1896/1896
f 1804/1804 1897/1897 1805/1805
f 1804/1804 1896/1896 1897/1897
f 1805/1805 1898/1898 1806/1806
f 1805/1805 1897/1897 1898/1898
f 1806/1806 1899/1899 1807/1807
f 1806/1806 1898/1898 1899/1899
f 1807/1807 1900/1900 1808/1808
f 1807/1807 1899/1899 1900/1900
f 1808/1808 1901/1901 1809/1809
f 1808/1808 1900/1900 1901/1901
f 1809/1809 1902/1902 1810/1810
f 1809/1809 1901/1901 1902/1902
f 1810/1810 1903/1903 1811/1811
f 1810/1810 1902/1902 1903/1903
f 1811/1811 1904/1904 1812/1812
f 1811/1811 1903/1903 1904/1904
f 1812/1812 1905/1905 1813/1813
f 1812/1812 1904/1904 1905/1905
f 1813/1813 1906/1906 1814/1814
f 1813/1813 1905/1905 1906/1906
f 1814/1814 1907/1907 1815/1815
f 1814/1814 1906/1906 1907/1907
f 1815/1815 1908/1908 1816/1816
f 1815/1815 1907/1907 1908/1908
f 1816/1816 1909/1909 1817/1817
f 1816/1816 1908/1908 1909/1909
f 1817/1817 1910/1910 1818/1818
f 1817/1817 1909/1909 1910/1910
f 1818/1818 1911/1911 1819/1819
f 1818/1818 1910/1910 1911/1911
f 1819/1819 1912/1912 1820/1820
f 1819/1819 1911/1911 1912/1912
f 1820/1820 1913/1913 1821/1821
f 1820/1820 1912/1912 1913/1913
f 1821/1821 1914/1914 1822/1822
f 1821/1821 1913/1913 1914/1914
f 1822/1822 1915/1915 1823/1823
f 1822/1822 1914/1914 1915/1915
f 1823/1823 1916/1916 1824/1824
f 1823/1823 1915/1915 1916/1916
f 1824/1824 1917/1917 1825/1825
f 1824/1824 1916/1916 1917/1917
f 1825/1825 1918/1918 1826/1826
f 1825/1825 1917/1917 1918/1918
f 1826/1826 1919/1919 1827/1827
f 1826/1826 1918/1918 1919/1919
f 1827/1827 1920/1920 1828/1828
f 1827/1827 1919/1919 1920/1920
f 1828/1828 1921/1921 1829/1829
f 1828/1828 1920/1920 1921/1921
f 1829/1829 1922/1922 1830/1830
f 1829/1829 1921/1921 1922/1922
f 1830/1830 1923/1923 1831/1831
f 1830/1830 1922/1922 1923/1923
f 1831/1831 1924/1924 1832/1832
f 1831/1831 1923/1923 1924/1924
f 1832/1832 1925/1925 1833/1833
f 1832/1832 1924/1924 1925/1925
f 1833/1833 1926/1926 1834/1834
f 1833/1833 1925/1925 1926/1926
f 1834/1834 1927/1927 1835/1835
f 1834/1834 1926/1926 1927/1927
f 1835/1835 1928/1928 1836/1836
f 1835/1835 1927/1927 1928/1928
f 1836/1836 1929/1929 1837/1837
f 1836/1836 1928/1928 1929/1929
f 1837/1837 1930/1930 1838/1838
f 1837/1837 1929/1929 1930/1930
f 1838/1838 1931/1931 1839/1839
f 1838/1838 1930/1930 1931/1931
f 1839/1839 1932/1932 1840/1840
f 1839/1839 1931/1931 1932/1932
f 1840/1840 1933/1933 1841/1841
f 1840/1840 1932/1932 1933/1933
f 1841/1841 1934/1934 1842/1842
f 1841/1841 1933/1933 1934/1934
f 1842/1842 1935/1935 1843/1843
f 1842/1842 1934/1934 1935/1935
f 1843/1843 1936/1936 1844/1844
f 1843/1843 1935/1935 1936/1936
f 1844/1844 1937/1937 1845/1845
f 1844/1844 1936/1936 1937/1937
f 1845/1845 1938/1938 1846/1846
f 1845/1845 1937/1937 1938/1938
f 1846/1846 1939/1939 1847/1847
f 1846/1846 1938/1938 1939/1939
f 1847/1847 1940/1940 1848/1848
f 1847/1847 1939/1939 1940/1940
f 1848/1848 1941/1941 1849/1849
f 1848/1848 1940/1940 1941/1941
f 1849/1849 1942/1942 1850/1850
f 1849/1849 1941/1941 1942/1942
f 1850/1850 1943/1943 1851/1851
f 1850/1850 1942/1942 1943/1943
f 1851/1851 1944/1944 1852/1852
f 1851/1851 1943/1943 1944/1944
f 1852/1852 1945/1945 1853/1853
f 1852/1852 1944/1944 1945/1945
f 1853/1853 1946/1946 1854/1854
f 1853/1853 1945/1945 1946/1946
f 1854/1854 1947/1947 1855/1855
f 1854/1854 1946/1946 1947/1947
f 1855/1855 1948/1948 1856/1856
f 1855/1855 1947/1947 1948/1948
f 1856/1856 1949/1949 1857/1857
f 1856/1856 1948/1948 1949/1949
f 1857/1857 1950/1950 1858/1858
f 1857/1857 1949/1949 1950/1950
f 1858/1858 1951/1951 1859/1859
f 1858/1858 1950/1950 1951/1951
f 1859/1859 1952/1952 1860/1860
f 1859/1859 1951/1951 1952/1952
f 1860/1860 1953/1953 1861/1861
f 1860/1860 1952/1952 1953/1953
f 1861/1861 1954/1954 1862/1862
f 1861/1861 1953/1953 1954/1954
f 1862/1862 1955/1955 1863/1863
f 1862/1862 1954/1954 1955/1955
f 1863/1863 1956/1956 1864/1864
f 1863/1863 1955/1955 1956/1956
f 1864/1864 1957/1957 1865/1865
f 1864/1864 1956/1956 1957/1957
f 1865/1865 1958/1958 1866/1866
f 1865/1865 1957/1957 1958/1958
f 1866/1866 1959/1959 1867/1867
f 1866/1866 1958/1958 1959/1959
f 1867/1867 1960/1960 1868/1868
f 1867/1867 1959/1959 1960/1960
f 1868/1868 1961/1961 1869/1869
f 1868/1868 1960/1960 1961/1961
f 1869/1869 1962/1962 1870/1870
f 1869/1869 1961/1961 1962/1962
f 1870/1870 1963/1963 1871/1871
f 1870/1870 1962/1962 1963/1963
f 1871/1871 1964/1964 1872/1872
f 1871/1871 1963/1963 1964/1964
f 1872/1872 1965/1965 1873/1873
f 1872/1872 1964/1964 1965/1965
f 1873/1873 1966/1966 1874/1874
f 1873/1873 1965/1965 1966/1966
f 1874/1874 1967/1967 1875/1875
f 1874/1874 1966/1966 1967/1967
f 1875/1875 1968/1968 1876/1876
f 1875/1875 1967/1967 1968/1968
f 1876/1876 1969/1969 1877/1877
f 1876/1876 1968/1968 1969/1969
f 1877/1877 1970/1970 1878/1878
f 1877/1877 1969/1969 1970/1970
f 1878/1878 1971/1971 1879/1879
f 1878/1878 1970/1970 1971/1971
f 1879/1879 1972/1972 1880/1880
f 1879/1879 1971/1971 1972/1972
f 1880/1880 1973/1973 1881/1881
f 1880/1880 1972/1972 1973/1973
f 1881/1881 1974/1974 1882/1882
f 1881/1881 1973/1973 1974/1974
f 1882/1882 1975/1975 1883/1883
f 1882/1882 1974/1974 1975/1975
f 1883/1883 1976/1976 1884/1884
f 1883/1883 1975/1975 1976/1976
f 1884/1884 1977/1977 1885/1885
f 1884/1884 1976/1976 1977/1977
f 1885/1885 1978/1978 1886/1886
f 1885/1885 1977/1977 1978/1978
f 1886/1886 1979/1979 1887/1887
f 1886/1886 1978/1978 1979/1979
f 1887/1887 1980/1980 1888/1888
f 1887/1887 1979/1979 1980/1980
f 1888/1888 1981/1981 1889/1889
f 1888/1888 1980/1980 1981/1981
f 1890/1890 1982/1982 1892/1892
f 1890/1890 1983/1983 1982/1982
f 1892/1892 1984/1984 1893/1893
f 1892/1892 1982/1982 1984/1984
f 1893/1893 1985/1985 1894/1894
f 1893/1893 1984/1984 1985/1985
f 1894/1894 1986/1986 1895/1895
f 1894/1894 1985/1985 1986/1986
f 1895/1895 1987/1987 1896/1896
f 1895/1895 1986/1986 1987/1987
f 1896/1896 1988/1988 1897/1897
f 1896/1896 1987/1987 1988/1988
f 1897/1897 1989/1989 1898/1898
f 1897/1897 1988/1988 1989/1989
f 1898/1898 1990/1990 1899/1899
f 1898/1898 1989/1989 1990/1990
f 1899/1899 1991/1991 1900/1900
f 1899/1899 1990/1990 1991/1991
f 1900/1900 1992/1992 1901/1901
f 1900/1900 1991/1991 1992/1992
f 1901/1901 1993/1993 1902/1902
f 1901/1901 1992/1992 1993/1993
f 1902/1902 1994/1994 1903/1903
f 1902/1902 1993/1993 1994/1994
f 1903/1903 1995/1995 1904/1904
f 1903/1903 1994/1994 1995/1995
f 1904/1904 1996/1996 1905/1905
f 1904/1904 1995/1995 1996/1996
f 1905/1905 1997/1997 1906/1906
f 1905/1905 1996/1996 1997/1997
f 1906/1906 1998/1998 1907/1907
f 1906/1906 1997/1997 1998/1998
f 1907/1907 1999/1999 1908/1908
f 1907/1907 1998/1998 1999/1999
f 1908/1908 2000/2000 1909/1909
f 1908/1908 1999/1999 2000/2000
f 1909/1909 2001/2001 1910/1910
f 1909/1909 2000/2000 2001/2001
f 1910/1910 2002/2002 1911/1911
f 1910/1910 2001/2001 2002/2002
f 1911/1911 2003/2003 1912/1912
f 1911/1911 2002/2002 2003/2003
f 1912/1912 2004/2004 1913/1913
f 1912/1912 2003/2003 2004/2004
f 1913/1913 2005/2005 1914/1914
f 1913/1913 2004/2004 2005/2005
f 1914/1914 2006/2006 1915/1915
f 1914/1914 2005/2005 2006/2006
f 1915/1915 2007/2007 1916/1916
f 1915/1915 2006/2006 2007/2007
f 1916/1916 2008/2008 1917/1917
f 1916/1916 2007/2007 2008/2008
f 1917/1917 2009/2009 1918/1918
f 1917/1917 2008/2008 2009/2009
f 1918/1918 2010/2010 1919/1919
f 1918/1918 2009/2009 2010/2010
f 1919/1919 2011/2011 1920/1920
f 1919/1919 2010/2010 2011/2011
f 1920/1920 2012/2012 1921/1921
f 1920/1920 2011/2011 2012/2012
f 1921/1921 2013/2013 1922/1922
f 1921/1921 2012/2012 2013/2013
f 1922/1922 2014/2014 1923/1923
f 1922/1922 2013/2013 2014/2014
f 1923/1923 2015/2015 1924/1924
f 1923/1923 2014/2014 2015/2015
f 1924/1924 2016/2016 1925/1925
f 1924/1924 2015/2015 2016/2016
f 1925/1925 2017/2017 1926/1926
f 1925/1925 2016/2016 2017/2017
f 1926/1926 2018/2018 1927/1927
f 1926/1926 2017/2017 2018/2018
f 1927/1927 2019/2019 1928/1928
f 1927/1927 2018/2018 2019/2019
f 1928/1928 2020/2020 1929/1929
f 1928/1928 2019/2019 2020/2020
f 1929/1929 2021/2021 1930/1930
f 1929/1929 2020/2020 2021/2021
f 1930/1930 2022/2022 1931/1931
f 1930/1930 2021/2021 2022/2022
f 1931/1931 2023/2023 1932/1932
f 1931/1931 2022/2022 2023/2023
f 1932/1932 2024/2024 1933/1933
f 1932/1932 2023/2023 2024/2024
f 1933/1933 2025/2025 1934/1934
f 1933/1933 2024/2024 2025/2025
f 1934/1934 2026/2026 1935/1935
f 1934/1934 2025/2025 2026/2026
f 1935/1935 2027/2027 1936/1936
f 1935/1935 2026/2026 2027/2027
f 1936/1936 2028/2028 1937/1937
f 1936/1936 2027/2027 2028/2028
f 1937/1937 2029/2029 1938/1938
f 1937/1937 2028/2028 2029/2029
f 1938/1938 2030/2030 1939/1939
f 1938/1938 2029/2029 2030/2030
f 1939/1939 2031/2031 1940/1940
f 1939/1939 2030/2030 2031/2031
f 1940/1940 2032/2032 1941/1941
f 1940/1940 2031/2031 2032/2032
f 1941/1941 2033/2033 1942/1942
f 1941/1941 2032/2032 2033/2033
f 1942/1942 2034/2034 1943/1943
f 1942/1942 2033/2033 2034/2034
f 1943/1943 2035/2035 1944/1944
f 1943/1943 2034/2034 2035/2035
f 1944/1944 2036/2036 1945/1945
f 1944/1944 2035/2035 2036/2036
f 1945/1945 2037/2037 1946/1946
f 1945/1945 2036/2036 2037/2037
f 1946/1946 2038/2038 1947/1947
f 1946/1946 2037/2037 2038/2038
f 1947/1947 2039/2039 1948/1948
f 1947/1947 2038/2038 2039/2039
f 1948/1948 2040/2040 1949/1949
f 1948/1948 2039/2039 2040/2040
f 1949/1949 2041/2041 1950/1950
f 1949/1949 2040/2040 2041/2041
f 1950/1950 2042/2042 1951/1951
f 1950/1950 2041/2041 2042/2042
f 1951/1951 2043/2043 1952/1952
f 1951/1951 2042/2042 2043/2043
f 1952/1952 2044/2044 1953/1953
f 1952/1952 2043/2043 2044/2044
f 1953/1953 2045/2045 1954/1954
f 1953/1953 2044/2044 2045/2045
f 1954/1954 2046/2046 1955/1955
f 1954/1954 2045/2045 2046/2046
f 1955/1955 2047/2047 1956/1956
f 1955/1955 2046/2046 2047/2047
f 1956/1956 2048/2048 1957/1957
f 1956/1956 2047/2047 2048/2048
f 1957/1957 2049/2049 1958/1958
f 1957/1957 2048/2048 2049/2049
f 1958/1958 2050/2050 1959/1959
f 1958/1958 2049/2049 2050/2050
f 1959/1959 2051/2051 1960/1960
f 1959/1959 2050/2050 2051/2051
f 1960/1960 2052/2052 1961/1961
f 1960/1960 2051/2051 2052/2052
f 1961/1961 2053/2053 1962/1962
f 1961/1961 2052/2052 2053/2053
f 1962/1962 2054/2054 1963/1963
f 1962/1962 2053/2053 2054/2054
f 1963/1963 2055/2055 1964/1964
f 1963/1963 2054/2054 2055/2055
f 1964/1964 2056/2056 1965/1965
f 1964/1964 2055/2055 2056/2056
f 1965/1965 2057/2057 1966/1966
f 1965/1965 2056/2056 2057/2057
f 1966/1966 2058/2058 1967/1967
f 1966/1966 2057/2057 2058/2058
f 1967/1967 2059/2059 1968/1968
f 1967/1967 2058/2058 2059/2059
f 1968/1968 2060/2060 1969/1969
f 1968/1968 2059/2059 2060/2060
f 1969/1969 2061/2061 1970/1970
f 1969/1969 2060/2060 2061/2061
f 1970/1970 2062/2062 1971/1971
f 1970/1970 2061/2061 2062/2062
f 1971/1971 2063/2063 1972/1972
f 1971/1971 2062/2062 2063/2063
f 1972/1972 2064/2064 1973/1973
f 1972/1972 2063/2063 2064/2064
f 1973/1973 2065/2065 1974/1974
f 1973/1973 2064/2064 2065/2065
f 1974/1974 2066/2066 1975/1975
f 1974/1974 2065/2065 2066/2066
f 1975/1975 2067/2067 1976/1976
f 1975/1975 2066/2066 2067/2067
f 1976/1976 2068/2068 1977/1977
f 1976/1976 2067/2067 2068/2068
f 1977/1977 2069/2069 1978/1978
f 1977/1977 2068/2068 2069/2069
f 1978/1978 2070/2070 1979/1979
f 1978/1978 2069/2069 2070/2070
f 1979/1979 2071/2071 1980/1980
f 1979/1979 2070/2070 2071/2071
f 1980/1980 2072/2072 1981/1981
f 1980/1980 2071/2071 2072/2072
f 1982/1982 2073/2073 1984/1984
f 1982/1982 2074/2074 2073/2073
f 1984/1984 2075/2075 1985/1985
f 1984/1984 2073/2073 2075/2075
f 1985/1985 2076/2076 1986/1986
f 1985/1985 2075/2075 2076/2076
f 1986/1986 2077/2077 1987/1987
f 1986/1986 2076/2076 2077/2077
f 1987/1987 2078/2078 1988/1988
f 1987/1987 2077/2077 2078/2078
f 1988/1988 2079/2079 1989/1989
f 1988/1988 2078/2078 2079/2079
f 1989/1989 2080/2080 1990/1990
f 1989/1989 2079/2079 2080/2080
f 1990/1990 2081/2081 1991/1991
f 1990/1990 2080/2080 2081/2081
f 1991/1991 2082/2082 1992/1992
f 1991/1991 2081/2081 2082/2082
f 1992/1992 2083/2083 1993/1993
f 1992/1992 2082/2082 2083/2083
f 1993/1993 2084/2084 1994/1994
f 1993/1993 2083/2083 2084/2084
f 1994/1994 2085/2085 1995/1995
f 1994/1994 2084/2084 2085/2085
f 1995/1995 2086/2086 1996/1996
f 1995/1995 2085/2085 2086/2086
f 1996/1996 2087/2087 1997/1997
f 1996/1996 2086/2086 2087/2087
f 1997/1997 2088/2088 1998/1998
f 1997/1997 2087/2087 2088/2088
f 1998/1998 2089/2089 1999/1999
f 1998/1998 2088/2088 2089/2089
f 1999/1999 2090/2090 2000/2000
f 1999/1999 2089/2089 2090/2090
f 2000/2000 2091/2091 2001/2001
f 2000/2000 2090/2090 2091/2091
f 2001/2001 2092/2092 2002/2002
f 2001/2001 2091/2091 2092/2092
f 2002/2002 2093/2093 2003/2003
f 2002/2002 2092/2092 2093/2093
f 2003/2003 2094/2094 2004/2004
f 2003/2003 2093/2093 2094/2094
f 2004/2004 2095/2095 2005/2005
f 2004/2004 2094/2094 2095/2095
f 2005/2005 2096/2096 2006/2006
f 2005/2005 2095/2095 2096/2096
f 2006/2006 2097/2097 2007/2007
f 2006/2006 2096/2096 2097/2097
f 2007/2007 2098/2098 2008/2008
f 2007/2007 2097/2097 2098/2098
f 2008/2008 2099/2099 2009/2009
f 2008/2008 2098/2098 2099/2099
f 2009/2009 2100/2100 2010/2010
f 2009/2009 2099/2099 2100/2100
f 2010/2010 2101/2101 2011/2011
f 2010/2010 2100/2100 2101/2101
f 2011/2011 2102/2102 2012/2012
f 2011/2011 2101/2101 2102/2102
f 2012/2012 2103/2103 2013/2013
f 2012/2012 2102/2102 2103/2103
f 2013/2013 2104/2104 2014/2014
f 2013/2013 2103/2103 2104/2104
f 2014/2014 2105/2105 2015/2015
f 2014/2014 2104/2104 2105/2105
f 2015/2015 2106/2106 2016/2016
f 2015/2015 2105/2105 2106/2106
f 2016/2016 2107/2107 2017/2017
f 2016/2016 2106/2106 2107/2107
f 2017/2017 2108/2108 2018/2018
f 2017/2017 2107/2107 2108/2108
f 2018/2018 2109/2109 2019/2019
f 2018/2018 2108/2108 2109/2109
f 2019/2019 2110/2110 2020/2020
f 2019/2019 2109/2109 2110/2110
f 2020/2020 2111/2111 2021/2021
f 2020/2020 2110/2110 2111/2111
f 2021/2021 2112/2112 2022/2022
f 2021/2021 2111/2111 2112/2112
f 2022/2022 2113/2113 2023/2023
f 2022/2022 2112/2112 2113/2113
f 2023/2023 2114/2114 2024/2024
f 2023/2023 2113/2113 2114/2114
f 2024/2024 2115/2115 2025/2025
f 2024/2024 2114/2114 2115/2115
f 2025/2025 2116/2116 2026/2026
f 2025/2025 2115/2115 2116/2116
f 2026/2026 2117/2117 2027/2027
f 2026/2026 2116/2116 2117/2117
f 2027/2027 2118/2118 2028/2028
f 2027/2027 2117/2117 2118/2118
f 2028/2028 2119/2119 2029/2029
f 2028/2028 2118/2118 2119/2119
f 2029/2029 2120/2120 2030/2030
f 2029/2029 2119/2119 2120/2120
f 2030/2030 2121/2121 2031/2031
f 2030/2030 2120/2120 2121/2121
f 2031/2031 2122/2122 2032/2032
f 2031/2031 2121/2121 2122/2122
f 2032/2032 2123/2123 2033/2033
f 2032/2032 2122/2122 2123/2123
f 2033/2033 2124/2124 2034/2034
f 2033/2033 2123/2123 2124/2124
f 2034/2034 2125/2125 2035/2035
f 2034/2034 2124/2124 2125/2125
f 2035/2035 2126/2126 2036/2036
f 2035/2035 2125/2125 2126/2126
f 2036/2036 2127/2127 2037/2037
f 2036/2036 2126/2126 2127/2127
f 2037/2037 2128/2128 2038/2038
f 2037/2037 2127/2127 2128/2128
f 2038/2038 2129/2129 2039/2039
f 2038/2038 2128/2128 2129/2129
f 2039/2039 2130/2130 2040/2040
f 2039/2039 2129/2129 2130/2130
f 2040/2040 2131/2131 2041/2041
f 2040/2040 2130/2130 2131/2131
f 2041/2041 2132/2132 2042/2042
f 2041/2041 2131/2131 2132/2132
f 2042/2042 2133/2133 2043/2043
f 2042/2042 2132/2132 2133/2133
f 2043/2043 2134/2134 2044/2044
f 2043/2043 2133/2133 2134/2134
f 2044/2044 2135/2135 2045/2045
f 2044/2044 2134/2134 2135/2135
f 2045/2045 2136/2136 2046/2046
f 2045/2045 2135/2135 2136/2136
f 2046/2046 2137/2137 2047/2047
f 2046/2046 2136/2136 2137/2137
f 2047/2047 2138/2138 2048/2048
f 2047/2047 2137/2137 2138/2138
f 2048/2048 2139/2139 2049/2049
f 2048/2048 2138/2138 2139/2139
f 2049/2049 2140/2140 2050/2050
f 2049/2049 2139/2139 2140/2140
f 2050/2050 2141/2141 2051/2051
f 2050/2050 2140/2140 2141/2141
f 2051/2051 2142/2142 2052/2052
f 2051/2051 2141/2141 2142/2142
f 2052/2052 2143/2143 2053/2053
f 2052/2052 2142/2142 2143/2143
f 2053/2053 2144/2144 2054/2054
f 2053/2053 2143/2143 2144/2144
f 2054/2054 2145/2145 2055/2055
f 2054/2054 2144/2144 2145/2145
f 2055/2055 2146/2146 2056/2056
f 2055/2055 2145/2145 2146/2146
f 2056/2056 2147/2147 2057/2057
f 2056/2056 2146/2146 2147/2147
f 2057/2057 2148/2148 2058/2058
f 2057/2057 2147/2147 2148/2148
f 2058/2058 2149/2149 2059/2059
f 2058/2058 2148/2148 2149/2149
f 2059/2059 2150/2150 2060/2060
f 2059/2059 2149/2149 2150/2150
f 2060/2060 2151/2151 2061/2061
f 2060/2060 2150/2150 2151/2151
f 2061/2061 2152/2152 2062/2062
f 2061/2061 2151/2151 2152/2152
f 2062/2062 2153/2153 2063/2063
f 2062/2062 2152/2152 2153/2153
f 2063/2063 2154/2154 2064/2064
f 2063/2063 2153/2153 2154/2154
f 2064/2064 2155/2155 2065/2065
f 2064/2064 2154/2154 2155/2155
f 2065/2065 2156/2156 2066/2066
f 2065/2065 2155/2155 2156/2156
f 2066/2066 2157/2157 2067/2067
f 2066/2066 2156/2156 2157/2157
f 2067/2067 2158/2158 2068/2068
f 2067/2067 2157/2157 2158/2158
f 2068/2068 2159/2159 2069/2069
f 2068/2068 2158/2158 2159/2159
f 2069/2069 2160/2160 2070/2070
f 2069/2069 2159/2159 2160/2160
f 2070/2070 2161/2161 2071/2071
f 2070/2070 2160/2160 2161/2161
f 2071/2071 2162/2162 2072/2072
f 2071/2071 2161/2161 2162/2162
f 2073/2073 2163/2163 2075/2075
f 2073/2073 2164/2164 2163/2163
f 2075/2075 2165/2165 2076/2076
f 2075/2075 2163/2163 2165/2165
f 2076/2076 2166/2166 2077/2077
f 2076/2076 2165/2165 2166/2166
f 2077/2077 2167/2167 2078/2078
f 2077/2077 2166/2166 2167/2167
f 2078/2078 2168/2168 2079/2079
f 2078/2078 2167/2167 2168/2168
f 2079/2079 2169/2169 2080/2080
f 2079/2079 2168/2168 2169/2169
f 2080/2080 2170/2170 2081/2081
f 2080/2080 2169/2169 2170/2170
f 2081/2081 2171/2171 2082/2082
f 2081/2081 2170/2170 2171/2171
f 2082/2082 2172/2172 2083/2083
f 2082/2082 2171/2171 2172/2172
f 2083/2083 2173/2173 2084/2084
f 2083/2083 2172/2172 2173/2173
f 2084/2084 2174/2174 2085/2085
f 2084/2084 2173/2173 2174/2174
f 2085/2085 2175/2175 2086/2086
f 2085/2085 2174/2174 2175/2175
f 2086/2086 2176/2176 2087/2087
f 2086/2086 2175/2175 2176/2176
f 2087/2087 2177/2177 2088/2088
f 2087/2087 2176/2176 2177/2177
f 2088/2088 2178/2178 2089/2089
f 2088/2088 2177/2177 2178/2178
f 2089/2089 2179/2179 2090/2090
f 2089/2089 2178/2178 2179/2179
f 2090/2090 2180/2180 2091/2091
f 2090/2090 2179/2179 2180/2180
f 2091/2091 2181/2181 2092/2092
f 2091/2091 2180/2180 2181/2181
f 2092/2092 2182/2182 2093/2093
f 2092/2092 2181/2181 2182/2182
f 2093/2093 2183/2183 2094/2094
f 2093/2093 2182/2182 2183/2183
f 2094/2094 2184/2184 2095/2095
f 2094/2094 2183/2183 2184/2184
f 2095/2095 2185/2185 2096/2096
f 2095/2095 2184/2184 2185/2185
f 2096/2096 2186/2186 2097/2097
f 2096/2096 2185/2185 2186/2186
f 2097/2097 2187/2187 2098/2098
f 2097/2097 2186/2186 2187/2187
f 2098/2098 2188/2188 2099/2099
f 2098/2098 2187/2187 2188/2188
f 2099/2099 2189/2189 2100/2100
f 2099/2099 2188/2188 2189/2189
f 2100/2100 2190/2190 2101/2101
f 2100/2100 2189/2189 2190/2190
f 2101/2101 2191/2191 2102/2102
f 2101/2101 2190/2190 2191/2191
f 2102/2102 2192/2192 2103/2103
f 2102/2102 2191/2191 2192/2192
f 2103/2103 2193/2193 2104/2104
f 2103/2103 2192/2192 2193/2193
f 2104/2104 2194/2194 2105/2105
f 2104/2104 2193/2193 2194/2194
f 2105/2105 2195/2195 2106/2106
f 2105/2105 2194/2194 2195/2195
f 2106/2106 2196/2196 2107/2107
f 2106/2106 2195/2195 2196/2196
f 2107/2107 2197/2197 2108/2108
f 2107/2107 2196/2196 2197/2197
f 2108/2108 2198/2198 2109/2109
f 2108/2108 2197/2197 2198/2198
f 2109/2109 2199/2199 2110/2110
f 2109/2109 2198/2198 2199/2199
f 2110/2110 2200/2200 2111/2111
f 2110/2110 2199/2199 2200/2200
f 2111/2111 2201/2201 2112/2112
f 2111/2111 2200/2200 2201/2201
f 2112/2112 2202/2202 2113/2113
f 2112/2112 2201/2201 2202/2202
f 2113/2113 2203/2203 2114/2114
f 2113/2113 2202/2202 2203/2203
f 2114/2114 2204/2204 2115/2115
f 2114/2114 2203/2203 2204/2204
f 2115/2115 2205/2205 2116/2116
f 2115/2115 2204/2204 2205/2205
f 2116/2116 2206/2206 2117/2117
f 2116/2116 2205/2205 2206/2206
f 2117/2117 2207/2207 2118/2118
f 2117/2117 2206/2206 2207/2207
f 2118/2118 2208/2208 2119/2119
f 2118/2118 2207/2207 2208/2208
f 2119/2119 2209/2209 2120/2120
f 2119/2119 2208/2208 2209/2209
f 2120/2120 2210/2210 2121/2121
f 2120/2120 2209/2209 2210/2210
f 2121/2121 2211/2211 2122/2122
f 2121/2121 2210/2210 2211/2211
f 2122/2122 2212/2212 2123/2123
f 2122/2122 2211/2211 2212/2212
f 2123/2123 2213/2213 2124/2124
f 2123/2123 2212/2212 2213/2213
f 2124/2124 2214/2214 2125/2125
f 2124/2124 2213/2213 2214/2214
f 2125/2125 2215/2215 2126/2126
f 2125/2125 2214/2214 2215/2215
f 2126/2126 2216/2216 2127/2127
f 2126/2126 2215/2215 2216/2216
f 2127/2127 2217/2217 2128/2128
f 2127/2127 2216/2216 2217/2217
f 2128/2128 2218/2218 2129/2129
f 2128/2128 2217/2217 2218/2218
f 2129/2129 2219/2219 2130/2130
f 2129/2129 2218/2218 2219/2219
f 2130/2130 2220/2220 2131/2131
f 2130/2130 2219/2219 2220/2220
f 2131/2131 2221/2221 2132/2132
f 2131/2131 2220/2220 2221/2221
f 2132/2132 2222/2222 2133/2133
f 2132/2132 2221/2221 2222/2222
f 2133/2133 2223/2223 2134/2134
f 2133/2133 2222/2222 2223/2223
f 2134/2134 2224/2224 2135/2135
f 2134/2134 2223/2223 2224/2224
f 2135/2135 2225/2225 2136/2136
f 2135/2135 2224/2224 2225/2225
f 2136/2136 2226/2226 2137/2137
f 2136/2136 2225/2225 2226/2226
f 2137/2137 2227/2227 2138/2138
f 2137/2137 2226/2226 2227/2227
f 2138/2138 2228/2228 2139/2139
f 2138/2138 2227/2227 2228/2228
f 2139/2139 2229/2229 2140/2140
f 2139/2139 2228/2228 2229/2229
f 2140/2140 2230/2230 2141/2141
f 2140/2140 2229/2229 2230/2230
f 2141/2141 2231/2231 2142/2142
f 2141/2141 2230/2230 2231/2231
f 2142/2142 2232/2232 2143/2143
f 2142/2142 2231/2231 2232/2232
f 2143/2143 2233/2233 2144/2144
f 2143/2143 2232/2232 2233/2233
f 2144/2144 2234/2234 2145/2145
f 2144/2144 2233/2233 2234/2234
f 2145/2145 2235/2235 2146/2146
f 2145/2145 2234/2234 2235/2235
f 2146/2146 2236/2236 2147/2147
f 2146/2146 2235/2235 2236/2236
f 2147/2147 2237/2237 2148/2148
f 2147/2147 2236/2236 2237/2237
f 2148/2148 2238/2238 2149/2149
f 2148/2148 2237/2237 2238/2238
f 2149/2149 2239/2239 2150/2150
f 2149/2149 2238/2238 2239/2239
f 2150/2150 2240/2240 2151/2151
f 2150/2150 2239/2239 2240/2240
f 2151/2151 2241/2241 2152/2152
f 2151/2151 2240/2240 2241/2241
f 2152/2152 2242/2242 2153/2153
f 2152/2152 2241/2241 2242/2242
f 2153/2153 2243/2243 2154/2154
f 2153/2153 2242/2242 2243/2243
f 2154/2154 2244/2244 2155/2155
f 2154/2154 2243/2243 2244/2244
f 2155/2155 2245/2245 2156/2156
f 2155/2155 2244/2244 2245/2245
f 2156/2156 2246/2246 2157/2157
f 2156/2156 2245/2245 2246/2246
f 2157/2157 2247/2247 2158/2158
f 2157/2157 2246/2246 2247/2247
f 2158/2158 2248/2248 2159/2159
f 2158/2158 2247/2247 2248/2248
f 2159/2159 2249/2249 2160/2160
f 2159/2159 2248/2248 2249/2249
f 2160/2160 2250/2250 2161/2161
f 2160/2160 2249/2249 2250/2250
f 2161/2161 2251/2251 2162/2162
f 2161/2161 2250/2250 2251/2251
f 2163/2163 2252/2252 2165/2165
f 2163/2163 2253/2253 2252/2252
f 2165/2165 2254/2254 2166/2166
f 2165/2165 2252/2252 2254/2254
f 2166/2166 2255/2255 2167/2167
f 2166/2166 2254/2254 2255/2255
f 2167/2167 2256/2256 2168/2168
f 2167/2167 2255/2255 2256/2256
f 2168/2168 2257/2257 2169/2169
f 2168/2168 2256/2256 2257/2257
f 2169/2169 2258/2258 2170/2170
f 2169/2169 2257/2257 2258/2258
f 2170/2170 2259/2259 2171/2171
f 2170/2170 2258/2258 2259/2259
f 2171/2171 2260/2260 2172/2172
f 2171/2171 2259/2259 2260/2260
f 2172/2172 2261/2261 2173/2173
f 2172/2172 2260/2260 2261/2261
f 2173/2173 2262/2262 2174/2174
f 2173/2173 2261/2261 2262/2262
f 2174/2174 2263/2263 2175/2175
f 2174/2174 2262/2262 2263/2263
f 2175/2175 2264/2264 2176/2176
f 2175/2175 2263/2263 2264/2264
f 2176/2176 2265/2265 2177/2177
f 2176/2176 2264/2264 2265/2265
f 2177/2177 2266/2266 2178/2178
f 2177/2177 2265/2265 2266/2266
f 2178/2178 2267/2267 2179/2179
f 2178/2178 2266/2266 2267/2267
f 2179/2179 2268/2268 2180/2180
f 2179/2179 2267/2267 2268/2268
f 2180/2180 2269/2269 2181/2181
f 2180/2180 2268/2268 2269/2269
f 2181/2181 2270/2270 2182/2182
f 2181/2181 2269/2269 2270/2270
f 2182/2182 2271/2271 2183/2183
f 2182/2182 2270/2270 2271/2271
f 2183/2183 2272/2272 2184/2184
f 2183/2183 2271/2271 2272/2272
f 2184/2184 2273/2273 2185/2185
f 2184/2184 2272/2272 2273/2273
f 2185/2185 2274/2274 2186/2186
f 2185/2185 2273/2273 2274/2274
f 2186/2186 2275/2275 2187/2187
f 2186/2186 2274/2274 2275/2275
f 2187/2187 2276/2276 2188/2188
f 2187/2187 2275/2275 2276/2276
f 2188/2188 2277/2277 2189/2189
f 2188/2188 2276/2276 2277/2277
f 2189/2189 2278/2278 2190/2190
f 2189/2189 2277/2277 2278/2278
f 2190/2190 2279/2279 2191/2191
f 2190/2190 2278/2278 2279/2279
f 2191/2191 2280/2280 2192/2192
f 2191/2191 2279/2279 2280/2280
f 2192/2192 2281/2281 2193/2193
f 2192/2192 2280/2280 2281/2281
f 2193/2193 2282/2282 2194/2194
f 2193/2193 2281/2281 2282/2282
f 2194/2194 2283/2283 2195/2195
f 2194/2194 2282/2282 2283/2283
f 2195/2195 2284/2284 2196/2196
f 2195/2195 2283/2283 2284/2284
f 2196/2196 2285/2285 2197/2197
f 2196/2196 2284/2284 2285/2285
f 2197/2197 2286/2286 2198/2198
f 2197/2197 2285/2285 2286/2286
f 2198/2198 2287/2287 2199/2199
f 2198/2198 2286/2286 2287/2287
f 2199/2199 2288/2288 2200/2200
f 2199/2199 2287/2287 2288/2288
f 2200/2200 2289/2289 2201/2201
f 2200/2200 2288/2288 2289/2289
f 2201/2201 2290/2290 2202/2202
f 2201/2201 2289/2289 2290/2290
f 2202/2202 2291/2291 2203/2203
f 2202/2202 2290/2290 2291/2291
f 2203/2203 2292/2292 2204/2204
f 2203/2203 2291/2291 2292/2292
f 2204/2204 2293/2293 2205/2205
f 2204/2204 2292/2292 2293/2293
f 2205/2205 2294/2294 2206/2206
f 2205/2205 2293/2293 2294/2294
f 2206/2206 2295/2295 2207/2207
f 2206/2206 2294/2294 2295/2295
f 2207/2207 2296/2296 2208/2208
f 2207/2207 2295/2295 2296/2296
f 2208/2208 2297/2297 2209/2209
f 2208/2208 2296/2296 2297/2297
f 2209/2209 2298/2298 2210/2210
f 2209/2209 2297/2297 2298/2298
f 2210/2210 2299/2299 2211/2211
f 2210/2210 2298/2298 2299/2299
f 2211/2211 2300/2300 2212/2212
f 2211/2211 2299/2299 2300/2300
f 2212/2212 2301/2301 2213/2213
f 2212/2212 2300/2300 2301/2301
f 2213/2213 2302/2302 2214/2214
f 2213/2213 2301/2301 2302/2302
f 2214/2214 2303/2303 2215/2215
f 2214/2214 2302/2302 2303/2303
f 2215/2215 2304/2304 2216/2216
f 2215/2215 2303/2303 2304/2304
f 2216/2216 2305/2305 2217/2217
f 2216/2216 2304/2304 2305/2305
f 2217/2217 2306/2306 2218/2218
f 2217/2217 2305/2305 2306/2306
f 2218/2218 2307/2307 2219/2219
f 2218/2218 2306/2306 2307/2307
f 2219/2219 2308/2308 2220/2220
f 2219/2219 2307/2307 2308/2308
f 2220/2220 2309/2309 2221/2221
f 2220/2220 2308/2308 2309/2309
f 2221/2221 2310/2310 2222/2222
f 2221/2221 2309/2309 2310/2310
f 2222/2222 2311/2311 2223/2223
f 2222/2222 2310/2310 2311/2311
f 2223/2223 2312/2312 2224/2224
f 2223/2223 2311/2311 2312/2312
f 2224/2224 2313/2313 2225/2225
f 2224/2224 2312/2312 2313/2313
f 2225/2225 2314/2314 2226/2226
f 2225/2225 2313/2313 2314/2314
f 2226/2226 2315/2315 2227/2227
f 2226/2226 2314/2314 2315/2315
f 2227/2227 2316/2316 2228/2228
f 2227/2227 2315/2315 2316/2316
f 2228/2228 2317/2317 2229/2229
f 2228/2228 2316/2316 2317/2317
f 2229/2229 2318/2318 2230/2230
f 2229/2229 2317/2317 2318/2318
f 2230/2230 2319/2319 2231/2231
f 2230/2230 2318/2318 2319/2319
f 2231/2231 2320/2320 2232/2232
f 2231/2231 2319/2319 2320/2320
f 2232/2232 2321/2321 2233/2233
f 2232/2232 2320/2320 2321/2321
f 2233/2233 2322/2322 2234/2234
f 2233/2233 2321/2321 2322/2322
f 2234/2234 2323/2323 2235/2235
f 2234/2234 2322/2322 2323/2323
f 2235/2235 2324/2324 2236/2236
f 2235/2235 2323/2323 2324/2324
f 2236/2236 2325/2325 2237/2237
f 2236/2236 2324/2324 2325/2325
f 2237/2237 2326/2326 2238/2238
f 2237/2237 2325/2325 2326/2326
f 2238/2238 2327/2327 2239/2239
f 2238/2238 2326/2326 2327/2327
f 2239/2239 2328/2328 2240/2240
f 2239/2239 2327/2327 2328/2328
f 2240/2240 2329/2329 2241/2241
f 2240/2240 2328/2328 2329/2329
f 2241/2241 2330/2330 2242/2242
f 2241/2241 2329/2329 2330/2330
f 2242/2242 2331/2331 2243/2243
f 2242/2242 2330/2330 2331/2331
f 2243/2243 2332/2332 2244/2244
f 2243/2243 2331/2331 2332/2332
f 2244/2244 2333/2333 2245/2245
f 2244/2244 2332/2332 2333/2333
f 2245/2245 2334/2334 2246/2246
f 2245/2245 2333/2333 2334/2334
f 2246/2246 2335/2335 2247/2247
f 2246/2246 2334/2334 2335/2335
f 2247/2247 2336/2336 2248/2248
f 2247/2247 2335/2335 2336/2336
f 2248/2248 2337/2337 2249/2249
f 2248/2248 2336/2336 2337/2337
f 2249/2249 2338/2338 2250/2250
f 2249/2249 2337/2337 2338/2338
f 2250/2250 2339/2339 2251/2251
f 2250/2250 2338/2338 2339/2339
f 2252/2252 2340/2340 2254/2254
f 2252/2252 2341/2341 2340/2340
f 2254/2254 2342/2342 2255/2255
f 2254/2254 2340/2340 2342/2342
f 2255/2255 2343/2343 2256/2256
f 2255/2255 2342/2342 2343/2343
f 2256/2256 2344/2344 2257/2257
f 2256/2256 2343/2343 2344/2344
f 2257/2257 2345/2345 2258/2258
f 2257/2257 2344/2344 2345/2345
f 2258/2258 2346/2346 2259/2259
f 2258/2258 2345/2345 2346/2346
f 2259/2259 2347/2347 2260/2260
f 2259/2259 2346/2346 2347/2347
f 2260/2260 2348/2348 2261/2261
f 2260/2260 2347/2347 2348/2348
f 2261/2261 2349/2349 2262/2262
f 2261/2261 2348/2348 2349/2349
f 2262/2262 2350/2350 2263/2263
f 2262/2262 2349/2349 2350/2350
f 2263/2263 2351/2351 2264/2264
f 2263/2263 2350/2350 2351/2351
f 2264/2264 2352/2352 2265/2265
f 2264/2264 2351/2351 2352/2352
f 2265/2265 2353/2353 2266/2266
f 2265/2265 2352/2352 2353/2353
f 2266/2266 2354/2354 2267/2267
f 2266/2266 2353/2353 2354/2354
f 2267/2267 2355/2355 2268/2268
f 2267/2267 2354/2354 2355/2355
f 2268/2268 2356/2356 2269/2269
f 2268/2268 2355/2355 2356/2356
f 2269/2269 2357/2357 2270/2270
f 2269/2269 2356/2356 2357/2357
f 2270/2270 2358/2358 2271/2271
f 2270/2270 2357/2357 2358/2358
f 2271/2271 2359/2359 2272/2272
f 2271/2271 2358/2358 2359/2359
f 2272/2272 2360/2360 2273/2273
f 2272/2272 2359/2359 2360/2360
f 2273/2273 2361/2361 2274/2274
f 2273/2273 2360/2360 2361/2361
f 2274/2274 2362/2362 2275/2275
f 2274/2274 2361/2361 2362/2362
f 2275/2275 2363/2363 2276/2276
f 2275/2275 2362/2362 2363/2363
f 2276/2276 2364/2364 2277/2277
f 2276/2276 2363/2363 2364/2364
f 2277/2277 2365/2365 2278/2278
f 2277/2277 2364/2364 2365/2365
f 2278/2278 2366/2366 2279/2279
f 2278/2278 2365/2365 2366/2366
f 2279/2279 2367/2367 2280/2280
f 2279/2279 2366/2366 2367/2367
f 2280/2280 2368/2368 2281/2281
f 2280/2280 2367/2367 2368/2368
f 2281/2281 2369/2369 2282/2282
f 2281/2281 2368/2368 2369/2369
f 2282/2282 2370/2370 2283/2283
f 2282/2282 2369/2369 2370/2370
f 2283/2283 2371/2371 2284/2284
f 2283/2283 2370/2370 2371/2371
f 2284/2284 2372/2372 2285/2285
f 2284/2284 2371/2371 2372/2372
f 2285/2285 2373/2373 2286/2286
f 2285/2285 2372/2372 2373/2373
f 2286/2286 2374/2374 2287/2287
f 2286/2286 2373/2373 2374/2374
f 2287/2287 2375/2375 2288/2288
f 2287/2287 2374/2374 2375/2375
f 2288/2288 2376/2376 2289/2289
f 2288/2288 2375/2375 2376/2376
f 2289/2289 2377/2377 2290/2290
f 2289/2289 2376/2376 2377/2377
f 2290/2290 2378/2378 2291/2291
f 2290/2290 2377/2377 2378/2378
f 2291/2291 2379/2379 2292/2292
f 2291/2291 2378/2378 2379/2379
f 2292/2292 2380/2380 2293/2293
f 2292/2292 2379/2379 2380/2380
f 2293/2293 2381/2381 2294/2294
f 2293/2293 2380/2380 2381/2381
f 2294/2294 2382/2382 2295/2295
f 2294/2294 2381/2381 2382/2382
f 2295/2295 2383/2383 2296/2296
f 2295/2295 2382/2382 2383/2383
f 2296/2296 2384/2384 2297/2297
f 2296/2296 2383/2383 2384/2384
f 2297/2297 2385/2385 2298/2298
f 2297/2297 2384/2384 2385/2385
f 2298/2298 2386/2386 2299/2299
f 2298/2298 2385/2385 2386/2386
f 2299/2299 2387/2387 2300/2300
f 2299/2299 2386/2386 2387/2387
f 2300/2300 2388/2388 2301/2301
f 2300/2300 2387/2387 2388/2388
f 2301/2301 2389/2389 2302/2302
f 2301/2301 2388/2388 2389/2389
f 2302/2302 2390/2390 2303/2303
f 2302/2302 2389/2389 2390/2390
f 2303/2303 2391/2391 2304/2304
f 2303/2303 2390/2390 2391/2391
f 2304/2304 2392/2392 2305/2305
f 2304/2304 2391/2391 2392/2392
f 2305/2305 2393/2393 2306/2306
f 2305/2305 2392/2392 2393/2393
f 2306/2306 2394/2394 2307/2307
f 2306/2306 2393/2393 2394/2394
f 2307/2307 2395/2395 2308/2308
f 2307/2307 2394/2394 2395/2395
f 2308/2308 2396/2396 2309/2309
f 2308/2308 2395/2395 2396/2396
f 2309/2309 2397/2397 2310/2310
f 2309/2309 2396/2396 2397/2397
f 2310/2310 2398/2398 2311/2311
f 2310/2310 2397/2397 2398/2398
f 2311/2311 2399/2399 2312/2312
f 2311/2311 2398/2398 2399/2399
f 2312/2312 2400/2400 2313/2313
f 2312/2312 2399/2399 2400/2400
f 2313/2313 2401/2401 2314/2314
f 2313/2313 2400/2400 2401/2401
f 2314/2314 2402/2402 2315/2315
f 2314/2314 2401/2401 2402/2402
f 2315/2315 2403/2403 2316/2316
f 2315/2315 2402/2402 2403/2403
f 2316/2316 2404/2404 2317/2317
f 2316/2316 2403/2403 2404/2404
f 2317/2317 2405/2405 2318/2318
f 2317/2317 2404/2404 2405/2405
f 2318/2318 2406/2406 2319/2319
f 2318/2318 2405/2405 2406/2406
f 2319/2319 2407/2407 2320/2320
f 2319/2319 2406/2406 2407/2407
f 2320/2320 2408/2408 2321/2321
f 2320/2320 2407/2407 2408/2408
f 2321/2321 2409/2409 2322/2322
f 2321/2321 2408/2408 2409/2409
f 2322/2322 2410/2410 2323/2323
f 2322/2322 2409/2409 2410/2410
f 2323/2323 2411/2411 2324/2324
f 2323/2323 2410/2410 2411/2411
f 2324/2324 2412/2412 2325/2325
f 2324/2324 2411/2411 2412/2412
f 2325/2325 2413/2413 2326/2326
f 2325/2325 2412/2412 2413/2413
f 2326/2326 2414/2414 2327/2327
f 2326/2326 2413/2413 2414/2414
f 2327/2327 2415/2415 2328/2328
f 2327/2327 2414/2414 2415/2415
f 2328/2328 2416/2416 2329/2329
f 2328/2328 2415/2415 2416/2416
f 2329/2329 2417/2417 2330/2330
f 2329/2329 2416/2416 2417/2417
f 2330/2330 2418/2418 2331/2331
f 2330/2330 2417/2417 2418/2418
f 2331/2331 2419/2419 2332/2332
f 2331/2331 2418/2418 2419/2419
f 2332/2332 2420/2420 2333/2333
f 2332/2332 2419/2419 2420/2420
f 2333/2333 2421/2421 2334/2334
f 2333/2333 2420/2420 2421/2421
f 2334/2334 2422/2422 2335/2335
f 2334/2334 2421/2421 2422/2422
f 2335/2335 2423/2423 2336/2336
f 2335/2335 2422/2422 2423/2423
f 2336/2336 2424/2424 2337/2337
f 2336/2336 2423/2423 2424/2424
f 2337/2337 2425/2425 2338/2338
f 2337/2337 2424/2424 2425/2425
f 2342/2342 2426/2426 2343/2343
f 2342/2342 2427/2427 2426/2426
f 2343/2343 2428/2428 2344/2344
f 2343/2343 2426/2426 2428/2428
f 2344/2344 2429/2429 2345/2345
f 2344/2344 2428/2428 2429/2429
f 2345/2345 2430/2430 2346/2346
f 2345/2345 2429/2429 2430/2430
f 2346/2346 2431/2431 2347/2347
f 2346/2346 2430/2430 2431/2431
f 2347/2347 2432/2432 2348/2348
f 2347/2347 2431/2431 2432/2432
f 2348/2348 2433/2433 2349/2349
f 2348/2348 2432/2432 2433/2433
f 2349/2349 2434/2434 2350/2350
f 2349/2349 2433/2433 2434/2434
f 2350/2350 2435/2435 2351/2351
f 2350/2350 2434/2434 2435/2435
f 2351/2351 2436/2436 2352/2352
f 2351/2351 2435/2435 2436/2436
f 2352/2352 2437/2437 2353/2353
f 2352/2352 2436/2436 2437/2437
f 2353/2353 2438/2438 2354/2354
f 2353/2353 2437/2437 2438/2438
f 2354/2354 2439/2439 2355/2355
f 2354/2354 2438/2438 2439/2439
f 2355/2355 2440/2440 2356/2356
f 2355/2355 2439/2439 2440/2440
f 2356/2356 2441/2441 2357/2357
f 2356/2356 2440/2440 2441/2441
f 2357/2357 2442/2442 2358/2358
f 2357/2357 2441/2441 2442/2442
f 2358/2358 2443/2443 2359/2359
f 2358/2358 2442/2442 2443/2443
f 2359/2359 2444/2444 2360/2360
f 2359/2359 2443/2443 2444/2444
f 2360/2360 2445/2445 2361/2361
f 2360/2360 2444/2444 2445/2445
f 2361/2361 2446/2446 2362/2362
f 2361/2361 2445/2445 2446/2446
f 2362/2362 2447/2447 2363/2363
f 2362/2362 2446/2446 2447/2447
f 2363/2363 2448/2448 2364/2364
f 2363/2363 2447/2447 2448/2448
f 2364/2364 2449/2449 2365/2365
f 2364/2364 2448/2448 2449/2449
f 2365/2365 2450/2450 2366/2366
f 2365/2365 2449/2449 2450/2450
f 2366/2366 2451/2451 2367/2367
f 2366/2366 2450/2450 2451/2451
f 2367/2367 2452/2452 2368/2368
f 2367/2367 2451/2451 2452/2452
f 2368/2368 2453/2453 2369/2369
f 2368/2368 2452/2452 2453/2453
f 2369/2369 2454/2454 2370/2370
f 2369/2369 2453/2453 2454/2454
f 2370/2370 2455/2455 2371/2371
f 2370/2370 2454/2454 2455/2455
f 2371/2371 2456/2456 2372/2372
f 2371/2371 2455/2455 2456/2456
f 2372/2372 2457/2457 2373/2373
f 2372/2372 2456/2456 2457/2457
f 2373/2373 2458/2458 2374/2374
f 2373/2373 2457/2457 2458/2458
f 2374/2374 2459/2459 2375/2375
f 2374/2374 2458/2458 2459/2459
f 2375/2375 2460/2460 2376/2376
f 2375/2375 2459/2459 2460/2460
f 2376/2376 2461/2461 2377/2377
f 2376/2376 2460/2460 2461/2461
f 2377/2377 2462/2462 2378/2378
f 2377/2377 2461/2461 2462/2462
f 2378/2378 2463/2463 2379/2379
f 2378/2378 2462/2462 2463/2463
f 2379/2379 2464/2464 2380/2380
f 2379/2379 2463/2463 2464/2464
f 2380/2380 2465/2465 2381/2381
f 2380/2380 2464/2464 2465/2465
f 2381/2381 2466/2466 2382/2382
f 2381/2381 2465/2465 2466/2466
f 2382/2382 2467/2467 2383/2383
f 2382/2382 2466/2466 2467/2467
f 2383/2383 2468/2468 2384/2384
f 2383/2383 2467/2467 2468/2468
f 2384/2384 2469/2469 2385/2385
f 2384/2384 2468/2468 2469/2469
f 2385/2385 2470/2470 2386/2386
f 2385/2385 2469/2469 2470/2470
f 2386/2386 2471/2471 2387/2387
f 2386/2386 2470/2470 2471/2471
f 2387/2387 2472/2472 2388/2388
f 2387/2387 2471/2471 2472/2472
f 2388/2388 2473/2473 2389/2389
f 2388/2388 2472/2472 2473/2473
f 2389/2389 2474/2474 2390/2390
f 2389/2389 2473/2473 2474/2474
f 2390/2390 2475/2475 2391/2391
f 2390/2390 2474/2474 2475/2475
f 2391/2391 2476/2476 2392/2392
f 2391/2391 2475/2475 2476/2476
f 2392/2392 2477/2477 2393/2393
f 2392/2392 2476/2476 2477/2477
f 2393/2393 2478/2478 2394/2394
f 2393/2393 2477/2477 2478/2478
f 2394/2394 2479/2479 2395/2395
f 2394/2394 2478/2478 2479/2479
f 2395/2395 2480/2480 2396/2396
f 2395/2395 2479/2479 2480/2480
f 2396/2396 2481/2481 2397/2397
f 2396/2396 2480/2480 2481/2481
f 2397/2397 2482/2482 2398/2398
f 2397/2397 2481/2481 2482/2482
f 2398/2398 2483/2483 2399/2399
f 2398/2398 2482/2482 2483/2483
f 2399/2399 2484/2484 2400/2400
f 2399/2399 2483/2483 2484/2484
f 2400/2400 2485/2485 2401/2401
f 2400/2400 2484/2484 2485/2485
f 2401/2401 2486/2486 2402/2402
f 2401/2401 2485/2485 2486/2486
f 2402/2402 2487/2487 2403/2403
f 2402/2402 2486/2486 2487/2487
f 2403/2403 2488/2488 2404/2404
f 2403/2403 2487/2487 2488/2488
f 2404/2404 2489/2489 2405/2405
f 2404/2404 2488/2488 2489/2489
f 2405/2405 2490/2490 2406/2406
f 2405/2405 2489/2489 2490/2490
f 2406/2406 2491/2491 2407/2407
f 2406/2406 2490/2490 2491/2491
f 2407/2407 2492/2492 2408/2408
f 2407/2407 2491/2491 2492/2492
f 2408/2408 2493/2493 2409/2409
f 2408/2408 2492/2492 2493/2493
f 2409/2409 2494/2494 2410/2410
f 2409/2409 2493/2493 2494/2494
f 2410/2410 2495/2495 2411/2411
f 2410/2410 2494/2494 2495/2495
f 2411/2411 2496/2496 2412/2412
f 2411/2411 2495/2495 2496/2496
f 2412/2412 2497/2497 2413/2413
f 2412/2412 2496/2496 2497/2497
f 2413/2413 2498/2498 2414/2414
f 2413/2413 2497/2497 2498/2498
f 2414/2414 2499/2499 2415/2415
f 2414/2414 2498/2498 2499/2499
f 2415/2415 2500/2500 2416/2416
f 2415/2415 2499/2499 2500/2500
f 2416/2416 2501/2501 2417/2417
f 2416/2416 2500/2500 2501/2501
f 2417/2417 2502/2502 2418/2418
f 2417/2417 2501/2501 2502/2502
f 2418/2418 2503/2503 2419/2419
f 2418/2418 2502/2502 2503/2503
f 2419/2419 2504/2504 2420/2420
f 2419/2419 2503/2503 2504/2504
f 2420/2420 2505/2505 2421/2421
f 2420/2420 2504/2504 2505/2505
f 2421/2421 2506/2506 2422/2422
f 2421/2421 2505/2505 2506/2506
f 2422/2422 2507/2507 2423/2423
f 2422/2422 2506/2506 2507/2507
f 2423/2423 2508/2508 2424/2424
f 2423/2423 2507/2507 2508/2508
f 2424/2424 2509/2509 2425/2425
f 2424/2424 2508/2508 2509/2509
f 2431/2431 2510/2510 2432/2432
f 2431/2431 2511/2511 2510/2510
f 2432/2432 2512/2512 2433/2433
f 2432/2432 2510/2510 2512/2512
f 2433/2433 2513/2513 2434/2434
f 2433/2433 2512/2512 2513/2513
f 2434/2434 2514/2514 2435/2435
f 2434/2434 2513/2513 2514/2514
f 2435/2435 2515/2515 2436/2436
f 2435/2435 2514/2514 2515/2515
f 2436/2436 2516/2516 2437/2437
f 2436/2436 2515/2515 2516/2516
f 2437/2437 2517/2517 2438/2438
f 2437/2437 2516/2516 2517/2517
f 2438/2438 2518/2518 2439/2439
f 2438/2438 2517/2517 2518/2518
f 2439/2439 2519/2519 2440/2440
f 2439/2439 2518/2518 2519/2519
f 2440/2440 2520/2520 2441/2441
f 2440/2440 2519/2519 2520/2520
f 2441/2441 2521/2521 2442/2442
f 2441/2441 2520/2520 2521/2521
f 2442/2442 2522/2522 2443/2443
f 2442/2442 2521/2521 2522/2522
f 2443/2443 2523/2523 2444/2444
f 2443/2443 2522/2522 2523/2523
f 2444/2444 2524/2524 2445/2445
f 2444/2444 2523/2523 2524/2524
f 2445/2445 2525/2525 2446/2446
f 2445/2445 2524/2524 2525/2525
f 2446/2446 2526/2526 2447/2447
f 2446/2446 2525/2525 2526/2526
f 2447/2447 2527/2527 2448/2448
f 2447/2447 2526/2526 2527/2527
f 2448/2448 2528/2528 2449/2449
f 2448/2448 2527/2527 2528/2528
f 2449/2449 2529/2529 2450/2450
f 2449/2449 2528/2528 2529/2529
f 2450/2450 2530/2530 2451/2451
f 2450/2450 2529/2529 2530/2530
f 2451/2451 2531/2531 2452/2452
f 2451/2451 2530/2530 2531/2531
f 2452/2452 2532/2532 2453/2453
f 2452/2452 2531/2531 2532/2532
f 2453/2453 2533/2533 2454/2454
f 2453/2453 2532/2532 2533/2533
f 2454/2454 2534/2534 2455/2455
f 2454/2454 2533/2533 2534/2534
f 2455/2455 2535/2535 2456/2456
f 2455/2455 2534/2534 2535/2535
f 2456/2456 2536/2536 2457/2457
f 2456/2456 2535/2535 2536/2536
f 2457/2457 2537/2537 2458/2458
f 2457/2457 2536/2536 2537/2537
f 2458/2458 2538/2538 2459/2459
f 2458/2458 2537/2537 2538/2538
f 2459/2459 2539/2539 2460/2460
f 2459/2459 2538/2538 2539/2539
f 2460/2460 2540/2540 2461/2461
f 2460/2460 2539/2539 2540/2540
f 2461/2461 2541/2541 2462/2462
f 2461/2461 2540/2540 2541/2541
f 2462/2462 2542/2542 2463/2463
f 2462/2462 2541/2541 2542/2542
f 2463/2463 2543/2543 2464/2464
f 2463/2463 2542/2542 2543/2543
f 2464/2464 2544/2544 2465/2465
f 2464/2464 2543/2543 2544/2544
f 2465/2465 2545/2545 2466/2466
f 2465/2465 2544/2544 2545/2545
f 2466/2466 2546/2546 2467/2467
f 2466/2466 2545/2545 2546/2546
f 2467/2467 2547/2547 2468/2468
f 2467/2467 2546/2546 2547/2547
f 2468/2468 2548/2548 2469/2469
f 2468/2468 2547/2547 2548/2548
f 2469/2469 2549/2549 2470/2470
f 2469/2469 2548/2548 2549/2549
f 2470/2470 2550/2550 2471/2471
f 2470/2470 2549/2549 2550/2550
f 2471/2471 2551/2551 2472/2472
f 2471/2471 2550/2550 2551/2551
f 2472/2472 2552/2552 2473/2473
f 2472/2472 2551/2551 2552/2552
f 2473/2473 2553/2553 2474/2474
f 2473/2473 2552/2552 2553/2553
f 2474/2474 2554/2554 2475/2475
f 2474/2474 2553/2553 2554/2554
f 2475/2475 2555/2555 2476/2476
f 2475/2475 2554/2554 2555/2555
f 2476/2476 2556/2556 2477/2477
f 2476/2476 2555/2555 2556/2556
f 2477/2477 2557/2557 2478/2478
f 2477/2477 2556/2556 2557/2557
f 2478/2478 2558/2558 2479/2479
f 2478/2478 2557/2557 2558/2558
f 2479/2479 2559/2559 2480/2480
f 2479/2479 2558/2558 2559/2559
f 2480/2480 2560/2560 2481/2481
f 2480/2480 2559/2559 2560/2560
f 2481/2481 2561/2561 2482/2482
f 2481/2481 2560/2560 2561/2561
f 2482/2482 2562/2562 2483/2483
f 2482/2482 2561/2561 2562/2562
f 2483/2483 2563/2563 2484/2484
f 2483/2483 2562/2562 2563/2563
f 2484/2484 2564/2564 2485/2485
f 2484/2484 2563/2563 2564/2564
f 2485/2485 2565/2565 2486/2486
f 2485/2485 2564/2564 2565/2565
f 2486/2486 2566/2566 2487/2487
f 2486/2486 2565/2565 2566/2566
f 2487/2487 2567/2567 2488/2488
f 2487/2487 2566/2566 2567/2567
f 2488/2488 2568/2568 2489/2489
f 2488/2488 2567/2567 2568/2568
f 2489/2489 2569/2569 2490/2490
f 2489/2489 2568/2568 2569/2569
f 2490/2490 2570/2570 2491/2491
f 2490/2490 2569/2569 2570/2570
f 2491/2491 2571/2571 2492/2492
f 2491/2491 2570/2570 2571/2571
f 2492/2492 2572/2572 2493/2493
f 2492/2492 2571/2571 2572/2572
f 2493/2493 2573/2573 2494/2494
f 2493/2493 2572/2572 2573/2573
f 2494/2494 2574/2574 2495/2495
f 2494/2494 2573/2573 2574/2574
f 2495/2495 2575/2575 2496/2496
f 2495/2495 2574/2574 2575/2575
f 2496/2496 2576/2576 2497/2497
f 2496/2496 2575/2575 2576/2576
f 2497/2497 2577/2577 2498/2498
f 2497/2497 2576/2576 2577/2577
f 2498/2498 2578/2578 2499/2499
f 2498/2498 2577/2577 2578/2578
f 2499/2499 2579/2579 2500/2500
f 2499/2499 2578/2578 2579/2579
f 2500/2500 2580/2580 2501/2501
f 2500/2500 2579/2579 2580/2580
f 2501/2501 2581/2581 2502/2502
f 2501/2501 2580/2580 2581/2581
f 2502/2502 2582/2582 2503/2503
f 2502/2502 2581/2581 2582/2582
f 2503/2503 2583/2583 2504/2504
f 2503/2503 2582/2582 2583/2583
f 2504/2504 2584/2584 2505/2505
f 2504/2504 2583/2583 2584/2584
f 2505/2505 2585/2585 2506/2506
f 2505/2505 2584/2584 2585/2585
f 2506/2506 2586/2586 2507/2507
f 2506/2506 2585/2585 2586/2586
f 2507/2507 2587/2587 2508/2508
f 2507/2507 2586/2586 2587/2587
f 2508/2508 2588/2588 2509/2509
f 2508/2508 2587/2587 2588/2588
f 2517/2517 2589/2589 2518/2518
f 2517/2517 2590/2590 2589/2589
f 2518/2518 2591/2591 2519/2519
f 2518/2518 2589/2589 2591/2591
f 2519/2519 2592/2592 2520/2520
f 2519/2519 2591/2591 2592/2592
f 2520/2520 2593/2593 2521/2521
f 2520/2520 2592/2592 2593/2593
f 2521/2521 2594/2594 2522/2522
f 2521/2521 2593/2593 2594/2594
f 2522/2522 2595/2595 2523/2523
f 2522/2522 2594/2594 2595/2595
f 2523/2523 2596/2596 2524/2524
f 2523/2523 2595/2595 2596/2596
f 2524/2524 2597/2597 2525/2525
f 2524/2524 2596/2596 2597/2597
f 2525/2525 2598/2598 2526/2526
f 2525/2525 2597/2597 2598/2598
f 2526/2526 2599/2599 2527/2527
f 2526/2526 2598/2598 2599/2599
f 2527/2527 2600/2600 2528/2528
f 2527/2527 2599/2599 2600/2600
f 2528/2528 2601/2601 2529/2529
f 2528/2528 2600/2600 2601/2601
f 2529/2529 2602/2602 2530/2530
f 2529/2529 2601/2601 2602/2602
f 2530/2530 2603/2603 2531/2531
f 2530/2530 2602/2602 2603/2603
f 2531/2531 2604/2604 2532/2532
f 2531/2531 2603/2603 2604/2604
f 2532/2532 2605/2605 2533/2533
f 2532/2532 2604/2604 2605/2605
f 2533/2533 2606/2606 2534/2534
f 2533/2533 2605/2605 2606/2606
f 2534/2534 2607/2607 2535/2535
f 2534/2534 2606/2606 2607/2607
f 2535/2535 2608/2608 2536/2536
f 2535/2535 2607/2607 2608/2608
f 2536/2536 2609/2609 2537/2537
f 2536/2536 2608/2608 2609/2609
f 2537/2537 2610/2610 2538/2538
f 2537/2537 2609/2609 2610/2610
f 2538/2538 2611/2611 2539/2539
f 2538/2538 2610/2610 2611/2611
f 2539/2539 2612/2612 2540/2540
f 2539/2539 2611/2611 2612/2612
f 2540/2540 2613/2613 2541/2541
f 2540/2540 2612/2612 2613/2613
f 2541/2541 2614/2614 2542/2542
f 2541/2541 2613/2613 2614/2614
f 2542/2542 2615/2615 2543/2543
f 2542/2542 2614/2614 2615/2615
f 2543/2543 2616/2616 2544/2544
f 2543/2543 2615/2615 2616/2616
f 2544/2544 2617/2617 2545/2545
f 2544/2544 2616/2616 2617/2617
f 2545/2545 2618/2618 2546/2546
f 2545/2545 2617/2617 2618/2618
f 2546/2546 2619/2619 2547/2547
f 2546/2546 2618/2618 2619/2619
f 2547/2547 2620/2620 2548/2548
f 2547/2547 2619/2619 2620/2620
f 2548/2548 2621/2621 2549/2549
f 2548/2548 2620/2620 2621/2621
f 2549/2549 2622/2622 2550/2550
f 2549/2549 2621/2621 2622/2622
f 2550/2550 2623/2623 2551/2551
f 2550/2550 2622/2622 2623/2623
f 2551/2551 2624/2624 2552/2552
f 2551/2551 2623/2623 2624/2624
f 2552/2552 2625/2625 2553/2553
f 2552/2552 2624/2624 2625/2625
f 2553/2553 2626/2626 2554/2554
f 2553/2553 2625/2625 2626/2626
f 2554/2554 2627/2627 2555/2555
f 2554/2554 2626/2626 2627/2627
f 2555/2555 2628/2628 2556/2556
f 2555/2555 2627/2627 2628/2628
f 2556/2556 2629/2629 2557/2557
f 2556/2556 2628/2628 2629/2629
f 2557/2557 2630/2630 2558/2558
f 2557/2557 2629/2629 2630/2630
f 2558/2558 2631/2631 2559/2559
f 2558/2558 2630/2630 2631/2631
f 2559/2559 2632/2632 2560/2560
f 2559/2559 2631/2631 2632/2632
f 2560/2560 2633/2633 2561/2561
f 2560/2560 2632/2632 2633/2633
f 2561/2561 2634/2634 2562/2562
f 2561/2561 2633/2633 2634/2634
f 2562/2562 2635/2635 2563/2563
f 2562/2562 2634/2634 2635/2635
f 2563/2563 2636/2636 2564/2564
f 2563/2563 2635/2635 2636/2636
f 2564/2564 2637/2637 2565/2565
f 2564/2564 2636/2636 2637/2637
f 2565/2565 2638/2638 2566/2566
f 2565/2565 2637/2637 2638/2638
f 2566/2566 2639/2639 2567/2567
f 2566/2566 2638/2638 2639/2639
f 2567/2567 2640/2640 2568/2568
f 2567/2567 2639/2639 2640/2640
f 2568/2568 2641/2641 2569/2569
f 2568/2568 2640/2640 2641/2641
f 2569/2569 2642/2642 2570/2570
f 2569/2569 2641/2641 2642/2642
f 2570/2570 2643/2643 2571/2571
f 2570/2570 2642/2642 2643/2643
f 2571/2571 2644/2644 2572/2572
f 2571/2571 2643/2643 2644/2644
f 2572/2572 2645/2645 2573/2573
f 2572/2572 2644/2644 2645/2645
f 2573/2573 2646/2646 2574/2574
f 2573/2573 2645/2645 2646/2646
f 2574/2574 2647/2647 2575/2575
f 2574/2574 2646/2646 2647/2647
f 2575/2575 2648/2648 2576/2576
f 2575/2575 2647/2647 2648/2648
f 2576/2576 2649/2649 2577/2577
f 2576/2576 2648/2648 2649/2649
f 2577/2577 2650/2650 2578/2578
f 2577/2577 2649/2649 2650/2650
f 2578/2578 2651/2651 2579/2579
f 2578/2578 2650/2650 2651/2651
f 2579/2579 2652/2652 2580/2580
f 2579/2579 2651/2651 2652/2652
f 2580/2580 2653/2653 2581/2581
f 2580/2580 2652/2652 2653/2653
f 2581/2581 2654/2654 2582/2582
f 2581/2581 2653/2653 2654/2654
f 2582/2582 2655/2655 2583/2583
f 2582/2582 2654/2654 2655/2655
f 2583/2583 2656/2656 2584/2584
f 2583/2583 2655/2655 2656/2656
f 2584/2584 2657/2657 2585/2585
f 2584/2584 2656/2656 2657/2657
f 2585/2585 2658/2658 2586/2586
f 2585/2585 2657/2657 2658/2658
f 2586/2586 2659/2659 2587/2587
f 2586/2586 2658/2658 2659/2659
f 2587/2587 2660/2660 2588/2588
f 2587/2587 2659/2659 2660/2660
f 2590/2590 2661/2661 2589/2589
f 2590/2590 2662/2662 2661/2661
f 2589/2589 2663/2663 2591/2591
f 2589/2589 2661/2661 2663/2663
f 2591/2591 2664/2664 2592/2592
f 2591/2591 2663/2663 2664/2664
f 2592/2592 2665/2665 2593/2593
f 2592/2592 2664/2664 2665/2665
f 2593/2593 2666/2666 2594/2594
f 2593/2593 2665/2665 2666/2666
f 2594/2594 2667/2667 2595/2595
f 2594/2594 2666/2666 2667/2667
f 2595/2595 2668/2668 2596/2596
f 2595/2595 2667/2667 2668/2668
f 2596/2596 2669/2669 2597/2597
f 2596/2596 2668/2668 2669/2669
f 2597/2597 2670/2670 2598/2598
f 2597/2597 2669/2669 2670/2670
f 2598/2598 2671/2671 2599/2599
f 2598/2598 2670/2670 2671/2671
f 2599/2599 2672/2672 2600/2600
f 2599/2599 2671/2671 2672/2672
f 2600/2600 2673/2673 2601/2601
f 2600/2600 2672/2672 2673/2673
f 2601/2601 2674/2674 2602/2602
f 2601/2601 2673/2673 2674/2674
f 2602/2602 2675/2675 2603/2603
f 2602/2602 2674/2674 2675/2675
f 2603/2603 2676/2676 2604/2604
f 2603/2603 2675/2675 2676/2676
f 2604/2604 2677/2677 2605/2605
f 2604/2604 2676/2676 2677/2677
f 2605/2605 2678/2678 2606/2606
f 2605/2605 2677/2677 2678/2678
f 2606/2606 2679/2679 2607/2607
f 2606/2606 2678/2678 2679/2679
f 2607/2607 2680/2680 2608/2608
f 2607/2607 2679/2679 2680/2680
f 2608/2608 2681/2681 2609/2609
f 2608/2608 2680/2680 2681/2681
f 2609/2609 2682/2682 2610/2610
f 2609/2609 2681/2681 2682/2682
f 2610/2610 2683/2683 2611/2611
f 2610/2610 2682/2682 2683/2683
f 2611/2611 2684/2684 2612/2612
f 2611/2611 2683/2683 2684/2684
f 2612/2612 2685/2685 2613/2613
f 2612/2612 2684/2684 2685/2685
f 2613/2613 2686/2686 2614/2614
f 2613/2613 2685/2685 2686/2686
f 2614/2614 2687/2687 2615/2615
f 2614/2614 2686/2686 2687/2687
f 2615/2615 2688/2688 2616/2616
f 2615/2615 2687/2687 2688/2688
f 2616/2616 2689/2689 2617/2617
f 2616/2616 2688/2688 2689/2689
f 2617/2617 2690/2690 2618/2618
f 2617/2617 2689/2689 2690/2690
f 2618/2618 2691/2691 2619/2619
f 2618/2618 2690/2690 2691/2691
f 2619/2619 2692/2692 2620/2620
f 2619/2619 2691/2691 2692/2692
f 2620/2620 2693/2693 2621/2621
f 2620/2620 2692/2692 2693/2693
f 2621/2621 2694/2694 2622/2622
f 2621/2621 2693/2693 2694/2694
f 2622/2622 2695/2695 2623/2623
f 2622/2622 2694/2694 2695/2695
f 2623/2623 2696/2696 2624/2624
f 2623/2623 2695/2695 2696/2696
f 2624/2624 2697/2697 2625/2625
f 2624/2624 2696/2696 2697/2697
f 2625/2625 2698/2698 2626/2626
f 2625/2625 2697/2697 2698/2698
f 2626/2626 2699/2699 2627/2627
f 2626/2626 2698/2698 2699/2699
f 2627/2627 2700/2700 2628/2628
f 2627/2627 2699/2699 2700/2700
f 2628/2628 2701/2701 2629/2629
f 2628/2628 2700/2700 2701/2701
f 2629/2629 2702/2702 2630/2630
f 2629/2629 2701/2701 2702/2702
f 2630/2630 2703/2703 2631/2631
f 2630/2630 2702/2702 2703/2703
f 2631/2631 2704/2704 2632/2632
f 2631/2631 2703/2703 2704/2704
f 2632/2632 2705/2705 2633/2633
f 2632/2632 2704/2704 2705/2705
f 2633/2633 2706/2706 2634/2634
f 2633/2633 2705/2705 2706/2706
f 2634/2634 2707/2707 2635/2635
f 2634/2634 2706/2706 2707/2707
f 2635/2635 2708/2708 2636/2636
f 2635/2635 2707/2707 2708/2708
f 2636/2636 2709/2709 2637/2637
f 2636/2636 2708/2708 2709/2709
f 2637/2637 2710/2710 2638/2638
f 2637/2637 2709/2709 2710/2710
f 2638/2638 2711/2711 2639/2639
f 2638/2638 2710/2710 2711/2711
f 2639/2639 2712/2712 2640/2640
f 2639/2639 2711/2711 2712/2712
f 2640/2640 2713/2713 2641/2641
f 2640/2640 2712/2712 2713/2713
f 2641/2641 2714/2714 2642/2642
f 2641/2641 2713/2713 2714/2714
f 2642/2642 2715/2715 2643/2643
f 2642/2642 2714/2714 2715/2715
f 2643/2643 2716/2716 2644/2644
f 2643/2643 2715/2715 2716/2716
f 2644/2644 2717/2717 2645/2645
f 2644/2644 2716/2716 2717/2717
f 2645/2645 2718/2718 2646/2646
f 2645/2645 2717/2717 2718/2718
f 2646/2646 2719/2719 2647/2647
f 2646/2646 2718/2718 2719/2719
f 2647/2647 2720/2720 2648/2648
f 2647/2647 2719/2719 2720/2720
f 2648/2648 2721/2721 2649/2649
f 2648/2648 2720/2720 2721/2721
f 2649/2649 2722/2722 2650/2650
f 2649/2649 2721/2721 2722/2722
f 2650/2650 2723/2723 2651/2651
f 2650/2650 2722/2722 2723/2723
f 2651/2651 2724/2724 2652/2652
f 2651/2651 2723/2723 2724/2724
f 2652/2652 2725/2725 2653/2653
f 2652/2652 2724/2724 2725/2725
f 2653/2653 2726/2726 2654/2654
f 2653/2653 2725/2725 2726/2726
f 2654/2654 2727/2727 2655/2655
f 2654/2654 2726/2726 2727/2727
f 2655/2655 2728/2728 2656/2656
f 2655/2655 2727/2727 2728/2728
f 2656/2656 2729/2729 2657/2657
f 2656/2656 2728/2728 2729/2729
f 2657/2657 2730/2730 2658/2658
f 2657/2657 2729/2729 2730/2730
f 2658/2658 2731/2731 2659/2659
f 2658/2658 2730/2730 2731/2731
f 2732/2732 2733/2733 2662/2662
f 2732/2732 2734/2734 2733/2733
f 2662/2662 2735/2735 2661/2661
f 2662/2662 2733/2733 2735/2735
f 2661/2661 2736/2736 2663/2663
f 2661/2661 2735/2735 2736/2736
f 2663/2663 2737/2737 2664/2664
f 2663/2663 2736/2736 2737/2737
f 2664/2664 2738/2738 2665/2665
f 2664/2664 2737/2737 2738/2738
f 2665/2665 2739/2739 2666/2666
f 2665/2665 2738/2738 2739/2739
f 2666/2666 2740/2740 2667/2667
f 2666/2666 2739/2739 2740/2740
f 2667/2667 2741/2741 2668/2668
f 2667/2667 2740/2740 2741/2741
f 2668/2668 2742/2742 2669/2669
f 2668/2668 2741/2741 2742/2742
f 2669/2669 2743/2743 2670/2670
f 2669/2669 2742/2742 2743/2743
f 2670/2670 2744/2744 2671/2671
f 2670/2670 2743/2743 2744/2744
f 2671/2671 2745/2745 2672/2672
f 2671/2671 2744/2744 2745/2745
f 2672/2672 2746/2746 2673/2673
f 2672/2672 2745/2745 2746/2746
f 2673/2673 2747/2747 2674/2674
f 2673/2673 2746/2746 2747/2747
f 2674/2674 2748/2748 2675/2675
f 2674/2674 2747/2747 2748/2748
f 2675/2675 2749/2749 2676/2676
f 2675/2675 2748/2748 2749/2749
f 2676/2676 2750/2750 2677/2677
f 2676/2676 2749/2749 2750/2750
f 2677/2677 2751/2751 2678/2678
f 2677/2677 2750/2750 2751/2751
f 2678/2678 2752/2752 2679/2679
f 2678/2678 2751/2751 2752/2752
f 2679/2679 2753/2753 2680/2680
f 2679/2679 2752/2752 2753/2753
f 2680/2680 2754/2754 2681/2681
f 2680/2680 2753/2753 2754/2754
f 2681/2681 2755/2755 2682/2682
f 2681/2681 2754/2754 2755/2755
f 2682/2682 2756/2756 2683/2683
f 2682/2682 2755/2755 2756/2756
f 2683/2683 2757/2757 2684/2684
f 2683/2683 2756/2756 2757/2757
f 2684/2684 2758/2758 2685/2685
f 2684/2684 2757/2757 2758/2758
f 2685/2685 2759/2759 2686/2686
f 2685/2685 2758/2758 2759/2759
f 2686/2686 2760/2760 2687/2687
f 2686/2686 2759/2759 2760/2760
f 2687/2687 2761/2761 2688/2688
f 2687/2687 2760/2760 2761/2761
f 2688/2688 2762/2762 2689/2689
f 2688/2688 2761/2761 2762/2762
f 2689/2689 2763/2763 2690/2690
f 2689/2689 2762/2762 2763/2763
f 2690/2690 2764/2764 2691/2691
f 2690/2690 2763/2763 2764/2764
f 2691/2691 2765/2765 2692/2692
f 2691/2691 2764/2764 2765/2765
f 2692/2692 2766/2766 2693/2693
f 2692/2692 2765/2765 2766/2766
f 2693/2693 2767/2767 2694/2694
f 2693/2693 2766/2766 2767/2767
f 2694/2694 2768/2768 2695/2695
f 2694/2694 2767/2767 2768/2768
f 2695/2695 2769/2769 2696/2696
f 2695/2695 2768/2768 2769/2769
f 2696/2696 2770/2770 2697/2697
f 2696/2696 2769/2769 2770/2770
f 2697/2697 2771/2771 2698/2698
f 2697/2697 2770/2770 2771/2771
f 2698/2698 2772/2772 2699/2699
f 2698/2698 2771/2771 2772/2772
f 2699/2699 2773/2773 2700/2700
f 2699/2699 2772/2772 2773/2773
f 2700/2700 2774/2774 2701/2701
f 2700/2700 2773/2773 2774/2774
f 2701/2701 2775/2775 2702/2702
f 2701/2701 2774/2774 2775/2775
f 2702/2702 2776/2776 2703/2703
f 2702/2702 2775/2775 2776/2776
f 2703/2703 2777/2777 2704/2704
f 2703/2703 2776/2776 2777/2777
f 2704/2704 2778/2778 2705/2705
f 2704/2704 2777/2777 2778/2778
f 2705/2705 2779/2779 2706/2706
f 2705/2705 2778/2778 2779/2779
f 2706/2706 2780/2780 2707/2707
f 2706/2706 2779/2779 2780/2780
f 2707/2707 2781/2781 2708/2708
f 2707/2707 2780/2780 2781/2781
f 2708/2708 2782/2782 2709/2709
f 2708/2708 2781/2781 2782/2782
f 2709/2709 2783/2783 2710/2710
f 2709/2709 2782/2782 2783/2783
f 2710/2710 2784/2784 2711/2711
f 2710/2710 2783/2783 2784/2784
f 2711/2711 2785/2785 2712/2712
f 2711/2711 2784/2784 2785/2785
f 2712/2712 2786/2786 2713/2713
f 2712/2712 2785/2785 2786/2786
f 2713/2713 2787/2787 2714/2714
f 2713/2713 2786/2786 2787/2787
f 2714/2714 2788/2788 2715/2715
f 2714/2714 2787/2787 2788/2788
f 2715/2715 2789/2789 2716/2716
f 2715/2715 2788/2788 2789/2789
f 2716/2716 2790/2790 2717/2717
f 2716/2716 2789/2789 2790/2790
f 2717/2717 2791/2791 2718/2718
f 2717/2717 2790/2790 2791/2791
f 2718/2718 2792/2792 2719/2719
f 2718/2718 2791/2791 2792/2792
f 2719/2719 2793/2793 2720/2720
f 2719/2719 2792/2792 2793/2793
f 2720/2720 2794/2794 2721/2721
f 2720/2720 2793/2793 2794/2794
f 2721/2721 2795/2795 2722/2722
f 2721/2721 2794/2794 2795/2795
f 2722/2722 2796/2796 2723/2723
f 2722/2722 2795/2795 2796/2796
f 2723/2723 2797/2797 2724/2724
f 2723/2723 2796/2796 2797/2797
f 2724/2724 2798/2798 2725/2725
f 2724/2724 2797/2797 2798/2798
f 2725/2725 2799/2799 2726/2726
f 2725/2725 2798/2798 2799/2799
f 2726/2726 2800/2800 2727/2727
f 2726/2726 2799/2799 2800/2800
f 2727/2727 2801/2801 2728/2728
f 2727/2727 2800/2800 2801/2801
f 2728/2728 2802/2802 2729/2729
f 2728/2728 2801/2801 2802/2802
f 2729/2729 2803/2803 2730/2730
f 2729/2729 2802/2802 2803/2803
f 2730/2730 2804/2804 2731/2731
f 2730/2730 2803/2803 2804/2804
f 2805/2805 2807/2807 2806/2806
f 2805/2805 2808/2808 2807/2807
f 2806/2806 2809/2809 2734/2734
f 2806/2806 2807/2807 2809/2809
f 2734/2734 2810/2810 2733/2733
f 2734/2734 2809/2809 2810/2810
f 2733/2733 2811/2811 2735/2735
f 2733/2733 2810/2810 2811/2811
f 2735/2735 2812/2812 2736/2736
f 2735/2735 2811/2811 2812/2812
f 2736/2736 2813/2813 2737/2737
f 2736/2736 2812/2812 2813/2813
f 2737/2737 2814/2814 2738/2738
f 2737/2737 2813/2813 2814/2814
f 2738/2738 2815/2815 2739/2739
f 2738/2738 2814/2814 2815/2815
f 2739/2739 2816/2816 2740/2740
f 2739/2739 2815/2815 2816/2816
f 2740/2740 2817/2817 2741/2741
f 2740/2740 2816/2816 2817/2817
f 2741/2741 2818/2818 2742/2742
f 2741/2741 2817/2817 2818/2818
f 2742/2742 2819/2819 2743/2743
f 2742/2742 2818/2818 2819/2819
f 2743/2743 2820/2820 2744/2744
f 2743/2743 2819/2819 2820/2820
f 2744/2744 2821/2821 2745/2745
f 2744/2744 2820/2820 2821/2821
f 2745/2745 2822/2822 2746/2746
f 2745/2745 2821/2821 2822/2822
f 2746/2746 2823/2823 2747/2747
f 2746/2746 2822/2822 2823/2823
f 2747/2747 2824/2824 2748/2748
f 2747/2747 2823/2823 2824/2824
f 2748/2748 2825/2825 2749/2749
f 2748/2748 2824/2824 2825/2825
f 2749/2749 2826/2826 2750/2750
f 2749/2749 2825/2825 2826/2826
f 2750/2750 2827/2827 2751/2751
f 2750/2750 2826/2826 2827/2827
f 2751/2751 2828/2828 2752/2752
f 2751/2751 2827/2827 2828/2828
f 2752/2752 2829/2829 2753/2753
f 2752/2752 2828/2828 2829/2829
f 2753/2753 2830/2830 2754/2754
f 2753/2753 2829/2829 2830/2830
f 2754/2754 2831/2831 2755/2755
f 2754/2754 2830/2830 2831/2831
f 2755/2755 2832/2832 2756/2756
f 2755/2755 2831/2831 2832/2832
f 2756/2756 2833/2833 2757/2757
f 2756/2756 2832/2832 2833/2833
f 2757/2757 2834/2834 2758/2758
f 2757/2757 2833/2833 2834/2834
f 2758/2758 2835/2835 2759/2759
f 2758/2758 2834/2834 2835/2835
f 2759/2759 2836/2836 2760/2760
f 2759/2759 2835/2835 2836/2836
f 2760/2760 2837/2837 2761/2761
f 2760/2760 2836/2836 2837/2837
f 2761/2761 2838/2838 2762/2762
f 2761/2761 2837/2837 2838/2838
f 2762/2762 2839/2839 2763/2763
f 2762/2762 2838/2838 2839/2839
f 2763/2763 2840/2840 2764/2764
f 2763/2763 2839/2839 2840/2840
f 2764/2764 2841/2841 2765/2765
f 2764/2764 2840/2840 2841/2841
f 2765/2765 2842/2842 2766/2766
f 2765/2765 2841/2841 2842/2842
f 2766/2766 2843/2843 2767/2767
f 2766/2766 2842/2842 2843/2843
f 2767/2767 2844/2844 2768/2768
f 2767/2767 2843/2843 2844/2844
f 2768/2768 2845/2845 2769/2769
f 2768/2768 2844/2844 2845/2845
f 2769/2769 2846/2846 2770/2770
f 2769/2769 2845/2845 2846/2846
f 2770/2770 2847/2847 2771/2771
f 2770/2770 2846/2846 2847/2847
f 2771/2771 2848/2848 2772/2772
f 2771/2771 2847/2847 2848/2848
f 2772/2772 2849/2849 2773/2773
f 2772/2772 2848/2848 2849/2849
f 2773/2773 2850/2850 2774/2774
f 2773/2773 2849/2849 2850/2850
f 2774/2774 2851/2851 2775/2775
f 2774/2774 2850/2850 2851/2851
f 2775/2775 2852/2852 2776/2776
f 2775/2775 2851/2851 2852/2852
f 2776/2776 2853/2853 2777/2777
f 2776/2776 2852/2852 2853/2853
f 2777/2777 2854/2854 2778/2778
f 2777/2777 2853/2853 2854/2854
f 2778/2778 2855/2855 2779/2779
f 2778/2778 2854/2854 2855/2855
f 2779/2779 2856/2856 2780/2780
f 2779/2779 2855/2855 2856/2856
f 2780/2780 2857/2857 2781/2781
f 2780/2780 2856/2856 2857/2857
f 2781/2781 2858/2858 2782/2782
f 2781/2781 2857/2857 2858/2858
f 2782/2782 2859/2859 2783/2783
f 2782/2782 2858/2858 2859/2859
f 2783/2783 2860/2860 2784/2784
f 2783/2783 2859/2859 2860/2860
f 2784/2784 2861/2861 2785/2785
f 2784/2784 2860/2860 2861/2861
f 2785/2785 2862/2862 2786/2786
f 2785/2785 2861/2861 2862/2862
f 2786/2786 2863/2863 2787/2787
f 2786/2786 2862/2862 2863/2863
f 2787/2787 2864/2864 2788/2788
f 2787/2787 2863/2863 2864/2864
f 2788/2788 2865/2865 2789/2789
f 2788/2788 2864/2864 2865/2865
f 2789/2789 2866/2866 2790/2790
f 2789/2789 2865/2865 2866/2866
f 2790/2790 2867/2867 2791/2791
f 2790/2790 2866/2866 2867/2867
f 2791/2791 2868/2868 2792/2792
f 2791/2791 2867/2867 2868/2868
f 2792/2792 2869/2869 2793/2793
f 2792/2792 2868/2868 2869/2869
f 2793/2793 2870/2870 2794/2794
f 2793/2793 2869/2869 2870/2870
f 2794/2794 2871/2871 2795/2795
f 2794/2794 2870/2870 2871/2871
f 2795/2795 2872/2872 2796/2796
f 2795/2795 2871/2871 2872/2872
f 2796/2796 2873/2873 2797/2797
f 2796/2796 2872/2872 2873/2873
f 2797/2797 2874/2874 2798/2798
f 2797/2797 2873/2873 2874/2874
f 2798/2798 2875/2875 2799/2799
f 2798/2798 2874/2874 2875/2875
f 2799/2799 2876/2876 2800/2800
f 2799/2799 2875/2875 2876/2876
f 2800/2800 2877/2877 2801/2801
f 2800/2800 2876/2876 2877/2877
f 2801/2801 2878/2878 2802/2802
f 2801/2801 2877/2877 2878/2878
f 2802/2802 2879/2879 2803/2803
f 2802/2802 2878/2878 2879/2879
f 2803/2803 2880/2880 2804/2804
f 2803/2803 2879/2879 2880/2880
f 2881/2881 2883/2883 2882/2882
f 2881/2881 2884/2884 2883/2883
f 2882/2882 2885/2885 2808/2808
f 2882/2882 2883/2883 2885/2885
f 2808/2808 2886/2886 2807/2807
f 2808/2808 2885/2885 2886/2886
f 2807/2807 2887/2887 2809/2809
f 2807/2807 2886/2886 2887/2887
f 2809/2809 2888/2888 2810/2810
f 2809/2809 2887/2887 2888/2888
f 2810/2810 2889/2889 2811/2811
f 2810/2810 2888/2888 2889/2889
f 2811/2811 2890/2890 2812/2812
f 2811/2811 2889/2889 2890/2890
f 2812/2812 2891/2891 2813/2813
f 2812/2812 2890/2890 2891/2891
f 2813/2813 2892/2892 2814/2814
f 2813/2813 2891/2891 2892/2892
f 2814/2814 2893/2893 2815/2815
f 2814/2814 2892/2892 2893/2893
f 2815/2815 2894/2894 2816/2816
f 2815/2815 2893/2893 2894/2894
f 2816/2816 2895/2895 2817/2817
f 2816/2816 2894/2894 2895/2895
f 2817/2817 2896/2896 2818/2818
f 2817/2817 2895/2895 2896/2896
f 2818/2818 2897/2897 2819/2819
f 2818/2818 2896/2896 2897/2897
f 2819/2819 2898/2898 2820/2820
f 2819/2819 2897/2897 2898/2898
f 2820/2820 2899/2899 2821/2821
f 2820/2820 2898/2898 2899/2899
f 2821/2821 2900/2900 2822/2822
f 2821/2821 2899/2899 2900/2900
f 2822/2822 2901/2901 2823/2823
f 2822/2822 2900/2900 2901/2901
f 2823/2823 2902/2902 2824/2824
f 2823/2823 2901/2901 2902/2902
f 2824/2824 2903/2903 2825/2825
f 2824/2824 2902/2902 2903/2903
f 2825/2825 2904/2904 2826/2826
f 2825/2825 2903/2903 2904/2904
f 2826/2826 2905/2905 2827/2827
f 2826/2826 2904/2904 2905/2905
f 2827/2827 2906/2906 2828/2828
f 2827/2827 2905/2905 2906/2906
f 2828/2828 2907/2907 2829/2829
f 2828/2828 2906/2906 2907/2907
f 2829/2829 2908/2908 2830/2830
f 2829/2829 2907/2907 2908/2908
f 2830/2830 2909/2909 2831/2831
f 2830/2830 2908/2908 2909/2909
f 2831/2831 2910/2910 2832/2832
f 2831/2831 2909/2909 2910/2910
f 2832/2832 2911/2911 2833/2833
f 2832/2832 2910/2910 2911/2911
f 2833/2833 2912/2912 2834/2834
f 2833/2833 2911/2911 2912/2912
f 2834/2834 2913/2913 2835/2835
f 2834/2834 2912/2912 2913/2913
f 2835/2835 2914/2914 2836/2836
f 2835/2835 2913/2913 2914/2914
f 2836/2836 2915/2915 2837/2837
f 2836/2836 2914/2914 2915/2915
f 2837/2837 2916/2916 2838/2838
f 2837/2837 2915/2915 2916/2916
f 2838/2838 2917/2917 2839/2839
f 2838/2838 2916/2916 2917/2917
f 2839/2839 2918/2918 2840/2840
f 2839/2839 2917/2917 2918/2918
f 2840/2840 2919/2919 2841/2841
f 2840/2840 2918/2918 2919/2919
f 2841/2841 2920/2920 2842/2842
f 2841/2841 2919/2919 2920/2920
f 2842/2842 2921/2921 2843/2843
f 2842/2842 2920/2920 2921/2921
f 2843/2843 2922/2922 2844/2844
f 2843/2843 2921/2921 2922/2922
f 2844/2844 2923/2923 2845/2845
f 2844/2844 2922/2922 2923/2923
f 2845/2845 2924/2924 2846/2846
f 2845/2845 2923/2923 2924/2924
f 2846/2846 2925/2925 2847/2847
f 2846/2846 2924/2924 2925/2925
f 2847/2847 2926/2926 2848/2848
f 2847/2847 2925/2925 2926/2926
f 2848/2848 2927/2927 2849/2849
f 2848/2848 2926/2926 2927/2927
f 2849/2849 2928/2928 2850/2850
f 2849/2849 2927/2927 2928/2928
f 2850/2850 2929/2929 2851/2851
f 2850/2850 2928/2928 2929/2929
f 2851/2851 2930/2930 2852/2852
f 2851/2851 2929/2929 2930/2930
f 2852/2852 2931/2931 2853/2853
f 2852/2852 2930/2930 2931/2931
f 2853/2853 2932/2932 2854/2854
f 2853/2853 2931/2931 2932/2932
f 2854/2854 2933/2933 2855/2855
f 2854/2854 2932/2932 2933/2933
f 2855/2855 2934/2934 2856/2856
f 2855/2855 2933/2933 2934/2934
f 2856/2856 2935/2935 2857/2857
f 2856/2856 2934/2934 2935/2935
f 2857/2857 2936/2936 2858/2858
f 2857/2857 2935/2935 2936/2936
f 2858/2858 2937/2937 2859/2859
f 2858/2858 2936/2936 2937/2937
f 2859/2859 2938/2938 2860/2860
f 2859/2859 2937/2937 2938/2938
f 2860/2860 2939/2939 2861/2861
f 2860/2860 2938/2938 2939/2939
f 2861/2861 2940/2940 2862/2862
f 2861/2861 2939/2939 2940/2940
f 2862/2862 2941/2941 2863/2863
f 2862/2862 2940/2940 2941/2941
f 2863/2863 2942/2942 2864/2864
f 2863/2863 2941/2941 2942/2942
f 2864/2864 2943/2943 2865/2865
f 2864/2864 2942/2942 2943/2943
f 2865/2865 2944/2944 2866/2866
f 2865/2865 2943/2943 2944/2944
f 2866/2866 2945/2945 2867/2867
f 2866/2866 2944/2944 2945/2945
f 2867/2867 2946/2946 2868/2868
f 2867/2867 2945/2945 2946/2946
f 2868/2868 2947/2947 2869/2869
f 2868/2868 2946/2946 2947/2947
f 2869/2869 2948/2948 2870/2870
f 2869/2869 2947/2947 2948/2948
f 2870/2870 2949/2949 2871/2871
f 2870/2870 2948/2948 2949/2949
f 2871/2871 2950/2950 2872/2872
f 2871/2871 2949/2949 2950/2950
f 2872/2872 2951/2951 2873/2873
f 2872/2872 2950/2950 2951/2951
f 2873/2873 2952/2952 2874/2874
f 2873/2873 2951/2951 2952/2952
f 2874/2874 2953/2953 2875/2875
f 2874/2874 2952/2952 2953/2953
f 2875/2875 2954/2954 2876/2876
f 2875/2875 2953/2953 2954/2954
f 2876/2876 2955/2955 2877/2877
f 2876/2876 2954/2954 2955/2955
f 2877/2877 2956/2956 2878/2878
f 2877/2877 2955/2955 2956/2956
f 2878/2878 2957/2957 2879/2879
f 2878/2878 2956/2956 2957/2957
f 2958/2958 2959/2959 2884/2884
f 2958/2958 2960/2960 2959/2959
f 2884/2884 2961/2961 2883/2883
f 2884/2884 2959/2959 2961/2961
f 2883/2883 2962/2962 2885/2885
f 2883/2883 2961/2961 2962/2962
f 2885/2885 2963/2963 2886/2886
f 2885/2885 2962/2962 2963/2963
f 2886/2886 2964/2964 2887/2887
f 2886/2886 2963/2963 2964/2964
f 2887/2887 2965/2965 2888/2888
f 2887/2887 2964/2964 2965/2965
f 2888/2888 2966/2966 2889/2889
f 2888/2888 2965/2965 2966/2966
f 2889/2889 2967/2967 2890/2890
f 2889/2889 2966/2966 2967/2967
f 2890/2890 2968/2968 2891/2891
f 2890/2890 2967/2967 2968/2968
f 2891/2891 2969/2969 2892/2892
f 2891/2891 2968/2968 2969/2969
f 2892/2892 2970/2970 2893/2893
f 2892/2892 2969/2969 2970/2970
f 2893/2893 2971/2971 2894/2894
f 2893/2893 2970/2970 2971/2971
f 2894/2894 2972/2972 2895/2895
f 2894/2894 2971/2971 2972/2972
f 2895/2895 2973/2973 2896/2896
f 2895/2895 2972/2972 2973/2973
f 2896/2896 2974/2974 2897/2897
f 2896/2896 2973/2973 2974/2974
f 2897/2897 2975/2975 2898/2898
f 2897/2897 2974/2974 2975/2975
f 2898/2898 2976/2976 2899/2899
f 2898/2898 2975/2975 2976/2976
f 2899/2899 2977/2977 2900/2900
f 2899/2899 2976/2976 2977/2977
f 2900/2900 2978/2978 2901/2901
f 2900/2900 2977/2977 2978/2978
f 2901/2901 2979/2979 2902/2902
f 2901/2901 2978/2978 2979/2979
f 2902/2902 2980/2980 2903/2903
f 2902/2902 2979/2979 2980/2980
f 2903/2903 2981/2981 2904/2904
f 2903/2903 2980/2980 2981/2981
f 2904/2904 2982/2982 2905/2905
f 2904/2904 2981/2981 2982/2982
f 2905/2905 2983/2983 2906/2906
f 2905/2905 2982/2982 2983/2983
f 2906/2906 2984/2984 2907/2907
f 2906/2906 2983/2983 2984/2984
f 2907/2907 2985/2985 2908/2908
f 2907/2907 2984/2984 2985/2985
f 2908/2908 2986/2986 2909/2909
f 2908/2908 2985/2985 2986/2986
f 2909/2909 2987/2987 2910/2910
f 2909/2909 2986/2986 2987/2987
f 2910/2910 2988/2988 2911/2911
f 2910/2910 2987/2987 2988/2988
f 2911/2911 2989/2989 2912/2912
f 2911/2911 2988/2988 2989/2989
f 2912/2912 2990/2990 2913/2913
f 2912/2912 2989/2989 2990/2990
f 2913/2913 2991/2991 2914/2914
f 2913/2913 2990/2990 2991/2991
f 2914/2914 2992/2992 2915/2915
f 2914/2914 2991/2991 2992/2992
f 2915/2915 2993/2993 2916/2916
f 2915/2915 2992/2992 2993/2993
f 2916/2916 2994/2994 2917/2917
f 2916/2916 2993/2993 2994/2994
f 2917/2917 2995/2995 2918/2918
f 2917/2917 2994/2994 2995/2995
f 2918/2918 2996/2996 2919/2919
f 2918/2918 2995/2995 2996/2996
f 2919/2919 2997/2997 2920/2920
f 2919/2919 2996/2996 2997/2997
f 2920/2920 2998/2998 2921/2921
f 2920/2920 2997/2997 2998/2998
f 2921/2921 2999/2999 2922/2922
f 2921/2921 2998/2998 2999/2999
f 2922/2922 3000/3000 2923/2923
f 2922/2922 2999/2999 3000/3000
f 2923/2923 3001/3001 2924/2924
f 2923/2923 3000/3000 3001/3001
f 2924/2924 3002/3002 2925/2925
f 2924/2924 3001/3001 3002/3002
f 2925/2925 3003/3003 2926/2926
f 2925/2925 3002/3002 3003/3003
f 2926/2926 3004/3004 2927/2927
f 2926/2926 3003/3003 3004/3004
f 2927/2927 3005/3005 2928/2928
f 2927/2927 3004/3004 3005/3005
f 2928/2928 3006/3006 2929/2929
f 2928/2928 3005/3005 3006/3006
f 2929/2929 3007/3007 2930/2930
f 2929/2929 3006/3006 3007/3007
f 2930/2930 3008/3008 2931/2931
f 2930/2930 3007/3007 3008/3008
f 2931/2931 3009/3009 2932/2932
f 2931/2931 3008/3008 3009/3009
f 2932/2932 3010/3010 2933/2933
f 2932/2932 3009/3009 3010/3010
f 2933/2933 3011/3011 2934/2934
f 2933/2933 3010/3010 3011/3011
f 2934/2934 3012/3012 2935/2935
f 2934/2934 3011/3011 3012/3012
f 2935/2935 3013/3013 2936/2936
f 2935/2935 3012/3012 3013/3013
f 2936/2936 3014/3014 2937/2937
f 2936/2936 3013/3013 3014/3014
f 2937/2937 3015/3015 2938/2938
f 2937/2937 3014/3014 3015/3015
f 2938/2938 3016/3016 2939/2939
f 2938/2938 3015/3015 3016/3016
f 2939/2939 3017/3017 2940/2940
f 2939/2939 3016/3016 3017/3017
f 2940/2940 3018/3018 2941/2941
f 2940/2940 3017/3017 3018/3018
f 2941/2941 3019/3019 2942/2942
f 2941/2941 3018/3018 3019/3019
f 2942/2942 3020/3020 2943/2943
f 2942/2942 3019/3019 3020/3020
f 2943/2943 3021/3021 2944/2944
f 2943/2943 3020/3020 3021/3021
f 2944/2944 3022/3022 2945/2945
f 2944/2944 3021/3021 3022/3022
f 2945/2945 3023/3023 2946/2946
f 2945/2945 3022/3022 3023/3023
f 2946/2946 3024/3024 2947/2947
f 2946/2946 3023/3023 3024/3024
f 2947/2947 3025/3025 2948/2948
f 2947/2947 3024/3024 3025/3025
f 2948/2948 3026/3026 2949/2949
f 2948/2948 3025/3025 3026/3026
f 2949/2949 3027/3027 2950/2950
f 2949/2949 3026/3026 3027/3027
f 2950/2950 3028/3028 2951/2951
f 2950/2950 3027/3027 3028/3028
f 2951/2951 3029/3029 2952/2952
f 2951/2951 3028/3028 3029/3029
f 2952/2952 3030/3030 2953/2953
f 2952/2952 3029/3029 3030/3030
f 2953/2953 3031/3031 2954/2954
f 2953/2953 3030/3030 3031/3031
f 2954/2954 3032/3032 2955/2955
f 2954/2954 3031/3031 3032/3032
f 2955/2955 3033/3033 2956/2956
f 2955/2955 3032/3032 3033/3033
f 2956/2956 3034/3034 2957/2957
f 2956/2956 3033/3033 3034/3034
f 3035/3035 3037/3037 3036/3036
f 3035/3035 3038/3038 3037/3037
f 3036/3036 3039/3039 2960/2960
f 3036/3036 3037/3037 3039/3039
f 2960/2960 3040/3040 2959/2959
f 2960/2960 3039/3039 3040/3040
f 2959/2959 3041/3041 2961/2961
f 2959/2959 3040/3040 3041/3041
f 2961/2961 3042/3042 2962/2962
f 2961/2961 3041/3041 3042/3042
f 2962/2962 3043/3043 2963/2963
f 2962/2962 3042/3042 3043/3043
f 2963/2963 3044/3044 2964/2964
f 2963/2963 3043/3043 3044/3044
f 2964/2964 3045/3045 2965/2965
f 2964/2964 3044/3044 3045/3045
f 2965/2965 3046/3046 2966/2966
f 2965/2965 3045/3045 3046/3046
f 2966/2966 3047/3047 2967/2967
f 2966/2966 3046/3046 3047/3047
f 2967/2967 3048/3048 2968/2968
f 2967/2967 3047/3047 3048/3048
f 2968/2968 3049/3049 2969/2969
f 2968/2968 3048/3048 3049/3049
f 2969/2969 3050/3050 2970/2970
f 2969/2969 3049/3049 3050/3050
f 2970/2970 3051/3051 2971/2971
f 2970/2970 3050/3050 3051/3051
f 2971/2971 3052/3052 2972/2972
f 2971/2971 3051/3051 3052/3052
f 2972/2972 3053/3053 2973/2973
f 2972/2972 3052/3052 3053/3053
f 2973/2973 3054/3054 2974/2974
f 2973/2973 3053/3053 3054/3054
f 2974/2974 3055/3055 2975/2975
f 2974/2974 3054/3054 3055/3055
f 2975/2975 3056/3056 2976/2976
f 2975/2975 3055/3055 3056/3056
f 2976/2976 3057/3057 2977/2977
f 2976/2976 3056/3056 3057/3057
f 2977/2977 3058/3058 2978/2978
f 2977/2977 3057/3057 3058/3058
f 2978/2978 3059/3059 2979/2979
f 2978/2978 3058/3058 3059/3059
f 2979/2979 3060/3060 2980/2980
f 2979/2979 3059/3059 3060/3060
f 2980/2980 3061/3061 2981/2981
f 2980/2980 3060/3060 3061/3061
f 2981/2981 3062/3062 2982/2982
f 2981/2981 3061/3061 3062/3062
f 2982/2982 3063/3063 2983/2983
f 2982/2982 3062/3062 3063/3063
f 2983/2983 3064/3064 2984/2984
f 2983/2983 3063/3063 3064/3064
f 2984/2984 3065/3065 2985/2985
f 2984/2984 3064/3064 3065/3065
f 2985/2985 3066/3066 2986/2986
f 2985/2985 3065/3065 3066/3066
f 2986/2986 3067/3067 2987/2987
f 2986/2986 3066/3066 3067/3067
f 2987/2987 3068/3068 2988/2988
f 2987/2987 3067/3067 3068/3068
f 2988/2988 3069/3069 2989/2989
f 2988/2988 3068/3068 3069/3069
f 2989/2989 3070/3070 2990/2990
f 2989/2989 3069/3069 3070/3070
f 2990/2990 3071/3071 2991/2991
f 2990/2990 3070/3070 3071/3071
f 2991/2991 3072/3072 2992/2992
f 2991/2991 3071/3071 3072/3072
f 2992/2992 3073/3073 2993/2993
f 2992/2992 3072/3072 3073/3073
f 2993/2993 3074/3074 2994/2994
f 2993/2993 3073/3073 3074/3074
f 2994/2994 3075/3075 2995/2995
f 2994/2994 3074/3074 3075/3075
f 2995/2995 3076/3076 2996/2996
f 2995/2995 3075/3075 3076/3076
f 2996/2996 3077/3077 2997/2997
f 2996/2996 3076/3076 3077/3077
f 2997/2997 3078/3078 2998/2998
f 2997/2997 3077/3077 3078/3078
f 2998/2998 3079/3079 2999/2999
f 2998/2998 3078/3078 3079/3079
f 2999/2999 3080/3080 3000/3000
f 2999/2999 3079/3079 3080/3080
f 3000/3000 3081/3081 3001/3001
f 3000/3000 3080/3080 3081/3081
f 3001/3001 3082/3082 3002/3002
f 3001/3001 3081/3081 3082/3082
f 3002/3002 3083/3083 3003/3003
f 3002/3002 3082/3082 3083/3083
f 3003/3003 3084/3084 3004/3004
f 3003/3003 3083/3083 3084/3084
f 3004/3004 3085/3085 3005/3005
f 3004/3004 3084/3084 3085/3085
f 3005/3005 3086/3086 3006/3006
f 3005/3005 3085/3085 3086/3086
f 3006/3006 3087/3087 3007/3007
f 3006/3006 3086/3086 3087/3087
f 3007/3007 3088/3088 3008/3008
f 3007/3007 3087/3087 3088/3088
f 3008/3008 3089/3089 3009/3009
f 3008/3008 3088/3088 3089/3089
f 3009/3009 3090/3090 3010/3010
f 3009/3009 3089/3089 3090/3090
f 3010/3010 3091/3091 3011/3011
f 3010/3010 3090/3090 3091/3091
f 3011/3011 3092/3092 3012/3012
f 3011/3011 3091/3091 3092/3092
f 3012/3012 3093/3093 3013/3013
f 3012/3012 3092/3092 3093/3093
f 3013/3013 3094/3094 3014/3014
f 3013/3013 3093/3093 3094/3094
f 3014/3014 3095/3095 3015/3015
f 3014/3014 3094/3094 3095/3095
f 3015/3015 3096/3096 3016/3016
f 3015/3015 3095/3095 3096/3096
f 3016/3016 3097/3097 3017/3017
f 3016/3016 3096/3096 3097/3097
f 3017/3017 3098/3098 3018/3018
f 3017/3017 3097/3097 3098/3098
f 3018/3018 3099/3099 3019/3019
f 3018/3018 3098/3098 3099/3099
f 3019/3019 3100/3100 3020/3020
f 3019/3019 3099/3099 3100/3100
f 3020/3020 3101/3101 3021/3021
f 3020/3020 3100/3100 3101/3101
f 3021/3021 3102/3102 3022/3022
f 3021/3021 3101/3101 3102/3102
f 3022/3022 3103/3103 3023/3023
f 3022/3022 3102/3102 3103/3103
f 3023/3023 3104/3104 3024/3024
f 3023/3023 3103/3103 3104/3104
f 3024/3024 3105/3105 3025/3025
f 3024/3024 3104/3104 3105/3105
f 3025/3025 3106/3106 3026/3026
f 3025/3025 3105/3105 3106/3106
f 3026/3026 3107/3107 3027/3027
f 3026/3026 3106/3106 3107/3107
f 3027/3027 3108/3108 3028/3028
f 3027/3027 3107/3107 3108/3108
f 3028/3028 3109/3109 3029/3029
f 3028/3028 3108/3108 3109/3109
f 3029/3029 3110/3110 3030/3030
f 3029/3029 3109/3109 3110/3110
f 3030/3030 3111/3111 3031/3031
f 3030/3030 3110/3110 3111/3111
f 3031/3031 3112/3112 3032/3032
f 3031/3031 3111/3111 3112/3112
f 3032/3032 3113/3113 3033/3033
f 3032/3032 3112/3112 3113/3113
f 3114/3114 3116/3116 3115/3115
f 3114/3114 3117/3117 3116/3116
f 3115/3115 3118/3118 3038/3038
f 3115/3115 3116/3116 3118/3118
f 3038/3038 3119/3119 3037/3037
f 3038/3038 3118/3118 3119/3119
f 3037/3037 3120/3120 3039/3039
f 3037/3037 3119/3119 3120/3120
f 3039/3039 3121/3121 3040/3040
f 3039/3039 3120/3120 3121/3121
f 3040/3040 3122/3122 3041/3041
f 3040/3040 3121/3121 3122/3122
f 3041/3041 3123/3123 3042/3042
f 3041/3041 3122/3122 3123/3123
f 3042/3042 3124/3124 3043/3043
f 3042/3042 3123/3123 3124/3124
f 3043/3043 3125/3125 3044/3044
f 3043/3043 3124/3124 3125/3125
f 3044/3044 3126/3126 3045/3045
f 3044/3044 3125/3125 3126/3126
f 3045/3045 3127/3127 3046/3046
f 3045/3045 3126/3126 3127/3127
f 3046/3046 3128/3128 3047/3047
f 3046/3046 3127/3127 3128/3128
f 3047/3047 3129/3129 3048/3048
f 3047/3047 3128/3128 3129/3129
f 3048/3048 3130/3130 3049/3049
f 3048/3048 3129/3129 3130/3130
f 3049/3049 3131/3131 3050/3050
f 3049/3049 3130/3130 3131/3131
f 3050/3050 3132/3132 3051/3051
f 3050/3050 3131/3131 3132/3132
f 3051/3051 3133/3133 3052/3052
f 3051/3051 3132/3132 3133/3133
f 3052/3052 3134/3134 3053/3053
f 3052/3052 3133/3133 3134/3134
f 3053/3053 3135/3135 3054/3054
f 3053/3053 3134/3134 3135/3135
f 3054/3054 3136/3136 3055/3055
f 3054/3054 3135/3135 3136/3136
f 3055/3055 3137/3137 3056/3056
f 3055/3055 3136/3136 3137/3137
f 3056/3056 3138/3138 3057/3057
f 3056/3056 3137/3137 3138/3138
f 3057/3057 3139/3139 3058/3058
f 3057/3057 3138/3138 3139/3139
f 3058/3058 3140/3140 3059/3059
f 3058/3058 3139/3139 3140/3140
f 3059/3059 3141/3141 3060/3060
f 3059/3059 3140/3140 3141/3141
f 3060/3060 3142/3142 3061/3061
f 3060/3060 3141/3141 3142/3142
f 3061/3061 3143/3143 3062/3062
f 3061/3061 3142/3142 3143/3143
f 3062/3062 3144/3144 3063/3063
f 3062/3062 3143/3143 3144/3144
f 3063/3063 3145/3145 3064/3064
f 3063/3063 3144/3144 3145/3145
f 3064/3064 3146/3146 3065/3065
f 3064/3064 3145/3145 3146/3146
f 3065/3065 3147/3147 3066/3066
f 3065/3065 3146/3146 3147/3147
f 3066/3066 3148/3148 3067/3067
f 3066/3066 3147/3147 3148/3148
f 3067/3067 3149/3149 3068/3068
f 3067/3067 3148/3148 3149/3149
f 3068/3068 3150/3150 3069/3069
f 3068/3068 3149/3149 3150/3150
f 3069/3069 3151/3151 3070/3070
f 3069/3069 3150/3150 3151/3151
f 3070/3070 3152/3152 3071/3071
f 3070/3070 3151/3151 3152/3152
f 3071/3071 3153/3153 3072/3072
f 3071/3071 3152/3152 3153/3153
f 3072/3072 3154/3154 3073/3073
f 3072/3072 3153/3153 3154/3154
f 3073/3073 3155/3155 3074/3074
f 3073/3073 3154/3154 3155/3155
f 3074/3074 3156/3156 3075/3075
f 3074/3074 3155/3155 3156/3156
f 3075/3075 3157/3157 3076/3076
f 3075/3075 3156/3156 3157/3157
f 3076/3076 3158/3158 3077/3077
f 3076/3076 3157/3157 3158/3158
f 3077/3077 3159/3159 3078/3078
f 3077/3077 3158/3158 3159/3159
f 3078/3078 3160/3160 3079/3079
f 3078/3078 3159/3159 3160/3160
f 3079/3079 3161/3161 3080/3080
f 3079/3079 3160/3160 3161/3161
f 3080/3080 3162/3162 3081/3081
f 3080/3080 3161/3161 3162/3162
f 3081/3081 3163/3163 3082/3082
f 3081/3081 3162/3162 3163/3163
f 3082/3082 3164/3164 3083/3083
f 3082/3082 3163/3163 3164/3164
f 3083/3083 3165/3165 3084/3084
f 3083/3083 3164/3164 3165/3165
f 3084/3084 3166/3166 3085/3085
f 3084/3084 3165/3165 3166/3166
f 3085/3085 3167/3167 3086/3086
f 3085/3085 3166/3166 3167/3167
f 3086/3086 3168/3168 3087/3087
f 3086/3086 3167/3167 3168/3168
f 3087/3087 3169/3169 3088/3088
f 3087/3087 3168/3168 3169/3169
f 3088/3088 3170/3170 3089/3089
f 3088/3088 3169/3169 3170/3170
f 3089/3089 3171/3171 3090/3090
f 3089/3089 3170/3170 3171/3171
f 3090/3090 3172/3172 3091/3091
f 3090/3090 3171/3171 3172/3172
f 3091/3091 3173/3173 3092/3092
f 3091/3091 3172/3172 3173/3173
f 3092/3092 3174/3174 3093/3093
f 3092/3092 3173/3173 3174/3174
f 3093/3093 3175/3175 3094/3094
f 3093/3093 3174/3174 3175/3175
f 3094/3094 3176/3176 3095/3095
f 3094/3094 3175/3175 3176/3176
f 3095/3095 3177/3177 3096/3096
f 3095/3095 3176/3176 3177/3177
f 3096/3096 3178/3178 3097/3097
f 3096/3096 3177/3177 3178/3178
f 3097/3097 3179/3179 3098/3098
f 3097/3097 3178/3178 3179/3179
f 3098/3098 3180/3180 3099/3099
f 3098/3098 3179/3179 3180/3180
f 3099/3099 3181/3181 3100/3100
f 3099/3099 3180/3180 3181/3181
f 3100/3100 3182/3182 3101/3101
f 3100/3100 3181/3181 3182/3182
f 3101/3101 3183/3183 3102/3102
f 3101/3101 3182/3182 3183/3183
f 3102/3102 3184/3184 3103/3103
f 3102/3102 3183/3183 3184/3184
f 3103/3103 3185/3185 3104/3104
f 3103/3103 3184/3184 3185/3185
f 3104/3104 3186/3186 3105/3105
f 3104/3104 3185/3185 3186/3186
f 3105/3105 3187/3187 3106/3106
f 3105/3105 3186/3186 3187/3187
f 3106/3106 3188/3188 3107/3107
f 3106/3106 3187/3187 3188/3188
f 3107/3107 3189/3189 3108/3108
f 3107/3107 3188/3188 3189/3189
f 3108/3108 3190/3190 3109/3109
f 3108/3108 3189/3189 3190/3190
f 3109/3109 3191/3191 3110/3110
f 3109/3109 3190/3190 3191/3191
f 3110/3110 3192/3192 3111/3111
f 3110/3110 3191/3191 3192/3192
f 3111/3111 3193/3193 3112/3112
f 3111/3111 3192/3192 3193/3193
f 3112/3112 3194/3194 3113/3113
f 3112/3112 3193/3193 3194/3194
f 3195/3195 3196/3196 3117/3117
f 3195/3195 3197/3197 3196/3196
f 3117/3117 3198/3198 3116/3116
f 3117/3117 3196/3196 3198/3198
f 3116/3116 3199/3199 3118/3118
f 3116/3116 3198/3198 3199/3199
f 3118/3118 3200/3200 3119/3119
f 3118/3118 3199/3199 3200/3200
f 3119/3119 3201/3201 3120/3120
f 3119/3119 3200/3200 3201/3201
f 3120/3120 3202/3202 3121/3121
f 3120/3120 3201/3201 3202/3202
f 3121/3121 3203/3203 3122/3122
f 3121/3121 3202/3202 3203/3203
f 3122/3122 3204/3204 3123/3123
f 3122/3122 3203/3203 3204/3204
f 3123/3123 3205/3205 3124/3124
f 3123/3123 3204/3204 3205/3205
f 3124/3124 3206/3206 3125/3125
f 3124/3124 3205/3205 3206/3206
f 3125/3125 3207/3207 3126/3126
f 3125/3125 3206/3206 3207/3207
f 3126/3126 3208/3208 3127/3127
f 3126/3126 3207/3207 3208/3208
f 3127/3127 3209/3209 3128/3128
f 3127/3127 3208/3208 3209/3209
f 3128/3128 3210/3210 3129/3129
f 3128/3128 3209/3209 3210/3210
f 3129/3129 3211/3211 3130/3130
f 3129/3129 3210/3210 3211/3211
f 3130/3130 3212/3212 3131/3131
f 3130/3130 3211/3211 3212/3212
f 3131/3131 3213/3213 3132/3132
f 3131/3131 3212/3212 3213/3213
f 3132/3132 3214/3214 3133/3133
f 3132/3132 3213/3213 3214/3214
f 3133/3133 3215/3215 3134/3134
f 3133/3133 3214/3214 3215/3215
f 3134/3134 3216/3216 3135/3135
f 3134/3134 3215/3215 3216/3216
f 3135/3135 3217/3217 3136/3136
f 3135/3135 3216/3216 3217/3217
f 3136/3136 3218/3218 3137/3137
f 3136/3136 3217/3217 3218/3218
f 3137/3137 3219/3219 3138/3138
f 3137/3137 3218/3218 3219/3219
f 3138/3138 3220/3220 3139/3139
f 3138/3138 3219/3219 3220/3220
f 3139/3139 3221/3221 3140/3140
f 3139/3139 3220/3220 3221/3221
f 3140/3140 3222/3222 3141/3141
f 3140/3140 3221/3221 3222/3222
f 3141/3141 3223/3223 3142/3142
f 3141/3141 3222/3222 3223/3223
f 3142/3142 3224/3224 3143/3143
f 3142/3142 3223/3223 3224/3224
f 3143/3143 3225/3225 3144/3144
f 3143/3143 3224/3224 3225/3225
f 3144/3144 3226/3226 3145/3145
f 3144/3144 3225/3225 3226/3226
f 3145/3145 3227/3227 3146/3146
f 3145/3145 3226/3226 3227/3227
f 3146/3146 3228/3228 3147/3147
f 3146/3146 3227/3227 3228/3228
f 3147/3147 3229/3229 3148/3148
f 3147/3147 3228/3228 3229/3229
f 3148/3148 3230/3230 3149/3149
f 3148/3148 3229/3229 3230/3230
f 3149/3149 3231/3231 3150/3150
f 3149/3149 3230/3230 3231/3231
f 3150/3150 3232/3232 3151/3151
f 3150/3150 3231/3231 3232/3232
f 3151/3151 3233/3233 3152/3152
f 3151/3151 3232/3232 3233/3233
f 3152/3152 3234/3234 3153/3153
f 3152/3152 3233/3233 3234/3234
f 3153/3153 3235/3235 3154/3154
f 3153/3153 3234/3234 3235/3235
f 3154/3154 3236/3236 3155/3155
f 3154/3154 3235/3235 3236/3236
f 3155/3155 3237/3237 3156/3156
f 3155/3155 3236/3236 3237/3237
f 3156/3156 3238/3238 3157/3157
f 3156/3156 3237/3237 3238/3238
f 3157/3157 3239/3239 3158/3158
f 3157/3157 3238/3238 3239/3239
f 3158/3158 3240/3240 3159/3159
f 3158/3158 3239/3239 3240/3240
f 3159/3159 3241/3241 3160/3160
f 3159/3159 3240/3240 3241/3241
f 3160/3160 3242/3242 3161/3161
f 3160/3160 3241/3241 3242/3242
f 3161/3161 3243/3243 3162/3162
f 3161/3161 3242/3242 3243/3243
f 3162/3162 3244/3244 3163/3163
f 3162/3162 3243/3243 3244/3244
f 3163/3163 3245/3245 3164/3164
f 3163/3163 3244/3244 3245/3245
f 3164/3164 3246/3246 3165/3165
f 3164/3164 3245/3245 3246/3246
f 3165/3165 3247/3247 3166/3166
f 3165/3165 3246/3246 3247/3247
f 3166/3166 3248/3248 3167/3167
f 3166/3166 3247/3247 3248/3248
f 3167/3167 3249/3249 3168/3168
f 3167/3167 3248/3248 3249/3249
f 3168/3168 3250/3250 3169/3169
f 3168/3168 3249/3249 3250/3250
f 3169/3169 3251/3251 3170/3170
f 3169/3169 3250/3250 3251/3251
f 3170/3170 3252/3252 3171/3171
f 3170/3170 3251/3251 3252/3252
f 3171/3171 3253/3253 3172/3172
f 3171/3171 3252/3252 3253/3253
f 3172/3172 3254/3254 3173/3173
f 3172/3172 3253/3253 3254/3254
f 3173/3173 3255/3255 3174/3174
f 3173/3173 3254/3254 3255/3255
f 3174/3174 3256/3256 3175/3175
f 3174/3174 3255/3255 3256/3256
f 3175/3175 3257/3257 3176/3176
f 3175/3175 3256/3256 3257/3257
f 3176/3176 3258/3258 3177/3177
f 3176/3176 3257/3257 3258/3258
f 3177/3177 3259/3259 3178/3178
f 3177/3177 3258/3258 3259/3259
f 3178/3178 3260/3260 3179/3179
f 3178/3178 3259/3259 3260/3260
f 3179/3179 3261/3261 3180/3180
f 3179/3179 3260/3260 3261/3261
f 3180/3180 3262/3262 3181/3181
f 3180/3180 3261/3261 3262/3262
f 3181/3181 3263/3263 3182/3182
f 3181/3181 3262/3262 3263/3263
f 3182/3182 3264/3264 3183/3183
f 3182/3182 3263/3263 3264/3264
f 3183/3183 3265/3265 3184/3184
f 3183/3183 3264/3264 3265/3265
f 3184/3184 3266/3266 3185/3185
f 3184/3184 3265/3265 3266/3266
f 3185/3185 3267/3267 3186/3186
f 3185/3185 3266/3266 3267/3267
f 3186/3186 3268/3268 3187/3187
f 3186/3186 3267/3267 3268/3268
f 3187/3187 3269/3269 3188/3188
f 3187/3187 3268/3268 3269/3269
f 3188/3188 3270/3270 3189/3189
f 3188/3188 3269/3269 3270/3270
f 3189/3189 3271/3271 3190/3190
f 3189/3189 3270/3270 3271/3271
f 3190/3190 3272/3272 3191/3191
f 3190/3190 3271/3271 3272/3272
f 3191/3191 3273/3273 3192/3192
f 3191/3191 3272/3272 3273/3273
f 3192/3192 3274/3274 3193/3193
f 3192/3192 3273/3273 3274/3274
f 3275/3275 3277/3277 3276/3276
f 3275/3275 3278/3278 3277/3277
f 3276/3276 3279/3279 3197/3197
f 3276/3276 3277/3277 3279/3279
f 3197/3197 3280/3280 3196/3196
f 3197/3197 3279/3279 3280/3280
f 3196/3196 3281/3281 3198/3198
f 3196/3196 3280/3280 3281/3281
f 3198/3198 3282/3282 3199/3199
f 3198/3198 3281/3281 3282/3282
f 3199/3199 3283/3283 3200/3200
f 3199/3199 3282/3282 3283/3283
f 3200/3200 3284/3284 3201/3201
f 3200/3200 3283/3283 3284/3284
f 3201/3201 3285/3285 3202/3202
f 3201/3201 3284/3284 3285/3285
f 3202/3202 3286/3286 3203/3203
f 3202/3202 3285/3285 3286/3286
f 3203/3203 3287/3287 3204/3204
f 3203/3203 3286/3286 3287/3287
f 3204/3204 3288/3288 3205/3205
f 3204/3204 3287/3287 3288/3288
f 3205/3205 3289/3289 3206/3206
f 3205/3205 3288/3288 3289/3289
f 3206/3206 3290/3290 3207/3207
f 3206/3206 3289/3289 3290/3290
f 3207/3207 3291/3291 3208/3208
f 3207/3207 3290/3290 3291/3291
f 3208/3208 3292/3292 3209/3209
f 3208/3208 3291/3291 3292/3292
f 3209/3209 3293/3293 3210/3210
f 3209/3209 3292/3292 3293/3293
f 3210/3210 3294/3294 3211/3211
f 3210/3210 3293/3293 3294/3294
f 3211/3211 3295/3295 3212/3212
f 3211/3211 3294/3294 3295/3295
f 3212/3212 3296/3296 3213/3213
f 3212/3212 3295/3295 3296/3296
f 3213/3213 3297/3297 3214/3214
f 3213/3213 3296/3296 3297/3297
f 3214/3214 3298/3298 3215/3215
f 3214/3214 3297/3297 3298/3298
f 3215/3215 3299/3299 3216/3216
f 3215/3215 3298/3298 3299/3299
f 3216/3216 3300/3300 3217/3217
f 3216/3216 3299/3299 3300/3300
f 3217/3217 3301/3301 3218/3218
f 3217/3217 3300/3300 3301/3301
f 3218/3218 3302/3302 3219/3219
f 3218/3218 3301/3301 3302/3302
f 3219/3219 3303/3303 3220/3220
f 3219/3219 3302/3302 3303/3303
f 3220/3220 3304/3304 3221/3221
f 3220/3220 3303/3303 3304/3304
f 3221/3221 3305/3305 3222/3222
f 3221/3221 3304/3304 3305/3305
f 3222/3222 3306/3306 3223/3223
f 3222/3222 3305/3305 3306/3306
f 3223/3223 3307/3307 3224/3224
f 3223/3223 3306/3306 3307/3307
f 3224/3224 3308/3308 3225/3225
f 3224/3224 3307/3307 3308/3308
f 3225/3225 3309/3309 3226/3226
f 3225/3225 3308/3308 3309/3309
f 3226/3226 3310/3310 3227/3227
f 3226/3226 3309/3309 3310/3310
f 3227/3227 3311/3311 3228/3228
f 3227/3227 3310/3310 3311/3311
f 3228/3228 3312/3312 3229/3229
f 3228/3228 3311/3311 3312/3312
f 3229/3229 3313/3313 3230/3230
f 3229/3229 3312/3312 3313/3313
f 3230/3230 3314/3314 3231/3231
f 3230/3230 3313/3313 3314/3314
f 3231/3231 3315/3315 3232/3232
f 3231/3231 3314/3314 3315/3315
f 3232/3232 3316/3316 3233/3233
f 3232/3232 3315/3315 3316/3316
f 3233/3233 3317/3317 3234/3234
f 3233/3233 3316/3316 3317/3317
f 3234/3234 3318/3318 3235/3235
f 3234/3234 3317/3317 3318/3318
f 3235/3235 3319/3319 3236/3236
f 3235/3235 3318/3318 3319/3319
f 3236/3236 3320/3320 3237/3237
f 3236/3236 3319/3319 3320/3320
f 3237/3237 3321/3321 3238/3238
f 3237/3237 3320/3320 3321/3321
f 3238/3238 3322/3322 3239/3239
f 3238/3238 3321/3321 3322/3322
f 3239/3239 3323/3323 3240/3240
f 3239/3239 3322/3322 3323/3323
f 3240/3240 3324/3324 3241/3241
f 3240/3240 3323/3323 3324/3324
f 3241/3241 3325/3325 3242/3242
f 3241/3241 3324/3324 3325/3325
f 3242/3242 3326/3326 3243/3243
f 3242/3242 3325/3325 3326/3326
f 3243/3243 3327/3327 3244/3244
f 3243/3243 3326/3326 3327/3327
f 3244/3244 3328/3328 3245/3245
f 3244/3244 3327/3327 3328/3328
f 3245/3245 3329/3329 3246/3246
f 3245/3245 3328/3328 3329/3329
f 3246/3246 3330/3330 3247/3247
f 3246/3246 3329/3329 3330/3330
f 3247/3247 3331/3331 3248/3248
f 3247/3247 3330/3330 3331/3331
f 3248/3248 3332/3332 3249/3249
f 3248/3248 3331/3331 3332/3332
f 3249/3249 3333/3333 3250/3250
f 3249/3249 3332/3332 3333/3333
f 3250/3250 3334/3334 3251/3251
f 3250/3250 3333/3333 3334/3334
f 3251/3251 3335/3335 3252/3252
f 3251/3251 3334/3334 3335/3335
f 3252/3252 3336/3336 3253/3253
f 3252/3252 3335/3335 3336/3336
f 3253/3253 3337/3337 3254/3254
f 3253/3253 3336/3336 3337/3337
f 3254/3254 3338/3338 3255/3255
f 3254/3254 3337/3337 3338/3338
f 3255/3255 3339/3339 3256/3256
f 3255/3255 3338/3338 3339/3339
f 3256/3256 3340/3340 3257/3257
f 3256/3256 3339/3339 3340/3340
f 3257/3257 3341/3341 3258/3258
f 3257/3257 3340/3340 3341/3341
f 3258/3258 3342/3342 3259/3259
f 3258/3258 3341/3341 3342/3342
f 3259/3259 3343/3343 3260/3260
f 3259/3259 3342/3342 3343/3343
f 3260/3260 3344/3344 3261/3261
f 3260/3260 3343/3343 3344/3344
f 3261/3261 3345/3345 3262/3262
f 3261/3261 3344/3344 3345/3345
f 3262/3262 3346/3346 3263/3263
f 3262/3262 3345/3345 3346/3346
f 3263/3263 3347/3347 3264/3264
f 3263/3263 3346/3346 3347/3347
f 3264/3264 3348/3348 3265/3265
f 3264/3264 3347/3347 3348/3348
f 3265/3265 3349/3349 3266/3266
f 3265/3265 3348/3348 3349/3349
f 3266/3266 3350/3350 3267/3267
f 3266/3266 3349/3349 3350/3350
f 3267/3267 3351/3351 3268/3268
f 3267/3267 3350/3350 3351/3351
f 3268/3268 3352/3352 3269/3269
f 3268/3268 3351/3351 3352/3352
f 3269/3269 3353/3353 3270/3270
f 3269/3269 3352/3352 3353/3353
f 3270/3270 3354/3354 3271/3271
f 3270/3270 3353/3353 3354/3354
f 3271/3271 3355/3355 3272/3272
f 3271/3271 3354/3354 3355/3355
f 3272/3272 3356/3356 3273/3273
f 3272/3272 3355/3355 3356/3356
f 3357/3357 3358/3358 3278/3278
f 3357/3357 3359/3359 3358/3358
f 3278/3278 3360/3360 3277/3277
f 3278/3278 3358/3358 3360/3360
f 3277/3277 3361/3361 3279/3279
f 3277/3277 3360/3360 3361/3361
f 3279/3279 3362/3362 3280/3280
f 3279/3279 3361/3361 3362/3362
f 3280/3280 3363/3363 3281/3281
f 3280/3280 3362/3362 3363/3363
f 3281/3281 3364/3364 3282/3282
f 3281/3281 3363/3363 3364/3364
f 3282/3282 3365/3365 3283/3283
f 3282/3282 3364/3364 3365/3365
f 3283/3283 3366/3366 3284/3284
f 3283/3283 3365/3365 3366/3366
f 3284/3284 3367/3367 3285/3285
f 3284/3284 3366/3366 3367/3367
f 3285/3285 3368/3368 3286/3286
f 3285/3285 3367/3367 3368/3368
f 3286/3286 3369/3369 3287/3287
f 3286/3286 3368/3368 3369/3369
f 3287/3287 3370/3370 3288/3288
f 3287/3287 3369/3369 3370/3370
f 3288/3288 3371/3371 3289/3289
f 3288/3288 3370/3370 3371/3371
f 3289/3289 3372/3372 3290/3290
f 3289/3289 3371/3371 3372/3372
f 3290/3290 3373/3373 3291/3291
f 3290/3290 3372/3372 3373/3373
f 3291/3291 3374/3374 3292/3292
f 3291/3291 3373/3373 3374/3374
f 3292/3292 3375/3375 3293/3293
f 3292/3292 3374/3374 3375/3375
f 3293/3293 3376/3376 3294/3294
f 3293/3293 3375/3375 3376/3376
f 3294/3294 3377/3377 3295/3295
f 3294/3294 3376/3376 3377/3377
f 3295/3295 3378/3378 3296/3296
f 3295/3295 3377/3377 3378/3378
f 3296/3296 3379/3379 3297/3297
f 3296/3296 3378/3378 3379/3379
f 3297/3297 3380/3380 3298/3298
f 3297/3297 3379/3379 3380/3380
f 3298/3298 3381/3381 3299/3299
f 3298/3298 3380/3380 3381/3381
f 3299/3299 3382/3382 3300/3300
f 3299/3299 3381/3381 3382/3382
f 3300/3300 3383/3383 3301/3301
f 3300/3300 3382/3382 3383/3383
f 3301/3301 3384/3384 3302/3302
f 3301/3301 3383/3383 3384/3384
f 3302/3302 3385/3385 3303/3303
f 3302/3302 3384/3384 3385/3385
f 3303/3303 3386/3386 3304/3304
f 3303/3303 3385/3385 3386/3386
f 3304/3304 3387/3387 3305/3305
f 3304/3304 3386/3386 3387/3387
f 3305/3305 3388/3388 3306/3306
f 3305/3305 3387/3387 3388/3388
f 3306/3306 3389/3389 3307/3307
f 3306/3306 3388/3388 3389/3389
f 3307/3307 3390/3390 3308/3308
f 3307/3307 3389/3389 3390/3390
f 3308/3308 3391/3391 3309/3309
f 3308/3308 3390/3390 3391/3391
f 3309/3309 3392/3392 3310/3310
f 3309/3309 3391/3391 3392/3392
f 3310/3310 3393/3393 3311/3311
f 3310/3310 3392/3392 3393/3393
f 3311/3311 3394/3394 3312/3312
f 3311/3311 3393/3393 3394/3394
f 3312/3312 3395/3395 3313/3313
f 3312/3312 3394/3394 3395/3395
f 3313/3313 3396/3396 3314/3314
f 3313/3313 3395/3395 3396/3396
f 3314/3314 3397/3397 3315/3315
f 3314/3314 3396/3396 3397/3397
f 3315/3315 3398/3398 3316/3316
f 3315/3315 3397/3397 3398/3398
f 3316/3316 3399/3399 3317/3317
f 3316/3316 3398/3398 3399/3399
f 3317/3317 3400/3400 3318/3318
f 3317/3317 3399/3399 3400/3400
f 3318/3318 3401/3401 3319/3319
f 3318/3318 3400/3400 3401/3401
f 3319/3319 3402/3402 3320/3320
f 3319/3319 3401/3401 3402/3402
f 3320/3320 3403/3403 3321/3321
f 3320/3320 3402/3402 3403/3403
f 3321/3321 3404/3404 3322/3322
f 3321/3321 3403/3403 3404/3404
f 3322/3322 3405/3405 3323/3323
f 3322/3322 3404/3404 3405/3405
f 3323/3323 3406/3406 3324/3324
f 3323/3323 3405/3405 3406/3406
f 3324/3324 3407/3407 3325/3325
f 3324/3324 3406/3406 3407/3407
f 3325/3325 3408/3408 3326/3326
f 3325/3325 3407/3407 3408/3408
f 3326/3326 3409/3409 3327/3327
f 3326/3326 3408/3408 3409/3409
f 3327/3327 3410/3410 3328/3328
f 3327/3327 3409/3409 3410/3410
f 3328/3328 3411/3411 3329/3329
f 3328/3328 3410/3410 3411/3411
f 3329/3329 3412/3412 3330/3330
f 3329/3329 3411/3411 3412/3412
f 3330/3330 3413/3413 3331/3331
f 3330/3330 3412/3412 3413/3413
f 3331/3331 3414/3414 3332/3332
f 3331/3331 3413/3413 3414/3414
f 3332/3332 3415/3415 3333/3333
f 3332/3332 3414/3414 3415/3415
f 3333/3333 3416/3416 3334/3334
f 3333/3333 3415/3415 3416/3416
f 3334/3334 3417/3417 3335/3335
f 3334/3334 3416/3416 3417/3417
f 3335/3335 3418/3418 3336/3336
f 3335/3335 3417/3417 3418/3418
f 3336/3336 3419/3419 3337/3337
f 3336/3336 3418/3418 3419/3419
f 3337/3337 3420/3420 3338/3338
f 3337/3337 3419/3419 3420/3420
f 3338/3338 3421/3421 3339/3339
f 3338/3338 3420/3420 3421/3421
f 3339/3339 3422/3422 3340/3340
f 3339/3339 3421/3421 3422/3422
f 3340/3340 3423/3423 3341/3341
f 3340/3340 3422/3422 3423/3423
f 3341/3341 3424/3424 3342/3342
f 3341/3341 3423/3423 3424/3424
f 3342/3342 3425/3425 3343/3343
f 3342/3342 3424/3424 3425/3425
f 3343/3343 3426/3426 3344/3344
f 3343/3343 3425/3425 3426/3426
f 3344/3344 3427/3427 3345/3345
f 3344/3344 3426/3426 3427/3427
f 3345/3345 3428/3428 3346/3346
f 3345/3345 3427/3427 3428/3428
f 3346/3346 3429/3429 3347/3347
f 3346/3346 3428/3428 3429/3429
f 3347/3347 3430/3430 3348/3348
f 3347/3347 3429/3429 3430/3430
f 3348/3348 3431/3431 3349/3349
f 3348/3348 3430/3430 3431/3431
f 3349/3349 3432/3432 3350/3350
f 3349/3349 3431/3431 3432/3432
f 3350/3350 3433/3433 3351/3351
f 3350/3350 3432/3432 3433/3433
f 3351/3351 3434/3434 3352/3352
f 3351/3351 3433/3433 3434/3434
f 3352/3352 3435/3435 3353/3353
f 3352/3352 3434/3434 3435/3435
f 3353/3353 3436/3436 3354/3354
f 3353/3353 3435/3435 3436/3436
f 3354/3354 3437/3437 3355/3355
f 3354/3354 3436/3436 3437/3437
f 3438/3438 3439/3439 3359/3359
f 3438/3438 3440/3440 3439/3439
f 3359/3359 3441/3441 3358/3358
f 3359/3359 3439/3439 3441/3441
f 3358/3358 3442/3442 3360/3360
f 3358/3358 3441/3441 3442/3442
f 3360/3360 3443/3443 3361/3361
f 3360/3360 3442/3442 3443/3443
f 3361/3361 3444/3444 3362/3362
f 3361/3361 3443/3443 3444/3444
f 3362/3362 3445/3445 3363/3363
f 3362/3362 3444/3444 3445/3445
f 3363/3363 3446/3446 3364/3364
f 3363/3363 3445/3445 3446/3446
f 3364/3364 3447/3447 3365/3365
f 3364/3364 3446/3446 3447/3447
f 3365/3365 3448/3448 3366/3366
f 3365/3365 3447/3447 3448/3448
f 3366/3366 3449/3449 3367/3367
f 3366/3366 3448/3448 3449/3449
f 3367/3367 3450/3450 3368/3368
f 3367/3367 3449/3449 3450/3450
f 3368/3368 3451/3451 3369/3369
f 3368/3368 3450/3450 3451/3451
f 3369/3369 3452/3452 3370/3370
f 3369/3369 3451/3451 3452/3452
f 3370/3370 3453/3453 3371/3371
f 3370/3370 3452/3452 3453/3453
f 3371/3371 3454/3454 3372/3372
f 3371/3371 3453/3453 3454/3454
f 3372/3372 3455/3455 3373/3373
f 3372/3372 3454/3454 3455/3455
f 3373/3373 3456/3456 3374/3374
f 3373/3373 3455/3455 3456/3456
f 3374/3374 3457/3457 3375/3375
f 3374/3374 3456/3456 3457/3457
f 3375/3375 3458/3458 3376/3376
f 3375/3375 3457/3457 3458/3458
f 3376/3376 3459/3459 3377/3377
f 3376/3376 3458/3458 3459/3459
f 3377/3377 3460/3460 3378/3378
f 3377/3377 3459/3459 3460/3460
f 3378/3378 3461/3461 3379/3379
f 3378/3378 3460/3460 3461/3461
f 3379/3379 3462/3462 3380/3380
f 3379/3379 3461/3461 3462/3462
f 3380/3380 3463/3463 3381/3381
f 3380/3380 3462/3462 3463/3463
f 3381/3381 3464/3464 3382/3382
f 3381/3381 3463/3463 3464/3464
f 3382/3382 3465/3465 3383/3383
f 3382/3382 3464/3464 3465/3465
f 3383/3383 3466/3466 3384/3384
f 3383/3383 3465/3465 3466/3466
f 3384/3384 3467/3467 3385/3385
f 3384/3384 3466/3466 3467/3467
f 3385/3385 3468/3468 3386/3386
f 3385/3385 3467/3467 3468/3468
f 3386/3386 3469/3469 3387/3387
f 3386/3386 3468/3468 3469/3469
f 3387/3387 3470/3470 3388/3388
f 3387/3387 3469/3469 3470/3470
f 3388/3388 3471/3471 3389/3389
f 3388/3388 3470/3470 3471/3471
f 3389/3389 3472/3472 3390/3390
f 3389/3389 3471/3471 3472/3472
f 3390/3390 3473/3473 3391/3391
f 3390/3390 3472/3472 3473/3473
f 3391/3391 3474/3474 3392/3392
f 3391/3391 3473/3473 3474/3474
f 3392/3392 3475/3475 3393/3393
f 3392/3392 3474/3474 3475/3475
f 3393/3393 3476/3476 3394/3394
f 3393/3393 3475/3475 3476/3476
f 3394/3394 3477/3477 3395/3395
f 3394/3394 3476/3476 3477/3477
f 3395/3395 3478/3478 3396/3396
f 3395/3395 3477/3477 3478/3478
f 3396/3396 3479/3479 3397/3397
f 3396/3396 3478/3478 3479/3479
f 3397/3397 3480/3480 3398/3398
f 3397/3397 3479/3479 3480/3480
f 3398/3398 3481/3481 3399/3399
f 3398/3398 3480/3480 3481/3481
f 3399/3399 3482/3482 3400/3400
f 3399/3399 3481/3481 3482/3482
f 3400/3400 3483/3483 3401/3401
f 3400/3400 3482/3482 3483/3483
f 3401/3401 3484/3484 3402/3402
f 3401/3401 3483/3483 3484/3484
f 3402/3402 3485/3485 3403/3403
f 3402/3402 3484/3484 3485/3485
f 3403/3403 3486/3486 3404/3404
f 3403/3403 3485/3485 3486/3486
f 3404/3404 3487/3487 3405/3405
f 3404/3404 3486/3486 3487/3487
f 3405/3405 3488/3488 3406/3406
f 3405/3405 3487/3487 3488/3488
f 3406/3406 3489/3489 3407/3407
f 3406/3406 3488/3488 3489/3489
f 3407/3407 3490/3490 3408/3408
f 3407/3407 3489/3489 3490/3490
f 3408/3408 3491/3491 3409/3409
f 3408/3408 3490/3490 3491/3491
f 3409/3409 3492/3492 3410/3410
f 3409/3409 3491/3491 3492/3492
f 3410/3410 3493/3493 3411/3411
f 3410/3410 3492/3492 3493/3493
f 3411/3411 3494/3494 3412/3412
f 3411/3411 3493/3493 3494/3494
f 3412/3412 3495/3495 3413/3413
f 3412/3412 3494/3494 3495/3495
f 3413/3413 3496/3496 3414/3414
f 3413/3413 3495/3495 3496/3496
f 3414/3414 3497/3497 3415/3415
f 3414/3414 3496/3496 3497/3497
f 3415/3415 3498/3498 3416/3416
f 3415/3415 3497/3497 3498/3498
f 3416/3416 3499/3499 3417/3417
f 3416/3416 3498/3498 3499/3499
f 3417/3417 3500/3500 3418/3418
f 3417/3417 3499/3499 3500/3500
f 3418/3418 3501/3501 3419/3419
f 3418/3418 3500/3500 3501/3501
f 3419/3419 3502/3502 3420/3420
f 3419/3419 3501/3501 3502/3502
f 3420/3420 3503/3503 3421/3421
f 3420/3420 3502/3502 3503/3503
f 3421/3421 3504/3504 3422/3422
f 3421/3421 3503/3503 3504/3504
f 3422/3422 3505/3505 3423/3423
f 3422/3422 3504/3504 3505/3505
f 3423/3423 3506/3506 3424/3424
f 3423/3423 3505/3505 3506/3506
f 3424/3424 3507/3507 3425/3425
f 3424/3424 3506/3506 3507/3507
f 3425/3425 3508/3508 3426/3426
f 3425/3425 3507/3507 3508/3508
f 3426/3426 3509/3509 3427/3427
f 3426/3426 3508/3508 3509/3509
f 3427/3427 3510/3510 3428/3428
f 3427/3427 3509/3509 3510/3510
f 3428/3428 3511/3511 3429/3429
f 3428/3428 3510/3510 3511/3511
f 3429/3429 3512/3512 3430/3430
f 3429/3429 3511/3511 3512/3512
f 3430/3430 3513/3513 3431/3431
f 3430/3430 3512/3512 3513/3513
f 3431/3431 3514/3514 3432/3432
f 3431/3431 3513/3513 3514/3514
f 3432/3432 3515/3515 3433/3433
f 3432/3432 3514/3514 3515/3515
f 3433/3433 3516/3516 3434/3434
f 3433/3433 3515/3515 3516/3516
f 3434/3434 3517/3517 3435/3435
f 3434/3434 3516/3516 3517/3517
f 3435/3435 3518/3518 3436/3436
f 3435/3435 3517/3517 3518/3518
f 3519/3519 3520/3520 3440/3440
f 3519/3519 3521/3521 3520/3520
f 3440/3440 3522/3522 3439/3439
f 3440/3440 3520/3520 3522/3522
f 3439/3439 3523/3523 3441/3441
f 3439/3439 3522/3522 3523/3523
f 3441/3441 3524/3524 3442/3442
f 3441/3441 3523/3523 3524/3524
f 3442/3442 3525/3525 3443/3443
f 3442/3442 3524/3524 3525/3525
f 3443/3443 3526/3526 3444/3444
f 3443/3443 3525/3525 3526/3526
f 3444/3444 3527/3527 3445/3445
f 3444/3444 3526/3526 3527/3527
f 3445/3445 3528/3528 3446/3446
f 3445/3445 3527/3527 3528/3528
f 3446/3446 3529/3529 3447/3447
f 3446/3446 3528/3528 3529/3529
f 3447/3447 3530/3530 3448/3448
f 3447/3447 3529/3529 3530/3530
f 3448/3448 3531/3531 3449/3449
f 3448/3448 3530/3530 3531/3531
f 3449/3449 3532/3532 3450/3450
f 3449/3449 3531/3531 3532/3532
f 3450/3450 3533/3533 3451/3451
f 3450/3450 3532/3532 3533/3533
f 3451/3451 3534/3534 3452/3452
f 3451/3451 3533/3533 3534/3534
f 3452/3452 3535/3535 3453/3453
f 3452/3452 3534/3534 3535/3535
f 3453/3453 3536/3536 3454/3454
f 3453/3453 3535/3535 3536/3536
f 3454/3454 3537/3537 3455/3455
f 3454/3454 3536/3536 3537/3537
f 3455/3455 3538/3538 3456/3456
f 3455/3455 3537/3537 3538/3538
f 3456/3456 3539/3539 3457/3457
f 3456/3456 3538/3538 3539/3539
f 3457/3457 3540/3540 3458/3458
f 3457/3457 3539/3539 3540/3540
f 3458/3458 3541/3541 3459/3459
f 3458/3458 3540/3540 3541/3541
f 3459/3459 3542/3542 3460/3460
f 3459/3459 3541/3541 3542/3542
f 3460/3460 3543/3543 3461/3461
f 3460/3460 3542/3542 3543/3543
f 3461/3461 3544/3544 3462/3462
f 3461/3461 3543/3543 3544/3544
f 3462/3462 3545/3545 3463/3463
f 3462/3462 3544/3544 3545/3545
f 3463/3463 3546/3546 3464/3464
f 3463/3463 3545/3545 3546/3546
f 3464/3464 3547/3547 3465/3465
f 3464/3464 3546/3546 3547/3547
f 3465/3465 3548/3548 3466/3466
f 3465/3465 3547/3547 3548/3548
f 3466/3466 3549/3549 3467/3467
f 3466/3466 3548/3548 3549/3549
f 3467/3467 3550/3550 3468/3468
f 3467/3467 3549/3549 3550/3550
f 3468/3468 3551/3551 3469/3469
f 3468/3468 3550/3550 3551/3551
f 3469/3469 3552/3552 3470/3470
f 3469/3469 3551/3551 3552/3552
f 3470/3470 3553/3553 3471/3471
f 3470/3470 3552/3552 3553/3553
f 3471/3471 3554/3554 3472/3472
f 3471/3471 3553/3553 3554/3554
f 3472/3472 3555/3555 3473/3473
f 3472/3472 3554/3554 3555/3555
f 3473/3473 3556/3556 3474/3474
f 3473/3473 3555/3555 3556/3556
f 3474/3474 3557/3557 3475/3475
f 3474/3474 3556/3556 3557/3557
f 3475/3475 3558/3558 3476/3476
f 3475/3475 3557/3557 3558/3558
f 3476/3476 3559/3559 3477/3477
f 3476/3476 3558/3558 3559/3559
f 3477/3477 3560/3560 3478/3478
f 3477/3477 3559/3559 3560/3560
f 3478/3478 3561/3561 3479/3479
f 3478/3478 3560/3560 3561/3561
f 3479/3479 3562/3562 3480/3480
f 3479/3479 3561/3561 3562/3562
f 3481/3481 3563/3563 3482/3482
f 3481/3481 3564/3564 3563/3563
f 3482/3482 3565/3565 3483/3483
f 3482/3482 3563/3563 3565/3565
f 3483/3483 3566/3566 3484/3484
f 3483/3483 3565/3565 3566/3566
f 3484/3484 3567/3567 3485/3485
f 3484/3484 3566/3566 3567/3567
f 3485/3485 3568/3568 3486/3486
f 3485/3485 3567/3567 3568/3568
f 3486/3486 3569/3569 3487/3487
f 3486/3486 3568/3568 3569/3569
f 3487/3487 3570/3570 3488/3488
f 3487/3487 3569/3569 3570/3570
f 3488/3488 3571/3571 3489/3489
f 3488/3488 3570/3570 3571/3571
f 3489/3489 3572/3572 3490/3490
f 3489/3489 3571/3571 3572/3572
f 3490/3490 3573/3573 3491/3491
f 3490/3490 3572/3572 3573/3573
f 3491/3491 3574/3574 3492/3492
f 3491/3491 3573/3573 3574/3574
f 3492/3492 3575/3575 3493/3493
f 3492/3492 3574/3574 3575/3575
f 3493/3493 3576/3576 3494/3494
f 3493/3493 3575/3575 3576/3576
f 3494/3494 3577/3577 3495/3495
f 3494/3494 3576/3576 3577/3577
f 3495/3495 3578/3578 3496/3496
f 3495/3495 3577/3577 3578/3578
f 3496/3496 3579/3579 3497/3497
f 3496/3496 3578/3578 3579/3579
f 3497/3497 3580/3580 3498/3498
f 3497/3497 3579/3579 3580/3580
f 3498/3498 3581/3581 3499/3499
f 3498/3498 3580/3580 3581/3581
f 3499/3499 3582/3582 3500/3500
f 3499/3499 3581/3581 3582/3582
f 3500/3500 3583/3583 3501/3501
f 3500/3500 3582/3582 3583/3583
f 3501/3501 3584/3584 3502/3502
f 3501/3501 3583/3583 3584/3584
f 3502/3502 3585/3585 3503/3503
f 3502/3502 3584/3584 3585/3585
f 3503/3503 3586/3586 3504/3504
f 3503/3503 3585/3585 3586/3586
f 3504/3504 3587/3587 3505/3505
f 3504/3504 3586/3586 3587/3587
f 3505/3505 3588/3588 3506/3506
f 3505/3505 3587/3587 3588/3588
f 3506/3506 3589/3589 3507/3507
f 3506/3506 3588/3588 3589/3589
f 3507/3507 3590/3590 3508/3508
f 3507/3507 3589/3589 3590/3590
f 3508/3508 3591/3591 3509/3509
f 3508/3508 3590/3590 3591/3591
f 3509/3509 3592/3592 3510/3510
f 3509/3509 3591/3591 3592/3592
f 3510/3510 3593/3593 3511/3511
f 3510/3510 3592/3592 3593/3593
f 3511/3511 3594/3594 3512/3512
f 3511/3511 3593/3593 3594/3594
f 3512/3512 3595/3595 3513/3513
f 3512/3512 3594/3594 3595/3595
f 3513/3513 3596/3596 3514/3514
f 3513/3513 3595/3595 3596/3596
f 3514/3514 3597/3597 3515/3515
f 3514/3514 3596/3596 3597/3597
f 3515/3515 3598/3598 3516/3516
f 3515/3515 3597/3597 3598/3598
f 3516/3516 3599/3599 3517/3517
f 3516/3516 3598/3598 3599/3599
f 3600/3600 3601/3601 3521/3521
f 3600/3600 3602/3602 3601/3601
f 3521/3521 3603/3603 3520/3520
f 3521/3521 3601/3601 3603/3603
f 3520/3520 3604/3604 3522/3522
f 3520/3520 3603/3603 3604/3604
f 3522/3522 3605/3605 3523/3523
f 3522/3522 3604/3604 3605/3605
f 3523/3523 3606/3606 3524/3524
f 3523/3523 3605/3605 3606/3606
f 3524/3524 3607/3607 3525/3525
f 3524/3524 3606/3606 3607/3607
f 3525/3525 3608/3608 3526/3526
f 3525/3525 3607/3607 3608/3608
f 3526/3526 3609/3609 3527/3527
f 3526/3526 3608/3608 3609/3609
f 3527/3527 3610/3610 3528/3528
f 3527/3527 3609/3609 3610/3610
f 3528/3528 3611/3611 3529/3529
f 3528/3528 3610/3610 3611/3611
f 3529/3529 3612/3612 3530/3530
f 3529/3529 3611/3611 3612/3612
f 3530/3530 3613/3613 3531/3531
f 3530/3530 3612/3612 3613/3613
f 3531/3531 3614/3614 3532/3532
f 3531/3531 3613/3613 3614/3614
f 3532/3532 3615/3615 3533/3533
f 3532/3532 3614/3614 3615/3615
f 3533/3533 3616/3616 3534/3534
f 3533/3533 3615/3615 3616/3616
f 3534/3534 3617/3617 3535/3535
f 3534/3534 3616/3616 3617/3617
f 3535/3535 3618/3618 3536/3536
f 3535/3535 3617/3617 3618/3618
f 3536/3536 3619/3619 3537/3537
f 3536/3536 3618/3618 3619/3619
f 3537/3537 3620/3620 3538/3538
f 3537/3537 3619/3619 3620/3620
f 3538/3538 3621/3621 3539/3539
f 3538/3538 3620/3620 3621/3621
f 3539/3539 3622/3622 3540/3540
f 3539/3539 3621/3621 3622/3622
f 3540/3540 3623/3623 3541/3541
f 3540/3540 3622/3622 3623/3623
f 3541/3541 3624/3624 3542/3542
f 3541/3541 3623/3623 3624/3624
f 3542/3542 3625/3625 3543/3543
f 3542/3542 3624/3624 3625/3625
f 3543/3543 3626/3626 3544/3544
f 3543/3543 3625/3625 3626/3626
f 3544/3544 3627/3627 3545/3545
f 3544/3544 3626/3626 3627/3627
f 3545/3545 3628/3628 3546/3546
f 3545/3545 3627/3627 3628/3628
f 3546/3546 3629/3629 3547/3547
f 3546/3546 3628/3628 3629/3629
f 3547/3547 3630/3630 3548/3548
f 3547/3547 3629/3629 3630/3630
f 3548/3548 3631/3631 3549/3549
f 3548/3548 3630/3630 3631/3631
f 3549/3549 3632/3632 3550/3550
f 3549/3549 3631/3631 3632/3632
f 3550/3550 3633/3633 3551/3551
f 3550/3550 3632/3632 3633/3633
f 3551/3551 3634/3634 3552/3552
f 3551/3551 3633/3633 3634/3634
f 3552/3552 3635/3635 3553/3553
f 3552/3552 3634/3634 3635/3635
f 3553/3553 3636/3636 3554/3554
f 3553/3553 3635/3635 3636/3636
f 3554/3554 3637/3637 3555/3555
f 3554/3554 3636/3636 3637/3637
f 3555/3555 3638/3638 3556/3556
f 3555/3555 3637/3637 3638/3638
f 3556/3556 3639/3639 3557/3557
f 3556/3556 3638/3638 3639/3639
f 3557/3557 3640/3640 3558/3558
f 3557/3557 3639/3639 3640/3640
f 3558/3558 3641/3641 3559/3559
f 3558/3558 3640/3640 3641/3641
f 3559/3559 3642/3642 3560/3560
f 3559/3559 3641/3641 3642/3642
f 3563/3563 3643/3643 3565/3565
f 3563/3563 3644/3644 3643/3643
f 3565/3565 3645/3645 3566/3566
f 3565/3565 3643/3643 3645/3645
f 3566/3566 3646/3646 3567/3567
f 3566/3566 3645/3645 3646/3646
f 3567/3567 3647/3647 3568/3568
f 3567/3567 3646/3646 3647/3647
f 3568/3568 3648/3648 3569/3569
f 3568/3568 3647/3647 3648/3648
f 3569/3569 3649/3649 3570/3570
f 3569/3569 3648/3648 3649/3649
f 3570/3570 3650/3650 3571/3571
f 3570/3570 3649/3649 3650/3650
f 3571/3571 3651/3651 3572/3572
f 3571/3571 3650/3650 3651/3651
f 3572/3572 3652/3652 3573/3573
f 3572/3572 3651/3651 3652/3652
f 3573/3573 3653/3653 3574/3574
f 3573/3573 3652/3652 3653/3653
f 3574/3574 3654/3654 3575/3575
f 3574/3574 3653/3653 3654/3654
f 3575/3575 3655/3655 3576/3576
f 3575/3575 3654/3654 3655/3655
f 3576/3576 3656/3656 3577/3577
f 3576/3576 3655/3655 3656/3656
f 3577/3577 3657/3657 3578/3578
f 3577/3577 3656/3656 3657/3657
f 3578/3578 3658/3658 3579/3579
f 3578/3578 3657/3657 3658/3658
f 3579/3579 3659/3659 3580/3580
f 3579/3579 3658/3658 3659/3659
f 3580/3580 3660/3660 3581/3581
f 3580/3580 3659/3659 3660/3660
f 3581/3581 3661/3661 3582/3582
f 3581/3581 3660/3660 3661/3661
f 3582/3582 3662/3662 3583/3583
f 3582/3582 3661/3661 3662/3662
f 3583/3583 3663/3663 3584/3584
f 3583/3583 3662/3662 3663/3663
f 3584/3584 3664/3664 3585/3585
f 3584/3584 3663/3663 3664/3664
f 3585/3585 3665/3665 3586/3586
f 3585/3585 3664/3664 3665/3665
f 3586/3586 3666/3666 3587/3587
f 3586/3586 3665/3665 3666/3666
f 3587/3587 3667/3667 3588/3588
f 3587/3587 3666/3666 3667/3667
f 3588/3588 3668/3668 3589/3589
f 3588/3588 3667/3667 3668/3668
f 3589/3589 3669/3669 3590/3590
f 3589/3589 3668/3668 3669/3669
f 3590/3590 3670/3670 3591/3591
f 3590/3590 3669/3669 3670/3670
f 3591/3591 3671/3671 3592/3592
f 3591/3591 3670/3670 3671/3671
f 3592/3592 3672/3672 3593/3593
f 3592/3592 3671/3671 3672/3672
f 3593/3593 3673/3673 3594/3594
f 3593/3593 3672/3672 3673/3673
f 3594/3594 3674/3674 3595/3595
f 3594/3594 3673/3673 3674/3674
f 3595/3595 3675/3675 3596/3596
f 3595/3595 3674/3674 3675/3675
f 3596/3596 3676/3676 3597/3597
f 3596/3596 3675/3675 3676/3676
f 3597/3597 3677/3677 3598/3598
f 3597/3597 3676/3676 3677/3677
f 3602/3602 3678/3678 3601/3601
f 3602/3602 3679/3679 3678/3678
f 3601/3601 3680/3680 3603/3603
f 3601/3601 3678/3678 3680/3680
f 3603/3603 3681/3681 3604/3604
f 3603/3603 3680/3680 3681/3681
f 3604/3604 3682/3682 3605/3605
f 3604/3604 3681/3681 3682/3682
f 3605/3605 3683/3683 3606/3606
f 3605/3605 3682/3682 3683/3683
f 3606/3606 3684/3684 3607/3607
f 3606/3606 3683/3683 3684/3684
f 3607/3607 3685/3685 3608/3608
f 3607/3607 3684/3684 3685/3685
f 3608/3608 3686/3686 3609/3609
f 3608/3608 3685/3685 3686/3686
f 3609/3609 3687/3687 3610/3610
f 3609/3609 3686/3686 3687/3687
f 3610/3610 3688/3688 3611/3611
f 3610/3610 3687/3687 3688/3688
f 3611/3611 3689/3689 3612/3612
f 3611/3611 3688/3688 3689/3689
f 3612/3612 3690/3690 3613/3613
f 3612/3612 3689/3689 3690/3690
f 3613/3613 3691/3691 3614/3614
f 3613/3613 3690/3690 3691/3691
f 3614/3614 3692/3692 3615/3615
f 3614/3614 3691/3691 3692/3692
f 3615/3615 3693/3693 3616/3616
f 3615/3615 3692/3692 3693/3693
f 3616/3616 3694/3694 3617/3617
f 3616/3616 3693/3693 3694/3694
f 3617/3617 3695/3695 3618/3618
f 3617/3617 3694/3694 3695/3695
f 3618/3618 3696/3696 3619/3619
f 3618/3618 3695/3695 3696/3696
f 3619/3619 3697/3697 3620/3620
f 3619/3619 3696/3696 3697/3697
f 3620/3620 3698/3698 3621/3621
f 3620/3620 3697/3697 3698/3698
f 3621/3621 3699/3699 3622/3622
f 3621/3621 3698/3698 3699/3699
f 3622/3622 3700/3700 3623/3623
f 3622/3622 3699/3699 3700/3700
f 3623/3623 3701/3701 3624/3624
f 3623/3623 3700/3700 3701/3701
f 3624/3624 3702/3702 3625/3625
f 3624/3624 3701/3701 3702/3702
f 3625/3625 3703/3703 3626/3626
f 3625/3625 3702/3702 3703/3703
f 3626/3626 3704/3704 3627/3627
f 3626/3626 3703/3703 3704/3704
f 3627/3627 3705/3705 3628/3628
f 3627/3627 3704/3704 3705/3705
f 3628/3628 3706/3706 3629/3629
f 3628/3628 3705/3705 3706/3706
f 3629/3629 3707/3707 3630/3630
f 3629/3629 3706/3706 3707/3707
f 3630/3630 3708/3708 3631/3631
f 3630/3630 3707/3707 3708/3708
f 3631/3631 3709/3709 3632/3632
f 3631/3631 3708/3708 3709/3709
f 3632/3632 3710/3710 3633/3633
f 3632/3632 3709/3709 3710/3710
f 3633/3633 3711/3711 3634/3634
f 3633/3633 3710/3710 3711/3711
f 3634/3634 3712/3712 3635/3635
f 3634/3634 3711/3711 3712/3712
f 3635/3635 3713/3713 3636/3636
f 3635/3635 3712/3712 3713/3713
f 3636/3636 3714/3714 3637/3637
f 3636/3636 3713/3713 3714/3714
f 3637/3637 3715/3715 3638/3638
f 3637/3637 3714/3714 3715/3715
f 3638/3638 3716/3716 3639/3639
f 3638/3638 3715/3715 3716/3716
f 3639/3639 3717/3717 3640/3640
f 3639/3639 3716/3716 3717/3717
f 3643/3643 3718/3718 3645/3645
f 3643/3643 3719/3719 3718/3718
f 3645/3645 3720/3720 3646/3646
f 3645/3645 3718/3718 3720/3720
f 3646/3646 3721/3721 3647/3647
f 3646/3646 3720/3720 3721/3721
f 3647/3647 3722/3722 3648/3648
f 3647/3647 3721/3721 3722/3722
f 3648/3648 3723/3723 3649/3649
f 3648/3648 3722/3722 3723/3723
f 3649/3649 3724/3724 3650/3650
f 3649/3649 3723/3723 3724/3724
f 3650/3650 3725/3725 3651/3651
f 3650/3650 3724/3724 3725/3725
f 3651/3651 3726/3726 3652/3652
f 3651/3651 3725/3725 3726/3726
f 3652/3652 3727/3727 3653/3653
f 3652/3652 3726/3726 3727/3727
f 3653/3653 3728/3728 3654/3654
f 3653/3653 3727/3727 3728/3728
f 3654/3654 3729/3729 3655/3655
f 3654/3654 3728/3728 3729/3729
f 3655/3655 3730/3730 3656/3656
f 3655/3655 3729/3729 3730/3730
f 3656/3656 3731/3731 3657/3657
f 3656/3656 3730/3730 3731/3731
f 3657/3657 3732/3732 3658/3658
f 3657/3657 3731/3731 3732/3732
f 3658/3658 3733/3733 3659/3659
f 3658/3658 3732/3732 3733/3733
f 3659/3659 3734/3734 3660/3660
f 3659/3659 3733/3733 3734/3734
f 3660/3660 3735/3735 3661/3661
f 3660/3660 3734/3734 3735/3735
f 3661/3661 3736/3736 3662/3662
f 3661/3661 3735/3735 3736/3736
f 3662/3662 3737/3737 3663/3663
f 3662/3662 3736/3736 3737/3737
f 3663/3663 3738/3738 3664/3664
f 3663/3663 3737/3737 3738/3738
f 3664/3664 3739/3739 3665/3665
f 3664/3664 3738/3738 3739/3739
f 3665/3665 3740/3740 3666/3666
f 3665/3665 3739/3739 3740/3740
f 3666/3666 3741/3741 3667/3667
f 3666/3666 3740/3740 3741/3741
f 3667/3667 3742/3742 3668/3668
f 3667/3667 3741/3741 3742/3742
f 3668/3668 3743/3743 3669/3669
f 3668/3668 3742/3742 3743/3743
f 3669/3669 3744/3744 3670/3670
f 3669/3669 3743/3743 3744/3744
f 3670/3670 3745/3745 3671/3671
f 3670/3670 3744/3744 3745/3745
f 3671/3671 3746/3746 3672/3672
f 3671/3671 3745/3745 3746/3746
f 3672/3672 3747/3747 3673/3673
f 3672/3672 3746/3746 3747/3747
f 3673/3673 3748/3748 3674/3674
f 3673/3673 3747/3747 3748/3748
f 3674/3674 3749/3749 3675/3675
f 3674/3674 3748/3748 3749/3749
f 3675/3675 3750/3750 3676/3676
f 3675/3675 3749/3749 3750/3750
f 3751/3751 3752/3752 3679/3679
f 3751/3751 3753/3753 3752/3752
f 3679/3679 3754/3754 3678/3678
f 3679/3679 3752/3752 3754/3754
f 3678/3678 3755/3755 3680/3680
f 3678/3678 3754/3754 3755/3755
f 3680/3680 3756/3756 3681/3681
f 3680/3680 3755/3755 3756/3756
f 3681/3681 3757/3757 3682/3682
f 3681/3681 3756/3756 3757/3757
f 3682/3682 3758/3758 3683/3683
f 3682/3682 3757/3757 3758/3758
f 3683/3683 3759/3759 3684/3684
f 3683/3683 3758/3758 3759/3759
f 3684/3684 3760/3760 3685/3685
f 3684/3684 3759/3759 3760/3760
f 3685/3685 3761/3761 3686/3686
f 3685/3685 3760/3760 3761/3761
f 3686/3686 3762/3762 3687/3687
f 3686/3686 3761/3761 3762/3762
f 3687/3687 3763/3763 3688/3688
f 3687/3687 3762/3762 3763/3763
f 3688/3688 3764/3764 3689/3689
f 3688/3688 3763/3763 3764/3764
f 3689/3689 3765/3765 3690/3690
f 3689/3689 3764/3764 3765/3765
f 3690/3690 3766/3766 3691/3691
f 3690/3690 3765/3765 3766/3766
f 3691/3691 3767/3767 3692/3692
f 3691/3691 3766/3766 3767/3767
f 3692/3692 3768/3768 3693/3693
f 3692/3692 3767/3767 3768/3768
f 3693/3693 3769/3769 3694/3694
f 3693/3693 3768/3768 3769/3769
f 3694/3694 3770/3770 3695/3695
f 3694/3694 3769/3769 3770/3770
f 3695/3695 3771/3771 3696/3696
f 3695/3695 3770/3770 3771/3771
f 3696/3696 3772/3772 3697/3697
f 3696/3696 3771/3771 3772/3772
f 3697/3697 3773/3773 3698/3698
f 3697/3697 3772/3772 3773/3773
f 3698/3698 3774/3774 3699/3699
f 3698/3698 3773/3773 3774/3774
f 3699/3699 3775/3775 3700/3700
f 3699/3699 3774/3774 3775/3775
f 3700/3700 3776/3776 3701/3701
f 3700/3700 3775/3775 3776/3776
f 3701/3701 3777/3777 3702/3702
f 3701/3701 3776/3776 3777/3777
f 3702/3702 3778/3778 3703/3703
f 3702/3702 3777/3777 3778/3778
f 3703/3703 3779/3779 3704/3704
f 3703/3703 3778/3778 3779/3779
f 3704/3704 3780/3780 3705/3705
f 3704/3704 3779/3779 3780/3780
f 3705/3705 3781/3781 3706/3706
f 3705/3705 3780/3780 3781/3781
f 3706/3706 3782/3782 3707/3707
f 3706/3706 3781/3781 3782/3782
f 3707/3707 3783/3783 3708/3708
f 3707/3707 3782/3782 3783/3783
f 3708/3708 3784/3784 3709/3709
f 3708/3708 3783/3783 3784/3784
f 3709/3709 3785/3785 3710/3710
f 3709/3709 3784/3784 3785/3785
f 3710/3710 3786/3786 3711/3711
f 3710/3710 3785/3785 3786/3786
f 3711/3711 3787/3787 3712/3712
f 3711/3711 3786/3786 3787/3787
f 3712/3712 3788/3788 3713/3713
f 3712/3712 3787/3787 3788/3788
f 3713/3713 3789/3789 3714/3714
f 3713/3713 3788/3788 3789/3789
f 3714/3714 3790/3790 3715/3715
f 3714/3714 3789/3789 3790/3790
f 3715/3715 3791/3791 3716/3716
f 3715/3715 3790/3790 3791/3791
f 3718/3718 3792/3792 3720/3720
f 3718/3718 3793/3793 3792/3792
f 3720/3720 3794/3794 3721/3721
f 3720/3720 3792/3792 3794/3794
f 3721/3721 3795/3795 3722/3722
f 3721/3721 3794/3794 3795/3795
f 3722/3722 3796/3796 3723/3723
f 3722/3722 3795/3795 3796/3796
f 3723/3723 3797/3797 3724/3724
f 3723/3723 3796/3796 3797/3797
f 3724/3724 3798/3798 3725/3725
f 3724/3724 3797/3797 3798/3798
f 3725/3725 3799/3799 3726/3726
f 3725/3725 3798/3798 3799/3799
f 3726/3726 3800/3800 3727/3727
f 3726/3726 3799/3799 3800/3800
f 3727/3727 3801/3801 3728/3728
f 3727/3727 3800/3800 3801/3801
f 3728/3728 3802/3802 3729/3729
f 3728/3728 3801/3801 3802/3802
f 3729/3729 3803/3803 3730/3730
f 3729/3729 3802/3802 3803/3803
f 3730/3730 3804/3804 3731/3731
f 3730/3730 3803/3803 3804/3804
f 3731/3731 3805/3805 3732/3732
f 3731/3731 3804/3804 3805/3805
f 3732/3732 3806/3806 3733/3733
f 3732/3732 3805/3805 3806/3806
f 3733/3733 3807/3807 3734/3734
f 3733/3733 3806/3806 3807/3807
f 3734/3734 3808/3808 3735/3735
f 3734/3734 3807/3807 3808/3808
f 3735/3735 3809/3809 3736/3736
f 3735/3735 3808/3808 3809/3809
f 3736/3736 3810/3810 3737/3737
f 3736/3736 3809/3809 3810/3810
f 3737/3737 3811/3811 3738/3738
f 3737/3737 3810/3810 3811/3811
f 3738/3738 3812/3812 3739/3739
f 3738/3738 3811/3811 3812/3812
f 3739/3739 3813/3813 3740/3740
f 3739/3739 3812/3812 3813/3813
f 3740/3740 3814/3814 3741/3741
f 3740/3740 3813/3813 3814/3814
f 3741/3741 3815/3815 3742/3742
f 3741/3741 3814/3814 3815/3815
f 3742/3742 3816/3816 3743/3743
f 3742/3742 3815/3815 3816/3816
f 3743/3743 3817/3817 3744/3744
f 3743/3743 3816/3816 3817/3817
f 3744/3744 3818/3818 3745/3745
f 3744/3744 3817/3817 3818/3818
f 3745/3745 3819/3819 3746/3746
f 3745/3745 3818/3818 3819/3819
f 3746/3746 3820/3820 3747/3747
f 3746/3746 3819/3819 3820/3820
f 3747/3747 3821/3821 3748/3748
f 3747/3747 3820/3820 3821/3821
f 3748/3748 3822/3822 3749/3749
f 3748/3748 3821/3821 3822/3822
f 3753/3753 3823/3823 3752/3752
f 3753/3753 3824/3824 3823/3823
f 3752/3752 3825/3825 3754/3754
f 3752/3752 3823/3823 3825/3825
f 3754/3754 3826/3826 3755/3755
f 3754/3754 3825/3825 3826/3826
f 3755/3755 3827/3827 3756/3756
f 3755/3755 3826/3826 3827/3827
f 3756/3756 3828/3828 3757/3757
f 3756/3756 3827/3827 3828/3828
f 3757/3757 3829/3829 3758/3758
f 3757/3757 3828/3828 3829/3829
f 3758/3758 3830/3830 3759/3759
f 3758/3758 3829/3829 3830/3830
f 3759/3759 3831/3831 3760/3760
f 3759/3759 3830/3830 3831/3831
f 3760/3760 3832/3832 3761/3761
f 3760/3760 3831/3831 3832/3832
f 3761/3761 3833/3833 3762/3762
f 3761/3761 3832/3832 3833/3833
f 3762/3762 3834/3834 3763/3763
f 3762/3762 3833/3833 3834/3834
f 3763/3763 3835/3835 3764/3764
f 3763/3763 3834/3834 3835/3835
f 3764/3764 3836/3836 3765/3765
f 3764/3764 3835/3835 3836/3836
f 3765/3765 3837/3837 3766/3766
f 3765/3765 3836/3836 3837/3837
f 3766/3766 3838/3838 3767/3767
f 3766/3766 3837/3837 3838/3838
f 3767/3767 3839/3839 3768/3768
f 3767/3767 3838/3838 3839/3839
f 3768/3768 3840/3840 3769/3769
f 3768/3768 3839/3839 3840/3840
f 3769/3769 3841/3841 3770/3770
f 3769/3769 3840/3840 3841/3841
f 3770/3770 3842/3842 3771/3771
f 3770/3770 3841/3841 3842/3842
f 3771/3771 3843/3843 3772/3772
f 3771/3771 3842/3842 3843/3843
f 3772/3772 3844/3844 3773/3773
f 3772/3772 3843/3843 3844/3844
f 3773/3773 3845/3845 3774/3774
f 3773/3773 3844/3844 3845/3845
f 3774/3774 3846/3846 3775/3775
f 3774/3774 3845/3845 3846/3846
f 3775/3775 3847/3847 3776/3776
f 3775/3775 3846/3846 3847/3847
f 3776/3776 3848/3848 3777/3777
f 3776/3776 3847/3847 3848/3848
f 3777/3777 3849/3849 3778/3778
f 3777/3777 3848/3848 3849/3849
f 3778/3778 3850/3850 3779/3779
f 3778/3778 3849/3849 3850/3850
f 3779/3779 3851/3851 3780/3780
f 3779/3779 3850/3850 3851/3851
f 3780/3780 3852/3852 3781/3781
f 3780/3780 3851/3851 3852/3852
f 3781/3781 3853/3853 3782/3782
f 3781/3781 3852/3852 3853/3853
f 3782/3782 3854/3854 3783/3783
f 3782/3782 3853/3853 3854/3854
f 3783/3783 3855/3855 3784/3784
f 3783/3783 3854/3854 3855/3855
f 3784/3784 3856/3856 3785/3785
f 3784/3784 3855/3855 3856/3856
f 3785/3785 3857/3857 3786/3786
f 3785/3785 3856/3856 3857/3857
f 3786/3786 3858/3858 3787/3787
f 3786/3786 3857/3857 3858/3858
f 3787/3787 3859/3859 3788/3788
f 3787/3787 3858/3858 3859/3859
f 3788/3788 3860/3860 3789/3789
f 3788/3788 3859/3859 3860/3860
f 3794/3794 3861/3861 3795/3795
f 3794/3794 3862/3862 3861/3861
f 3795/3795 3863/3863 3796/3796
f 3795/3795 3861/3861 3863/3863
f 3796/3796 3864/3864 3797/3797
f 3796/3796 3863/3863 3864/3864
f 3797/3797 3865/3865 3798/3798
f 3797/3797 3864/3864 3865/3865
f 3798/3798 3866/3866 3799/3799
f 3798/3798 3865/3865 3866/3866
f 3799/3799 3867/3867 3800/3800
f 3799/3799 3866/3866 3867/3867
f 3800/3800 3868/3868 3801/3801
f 3800/3800 3867/3867 3868/3868
f 3801/3801 3869/3869 3802/3802
f 3801/3801 3868/3868 3869/3869
f 3802/3802 3870/3870 3803/3803
f 3802/3802 3869/3869 3870/3870
f 3803/3803 3871/3871 3804/3804
f 3803/3803 3870/3870 3871/3871
f 3804/3804 3872/3872 3805/3805
f 3804/3804 3871/3871 3872/3872
f 3805/3805 3873/3873 3806/3806
f 3805/3805 3872/3872 3873/3873
f 3806/3806 3874/3874 3807/3807
f 3806/3806 3873/3873 3874/3874
f 3807/3807 3875/3875 3808/3808
f 3807/3807 3874/3874 3875/3875
f 3808/3808 3876/3876 3809/3809
f 3808/3808 3875/3875 3876/3876
f 3809/3809 3877/3877 3810/3810
f 3809/3809 3876/3876 3877/3877
f 3810/3810 3878/3878 3811/3811
f 3810/3810 3877/3877 3878/3878
f 3811/3811 3879/3879 3812/3812
f 3811/3811 3878/3878 3879/3879
f 3812/3812 3880/3880 3813/3813
f 3812/3812 3879/3879 3880/3880
f 3813/3813 3881/3881 3814/3814
f 3813/3813 3880/3880 3881/3881
f 3814/3814 3882/3882 3815/3815
f 3814/3814 3881/3881 3882/3882
f 3815/3815 3883/3883 3816/3816
f 3815/3815 3882/3882 3883/3883
f 3816/3816 3884/3884 3817/3817
f 3816/3816 3883/3883 3884/3884
f 3817/3817 3885/3885 3818/3818
f 3817/3817 3884/3884 3885/3885
f 3818/3818 3886/3886 3819/3819
f 3818/3818 3885/3885 3886/3886
f 3819/3819 3887/3887 3820/3820
f 3819/3819 3886/3886 3887/3887
f 3824/3824 3888/3888 3823/3823
f 3824/3824 3889/3889 3888/3888
f 3823/3823 3890/3890 3825/3825
f 3823/3823 3888/3888 3890/3890
f 3825/3825 3891/3891 3826/3826
f 3825/3825 3890/3890 3891/3891
f 3826/3826 3892/3892 3827/3827
f 3826/3826 3891/3891 3892/3892
f 3827/3827 3893/3893 3828/3828
f 3827/3827 3892/3892 3893/3893
f 3828/3828 3894/3894 3829/3829
f 3828/3828 3893/3893 3894/3894
f 3829/3829 3895/3895 3830/3830
f 3829/3829 3894/3894 3895/3895
f 3830/3830 3896/3896 3831/3831
f 3830/3830 3895/3895 3896/3896
f 3831/3831 3897/3897 3832/3832
f 3831/3831 3896/3896 3897/3897
f 3832/3832 3898/3898 3833/3833
f 3832/3832 3897/3897 3898/3898
f 3833/3833 3899/3899 3834/3834
f 3833/3833 3898/3898 3899/3899
f 3834/3834 3900/3900 3835/3835
f 3834/3834 3899/3899 3900/3900
f 3835/3835 3901/3901 3836/3836
f 3835/3835 3900/3900 3901/3901
f 3836/3836 3902/3902 3837/3837
f 3836/3836 3901/3901 3902/3902
f 3837/3837 3903/3903 3838/3838
f 3837/3837 3902/3902 3903/3903
f 3838/3838 3904/3904 3839/3839
f 3838/3838 3903/3903 3904/3904
f 3839/3839 3905/3905 3840/3840
f 3839/3839 3904/3904 3905/3905
f 3840/3840 3906/3906 3841/3841
f 3840/3840 3905/3905 3906/3906
f 3841/3841 3907/3907 3842/3842
f 3841/3841 3906/3906 3907/3907
f 3842/3842 3908/3908 3843/3843
f 3842/3842 3907/3907 3908/3908
f 3843/3843 3909/3909 3844/3844
f 3843/3843 3908/3908 3909/3909
f 3844/3844 3910/3910 3845/3845
f 3844/3844 3909/3909 3910/3910
f 3845/3845 3911/3911 3846/3846
f 3845/3845 3910/3910 3911/3911
f 3846/3846 3912/3912 3847/3847
f 3846/3846 3911/3911 3912/3912
f 3847/3847 3913/3913 3848/3848
f 3847/3847 3912/3912 3913/3913
f 3848/3848 3914/3914 3849/3849
f 3848/3848 3913/3913 3914/3914
f 3849/3849 3915/3915 3850/3850
f 3849/3849 3914/3914 3915/3915
f 3850/3850 3916/3916 3851/3851
f 3850/3850 3915/3915 3916/3916
f 3851/3851 3917/3917 3852/3852
f 3851/3851 3916/3916 3917/3917
f 3852/3852 3918/3918 3853/3853
f 3852/3852 3917/3917 3918/3918
f 3853/3853 3919/3919 3854/3854
f 3853/3853 3918/3918 3919/3919
f 3854/3854 3920/3920 3855/3855
f 3854/3854 3919/3919 3920/3920
f 3855/3855 3921/3921 3856/3856
f 3855/3855 3920/3920 3921/3921
f 3856/3856 3922/3922 3857/3857
f 3856/3856 3921/3921 3922/3922
f 3857/3857 3923/3923 3858/3858
f 3857/3857 3922/3922 3923/3923
f 3863/3863 3924/3924 3864/3864
f 3863/3863 3925/3925 3924/3924
f 3864/3864 3926/3926 3865/3865
f 3864/3864 3924/3924 3926/3926
f 3865/3865 3927/3927 3866/3866
f 3865/3865 3926/3926 3927/3927
f 3866/3866 3928/3928 3867/3867
f 3866/3866 3927/3927 3928/3928
f 3867/3867 3929/3929 3868/3868
f 3867/3867 3928/3928 3929/3929
f 3868/3868 3930/3930 3869/3869
f 3868/3868 3929/3929 3930/3930
f 3869/3869 3931/3931 3870/3870
f 3869/3869 3930/3930 3931/3931
f 3870/3870 3932/3932 3871/3871
f 3870/3870 3931/3931 3932/3932
f 3871/3871 3933/3933 3872/3872
f 3871/3871 3932/3932 3933/3933
f 3872/3872 3934/3934 3873/3873
f 3872/3872 3933/3933 3934/3934
f 3873/3873 3935/3935 3874/3874
f 3873/3873 3934/3934 3935/3935
f 3874/3874 3936/3936 3875/3875
f 3874/3874 3935/3935 3936/3936
f 3875/3875 3937/3937 3876/3876
f 3875/3875 3936/3936 3937/3937
f 3876/3876 3938/3938 3877/3877
f 3876/3876 3937/3937 3938/3938
f 3877/3877 3939/3939 3878/3878
f 3877/3877 3938/3938 3939/3939
f 3878/3878 3940/3940 3879/3879
f 3878/3878 3939/3939 3940/3940
f 3879/3879 3941/3941 3880/3880
f 3879/3879 3940/3940 3941/3941
f 3880/3880 3942/3942 3881/3881
f 3880/3880 3941/3941 3942/3942
f 3881/3881 3943/3943 3882/3882
f 3881/3881 3942/3942 3943/3943
f 3882/3882 3944/3944 3883/3883
f 3882/3882 3943/3943 3944/3944
f 3883/3883 3945/3945 3884/3884
f 3883/3883 3944/3944 3945/3945
f 3884/3884 3946/3946 3885/3885
f 3884/3884 3945/3945 3946/3946
f 3889/3889 3947/3947 3888/3888
f 3889/3889 3948/3948 3947/3947
f 3888/3888 3949/3949 3890/3890
f 3888/3888 3947/3947 3949/3949
f 3890/3890 3950/3950 3891/3891
f 3890/3890 3949/3949 3950/3950
f 3891/3891 3951/3951 3892/3892
f 3891/3891 3950/3950 3951/3951
f 3892/3892 3952/3952 3893/3893
f 3892/3892 3951/3951 3952/3952
f 3893/3893 3953/3953 3894/3894
f 3893/3893 3952/3952 3953/3953
f 3894/3894 3954/3954 3895/3895
f 3894/3894 3953/3953 3954/3954
f 3895/3895 3955/3955 3896/3896
f 3895/3895 3954/3954 3955/3955
f 3896/3896 3956/3956 3897/3897
f 3896/3896 3955/3955 3956/3956
f 3897/3897 3957/3957 3898/3898
f 3897/3897 3956/3956 3957/3957
f 3898/3898 3958/3958 3899/3899
f 3898/3898 3957/3957 3958/3958
f 3899/3899 3959/3959 3900/3900
f 3899/3899 3958/3958 3959/3959
f 3900/3900 3960/3960 3901/3901
f 3900/3900 3959/3959 3960/3960
f 3901/3901 3961/3961 3902/3902
f 3901/3901 3960/3960 3961/3961
f 3902/3902 3962/3962 3903/3903
f 3902/3902 3961/3961 3962/3962
f 3903/3903 3963/3963 3904/3904
f 3903/3903 3962/3962 3963/3963
f 3904/3904 3964/3964 3905/3905
f 3904/3904 3963/3963 3964/3964
f 3905/3905 3965/3965 3906/3906
f 3905/3905 3964/3964 3965/3965
f 3906/3906 3966/3966 3907/3907
f 3906/3906 3965/3965 3966/3966
f 3907/3907 3967/3967 3908/3908
f 3907/3907 3966/3966 3967/3967
f 3908/3908 3968/3968 3909/3909
f 3908/3908 3967/3967 3968/3968
f 3909/3909 3969/3969 3910/3910
f 3909/3909 3968/3968 3969/3969
f 3910/3910 3970/3970 3911/3911
f 3910/3910 3969/3969 3970/3970
f 3911/3911 3971/3971 3912/3912
f 3911/3911 3970/3970 3971/3971
f 3912/3912 3972/3972 3913/3913
f 3912/3912 3971/3971 3972/3972
f 3913/3913 3973/3973 3914/3914
f 3913/3913 3972/3972 3973/3973
f 3914/3914 3974/3974 3915/3915
f 3914/3914 3973/3973 3974/3974
f 3915/3915 3975/3975 3916/3916
f 3915/3915 3974/3974 3975/3975
f 3916/3916 3976/3976 3917/3917
f 3916/3916 3975/3975 3976/3976
f 3917/3917 3977/3977 3918/3918
f 3917/3917 3976/3976 3977/3977
f 3918/3918 3978/3978 3919/3919
f 3918/3918 3977/3977 3978/3978
f 3919/3919 3979/3979 3920/3920
f 3919/3919 3978/3978 3979/3979
f 3920/3920 3980/3980 3921/3921
f 3920/3920 3979/3979 3980/3980
f 3921/3921 3981/3981 3922/3922
f 3921/3921 3980/3980 3981/3981
f 3927/3927 3982/3982 3928/3928
f 3927/3927 3983/3983 3982/3982
f 3928/3928 3984/3984 3929/3929
f 3928/3928 3982/3982 3984/3984
f 3929/3929 3985/3985 3930/3930
f 3929/3929 3984/3984 3985/3985
f 3930/3930 3986/3986 3931/3931
f 3930/3930 3985/3985 3986/3986
f 3931/3931 3987/3987 3932/3932
f 3931/3931 3986/3986 3987/3987
f 3932/3932 3988/3988 3933/3933
f 3932/3932 3987/3987 3988/3988
f 3933/3933 3989/3989 3934/3934
f 3933/3933 3988/3988 3989/3989
f 3934/3934 3990/3990 3935/3935
f 3934/3934 3989/3989 3990/3990
f 3935/3935 3991/3991 3936/3936
f 3935/3935 3990/3990 3991/3991
f 3936/3936 3992/3992 3937/3937
f 3936/3936 3991/3991 3992/3992
f 3937/3937 3993/3993 3938/3938
f 3937/3937 3992/3992 3993/3993
f 3938/3938 3994/3994 3939/3939
f 3938/3938 3993/3993 3994/3994
f 3939/3939 3995/3995 3940/3940
f 3939/3939 3994/3994 3995/3995
f 3940/3940 3996/3996 3941/3941
f 3940/3940 3995/3995 3996/3996
f 3941/3941 3997/3997 3942/3942
f 3941/3941 3996/3996 3997/3997
f 3942/3942 3998/3998 3943/3943
f 3942/3942 3997/3997 3998/3998
f 3948/3948 3999/3999 3947/3947
f 3948/3948 4000/4000 3999/3999
f 3947/3947 4001/4001 3949/3949
f 3947/3947 3999/3999 4001/4001
f 3949/3949 4002/4002 3950/3950
f 3949/3949 4001/4001 4002/4002
f 3950/3950 4003/4003 3951/3951
f 3950/3950 4002/4002 4003/4003
f 3951/3951 4004/4004 3952/3952
f 3951/3951 4003/4003 4004/4004
f 3952/3952 4005/4005 3953/3953
f 3952/3952 4004/4004 4005/4005
f 3953/3953 4006/4006 3954/3954
f 3953/3953 4005/4005 4006/4006
f 3954/3954 4007/4007 3955/3955
f 3954/3954 4006/4006 4007/4007
f 3955/3955 4008/4008 3956/3956
f 3955/3955 4007/4007 4008/4008
f 3956/3956 4009/4009 3957/3957
f 3956/3956 4008/4008 4009/4009
f 3957/3957 4010/4010 3958/3958
f 3957/3957 4009/4009 4010/4010
f 3958/3958 4011/4011 3959/3959
f 3958/3958 4010/4010 4011/4011
f 3959/3959 4012/4012 3960/3960
f 3959/3959 4011/4011 4012/4012
f 3960/3960 4013/4013 3961/3961
f 3960/3960 4012/4012 4013/4013
f 3961/3961 4014/4014 3962/3962
f 3961/3961 4013/4013 4014/4014
f 3962/3962 4015/4015 3963/3963
f 3962/3962 4014/4014 4015/4015
f 3963/3963 4016/4016 3964/3964
f 3963/3963 4015/4015 4016/4016
f 3964/3964 4017/4017 3965/3965
f 3964/3964 4016/4016 4017/4017
f 3965/3965 4018/4018 3966/3966
f 3965/3965 4017/4017 4018/4018
f 3966/3966 4019/4019 3967/3967
f 3966/3966 4018/4018 4019/4019
f 3967/3967 4020/4020 3968/3968
f 3967/3967 4019/4019 4020/4020
f 3968/3968 4021/4021 3969/3969
f 3968/3968 4020/4020 4021/4021
f 3969/3969 4022/4022 3970/3970
f 3969/3969 4021/4021 4022/4022
f 3970/3970 4023/4023 3971/3971
f 3970/3970 4022/4022 4023/4023
f 3971/3971 4024/4024 3972/3972
f 3971/3971 4023/4023 4024/4024
f 3972/3972 4025/4025 3973/3973
f 3972/3972 4024/4024 4025/4025
f 3973/3973 4026/4026 3974/3974
f 3973/3973 4025/4025 4026/4026
f 3974/3974 4027/4027 3975/3975
f 3974/3974 4026/4026 4027/4027
f 3975/3975 4028/4028 3976/3976
f 3975/3975 4027/4027 4028/4028
f 3976/3976 4029/4029 3977/3977
f 3976/3976 4028/4028 4029/4029
f 3977/3977 4030/4030 3978/3978
f 3977/3977 4029/4029 4030/4030
f 3978/3978 4031/4031 3979/3979
f 3978/3978 4030/4030 4031/4031
f 3986/3986 4032/4032 3987/3987
f 3986/3986 4033/4033 4032/4032
f 3987/3987 4034/4034 3988/3988
f 3987/3987 4032/4032 4034/4034
f 3988/3988 4035/4035 3989/3989
f 3988/3988 4034/4034 4035/4035
f 3989/3989 4036/4036 3990/3990
f 3989/3989 4035/4035 4036/4036
f 3990/3990 4037/4037 3991/3991
f 3990/3990 4036/4036 4037/4037
f 3991/3991 4038/4038 3992/3992
f 3991/3991 4037/4037 4038/4038
f 3992/3992 4039/4039 3993/3993
f 3992/3992 4038/4038 4039/4039
f 3993/3993 4040/4040 3994/3994
f 3993/3993 4039/4039 4040/4040
f 4000/4000 4041/4041 3999/3999
f 4000/4000 4042/4042 4041/4041
f 3999/3999 4043/4043 4001/4001
f 3999/3999 4041/4041 4043/4043
f 4001/4001 4044/4044 4002/4002
f 4001/4001 4043/4043 4044/4044
f 4002/4002 4045/4045 4003/4003
f 4002/4002 4044/4044 4045/4045
f 4003/4003 4046/4046 4004/4004
f 4003/4003 4045/4045 4046/4046
f 4004/4004 4047/4047 4005/4005
f 4004/4004 4046/4046 4047/4047
f 4005/4005 4048/4048 4006/4006
f 4005/4005 4047/4047 4048/4048
f 4006/4006 4049/4049 4007/4007
f 4006/4006 4048/4048 4049/4049
f 4007/4007 4050/4050 4008/4008
f 4007/4007 4049/4049 4050/4050
f 4008/4008 4051/4051 4009/4009
f 4008/4008 4050/4050 4051/4051
f 4009/4009 4052/4052 4010/4010
f 4009/4009 4051/4051 4052/4052
f 4010/4010 4053/4053 4011/4011
f 4010/4010 4052/4052 4053/4053
f 4011/4011 4054/4054 4012/4012
f 4011/4011 4053/4053 4054/4054
f 4012/4012 4055/4055 4013/4013
f 4012/4012 4054/4054 4055/4055
f 4013/4013 4056/4056 4014/4014
f 4013/4013 4055/4055 4056/4056
f 4014/4014 4057/4057 4015/4015
f 4014/4014 4056/4056 4057/4057
f 4015/4015 4058/4058 4016/4016
f 4015/4015 4057/4057 4058/4058
f 4016/4016 4059/4059 4017/4017
f 4016/4016 4058/4058 4059/4059
f 4017/4017 4060/4060 4018/4018
f 4017/4017 4059/4059 4060/4060
f 4018/4018 4061/4061 4019/4019
f 4018/4018 4060/4060 4061/4061
f 4019/4019 4062/4062 4020/4020
f 4019/4019 4061/4061 4062/4062
f 4020/4020 4063/4063 4021/4021
f 4020/4020 4062/4062 4063/4063
f 4021/4021 4064/4064 4022/4022
f 4021/4021 4063/4063 4064/4064
f 4022/4022 4065/4065 4023/4023
f 4022/4022 4064/4064 4065/4065
f 4023/4023 4066/4066 4024/4024
f 4023/4023 4065/4065 4066/4066
f 4024/4024 4067/4067 4025/4025
f 4024/4024 4066/4066 4067/4067
f 4025/4025 4068/4068 4026/4026
f 4025/4025 4067/4067 4068/4068
f 4026/4026 4069/4069 4027/4027
f 4026/4026 4068/4068 4069/4069
f 4027/4027 4070/4070 4028/4028
f 4027/4027 4069/4069 4070/4070
f 4028/4028 4071/4071 4029/4029
f 4028/4028 4070/4070 4071/4071
f 4042/4042 4072/4072 4041/4041
f 4042/4042 4073/4073 4072/4072
f 4041/4041 4074/4074 4043/4043
f 4041/4041 4072/4072 4074/4074
f 4043/4043 4075/4075 4044/4044
f 4043/4043 4074/4074 4075/4075
f 4044/4044 4076/4076 4045/4045
f 4044/4044 4075/4075 4076/4076
f 4045/4045 4077/4077 4046/4046
f 4045/4045 4076/4076 4077/4077
f 4046/4046 4078/4078 4047/4047
f 4046/4046 4077/4077 4078/4078
f 4047/4047 4079/4079 4048/4048
f 4047/4047 4078/4078 4079/4079
f 4048/4048 4080/4080 4049/4049
f 4048/4048 4079/4079 4080/4080
f 4049/4049 4081/4081 4050/4050
f 4049/4049 4080/4080 4081/4081
f 4050/4050 4082/4082 4051/4051
f 4050/4050 4081/4081 4082/4082
f 4051/4051 4083/4083 4052/4052
f 4051/4051 4082/4082 4083/4083
f 4052/4052 4084/4084 4053/4053
f 4052/4052 4083/4083 4084/4084
f 4053/4053 4085/4085 4054/4054
f 4053/4053 4084/4084 4085/4085
f 4054/4054 4086/4086 4055/4055
f 4054/4054 4085/4085 4086/4086
f 4055/4055 4087/4087 4056/4056
f 4055/4055 4086/4086 4087/4087
f 4056/4056 4088/4088 4057/4057
f 4056/4056 4087/4087 4088/4088
f 4057/4057 4089/4089 4058/4058
f 4057/4057 4088/4088 4089/4089
f 4058/4058 4090/4090 4059/4059
f 4058/4058 4089/4089 4090/4090
f 4059/4059 4091/4091 4060/4060
f 4059/4059 4090/4090 4091/4091
f 4060/4060 4092/4092 4061/4061
f 4060/4060 4091/4091 4092/4092
f 4061/4061 4093/4093 4062/4062
f 4061/4061 4092/4092 4093/4093
f 4062/4062 4094/4094 4063/4063
f 4062/4062 4093/4093 4094/4094
f 4063/4063 4095/4095 4064/4064
f 4063/4063 4094/4094 4095/4095
f 4064/4064 4096/4096 4065/4065
f 4064/4064 4095/4095 4096/4096
f 4065/4065 4097/4097 4066/4066
f 4065/4065 4096/4096 4097/4097
f 4066/4066 4098/4098 4067/4067
f 4066/4066 4097/4097 4098/4098
f 4067/4067 4099/4099 4068/4068
f 4067/4067 4098/4098 4099/4099
f 4068/4068 4100/4100 4069/4069
f 4068/4068 4099/4099 4100/4100
f 4069/4069 4101/4101 4070/4070
f 4069/4069 4100/4100 4101/4101
f 4073/4073 4102/4102 4072/4072
f 4073/4073 4103/4103 4102/4102
f 4072/4072 4104/4104 4074/4074
f 4072/4072 4102/4102 4104/4104
f 4074/4074 4105/4105 4075/4075
f 4074/4074 4104/4104 4105/4105
f 4075/4075 4106/4106 4076/4076
f 4075/4075 4105/4105 4106/4106
f 4076/4076 4107/4107 4077/4077
f 4076/4076 4106/4106 4107/4107
f 4077/4077 4108/4108 4078/4078
f 4077/4077 4107/4107 4108/4108
f 4078/4078 4109/4109 4079/4079
f 4078/4078 4108/4108 4109/4109
f 4079/4079 4110/4110 4080/4080
f 4079/4079 4109/4109 4110/4110
f 4080/4080 4111/4111 4081/4081
f 4080/4080 4110/4110 4111/4111
f 4081/4081 4112/4112 4082/4082
f 4081/4081 4111/4111 4112/4112
f 4082/4082 4113/4113 4083/4083
f 4082/4082 4112/4112 4113/4113
f 4083/4083 4114/4114 4084/4084
f 4083/4083 4113/4113 4114/4114
f 4084/4084 4115/4115 4085/4085
f 4084/4084 4114/4114 4115/4115
f 4085/4085 4116/4116 4086/4086
f 4085/4085 4115/4115 4116/4116
f 4086/4086 4117/4117 4087/4087
f 4086/4086 4116/4116 4117/4117
f 4087/4087 4118/4118 4088/4088
f 4087/4087 4117/4117 4118/4118
f 4088/4088 4119/4119 4089/4089
f 4088/4088 4118/4118 4119/4119
f 4089/4089 4120/4120 4090/4090
f 4089/4089 4119/4119 4120/4120
f 4090/4090 4121/4121 4091/4091
f 4090/4090 4120/4120 4121/4121
f 4091/4091 4122/4122 4092/4092
f 4091/4091 4121/4121 4122/4122
f 4092/4092 4123/4123 4093/4093
f 4092/4092 4122/4122 4123/4123
f 4093/4093 4124/4124 4094/4094
f 4093/4093 4123/4123 4124/4124
f 4094/4094 4125/4125 4095/4095
f 4094/4094 4124/4124 4125/4125
f 4095/4095 4126/4126 4096/4096
f 4095/4095 4125/4125 4126/4126
f 4096/4096 4127/4127 4097/4097
f 4096/4096 4126/4126 4127/4127
f 4097/4097 4128/4128 4098/4098
f 4097/4097 4127/4127 4128/4128
f 4098/4098 4129/4129 4099/4099
f 4098/4098 4128/4128 4129/4129
f 4103/4103 4130/4130 4102/4102
f 4103/4103 4131/4131 4130/4130
f 4102/4102 4132/4132 4104/4104
f 4102/4102 4130/4130 4132/4132
f 4104/4104 4133/4133 4105/4105
f 4104/4104 4132/4132 4133/4133
f 4105/4105 4134/4134 4106/4106
f 4105/4105 4133/4133 4134/4134
f 4106/4106 4135/4135 4107/4107
f 4106/4106 4134/4134 4135/4135
f 4107/4107 4136/4136 4108/4108
f 4107/4107 4135/4135 4136/4136
f 4108/4108 4137/4137 4109/4109
f 4108/4108 4136/4136 4137/4137
f 4109/4109 4138/4138 4110/4110
f 4109/4109 4137/4137 4138/4138
f 4110/4110 4139/4139 4111/4111
f 4110/4110 4138/4138 4139/4139
f 4111/4111 4140/4140 4112/4112
f 4111/4111 4139/4139 4140/4140
f 4112/4112 4141/4141 4113/4113
f 4112/4112 4140/4140 4141/4141
f 4113/4113 4142/4142 4114/4114
f 4113/4113 4141/4141 4142/4142
f 4114/4114 4143/4143 4115/4115
f 4114/4114 4142/4142 4143/4143
f 4115/4115 4144/4144 4116/4116
f 4115/4115 4143/4143 4144/4144
f 4116/4116 4145/4145 4117/4117
f 4116/4116 4144/4144 4145/4145
f 4117/4117 4146/4146 4118/4118
f 4117/4117 4145/4145 4146/4146
f 4118/4118 4147/4147 4119/4119
f 4118/4118 4146/4146 4147/4147
f 4119/4119 4148/4148 4120/4120
f 4119/4119 4147/4147 4148/4148
f 4120/4120 4149/4149 4121/4121
f 4120/4120 4148/4148 4149/4149
f 4121/4121 4150/4150 4122/4122
f 4121/4121 4149/4149 4150/4150
f 4122/4122 4151/4151 4123/4123
f 4122/4122 4150/4150 4151/4151
f 4123/4123 4152/4152 4124/4124
f 4123/4123 4151/4151 4152/4152
f 4124/4124 4153/4153 4125/4125
f 4124/4124 4152/4152 4153/4153
f 4125/4125 4154/4154 4126/4126
f 4125/4125 4153/4153 4154/4154
f 4126/4126 4155/4155 4127/4127
f 4126/4126 4154/4154 4155/4155
f 4156/4156 4158/4158 4157/4157
f 4156/4156 4159/4159 4158/4158
f 4157/4157 4160/4160 4131/4131
f 4157/4157 4158/4158 4160/4160
f 4131/4131 4161/4161 4130/4130
f 4131/4131 4160/4160 4161/4161
f 4130/4130 4162/4162 4132/4132
f 4130/4130 4161/4161 4162/4162
f 4132/4132 4163/4163 4133/4133
f 4132/4132 4162/4162 4163/4163
f 4133/4133 4164/4164 4134/4134
f 4133/4133 4163/4163 4164/4164
f 4134/4134 4165/4165 4135/4135
f 4134/4134 4164/4164 4165/4165
f 4135/4135 4166/4166 4136/4136
f 4135/4135 4165/4165 4166/4166
f 4136/4136 4167/4167 4137/4137
f 4136/4136 4166/4166 4167/4167
f 4137/4137 4168/4168 4138/4138
f 4137/4137 4167/4167 4168/4168
f 4138/4138 4169/4169 4139/4139
f 4138/4138 4168/4168 4169/4169
f 4139/4139 4170/4170 4140/4140
f 4139/4139 4169/4169 4170/4170
f 4140/4140 4171/4171 4141/4141
f 4140/4140 4170/4170 4171/4171
f 4141/4141 4172/4172 4142/4142
f 4141/4141 4171/4171 4172/4172
f 4142/4142 4173/4173 4143/4143
f 4142/4142 4172/4172 4173/4173
f 4143/4143 4174/4174 4144/4144
f 4143/4143 4173/4173 4174/4174
f 4144/4144 4175/4175 4145/4145
f 4144/4144 4174/4174 4175/4175
f 4145/4145 4176/4176 4146/4146
f 4145/4145 4175/4175 4176/4176
f 4146/4146 4177/4177 4147/4147
f 4146/4146 4176/4176 4177/4177
f 4147/4147 4178/4178 4148/4148
f 4147/4147 4177/4177 4178/4178
f 4148/4148 4179/4179 4149/4149
f 4148/4148 4178/4178 4179/4179
f 4149/4149 4180/4180 4150/4150
f 4149/4149 4179/4179 4180/4180
f 4150/4150 4181/4181 4151/4151
f 4150/4150 4180/4180 4181/4181
f 4151/4151 4182/4182 4152/4152
f 4151/4151 4181/4181 4182/4182
f 4152/4152 4183/4183 4153/4153
f 4152/4152 4182/4182 4183/4183
f 4153/4153 4184/4184 4154/4154
f 4153/4153 4183/4183 4184/4184
f 4185/4185 4186/4186 4159/4159
f 4185/4185 4187/4187 4186/4186
f 4159/4159 4188/4188 4158/4158
f 4159/4159 4186/4186 4188/4188
f 4158/4158 4189/4189 4160/4160
f 4158/4158 4188/4188 4189/4189
f 4160/4160 4190/4190 4161/4161
f 4160/4160 4189/4189 4190/4190
f 4161/4161 4191/4191 4162/4162
f 4161/4161 4190/4190 4191/4191
f 4162/4162 4192/4192 4163/4163
f 4162/4162 4191/4191 4192/4192
f 4163/4163 4193/4193 4164/4164
f 4163/4163 4192/4192 4193/4193
f 4164/4164 4194/4194 4165/4165
f 4164/4164 4193/4193 4194/4194
f 4165/4165 4195/4195 4166/4166
f 4165/4165 4194/4194 4195/4195
f 4166/4166 4196/4196 4167/4167
f 4166/4166 4195/4195 4196/4196
f 4167/4167 4197/4197 4168/4168
f 4167/4167 4196/4196 4197/4197
f 4168/4168 4198/4198 4169/4169
f 4168/4168 4197/4197 4198/4198
f 4169/4169 4199/4199 4170/4170
f 4169/4169 4198/4198 4199/4199
f 4170/4170 4200/4200 4171/4171
f 4170/4170 4199/4199 4200/4200
f 4171/4171 4201/4201 4172/4172
f 4171/4171 4200/4200 4201/4201
f 4172/4172 4202/4202 4173/4173
f 4172/4172 4201/4201 4202/4202
f 4173/4173 4203/4203 4174/4174
f 4173/4173 4202/4202 4203/4203
f 4174/4174 4204/4204 4175/4175
f 4174/4174 4203/4203 4204/4204
f 4175/4175 4205/4205 4176/4176
f 4175/4175 4204/4204 4205/4205
f 4176/4176 4206/4206 4177/4177
f 4176/4176 4205/4205 4206/4206
f 4177/4177 4207/4207 4178/4178
f 4177/4177 4206/4206 4207/4207
f 4178/4178 4208/4208 4179/4179
f 4178/4178 4207/4207 4208/4208
f 4179/4179 4209/4209 4180/4180
f 4179/4179 4208/4208 4209/4209
f 4180/4180 4210/4210 4181/4181
f 4180/4180 4209/4209 4210/4210
f 4181/4181 4211/4211 4182/4182
f 4181/4181 4210/4210 4211/4211
f 4212/4212 4213/4213 4187/4187
f 4212/4212 4214/4214 4213/4213
f 4187/4187 4215/4215 4186/4186
f 4187/4187 4213/4213 4215/4215
f 4186/4186 4216/4216 4188/4188
f 4186/4186 4215/4215 4216/4216
f 4188/4188 4217/4217 4189/4189
f 4188/4188 4216/4216 4217/4217
f 4189/4189 4218/4218 4190/4190
f 4189/4189 4217/4217 4218/4218
f 4190/4190 4219/4219 4191/4191
f 4190/4190 4218/4218 4219/4219
f 4191/4191 4220/4220 4192/4192
f 4191/4191 4219/4219 4220/4220
f 4192/4192 4221/4221 4193/4193
f 4192/4192 4220/4220 4221/4221
f 4193/4193 4222/4222 4194/4194
f 4193/4193 4221/4221 4222/4222
f 4194/4194 4223/4223 4195/4195
f 4194/4194 4222/4222 4223/4223
f 4195/4195 4224/4224 4196/4196
f 4195/4195 4223/4223 4224/4224
f 4196/4196 4225/4225 4197/4197
f 4196/4196 4224/4224 4225/4225
f 4197/4197 4226/4226 4198/4198
f 4197/4197 4225/4225 4226/4226
f 4198/4198 4227/4227 4199/4199
f 4198/4198 4226/4226 4227/4227
f 4199/4199 4228/4228 4200/4200
f 4199/4199 4227/4227 4228/4228
f 4200/4200 4229/4229 4201/4201
f 4200/4200 4228/4228 4229/4229
f 4201/4201 4230/4230 4202/4202
f 4201/4201 4229/4229 4230/4230
f 4202/4202 4231/4231 4203/4203
f 4202/4202 4230/4230 4231/4231
f 4203/4203 4232/4232 4204/4204
f 4203/4203 4231/4231 4232/4232
f 4204/4204 4233/4233 4205/4205
f 4204/4204 4232/4232 4233/4233
f 4205/4205 4234/4234 4206/4206
f 4205/4205 4233/4233 4234/4234
f 4206/4206 4235/4235 4207/4207
f 4206/4206 4234/4234 4235/4235
f 4207/4207 4236/4236 4208/4208
f 4207/4207 4235/4235 4236/4236
f 4208/4208 4237/4237 4209/4209
f 4208/4208 4236/4236 4237/4237
f 4214/4214 4238/4238 4213/4213
f 4214/4214 4239/4239 4238/4238
f 4213/4213 4240/4240 4215/4215
f 4213/4213 4238/4238 4240/4240
f 4215/4215 4241/4241 4216/4216
f 4215/4215 4240/4240 4241/4241
f 4216/4216 4242/4242 4217/4217
f 4216/4216 4241/4241 4242/4242
f 4217/4217 4243/4243 4218/4218
f 4217/4217 4242/4242 4243/4243
f 4218/4218 4244/4244 4219/4219
f 4218/4218 4243/4243 4244/4244
f 4219/4219 4245/4245 4220/4220
f 4219/4219 4244/4244 4245/4245
f 4220/4220 4246/4246 4221/4221
f 4220/4220 4245/4245 4246/4246
f 4221/4221 4247/4247 4222/4222
f 4221/4221 4246/4246 4247/4247
f 4222/4222 4248/4248 4223/4223
f 4222/4222 4247/4247 4248/4248
f 4223/4223 4249/4249 4224/4224
f 4223/4223 4248/4248 4249/4249
f 4224/4224 4250/4250 4225/4225
f 4224/4224 4249/4249 4250/4250
f 4225/4225 4251/4251 4226/4226
f 4225/4225 4250/4250 4251/4251
f 4226/4226 4252/4252 4227/4227
f 4226/4226 4251/4251 4252/4252
f 4227/4227 4253/4253 4228/4228
f 4227/4227 4252/4252 4253/4253
f 4228/4228 4254/4254 4229/4229
f 4228/4228 4253/4253 4254/4254
f 4229/4229 4255/4255 4230/4230
f 4229/4229 4254/4254 4255/4255
f 4230/4230 4256/4256 4231/4231
f 4230/4230 4255/4255 4256/4256
f 4231/4231 4257/4257 4232/4232
f 4231/4231 4256/4256 4257/4257
f 4232/4232 4258/4258 4233/4233
f 4232/4232 4257/4257 4258/4258
f 4233/4233 4259/4259 4234/4234
f 4233/4233 4258/4258 4259/4259
f 4234/4234 4260/4260 4235/4235
f 4234/4234 4259/4259 4260/4260
f 4235/4235 4261/4261 4236/4236
f 4235/4235 4260/4260 4261/4261
f 4262/4262 4263/4263 4239/4239
f 4262/4262 4264/4264 4263/4263
f 4239/4239 4265/4265 4238/4238
f 4239/4239 4263/4263 4265/4265
f 4238/4238 4266/4266 4240/4240
f 4238/4238 4265/4265 4266/4266
f 4240/4240 4267/4267 4241/4241
f 4240/4240 4266/4266 4267/4267
f 4241/4241 4268/4268 4242/4242
f 4241/4241 4267/4267 4268/4268
f 4242/4242 4269/4269 4243/4243
f 4242/4242 4268/4268 4269/4269
f 4243/4243 4270/4270 4244/4244
f 4243/4243 4269/4269 4270/4270
f 4244/4244 4271/4271 4245/4245
f 4244/4244 4270/4270 4271/4271
f 4245/4245 4272/4272 4246/4246
f 4245/4245 4271/4271 4272/4272
f 4246/4246 4273/4273 4247/4247
f 4246/4246 4272/4272 4273/4273
f 4247/4247 4274/4274 4248/4248
f 4247/4247 4273/4273 4274/4274
f 4248/4248 4275/4275 4249/4249
f 4248/4248 4274/4274 4275/4275
f 4249/4249 4276/4276 4250/4250
f 4249/4249 4275/4275 4276/4276
f 4250/4250 4277/4277 4251/4251
f 4250/4250 4276/4276 4277/4277
f 4251/4251 4278/4278 4252/4252
f 4251/4251 4277/4277 4278/4278
f 4252/4252 4279/4279 4253/4253
f 4252/4252 4278/4278 4279/4279
f 4253/4253 4280/4280 4254/4254
f 4253/4253 4279/4279 4280/4280
f 4254/4254 4281/4281 4255/4255
f 4254/4254 4280/4280 4281/4281
f 4255/4255 4282/4282 4256/4256
f 4255/4255 4281/4281 4282/4282
f 4256/4256 4283/4283 4257/4257
f 4256/4256 4282/4282 4283/4283
f 4257/4257 4284/4284 4258/4258
f 4257/4257 4283/4283 4284/4284
f 4258/4258 4285/4285 4259/4259
f 4258/4258 4284/4284 4285/4285
f 4264/4264 4286/4286 4263/4263
f 4264/4264 4287/4287 4286/4286
f 4263/4263 4288/4288 4265/4265
f 4263/4263 4286/4286 4288/4288
f 4265/4265 4289/4289 4266/4266
f 4265/4265 4288/4288 4289/4289
f 4266/4266 4290/4290 4267/4267
f 4266/4266 4289/4289 4290/4290
f 4267/4267 4291/4291 4268/4268
f 4267/4267 4290/4290 4291/4291
f 4268/4268 4292/4292 4269/4269
f 4268/4268 4291/4291 4292/4292
f 4269/4269 4293/4293 4270/4270
f 4269/4269 4292/4292 4293/4293
f 4270/4270 4294/4294 4271/4271
f 4270/4270 4293/4293 4294/4294
f 4271/4271 4295/4295 4272/4272
f 4271/4271 4294/4294 4295/4295
f 4272/4272 4296/4296 4273/4273
f 4272/4272 4295/4295 4296/4296
f 4273/4273 4297/4297 4274/4274
f 4273/4273 4296/4296 4297/4297
f 4274/4274 4298/4298 4275/4275
f 4274/4274 4297/4297 4298/4298
f 4275/4275 4299/4299 4276/4276
f 4275/4275 4298/4298 4299/4299
f 4276/4276 4300/4300 4277/4277
f 4276/4276 4299/4299 4300/4300
f 4277/4277 4301/4301 4278/4278
f 4277/4277 4300/4300 4301/4301
f 4278/4278 4302/4302 4279/4279
f 4278/4278 4301/4301 4302/4302
f 4279/4279 4303/4303 4280/4280
f 4279/4279 4302/4302 4303/4303
f 4280/4280 4304/4304 4281/4281
f 4280/4280 4303/4303 4304/4304
f 4281/4281 4305/4305 4282/4282
f 4281/4281 4304/4304 4305/4305
f 4282/4282 4306/4306 4283/4283
f 4282/4282 4305/4305 4306/4306
f 4283/4283 4307/4307 4284/4284
f 4283/4283 4306/4306 4307/4307
f 4284/4284 4308/4308 4285/4285
f 4284/4284 4307/4307 4308/4308
f 4309/4309 4310/4310 4287/4287
f 4309/4309 4311/4311 4310/4310
f 4287/4287 4312/4312 4286/4286
f 4287/4287 4310/4310 4312/4312
f 4286/4286 4313/4313 4288/4288
f 4286/4286 4312/4312 4313/4313
f 4288/4288 4314/4314 4289/4289
f 4288/4288 4313/4313 4314/4314
f 4289/4289 4315/4315 4290/4290
f 4289/4289 4314/4314 4315/4315
f 4290/4290 4316/4316 4291/4291
f 4290/4290 4315/4315 4316/4316
f 4291/4291 4317/4317 4292/4292
f 4291/4291 4316/4316 4317/4317
f 4292/4292 4318/4318 4293/4293
f 4292/4292 4317/4317 4318/4318
f 4293/4293 4319/4319 4294/4294
f 4293/4293 4318/4318 4319/4319
f 4294/4294 4320/4320 4295/4295
f 4294/4294 4319/4319 4320/4320
f 4295/4295 4321/4321 4296/4296
f 4295/4295 4320/4320 4321/4321
f 4296/4296 4322/4322 4297/4297
f 4296/4296 4321/4321 4322/4322
f 4297/4297 4323/4323 4298/4298
f 4297/4297 4322/4322 4323/4323
f 4298/4298 4324/4324 4299/4299
f 4298/4298 4323/4323 4324/4324
f 4299/4299 4325/4325 4300/4300
f 4299/4299 4324/4324 4325/4325
f 4300/4300 4326/4326 4301/4301
f 4300/4300 4325/4325 4326/4326
f 4301/4301 4327/4327 4302/4302
f 4301/4301 4326/4326 4327/4327
f 4302/4302 4328/4328 4303/4303
f 4302/4302 4327/4327 4328/4328
f 4303/4303 4329/4329 4304/4304
f 4303/4303 4328/4328 4329/4329
f 4304/4304 4330/4330 4305/4305
f 4304/4304 4329/4329 4330/4330
f 4305/4305 4331/4331 4306/4306
f 4305/4305 4330/4330 4331/4331
f 4306/4306 4332/4332 4307/4307
f 4306/4306 4331/4331 4332/4332
f 4307/4307 4333/4333 4308/4308
f 4307/4307 4332/4332 4333/4333
f 4308/4308 4335/4335 4334/4334
f 4308/4308 4333/4333 4335/4335
f 4311/4311 4336/4336 4310/4310
f 4311/4311 4337/4337 4336/4336
f 4310/4310 4338/4338 4312/4312
f 4310/4310 4336/4336 4338/4338
f 4312/4312 4339/4339 4313/4313
f 4312/4312 4338/4338 4339/4339
f 4313/4313 4340/4340 4314/4314
f 4313/4313 4339/4339 4340/4340
f 4314/4314 4341/4341 4315/4315
f 4314/4314 4340/4340 4341/4341
f 4315/4315 4342/4342 4316/4316
f 4315/4315 4341/4341 4342/4342
f 4316/4316 4343/4343 4317/4317
f 4316/4316 4342/4342 4343/4343
f 4317/4317 4344/4344 4318/4318
f 4317/4317 4343/4343 4344/4344
f 4318/4318 4345/4345 4319/4319
f 4318/4318 4344/4344 4345/4345
f 4319/4319 4346/4346 4320/4320
f 4319/4319 4345/4345 4346/4346
f 4320/4320 4347/4347 4321/4321
f 4320/4320 4346/4346 4347/4347
f 4321/4321 4348/4348 4322/4322
f 4321/4321 4347/4347 4348/4348
f 4322/4322 4349/4349 4323/4323
f 4322/4322 4348/4348 4349/4349
f 4323/4323 4350/4350 4324/4324
f 4323/4323 4349/4349 4350/4350
f 4324/4324 4351/4351 4325/4325
f 4324/4324 4350/4350 4351/4351
f 4325/4325 4352/4352 4326/4326
f 4325/4325 4351/4351 4352/4352
f 4326/4326 4353/4353 4327/4327
f 4326/4326 4352/4352 4353/4353
f 4327/4327 4354/4354 4328/4328
f 4327/4327 4353/4353 4354/4354
f 4328/4328 4355/4355 4329/4329
f 4328/4328 4354/4354 4355/4355
f 4329/4329 4356/4356 4330/4330
f 4329/4329 4355/4355 4356/4356
f 4330/4330 4357/4357 4331/4331
f 4330/4330 4356/4356 4357/4357
f 4331/4331 4358/4358 4332/4332
f 4331/4331 4357/4357 4358/4358
f 4332/4332 4359/4359 4333/4333
f 4332/4332 4358/4358 4359/4359
f 4333/4333 4360/4360 4335/4335
f 4333/4333 4359/4359 4360/4360
f 4337/4337 4361/4361 4336/4336
f 4337/4337 4362/4362 4361/4361
f 4336/4336 4363/4363 4338/4338
f 4336/4336 4361/4361 4363/4363
f 4338/4338 4364/4364 4339/4339
f 4338/4338 4363/4363 4364/4364
f 4339/4339 4365/4365 4340/4340
f 4339/4339 4364/4364 4365/4365
f 4340/4340 4366/4366 4341/4341
f 4340/4340 4365/4365 4366/4366
f 4341/4341 4367/4367 4342/4342
f 4341/4341 4366/4366 4367/4367
f 4342/4342 4368/4368 4343/4343
f 4342/4342 4367/4367 4368/4368
f 4343/4343 4369/4369 4344/4344
f 4343/4343 4368/4368 4369/4369
f 4344/4344 4370/4370 4345/4345
f 4344/4344 4369/4369 4370/4370
f 4345/4345 4371/4371 4346/4346
f 4345/4345 4370/4370 4371/4371
f 4346/4346 4372/4372 4347/4347
f 4346/4346 4371/4371 4372/4372
f 4347/4347 4373/4373 4348/4348
f 4347/4347 4372/4372 4373/4373
f 4348/4348 4374/4374 4349/4349
f 4348/4348 4373/4373 4374/4374
f 4349/4349 4375/4375 4350/4350
f 4349/4349 4374/4374 4375/4375
f 4350/4350 4376/4376 4351/4351
f 4350/4350 4375/4375 4376/4376
f 4351/4351 4377/4377 4352/4352
f 4351/4351 4376/4376 4377/4377
f 4352/4352 4378/4378 4353/4353
f 4352/4352 4377/4377 4378/4378
f 4353/4353 4379/4379 4354/4354
f 4353/4353 4378/4378 4379/4379
f 4354/4354 4380/4380 4355/4355
f 4354/4354 4379/4379 4380/4380
f 4355/4355 4381/4381 4356/4356
f 4355/4355 4380/4380 4381/4381
f 4356/4356 4382/4382 4357/4357
f 4356/4356 4381/4381 4382/4382
f 4357/4357 4383/4383 4358/4358
f 4357/4357 4382/4382 4383/4383
f 4358/4358 4384/4384 4359/4359
f 4358/4358 4383/4383 4384/4384
f 4359/4359 4385/4385 4360/4360
f 4359/4359 4384/4384 4385/4385
f 4362/4362 4386/4386 4361/4361
f 4362/4362 4387/4387 4386/4386
f 4361/4361 4388/4388 4363/4363
f 4361/4361 4386/4386 4388/4388
f 4363/4363 4389/4389 4364/4364
f 4363/4363 4388/4388 4389/4389
f 4364/4364 4390/4390 4365/4365
f 4364/4364 4389/4389 4390/4390
f 4365/4365 4391/4391 4366/4366
f 4365/4365 4390/4390 4391/4391
f 4366/4366 4392/4392 4367/4367
f 4366/4366 4391/4391 4392/4392
f 4367/4367 4393/4393 4368/4368
f 4367/4367 4392/4392 4393/4393
f 4368/4368 4394/4394 4369/4369
f 4368/4368 4393/4393 4394/4394
f 4369/4369 4395/4395 4370/4370
f 4369/4369 4394/4394 4395/4395
f 4370/4370 4396/4396 4371/4371
f 4370/4370 4395/4395 4396/4396
f 4371/4371 4397/4397 4372/4372
f 4371/4371 4396/4396 4397/4397
f 4372/4372 4398/4398 4373/4373
f 4372/4372 4397/4397 4398/4398
f 4373/4373 4399/4399 4374/4374
f 4373/4373 4398/4398 4399/4399
f 4374/4374 4400/4400 4375/4375
f 4374/4374 4399/4399 4400/4400
f 4375/4375 4401/4401 4376/4376
f 4375/4375 4400/4400 4401/4401
f 4376/4376 4402/4402 4377/4377
f 4376/4376 4401/4401 4402/4402
f 4377/4377 4403/4403 4378/4378
f 4377/4377 4402/4402 4403/4403
f 4378/4378 4404/4404 4379/4379
f 4378/4378 4403/4403 4404/4404
f 4379/4379 4405/4405 4380/4380
f 4379/4379 4404/4404 4405/4405
f 4380/4380 4406/4406 4381/4381
f 4380/4380 4405/4405 4406/4406
f 4381/4381 4407/4407 4382/4382
f 4381/4381 4406/4406 4407/4407
f 4382/4382 4408/4408 4383/4383
f 4382/4382 4407/4407 4408/4408
f 4383/4383 4409/4409 4384/4384
f 4383/4383 4408/4408 4409/4409
f 4384/4384 4410/4410 4385/4385
f 4384/4384 4409/4409 4410/4410
f 4387/4387 4411/4411 4386/4386
f 4387/4387 4412/4412 4411/4411
f 4386/4386 4413/4413 4388/4388
f 4386/4386 4411/4411 4413/4413
f 4388/4388 4414/4414 4389/4389
f 4388/4388 4413/4413 4414/4414
f 4389/4389 4415/4415 4390/4390
f 4389/4389 4414/4414 4415/4415
f 4390/4390 4416/4416 4391/4391
f 4390/4390 4415/4415 4416/4416
f 4391/4391 4417/4417 4392/4392
f 4391/4391 4416/4416 4417/4417
f 4392/4392 4418/4418 4393/4393
f 4392/4392 4417/4417 4418/4418
f 4393/4393 4419/4419 4394/4394
f 4393/4393 4418/4418 4419/4419
f 4394/4394 4420/4420 4395/4395
f 4394/4394 4419/4419 4420/4420
f 4395/4395 4421/4421 4396/4396
f 4395/4395 4420/4420 4421/4421
f 4396/4396 4422/4422 4397/4397
f 4396/4396 4421/4421 4422/4422
f 4397/4397 4423/4423 4398/4398
f 4397/4397 4422/4422 4423/4423
f 4398/4398 4424/4424 4399/4399
f 4398/4398 4423/4423 4424/4424
f 4399/4399 4425/4425 4400/4400
f 4399/4399 4424/4424 4425/4425
f 4400/4400 4426/4426 4401/4401
f 4400/4400 4425/4425 4426/4426
f 4401/4401 4427/4427 4402/4402
f 4401/4401 4426/4426 4427/4427
f 4402/4402 4428/4428 4403/4403
f 4402/4402 4427/4427 4428/4428
f 4403/4403 4429/4429 4404/4404
f 4403/4403 4428/4428 4429/4429
f 4404/4404 4430/4430 4405/4405
f 4404/4404 4429/4429 4430/4430
f 4405/4405 4431/4431 4406/4406
f 4405/4405 4430/4430 4431/4431
f 4406/4406 4432/4432 4407/4407
f 4406/4406 4431/4431 4432/4432
f 4407/4407 4433/4433 4408/4408
f 4407/4407 4432/4432 4433/4433
f 4408/4408 4434/4434 4409/4409
f 4408/4408 4433/4433 4434/4434
f 4409/4409 4435/4435 4410/4410
f 4409/4409 4434/4434 4435/4435
f 4412/4412 4436/4436 4411/4411
f 4412/4412 4437/4437 4436/4436
f 4411/4411 4438/4438 4413/4413
f 4411/4411 4436/4436 4438/4438
f 4413/4413 4439/4439 4414/4414
f 4413/4413 4438/4438 4439/4439
f 4414/4414 4440/4440 4415/4415
f 4414/4414 4439/4439 4440/4440
f 4415/4415 4441/4441 4416/4416
f 4415/4415 4440/4440 4441/4441
f 4416/4416 4442/4442 4417/4417
f 4416/4416 4441/4441 4442/4442
f 4417/4417 4443/4443 4418/4418
f 4417/4417 4442/4442 4443/4443
f 4418/4418 4444/4444 4419/4419
f 4418/4418 4443/4443 4444/4444
f 4419/4419 4445/4445 4420/4420
f 4419/4419 4444/4444 4445/4445
f 4420/4420 4446/4446 4421/4421
f 4420/4420 4445/4445 4446/4446
f 4421/4421 4447/4447 4422/4422
f 4421/4421 4446/4446 4447/4447
f 4422/4422 4448/4448 4423/4423
f 4422/4422 4447/4447 4448/4448
f 4423/4423 4449/4449 4424/4424
f 4423/4423 4448/4448 4449/4449
f 4424/4424 4450/4450 4425/4425
f 4424/4424 4449/4449 4450/4450
f 4425/4425 4451/4451 4426/4426
f 4425/4425 4450/4450 4451/4451
f 4426/4426 4452/4452 4427/4427
f 4426/4426 4451/4451 4452/4452
f 4427/4427 4453/4453 4428/4428
f 4427/4427 4452/4452 4453/4453
f 4428/4428 4454/4454 4429/4429
f 4428/4428 4453/4453 4454/4454
f 4429/4429 4455/4455 4430/4430
f 4429/4429 4454/4454 4455/4455
f 4430/4430 4456/4456 4431/4431
f 4430/4430 4455/4455 4456/4456
f 4431/4431 4457/4457 4432/4432
f 4431/4431 4456/4456 4457/4457
f 4432/4432 4458/4458 4433/4433
f 4432/4432 4457/4457 4458/4458
f 4433/4433 4459/4459 4434/4434
f 4433/4433 4458/4458 4459/4459
f 4434/4434 4460/4460 4435/4435
f 4434/4434 4459/4459 4460/4460
f 4437/4437 4461/4461 4436/4436
f 4437/4437 4462/4462 4461/4461
f 4436/4436 4463/4463 4438/4438
f 4436/4436 4461/4461 4463/4463
f 4438/4438 4464/4464 4439/4439
f 4438/4438 4463/4463 4464/4464
f 4439/4439 4465/4465 4440/4440
f 4439/4439 4464/4464 4465/4465
f 4440/4440 4466/4466 4441/4441
f 4440/4440 4465/4465 4466/4466
f 4441/4441 4467/4467 4442/4442
f 4441/4441 4466/4466 4467/4467
f 4442/4442 4468/4468 4443/4443
f 4442/4442 4467/4467 4468/4468
f 4443/4443 4469/4469 4444/4444
f 4443/4443 4468/4468 4469/4469
f 4444/4444 4470/4470 4445/4445
f 4444/4444 4469/4469 4470/4470
f 4445/4445 4471/4471 4446/4446
f 4445/4445 4470/4470 4471/4471
f 4446/4446 4472/4472 4447/4447
f 4446/4446 4471/4471 4472/4472
f 4447/4447 4473/4473 4448/4448
f 4447/4447 4472/4472 4473/4473
f 4448/4448 4474/4474 4449/4449
f 4448/4448 4473/4473 4474/4474
f 4449/4449 4475/4475 4450/4450
f 4449/4449 4474/4474 4475/4475
f 4450/4450 4476/4476 4451/4451
f 4450/4450 4475/4475 4476/4476
f 4451/4451 4477/4477 4452/4452
f 4451/4451 4476/4476 4477/4477
f 4452/4452 4478/4478 4453/4453
f 4452/4452 4477/4477 4478/4478
f 4453/4453 4479/4479 4454/4454
f 4453/4453 4478/4478 4479/4479
f 4454/4454 4480/4480 4455/4455
f 4454/4454 4479/4479 4480/4480
f 4455/4455 4481/4481 4456/4456
f 4455/4455 4480/4480 4481/4481
f 4456/4456 4482/4482 4457/4457
f 4456/4456 4481/4481 4482/4482
f 4457/4457 4483/4483 4458/4458
f 4457/4457 4482/4482 4483/4483
f 4458/4458 4484/4484 4459/4459
f 4458/4458 4483/4483 4484/4484
f 4459/4459 4485/4485 4460/4460
f 4459/4459 4484/4484 4485/4485
f 4462/4462 4486/4486 4461/4461
f 4462/4462 4487/4487 4486/4486
f 4461/4461 4488/4488 4463/4463
f 4461/4461 4486/4486 4488/4488
f 4463/4463 4489/4489 4464/4464
f 4463/4463 4488/4488 4489/4489
f 4464/4464 4490/4490 4465/4465
f 4464/4464 4489/4489 4490/4490
f 4465/4465 4491/4491 4466/4466
f 4465/4465 4490/4490 4491/4491
f 4466/4466 4492/4492 4467/4467
f 4466/4466 4491/4491 4492/4492
f 4467/4467 4493/4493 4468/4468
f 4467/4467 4492/4492 4493/4493
f 4468/4468 4494/4494 4469/4469
f 4468/4468 4493/4493 4494/4494
f 4469/4469 4495/4495 4470/4470
f 4469/4469 4494/4494 4495/4495
f 4470/4470 4496/4496 4471/4471
f 4470/4470 4495/4495 4496/4496
f 4471/4471 4497/4497 4472/4472
f 4471/4471 4496/4496 4497/4497
f 4472/4472 4498/4498 4473/4473
f 4472/4472 4497/4497 4498/4498
f 4473/4473 4499/4499 4474/4474
f 4473/4473 4498/4498 4499/4499
f 4474/4474 4500/4500 4475/4475
f 4474/4474 4499/4499 4500/4500
f 4475/4475 4501/4501 4476/4476
f 4475/4475 4500/4500 4501/4501
f 4476/4476 4502/4502 4477/4477
f 4476/4476 4501/4501 4502/4502
f 4477/4477 4503/4503 4478/4478
f 4477/4477 4502/4502 4503/4503
f 4478/4478 4504/4504 4479/4479
f 4478/4478 4503/4503 4504/4504
f 4479/4479 4505/4505 4480/4480
f 4479/4479 4504/4504 4505/4505
f 4480/4480 4506/4506 4481/4481
f 4480/4480 4505/4505 4506/4506
f 4481/4481 4507/4507 4482/4482
f 4481/4481 4506/4506 4507/4507
f 4482/4482 4508/4508 4483/4483
f 4482/4482 4507/4507 4508/4508
f 4483/4483 4509/4509 4484/4484
f 4483/4483 4508/4508 4509/4509
f 4484/4484 4510/4510 4485/4485
f 4484/4484 4509/4509 4510/4510
f 4486/4486 4511/4511 4488/4488
f 4486/4486 4512/4512 4511/4511
f 4488/4488 4513/4513 4489/4489
f 4488/4488 4511/4511 4513/4513
f 4489/4489 4514/4514 4490/4490
f 4489/4489 4513/4513 4514/4514
f 4490/4490 4515/4515 4491/4491
f 4490/4490 4514/4514 4515/4515
f 4491/4491 4516/4516 4492/4492
f 4491/4491 4515/4515 4516/4516
f 4492/4492 4517/4517 4493/4493
f 4492/4492 4516/4516 4517/4517
f 4493/4493 4518/4518 4494/4494
f 4493/4493 4517/4517 4518/4518
f 4494/4494 4519/4519 4495/4495
f 4494/4494 4518/4518 4519/4519
f 4495/4495 4520/4520 4496/4496
f 4495/4495 4519/4519 4520/4520
f 4496/4496 4521/4521 4497/4497
f 4496/4496 4520/4520 4521/4521
f 4497/4497 4522/4522 4498/4498
f 4497/4497 4521/4521 4522/4522
f 4498/4498 4523/4523 4499/4499
f 4498/4498 4522/4522 4523/4523
f 4499/4499 4524/4524 4500/4500
f 4499/4499 4523/4523 4524/4524
f 4500/4500 4525/4525 4501/4501
f 4500/4500 4524/4524 4525/4525
f 4501/4501 4526/4526 4502/4502
f 4501/4501 4525/4525 4526/4526
f 4502/4502 4527/4527 4503/4503
f 4502/4502 4526/4526 4527/4527
f 4503/4503 4528/4528 4504/4504
f 4503/4503 4527/4527 4528/4528
f 4504/4504 4529/4529 4505/4505
f 4504/4504 4528/4528 4529/4529
f 4505/4505 4530/4530 4506/4506
f 4505/4505 4529/4529 4530/4530
f 4506/4506 4531/4531 4507/4507
f 4506/4506 4530/4530 4531/4531
f 4507/4507 4532/4532 4508/4508
f 4507/4507 4531/4531 4532/4532
f 4508/4508 4533/4533 4509/4509
f 4508/4508 4532/4532 4533/4533
f 4512/4512 4534/4534 4511/4511
f 4512/4512 4535/4535 4534/4534
f 4511/4511 4536/4536 4513/4513
f 4511/4511 4534/4534 4536/4536
f 4513/4513 4537/4537 4514/4514
f 4513/4513 4536/4536 4537/4537
f 4514/4514 4538/4538 4515/4515
f 4514/4514 4537/4537 4538/4538
f 4515/4515 4539/4539 4516/4516
f 4515/4515 4538/4538 4539/4539
f 4516/4516 4540/4540 4517/4517
f 4516/4516 4539/4539 4540/4540
f 4517/4517 4541/4541 4518/4518
f 4517/4517 4540/4540 4541/4541
f 4518/4518 4542/4542 4519/4519
f 4518/4518 4541/4541 4542/4542
f 4519/4519 4543/4543 4520/4520
f 4519/4519 4542/4542 4543/4543
f 4520/4520 4544/4544 4521/4521
f 4520/4520 4543/4543 4544/4544
f 4521/4521 4545/4545 4522/4522
f 4521/4521 4544/4544 4545/4545
f 4522/4522 4546/4546 4523/4523
f 4522/4522 4545/4545 4546/4546
f 4523/4523 4547/4547 4524/4524
f 4523/4523 4546/4546 4547/4547
f 4524/4524 4548/4548 4525/4525
f 4524/4524 4547/4547 4548/4548
f 4525/4525 4549/4549 4526/4526
f 4525/4525 4548/4548 4549/4549
f 4526/4526 4550/4550 4527/4527
f 4526/4526 4549/4549 4550/4550
f 4527/4527 4551/4551 4528/4528
f 4527/4527 4550/4550 4551/4551
f 4528/4528 4552/4552 4529/4529
f 4528/4528 4551/4551 4552/4552
f 4529/4529 4553/4553 4530/4530
f 4529/4529 4552/4552 4553/4553
f 4530/4530 4554/4554 4531/4531
f 4530/4530 4553/4553 4554/4554
f 4531/4531 4555/4555 4532/4532
f 4531/4531 4554/4554 4555/4555
f 4532/4532 4556/4556 4533/4533
f 4532/4532 4555/4555 4556/4556
f 4534/4534 4557/4557 4536/4536
f 4534/4534 4558/4558 4557/4557
f 4536/4536 4559/4559 4537/4537
f 4536/4536 4557/4557 4559/4559
f 4537/4537 4560/4560 4538/4538
f 4537/4537 4559/4559 4560/4560
f 4538/4538 4561/4561 4539/4539
f 4538/4538 4560/4560 4561/4561
f 4539/4539 4562/4562 4540/4540
f 4539/4539 4561/4561 4562/4562
f 4540/4540 4563/4563 4541/4541
f 4540/4540 4562/4562 4563/4563
f 4541/4541 4564/4564 4542/4542
f 4541/4541 4563/4563 4564/4564
f 4542/4542 4565/4565 4543/4543
f 4542/4542 4564/4564 4565/4565
f 4543/4543 4566/4566 4544/4544
f 4543/4543 4565/4565 4566/4566
f 4544/4544 4567/4567 4545/4545
f 4544/4544 4566/4566 4567/4567
f 4545/4545 4568/4568 4546/4546
f 4545/4545 4567/4567 4568/4568
f 4546/4546 4569/4569 4547/4547
f 4546/4546 4568/4568 4569/4569
f 4547/4547 4570/4570 4548/4548
f 4547/4547 4569/4569 4570/4570
f 4548/4548 4571/4571 4549/4549
f 4548/4548 4570/4570 4571/4571
f 4549/4549 4572/4572 4550/4550
f 4549/4549 4571/4571 4572/4572
f 4550/4550 4573/4573 4551/4551
f 4550/4550 4572/4572 4573/4573
f 4551/4551 4574/4574 4552/4552
f 4551/4551 4573/4573 4574/4574
f 4552/4552 4575/4575 4553/4553
f 4552/4552 4574/4574 4575/4575
f 4553/4553 4576/4576 4554/4554
f 4553/4553 4575/4575 4576/4576
f 4554/4554 4577/4577 4555/4555
f 4554/4554 4576/4576 4577/4577
f 4558/4558 4578/4578 4557/4557
f 4558/4558 4579/4579 4578/4578
f 4557/4557 4580/4580 4559/4559
f 4557/4557 4578/4578 4580/4580
f 4559/4559 4581/4581 4560/4560
f 4559/4559 4580/4580 4581/4581
f 4560/4560 4582/4582 4561/4561
f 4560/4560 4581/4581 4582/4582
f 4561/4561 4583/4583 4562/4562
f 4561/4561 4582/4582 4583/4583
f 4562/4562 4584/4584 4563/4563
f 4562/4562 4583/4583 4584/4584
f 4563/4563 4585/4585 4564/4564
f 4563/4563 4584/4584 4585/4585
f 4564/4564 4586/4586 4565/4565
f 4564/4564 4585/4585 4586/4586
f 4565/4565 4587/4587 4566/4566
f 4565/4565 4586/4586 4587/4587
f 4566/4566 4588/4588 4567/4567
f 4566/4566 4587/4587 4588/4588
f 4567/4567 4589/4589 4568/4568
f 4567/4567 4588/4588 4589/4589
f 4568/4568 4590/4590 4569/4569
f 4568/4568 4589/4589 4590/4590
f 4569/4569 4591/4591 4570/4570
f 4569/4569 4590/4590 4591/4591
f 4570/4570 4592/4592 4571/4571
f 4570/4570 4591/4591 4592/4592
f 4571/4571 4593/4593 4572/4572
f 4571/4571 4592/4592 4593/4593
f 4572/4572 4594/4594 4573/4573
f 4572/4572 4593/4593 4594/4594
f 4573/4573 4595/4595 4574/4574
f 4573/4573 4594/4594 4595/4595
f 4574/4574 4596/4596 4575/4575
f 4574/4574 4595/4595 4596/4596
f 4575/4575 4597/4597 4576/4576
f 4575/4575 4596/4596 4597/4597
f 4576/4576 4598/4598 4577/4577
f 4576/4576 4597/4597 4598/4598
f 4578/4578 4599/4599 4580/4580
f 4578/4578 4600/4600 4599/4599
f 4580/4580 4601/4601 4581/4581
f 4580/4580 4599/4599 4601/4601
f 4581/4581 4602/4602 4582/4582
f 4581/4581 4601/4601 4602/4602
f 4582/4582 4603/4603 4583/4583
f 4582/4582 4602/4602 4603/4603
f 4583/4583 4604/4604 4584/4584
f 4583/4583 4603/4603 4604/4604
f 4584/4584 4605/4605 4585/4585
f 4584/4584 4604/4604 4605/4605
f 4585/4585 4606/4606 4586/4586
f 4585/4585 4605/4605 4606/4606
f 4586/4586 4607/4607 4587/4587
f 4586/4586 4606/4606 4607/4607
f 4587/4587 4608/4608 4588/4588
f 4587/4587 4607/4607 4608/4608
f 4588/4588 4609/4609 4589/4589
f 4588/4588 4608/4608 4609/4609
f 4589/4589 4610/4610 4590/4590
f 4589/4589 4609/4609 4610/4610
f 4590/4590 4611/4611 4591/4591
f 4590/4590 4610/4610 4611/4611
f 4591/4591 4612/4612 4592/4592
f 4591/4591 4611/4611 4612/4612
f 4592/4592 4613/4613 4593/4593
f 4592/4592 4612/4612 4613/4613
f 4593/4593 4614/4614 4594/4594
f 4593/4593 4613/4613 4614/4614
f 4594/4594 4615/4615 4595/4595
f 4594/4594 4614/4614 4615/4615
f 4595/4595 4616/4616 4596/4596
f 4595/4595 4615/4615 4616/4616
f 4596/4596 4617/4617 4597/4597
f 4596/4596 4616/4616 4617/4617
f 4599/4599 4618/4618 4601/4601
f 4599/4599 4619/4619 4618/4618
f 4601/4601 4620/4620 4602/4602
f 4601/4601 4618/4618 4620/4620
f 4602/4602 4621/4621 4603/4603
f 4602/4602 4620/4620 4621/4621
f 4603/4603 4622/4622 4604/4604
f 4603/4603 4621/4621 4622/4622
f 4604/4604 4623/4623 4605/4605
f 4604/4604 4622/4622 4623/4623
f 4605/4605 4624/4624 4606/4606
f 4605/4605 4623/4623 4624/4624
f 4606/4606 4625/4625 4607/4607
f 4606/4606 4624/4624 4625/4625
f 4607/4607 4626/4626 4608/4608
f 4607/4607 4625/4625 4626/4626
f 4608/4608 4627/4627 4609/4609
f 4608/4608 4626/4626 4627/4627
f 4609/4609 4628/4628 4610/4610
f 4609/4609 4627/4627 4628/4628
f 4610/4610 4629/4629 4611/4611
f 4610/4610 4628/4628 4629/4629
f 4611/4611 4630/4630 4612/4612
f 4611/4611 4629/4629 4630/4630
f 4612/4612 4631/4631 4613/4613
f 4612/4612 4630/4630 4631/4631
f 4613/4613 4632/4632 4614/4614
f 4613/4613 4631/4631 4632/4632
f 4614/4614 4633/4633 4615/4615
f 4614/4614 4632/4632 4633/4633
f 4615/4615 4634/4634 4616/4616
f 4615/4615 4633/4633 4634/4634
f 4620/4620 4635/4635 4621/4621
f 4620/4620 4636/4636 4635/4635
f 4621/4621 4637/4637 4622/4622
f 4621/4621 4635/4635 4637/4637
f 4622/4622 4638/4638 4623/4623
f 4622/4622 4637/4637 4638/4638
f 4623/4623 4639/4639 4624/4624
f 4623/4623 4638/4638 4639/4639
f 4624/4624 4640/4640 4625/4625
f 4624/4624 4639/4639 4640/4640
f 4625/4625 4641/4641 4626/4626
f 4625/4625 4640/4640 4641/4641
f 4626/4626 4642/4642 4627/4627
f 4626/4626 4641/4641 4642/4642
f 4627/4627 4643/4643 4628/4628
f 4627/4627 4642/4642 4643/4643
f 4628/4628 4644/4644 4629/4629
f 4628/4628 4643/4643 4644/4644
f 4629/4629 4645/4645 4630/4630
f 4629/4629 4644/4644 4645/4645
f 4630/4630 4646/4646 4631/4631
f 4630/4630 4645/4645 4646/4646
f 4631/4631 4647/4647 4632/4632
f 4631/4631 4646/4646 4647/4647
f 4637/4637 4648/4648 4638/4638
f 4637/4637 4649/4649 4648/4648
f 4638/4638 4650/4650 4639/4639
f 4638/4638 4648/4648 4650/4650
f 4639/4639 4651/4651 4640/4640
f 4639/4639 4650/4650 4651/4651
f 4640/4640 4652/4652 4641/4641
f 4640/4640 4651/4651 4652/4652
f 4641/4641 4653/4653 4642/4642
f 4641/4641 4652/4652 4653/4653
f 4642/4642 4654/4654 4643/4643
f 4642/4642 4653/4653 4654/4654
f 4643/4643 4655/4655 4644/4644
f 4643/4643 4654/4654 4655/4655
f 4644/4644 4656/4656 4645/4645
f 4644/4644 4655/4655 4656/4656
